date,bar1_open,bar1_high,bar1_low,bar1_close,bar1_volume,last_available_bar_time,exit_time,is_full_day,avg_volume_14d,relative_volume,atr_14d
2009-02-02,105.5,107.0,105.25,105.25,94163,17:25,17:15,True,,,
2009-02-03,103.25,103.75,103.0,103.5,80149,17:20,17:20,True,,,
2009-02-04,107.0,107.0,106.25,106.25,60112,17:20,17:20,True,,,
2009-02-05,108.5,109.25,108.5,109.0,103611,17:20,17:20,True,,,
2009-02-06,111.0,111.25,110.75,111.25,45599,17:20,17:20,True,,,
2009-02-09,113.5,113.5,113.0,113.25,99788,17:20,17:20,True,,,
2009-02-10,115.0,115.75,114.5,115.75,92612,17:20,17:20,True,,,
2009-02-11,111.25,111.75,111.0,111.75,73819,17:20,17:20,True,,,
2009-02-12,114.5,115.75,114.25,115.75,321877,17:20,17:20,True,,,
2009-02-13,112.75,112.75,111.5,112.5,78708,17:20,17:20,True,,,
2009-02-16,114.0,114.0,113.5,113.5,14853,17:20,17:20,True,,,
2009-02-17,113.0,113.25,112.25,112.75,140918,17:25,17:15,True,,,
2009-02-19,107.75,107.75,107.0,107.25,103489,17:25,17:15,True,,,
2009-02-20,104.5,104.5,103.75,104.0,156543,17:25,17:15,True,,,
2009-02-23,104.0,104.5,103.75,104.25,117345,17:20,17:20,True,104731.5,1.1204365448790479,5.214285714285714
2009-02-24,99.25,99.25,98.75,98.75,97255,17:20,17:20,True,106387.35714285714,0.9141593758119755,5.089285714285714
2009-02-25,104.25,104.25,103.5,104.0,62489,17:20,17:20,True,107609.21428571429,0.5807030598149786,5.107142857142857
2009-02-26,104.0,104.75,104.0,104.5,121364,17:20,17:20,True,107779.0,1.1260449623767153,5.053571428571429
2009-02-27,108.0,108.25,107.25,107.5,146721,17:20,17:20,True,109047.07142857143,1.3454831760072157,5.214285714285714
2009-03-02,107.25,108.0,107.25,107.5,124646,17:20,17:20,True,116270.07142857143,1.0720385604697438,5.125
2009-03-03,104.0,104.25,103.25,103.25,127184,17:20,17:20,True,118045.64285714286,1.0774137606579537,5.303571428571429
2009-03-04,104.25,106.0,104.25,105.75,119059,17:20,17:20,True,120515.07142857143,0.9879179308337842,5.267857142857143
2009-03-05,109.0,109.25,108.75,109.25,135141,17:20,17:20,True,123746.5,1.0920793719418327,5.357142857142857
2009-03-06,108.0,108.25,107.25,107.5,90804,17:20,17:20,True,110408.21428571429,0.822438806636411,5.071428571428571
2009-03-10,106.5,107.5,106.5,107.5,62569,17:25,17:15,True,111272.21428571429,0.5623056969041815,5.035714285714286
2009-03-11,112.75,113.0,112.25,113.0,69135,17:25,17:15,True,114680.5,0.6028487842309721,5.5
2009-03-12,115.0,115.0,114.5,114.75,100963,17:20,17:20,True,109553.14285714286,0.9215892613108837,5.482142857142857
2009-03-13,115.0,115.5,114.5,115.5,300951,17:20,17:20,True,109372.71428571429,2.7516095030230834,5.482142857142857
2009-03-16,115.0,115.25,114.75,115.0,70286,17:25,17:15,True,119687.57142857143,0.5872456025389914,5.339285714285714
2009-03-17,116.0,116.0,115.25,115.75,115859,17:20,17:20,True,116326.21428571429,0.9959835855693994,5.107142857142857
2009-03-18,116.75,117.0,116.5,116.75,59811,17:20,17:20,True,117655.07142857143,0.5083588771293326,4.928571428571429
2009-03-19,112.25,112.75,112.25,112.75,56573,17:25,17:15,True,117463.78571428571,0.48162077917023666,5.089285714285714
2009-03-20,108.0,109.0,107.75,109.0,176270,17:20,17:20,True,112835.85714285714,1.562180715096898,4.892857142857143
2009-03-23,114.5,115.0,114.25,114.75,45157,17:25,17:15,True,114946.5,0.3928523269521038,5.142857142857143
2009-03-24,116.0,116.25,115.5,115.75,87741,17:20,17:20,True,109268.71428571429,0.8029837321099622,4.839285714285714
2009-03-25,113.5,113.75,113.5,113.75,32006,17:20,17:20,True,106451.35714285714,0.30066314661491933,4.785714285714286
2009-03-26,114.75,114.75,114.0,114.25,43050,17:20,17:20,True,100233.28571428571,0.4294980424238883,4.714285714285714
2009-03-27,115.75,115.75,114.75,114.75,48210,17:20,17:20,True,93655.35714285714,0.5147596621351078,4.553571428571429
2009-03-30,113.75,114.0,112.25,112.5,323244,17:20,17:20,True,90612.92857142857,3.5673055169516177,4.5
2009-03-31,111.0,111.5,110.75,111.0,75545,17:25,17:15,True,109232.57142857143,0.6915977442625695,4.232142857142857
2009-04-01,114.0,115.0,114.0,114.5,99043,17:20,17:20,True,109690.42857142857,0.902932017769489,4.125
2009-04-02,117.0,117.25,115.75,116.0,284565,17:20,17:20,True,109553.28571428571,2.5975031067725687,4.017857142857143
2009-04-03,120.0,120.75,119.25,119.25,145889,17:20,17:20,True,108382.85714285714,1.3460523540886804,4.196428571428571
2009-04-06,121.25,121.25,119.5,120.0,170352,17:25,17:15,True,113783.07142857143,1.4971647175734777,4.357142857142857
2009-04-07,120.25,120.5,119.5,119.5,152910,17:25,17:15,True,117675.42857142857,1.2994216537497816,4.482142857142857
2009-04-08,115.0,115.5,114.75,114.75,167946,17:20,17:20,True,124325.35714285714,1.3508587778036316,4.339285714285714
2009-04-14,122.5,122.75,121.5,121.75,473545,17:25,17:15,True,132280.57142857142,3.5798529964447865,4.392857142857143
2009-04-15,122.25,122.25,121.5,121.75,51233,17:20,17:20,True,153514.5,0.3337339469561507,4.464285714285714
2009-04-16,124.5,124.75,124.25,124.5,73134,17:20,17:20,True,153948.5,0.4750549696814194,4.5
2009-04-17,125.5,125.5,125.0,125.25,59800,17:20,17:20,True,152905.14285714287,0.39109214302798373,4.410714285714286
2009-04-20,129.0,129.5,128.5,128.5,108252,17:20,17:20,True,154890.42857142858,0.6988940569047427,4.410714285714286
2009-04-21,124.5,125.25,124.5,125.25,58412,17:20,17:20,True,159547.7142857143,0.3661099142755324,4.642857142857143
2009-04-22,124.0,124.75,123.5,124.5,36717,17:20,17:20,True,160276.42857142858,0.22908546395290277,4.857142857142857
2009-04-23,125.25,125.25,123.0,123.25,536551,17:25,17:15,True,139810.2142857143,3.8377095889683104,5.053571428571429
2009-04-24,122.25,122.25,121.25,121.75,131842,17:20,17:20,True,172739.2142857143,0.7632430224090898,5.428571428571429
2009-04-27,119.5,119.5,118.75,119.25,193721,17:25,17:15,True,175082.0,1.1064586879290847,5.446428571428571
2009-04-28,118.0,118.0,116.5,116.75,112122,17:25,17:15,True,168593.14285714287,0.6650448416814104,5.357142857142857
2009-04-29,115.0,115.0,114.5,114.75,74671,17:25,17:15,True,166181.2142857143,0.4493347838439707,5.482142857142857
2009-05-04,116.75,117.5,116.75,117.0,86480,17:20,17:20,True,159346.85714285713,0.5427154419648781,5.303571428571429
2009-05-05,124.25,124.75,124.0,124.75,264182,17:25,17:15,True,154601.85714285713,1.7087893048780602,5.589285714285714
2009-05-06,125.0,125.5,124.75,125.25,125738,17:25,17:15,True,161475.85714285713,0.7786798734176096,5.553571428571429
2009-05-07,128.25,128.25,128.0,128.25,58913,17:20,17:20,True,136632.5,0.4311785263389018,5.285714285714286
2009-05-08,126.0,126.75,125.75,126.5,78351,17:20,17:20,True,137181.07142857142,0.5711502263692149,5.5
2009-05-11,126.0,126.0,125.25,125.25,47676,17:20,17:20,True,137553.7142857143,0.3465991467229425,5.589285714285714
2009-05-12,124.75,124.75,123.75,124.25,49986,17:20,17:20,True,136687.7142857143,0.3656948999492064,5.410714285714286
2009-05-13,121.5,121.75,120.0,120.25,241878,17:20,17:20,True,132525.85714285713,1.8251381671070122,5.285714285714286
2009-05-14,115.25,115.5,115.0,115.0,100065,17:20,17:20,True,145630.57142857142,0.687115342736121,5.303571428571429
2009-05-15,118.75,118.75,118.0,118.25,69270,17:20,17:20,True,150155.42857142858,0.46132198255521895,5.178571428571429
2009-05-18,118.0,118.0,117.0,117.0,161800,17:20,17:20,True,116778.21428571429,1.385532404221678,4.696428571428571
2009-05-19,120.0,121.0,119.75,120.75,207739,17:20,17:20,True,118918.07142857143,1.7469085859232016,4.75
2009-05-22,120.25,120.25,119.0,119.25,247554,17:20,17:20,True,119919.35714285714,2.064337283805605,4.607142857142857
2009-05-25,120.5,121.0,120.5,120.75,14753,17:20,17:20,True,129593.07142857143,0.11384096261760025,4.410714285714286
2009-05-26,119.5,120.0,119.25,120.0,53530,17:20,17:20,True,125313.21428571429,0.4271696349432992,4.357142857142857
2009-05-27,122.25,122.75,122.25,122.5,45231,17:20,17:20,True,122959.64285714286,0.3678524022109461,3.9642857142857144
2009-05-28,123.25,123.5,122.75,123.0,68604,17:20,17:20,True,107320.28571428571,0.6392454096016996,3.9285714285714284
2009-05-29,124.75,125.0,124.75,124.75,69536,17:20,17:20,True,103239.28571428571,0.673542048638738,3.857142857142857
2009-06-01,125.25,125.5,125.0,125.25,78935,17:20,17:20,True,103998.07142857143,0.7590044595607198,3.6785714285714284
2009-06-02,127.5,127.5,126.5,126.75,320483,17:20,17:20,True,104039.78571428571,3.0803888896898646,3.7857142857142856
2009-06-03,129.5,129.5,128.75,128.75,38885,17:20,17:20,True,123526.0,0.31479202758933345,3.8035714285714284
2009-06-04,128.5,128.75,128.5,128.5,103607,17:20,17:20,True,122733.07142857143,0.844165299491405,3.732142857142857
2009-06-05,128.0,128.75,128.0,128.5,46391,17:20,17:20,True,112856.57142857143,0.4110615749953164,3.5357142857142856
2009-06-08,127.75,127.75,127.5,127.75,31577,17:20,17:20,True,109022.71428571429,0.28963689087070976,3.375
2009-06-09,125.0,125.75,124.25,125.5,112931,17:20,17:20,True,106330.35714285714,1.0620767486774707,3.5357142857142856
2009-06-10,126.5,127.0,126.5,126.5,49482,17:20,17:20,True,102839.71428571429,0.48115652930079816,3.3035714285714284
2009-06-11,126.75,127.25,126.75,127.25,48516,17:20,17:20,True,91535.64285714286,0.5300230433266042,3.3035714285714284
2009-06-12,128.25,128.5,128.0,128.25,106342,17:20,17:20,True,77318.64285714286,1.3753733390856577,3.357142857142857
2009-06-15,127.25,127.25,126.75,126.75,22854,17:20,17:20,True,83860.71428571429,0.27252331672415997,3.4642857142857144
2009-06-16,125.75,125.75,125.25,125.25,11401,17:20,17:20,True,81669.57142857143,0.13959911629965346,3.375
2009-06-17,124.0,124.0,122.75,123.0,141177,17:20,17:20,True,79253.14285714286,1.7813426056109538,3.3214285714285716
2009-06-18,122.25,122.25,122.25,122.25,35871,17:20,17:20,True,84436.92857142857,0.42482596900306824,3.4464285714285716
2009-06-22,124.5,125.25,124.5,125.0,41057,17:20,17:20,True,82032.28571428571,0.5004980617387579,3.375
2009-06-23,119.25,119.5,119.25,119.5,82021,17:20,17:20,True,79326.71428571429,1.0339644183998544,3.392857142857143
2009-06-24,120.0,120.0,119.5,119.5,33793,17:20,17:20,True,62293.71428571428,0.5424784890014127,3.357142857142857
2009-06-25,121.75,121.75,121.0,121.5,31320,17:20,17:20,True,61930.0,0.5057322783788147,3.4285714285714284
2009-06-26,123.0,123.0,122.75,122.75,41092,17:20,17:20,True,56766.642857142855,0.7238758174128922,3.4642857142857144
2009-06-29,119.5,119.5,119.25,119.25,23186,17:20,17:20,True,56388.142857142855,0.41118573560297633,3.5892857142857144
2009-06-30,123.75,124.25,123.75,124.25,60158,17:20,17:20,True,55788.78571428572,1.0783170708911032,3.5714285714285716
2009-07-01,122.5,122.75,122.25,122.5,59519,17:20,17:20,True,52019.28571428572,1.1441718044131983,3.6785714285714284
2009-07-02,122.5,122.75,122.25,122.5,29104,17:20,17:20,True,52736.21428571428,0.5518788254750395,3.642857142857143
2009-07-03,121.25,121.75,121.25,121.5,9524,17:20,17:20,True,51349.642857142855,0.18547353925121193,3.5892857142857144
2009-07-06,119.25,119.5,119.0,119.5,25505,17:20,17:20,True,44434.07142857143,0.5739964666753473,3.5
2009-07-07,119.25,119.25,118.5,118.75,6818,17:20,17:20,True,44623.42857142857,0.15278969407486137,3.5
2009-07-08,118.0,118.25,117.75,118.0,36133,17:20,17:20,True,44296.07142857143,0.8157156793975603,3.482142857142857
2009-07-09,119.0,119.0,118.5,119.0,82335,17:20,17:20,True,36792.92857142857,2.237794141343154,3.3214285714285716
2009-07-10,118.25,118.75,118.0,118.0,61365,17:20,17:20,True,40111.78571428572,1.529849616696197,3.4464285714285716
2009-07-13,118.0,118.0,117.5,117.5,55526,17:20,17:20,True,41562.357142857145,1.3359685017177287,3.232142857142857
2009-07-14,121.25,121.25,120.5,121.0,22094,17:20,17:20,True,39669.857142857145,0.556946800197343,3.375
2009-07-15,123.0,123.75,122.5,123.75,93271,17:20,17:20,True,38834.21428571428,2.401773840814157,3.1964285714285716
2009-07-16,126.0,126.25,125.75,125.75,19632,17:20,17:20,True,43259.28571428572,0.45382164027541566,3.232142857142857
2009-07-17,127.0,127.75,127.0,127.75,28645,17:20,17:20,True,41726.42857142857,0.6864953694986048,3.0535714285714284
2009-07-21,129.0,129.0,128.75,128.75,35031,17:20,17:20,True,42116.357142857145,0.8317670942236558,2.8214285714285716
2009-07-22,129.5,129.5,127.25,127.75,103704,17:20,17:20,True,40321.57142857143,2.57192357157282,2.8214285714285716
2009-07-23,130.25,131.75,130.25,131.5,455846,17:20,17:20,True,43477.642857142855,10.484607031199944,3.0
2009-07-24,131.75,131.75,131.0,131.0,99597,17:20,17:20,True,73959.21428571429,1.3466476214206864,3.107142857142857
2009-07-27,132.0,132.0,131.5,131.75,75011,17:20,17:20,True,80393.0,0.9330538728496263,3.25
2009-07-28,130.0,130.0,129.5,129.75,31763,17:20,17:20,True,83929.14285714286,0.37845018927530705,3.392857142857143
2009-07-29,130.0,130.5,129.5,130.0,56123,17:20,17:20,True,85710.92857142857,0.654793979430861,3.4285714285714284
2009-07-30,131.5,132.0,131.25,131.5,94516,17:20,17:20,True,87138.78571428571,1.0846605128272386,3.482142857142857
2009-07-31,132.25,132.75,132.0,132.5,44907,17:20,17:20,True,88008.85714285714,0.510255461300973,3.4464285714285716
2009-08-03,131.75,131.75,130.75,131.25,43958,17:20,17:20,True,86833.28571428571,0.5062344426840926,3.5357142857142856
2009-08-04,134.0,134.0,133.5,133.75,42932,17:20,17:20,True,86007.0,0.4991686723173695,3.5
2009-08-05,132.75,134.0,132.25,134.0,150127,17:20,17:20,True,87495.42857142857,1.7158267860524958,3.5714285714285716
2009-08-06,132.0,132.0,131.5,131.75,24986,17:20,17:20,True,91556.57142857143,0.272902311763531,3.517857142857143
2009-08-07,130.75,130.75,130.0,130.25,65099,17:20,17:20,True,91939.0,0.7080673054960354,3.4642857142857144
2009-08-10,131.25,131.25,130.75,130.75,72680,17:20,17:20,True,94542.85714285714,0.7687518887881535,3.5714285714285716
2009-08-11,132.5,133.0,132.5,132.75,35392,17:20,17:20,True,97232.07142857143,0.3639951250652893,3.517857142857143
2009-08-12,131.5,132.0,131.5,131.75,19316,17:20,17:20,True,92352.64285714286,0.20915481574121556,3.3392857142857144
2009-08-13,131.75,131.75,131.5,131.75,26658,17:20,17:20,True,61171.92857142857,0.43578812410454376,3.107142857142857
2009-08-14,134.0,134.0,133.5,134.0,25489,17:20,17:20,True,55962.0,0.45546978306708125,3.0
2009-08-17,131.0,131.0,130.5,131.0,54161,17:20,17:20,True,52424.71428571428,1.0331196028045662,2.9642857142857144
2009-08-18,129.5,130.0,129.5,129.75,46232,17:20,17:20,True,54024.57142857143,0.8557587552753774,2.9464285714285716
2009-08-19,129.25,129.25,128.75,128.75,51743,17:20,17:20,True,53318.07142857143,0.9704589572283855,2.8214285714285716
2009-08-20,131.0,131.25,130.75,131.25,45494,17:20,17:20,True,50262.857142857145,0.9051216462028194,2.75
2009-08-21,131.5,131.5,131.25,131.5,31175,17:20,17:20,True,50304.78571428572,0.6197223496202434,2.625
2009-08-24,134.25,134.5,134.0,134.25,46729,17:20,17:20,True,49391.71428571428,0.9460898589121368,2.5357142857142856
2009-08-25,136.75,136.75,136.0,136.0,75357,17:20,17:20,True,49662.92857142857,1.5173692363231557,2.6607142857142856
2009-08-26,138.25,138.5,138.0,138.25,57478,17:20,17:20,True,44322.21428571428,1.2968214906746216,2.642857142857143
2009-08-27,136.5,136.75,136.0,136.5,37874,17:20,17:20,True,46643.07142857143,0.8119962695424064,2.7142857142857144
2009-08-28,137.5,137.5,136.75,136.75,32697,17:20,17:20,True,44698.42857142857,0.731502226029039,2.6607142857142856
2009-08-31,138.0,138.0,137.5,137.5,50071,17:20,17:20,True,41842.5,1.1966541196152238,2.7142857142857144
2009-09-01,137.25,137.75,137.25,137.75,89161,17:20,17:20,True,42891.0,2.0787810962672824,2.767857142857143
2009-09-02,134.0,134.75,134.0,134.25,72940,17:20,17:20,True,47879.92857142857,1.523394085502574,2.9464285714285716
2009-09-03,133.75,134.25,133.75,134.25,33312,17:20,17:20,True,51185.78571428572,0.650805678473795,2.9464285714285716
2009-09-04,136.0,136.5,135.75,136.5,30533,17:20,17:20,True,51744.57142857143,0.5900715603017018,2.892857142857143
2009-09-07,136.25,136.5,136.0,136.25,106617,17:20,17:20,True,50056.857142857145,2.1299179789838982,2.8214285714285716
2009-09-08,136.0,136.25,136.0,136.0,30922,17:20,17:20,True,54370.07142857143,0.5687320098636198,2.8392857142857144
2009-09-09,137.0,137.5,137.0,137.5,59546,17:20,17:20,True,52882.857142857145,1.1259981630558107,2.8214285714285716
2009-09-10,142.5,143.25,142.5,143.25,103439,17:20,17:20,True,53886.57142857143,1.9195691478926635,3.107142857142857
2009-09-11,146.5,146.5,146.25,146.5,61261,17:20,17:20,True,59048.28571428572,1.0374729640149223,3.232142857142857
2009-09-14,142.75,142.75,142.25,142.25,108649,17:20,17:20,True,60086.28571428572,1.8082162794457493,3.1964285714285716
2009-09-15,143.5,143.5,143.0,143.0,86806,17:20,17:20,True,62464.28571428572,1.3896901086335047,3.125
2009-09-16,143.0,143.5,143.0,143.5,65344,17:20,17:20,True,64559.142857142855,1.0121571803484735,3.0535714285714284
2009-09-17,144.25,144.25,143.75,143.75,66274,17:20,17:20,True,66521.28571428571,0.9962826077152533,3.0357142857142856
2009-09-18,141.75,141.75,141.25,141.5,107309,17:20,17:20,True,68919.64285714286,1.557016193807488,3.107142857142857
2009-09-21,140.5,140.5,140.25,140.25,17372,17:20,17:20,True,73008.07142857143,0.237946293609415,3.0535714285714284
2009-09-22,141.25,141.25,141.0,141.0,19864,17:20,17:20,True,67880.28571428571,0.2926328283827411,2.857142857142857
2009-09-23,142.5,142.5,142.0,142.25,44947,17:20,17:20,True,64089.142857142855,0.7013200363779022,2.8214285714285716
2009-09-24,142.75,142.75,142.25,142.25,68040,17:20,17:20,True,64920.21428571428,1.04805569033638,2.732142857142857
2009-09-25,141.5,141.5,141.25,141.25,31139,17:20,17:20,True,67599.28571428571,0.46064096197128035,2.767857142857143
2009-09-28,140.0,140.75,140.0,140.5,102475,17:20,17:20,True,62208.0,1.6472961676954732,2.857142857142857
2009-09-29,141.5,141.5,140.75,141.0,106071,17:20,17:20,True,67318.92857142857,1.5756489630914676,3.0535714285714284
2009-09-30,141.5,141.5,141.25,141.5,32378,17:20,17:20,True,70642.14285714286,0.4583383047351338,2.8035714285714284
2009-10-01,139.5,139.5,138.75,138.75,37062,17:20,17:20,True,65566.35714285714,0.565259404594473,2.732142857142857
2009-10-02,136.5,137.5,136.5,137.25,58543,17:20,17:20,True,63837.857142857145,0.9170577243686572,2.6607142857142856
2009-10-05,136.0,136.25,135.75,136.0,68633,17:20,17:20,True,60258.857142857145,1.1389694935184393,2.732142857142857
2009-10-06,138.0,138.75,138.0,138.5,33557,17:20,17:20,True,58960.78571428572,0.5691409908038151,2.8392857142857144
2009-10-07,140.25,140.25,139.5,139.5,59538,17:20,17:20,True,56690.28571428572,1.0502328441254738,2.875
2009-10-08,141.75,143.0,141.75,142.25,395232,17:20,17:20,True,56209.142857142855,7.0314539576683,2.75
2009-10-09,143.75,144.0,143.75,144.0,48850,17:20,17:20,True,76775.07142857143,0.6362742370803023,2.982142857142857
2009-10-12,146.25,147.0,146.25,147.0,137246,17:20,17:20,True,79023.5,1.7367745037868483,3.0357142857142856
2009-10-13,147.5,147.75,147.25,147.5,76430,17:20,17:20,True,87407.92857142857,0.8744058033310154,3.142857142857143
2009-10-14,147.5,148.0,147.25,147.75,83090,17:20,17:20,True,89656.71428571429,0.9267571387371195,3.232142857142857
2009-10-15,151.0,151.5,151.0,151.5,56466,17:20,17:20,True,90731.71428571429,0.6223402747818529,3.482142857142857
2009-10-16,153.0,153.0,152.5,153.0,51526,17:20,17:20,True,92540.78571428571,0.5567923332646377,3.4285714285714284
2009-10-19,150.5,151.0,150.0,151.0,72697,17:20,17:20,True,88901.57142857143,0.8177245782253567,3.4285714285714284
2009-10-20,151.0,151.0,150.5,151.0,70834,17:20,17:20,True,86517.71428571429,0.8187225076945431,3.482142857142857
2009-10-21,149.25,149.5,149.25,149.5,22274,17:20,17:20,True,89264.57142857143,0.24952788820392668,3.4464285714285716
2009-10-22,145.75,145.75,145.25,145.5,39739,17:20,17:20,True,88208.28571428571,0.45051323328874193,3.5714285714285716
2009-10-23,147.0,147.25,146.75,147.0,58280,17:20,17:20,True,86865.14285714286,0.6709250463773073,3.5
2009-10-26,146.0,146.0,145.7,145.9,12546,17:20,17:20,True,86125.64285714286,0.14567090106729455,3.4464285714285716
2009-10-27,142.0,142.7,142.0,142.2,40672,17:20,17:20,True,84624.85714285714,0.4806152869639788,3.557142857142858
2009-10-28,143.7,143.7,142.9,143.1,25055,17:20,17:20,True,83277.28571428571,0.3008623514214989,3.557142857142858
2009-10-29,134.5,134.5,130.0,133.9,241951,17:20,17:20,True,56836.07142857143,4.2569972540074525,3.6214285714285728
2009-11-02,132.5,132.7,132.1,132.6,157671,17:20,17:20,True,70629.0,2.2323832986450327,4.171428571428572
2009-11-03,132.2,132.3,131.8,132.3,205580,17:20,17:20,True,72087.92857142857,2.851795079620028,4.303571428571429
2009-11-04,134.1,134.2,133.5,133.7,59094,17:20,17:20,True,81312.92857142857,0.7267478989898813,4.425000000000002
2009-11-05,134.0,134.1,133.8,134.0,74208,17:20,17:20,True,79598.92857142857,0.9322738550859893,4.2285714285714295
2009-11-06,135.7,135.9,135.5,135.9,65397,17:20,17:20,True,80866.21428571429,0.8087060903944522,4.285714285714287
2009-11-09,136.9,137.4,136.7,137.3,52916,17:20,17:20,True,81857.0,0.6464444091525465,4.150000000000001
2009-11-10,137.0,137.0,136.6,136.7,35977,17:20,17:20,True,80444.07142857143,0.44722997432999145,4.050000000000002
2009-11-11,137.3,137.9,137.3,137.7,122043,17:20,17:20,True,77954.28571428571,1.5655713971558423,3.9500000000000006
2009-11-12,136.4,136.5,135.9,136.4,39255,17:20,17:20,True,85080.64285714286,0.4613857944857358,3.857142857142857
2009-11-13,134.5,134.5,134.0,134.2,12059,17:20,17:20,True,85046.07142857143,0.14179373364856862,3.8214285714285716
2009-11-16,134.8,134.8,134.6,134.7,109486,17:20,17:20,True,81744.57142857143,1.3393672275310549,3.7571428571428567
2009-11-17,133.9,133.9,133.4,133.4,40427,17:20,17:20,True,88668.85714285714,0.45593234538781535,3.6642857142857133
2009-11-18,132.0,132.6,131.9,132.3,49261,17:20,17:20,True,88651.35714285714,0.5556711322604843,3.7071428571428555
2009-11-19,131.5,131.5,131.2,131.4,36898,17:20,17:20,True,90380.35714285714,0.40825242526623595,3.385714285714284
2009-11-20,128.7,128.9,128.6,128.7,47284,17:20,17:20,True,75733.71428571429,0.6243454509786168,2.9857142857142844
2009-11-23,130.5,131.2,130.5,131.0,93817,17:20,17:20,True,67848.92857142857,1.382733699342552,2.77142857142857
2009-11-24,131.5,131.8,131.2,131.6,95440,17:20,17:20,True,59865.857142857145,1.5942309114902127,2.6642857142857133
2009-11-25,132.6,132.9,132.6,132.7,138248,17:20,17:20,True,62462.0,2.2133136947263936,2.5928571428571416
2009-11-26,131.2,131.5,131.2,131.3,99285,17:20,17:20,True,67036.28571428571,1.4810635604597937,2.464285714285712
2009-11-27,127.3,127.5,127.0,127.3,146181,17:20,17:20,True,69456.85714285714,2.1046302123826095,2.499999999999998
2009-11-30,129.9,130.3,129.9,130.2,61635,17:20,17:20,True,76118.64285714286,0.8097227917696153,2.578571428571426
2009-12-01,128.7,129.2,128.7,129.0,138803,17:20,17:20,True,77951.35714285714,1.7806360926548515,2.6785714285714266
2009-12-02,129.6,129.8,129.6,129.6,25496,17:20,17:20,True,79148.5,0.322128656891792,2.6285714285714272
2009-12-03,130.0,130.2,130.0,130.2,41093,17:20,17:20,True,78165.71428571429,0.5257164266393742,2.6000000000000005
2009-12-04,129.9,129.9,129.7,129.7,83532,17:20,17:20,True,80239.57142857143,1.0410324795211483,2.6500000000000017
2009-12-07,129.7,129.8,129.5,129.7,27724,17:20,17:20,True,78385.71428571429,0.3536868963003463,2.664285714285715
2009-12-08,129.4,129.8,129.3,129.6,56451,17:20,17:20,True,77478.35714285714,0.7286034717529412,2.5642857142857167
2009-12-09,128.7,129.6,128.7,129.4,60716,17:20,17:20,True,77991.92857142857,0.778490814525679,2.642857142857146
2009-12-10,127.0,127.5,126.9,127.5,33543,17:20,17:20,True,79693.21428571429,0.420901582407536,2.585714285714289
2009-12-11,127.3,127.9,127.3,127.8,49748,17:20,17:20,True,78711.71428571429,0.6320279065377816,2.5142857142857173
2009-12-14,129.5,130.0,129.5,129.9,121403,17:20,17:20,True,75563.92857142857,1.6066263665108542,2.4642857142857153
2009-12-15,130.4,130.7,130.4,130.7,60224,17:20,17:20,True,77418.42857142857,0.7779026403827808,2.4785714285714286
2009-12-16,130.6,131.3,130.6,131.2,37679,17:20,17:20,True,71845.28571428571,0.5244463798201294,2.500000000000001
2009-12-17,131.8,131.8,131.0,131.4,58875,17:20,17:20,True,67444.85714285714,0.8729353503602943,2.385714285714287
2009-12-18,133.5,134.0,133.5,134.0,221066,17:20,17:20,True,61208.71428571428,3.6116752749958576,2.364285714285717
2009-12-21,133.0,133.2,133.0,133.0,37533,17:20,17:20,True,72596.64285714286,0.5170073783419737,2.2714285714285753
2009-12-22,134.9,135.4,134.9,135.4,114595,17:20,17:20,True,65363.07142857143,1.7532070861331706,2.2428571428571464
2009-12-23,138.0,138.4,138.0,138.3,47039,17:20,17:20,True,71727.28571428571,0.6558034300555079,2.328571428571429
2009-12-28,138.5,138.7,138.4,138.6,98164,17:20,17:20,True,72152.0,1.3605166869941234,2.249999999999999
2009-12-29,138.4,138.7,138.3,138.3,31779,17:20,17:20,True,73197.14285714286,0.43415629025332764,2.099999999999999
2009-12-30,138.4,138.5,138.2,138.3,22948,17:20,17:20,True,73486.78571428571,0.3122738296000739,2.099999999999999
2010-01-04,138.2,138.5,138.1,138.5,106958,17:20,17:20,True,71093.71428571429,1.5044649315993377,2.0428571428571405
2010-01-07,141.0,142.0,140.8,141.3,390679,17:20,17:20,True,74396.71428571429,5.251293739930911,1.8785714285714263
2010-01-08,143.5,143.8,143.5,143.6,49056,17:20,17:20,True,99906.42857142857,0.49101945391759433,2.1071428571428563
2010-01-11,146.7,146.7,146.4,146.5,84936,17:20,17:20,True,99857.0,0.8505763241435252,2.1285714285714272
2010-01-12,144.5,144.5,144.0,144.2,51272,17:20,17:20,True,97252.21428571429,0.5272065050299993,2.1857142857142855
2010-01-13,141.8,142.1,141.6,141.8,37801,17:20,17:20,True,96612.78571428571,0.39126291329378915,2.27142857142857
2010-01-14,141.9,142.1,141.7,142.0,83669,17:20,17:20,True,96621.5,0.8659459851068344,2.27142857142857
2010-01-15,142.9,143.0,142.8,142.9,39748,17:20,17:20,True,98392.5,0.40397388012297686,2.2071428571428555
2010-01-18,141.8,141.8,141.6,141.6,35761,17:20,17:20,True,85441.21428571429,0.4185450815389361,2.2642857142857116
2010-01-19,139.8,139.8,138.3,138.8,249877,17:20,17:20,True,85314.64285714286,2.928887605125565,2.242857142857141
2010-01-20,139.2,139.2,139.0,139.2,79997,17:20,17:20,True,94977.64285714286,0.8422719030869671,2.364285714285714
2010-01-21,137.1,137.3,137.0,137.3,72229,17:20,17:20,True,97331.78571428571,0.7420905665085183,2.5714285714285734
2010-01-22,134.3,134.5,134.2,134.3,51331,17:20,17:20,True,95479.28571428571,0.5376139925638321,2.7285714285714318
2010-01-25,132.3,133.3,132.3,133.1,181827,17:20,17:20,True,96875.85714285714,1.8769072642306575,2.80714285714286
2010-01-26,133.0,133.8,132.8,133.7,142727,17:20,17:20,True,108224.35714285714,1.3188066325180297,2.8785714285714312
2010-01-27,134.6,134.8,134.2,134.4,30169,17:20,17:20,True,110779.28571428571,0.27233430695527144,3.0142857142857156
2010-01-28,138.1,138.5,137.9,138.0,78374,17:20,17:20,True,85028.57142857143,0.9217372311827956,2.97857142857143
2010-01-29,134.1,134.7,134.1,134.5,29318,17:20,17:20,True,87122.71428571429,0.336513849922687,3.1571428571428606
2010-02-01,133.3,133.6,133.0,133.5,102672,17:20,17:20,True,83150.0,1.2347805171377029,3.192857142857146
2010-02-02,134.6,134.7,134.4,134.6,36778,17:20,17:20,True,86821.42857142857,0.4236051007815714,3.1500000000000035
2010-02-03,136.2,136.2,135.4,135.9,59255,17:20,17:20,True,86748.35714285714,0.6830676908661094,3.228571428571434
2010-02-04,135.8,136.9,135.8,136.1,41005,17:20,17:20,True,85004.5,0.48238622661153235,3.2428571428571495
2010-02-05,132.6,133.0,132.3,132.9,86532,17:20,17:20,True,85094.28571428571,1.0168955444381023,3.2714285714285785
2010-02-08,131.0,131.0,130.0,130.6,61829,17:25,17:20,True,88720.78571428571,0.6968941889120845,3.4000000000000057
2010-02-09,129.7,129.8,129.3,129.7,61170,17:25,17:20,True,75288.78571428571,0.8124715974585478,3.2428571428571495
2010-02-10,131.9,132.0,131.2,131.4,72102,17:25,17:20,True,73944.0,0.9750892567348264,3.1714285714285757
2010-02-11,130.6,130.8,130.3,130.8,90020,17:25,17:20,True,73934.92857142857,1.217557137598796,3.178571428571433
2010-02-12,131.6,131.7,131.4,131.6,38874,17:25,17:20,True,76698.42857142857,0.5068421964316647,3.221428571428573
2010-02-15,130.0,130.3,129.5,130.1,25507,17:25,17:20,True,66487.5,0.3836360218086106,3.2714285714285745
2010-02-16,129.8,130.8,129.8,130.4,52468,17:25,17:20,True,58114.642857142855,0.9028361428457299,3.192857142857146
2010-02-17,131.5,132.1,131.3,131.8,89076,17:25,17:20,True,59707.42857142857,1.4918746650333052,3.05714285714286
2010-02-18,137.2,138.3,136.7,137.8,1653785,17:20,17:20,True,60471.857142857145,27.348010762975928,2.8214285714285734
2010-02-19,141.5,141.9,141.0,141.3,168242,17:25,17:20,True,176505.2142857143,0.9531843049557823,3.257142857142859
2010-02-22,144.0,144.5,143.8,143.8,62127,17:25,17:20,True,181188.7857142857,0.34288545924672886,3.300000000000001
2010-02-23,144.7,145.1,144.5,144.5,81952,17:25,17:20,True,182999.42857142858,0.44782653497747066,3.2357142857142844
2010-02-24,143.0,144.0,143.0,143.6,38686,17:25,17:20,True,184620.64285714287,0.2095431984273543,3.2714285714285682
2010-02-25,143.2,143.2,142.5,142.8,65867,17:20,17:20,True,184455.0,0.3570898051015153,3.2357142857142827
2010-02-26,144.4,144.5,143.6,144.0,105562,17:25,17:20,True,182978.92857142858,0.5769079577859277,3.0928571428571394
2010-03-01,145.0,145.5,145.0,145.0,7660,17:25,17:20,True,186102.7142857143,0.041160065985066614,3.0928571428571394
2010-03-02,147.5,147.8,147.1,147.2,99999,17:25,17:20,True,182280.57142857142,0.5485993335235163,3.1214285714285688
2010-03-03,148.0,148.8,147.3,148.8,91549,17:25,17:20,True,184273.2142857143,0.49681121781516185,3.0214285714285682
2010-03-04,148.2,148.3,147.6,147.7,88427,17:25,17:20,True,184382.42857142858,0.4795847450601506,2.9357142857142833
2010-03-05,149.1,149.4,148.9,149.1,66262,17:25,17:20,True,187921.92857142858,0.3526038738731548,2.7928571428571405
2010-03-08,150.0,150.0,149.8,149.8,105283,17:25,17:20,True,190833.0,0.551702273715762,2.785714285714284
2010-03-09,150.5,150.9,150.4,150.8,62829,17:25,17:20,True,194605.5,0.32285315677100596,2.7642857142857116
2010-03-10,149.9,149.9,149.4,149.6,32272,17:25,17:20,True,192730.7142857143,0.1674460664954433,2.8214285714285694
2010-03-11,149.7,150.1,149.5,149.9,53525,17:25,17:20,True,76908.35714285714,0.6959581765682161,2.2642857142857116
2010-03-12,148.4,148.7,148.0,148.2,72781,17:25,17:20,True,68714.28571428571,1.0591829521829523,2.242857142857141
2010-03-15,149.4,149.9,149.1,149.2,83808,17:25,17:20,True,69475.28571428571,1.2062994651746666,2.2285714285714278
2010-03-16,149.4,149.5,149.0,149.3,33405,17:25,17:20,True,69607.85714285714,0.47990272034150494,2.164285714285715
2010-03-17,151.2,152.4,151.2,152.3,73538,17:25,17:20,True,69230.64285714286,1.062217494523998,2.1499999999999995
2010-03-18,152.0,152.5,152.0,152.2,27146,17:25,17:20,True,69778.57142857143,0.3890306070222131,2.2285714285714278
2010-03-19,154.3,154.9,154.3,154.7,145280,17:25,17:20,True,64177.42857142857,2.263724228812088,2.1642857142857133
2010-03-22,151.0,151.6,150.9,151.5,31187,17:25,17:20,True,74007.42857142857,0.421403642877549,2.199999999999999
2010-03-23,154.0,154.3,153.6,153.9,32481,17:25,17:20,True,69092.28571428571,0.47011036998135003,2.3428571428571416
2010-03-24,156.1,156.4,155.9,156.0,66520,17:25,17:20,True,64873.142857142855,1.0253858079064195,2.385714285714284
2010-03-25,155.1,155.4,155.0,155.4,29543,17:25,17:20,True,63308.357142857145,0.46665245053406396,2.4142857142857133
2010-03-26,156.5,157.1,156.0,157.0,34319,17:25,17:20,True,60685.57142857143,0.5655215760865727,2.528571428571429
2010-03-29,158.0,158.0,157.5,157.7,61601,17:25,17:20,True,55616.71428571428,1.1075986920684173,2.5071428571428567
2010-03-30,156.0,156.5,155.5,155.8,58241,17:25,17:20,True,55529.0,1.048839345207009,2.528571428571427
2010-03-31,157.0,157.2,156.4,157.2,36299,17:25,17:20,True,57383.92857142857,0.6325638711685079,2.5499999999999994
2010-04-06,158.9,159.0,158.0,158.4,123901,17:25,17:20,True,56153.5,2.206469765909516,2.507142857142855
2010-04-07,161.0,161.2,160.5,160.5,36147,17:25,17:20,True,59804.92857142857,0.6044150685144201,2.6142857142857117
2010-04-08,159.0,159.0,158.3,158.8,85568,17:25,17:20,True,56400.57142857143,1.5171477492629255,2.6785714285714244
2010-04-09,158.5,159.0,158.4,158.5,52554,17:25,17:20,True,60126.5,0.8740571960782684,2.7357142857142827
2010-04-12,160.9,161.5,160.7,161.5,85730,17:25,17:20,True,58627.642857142855,1.462279495167443,2.7642857142857116
2010-04-13,160.3,160.3,159.8,160.0,76577,17:25,17:20,True,62812.21428571428,1.219141863900447,2.7928571428571405
2010-04-14,161.0,161.2,160.8,160.9,81961,17:25,17:20,True,57904.857142857145,1.4154425732852411,2.714285714285712
2010-04-15,160.9,160.9,159.9,159.9,34204,17:25,17:20,True,61531.57142857143,0.5558772383979421,2.549999999999997
2010-04-16,160.5,161.0,160.0,160.5,88397,17:25,17:20,True,61654.642857142855,1.433744417347784,2.4571428571428555
2010-04-19,159.5,160.1,159.4,159.6,71162,17:25,17:20,True,63217.28571428572,1.1256731318965654,2.471428571428569
2010-04-20,159.5,160.0,159.5,159.5,56130,17:25,17:20,True,66190.07142857143,0.8480123799318197,2.492857142857141
2010-04-21,160.5,161.0,160.5,161.0,63042,17:25,17:20,True,67748.0,0.9305366948101789,2.5714285714285716
2010-04-22,150.3,151.2,148.6,149.0,961544,17:25,17:20,True,67850.92857142857,14.17141990898114,2.585714285714285
2010-04-23,148.7,149.0,148.1,148.8,150850,17:25,17:20,True,132372.57142857142,1.1395865349748762,3.47857142857143
2010-04-26,151.3,151.7,151.3,151.7,125781,17:25,17:20,True,140554.7857142857,0.8948894864076895,3.5714285714285734
2010-04-27,148.6,148.6,148.0,148.2,249574,17:25,17:20,True,140689.07142857142,1.7739402034983935,3.492857142857145
2010-04-28,143.9,144.3,142.5,143.6,128006,17:25,17:20,True,155933.85714285713,0.8208993373564066,3.63571428571429
2010-04-29,142.0,142.0,141.6,141.7,75736,17:25,17:20,True,158965.14285714287,0.47643149082098857,3.7428571428571473
2010-05-03,140.1,140.4,139.5,140.0,144718,17:25,17:20,True,160621.0,0.9009905305034833,3.7214285714285773
2010-05-04,142.2,142.8,142.0,142.8,159975,17:25,17:20,True,164834.42857142858,0.9705193349863629,3.807142857142862
2010-05-05,137.5,138.7,137.5,138.7,122911,17:25,17:20,True,170791.42857142858,0.7196555531391672,3.9857142857142907
2010-05-06,136.0,136.7,136.0,136.5,186575,17:25,17:20,True,173716.42857142858,1.0740204684975103,4.157142857142863
2010-05-07,135.1,137.3,135.1,137.3,182374,17:25,17:20,True,184600.07142857142,0.9879411128536169,4.450000000000005
2010-05-10,138.5,139.0,137.7,138.1,707731,17:25,17:20,True,191312.7142857143,3.6993411684235755,4.685714285714291
2010-05-11,139.9,140.0,139.0,139.5,152432,17:25,17:20,True,236781.92857142858,0.6437653452679636,4.814285714285717
2010-05-14,143.5,144.1,143.0,143.9,158680,17:25,17:20,True,243660.64285714287,0.6512336097423553,4.778571428571429
2010-05-17,137.4,137.8,137.0,137.4,158056,17:25,17:20,True,250491.92857142858,0.6309824069039008,4.921428571428572
2010-05-18,137.1,137.2,136.4,136.6,125911,17:25,17:20,True,193099.92857142858,0.6520509921029045,4.114285714285714
2010-05-19,136.1,136.1,135.4,135.9,135862,17:25,17:20,True,191318.57142857142,0.7101349282796832,3.992857142857141
2010-05-20,133.5,133.9,133.2,133.3,106025,17:25,17:20,True,192038.64285714287,0.5521024228382606,4.228571428571426
2010-05-21,128.9,129.0,128.0,128.6,270042,17:25,17:20,True,181785.14285714287,1.4855009367416478,4.321428571428568
2010-05-24,133.3,134.8,133.0,134.0,105281,17:25,17:20,True,191930.57142857142,0.5485368965265713,4.357142857142853
2010-05-25,129.8,129.9,129.0,129.6,224580,17:25,17:20,True,194040.92857142858,1.157384690196067,4.499999999999996
2010-05-26,131.9,131.9,130.9,131.1,125998,17:25,17:20,True,199745.35714285713,0.6307931348305968,4.614285714285709
2010-05-27,132.1,133.4,131.8,132.5,99737,17:25,17:20,True,197318.42857142858,0.5054621644926366,4.414285714285709
2010-05-28,136.5,136.8,136.0,136.0,183355,17:25,17:20,True,195663.14285714287,0.9370952409461742,4.442857142857138
2010-05-31,133.9,134.5,133.6,134.5,55750,17:25,17:20,True,195433.14285714287,0.2852637949989474,4.242857142857139
2010-06-01,134.7,135.2,134.2,134.2,51227,17:25,17:20,True,186388.57142857142,0.2748398123735361,3.9571428571428533
2010-06-02,132.5,132.6,132.2,132.4,37296,17:25,17:20,True,139495.42857142858,0.2673636002408681,3.807142857142854
2010-06-03,135.0,135.3,134.3,134.5,139050,17:20,17:20,True,131271.42857142858,1.0592556317335944,3.8214285714285694
2010-06-04,135.9,136.0,135.1,135.8,113694,17:25,17:20,True,129869.28571428571,0.8754494904216877,3.642857142857143
2010-06-07,132.2,133.1,132.1,132.9,129345,17:25,17:20,True,126700.57142857143,1.0208714810171111,3.6642857142857133
2010-06-08,134.1,135.3,133.9,134.9,221073,17:25,17:20,True,126945.85714285714,1.7414747119413112,3.7714285714285722
2010-06-09,135.2,135.7,135.1,135.2,67139,17:25,17:20,True,133032.35714285713,0.5046817288812121,3.5857142857142867
2010-06-10,136.0,136.0,135.5,135.6,95832,17:25,17:20,True,130254.78571428571,0.7357272861375536,3.4071428571428584
2010-06-11,138.9,139.0,138.4,138.9,60605,17:25,17:20,True,117811.21428571429,0.5144247121757145,3.285714285714288
2010-06-14,140.8,141.3,140.5,141.0,156736,17:25,17:20,True,114620.07142857143,1.3674393851488238,3.114285714285716
2010-06-15,143.2,143.7,143.0,143.6,146533,17:25,17:20,True,109774.07142857143,1.3348598452535954,3.035714285714288
2010-06-16,145.2,145.2,144.4,144.5,125036,17:25,17:20,True,111240.85714285714,1.1240114757424686,3.035714285714288
2010-06-17,143.1,143.9,143.1,143.8,54657,17:25,17:20,True,113047.92857142857,0.4834851968602445,2.9000000000000017
2010-06-18,145.3,145.4,145.0,145.1,51505,17:25,17:20,True,103855.21428571429,0.49593080476735124,2.8785714285714294
2010-06-21,146.5,147.0,146.4,146.9,156633,17:25,17:20,True,103552.0,1.5126023640296662,2.857142857142857
2010-06-22,147.2,147.4,146.8,147.2,94995,17:25,17:20,True,111081.0,0.8551867556107705,2.892857142857143
2010-06-23,145.5,145.5,144.7,145.3,110128,17:25,17:20,True,115202.35714285714,0.9559526621789113,2.842857142857144
2010-06-24,143.9,144.1,143.3,143.3,137342,17:25,17:20,True,113136.5,1.2139495211536506,2.864285714285714
2010-06-28,141.9,142.0,141.3,141.4,48783,17:25,17:20,True,114825.64285714286,0.42484412702737506,2.8142857142857145
2010-06-29,142.1,142.1,140.8,141.2,91358,17:25,17:20,True,109071.21428571429,0.8375995499663719,2.778571428571427
2010-06-30,137.0,137.0,136.5,136.8,34603,17:25,17:20,True,99805.85714285714,0.34670309930278925,3.028571428571429
2010-07-01,136.2,136.7,135.5,135.8,133468,17:25,17:20,True,97481.85714285714,1.3691573377024002,3.0071428571428567
2010-07-02,135.5,135.8,134.8,135.4,128445,17:25,17:20,True,100170.14285714286,1.2822683120576277,3.0928571428571416
2010-07-05,134.0,134.0,133.5,133.9,23642,17:25,17:20,True,105015.85714285714,0.2251279058536738,3.17142857142857
2010-07-06,134.7,134.7,134.2,134.3,56294,17:25,17:20,True,95509.14285714286,0.5894095404478853,3.0785714285714283
2010-07-07,135.6,135.6,134.6,134.9,47290,17:25,17:20,True,89063.5,0.5309694768339444,3.221428571428571
2010-07-08,139.1,139.3,138.6,138.7,76614,17:25,17:20,True,83510.21428571429,0.9174207090150648,3.2571428571428567
2010-07-09,141.2,141.2,140.5,140.7,46172,17:25,17:20,True,85078.57142857143,0.542698346066661,3.357142857142857
2010-07-12,138.8,138.9,137.7,137.9,103035,17:25,17:20,True,84697.64285714286,1.2165037482068568,3.4357142857142855
2010-07-13,136.1,136.5,135.6,135.6,10263,17:25,17:20,True,80869.21428571429,0.12690861523323815,3.442857142857142
2010-07-14,139.0,139.9,138.5,138.8,130122,17:25,17:20,True,74816.92857142857,1.739205317360376,3.5499999999999994
2010-07-15,138.3,138.3,137.0,137.8,11635,17:25,17:20,True,76245.07142857143,0.1526000275427639,3.5642857142857145
2010-07-16,136.7,137.9,136.7,137.1,81293,17:25,17:20,True,67266.0,1.2085303124907085,3.6000000000000005
2010-07-19,134.9,134.9,134.2,134.3,125735,17:25,17:20,True,69588.14285714286,1.8068451727203116,3.7714285714285722
2010-07-20,133.8,134.7,133.4,133.6,68042,17:25,17:20,True,72043.64285714286,0.9444552954508726,3.5071428571428567
2010-07-21,135.9,136.3,135.3,135.9,43239,17:25,17:20,True,74432.14285714286,0.580918382035411,3.528571428571429
2010-07-22,141.5,142.4,141.1,141.2,514484,17:25,17:20,True,67987.21428571429,7.567364031682427,3.5214285714285722
2010-07-23,144.4,144.7,143.6,143.8,51415,17:25,17:20,True,95561.42857142857,0.538030885144933,3.7642857142857156
2010-07-26,145.8,146.6,145.7,146.0,114617,17:25,17:20,True,97545.21428571429,1.1750140777207345,3.9071428571428584
2010-07-27,148.3,148.9,147.6,148.2,78521,17:25,17:20,True,101711.14285714286,0.7719999775273956,3.8714285714285745
2010-07-28,145.8,146.2,145.3,145.8,31261,17:25,17:20,True,103941.92857142857,0.30075447348004075,3.9928571428571473
2010-07-29,147.0,148.0,145.5,148.0,83923,17:25,17:20,True,100702.42857142857,0.8333761279696759,3.914285714285719
2010-07-30,146.5,146.5,145.8,146.3,31389,17:25,17:20,True,103398.92857142857,0.3035718109817386,3.9285714285714346
2010-08-02,146.2,146.8,145.8,146.8,34719,17:25,17:20,True,98281.35714285714,0.35326130010123996,3.785714285714294
2010-08-03,147.7,147.9,147.5,147.5,49314,17:25,17:20,True,100028.21428571429,0.4930009033165642,3.7428571428571495
2010-08-04,146.0,146.0,145.5,145.7,38439,17:25,17:20,True,94256.21428571429,0.4078139599738403,3.6642857142857213
2010-08-05,147.3,147.8,147.0,147.5,34532,17:25,17:20,True,96170.78571428571,0.3590695422057931,3.6357142857142923
2010-08-06,147.4,147.8,147.3,147.7,47336,17:25,17:20,True,92830.71428571429,0.5099174380400575,3.421428571428578
2010-08-09,146.0,146.5,146.0,146.2,98978,17:25,17:20,True,87230.78571428571,1.1346682159231136,3.4357142857142935
2010-08-10,144.8,145.2,144.3,144.7,65836,17:25,17:20,True,89440.5,0.7360871193698604,3.3428571428571496
2010-08-11,143.5,143.9,143.3,143.5,79850,17:25,17:20,True,91054.57142857143,0.8769466348280937,3.2357142857142924
2010-08-12,139.5,139.8,139.1,139.7,93442,17:25,17:20,True,60009.28571428572,1.5571256829300226,3.014285714285722
2010-08-13,142.5,142.6,141.2,141.4,61156,17:25,17:20,True,63011.21428571428,0.970557395112208,2.892857142857149
2010-08-16,142.8,143.2,142.6,142.9,73674,17:25,17:20,True,59192.57142857143,1.2446494251209128,2.857142857142861
2010-08-17,144.1,144.2,143.6,144.1,44521,17:25,17:20,True,58846.357142857145,0.7565633993608052,2.7714285714285762
2010-08-18,144.4,145.1,144.0,145.1,101761,17:25,17:20,True,59793.5,1.701873949509562,2.7142857142857184
2010-08-19,145.9,146.3,145.3,146.2,76108,17:25,17:20,True,61067.642857142855,1.2462901209080797,2.6357142857142883
2010-08-20,144.2,144.9,144.2,144.8,56221,17:25,17:20,True,64261.857142857145,0.8748735641893769,2.700000000000003
2010-08-23,142.3,142.5,142.1,142.1,45530,17:25,17:20,True,65797.71428571429,0.691969325899293,2.721428571428575
2010-08-24,140.3,140.5,139.9,139.9,45020,17:25,17:20,True,65527.42857142857,0.6870405413654478,2.7000000000000006
2010-08-25,140.5,141.0,140.5,140.6,32134,17:25,17:20,True,65997.5,0.486897230955718,2.692857142857142
2010-08-26,140.5,140.6,139.7,140.0,115027,17:25,17:20,True,65826.21428571429,1.7474345327035363,2.7642857142857133
2010-08-27,140.4,140.7,140.4,140.5,21867,17:25,17:20,True,70661.28571428571,0.3094622434188048,2.721428571428569
2010-08-30,142.8,142.9,142.2,142.6,52575,17:25,17:20,True,65153.357142857145,0.8069423020631543,2.749999999999998
2010-08-31,141.1,141.1,140.3,140.7,110512,17:25,17:20,True,64206.142857142855,1.7212060261256712,2.699999999999999
2010-09-01,142.9,143.2,142.8,143.1,76239,17:25,17:20,True,66396.28571428571,1.148241941244562,2.642857142857141
2010-09-02,145.3,145.4,145.0,145.0,61413,17:25,17:20,True,65167.5,0.9423869259983888,2.7071428571428555
2010-09-03,147.8,148.3,147.3,148.2,111896,17:25,17:20,True,65185.857142857145,1.7165686684885635,2.6857142857142833
2010-09-06,147.7,148.0,147.5,147.5,61305,17:25,17:20,True,67916.0,0.9026591672065493,2.607142857142853
2010-09-07,148.2,148.4,147.9,148.1,125343,17:25,17:20,True,69114.85714285714,1.813546394821043,2.5642857142857105
2010-09-08,147.1,147.4,147.0,147.0,40903,17:25,17:20,True,70799.28571428571,0.5777318173105056,2.549999999999997
2010-09-09,147.3,147.3,146.6,147.0,30111,17:25,17:20,True,68284.64285714286,0.44096298582090726,2.499999999999998
2010-09-10,149.6,150.0,149.2,149.6,405771,17:25,17:20,True,66419.64285714286,6.109201774432048,2.499999999999998
2010-09-13,148.3,148.4,148.2,148.2,48862,17:25,17:20,True,92151.14285714286,0.5302375910383252,2.6000000000000005
2010-09-14,147.4,147.5,146.8,146.9,99952,17:25,17:20,True,92425.57142857143,1.081432318514202,2.5714285714285734
2010-09-15,146.0,146.0,145.7,145.8,57546,17:25,17:20,True,97269.71428571429,0.591612717510075,2.4785714285714318
2010-09-16,146.8,147.1,146.7,146.8,186225,17:25,17:20,True,93163.92857142857,1.9988959552861891,2.4142857142857173
2010-09-17,145.5,145.6,145.1,145.4,65576,17:25,17:20,True,104903.78571428571,0.625106134668979,2.5071428571428607
2010-09-20,145.9,146.2,145.8,146.0,78799,17:25,17:20,True,105832.42857142857,0.7445638455401868,2.471428571428573
2010-09-21,145.6,145.6,144.6,145.0,98597,17:25,17:20,True,103567.21428571429,0.9520097714320789,2.4285714285714306
2010-09-22,145.6,145.8,145.0,145.7,108098,17:25,17:20,True,105164.21428571429,1.0278971866448323,2.4000000000000017
2010-09-23,144.2,144.5,144.1,144.5,70020,17:25,17:20,True,108498.85714285714,0.6453524197753235,2.3500000000000023
2010-09-24,143.6,143.9,143.1,143.8,37025,17:25,17:20,True,105507.71428571429,0.350922207448609,2.30714285714286
2010-09-27,145.0,145.6,144.4,144.6,125088,17:25,17:20,True,103773.42857142857,1.2053952704656024,2.335714285714289
2010-09-28,144.4,144.9,144.0,144.3,68863,17:25,17:20,True,103755.21428571429,0.6637064023632547,2.3785714285714312
2010-09-29,143.9,144.4,143.7,143.7,76234,17:25,17:20,True,105752.35714285714,0.7208728208016978,2.364285714285716
2010-09-30,142.5,143.0,142.0,142.8,137284,17:25,17:20,True,109046.85714285714,1.2589450406640394,2.300000000000001
2010-10-01,142.8,142.9,142.1,142.7,124656,17:25,17:20,True,89869.21428571429,1.3870823394949328,2.3142857142857145
2010-10-04,143.6,143.7,143.3,143.7,28875,17:25,17:20,True,95283.07142857143,0.3030443872881032,2.3357142857142867
2010-10-05,142.1,142.2,141.5,141.7,131625,17:25,17:20,True,90206.14285714286,1.459157833723709,2.32857142857143
2010-10-06,144.1,144.5,144.0,144.4,135041,17:25,17:20,True,95497.5,1.414078902589073,2.442857142857144
2010-10-07,146.8,146.9,146.5,146.6,66120,17:25,17:20,True,91841.5,0.7199359766554335,2.385714285714286
2010-10-08,145.4,145.4,145.1,145.2,57828,17:25,17:20,True,91880.35714285714,0.6293837094046995,2.414285714285715
2010-10-11,145.7,146.0,145.7,145.9,71141,17:25,17:20,True,90382.42857142857,0.7871109586724349,2.335714285714285
2010-10-12,145.8,145.8,145.2,145.4,147696,17:25,17:20,True,88421.28571428571,1.6703670253930454,2.278571428571427
2010-10-13,146.8,147.2,146.8,147.2,70228,17:25,17:20,True,91249.71428571429,0.7696243275908495,2.285714285714284
2010-10-14,148.9,149.0,148.7,149.0,108339,17:25,17:20,True,91264.57142857143,1.1870871500754479,2.3642857142857117
2010-10-15,149.0,149.0,148.5,148.8,27605,17:25,17:20,True,96358.42857142857,0.2864824635401455,2.3785714285714255
2010-10-18,147.9,147.9,146.9,147.6,49221,17:25,17:20,True,89395.35714285714,0.5505990643489794,2.357142857142855
2010-10-19,149.4,149.5,149.0,149.5,117588,17:25,17:20,True,87992.35714285714,1.336343335013674,2.4214285714285677
2010-10-20,149.7,150.0,149.5,149.6,53733,17:25,17:20,True,90946.21428571429,0.5908217337248782,2.4357142857142833
2010-10-21,149.5,149.5,148.8,148.9,204334,17:25,17:20,True,84978.28571428571,2.40454368174727,2.299999999999997
2010-10-22,151.3,151.4,150.8,151.4,77367,17:25,17:20,True,90669.57142857143,0.8532851626077105,2.3285714285714243
2010-10-25,149.1,149.5,149.1,149.2,93880,17:25,17:20,True,94133.28571428571,0.997309286376612,2.421428571428566
2010-10-26,148.0,148.5,147.6,148.4,60614,17:25,17:20,True,91437.21428571429,0.6629029599545667,2.2785714285714227
2010-10-27,149.3,149.5,149.1,149.5,36636,17:25,17:20,True,86121.0,0.42540147002473266,2.2571428571428527
2010-10-28,147.0,147.0,142.7,142.9,655083,17:25,17:20,True,84015.0,7.797214783074451,2.2428571428571393
2010-10-29,141.9,142.2,141.7,141.7,94242,17:25,17:20,True,126676.07142857143,0.7439605518011351,2.6571428571428544
2010-11-01,139.0,139.0,138.2,138.2,177669,17:25,17:20,True,128326.14285714286,1.3845113399674713,2.757142857142855
2010-11-02,137.8,138.0,137.4,138.0,68075,17:25,17:20,True,130467.07142857143,0.521779168142591,2.699999999999999
2010-11-03,140.6,140.7,140.3,140.5,100413,17:25,17:20,True,130313.28571428571,0.7705507496768776,2.657142857142856
2010-11-04,140.0,140.4,139.5,139.7,92818,17:25,17:20,True,129747.14285714286,0.71537606112989,2.657142857142856
2010-11-08,142.7,142.7,142.3,142.3,38027,17:25,17:20,True,134405.2142857143,0.2829280114026188,2.6857142857142833
2010-11-09,143.9,144.3,143.8,144.3,102730,17:25,17:20,True,133605.64285714287,0.7689046495576801,2.69285714285714
2010-11-10,143.7,144.5,143.5,144.4,73425,17:25,17:20,True,132544.35714285713,0.5539654918757656,2.607142857142855
2010-11-11,143.0,143.3,142.9,143.1,33186,17:25,17:20,True,133950.92857142858,0.24774744269356633,2.6857142857142833
2010-11-12,142.2,142.5,142.0,142.4,95434,17:25,17:20,True,121726.07142857143,0.7840062435268885,2.557142857142854
2010-11-15,140.7,140.7,140.1,140.7,27203,17:25,17:20,True,123016.57142857143,0.22113280905243893,2.5214285714285682
2010-11-16,141.3,141.3,140.6,141.0,71411,17:25,17:20,True,118253.92857142857,0.6038784576773348,2.6214285714285688
2010-11-17,138.5,138.5,138.0,138.2,108763,17:25,17:20,True,119025.14285714286,0.9137817219891116,2.7357142857142804
2010-11-18,140.4,140.6,140.4,140.5,95298,17:25,17:20,True,124177.07142857143,0.7674363624754742,2.7785714285714227
2010-11-19,142.2,142.4,141.8,142.1,50686,17:25,17:20,True,84192.42857142857,0.6020256317585396,2.442857142857136
2010-11-22,141.8,141.8,141.2,141.3,50542,17:25,17:20,True,81081.28571428571,0.6233497601172722,2.3714285714285643
2010-11-23,139.4,139.9,139.3,139.5,151383,17:25,17:20,True,72000.78571428571,2.102518722513941,2.3999999999999937
2010-11-24,137.7,138.0,137.4,137.7,84582,17:25,17:20,True,77951.35714285714,1.085061288220951,2.4357142857142793
2010-11-25,138.9,138.9,138.4,138.6,47207,17:25,17:20,True,76820.57142857143,0.614509878306406,2.3999999999999937
2010-11-26,136.7,137.2,136.7,137.0,58764,17:25,17:20,True,73562.64285714286,0.7988293747699968,2.4357142857142793
2010-11-29,137.9,138.5,137.7,138.2,107803,17:25,17:20,True,75043.85714285714,1.4365333033825933,2.3499999999999943
2010-11-30,137.4,138.1,136.9,138.0,154135,17:25,17:20,True,75406.21428571429,2.0440623025574816,2.4214285714285637
2010-12-01,136.4,136.9,136.2,136.7,300506,17:25,17:20,True,81171.21428571429,3.702125225603376,2.357142857142849
2010-12-02,138.4,138.5,138.1,138.1,54478,17:25,17:20,True,100265.5,0.5433374390991916,2.3928571428571366
2010-12-03,139.0,139.0,138.5,138.8,81267,17:25,17:20,True,97340.07142857143,0.8348771354624912,2.328571428571422
2010-12-06,139.7,140.1,139.6,139.7,76648,17:20,17:20,True,101201.78571428571,0.7573779401125756,2.28571428571428
2010-12-07,139.0,139.6,138.9,139.5,75398,17:25,17:20,True,101575.85714285714,0.742282685283764,2.0999999999999943
2010-12-08,141.7,141.9,141.6,141.8,92360,17:25,17:20,True,99192.64285714286,0.9311174431859506,2.249999999999994
2010-12-09,143.1,143.5,143.1,143.5,122929,17:25,17:20,True,98982.78571428571,1.2419230183603354,2.2285714285714238
2010-12-10,143.1,143.2,143.0,143.2,34079,17:25,17:20,True,104143.0,0.32723274728018203,2.142857142857139
2010-12-13,143.4,143.7,143.4,143.5,48532,17:25,17:20,True,102967.07142857143,0.4713351494479164,2.057142857142852
2010-12-14,144.5,144.5,144.3,144.4,103919,17:25,17:20,True,95620.57142857143,1.0867849715542381,2.049999999999995
2010-12-15,146.3,146.8,146.2,146.6,59542,17:25,17:20,True,97001.78571428571,0.6138237514036929,2.1285714285714232
2010-12-16,146.1,146.4,146.0,146.3,59908,17:25,17:20,True,97882.85714285714,0.6120377127178259,2.085714285714281
2010-12-17,147.3,147.5,147.1,147.1,112402,17:25,17:20,True,97964.57142857143,1.1473739777645562,2.049999999999995
2010-12-20,147.7,148.0,147.3,147.9,119406,17:25,17:20,True,98293.07142857143,1.2147956947990084,1.992857142857139
2010-12-21,149.6,149.8,149.4,149.8,56909,17:25,17:20,True,95812.42857142857,0.5939626084895041,2.071428571428567
2010-12-22,150.8,150.9,150.4,150.9,55351,17:25,17:20,True,78412.64285714286,0.7058938199652571,2.049999999999995
2010-12-23,153.0,153.3,152.8,153.0,42125,17:25,17:20,True,78475.0,0.5367951576935329,2.2142857142857104
2010-12-27,150.4,150.7,150.1,150.1,59171,17:25,17:20,True,75679.14285714286,0.7818666777409893,2.2857142857142816
2010-12-28,149.2,149.9,149.2,149.9,44641,17:25,17:20,True,74430.78571428571,0.5997652661005287,2.357142857142853
2010-12-29,151.3,151.4,151.1,151.1,28607,17:25,17:20,True,72233.85714285714,0.3960331225760773,2.1571428571428544
2010-12-30,151.8,152.2,151.7,152.0,86037,17:25,17:20,True,67680.07142857143,1.27123092786334,2.0999999999999983
2011-01-03,151.9,152.2,151.4,151.5,99865,17:25,17:20,True,65044.92857142857,1.535323386362613,2.1285714285714272
2011-01-04,152.4,152.6,152.1,152.3,66475,17:25,17:20,True,69743.92857142857,0.9531295606888466,2.221428571428571
2011-01-07,149.7,150.0,149.5,150.0,130805,17:25,17:20,True,71025.57142857143,1.8416606493838235,2.2071428571428555
2011-01-10,151.6,151.9,151.4,151.9,72696,17:25,17:20,True,72946.0,0.9965728072820991,2.242857142857141
2011-01-11,151.3,151.3,150.4,150.6,73193,17:25,17:20,True,73885.57142857143,0.9906264319923278,2.278571428571427
2011-01-12,153.3,153.6,153.1,153.5,40228,17:25,17:20,True,74834.5,0.5375595480694065,2.4571428571428555
2011-01-13,154.4,155.2,154.1,155.0,123928,17:25,17:20,True,69679.21428571429,1.7785504798008014,2.535714285714284
2011-01-14,157.5,157.8,157.1,157.8,71411,17:25,17:20,True,70002.21428571429,1.020124873600937,2.585714285714285
2011-01-17,157.4,157.5,157.3,157.5,56632,17:25,17:20,True,71038.07142857143,0.7972063269896523,2.6214285714285706
2011-01-18,157.4,157.6,157.2,157.6,53549,17:25,17:20,True,71129.57142857143,0.7528373772612154,2.535714285714284
2011-01-19,158.1,158.4,158.1,158.3,21070,17:25,17:20,True,71945.57142857143,0.29286027731280984,2.442857142857142
2011-01-20,153.9,154.6,153.7,154.4,77502,17:25,17:20,True,69224.07142857143,1.1195816484150332,2.6285714285714294
2011-01-21,153.4,154.2,153.2,153.9,150482,17:25,17:20,True,71571.28571428571,2.102547110872477,2.8214285714285716
2011-01-24,155.7,155.7,154.8,154.8,78451,17:25,17:20,True,80276.64285714286,0.9772581065654216,2.9785714285714278
2011-01-25,154.2,154.9,154.2,154.6,80813,17:25,17:20,True,79734.78571428571,1.0135225081005155,3.1142857142857117
2011-01-26,156.2,156.2,154.2,154.3,320760,17:25,17:20,True,78373.92857142857,4.092687528195874,3.1499999999999977
2011-01-27,155.2,155.6,155.2,155.4,57848,17:25,17:20,True,96537.14285714286,0.599230496034095,3.135714285714282
2011-01-28,156.1,156.2,155.7,155.7,29574,17:25,17:20,True,91325.92857142857,0.3238291738459505,3.049999999999997
2011-01-31,155.1,155.2,154.5,154.7,121816,17:25,17:20,True,88245.78571428571,1.3804171951554143,2.9857142857142844
2011-02-01,152.5,152.8,152.0,152.4,119493,17:25,17:20,True,91718.85714285714,1.302818239589304,2.964285714285712
2011-02-02,152.4,153.1,151.7,153.0,113774,17:25,17:20,True,97380.64285714286,1.1683430778630837,3.0071428571428567
2011-02-03,149.8,149.9,149.5,149.8,30311,17:25,17:20,True,96655.35714285714,0.3135987584754374,3.0642857142857145
2011-02-04,151.1,152.0,151.1,151.8,87195,17:25,17:20,True,93719.64285714286,0.9303812663148067,3.0857142857142867
2011-02-07,151.3,152.1,151.2,152.1,51293,17:25,17:20,True,95902.71428571429,0.5348440905143456,3.1000000000000023
2011-02-08,152.9,152.9,152.2,152.3,24578,17:25,17:20,True,95741.57142857143,0.2567118925798765,3.114285714285716
2011-02-09,151.0,151.2,150.8,151.0,84655,17:25,17:20,True,95992.14285714286,0.8818950955807395,2.97857142857143
2011-02-10,152.0,152.0,151.7,151.9,42958,17:25,17:20,True,96503.07142857143,0.44514645351776366,2.7714285714285722
2011-02-11,149.9,150.6,149.4,149.9,60190,17:25,17:20,True,88822.78571428571,0.6776414353138152,2.7285714285714278
2011-02-14,152.2,152.3,151.7,152.3,81722,17:25,17:20,True,87518.42857142857,0.9337690510896481,2.5928571428571416
2011-02-15,153.8,154.0,153.4,153.7,52272,17:25,17:20,True,87583.35714285714,0.5968257178671421,2.6857142857142855
2011-02-16,154.2,154.9,154.1,154.6,81881,17:25,17:20,True,68405.64285714286,1.1969918939435866,2.714285714285716
2011-02-17,152.0,154.7,151.9,154.6,538938,17:25,17:20,True,70122.28571428571,7.685687859575925,2.7928571428571445
2011-02-18,152.7,152.9,152.4,152.7,122257,17:25,17:20,True,106505.42857142857,1.1478945405867977,2.97857142857143
2011-02-21,154.3,154.5,154.0,154.1,76937,17:25,17:20,True,106536.92857142857,0.722162737669098,2.9785714285714318
2011-02-22,153.9,154.0,153.3,153.8,149268,17:25,17:20,True,103497.21428571429,1.4422417166507586,2.9071428571428584
2011-02-23,152.0,152.1,151.8,151.8,53015,17:25,17:20,True,106032.5,0.49998821116167214,2.75
2011-02-24,150.6,152.2,150.0,151.7,239765,17:25,17:20,True,107654.21428571429,2.2271770927951198,2.7999999999999994
2011-02-25,154.4,154.5,153.7,153.9,108411,17:25,17:20,True,118552.07142857143,0.9144589267283996,2.8714285714285706
2011-02-28,154.5,154.6,154.2,154.4,38577,17:25,17:20,True,122631.92857142857,0.3145754979913761,2.8285714285714283
2011-03-01,155.0,155.7,155.0,155.2,31805,17:25,17:20,True,123631.85714285714,0.2572557003916004,2.72857142857143
2011-03-02,152.4,152.6,152.2,152.3,46956,17:25,17:20,True,119856.85714285714,0.3917673224489212,2.82857142857143
2011-03-03,154.0,154.1,153.2,153.9,74434,17:25,17:20,True,120142.42857142857,0.619547988875109,2.7928571428571467
2011-03-04,154.7,154.7,154.1,154.5,33069,17:25,17:20,True,121159.85714285714,0.2729369345575326,2.800000000000005
2011-03-07,154.6,154.8,154.0,154.4,39591,17:25,17:20,True,117684.64285714286,0.33641602709420154,2.63571428571429
2011-03-08,153.1,153.2,152.7,153.1,99191,17:25,17:20,True,116778.85714285714,0.8493917685686744,2.6000000000000045
2011-03-09,152.8,152.8,152.3,152.4,25538,17:25,17:20,True,118015.28571428571,0.21639569692545882,2.5714285714285756
2011-03-10,150.7,151.0,150.3,150.5,64132,17:25,17:20,True,81343.85714285714,0.788406183977366,2.4142857142857173
2011-03-11,148.9,148.9,148.1,148.4,76424,17:25,17:20,True,77192.07142857143,0.990049866335273,2.335714285714289
2011-03-14,145.5,146.0,144.8,145.0,147639,17:25,17:20,True,77155.42857142857,1.913527054850321,2.4142857142857173
2011-03-15,143.2,144.7,142.8,143.4,323563,17:25,17:20,True,77039.07142857143,4.199985721530911,2.492857142857145
2011-03-16,143.4,144.0,143.2,144.0,208998,17:25,17:20,True,96363.92857142857,2.168840593138363,2.721428571428575
2011-03-17,144.3,144.9,144.0,144.9,99201,17:25,17:20,True,94166.28571428571,1.0534662087128546,2.6642857142857173
2011-03-18,147.1,147.5,146.5,147.1,144119,17:25,17:20,True,93508.42857142857,1.5412407437679416,2.8714285714285728
2011-03-21,147.0,147.3,146.7,147.1,55138,17:25,17:20,True,101047.14285714286,0.5456660964472029,2.971428571428571
2011-03-22,149.1,149.4,148.9,149.2,37515,17:25,17:20,True,102713.78571428571,0.36523821743221285,3.0071428571428567
2011-03-23,147.2,148.2,147.1,148.1,41506,17:25,17:20,True,102039.42857142857,0.40676433199491513,2.9785714285714278
2011-03-24,149.1,149.1,148.6,148.8,49249,17:25,17:20,True,99687.42857142857,0.49403420978716334,3.0142857142857133
2011-03-25,151.7,151.9,150.8,150.8,56441,17:25,17:20,True,100843.14285714286,0.5596910052670201,3.0999999999999983
2011-03-28,151.0,151.2,150.7,150.8,36166,17:25,17:20,True,102046.71428571429,0.3544063153149748,3.0714285714285694
2011-03-29,151.5,151.9,151.5,151.8,42552,17:25,17:20,True,97544.92857142857,0.43622975200438774,2.9857142857142844
2011-03-30,151.2,151.6,151.0,151.0,58812,17:25,17:20,True,98760.21428571429,0.5955029606340899,3.0142857142857133
2011-03-31,151.5,151.9,151.5,151.7,26167,17:25,17:20,True,98380.21428571429,0.26597827815261926,2.9857142857142844
2011-04-01,153.0,153.4,152.8,153.1,64659,17:25,17:20,True,94790.42857142857,0.6821258324755514,2.9142857142857133
2011-04-04,156.0,156.2,155.7,156.0,175730,17:25,17:20,True,88863.28571428571,1.9775320998709094,2.8785714285714294
2011-04-05,155.0,155.0,154.8,154.9,32762,17:25,17:20,True,78303.78571428571,0.41839611841427116,2.550000000000001
2011-04-06,153.6,153.6,153.3,153.5,20521,17:25,17:20,True,65715.5,0.3122703167441471,2.614285714285716
2011-04-07,154.5,155.3,154.5,154.7,129818,17:25,17:20,True,60095.5,2.160195022921849,2.4357142857142873
2011-04-08,154.1,154.5,153.5,153.7,24983,17:25,17:20,True,59074.0,0.42291024816332057,2.4071428571428606
2011-04-11,152.7,153.0,152.6,152.6,28596,17:25,17:20,True,56920.07142857143,0.5023886878969382,2.3142857142857167
2011-04-12,153.0,153.2,152.7,152.9,112527,17:25,17:20,True,56283.0,1.9993070731837321,2.250000000000002
2011-04-13,152.5,152.9,152.2,152.6,41742,17:25,17:20,True,61355.92857142857,0.6803254546364712,2.221428571428573
2011-04-14,151.6,151.8,151.6,151.6,35448,17:25,17:20,True,60819.71428571428,0.5828373318801705,2.085714285714289
2011-04-15,149.9,150.2,149.6,149.9,64986,17:25,17:20,True,59320.21428571428,1.0955118888646729,2.114285714285716
2011-04-18,151.5,151.6,151.2,151.5,30492,17:25,17:20,True,61378.78571428572,0.49678402146856226,2.142857142857145
2011-04-19,149.9,150.5,149.8,149.8,54114,17:25,17:20,True,60517.357142857145,0.894189742494184,2.1285714285714294
2011-04-20,150.0,150.6,149.8,150.5,57497,17:25,17:20,True,60181.78571428572,0.9553887329460147,2.107142857142857
2011-04-26,154.3,154.8,154.2,154.6,37511,17:25,17:20,True,62419.642857142855,0.6009486482620512,2.192857142857142
2011-04-27,159.6,160.4,158.4,158.4,362012,17:25,17:20,True,60480.5,5.985598664032208,2.2928571428571405
2011-04-28,162.4,162.6,161.7,162.5,209504,17:25,17:20,True,73786.35714285714,2.8393324743540473,2.549999999999997
2011-04-29,164.3,164.5,164.0,164.5,69419,17:25,17:20,True,86410.78571428571,0.8033603609337789,2.7285714285714255
2011-05-02,166.5,166.8,166.1,166.1,61605,17:25,17:20,True,89903.5,0.6852347238984021,2.8142857142857127
2011-05-03,159.7,160.0,159.1,160.0,156329,17:25,17:20,True,85031.14285714286,1.8384911074597878,2.92142857142857
2011-05-04,161.5,161.8,160.9,161.0,84184,17:25,17:20,True,94413.0,0.8916568692870686,3.02142857142857
2011-05-05,162.3,163.2,162.3,162.9,91763,17:25,17:20,True,98383.57142857143,0.9327065349179958,3.1857142857142833
2011-05-06,160.8,161.6,160.8,160.9,54103,17:25,17:20,True,96900.42857142857,0.5583360238713377,3.3214285714285694
2011-05-09,163.9,164.4,163.8,164.4,49382,17:25,17:20,True,97783.35714285714,0.505014364845902,3.5642857142857105
2011-05-10,165.0,165.5,165.0,165.3,92738,17:25,17:20,True,98778.64285714286,0.9388466708752109,3.5714285714285694
2011-05-11,165.9,166.2,165.8,165.8,30090,17:25,17:20,True,100760.92857142857,0.2986276568369401,3.578571428571426
2011-05-12,164.3,164.9,164.0,164.0,86369,17:25,17:20,True,100732.21428571429,0.8574119075256815,3.5428571428571405
2011-05-13,166.5,166.9,166.5,166.5,54075,17:25,17:20,True,103036.14285714286,0.5248158413205907,3.607142857142855
2011-05-16,164.5,164.8,163.8,164.1,63085,17:25,17:20,True,102791.71428571429,0.613716780952328,3.4571428571428577
2011-05-17,166.5,166.9,166.3,166.3,69525,17:25,17:20,True,104618.42857142857,0.664557869482159,3.364285714285714
2011-05-18,165.9,166.4,165.7,166.1,106026,17:25,17:20,True,83726.5,1.2663374200521937,3.135714285714284
2011-05-19,166.0,166.6,166.0,166.5,70386,17:25,17:20,True,76335.21428571429,0.922064615375978,2.835714285714285
2011-05-20,165.6,165.7,164.7,165.5,185636,17:25,17:20,True,76404.28571428571,2.4296542826692593,2.807142857142856
2011-05-23,164.7,164.9,164.1,164.5,124840,17:25,17:20,True,85263.64285714286,1.4641645115863318,2.642857142857141
2011-05-24,163.2,163.8,162.8,163.0,24952,17:25,17:20,True,83014.42857142857,0.3005742547336866,2.6285714285714272
2011-05-25,163.4,164.4,163.3,163.8,85196,17:25,17:20,True,78783.57142857143,1.0813929662638149,2.528571428571429
2011-05-26,163.3,163.7,163.0,163.4,78640,17:25,17:20,True,78314.5,1.0041563184340065,2.407142857142856
2011-05-27,164.8,165.2,164.4,164.5,89633,17:25,17:20,True,80067.14285714286,1.1194729423519547,2.2000000000000006
2011-05-30,165.1,165.3,165.1,165.2,22280,17:25,17:20,True,82942.21428571429,0.2686207523137882,2.142857142857143
2011-05-31,165.4,166.5,165.4,165.9,87220,17:25,17:20,True,77909.5,1.119504039943781,2.0785714285714283
2011-06-03,164.4,164.4,163.4,164.1,264648,17:25,17:20,True,81990.21428571429,3.227799833255362,2.0642857142857167
2011-06-07,161.8,162.4,161.8,162.0,134184,17:25,17:20,True,94724.42857142857,1.4165722826062368,2.0642857142857167
2011-06-08,161.0,161.3,160.3,161.1,49498,17:25,17:20,True,100446.5,0.49277973846774153,2.1571428571428606
2011-06-09,158.6,159.0,158.5,158.9,63900,17:25,17:20,True,99476.0,0.642365997828622,2.1571428571428624
2011-06-10,161.8,162.0,161.6,161.7,39947,17:25,17:20,True,99074.21428571429,0.4032027938652049,2.2714285714285762
2011-06-13,161.7,161.7,161.4,161.6,25451,17:25,17:20,True,94354.28571428571,0.2697386749031008,2.2857142857142896
2011-06-14,161.2,162.0,161.2,162.0,259846,17:25,17:20,True,91144.64285714286,2.8509190650653395,2.3214285714285756
2011-06-15,164.0,164.4,163.9,164.1,110330,17:25,17:20,True,96445.35714285714,1.1439638285187392,2.528571428571431
2011-06-16,162.0,163.0,161.7,162.9,237765,17:25,17:20,True,95408.92857142857,2.492062363136125,2.4285714285714306
2011-06-17,160.0,160.5,159.7,159.7,66468,17:25,17:20,True,110609.85714285714,0.600922935052288,2.6000000000000023
2011-06-20,158.5,159.2,158.3,159.0,81099,17:25,17:20,True,109272.14285714286,0.7421745184042463,2.7142857142857184
2011-06-21,158.5,159.0,158.1,158.6,96385,17:25,17:20,True,109447.78571428571,0.8806482412683413,2.785714285714288
2011-06-22,162.2,162.7,162.1,162.3,60994,17:25,17:20,True,109930.07142857143,0.5548436311135455,2.9500000000000006
2011-06-23,160.0,161.1,160.0,161.1,83951,17:25,17:20,True,112695.35714285714,0.7449375211933563,3.0214285714285722
2011-06-27,160.0,161.7,159.8,161.6,145928,17:25,17:20,True,112461.85714285714,1.2975777184137351,3.0785714285714283
2011-06-28,161.4,161.8,161.3,161.6,56600,17:25,17:20,True,103981.85714285714,0.5443257271529511,3.1214285714285706
2011-06-29,162.2,162.8,162.0,162.3,94130,17:25,17:20,True,98440.14285714286,0.9562155972955284,3.164285714285711
2011-06-30,163.0,163.5,162.5,163.4,47386,17:25,17:20,True,101628.14285714286,0.46626848299894436,3.1214285714285688
2011-07-01,163.1,163.5,163.1,163.5,151818,17:25,17:20,True,100448.57142857143,1.511400290127144,3.0428571428571423
2011-07-04,163.4,163.4,162.4,162.5,30055,17:25,17:20,True,108439.35714285714,0.2771595183878284,2.999999999999998
2011-07-05,163.4,163.5,162.8,163.1,11649,17:25,17:20,True,108768.21428571429,0.10709930356492016,2.8999999999999977
2011-07-06,163.1,164.3,163.0,164.2,88278,17:25,17:20,True,91039.85714285714,0.9696632087358912,2.67142857142857
2011-07-07,165.4,166.0,165.4,165.7,40442,17:25,17:20,True,89464.71428571429,0.4520441419043102,2.742857142857141
2011-07-08,167.7,168.1,167.6,168.1,78567,17:25,17:20,True,75370.21428571429,1.0424144437505152,2.642857142857141
2011-07-11,167.0,167.9,167.0,167.3,29963,17:25,17:20,True,76234.42857142857,0.39303764141061126,2.571428571428567
2011-07-12,165.3,166.5,165.3,165.7,46399,17:25,17:20,True,72581.85714285714,0.6392644364097285,2.5642857142857127
2011-07-13,166.3,167.3,166.2,167.1,80576,17:25,17:20,True,69011.42857142857,1.1675747288233833,2.47857142857143
2011-07-14,168.8,169.6,168.4,169.4,60511,17:25,17:20,True,70410.14285714286,0.859407431153385,2.6357142857142883
2011-07-15,167.0,167.2,166.3,166.4,82305,17:25,17:20,True,68735.85714285714,1.1974099606984085,2.635714285714286
2011-07-18,165.6,166.3,165.6,165.8,96712,17:25,17:20,True,64191.357142857145,1.506620272644626,2.6714285714285717
2011-07-19,161.2,161.3,160.0,160.4,137515,17:25,17:20,True,67056.5,2.050733336812986,2.778571428571429
2011-07-20,162.9,162.9,162.3,162.6,103458,17:25,17:20,True,70155.42857142857,1.474696999315805,2.8142857142857145
2011-07-21,163.0,163.0,159.0,159.2,258498,17:25,17:20,True,74160.57142857143,3.4856527534847164,2.742857142857141
2011-07-22,158.9,158.9,157.7,157.8,44026,17:25,17:20,True,81780.57142857143,0.5383430224433327,3.0642857142857145
2011-07-25,156.0,156.6,155.5,156.5,34514,17:25,17:20,True,82778.5,0.41694401324015296,3.1857142857142873
2011-07-26,158.1,158.5,158.1,158.1,26760,17:25,17:20,True,84411.71428571429,0.317017610961241,3.342857142857144
2011-07-27,155.5,155.9,155.5,155.7,23027,17:25,17:20,True,80017.57142857143,0.28777429243219793,3.32857142857143
2011-07-28,152.4,153.0,152.0,152.5,57340,17:25,17:20,True,78773.64285714286,0.7279084465344192,3.3857142857142883
2011-07-29,151.2,151.8,150.8,150.8,39690,17:25,17:20,True,77257.42857142857,0.513737005410483,3.357142857142861
2011-08-01,155.0,155.0,153.7,153.8,61189,17:25,17:20,True,77952.21428571429,0.784955251889665,3.3785714285714312
2011-08-02,150.9,151.0,150.0,150.6,103921,17:25,17:20,True,79008.64285714286,1.3153117968106565,3.6214285714285728
2011-08-03,148.1,148.2,146.8,146.9,104493,17:25,17:20,True,80676.14285714286,1.2952156151668133,3.5714285714285716
2011-08-04,147.6,147.6,146.6,147.1,182819,17:25,17:20,True,83817.71428571429,2.1811499103496703,3.7928571428571445
2011-08-08,136.9,138.5,136.8,137.7,136913,17:20,17:20,True,90997.28571428571,1.5045833392204793,4.021428571428572
2011-08-09,130.0,132.0,129.9,131.8,195553,17:25,17:20,True,93868.78571428571,2.0832590782117593,4.371428571428573
2011-08-11,138.9,140.0,138.5,139.5,116221,17:25,17:20,True,98014.35714285714,1.1857548566135718,5.100000000000001
2011-08-12,140.9,140.9,139.4,139.7,163281,17:25,17:20,True,98926.0,1.6505367648545377,5.4857142857142875
2011-08-15,144.0,144.0,141.8,141.8,139114,17:25,17:20,True,92124.78571428571,1.5100605002376435,5.45
2011-08-16,140.6,140.6,139.6,139.6,66315,17:25,17:20,True,98916.78571428571,0.6704119985413425,5.521428571428571
2011-08-17,138.7,139.0,138.2,138.9,68990,17:25,17:20,True,101188.28571428571,0.6817982883394182,5.528571428571428
2011-08-18,134.5,134.8,133.9,134.0,99310,17:25,17:20,True,104204.71428571429,0.9530278997522733,5.535714285714285
2011-08-19,129.3,129.4,127.8,127.8,127321,17:25,17:20,True,109653.5,1.1611211680429718,5.842857142857141
2011-08-22,124.7,125.7,124.1,125.7,49757,17:25,17:20,True,114652.14285714286,0.43398229426900004,6.121428571428569
2011-08-23,127.2,127.3,126.8,127.0,28337,17:25,17:20,True,115371.21428571429,0.2456158598610572,6.178571428571426
2011-08-24,127.9,128.0,127.7,127.7,43912,17:25,17:20,True,113024.64285714286,0.38851704274352306,5.9642857142857135
2011-08-25,130.9,131.0,129.7,130.0,38657,17:25,17:20,True,108738.28571428571,0.3555049607970908,6.064285714285714
2011-08-26,127.0,127.2,127.0,127.1,20162,17:25,17:20,True,104035.71428571429,0.19379883281840027,6.035714285714285
2011-08-29,128.0,128.2,126.9,127.4,84918,17:25,17:20,True,92417.35714285714,0.9188533693809836,5.764285714285714
2011-08-30,130.7,130.8,130.0,130.6,46132,17:25,17:20,True,88703.42857142857,0.5200700890930291,5.2857142857142865
2011-08-31,132.7,132.8,132.4,132.7,33403,17:25,17:20,True,78030.5,0.42807620097269655,4.700000000000001
2011-09-01,135.8,136.0,135.0,135.1,29156,17:25,17:20,True,72114.92857142857,0.40429909004376946,4.5857142857142845
2011-09-02,135.4,135.9,135.1,135.7,116688,17:25,17:20,True,62534.57142857143,1.865975848787642,4.342857142857143
2011-09-05,129.7,129.7,128.5,128.9,71987,17:25,17:20,True,60932.71428571428,1.1814179106227245,4.357142857142857
2011-09-06,125.1,125.6,125.0,125.6,41588,17:25,17:20,True,61337.857142857145,0.6780152085055838,4.564285714285717
2011-09-07,123.2,123.4,122.9,122.9,52394,17:25,17:20,True,59380.57142857143,0.8823424689172024,4.921428571428573
2011-09-08,123.9,124.0,123.2,123.5,40419,17:25,17:20,True,56029.42857142857,0.7213887599883735,4.585714285714287
2011-09-09,122.3,122.7,122.0,122.7,35177,17:25,17:20,True,49822.142857142855,0.7060515261429944,4.342857142857143
2011-09-12,115.7,117.1,115.5,116.4,72577,17:25,17:20,True,48780.71428571428,1.4878215922568931,4.421428571428573
2011-09-13,120.5,121.2,120.3,120.6,44556,17:25,17:20,True,51940.71428571428,0.8578241676636825,4.557142857142858
2011-09-14,118.2,119.6,118.0,119.5,39937,17:25,17:20,True,51986.71428571428,0.7682155056099499,4.578571428571429
2011-09-15,124.6,125.2,124.0,125.1,62149,17:25,17:20,True,52078.142857142855,1.1933797288141172,4.6071428571428585
2011-09-16,126.5,126.8,125.6,125.6,100193,17:25,17:20,True,55077.21428571428,1.8191370297024567,4.657142857142858
2011-09-19,123.9,124.0,123.5,124.0,61984,17:25,17:20,True,56168.28571428572,1.1035408898768495,4.621428571428573
2011-09-20,120.5,120.5,120.0,120.4,41846,17:25,17:20,True,57300.57142857143,0.730289401252543,4.614285714285714
2011-09-21,121.8,121.8,120.8,121.0,34451,17:25,17:20,True,57903.642857142855,0.5949712021572785,4.4142857142857155
2011-09-22,118.9,119.2,118.3,118.8,115100,17:25,17:20,True,58281.857142857145,1.9748855929191391,4.421428571428572
2011-09-23,117.7,117.7,116.6,116.9,29028,17:25,17:20,True,58168.42857142857,0.49903359456160556,4.442857142857143
2011-09-26,112.7,114.3,112.7,114.3,66461,17:25,17:20,True,55099.92857142857,1.2061903113693433,4.428571428571428
2011-09-27,118.7,119.7,118.1,118.2,62077,17:25,17:20,True,56876.57142857143,1.0914335804850603,4.2
2011-09-28,120.3,120.4,119.5,119.7,40862,17:25,17:20,True,57568.21428571428,0.7098014157117953,4.3500000000000005
2011-09-29,118.7,119.2,118.5,119.1,54061,17:25,17:20,True,57599.857142857145,0.9385613555589175,4.3500000000000005
2011-09-30,122.6,122.6,121.0,121.1,63966,17:25,17:20,True,58948.71428571428,1.0851127251048733,4.3357142857142845
2011-10-03,117.2,117.2,116.0,116.4,48151,17:25,17:20,True,58333.642857142855,0.8254413343929196,4.264285714285713
2011-10-04,114.8,115.0,114.0,115.0,62351,17:25,17:20,True,58590.42857142857,1.0641840573667567,4.1428571428571415
2011-10-05,115.0,115.6,114.1,114.4,69672,17:25,17:20,True,60191.42857142857,1.1575070014714957,4.107142857142856
2011-10-06,116.7,117.0,116.3,116.9,70106,17:25,17:20,True,60728.78571428572,1.1544113582285642,4.114285714285713
2011-10-07,120.6,120.9,120.6,120.6,37880,17:25,17:20,True,58579.71428571428,0.6466402313819021,4.278571428571427
2011-10-10,121.1,121.7,120.9,121.7,30923,17:25,17:20,True,56858.0,0.543863660346829,4.114285714285713
2011-10-11,125.0,125.0,123.6,124.6,68573,17:25,17:20,True,56077.78571428572,1.2228193236690361,4.271428571428571
2011-10-12,125.3,125.5,124.8,124.9,45564,17:25,17:20,True,58515.07142857143,0.7786711848351646,4.250000000000001
2011-10-13,128.6,129.1,128.6,129.1,27463,17:25,17:20,True,53548.21428571428,0.512864908126855,4.27857142857143
2011-10-14,128.1,128.5,128.0,128.0,19690,17:25,17:20,True,53436.42857142857,0.3684752242317306,4.014285714285717
2011-10-17,129.2,129.8,128.3,128.4,117404,17:25,17:20,True,50095.642857142855,2.3435970336741576,3.807142857142858
2011-10-18,126.2,126.3,125.6,125.6,43404,17:25,17:20,True,54047.57142857143,0.8030703110751639,3.7357142857142867
2011-10-19,127.7,128.2,127.0,127.1,29110,17:25,17:20,True,54229.142857142855,0.5367962402925154,3.7071428571428577
2011-10-20,122.2,122.8,120.0,120.4,177761,17:25,17:20,True,52446.92857142857,3.3893500504591714,3.6785714285714284
2011-10-21,123.8,123.8,122.1,122.2,37772,17:25,17:20,True,60575.142857142855,0.623556102691816,3.6857142857142855
2011-10-24,126.2,126.5,125.5,126.3,36506,17:25,17:20,True,59833.78571428572,0.610123520753325,3.721428571428571
2011-10-25,128.8,128.8,128.2,128.7,10215,17:25,17:20,True,57987.71428571428,0.17615800391215874,3.657142857142856
2011-10-26,127.6,128.0,127.2,127.3,53323,17:25,17:20,True,53740.78571428572,0.9922259098237438,3.6000000000000005
2011-10-27,128.7,129.6,128.1,129.1,164107,17:25,17:20,True,52542.0,3.1233489398957026,3.471428571428572
2011-10-28,129.4,129.4,128.1,128.4,87550,17:25,17:20,True,61558.21428571428,1.422230989249433,3.585714285714288
2011-10-31,127.6,127.6,126.7,126.9,72706,17:25,17:20,True,65603.0,1.1082724875386796,3.4285714285714297
2011-11-01,120.9,121.4,120.3,120.6,97493,17:25,17:20,True,65898.21428571429,1.4794482833373979,3.5714285714285716
2011-11-02,120.0,121.2,120.0,120.4,104541,17:25,17:20,True,69607.42857142857,1.501865564430726,3.642857142857143
2011-11-03,119.0,119.8,118.6,119.7,51065,17:25,17:20,True,75113.0,0.6798423708279525,3.6785714285714275
2011-11-07,123.2,123.3,122.1,122.6,96815,17:25,17:20,True,77354.07142857143,1.2515824728036293,3.942857142857143
2011-11-08,122.0,122.0,121.3,122.0,52182,17:25,17:20,True,75883.42857142857,0.6876600198801169,3.8785714285714294
2011-11-09,124.5,125.0,124.5,124.8,13939,17:25,17:20,True,76510.42857142857,0.18218431474327498,3.9571428571428586
2011-11-10,119.0,119.8,118.2,119.6,109147,17:25,17:20,True,75426.78571428571,1.4470588792348305,3.992857142857145
2011-11-11,121.4,121.5,121.1,121.1,28437,17:25,17:20,True,70525.78571428571,0.40321422458452383,4.021428571428574
2011-11-14,125.0,125.1,124.3,124.5,80590,17:20,17:20,True,69859.0,1.1536094132466825,4.014285714285718
2011-11-15,122.1,122.5,122.0,122.3,34472,17:25,17:20,True,73007.85714285714,0.4721683576131727,3.9071428571428606
2011-11-16,123.9,124.1,123.5,123.6,18257,17:25,17:20,True,74740.5,0.24427184725817996,3.9428571428571453
2011-11-17,124.3,124.4,123.6,124.0,18404,17:25,17:20,True,72235.78571428571,0.25477676774768343,3.9285714285714306
2011-11-18,121.7,122.0,121.4,121.5,35315,17:25,17:20,True,61828.42857142857,0.5711773825725106,3.8714285714285728
2011-11-21,120.1,120.7,120.0,120.2,45174,17:25,17:20,True,58097.357142857145,0.7775568841956174,3.8500000000000014
2011-11-22,117.7,118.4,117.3,118.1,62453,17:25,17:20,True,56130.78571428572,1.1126336324222383,3.8714285714285728
2011-11-23,115.1,115.9,115.0,115.9,50298,17:25,17:20,True,53627.92857142857,0.9379068209395157,3.6428571428571437
2011-11-24,116.0,117.3,116.0,116.8,29944,17:25,17:20,True,49753.42857142857,0.6018479702762767,3.607142857142858
2011-11-25,117.7,117.7,116.7,117.4,7093,17:25,17:20,True,48244.78571428572,0.14702106963446826,3.442857142857143
2011-11-28,119.5,119.5,119.1,119.4,21047,17:25,17:20,True,41836.07142857143,0.5030826098462536,3.4357142857142855
2011-11-29,123.7,123.9,123.5,123.8,71948,17:25,17:20,True,39612.142857142855,1.8163117370214763,3.528571428571428
2011-11-30,122.0,122.2,121.7,122.1,27034,17:25,17:20,True,43755.642857142855,0.6178403112088401,3.349999999999999
2011-12-01,128.0,128.5,127.8,127.8,56855,17:25,17:20,True,37890.42857142857,1.500510871573296,3.449999999999999
2011-12-02,127.5,127.9,127.2,127.3,51511,17:25,17:20,True,39920.28571428572,1.2903464761918393,3.3142857142857127
2011-12-05,127.5,128.0,127.4,127.5,40629,17:25,17:20,True,37843.21428571428,1.0736138768037298,3.2642857142857133
2011-12-06,126.9,127.0,126.4,126.8,43875,17:20,17:20,True,38283.0,1.1460700572055482,3.135714285714286
2011-12-07,127.7,128.4,127.3,127.6,54052,17:25,17:20,True,40112.857142857145,1.3474981302752946,3.078571428571429
2011-12-08,128.4,128.6,127.9,128.2,36146,17:25,17:20,True,42659.142857142855,0.847321291031231,3.057142857142857
2011-12-09,124.3,124.7,123.9,123.9,38777,17:25,17:20,True,42718.5,0.9077331835153388,3.164285714285714
2011-12-12,127.1,127.4,126.3,126.5,27151,17:25,17:20,True,42261.57142857143,0.642451264404339,3.085714285714286
2011-12-13,125.2,126.5,125.0,126.3,28293,17:25,17:20,True,39740.0,0.7119526925012581,3.057142857142858
2011-12-14,126.2,126.5,125.9,125.9,54914,17:25,17:20,True,38168.21428571428,1.4387364205443947,3.0142857142857156
2011-12-15,124.2,124.3,123.5,123.7,17721,17:25,17:20,True,39951.78571428572,0.44355964778974655,3.05714285714286
2011-12-16,125.6,125.7,125.2,125.3,61584,17:25,17:20,True,40710.92857142857,1.5127142062591126,3.0214285714285745
2011-12-19,123.0,123.4,122.8,123.2,41978,17:25,17:20,True,43606.42857142857,0.9626562269652247,2.8500000000000023
2011-12-20,122.7,123.4,122.1,122.7,70481,17:25,17:20,True,41465.71428571428,1.6997416109694758,2.8500000000000023
2011-12-21,126.8,127.2,126.4,126.6,54983,17:25,17:20,True,44569.07142857143,1.2336581902568566,2.6857142857142895
2011-12-22,125.7,126.7,125.7,126.7,57619,17:25,17:20,True,44435.357142857145,1.2966926273318384,2.7571428571428607
2011-12-23,126.9,127.1,126.9,126.9,27371,17:25,17:20,True,44871.642857142855,0.6099843521918871,2.7714285714285753
2011-12-27,128.0,128.2,127.7,128.1,11306,17:25,17:20,True,43924.642857142855,0.25739537682231745,2.807142857142859
2011-12-28,127.5,128.2,127.5,128.1,27542,17:25,17:20,True,41598.28571428572,0.662094591810102,2.7642857142857147
2011-12-29,128.1,128.5,128.0,128.4,12384,17:25,17:20,True,39704.71428571428,0.311902508878039,2.7071428571428577
2011-12-30,129.1,129.4,129.0,129.3,34374,17:25,17:20,True,38007.42857142857,0.9044021469487168,2.5142857142857147
2012-01-02,129.7,130.0,129.5,129.6,18655,17:25,17:20,True,37692.92857142857,0.49492041894936717,2.3999999999999986
2012-01-03,133.4,133.5,132.7,133.4,112894,17:25,17:20,True,37086.07142857143,3.044107818684335,2.6285714285714272
2012-01-04,135.2,135.6,135.1,135.1,35266,17:25,17:20,True,43129.0,0.8176864754573488,2.6999999999999997
2012-01-09,134.3,134.4,133.9,134.1,55236,17:25,17:20,True,41725.57142857143,1.323792535581127,2.549999999999998
2012-01-10,135.0,135.2,134.4,134.4,67848,17:25,17:20,True,44405.21428571428,1.5279286698955883,2.4857142857142835
2012-01-11,136.4,136.4,135.8,136.0,31215,17:25,17:20,True,44852.642857142855,0.6959456123783119,2.521428571428569
2012-01-12,137.8,137.9,137.7,137.7,34102,17:25,17:20,True,44083.857142857145,0.7735711484929695,2.499999999999998
2012-01-13,140.0,140.3,139.6,140.0,86077,17:25,17:20,True,41485.357142857145,2.074876677657349,2.4857142857142813
2012-01-16,138.3,138.9,138.2,138.5,33655,17:25,17:20,True,43706.357142857145,0.7700252823633044,2.4571428571428524
2012-01-17,141.0,141.8,141.0,141.5,54816,17:25,17:20,True,41994.642857142855,1.305309350682485,2.5142857142857093
2012-01-18,141.9,141.9,141.5,141.6,19179,17:25,17:20,True,43955.0,0.4363326128995564,2.499999999999996
2012-01-19,143.5,143.7,143.3,143.5,39416,17:25,17:20,True,44517.357142857145,0.8854074574443676,2.5857142857142827
2012-01-20,144.8,145.0,144.6,144.8,18410,17:25,17:20,True,45365.5,0.40581499156848266,2.5928571428571416
2012-01-23,143.0,143.1,142.5,142.9,22479,17:25,17:20,True,45795.92857142857,0.4908514949083122,2.7071428571428555
2012-01-24,142.4,142.9,140.9,141.0,239166,17:25,17:20,True,44946.28571428572,5.321151596826688,2.721428571428571
2012-01-25,141.2,141.3,140.9,141.0,40941,17:25,17:20,True,60697.07142857143,0.6745135973846702,2.721428571428569
2012-01-26,141.9,142.5,141.9,142.0,44640,17:25,17:20,True,55557.57142857143,0.8034908447607758,2.685714285714281
2012-01-27,143.5,144.4,143.0,144.2,28050,17:25,17:20,True,56227.142857142855,0.49886938184405094,2.821428571428567
2012-01-30,142.9,142.9,141.7,142.0,98761,17:25,17:20,True,54285.28571428572,1.8192959418100667,2.8428571428571394
2012-01-31,141.1,141.6,140.6,140.6,49915,17:25,17:20,True,56493.357142857145,0.8835552093988294,2.914285714285711
2012-02-01,141.4,141.7,141.2,141.7,55306,17:25,17:20,True,57829.07142857143,0.956370189486998,3.028571428571425
2012-02-02,145.8,145.9,145.1,145.9,50181,17:25,17:20,True,59343.642857142855,0.8456002628756721,3.1285714285714272
2012-02-03,146.0,146.3,145.7,146.2,22383,17:25,17:20,True,56779.642857142855,0.3942081857808697,3.057142857142856
2012-02-06,145.4,145.5,144.8,145.0,66685,17:25,17:20,True,55974.5,1.1913460593663185,2.999999999999998
2012-02-07,146.0,146.2,145.8,145.8,50170,17:25,17:20,True,56822.28571428572,0.8829282273554641,3.0642857142857127
2012-02-08,144.4,144.8,144.3,144.6,23042,17:25,17:20,True,59035.92857142857,0.39030469338889273,3.1571428571428544
2012-02-09,143.4,143.9,143.4,143.6,41848,17:25,17:20,True,57866.357142857145,0.7231835917489684,3.185714285714281
2012-02-10,143.8,144.5,143.5,143.8,83642,17:25,17:20,True,59540.5,1.4047916964083271,3.1571428571428544
2012-02-13,144.5,144.8,144.3,144.6,25825,17:25,17:20,True,63909.28571428572,0.404088384205291,3.199999999999999
2012-02-14,144.2,144.2,143.8,144.0,19832,17:25,17:20,True,48670.642857142855,0.40747355768877985,2.885714285714286
2012-02-15,143.7,144.0,143.6,143.7,6584,17:25,17:20,True,47162.857142857145,0.1396013812322045,2.885714285714286
2012-02-16,139.2,140.3,138.3,139.2,563963,17:25,17:20,True,44444.57142857143,12.689131245339299,2.800000000000001
2012-02-17,141.9,142.0,141.5,141.6,55454,17:25,17:20,True,82724.07142857143,0.6703490174305803,3.142857142857143
2012-02-20,141.4,141.4,140.9,140.9,72742,17:25,17:20,True,79630.71428571429,0.9134917431357247,3.0642857142857145
2012-02-21,140.5,140.7,139.6,139.6,66517,17:25,17:20,True,81261.21428571429,0.8185577902654314,2.9214285714285717
2012-02-22,138.6,139.7,138.4,139.2,50859,17:25,17:20,True,82062.0,0.6197631059442861,2.7571428571428567
2012-02-23,138.2,138.4,138.0,138.0,10151,17:25,17:20,True,82110.42857142857,0.12362619677681451,2.8428571428571416
2012-02-24,138.6,138.9,138.6,138.8,28501,17:25,17:20,True,81236.71428571429,0.3508389064057947,2.892857142857141
2012-02-27,137.9,137.9,137.2,137.2,35181,17:25,17:20,True,78509.28571428571,0.44811259814580623,2.8142857142857127
2012-02-28,137.7,137.7,137.4,137.4,40677,17:25,17:20,True,77438.64285714286,0.5252803832711797,2.7142857142857144
2012-02-29,137.8,138.2,137.1,137.2,88953,17:25,17:20,True,78698.28571428571,1.1303041634597233,2.699999999999999
2012-03-01,135.3,135.6,135.0,135.5,25580,17:25,17:20,True,82062.92857142857,0.31171200498572094,2.7285714285714278
2012-03-02,136.8,136.8,136.4,136.5,35816,17:25,17:20,True,77915.64285714286,0.4596766282948867,2.699999999999999
2012-03-05,137.0,137.1,136.8,137.1,14787,17:25,17:20,True,78629.28571428571,0.1880597014925373,2.7142857142857144
2012-03-06,136.1,136.1,135.7,135.8,41871,17:25,17:20,True,78268.92857142857,0.5349632448563333,2.614285714285716
2012-03-07,132.2,132.6,132.1,132.6,35321,17:25,17:20,True,80789.42857142857,0.43719828973380537,2.721428571428573
2012-03-08,135.4,135.8,135.2,135.6,46351,17:25,17:20,True,43029.28571428572,1.0771965936820438,2.450000000000003
2012-03-09,136.3,136.4,135.9,136.1,28719,17:25,17:20,True,42379.07142857143,0.6776694021813328,2.4285714285714306
2012-03-12,137.1,137.4,137.1,137.3,27734,17:25,17:20,True,39234.57142857143,0.7068765884314854,2.47857142857143
2012-03-13,138.5,138.7,138.5,138.5,10678,17:25,17:20,True,36464.357142857145,0.29283390238216966,2.4214285714285717
2012-03-14,140.1,140.3,139.5,139.7,64626,17:25,17:20,True,33594.28571428572,1.9237200204116345,2.357142857142859
2012-03-15,141.7,142.0,141.3,141.8,76265,17:25,17:20,True,37485.357142857145,2.0345277679855944,2.3214285714285756
2012-03-16,142.5,142.7,142.2,142.6,15727,17:25,17:20,True,40897.07142857143,0.384550762454175,2.30714285714286
2012-03-19,141.1,141.6,140.9,141.0,15359,17:25,17:20,True,39507.5,0.38876162753907484,2.3214285714285734
2012-03-20,140.7,141.1,140.4,140.6,42373,17:25,17:20,True,37699.07142857143,1.1239799388768577,2.2714285714285745
2012-03-21,140.0,140.0,139.5,139.9,21332,17:25,17:20,True,34371.92857142857,0.6206227257708221,2.278571428571431
2012-03-22,137.7,137.7,137.2,137.5,11305,17:25,17:20,True,34068.5,0.3318314572112068,2.307142857142858
2012-03-23,136.3,137.8,136.3,136.8,25124,17:25,17:20,True,32317.714285714286,0.7774064643892779,2.392857142857141
2012-03-26,138.0,138.0,137.3,137.4,25519,17:25,17:20,True,33056.07142857143,0.7719913134608944,2.4785714285714255
2012-03-27,138.0,138.4,137.8,137.8,21518,17:25,17:20,True,31888.071428571428,0.6747977860059629,2.3142857142857127
2012-03-28,136.5,136.7,136.3,136.5,101997,17:25,17:20,True,30902.14285714286,3.300644892864572,2.2285714285714255
2012-03-29,134.7,134.9,134.4,134.6,54137,17:25,17:20,True,34876.857142857145,1.5522327536065668,2.1999999999999966
2012-03-30,133.4,134.4,133.4,133.6,49317,17:25,17:20,True,36692.42857142857,1.344064754503654,2.2357142857142827
2012-04-02,135.2,135.8,135.1,135.4,90801,17:25,17:20,True,38234.07142857143,2.374871328302916,2.2928571428571405
2012-04-03,136.8,136.8,136.1,136.2,36788,17:25,17:20,True,43957.142857142855,0.8369060773480663,2.3214285714285694
2012-04-04,135.8,135.9,135.6,135.7,51811,17:25,17:20,True,41968.71428571428,1.2345148256694614,2.2285714285714255
2012-04-10,132.6,132.8,132.1,132.6,49217,17:25,17:20,True,40222.0,1.2236338322311173,2.357142857142855
2012-04-11,132.2,132.4,131.9,132.4,71292,17:25,17:20,True,42614.142857142855,1.6729657156074946,2.3214285714285694
2012-04-12,133.4,134.3,133.4,134.2,49816,17:25,17:20,True,46609.357142857145,1.068798263990523,2.3214285714285694
2012-04-13,134.8,134.8,134.0,134.0,36027,17:25,17:20,True,47141.0,0.7642391973017119,2.3214285714285694
2012-04-16,131.8,131.9,131.7,131.8,10046,17:25,17:20,True,48190.642857142855,0.20846370590615548,2.357142857142855
2012-04-17,133.4,133.5,132.9,133.5,48035,17:25,17:20,True,48100.71428571428,0.998633818921608,2.364285714285714
2012-04-18,137.6,137.9,137.1,137.2,29965,17:25,17:20,True,49737.21428571428,0.6024663912189925,2.5357142857142856
2012-04-19,137.2,137.5,136.8,137.0,65540,17:25,17:20,True,50054.78571428572,1.3093653097249156,2.614285714285714
2012-04-20,136.1,136.2,135.4,135.7,59845,17:25,17:20,True,53199.21428571428,1.1249226290936092,2.6000000000000005
2012-04-23,138.0,138.0,137.0,137.1,46379,17:25,17:20,True,50188.357142857145,0.9240987878520488,2.6500000000000017
2012-04-24,134.2,134.8,134.1,134.5,40543,17:25,17:20,True,49634.21428571428,0.8168357368692967,2.8500000000000023
2012-04-25,130.4,133.0,130.3,131.0,381526,17:25,17:20,True,49007.5,7.785053308167117,2.857142857142861
2012-04-26,131.5,131.6,129.5,129.6,74277,17:25,17:20,True,69773.57142857143,1.0645434722520806,3.107142857142859
2012-04-27,128.1,128.3,127.0,127.0,47241,17:25,17:20,True,72451.35714285714,0.6520374753898921,3.4357142857142873
2012-05-02,124.4,124.4,123.3,123.4,81857,17:25,17:20,True,72124.92857142857,1.1349335329869108,3.357142857142859
2012-05-03,123.2,123.3,123.1,123.1,14557,17:25,17:20,True,74456.35714285714,0.19551050519527738,3.642857142857145
2012-05-04,121.8,121.8,121.5,121.5,19881,17:25,17:20,True,70403.85714285714,0.28238509659576283,3.642857142857146
2012-05-07,119.9,119.9,119.0,119.7,96397,17:25,17:20,True,68265.64285714286,1.412086607046632,3.521428571428573
2012-05-08,121.5,121.5,120.9,121.0,28670,17:25,17:20,True,72577.78571428571,0.395024451598236,3.528571428571431
2012-05-09,119.8,120.1,119.6,119.8,43332,17:25,17:20,True,73908.07142857143,0.5862959100736146,3.492857142857144
2012-05-10,119.4,119.8,118.9,119.1,40047,17:25,17:20,True,73572.14285714286,0.5443228706517412,3.342857142857144
2012-05-11,118.7,118.7,118.4,118.5,32271,17:25,17:20,True,74292.28571428571,0.43437888186814244,3.2714285714285714
2012-05-14,117.0,117.3,116.7,117.1,42720,17:25,17:20,True,71915.92857142857,0.5940269540922287,3.3285714285714283
2012-05-15,116.2,116.8,116.1,116.8,39752,17:25,17:20,True,70692.71428571429,0.5623210312640825,3.2857142857142856
2012-05-18,115.1,116.3,115.0,116.2,117934,17:25,17:20,True,70219.35714285714,1.6795083976640548,3.028571428571429
2012-05-21,115.3,115.4,115.1,115.4,66259,17:25,17:20,True,75747.28571428571,0.8747376143605334,3.0357142857142847
2012-05-22,118.0,118.0,117.7,117.7,40375,17:25,17:20,True,53228.21428571428,0.7585262917759782,2.857142857142857
2012-05-23,117.6,117.8,117.0,117.3,79947,17:25,17:20,True,50806.642857142855,1.5735540768712752,2.6285714285714294
2012-05-24,117.7,117.7,116.5,117.5,33797,17:25,17:20,True,53142.78571428572,0.6359659085563286,2.6857142857142864
2012-05-25,117.1,117.8,117.1,117.6,28048,17:25,17:20,True,49709.92857142857,0.5642333595329475,2.4071428571428584
2012-05-28,117.2,118.0,117.2,117.7,39241,17:25,17:20,True,50673.57142857143,0.7743878888685283,2.4285714285714297
2012-05-29,117.4,117.9,117.3,117.9,43549,17:25,17:20,True,52056.42857142857,0.8365729496837223,2.535714285714288
2012-05-30,118.1,118.1,117.7,117.9,40218,17:25,17:20,True,48281.57142857143,0.8329886292019137,2.4642857142857175
2012-05-31,117.1,117.3,117.0,117.0,9615,17:25,17:20,True,49106.42857142857,0.19579921162489636,2.4500000000000037
2012-06-01,114.4,114.8,114.4,114.5,26390,17:25,17:20,True,46698.07142857143,0.565119697509686,2.5500000000000043
2012-06-04,111.6,112.7,111.6,112.6,56811,17:25,17:20,True,45722.57142857143,1.2425154190802916,2.6571428571428615
2012-06-05,112.5,112.5,112.2,112.4,15780,17:25,17:20,True,47475.42857142857,0.33238246551599626,2.5714285714285765
2012-06-07,114.0,116.1,114.0,115.1,135480,17:25,17:20,True,45551.142857142855,2.9742393165609773,2.4928571428571473
2012-06-08,116.7,117.0,116.3,116.5,66110,17:25,17:20,True,52388.857142857145,1.2619095663745288,2.750000000000004
2012-06-11,117.8,117.9,117.6,117.7,71670,17:25,17:20,True,48687.142857142855,1.4720518764120771,2.721428571428575
2012-06-12,115.2,115.4,115.0,115.3,29362,17:25,17:20,True,49073.642857142855,0.5983252575211307,2.6857142857142895
2012-06-13,115.7,116.2,115.6,115.7,41878,17:25,17:20,True,48287.0,0.8672727649263777,2.614285714285718
2012-06-14,113.1,114.0,112.8,113.8,65526,17:25,17:20,True,45567.78571428572,1.4379895571589578,2.6642857142857173
2012-06-15,112.1,113.1,107.0,109.4,335120,17:25,17:20,True,47834.142857142855,7.005874465041408,2.6785714285714315
2012-06-18,113.0,113.0,112.5,112.9,79303,17:25,17:20,True,69767.85714285714,1.136669567443051,2.971428571428574
2012-06-19,112.1,112.6,112.1,112.6,27221,17:25,17:20,True,72629.42857142857,0.3747929804132918,2.9285714285714306
2012-06-20,115.2,115.5,114.9,115.1,42755,17:25,17:20,True,71463.14285714286,0.598280432270781,2.971428571428573
2012-06-21,114.9,114.9,114.6,114.9,6901,17:25,17:20,True,71644.35714285714,0.0963230081922512,2.8928571428571437
2012-06-25,112.2,112.2,111.0,111.5,151258,17:25,17:20,True,71450.5,2.1169620926375603,2.721428571428573
2012-06-26,109.6,109.9,109.6,109.6,62678,17:25,17:20,True,80369.64285714286,0.7798715755326949,2.8714285714285728
2012-06-27,109.6,110.2,109.6,110.0,15769,17:25,17:20,True,80788.71428571429,0.19518815393239153,2.8785714285714294
2012-06-28,110.6,110.6,110.2,110.5,18188,17:25,17:20,True,80787.92857142857,0.22513264446332595,2.8785714285714294
2012-06-29,111.8,112.5,111.3,112.1,89143,17:25,17:20,True,72409.92857142857,1.2310880808571043,2.592857142857144
2012-07-02,113.5,113.7,113.1,113.3,17685,17:25,17:20,True,74055.14285714286,0.2388085326378413,2.664285714285716
2012-07-03,114.3,114.4,114.0,114.1,8662,17:25,17:20,True,70199.07142857143,0.12339194555890542,2.6000000000000014
2012-07-04,115.5,115.5,115.1,115.5,20301,17:25,17:20,True,68720.5,0.2954140322029089,2.635714285714286
2012-07-05,114.8,114.9,114.7,114.8,6290,17:25,17:20,True,67179.28571428571,0.09363005178041701,2.471428571428572
2012-07-06,114.0,114.7,114.0,114.4,40156,17:25,17:20,True,62948.142857142855,0.6379219175874927,2.5071428571428576
2012-07-09,113.4,113.4,112.8,112.9,23547,17:25,17:20,True,41879.28571428572,0.5622588732922856,2.171428571428573
2012-07-10,112.3,112.5,112.2,112.3,8197,17:25,17:20,True,37896.71428571428,0.21629843522054307,2.1571428571428592
2012-07-11,111.7,111.7,111.3,111.5,26085,17:25,17:20,True,36537.857142857145,0.7139170723124743,2.1214285714285737
2012-07-12,111.8,111.8,111.0,111.3,11010,17:25,17:20,True,35347.142857142855,0.3114820353231217,2.142857142857146
2012-07-13,112.1,112.1,111.6,111.8,16756,17:25,17:20,True,35640.642857142855,0.4701374233669827,2.1214285714285737
2012-07-16,113.5,113.5,113.2,113.4,23237,17:25,17:20,True,26033.35714285714,0.8925856113173484,1.8785714285714314
2012-07-17,114.6,115.0,114.6,115.0,35422,17:25,17:20,True,23216.14285714286,1.5257487093340225,1.8785714285714303
2012-07-18,114.2,114.6,114.1,114.2,31581,17:25,17:20,True,24619.928571428572,1.2827413332404933,1.9142857142857161
2012-07-19,112.9,112.9,112.3,112.3,31367,17:25,17:20,True,25576.571428571428,1.2263958086641793,2.114285714285716
2012-07-20,112.0,112.2,111.8,112.1,26791,17:25,17:20,True,21449.714285714286,1.2490143058848602,2.0214285714285722
2012-07-23,111.3,111.7,111.3,111.6,35944,17:25,17:20,True,22100.14285714286,1.6264148260192242,2.0714285714285734
2012-07-24,110.2,110.6,110.1,110.5,17442,17:25,17:20,True,24048.85714285714,0.7252735502726593,2.1214285714285745
2012-07-25,111.4,111.5,110.0,110.5,128269,17:25,17:20,True,23844.64285714286,5.379363438927581,2.0928571428571456
2012-07-26,114.0,114.8,114.0,114.6,222218,17:25,17:20,True,32557.428571428572,6.825416187659608,2.028571428571431
2012-07-27,117.1,117.3,116.5,116.8,86642,17:25,17:20,True,45561.857142857145,1.9016345125778769,2.385714285714287
2012-07-30,120.0,120.1,119.7,119.7,55562,17:25,17:20,True,50068.642857142855,1.1097165177520576,2.5928571428571425
2012-07-31,118.9,119.0,118.3,118.4,15135,17:25,17:20,True,53451.857142857145,0.28315199525340556,2.5928571428571416
2012-08-01,118.8,119.0,118.7,119.0,16570,17:25,17:20,True,52669.71428571428,0.31460204834439964,2.5999999999999983
2012-08-02,118.5,118.8,118.4,118.8,10968,17:25,17:20,True,53066.857142857145,0.206682675223707,2.5999999999999983
2012-08-03,117.6,118.1,117.4,118.1,40759,17:25,17:20,True,52653.42857142857,0.7740996380645406,2.749999999999998
2012-08-06,121.6,121.6,120.9,121.2,42308,17:25,17:20,True,53905.0,0.7848622576755403,2.949999999999999
2012-08-07,120.7,120.9,120.6,120.6,28044,17:25,17:20,True,54396.857142857145,0.515544490490522,2.964285714285713
2012-08-08,121.1,121.1,121.1,121.1,1473,17:25,17:20,True,54144.21428571428,0.027205122826736535,2.7714285714285714
2012-08-09,121.2,121.4,120.8,120.9,59238,17:25,17:20,True,52008.92857142857,1.1389967381974249,2.7857142857142847
2012-08-10,119.5,119.7,119.2,119.6,33497,17:25,17:20,True,54326.57142857143,0.6165859379519625,2.7357142857142844
2012-08-13,118.7,118.8,118.7,118.8,14129,17:25,17:20,True,54151.78571428572,0.26091475680131904,2.6785714285714266
2012-08-14,120.0,120.0,119.6,119.6,13373,17:25,17:20,True,53915.142857142855,0.24803792202561697,2.699999999999999
2012-08-15,119.6,119.7,119.4,119.7,13451,17:25,17:20,True,45708.28571428572,0.2942792491514511,2.614285714285713
2012-08-16,119.3,119.4,119.2,119.2,16656,17:25,17:20,True,30796.35714285714,0.5408431887816045,2.221428571428571
2012-08-17,120.5,121.0,120.5,120.5,71561,17:25,17:20,True,25797.35714285714,2.773966325454158,1.9857142857142855
2012-08-20,120.1,120.1,119.8,120.1,57376,17:25,17:20,True,26940.14285714286,2.1297585652849436,1.914285714285715
2012-08-21,119.7,119.9,119.3,119.4,112581,17:25,17:20,True,29957.35714285714,3.7580417879700434,1.9357142857142873
2012-08-22,119.0,119.0,118.8,118.9,49623,17:20,17:20,True,36815.28571428572,1.3478912097847555,1.971428571428573
2012-08-23,118.7,119.2,118.6,118.8,49747,17:25,17:20,True,39576.357142857145,1.2569878480839027,1.857142857142858
2012-08-24,117.0,117.2,116.6,117.2,8241,17:25,17:20,True,40218.357142857145,0.2049064304324429,1.7142857142857153
2012-08-27,116.5,116.5,116.1,116.2,17350,17:25,17:20,True,37785.0,0.4591769220590181,1.6928571428571442
2012-08-28,115.5,115.5,115.3,115.4,38988,17:25,17:20,True,37021.142857142855,1.0531279423341102,1.6785714285714286
2012-08-29,114.8,115.5,114.6,115.3,105531,17:25,17:20,True,39700.78571428572,2.658158978501685,1.6857142857142864
2012-08-30,116.0,116.0,115.3,115.4,30146,17:25,17:20,True,43007.42857142857,0.7009486733188951,1.7071428571428575
2012-08-31,114.5,114.7,114.2,114.5,11583,17:25,17:20,True,42768.07142857143,0.27083288100435404,1.7071428571428575
2012-09-03,115.3,115.3,114.7,114.9,19957,17:25,17:20,True,42586.21428571428,0.4686258296195785,1.8000000000000003
2012-09-04,117.5,117.9,117.4,117.5,32635,17:25,17:20,True,43056.5,0.757957567382393,1.9571428571428575
2012-09-05,115.4,116.1,115.4,116.0,42255,17:25,17:20,True,44426.78571428572,0.9511153985288797,2.085714285714286
2012-09-06,117.5,119.1,117.0,119.0,265247,17:25,17:20,True,46255.28571428572,5.734414908566434,2.1000000000000005
2012-09-07,121.7,121.9,121.4,121.8,56702,17:25,17:20,True,60090.0,0.9436179064736229,2.4071428571428575
2012-09-10,123.6,123.9,123.4,123.9,95951,17:25,17:20,True,60041.857142857145,1.5980684903150897,2.499999999999999
2012-09-11,123.2,123.7,123.1,123.4,14065,17:25,17:20,True,58854.0,0.23898120773439357,2.499999999999999
2012-09-12,125.3,125.4,124.6,124.6,63590,17:25,17:20,True,56314.142857142855,1.1292012409975674,2.499999999999999
2012-09-13,126.3,126.5,126.1,126.4,35043,17:25,17:20,True,57302.92857142857,0.6115394251852,2.5499999999999994
2012-09-14,129.7,129.8,129.2,129.8,223037,17:25,17:20,True,59217.357142857145,3.766412598622749,2.5714285714285703
2012-09-17,131.0,131.4,130.3,130.5,81932,17:25,17:20,True,73909.28571428571,1.1085481236651107,2.828571428571429
2012-09-18,130.1,130.5,129.8,129.8,36565,17:25,17:20,True,76976.71428571429,0.4750137796773421,2.8142857142857145
2012-09-19,129.1,129.3,129.1,129.3,46210,17:25,17:20,True,72050.57142857143,0.6413550799636762,2.8214285714285725
2012-09-20,128.1,128.3,128.0,128.2,19958,17:25,17:20,True,73198.0,0.2726577228886035,2.82857142857143
2012-09-21,128.8,129.1,128.6,128.6,82013,17:25,17:20,True,73796.21428571429,1.1113442714347521,2.785714285714287
2012-09-24,128.1,128.2,127.9,128.1,22502,17:25,17:20,True,78228.78571428571,0.2876434779670983,2.6785714285714284
2012-09-25,127.6,128.0,127.5,127.8,25210,17:25,17:20,True,77505.0,0.32526933746209924,2.578571428571429
2012-09-26,126.1,126.6,126.1,126.4,62097,17:25,17:20,True,76287.5,0.8139865639849254,2.6571428571428575
2012-09-27,125.4,125.9,125.4,125.9,64565,17:25,17:20,True,61776.78571428572,1.0451336898395722,2.4357142857142855
2012-09-28,125.3,125.5,125.1,125.3,51122,17:25,17:20,True,62338.42857142857,0.8200720032816263,2.3500000000000005
2012-10-01,123.9,124.2,123.7,124.1,25341,17:25,17:20,True,59136.357142857145,0.4285181100821467,2.385714285714286
2012-10-02,125.4,125.7,125.4,125.7,32190,17:25,17:20,True,59941.78571428572,0.5370210382692732,2.385714285714286
2012-10-03,126.7,126.8,125.8,126.5,86904,17:25,17:20,True,57698.92857142857,1.5061631498480412,2.342857142857144
2012-10-04,128.4,128.4,127.8,128.2,23692,17:25,17:20,True,61403.28571428572,0.3858425444892432,2.400000000000001
2012-10-05,128.3,128.7,128.3,128.5,37078,17:25,17:20,True,47164.357142857145,0.7861445007655599,2.1285714285714286
2012-10-08,128.1,128.4,127.8,127.8,47041,17:25,17:20,True,43960.5,1.070074271220755,2.0928571428571425
2012-10-09,127.9,128.1,127.8,128.0,12275,17:25,17:20,True,44708.78571428572,0.27455453785849054,2.007142857142856
2012-10-10,126.5,126.5,126.1,126.3,20128,17:25,17:20,True,42284.857142857145,0.4760096488442333,1.9857142857142835
2012-10-11,125.0,125.0,124.4,124.4,26686,17:25,17:20,True,42297.0,0.6309194505520486,1.9928571428571413
2012-10-12,126.4,126.9,126.4,126.4,22580,17:25,17:20,True,38345.07142857143,0.5888631617771701,2.1357142857142852
2012-10-15,126.7,127.1,126.7,127.0,31274,17:25,17:20,True,38350.642857142855,0.8154752481332964,2.1785714285714266
2012-10-16,127.3,127.6,127.1,127.4,35909,17:25,17:20,True,38783.78571428572,0.9258766089658232,2.0999999999999983
2012-10-17,127.5,127.7,127.4,127.7,17546,17:25,17:20,True,36913.21428571428,0.47533113383708897,2.049999999999998
2012-10-18,128.9,129.0,128.3,128.9,28465,17:25,17:20,True,33554.71428571428,0.8483159700787202,2.078571428571425
2012-10-19,129.8,130.4,129.8,129.8,31294,17:25,17:20,True,31936.35714285714,0.9798863364414494,2.0428571428571396
2012-10-22,127.8,128.3,127.2,128.2,54100,17:25,17:20,True,32361.571428571428,1.6717358772088589,2.035714285714284
2012-10-23,128.8,128.9,128.7,128.7,27043,17:25,17:20,True,33926.57142857143,0.7971038292783574,2.028571428571425
2012-10-24,125.8,126.0,125.1,125.6,23872,17:25,17:20,True,29650.785714285714,0.8051051405527678,2.0928571428571394
2012-10-25,126.8,126.8,125.4,125.7,35484,17:25,17:20,True,29663.64285714286,1.1962118129215418,2.135714285714282
2012-10-26,124.1,124.4,124.1,124.2,22981,17:25,17:20,True,29549.785714285714,0.777704455193052,2.2571428571428536
2012-10-29,121.8,121.9,121.7,121.7,19402,17:25,17:20,True,27831.214285714286,0.6971309192915457,2.3928571428571397
2012-10-30,121.2,121.8,121.2,121.8,5920,17:25,17:20,True,28340.285714285714,0.20888991944833704,2.414285714285712
2012-10-31,121.9,121.9,121.1,121.1,62392,17:25,17:20,True,27325.428571428572,2.283294471920451,2.3785714285714263
2012-11-01,119.4,119.8,119.4,119.7,23599,17:25,17:20,True,29875.85714285714,0.7899020231338253,2.278571428571426
2012-11-05,122.7,122.7,121.9,121.9,57517,17:25,17:20,True,29948.64285714286,1.9205210825198373,2.3428571428571408
2012-11-06,122.5,122.9,122.5,122.5,36881,17:25,17:20,True,31823.14285714286,1.1589364433790323,2.3214285714285694
2012-11-07,125.0,125.5,124.9,125.5,74108,17:25,17:20,True,31892.571428571428,2.3236759119902533,2.3785714285714272
2012-11-08,123.1,123.9,123.1,123.7,66068,17:25,17:20,True,35932.71428571428,1.8386587630054587,2.471428571428571
2012-11-09,123.1,123.3,123.0,123.0,15551,17:25,17:20,True,38618.642857142855,0.40268116250293623,2.4571428571428564
2012-11-12,123.7,123.7,123.5,123.5,13195,17:25,17:20,True,37494.142857142855,0.35192163347418076,2.407142857142856
2012-11-13,123.1,123.7,122.9,123.6,76450,17:25,17:20,True,34572.357142857145,2.2113042418282154,2.3000000000000003
2012-11-14,123.2,123.2,122.6,122.6,29400,17:25,17:20,True,38101.42857142857,0.7716246110007123,2.192857142857143
2012-11-15,121.9,121.9,121.3,121.7,28525,17:25,17:20,True,38496.28571428572,0.7409805769758863,2.1571428571428575
2012-11-16,120.8,120.8,120.2,120.5,41343,17:25,17:20,True,37999.21428571428,1.0879961803721507,2.0214285714285722
2012-11-19,120.2,120.3,120.0,120.0,25137,17:25,17:20,True,39310.78571428572,0.6394428283041186,1.9285714285714286
2012-11-20,121.9,121.9,121.6,121.8,33785,17:25,17:20,True,39720.42857142857,0.8505698758825073,1.9785714285714289
2012-11-21,122.1,122.4,122.1,122.4,16914,17:25,17:20,True,41710.78571428572,0.4055066264121476,1.9571428571428575
2012-11-22,123.7,123.8,123.4,123.5,22624,17:25,17:20,True,38462.357142857145,0.5882114794985078,1.914285714285715
2012-11-23,124.5,124.5,124.5,124.5,8592,17:25,17:20,True,38392.71428571428,0.2237924606231093,1.8428571428571436
2012-11-26,125.0,125.2,125.0,125.0,20297,17:25,17:20,True,34898.07142857143,0.5816080708512341,1.8642857142857159
2012-11-27,124.8,125.5,124.8,125.4,45784,17:25,17:20,True,33713.5,1.3580316490426683,1.8000000000000012
2012-11-28,126.1,126.5,126.0,126.4,41711,17:25,17:20,True,31690.35714285714,1.3162047941577542,1.7357142857142875
2012-11-29,127.8,128.1,127.8,127.9,24574,17:25,17:20,True,29950.571428571428,0.8204851803447585,1.7285714285714309
2012-11-30,130.0,130.0,129.1,129.6,27545,17:25,17:20,True,30595.071428571428,0.9003084063492953,1.8285714285714292
2012-12-03,130.3,130.4,130.0,130.1,45894,17:25,17:20,True,31620.071428571428,1.4514198711939297,1.8857142857142872
2012-12-04,129.9,129.9,129.6,129.6,20735,17:20,17:20,True,29437.5,0.7043736730360934,1.8785714285714294
2012-12-05,131.0,131.2,130.8,131.0,35985,17:25,17:20,True,28818.571428571428,1.2486739701581322,1.8714285714285717
2012-12-06,131.0,131.5,131.0,131.5,42775,17:25,17:20,True,29351.428571428572,1.457339628151465,1.8428571428571427
2012-12-07,132.1,132.2,131.8,132.0,42233,17:25,17:20,True,29453.714285714286,1.4338768818873195,1.8500000000000014
2012-12-10,132.6,132.8,132.5,132.8,76865,17:25,17:20,True,30674.85714285714,2.505798140869209,1.778571428571429
2012-12-11,133.0,133.0,132.7,132.8,18451,17:25,17:20,True,33752.0,0.5466639013984357,1.7999999999999992
2012-12-12,133.5,133.5,133.3,133.3,19714,17:25,17:20,True,33861.78571428572,0.5821902059844114,1.75
2012-12-13,134.6,134.9,134.3,134.9,65118,17:25,17:20,True,33653.92857142857,1.934930118538485,1.7642857142857145
2012-12-14,135.5,135.7,135.1,135.5,54994,17:25,17:20,True,37691.5,1.4590557552763885,1.7714285714285722
2012-12-17,136.4,136.5,136.0,136.4,37460,17:25,17:20,True,40169.857142857145,0.9325400353498892,1.7428571428571442
2012-12-18,136.3,136.7,136.3,136.7,59654,17:25,17:20,True,39575.28571428572,1.5073548787663296,1.6214285714285726
2012-12-19,136.7,137.0,136.7,136.9,54146,17:25,17:20,True,40856.92857142857,1.32525869890926,1.5714285714285725
2012-12-20,135.6,135.6,135.3,135.3,28872,17:25,17:20,True,42969.21428571428,0.6719229215601203,1.4857142857142887
2012-12-21,135.1,135.6,134.8,135.6,108890,17:25,17:20,True,43064.0,2.5285621400705924,1.4285714285714306
2012-12-27,135.2,135.5,135.0,135.4,39939,17:25,17:20,True,47563.71428571428,0.8396947252707647,1.3642857142857159
2012-12-28,134.9,135.5,134.9,135.4,18202,17:25,17:20,True,48935.42857142857,0.3719595501944253,1.3785714285714314
2013-01-02,135.7,136.3,135.5,135.6,64301,17:25,17:20,True,47665.21428571428,1.3490131317687504,1.4285714285714306
2013-01-03,137.4,137.5,136.5,136.8,87430,17:25,17:20,True,49202.78571428572,1.776931910068971,1.6142857142857159
2013-01-04,136.4,136.5,136.1,136.1,37485,17:25,17:20,True,52431.142857142855,0.7149376869799302,1.6214285714285726
2013-01-07,137.5,137.5,136.9,137.0,34879,17:25,17:20,True,49618.28571428572,0.702946494379952,1.6285714285714314
2013-01-08,135.9,136.7,135.9,136.5,86671,17:25,17:20,True,50791.71428571428,1.7064003690140688,1.6785714285714306
2013-01-09,137.5,138.1,137.3,137.9,89018,17:25,17:20,True,55574.357142857145,1.6017819112360403,1.664285714285715
2013-01-10,139.6,139.7,139.5,139.5,41852,17:25,17:20,True,57281.5,0.7306372912720512,1.721428571428571
2013-01-11,139.1,139.5,139.1,139.3,32576,17:25,17:20,True,56342.78571428572,0.5781751751713681,1.7071428571428575
2013-01-14,139.3,139.3,139.2,139.2,17255,17:25,17:20,True,55993.92857142857,0.30815841003169986,1.7142857142857142
2013-01-15,136.6,136.6,135.9,136.1,103162,17:25,17:20,True,52965.42857142857,1.9477233127808435,1.807142857142858
2013-01-16,136.0,136.4,136.0,136.4,23201,17:25,17:20,True,56466.57142857143,0.410880267971442,1.828571428571428
2013-01-17,136.9,137.0,136.6,137.0,34748,17:25,17:20,True,56061.5,0.6198193055840461,1.9071428571428564
2013-01-18,138.4,138.4,137.3,137.3,193732,17:25,17:20,True,50765.642857142855,3.816203028201019,2.0
2013-01-21,137.7,138.0,137.6,138.0,94814,17:25,17:20,True,61750.857142857145,1.5354280796564999,2.085714285714285
2013-01-23,135.8,135.9,135.4,135.4,64650,17:25,17:20,True,67223.14285714286,0.9617223660219058,2.107142857142857
2013-01-24,136.7,136.9,136.4,136.6,37336,17:25,17:20,True,67248.07142857143,0.5551980779055798,1.9785714285714278
2013-01-25,136.6,136.7,136.2,136.4,46401,17:25,17:20,True,63669.92857142857,0.7287741802308558,1.9571428571428575
2013-01-28,137.5,137.7,137.4,137.5,30827,17:25,17:20,True,64306.78571428572,0.479373982972248,1.914285714285715
2013-01-29,137.0,137.0,136.8,136.9,8393,17:25,17:20,True,64017.357142857145,0.13110506860304627,1.8785714285714294
2013-01-30,137.0,137.1,136.8,137.0,36581,17:25,17:20,True,58426.07142857143,0.6261074740361752,1.8000000000000032
2013-01-31,137.4,138.0,137.3,137.9,29638,17:25,17:20,True,54680.57142857143,0.5420206707004839,1.721428571428575
2013-02-01,136.1,136.1,135.6,135.8,100364,17:25,17:20,True,53808.142857142855,1.8652195498822537,1.750000000000002
2013-02-04,137.6,137.6,137.0,137.0,41891,17:25,17:20,True,58650.142857142855,0.7142523097008654,1.8428571428571456
2013-02-05,133.4,133.8,133.2,133.8,32613,17:25,17:20,True,60409.857142857145,0.539862226836207,2.000000000000002
2013-02-06,134.3,134.4,134.0,134.1,38807,17:25,17:20,True,55370.642857142855,0.700858758315714,1.9785714285714318
2013-02-07,135.0,135.0,134.4,134.4,17247,17:25,17:20,True,56485.357142857145,0.3053357697001119,1.9928571428571453
2013-02-08,134.5,134.9,134.5,134.9,9685,17:25,17:20,True,55235.28571428572,0.17534081474833632,1.9285714285714306
2013-02-11,135.4,135.6,135.2,135.2,28700,17:25,17:20,True,42089.07142857143,0.6818872221665957,1.8142857142857167
2013-02-12,134.4,134.6,133.9,134.0,38986,17:25,17:20,True,37366.642857142855,1.0433369716687726,1.778571428571431
2013-02-13,134.1,134.3,134.1,134.3,11730,17:25,17:20,True,35533.5,0.33011102199333026,1.7142857142857164
2013-02-14,138.2,140.1,138.2,139.5,1103496,17:25,17:20,True,33704.5,32.74031657493806,1.7642857142857156
2013-02-15,142.8,143.5,142.7,143.4,130927,17:25,17:20,True,109211.28571428571,1.1988413023771745,2.2571428571428567
2013-02-18,143.0,143.5,142.8,143.5,78293,17:25,17:20,True,116361.28571428571,0.6728440608007819,2.3214285714285716
2013-02-19,143.9,144.3,143.9,144.0,16565,17:25,17:20,True,121354.14285714286,0.13650131433502183,2.4071428571428544
2013-02-20,145.3,145.5,145.1,145.1,16162,17:25,17:20,True,119924.42857142857,0.13476820521495086,2.4499999999999966
2013-02-21,145.6,145.9,145.5,145.8,63980,17:25,17:20,True,118961.85714285714,0.5378194451282704,2.4785714285714255
2013-02-22,146.3,146.8,146.2,146.4,52444,17:25,17:20,True,116363.0,0.45069308972783445,2.4928571428571393
2013-02-25,148.1,148.5,148.0,148.5,60936,17:25,17:20,True,117116.78571428571,0.5203011645884602,2.328571428571426
2013-02-26,144.1,144.9,144.0,144.8,157425,17:25,17:20,True,119139.85714285714,1.3213462209480094,2.4357142857142833
2013-02-27,145.8,145.8,145.2,145.6,100423,17:25,17:20,True,127612.57142857143,0.7869365758859405,2.449999999999999
2013-02-28,147.2,147.6,147.1,147.5,52904,17:25,17:20,True,133553.7142857143,0.39612526153201066,2.5
2013-03-01,147.1,147.3,146.9,147.3,44193,17:25,17:20,True,136640.7857142857,0.3234246624752806,2.5499999999999994
2013-03-04,144.4,144.8,144.3,144.6,163332,17:25,17:20,True,137747.42857142858,1.1857353831857893,2.6214285714285706
2013-03-05,145.3,145.5,145.1,145.5,90304,17:25,17:20,True,146629.2857142857,0.6158660567709627,2.6857142857142855
2013-03-06,146.7,146.8,146.7,146.7,23423,17:25,17:20,True,152241.7142857143,0.15385402161224818,2.6785714285714284
2013-03-07,147.1,147.5,146.9,147.2,55463,17:25,17:20,True,75093.64285714286,0.7385844911734016,2.1714285714285717
2013-03-08,146.0,146.1,145.5,145.7,99059,17:25,17:20,True,69703.35714285714,1.4211510615905976,2.1785714285714284
2013-03-11,146.0,146.0,145.6,145.7,49339,17:25,17:20,True,71186.64285714286,0.6930935077106158,2.1285714285714294
2013-03-12,145.4,145.6,145.4,145.5,10199,17:25,17:20,True,73527.64285714286,0.13870973695995772,2.0357142857142856
2013-03-13,145.9,146.0,145.5,145.5,46205,17:25,17:20,True,73101.71428571429,0.6320645206678757,1.971428571428571
2013-03-14,147.0,147.2,146.5,147.2,34735,17:25,17:20,True,71832.07142857143,0.4835583787186185,1.9071428571428584
2013-03-15,148.0,148.3,147.8,148.0,94948,17:25,17:20,True,70567.14285714286,1.3454987144968318,1.8428571428571416
2013-03-18,146.4,147.2,146.3,147.0,97693,17:25,17:20,True,72996.57142857143,1.3383231306362724,1.7071428571428555
2013-03-19,146.5,146.9,146.4,146.6,77767,17:25,17:20,True,68730.0,1.1314855230612542,1.7071428571428555
2013-03-20,147.0,147.1,146.9,146.9,42980,17:25,17:20,True,67111.71428571429,0.6404247076303476,1.6499999999999955
2013-03-21,148.0,148.4,147.7,148.3,44324,17:25,17:20,True,66402.85714285714,0.6675013983907749,1.664285714285711
2013-03-22,146.2,146.2,145.6,146.1,26843,17:25,17:20,True,66412.21428571429,0.40418769783097125,1.69285714285714
2013-03-25,147.7,147.9,147.5,147.6,47013,17:25,17:20,True,56663.0,0.829694862608757,1.6357142857142841
2013-03-26,147.1,147.8,146.8,147.5,68122,17:25,17:20,True,53570.78571428572,1.2716259261777807,1.7071428571428555
2013-03-27,148.7,148.8,148.5,148.6,35116,17:25,17:20,True,56763.57142857143,0.6186361977626496,1.7571428571428567
2013-04-02,147.1,147.1,146.6,146.9,118266,17:25,17:20,True,55310.21428571428,2.1382307323757046,1.807142857142858
2013-04-03,147.9,148.4,147.9,148.1,14753,17:25,17:20,True,56682.142857142855,0.2602759750488312,1.835714285714287
2013-04-04,146.8,147.7,146.8,147.5,66842,17:25,17:20,True,54211.71428571428,1.2329807474399312,1.9642857142857164
2013-04-05,145.5,145.6,145.0,145.0,41079,17:25,17:20,True,58257.642857142855,0.7051263660071578,2.092857142857144
2013-04-08,142.2,142.6,142.0,142.6,63772,17:25,17:20,True,57891.5,1.1015779518582176,2.242857142857141
2013-04-09,141.5,141.6,141.1,141.3,35567,17:25,17:20,True,59965.57142857143,0.5931236733458961,2.3428571428571416
2013-04-10,141.2,141.7,141.2,141.7,33285,17:25,17:20,True,55724.07142857143,0.5973181633482324,2.3499999999999983
2013-04-11,144.6,144.6,144.4,144.5,32740,17:25,17:20,True,51123.5,0.6404099875790977,2.42142857142857
2013-04-12,144.2,144.3,143.7,143.9,50829,17:25,17:20,True,47907.28571428572,1.0609868466174246,2.442857142857142
2013-04-15,144.3,145.4,144.1,144.2,129795,17:25,17:20,True,48467.92857142857,2.6779564100561344,2.407142857142856
2013-04-16,142.2,142.4,141.4,141.7,103990,17:25,17:20,True,54573.0,1.9055210452055045,2.4285714285714284
2013-04-17,143.5,143.6,143.3,143.6,41876,17:25,17:20,True,60083.5,0.6969633926119484,2.5142857142857133
2013-04-18,140.5,140.5,139.8,139.9,28088,17:25,17:20,True,59716.57142857143,0.4703552017147669,2.6142857142857117
2013-04-19,140.3,140.4,139.9,140.4,94344,17:25,17:20,True,56857.0,1.659320752062191,2.69285714285714
2013-04-22,141.0,141.0,140.5,141.0,72249,17:25,17:20,True,61087.57142857143,1.1827119381309736,2.685714285714281
2013-04-23,138.3,138.3,137.9,138.0,44346,17:25,17:20,True,57800.642857142855,0.7672233007789088,2.8714285714285666
2013-04-24,146.6,148.9,144.4,147.6,490693,17:25,17:20,True,59914.42857142857,8.189897019797282,3.192857142857138
2013-04-25,148.4,148.9,148.3,148.9,28862,17:25,17:20,True,90189.5,0.32001507936067947,3.3142857142857105
2013-04-26,150.3,150.8,150.3,150.7,45835,17:25,17:20,True,89316.85714285714,0.5131730052557668,3.2928571428571405
2013-04-29,145.6,145.8,145.3,145.7,123554,17:25,17:20,True,88035.64285714286,1.4034542827215275,3.249999999999998
2013-05-02,146.0,146.0,144.5,144.8,229739,17:25,17:20,True,94320.42857142857,2.43572896645629,3.4499999999999966
2013-05-03,146.6,146.8,146.2,146.5,50444,17:25,17:20,True,108352.85714285714,0.46555302121375924,3.392857142857139
2013-05-06,147.8,148.4,147.5,147.5,33574,17:25,17:20,True,109617.42857142857,0.3062834116576874,3.4571428571428533
2013-05-07,148.1,148.5,147.7,147.9,54035,17:25,17:20,True,108384.92857142857,0.4985471754441347,3.449999999999995
2013-05-10,149.0,149.1,146.4,146.5,261213,17:25,17:20,True,102973.5,2.5367011901120193,3.328571428571422
2013-05-13,148.6,148.7,148.2,148.6,58779,17:25,17:20,True,114203.71428571429,0.5146855368727061,3.328571428571422
2013-05-14,147.3,147.5,147.0,147.5,23690,17:25,17:20,True,115411.07142857143,0.20526626871029333,3.157142857142852
2013-05-15,147.9,147.9,147.7,147.9,80949,17:25,17:20,True,115096.92857142857,0.7033115566569047,3.1214285714285666
2013-05-16,147.8,148.2,147.1,147.4,219423,17:25,17:20,True,114140.14285714286,1.9223999068813902,3.0642857142857105
2013-05-21,149.0,149.0,148.7,148.7,30947,17:25,17:20,True,124652.57142857143,0.2482660377185503,2.9285714285714244
2013-05-22,149.8,150.0,149.5,150.0,37201,17:25,17:20,True,123695.5,0.30074659142814414,2.5785714285714243
2013-05-23,146.4,147.3,146.4,147.3,132950,17:25,17:20,True,91303.21428571429,1.4561371255119324,2.357142857142853
2013-05-24,147.5,147.7,147.5,147.7,25761,17:25,17:20,True,98738.07142857143,0.2609024019537984,2.278571428571425
2013-05-27,148.2,148.7,148.2,148.4,15347,17:25,17:20,True,97304.21428571429,0.1577218429094614,2.278571428571427
2013-05-28,148.0,148.1,147.7,147.8,61761,17:25,17:20,True,89575.14285714286,0.6894881551961163,2.0999999999999983
2013-05-29,148.4,148.9,148.0,148.9,41669,17:25,17:20,True,77576.71428571429,0.5371328288864294,2.028571428571427
2013-05-30,146.6,146.7,146.2,146.5,67237,17:25,17:20,True,76949.92857142857,0.8737759897670007,1.9928571428571413
2013-05-31,147.0,147.2,146.8,146.8,28611,17:25,17:20,True,79354.42857142857,0.36054698540544144,1.9928571428571433
2013-06-03,144.7,145.0,144.5,144.9,203523,17:25,17:20,True,77538.42857142857,2.6248017112252175,2.0714285714285716
2013-06-04,145.1,145.8,145.0,145.5,89651,17:25,17:20,True,73417.71428571429,1.221108568582125,2.0428571428571445
2013-06-05,145.1,145.3,145.0,145.1,30947,17:25,17:20,True,75622.85714285714,0.4092281245277316,1.9928571428571433
2013-06-07,143.1,143.1,142.1,142.3,161097,17:25,17:20,True,76141.21428571429,2.1157661000190435,1.9571428571428555
2013-06-10,144.0,144.0,143.3,143.6,53666,17:25,17:20,True,81866.07142857143,0.6555340822336132,2.0428571428571405
2013-06-11,144.6,144.6,143.9,144.3,44864,17:25,17:20,True,70026.28571428571,0.6406737062001208,2.0642857142857127
2013-06-12,143.2,143.3,142.5,142.8,103266,17:25,17:20,True,71020.35714285714,1.4540338031852034,2.057142857142856
2013-06-13,141.3,141.5,139.5,140.7,213406,17:25,17:20,True,75739.28571428571,2.8176394586693077,2.0928571428571416
2013-06-14,142.7,143.0,142.1,142.6,54516,17:25,17:20,True,81486.14285714286,0.6690217267440739,2.1214285714285706
2013-06-17,142.0,142.9,142.0,142.6,101898,17:25,17:20,True,83540.07142857143,1.2197499745631053,2.1214285714285688
2013-06-18,144.9,145.6,144.9,144.9,106337,17:25,17:20,True,89722.28571428571,1.185179347064593,2.3714285714285706
2013-06-19,146.0,146.0,145.3,145.7,86788,17:25,17:20,True,92906.28571428571,0.934145621394216,2.392857142857143
2013-06-20,143.1,143.4,142.8,142.9,75159,17:25,17:20,True,96129.07142857143,0.7818550505384501,2.357142857142857
2013-06-24,141.1,141.1,140.3,140.7,158397,17:25,17:20,True,96694.92857142857,1.63811072969553,2.449999999999999
2013-06-25,141.5,142.1,141.1,141.3,35416,17:25,17:20,True,105965.35714285714,0.33422243792614165,2.528571428571427
2013-06-26,142.3,142.4,141.9,142.1,44975,17:25,17:20,True,93957.71428571429,0.47867277681145315,2.4678571428571394
2013-06-27,144.0,144.6,144.0,144.3,44993,17:25,17:20,True,90766.57142857143,0.49570011615352405,2.56785714285714
2013-06-28,146.1,146.2,145.7,146.2,24711,17:25,17:20,True,91769.85714285714,0.2692714227672018,2.6321428571428567
2013-07-01,146.2,146.6,145.5,146.4,97516,17:25,17:20,True,82028.0,1.188813575852148,2.5035714285714272
2013-07-02,145.4,145.5,144.9,145.2,35198,17:25,17:20,True,85160.14285714286,0.41331541750751943,2.460714285714285
2013-07-03,143.9,144.3,143.9,144.2,27991,17:25,17:20,True,84469.71428571429,0.33137320561215516,2.432142857142856
2013-07-04,144.8,144.8,144.5,144.5,30355,17:25,17:20,True,79092.92857142857,0.3837890510349038,2.4178571428571423
2013-07-05,146.1,146.3,145.7,145.8,15913,17:25,17:20,True,66017.85714285714,0.2410408439275088,2.4178571428571405
2013-07-08,146.3,147.5,146.3,147.4,76573,17:25,17:20,True,63260.5,1.2104393737008086,2.3821428571428567
2013-07-09,148.3,148.8,148.2,148.2,99567,17:25,17:20,True,61451.57142857143,1.6202514872338496,2.1892857142857127
2013-07-10,147.5,147.9,147.5,147.9,33045,17:25,17:20,True,60968.0,0.5420056423041596,2.2464285714285706
2013-07-11,148.8,148.9,148.3,148.6,118343,17:25,17:20,True,57129.21428571428,2.071497069925445,2.29642857142857
2013-07-12,150.0,150.0,149.3,149.4,33404,17:25,17:20,True,60213.78571428572,0.5547566824398305,2.260714285714284
2013-07-15,150.1,150.4,150.1,150.4,23211,17:25,17:20,True,51285.71428571428,0.4525821727019499,2.096428571428569
2013-07-16,150.9,151.3,150.9,151.2,57526,17:25,17:20,True,50413.92857142857,1.141073541184055,2.057142857142854
2013-07-17,150.1,150.6,150.1,150.3,39568,17:25,17:20,True,51310.42857142857,0.771149279038235,1.9785714285714258
2013-07-18,149.2,149.2,148.8,149.0,37311,17:25,17:20,True,50922.92857142857,0.7326954879993716,1.9499999999999946
2013-07-19,149.9,149.9,149.6,149.7,53905,17:25,17:20,True,51822.92857142857,1.0401766454727017,1.9785714285714238
2013-07-22,149.6,150.0,149.6,150.0,24341,17:25,17:20,True,48707.857142857145,0.4997345690780308,1.942857142857138
2013-07-23,148.7,148.8,148.4,148.7,61493,17:25,17:20,True,47932.357142857145,1.2829120799698384,1.9571428571428535
2013-07-24,147.4,147.8,147.2,147.7,15156,17:25,17:20,True,50325.357142857145,0.30116030686035866,1.9785714285714258
2013-07-25,146.3,146.3,143.9,144.2,368787,17:25,17:20,True,49239.71428571428,7.489625099368106,1.9571428571428555
2013-07-26,145.0,145.1,144.3,144.5,108064,17:25,17:20,True,74445.0,1.4515951373497213,2.3428571428571394
2013-07-29,143.2,143.8,143.2,143.6,35325,17:25,17:20,True,76694.35714285714,0.46059451198216295,2.3428571428571394
2013-07-30,142.8,143.0,142.5,142.6,37277,17:25,17:20,True,72105.64285714286,0.5169775696175948,2.271428571428566
2013-07-31,144.6,144.7,144.4,144.5,32039,17:25,17:20,True,72407.92857142857,0.4424791681258268,2.2857142857142816
2013-08-01,145.0,145.0,144.7,144.7,6510,17:25,17:20,True,66243.35714285714,0.0982740048328296,2.2357142857142827
2013-08-02,146.6,146.7,144.8,144.9,255722,17:25,17:20,True,64322.357142857145,3.975631667727173,2.3214285714285716
2013-08-05,146.8,147.0,146.8,146.8,35792,17:25,17:20,True,80930.28571428571,0.44225718078346093,2.385714285714286
2013-08-06,145.9,146.1,145.7,146.1,35048,17:25,17:20,True,79377.85714285714,0.44153371307219536,2.357142857142857
2013-08-07,145.1,145.3,145.1,145.3,29595,17:25,17:20,True,79055.0,0.37435962304724557,2.3214285714285734
2013-08-08,144.9,145.0,144.6,144.8,22372,17:25,17:20,True,78503.85714285714,0.28497962793456916,2.307142857142858
2013-08-09,146.0,146.2,146.0,146.2,23606,17:25,17:20,True,76251.5,0.30958079513189907,2.2928571428571445
2013-08-12,146.0,146.1,145.8,146.0,45469,17:25,17:20,True,76199.0,0.5967138676360583,2.3142857142857145
2013-08-13,146.8,146.8,146.4,146.5,54591,17:25,17:20,True,75054.42857142857,0.7273521501538884,2.2999999999999994
2013-08-14,147.3,147.4,147.1,147.2,26004,17:25,17:20,True,77871.21428571429,0.33393597670879666,2.2357142857142867
2013-08-15,146.6,146.8,146.4,146.8,23211,17:25,17:20,True,53386.71428571428,0.4347710907208054,1.8000000000000012
2013-08-16,146.6,147.1,146.6,146.9,63463,17:25,17:20,True,47325.78571428572,1.3409814341622883,1.6857142857142873
2013-08-19,147.1,147.1,146.8,146.9,7675,17:25,17:20,True,49335.642857142855,0.15556704150433112,1.664285714285717
2013-08-20,145.5,146.0,145.3,145.6,39674,17:25,17:20,True,47221.21428571428,0.8401732272268669,1.6071428571428612
2013-08-21,145.1,145.9,145.1,145.7,29647,17:25,17:20,True,47766.57142857143,0.6206641823630393,1.5785714285714323
2013-08-22,145.7,146.1,145.5,146.1,56348,17:25,17:20,True,49419.21428571428,1.1402042872277844,1.500000000000002
2013-08-23,146.5,147.0,146.5,146.9,35785,17:25,17:20,True,35178.21428571428,1.017248906080265,1.471428571428573
2013-08-26,146.6,147.0,146.3,146.9,54633,17:25,17:20,True,35177.71428571428,1.5530571303260183,1.4857142857142887
2013-08-27,147.2,147.7,147.0,147.3,44739,17:25,17:20,True,36576.642857142855,1.2231576357277185,1.4428571428571442
2013-08-28,141.0,143.9,141.0,143.4,194241,17:25,17:20,True,37658.357142857145,5.15797859325477,1.585714285714289
2013-08-29,143.1,143.1,142.2,142.6,113905,17:25,17:20,True,49934.71428571428,2.281078436701636,1.7428571428571453
2013-08-30,142.8,142.8,142.5,142.8,25128,17:25,17:20,True,56384.642857142855,0.4456532617163995,1.7285714285714318
2013-09-02,142.4,143.1,142.4,142.9,132706,17:25,17:20,True,54931.71428571428,2.4158357649237234,1.7071428571428595
2013-09-03,142.5,142.6,142.0,142.4,29357,17:25,17:20,True,60511.357142857145,0.48514859666249194,1.6928571428571442
2013-09-04,143.3,143.5,143.1,143.4,14057,17:25,17:20,True,60750.857142857145,0.2313876817728615,1.750000000000002
2013-09-05,144.9,145.2,144.7,145.1,52537,17:25,17:20,True,60097.0,0.8742033712165332,1.9000000000000017
2013-09-06,146.4,147.0,146.4,146.8,43048,17:25,17:20,True,59316.57142857143,0.7257331124041463,1.9428571428571462
2013-09-09,147.8,148.3,147.7,147.7,79166,17:25,17:20,True,61843.21428571428,1.2801081074837868,1.9357142857142873
2013-09-10,148.0,148.0,147.4,147.6,165000,17:25,17:20,True,64664.07142857143,2.551648795920013,1.9642857142857164
2013-09-11,149.0,149.0,148.6,149.0,19403,17:25,17:20,True,74332.14285714286,0.2610310863402681,1.9857142857142864
2013-09-12,150.4,150.9,150.3,150.9,49935,17:25,17:20,True,71693.21428571429,0.6965094325523934,2.007142857142859
2013-09-13,150.3,150.4,149.7,149.8,86022,17:25,17:20,True,72703.92857142857,1.1831822803837482,2.007142857142859
2013-09-16,150.6,151.0,150.0,150.7,195080,17:25,17:20,True,74946.0,2.602940784031169,2.0428571428571445
2013-09-17,150.8,150.8,150.5,150.5,7789,17:25,17:20,True,85684.64285714286,0.09090310399012992,1.9571428571428595
2013-09-18,150.4,150.8,150.4,150.5,29684,17:25,17:20,True,72366.64285714286,0.41018898802032905,1.7642857142857176
2013-09-19,152.0,152.5,151.8,152.1,159923,17:25,17:20,True,66350.85714285714,2.4102627590126944,1.7071428571428595
2013-09-20,152.7,152.7,152.4,152.4,85598,17:25,17:20,True,75979.07142857143,1.126599712138775,1.7000000000000028
2013-09-23,151.7,151.9,151.5,151.5,86075,17:25,17:20,True,72614.21428571429,1.1853739773499679,1.7071428571428595
2013-09-24,151.3,151.6,151.2,151.4,32367,17:25,17:20,True,76665.5,0.42218468541912596,1.6571428571428584
2013-09-25,152.4,152.7,152.2,152.6,72337,17:25,17:20,True,77973.35714285714,0.9277143200012459,1.6071428571428592
2013-09-26,152.9,152.9,152.5,152.7,21454,17:25,17:20,True,79387.64285714286,0.2702435697531192,1.5428571428571445
2013-09-27,153.0,153.3,152.8,153.1,19831,17:25,17:20,True,77845.21428571429,0.2547491221132045,1.507142857142861
2013-09-30,151.7,151.8,151.4,151.6,115359,17:25,17:20,True,73607.0,1.5672286603176329,1.507142857142861
2013-10-01,151.0,151.9,151.0,151.6,96048,17:25,17:20,True,70061.21428571429,1.3709154341560492,1.5357142857142898
2013-10-02,150.5,150.9,150.5,150.8,41292,17:25,17:20,True,75535.85714285714,0.5466542852874037,1.5428571428571465
2013-10-03,150.2,150.5,150.1,150.3,71222,17:20,17:20,True,74918.5,0.9506597168923564,1.5500000000000032
2013-10-04,149.1,149.4,148.9,148.9,28102,17:25,17:20,True,73861.35714285714,0.3804695863582252,1.5357142857142898
2013-10-07,150.7,150.9,150.2,150.8,162275,17:25,17:20,True,61934.357142857145,2.620112769164588,1.5428571428571465
2013-10-08,149.7,150.5,149.7,149.9,64803,17:25,17:20,True,72969.07142857143,0.8880885933081236,1.5785714285714323
2013-10-09,148.0,148.1,147.5,147.5,186313,17:25,17:20,True,75477.57142857143,2.4684551512937616,1.6500000000000037
2013-10-10,148.1,148.1,147.2,147.6,42608,17:25,17:20,True,77362.57142857143,0.5507572875772336,1.671428571428576
2013-10-11,151.5,151.6,151.3,151.5,105516,17:25,17:20,True,74291.85714285714,1.4202902452297212,1.8857142857142901
2013-10-15,151.0,151.1,150.7,150.8,83720,17:25,17:20,True,75680.5,1.1062294778707857,1.9000000000000037
2013-10-16,151.1,151.8,151.1,151.3,70878,17:25,17:20,True,79348.57142857143,0.8932485957079072,1.8428571428571456
2013-10-17,150.8,150.8,150.2,150.2,42760,17:25,17:20,True,79244.35714285714,0.5395967806630666,1.914285714285717
2013-10-18,149.8,150.4,149.4,150.4,119780,17:25,17:20,True,80766.21428571429,1.4830458634135384,2.000000000000002
2013-10-21,151.7,152.3,151.7,152.3,60989,17:25,17:20,True,87905.42857142857,0.6938024305341131,2.1357142857142883
2013-10-22,153.6,153.6,153.2,153.6,42741,17:25,17:20,True,84021.85714285714,0.5086890656002775,2.1571428571428606
2013-10-23,155.6,156.2,155.5,156.2,24700,17:25,17:20,True,80214.21428571429,0.3079254745551866,2.228571428571434
2013-10-24,160.2,162.9,160.2,162.2,402671,17:25,17:20,True,79029.07142857143,5.095226259414483,2.250000000000006
2013-10-25,163.0,163.0,162.5,162.8,207728,17:25,17:20,True,102704.0,2.022589188347095,2.728571428571434
2013-10-28,163.0,163.5,163.0,163.3,57826,17:25,17:20,True,115534.42857142857,0.5005088155540526,2.721428571428575
2013-10-29,163.2,163.9,163.2,163.6,27333,17:25,17:20,True,108073.78571428571,0.25291054458164497,2.757142857142859
2013-10-30,163.5,164.1,163.4,164.1,32189,17:25,17:20,True,105397.35714285714,0.3054061398937219,2.7357142857142867
2013-10-31,163.8,164.7,163.8,164.6,44269,17:25,17:20,True,94388.5,0.4690084067444657,2.778571428571429
2013-11-04,164.0,164.6,164.0,164.3,75540,17:25,17:20,True,94507.14285714286,0.7993046632907566,2.6000000000000005
2013-11-05,164.3,164.8,164.3,164.4,17947,17:25,17:20,True,92366.0,0.19430309854275382,2.6857142857142873
2013-11-06,163.6,164.0,163.5,163.9,30899,17:25,17:20,True,87667.92857142857,0.35245500268464364,2.692857142857146
2013-11-07,165.0,165.6,164.5,164.8,28343,17:25,17:20,True,84812.28571428571,0.3341850742648471,2.6785714285714306
2013-11-08,164.6,164.8,164.3,164.7,21372,17:25,17:20,True,83782.5,0.25508906991316804,2.692857142857144
2013-11-11,165.8,166.4,165.8,166.2,41988,17:25,17:20,True,76753.35714285714,0.5470509898589824,2.557142857142856
2013-11-12,165.7,165.8,165.3,165.8,27743,17:25,17:20,True,75396.14285714286,0.3679631205082488,2.5
2013-11-13,165.5,166.3,165.4,166.1,34317,17:25,17:20,True,74324.85714285714,0.4617163263972445,2.3999999999999977
2013-11-14,167.0,167.9,166.7,167.6,105115,17:25,17:20,True,75011.78571428571,1.4013131269848071,2.36428571428571
2013-11-15,167.9,167.9,167.6,167.7,24630,17:25,17:20,True,53757.78571428572,0.45816619253822366,1.9214285714285677
2013-11-18,167.8,168.2,167.6,168.0,32759,17:25,17:20,True,40679.357142857145,0.8052978783552908,1.8499999999999963
2013-11-19,168.0,168.6,168.0,168.4,33481,17:25,17:20,True,38888.857142857145,0.8609407028087369,1.835714285714283
2013-11-20,167.1,167.5,167.1,167.1,25803,17:25,17:20,True,39328.0,0.6560974369406021,1.8142857142857127
2013-11-21,165.8,166.0,165.3,165.4,85169,17:25,17:20,True,38871.857142857145,2.1910195771454193,1.7571428571428567
2013-11-22,166.3,166.9,166.3,166.6,66194,17:25,17:20,True,41793.28571428572,1.5838429276062798,1.721428571428571
2013-11-25,167.2,167.6,167.2,167.6,36326,17:25,17:20,True,41125.71428571428,0.8832916492983188,1.6571428571428564
2013-11-26,166.3,166.5,166.1,166.2,29916,17:25,17:20,True,42438.5,0.704925951671242,1.6285714285714274
2013-11-27,167.0,167.1,166.6,167.0,33544,17:25,17:20,True,42368.28571428572,0.7917242681520543,1.585714285714285
2013-11-28,168.1,168.3,168.1,168.1,16778,17:25,17:20,True,42739.78571428572,0.39256163126695265,1.5499999999999992
2013-11-29,167.5,167.9,167.5,167.7,12344,17:25,17:20,True,42411.642857142855,0.2910521538054746,1.578571428571428
2013-12-02,167.5,167.6,167.1,167.1,55440,17:25,17:20,True,40294.21428571428,1.3758799118625682,1.5428571428571405
2013-12-03,166.4,166.4,165.8,166.0,49746,17:25,17:20,True,42272.57142857143,1.176791435175798,1.5714285714285694
2013-12-04,162.5,162.8,162.0,162.3,46712,17:25,17:20,True,43374.642857142855,1.076942584953355,1.8214285714285694
2013-12-05,161.2,161.4,161.0,161.1,18457,17:25,17:20,True,39203.0,0.4708058056781369,1.8857142857142841
2013-12-06,162.2,162.8,162.2,162.8,17151,17:25,17:20,True,38762.07142857143,0.44246861346419275,1.9928571428571413
2013-12-09,165.6,166.0,165.5,165.9,58014,17:25,17:20,True,37647.21428571428,1.5409905115347182,2.0928571428571416
2013-12-10,165.4,166.0,165.3,166.0,25313,17:25,17:20,True,39399.57142857143,0.6424689173558813,2.085714285714285
2013-12-11,163.0,163.0,161.9,162.5,102893,17:25,17:20,True,39364.57142857143,2.6138478399721286,2.1857142857142833
2013-12-12,163.3,163.4,163.2,163.2,35535,17:25,17:20,True,40630.57142857143,0.8745877488449936,2.285714285714284
2013-12-13,162.2,162.5,162.0,162.0,7397,17:25,17:20,True,38440.642857142855,0.19242654259163944,2.328571428571426
2013-12-16,161.1,161.4,158.5,159.5,67022,17:25,17:20,True,36374.28571428572,1.842565391563899,2.3999999999999977
2013-12-17,163.3,163.3,162.8,163.0,46323,17:25,17:20,True,39024.71428571428,1.1870170185193998,2.6999999999999966
2013-12-18,163.2,163.8,163.2,163.8,20364,17:25,17:20,True,39937.5,0.5098967136150234,2.664285714285711
2013-12-19,166.0,166.3,165.7,165.8,72275,17:25,17:20,True,40193.642857142855,1.7981699309236892,2.6857142857142833
2013-12-20,169.0,169.1,168.5,168.5,55778,17:25,17:20,True,44474.42857142857,1.2541588906626921,2.8428571428571394
2013-12-23,169.0,169.7,168.9,169.7,27214,17:25,17:20,True,44498.57142857143,0.6115701948698192,2.828571428571426
2013-12-27,171.3,172.0,171.3,171.9,32589,17:25,17:20,True,42889.142857142855,0.7598426508207206,2.635714285714284
2013-12-30,172.0,172.2,171.5,171.5,24830,17:25,17:20,True,41880.357142857145,0.5928793757728222,2.5428571428571405
2014-01-02,170.4,171.1,170.3,170.7,23487,17:25,17:20,True,42335.57142857143,0.554781693206321,2.5428571428571405
2014-01-03,168.3,168.5,167.7,168.0,50993,17:25,17:20,True,42788.142857142855,1.1917553928491538,2.507142857142855
2014-01-07,168.4,168.4,166.9,167.1,98191,17:25,17:20,True,42286.642857142855,2.3220334688596367,2.5999999999999983
2014-01-08,168.6,169.0,168.4,168.8,13481,17:25,17:20,True,47492.21428571428,0.2838570532613617,2.742857142857141
2014-01-09,169.3,170.0,169.3,170.0,23668,17:25,17:20,True,41105.642857142855,0.5757846941417498,2.635714285714284
2014-01-10,170.1,170.2,169.6,169.7,28097,17:25,17:20,True,40258.0,0.6979233941080034,2.6214285714285706
2014-01-13,170.2,170.5,170.2,170.5,21970,17:25,17:20,True,41736.57142857143,0.5263968564739386,2.5714285714285694
2014-01-14,169.3,169.5,169.0,169.0,74817,17:25,17:20,True,38518.57142857143,1.9423617549975893,2.25
2014-01-15,169.5,169.5,169.1,169.1,38881,17:25,17:20,True,40553.857142857145,0.9587497402043842,2.2928571428571423
2014-01-16,169.8,170.3,169.8,169.9,21516,17:25,17:20,True,41876.5,0.5137965207216458,2.2357142857142867
2014-01-17,171.9,172.9,171.8,172.8,137905,17:25,17:20,True,38250.857142857145,3.6052786865653803,2.114285714285718
2014-01-20,175.9,176.3,175.5,175.7,66860,17:25,17:20,True,44117.07142857143,1.5155131071710175,2.4142857142857173
2014-01-21,175.3,175.3,174.5,174.7,84198,17:25,17:20,True,46948.92857142857,1.7933955590040849,2.3500000000000045
2014-01-22,166.0,167.7,165.1,167.4,519045,17:25,17:20,True,50635.28571428572,10.250658067355626,2.4714285714285773
2014-01-23,165.8,166.9,165.7,166.9,89801,17:25,17:20,True,85936.35714285714,1.0449709876661217,2.8785714285714334
2014-01-24,166.6,167.0,166.3,167.0,23857,17:25,17:20,True,90673.07142857143,0.26311009017482745,2.9357142857142913
2014-01-27,162.8,162.9,162.2,162.4,83870,17:25,17:20,True,88734.78571428571,0.9451761146981335,3.0071428571428607
2014-01-28,162.1,162.3,161.5,162.3,37048,17:25,17:20,True,87711.85714285714,0.4223830301490432,2.8857142857142883
2014-01-29,164.3,164.4,163.7,164.0,53381,17:25,17:20,True,89395.21428571429,0.597134873790783,2.992857142857145
2014-01-30,163.1,163.1,162.5,162.8,45126,17:25,17:20,True,91517.57142857143,0.4930856369502812,3.0142857142857173
2014-01-31,162.9,163.2,162.0,162.3,56118,17:25,17:20,True,92733.92857142857,0.6051506807109434,3.0714285714285756
2014-02-03,162.2,163.3,162.1,163.3,43356,17:25,17:20,True,95173.07142857143,0.4555490260975681,3.1571428571428606
2014-02-04,159.1,159.2,158.6,159.0,74053,17:25,17:20,True,92925.85714285714,0.7969041370923977,3.314285714285719
2014-02-05,160.5,163.1,160.5,162.9,140890,17:25,17:20,True,95438.14285714286,1.4762441491646796,3.357142857142861
2014-02-06,162.1,162.4,161.6,161.7,19103,17:25,17:20,True,103964.85714285714,0.1837447818905839,3.5142857142857173
2014-02-07,164.0,164.4,163.6,163.7,20769,17:25,17:20,True,95479.0,0.2175242723530829,3.2142857142857184
2014-02-10,164.1,164.7,163.9,163.9,22555,17:25,17:20,True,92186.78571428571,0.24466630249919613,3.2571428571428607
2014-02-11,165.0,165.0,164.7,164.8,30397,17:25,17:20,True,87783.71428571429,0.3462715179841363,3.1500000000000035
2014-02-12,165.8,165.9,165.6,165.8,17057,17:25,17:20,True,52880.28571428572,0.3225587715648824,2.700000000000007
2014-02-13,161.8,163.7,161.5,163.1,166936,17:25,17:20,True,47684.28571428572,3.5008598220438,2.578571428571434
2014-02-14,162.7,163.0,162.7,162.7,30492,17:25,17:20,True,57904.21428571428,0.5265937959117213,2.6071428571428634
2014-02-17,163.6,163.6,163.2,163.5,16042,17:25,17:20,True,54091.5,0.29657155005869684,2.528571428571437
2014-02-18,163.2,163.2,162.8,162.9,34173,17:25,17:20,True,52591.07142857143,0.6497871040032597,2.421428571428578
2014-02-19,163.0,163.1,162.7,163.0,25844,17:25,17:20,True,51219.07142857143,0.5045776754473431,2.3857142857142923
2014-02-20,162.6,162.6,162.0,162.2,105280,17:25,17:20,True,49841.78571428572,2.1122838696733233,2.4357142857142935
2014-02-21,164.5,165.4,164.5,165.2,54693,17:25,17:20,True,53353.357142857145,1.0251088765334087,2.5071428571428647
2014-02-24,164.0,164.2,164.0,164.0,44829,17:25,17:20,True,54163.142857142855,0.8276661514683153,2.3500000000000063
2014-02-25,163.5,163.8,163.5,163.7,16882,17:25,17:20,True,52075.71428571428,0.32418182316956085,2.3142857142857207
2014-02-26,163.8,164.5,163.8,164.5,21600,17:25,17:20,True,43218.0,0.4997917534360683,2.1357142857142923
2014-02-27,165.1,165.5,165.1,165.1,31030,17:25,17:20,True,43396.357142857145,0.7150369764414063,2.11428571428572
2014-02-28,164.7,164.8,164.6,164.7,5861,17:25,17:20,True,44129.28571428572,0.1328142956572409,2.1000000000000045
2014-03-03,162.0,162.5,161.6,161.8,118161,17:25,17:20,True,42936.857142857145,2.7519713333200246,2.2357142857142884
2014-03-04,163.3,163.8,163.3,163.6,126044,17:25,17:20,True,49205.71428571428,2.561572407385902,2.342857142857144
2014-03-05,165.0,165.0,164.3,164.3,28392,17:25,17:20,True,56990.5,0.4981882945403181,2.507142857142859
2014-03-06,165.9,166.2,165.9,166.2,51309,17:25,17:20,True,47094.5,1.0894902801813375,2.3142857142857145
2014-03-07,166.4,166.6,166.4,166.5,21808,17:25,17:20,True,48581.42857142857,0.44889581556738317,2.2357142857142844
2014-03-10,162.7,162.8,162.2,162.7,25283,17:25,17:20,True,48993.28571428572,0.516050304269098,2.442857142857142
2014-03-11,162.1,162.2,162.0,162.2,15165,17:25,17:20,True,48358.28571428572,0.3135967244496437,2.492857142857141
2014-03-12,160.4,160.8,160.3,160.5,25327,17:25,17:20,True,47595.5,0.5321301383534157,2.3999999999999977
2014-03-13,161.8,161.8,161.3,161.5,8593,17:25,17:20,True,41884.57142857143,0.20515907664602037,2.3428571428571394
2014-03-14,158.7,158.9,158.3,158.3,50479,17:25,17:20,True,38591.71428571428,1.3080268895617861,2.385714285714282
2014-03-17,158.0,158.2,157.8,157.9,22226,17:25,17:20,True,38995.28571428572,0.5699663329266907,2.5071428571428527
2014-03-18,159.4,159.5,159.2,159.5,14154,17:25,17:20,True,39377.0,0.35944840896970315,2.53571428571428
2014-03-19,160.2,160.3,159.6,159.6,38349,17:25,17:20,True,38845.142857142855,0.9872276732520338,2.5999999999999943
2014-03-20,159.5,160.4,159.2,160.4,42878,17:25,17:20,True,39367.92857142857,1.08916068373277,2.6285714285714232
2014-03-21,161.7,162.0,161.6,161.9,20127,17:25,17:20,True,42012.0,0.4790774064552985,2.5428571428571383
2014-03-24,162.1,162.2,161.9,162.1,18803,17:25,17:20,True,35009.57142857143,0.5370816960259848,2.435714285714281
2014-03-25,159.1,159.5,159.0,159.5,30870,17:25,17:20,True,27349.5,1.1287226457522075,2.435714285714281
2014-03-26,160.2,161.2,160.0,161.2,53232,17:25,17:20,True,27526.5,1.9338455669990737,2.435714285714281
2014-03-27,161.9,162.7,161.9,162.4,27102,17:25,17:20,True,27663.85714285714,0.9796898480224326,2.664285714285709
2014-03-28,163.7,163.9,163.4,163.9,36364,17:25,17:20,True,28042.0,1.2967691320162613,2.5071428571428527
2014-03-31,166.8,166.9,166.5,166.7,36760,17:25,17:20,True,28833.5,1.2749059253992752,2.5785714285714243
2014-04-01,167.1,167.3,166.9,167.3,34340,17:25,17:20,True,30376.0,1.1304977613905716,2.585714285714281
2014-04-02,168.8,168.9,168.6,168.9,31522,17:25,17:20,True,31019.785714285714,1.0161901274992688,2.5785714285714243
2014-04-03,169.3,169.7,169.3,169.7,52387,17:25,17:20,True,32657.571428571428,1.6041303045016908,2.471428571428569
2014-04-04,170.1,170.3,170.0,170.1,6194,17:25,17:20,True,32793.857142857145,0.18887683668979816,2.3642857142857117
2014-04-07,169.0,169.5,168.5,169.4,49365,17:25,17:20,True,31648.714285714286,1.5597790025322626,2.2999999999999994
2014-04-08,169.2,169.4,169.0,169.2,31662,17:25,17:20,True,34163.78571428572,0.9267708287597769,2.278571428571427
2014-04-09,168.4,168.9,168.3,168.9,12769,17:25,17:20,True,33686.142857142855,0.37905794243499874,2.3428571428571394
2014-04-10,169.5,170.0,169.2,169.9,22564,17:25,17:20,True,31535.5,0.7155110906755878,2.3142857142857105
2014-04-11,167.6,167.9,167.1,167.1,61740,17:25,17:20,True,31709.571428571428,1.947046182540648,2.3214285714285694
2014-04-14,167.0,167.5,166.9,167.1,75825,17:25,17:20,True,34776.5,2.180351674262792,2.249999999999998
2014-04-15,167.1,167.5,167.0,167.4,53042,17:25,17:20,True,37987.57142857143,1.3962987894536936,2.364285714285714
2014-04-16,168.2,168.6,168.2,168.5,26409,17:25,17:20,True,37974.0,0.6954495180913256,2.242857142857145
2014-04-22,170.7,170.8,170.3,170.6,41730,17:25,17:20,True,37924.5,1.1003441047344065,2.2571428571428607
2014-04-23,171.4,171.8,171.0,171.6,9540,17:25,17:20,True,38307.78571428572,0.2490355373488045,2.335714285714289
2014-04-24,171.3,172.3,171.3,172.2,30481,17:25,17:20,True,36363.5,0.8382306433649126,2.30714285714286
2014-04-25,171.4,171.4,171.1,171.1,12265,17:25,17:20,True,36087.857142857145,0.33986501197474417,2.3500000000000023
2014-04-28,172.0,172.5,171.9,172.2,38469,17:25,17:20,True,34712.357142857145,1.1082220617194782,2.364285714285716
2014-04-29,160.5,160.6,159.0,160.4,477251,17:25,17:20,True,33718.21428571428,14.1541006874199,2.4357142857142873
2014-05-02,157.5,158.0,156.7,157.2,194797,17:25,17:20,True,67365.14285714286,2.8916586789267873,3.285714285714288
2014-05-05,154.0,154.2,152.7,152.8,221076,17:25,17:20,True,77753.14285714286,2.8433062880324544,3.3714285714285728
2014-05-06,153.1,153.2,152.7,152.8,62668,17:25,17:20,True,91282.71428571429,0.6865264742659775,3.5642857142857167
2014-05-07,152.1,152.1,149.2,152.0,173707,17:25,17:20,True,94846.92857142857,1.831445705373395,3.5500000000000034
2014-05-08,152.4,152.4,151.5,151.5,39930,17:25,17:20,True,105642.85714285714,0.37797160243407707,3.6642857142857173
2014-05-09,151.8,151.8,151.3,151.3,26117,17:25,17:20,True,104085.0,0.2509199212182351,3.5642857142857167
2014-05-12,153.4,153.5,153.0,153.2,39766,17:25,17:20,True,100534.42857142857,0.39554608868887847,3.492857142857145
2014-05-13,157.0,157.0,156.7,156.7,52210,17:25,17:20,True,99586.14285714286,0.5242697277159903,3.614285714285716
2014-05-14,155.7,155.8,155.4,155.4,48375,17:25,17:20,True,101429.07142857143,0.476934268633887,3.614285714285716
2014-05-15,156.1,156.1,155.6,155.6,29044,17:25,17:20,True,101903.71428571429,0.28501414500522904,3.4000000000000017
2014-05-16,155.5,155.5,155.0,155.3,68663,17:25,17:20,True,103296.85714285714,0.6647152865942539,3.4142857142857173
2014-05-19,155.4,155.6,154.5,154.7,59543,17:25,17:20,True,106024.14285714286,0.5615985038448117,3.2642857142857173
2014-05-20,156.6,156.9,156.3,156.3,105244,17:25,17:20,True,109401.14285714286,0.9620009192904749,3.278571428571431
2014-05-21,156.1,156.2,155.8,156.0,29239,17:25,17:20,True,114170.78571428571,0.2560987893450351,3.2357142857142884
2014-05-22,155.8,156.2,155.7,156.0,87100,17:25,17:20,True,82169.92857142857,1.0599984874550041,2.442857142857146
2014-05-23,156.3,156.9,156.2,156.9,50725,17:25,17:20,True,74477.28571428571,0.6810801375683094,2.2857142857142896
2014-05-26,158.4,158.7,158.4,158.7,40989,17:25,17:20,True,62309.357142857145,0.6578305711937327,2.1000000000000045
2014-05-27,158.5,158.7,158.4,158.4,12652,17:25,17:20,True,60760.857142857145,0.20822616063913327,2.050000000000005
2014-05-30,158.1,158.4,157.4,157.8,65041,17:25,17:20,True,49256.92857142857,1.3204436794243595,1.8500000000000045
2014-06-02,159.3,159.5,159.3,159.3,46186,17:25,17:20,True,51050.57142857143,0.9047107350134601,1.8642857142857179
2014-06-03,157.7,157.7,157.0,157.2,47696,17:25,17:20,True,52484.07142857143,0.908770960441059,1.8571428571428612
2014-06-04,156.6,156.6,155.9,156.3,56231,17:25,17:20,True,53050.5,1.059952309591804,1.6285714285714314
2014-06-05,155.9,156.0,155.7,155.9,32935,17:25,17:20,True,53337.71428571428,0.6174805283851684,1.557142857142858
2014-06-09,157.6,157.6,157.0,157.0,37246,17:25,17:20,True,52234.857142857145,0.7130487578081413,1.5928571428571436
2014-06-10,157.8,157.8,157.6,157.7,53921,17:25,17:20,True,52820.71428571428,1.0208305724215339,1.6000000000000003
2014-06-11,158.6,158.6,158.1,158.3,45596,17:25,17:20,True,51767.71428571428,0.8807806299568954,1.671428571428572
2014-06-12,156.5,156.7,156.5,156.7,5185,17:25,17:20,True,50771.5,0.1021242232354766,1.721428571428571
2014-06-13,156.3,156.3,155.7,155.7,26026,17:25,17:20,True,43624.42857142857,0.5965923417744318,1.6428571428571408
2014-06-16,154.5,154.9,154.4,154.9,36394,17:25,17:20,True,43394.92857142857,0.8386694297720767,1.6857142857142833
2014-06-17,154.1,154.4,154.1,154.4,7404,17:25,17:20,True,39773.07142857143,0.1861561034655537,1.6999999999999968
2014-06-18,154.5,154.6,154.5,154.6,10696,17:25,17:20,True,36678.71428571428,0.2916132751186948,1.5571428571428538
2014-06-19,155.8,155.9,155.5,155.6,22301,17:25,17:20,True,34514.92857142857,0.6461262103975712,1.5928571428571396
2014-06-23,155.8,156.3,155.8,156.2,37099,17:25,17:20,True,35204.142857142855,1.053824833927825,1.6142857142857119
2014-06-24,154.7,155.1,154.6,155.0,29258,17:25,17:20,True,33208.28571428572,0.8810451780536698,1.6571428571428564
2014-06-25,154.9,154.9,154.7,154.9,48417,17:25,17:20,True,31999.14285714286,1.5130717787083583,1.6499999999999975
2014-06-26,154.0,154.2,153.8,154.1,17862,17:25,17:20,True,32050.64285714286,0.5573055142642559,1.7357142857142824
2014-06-27,153.1,153.2,152.8,152.9,13684,17:25,17:20,True,29310.0,0.4668713749573524,1.749999999999998
2014-06-30,154.4,154.5,154.3,154.5,13656,17:25,17:20,True,27934.928571428572,0.4888503639836457,1.749999999999998
2014-07-01,154.1,154.2,153.8,153.9,30184,17:25,17:20,True,26249.928571428572,1.1498697955640695,1.6999999999999968
2014-07-02,154.0,154.3,153.9,154.2,21563,17:25,17:20,True,24554.428571428572,0.8781715256485592,1.6999999999999968
2014-07-03,153.8,154.1,153.8,154.1,7143,17:25,17:20,True,22837.785714285714,0.31277112804906654,1.6214285714285686
2014-07-04,157.0,157.0,156.6,156.8,23090,17:25,17:20,True,22977.64285714286,1.0048898463413194,1.8428571428571416
2014-07-07,156.8,157.0,156.6,157.0,15620,17:25,17:20,True,22767.928571428572,0.6860527496384324,1.8071428571428558
2014-07-08,156.6,156.8,156.6,156.7,9769,17:25,17:20,True,21284.071428571428,0.45898173348949756,1.7928571428571445
2014-07-09,156.5,156.5,156.2,156.5,19394,17:25,17:20,True,21453.0,0.9040227474012958,1.8000000000000012
2014-07-10,156.3,156.3,155.9,155.9,16058,17:25,17:20,True,22074.285714285714,0.7274527569246699,1.7928571428571425
2014-07-11,154.0,154.3,154.0,154.3,35087,17:25,17:20,True,21628.35714285714,1.622268384429172,1.942857142857142
2014-07-14,154.2,154.7,154.2,154.3,18097,17:25,17:20,True,21484.64285714286,0.8423225892248616,1.8642857142857119
2014-07-15,155.6,155.6,155.1,155.2,12296,17:25,17:20,True,20687.428571428572,0.5943706322680441,1.9214285714285697
2014-07-16,154.9,155.5,154.9,155.5,24539,17:25,17:20,True,18107.35714285714,1.3551950075541515,1.8571428571428572
2014-07-17,156.4,156.5,155.9,156.3,36262,17:25,17:20,True,18584.285714285714,1.9512183872703512,1.8999999999999997
2014-07-18,156.1,156.2,155.9,155.9,21701,17:25,17:20,True,20197.0,1.0744665049264743,1.8642857142857139
2014-07-21,155.5,155.5,154.9,155.0,46906,17:25,17:20,True,20771.64285714286,2.2581747781143933,1.9571428571428575
2014-07-22,156.2,157.0,156.2,156.5,84617,17:25,17:20,True,21966.071428571428,3.8521681164132997,1.9285714285714286
2014-07-23,156.2,157.5,156.0,156.9,243364,17:25,17:20,True,26469.928571428572,9.193980230935914,2.2357142857142867
2014-07-24,162.0,162.6,162.0,162.4,54565,17:25,17:20,True,43342.857142857145,1.2589156229400131,2.4285714285714284
2014-07-25,164.0,164.0,163.7,163.7,10359,17:25,17:20,True,45591.07142857143,0.22721554189025106,2.5714285714285716
2014-07-28,162.8,163.5,162.8,162.8,19564,17:25,17:20,True,45215.28571428572,0.43268553302138657,2.642857142857143
2014-07-29,163.7,164.2,163.7,164.2,13725,17:25,17:20,True,45914.92857142857,0.298922385965349,2.7071428571428577
2014-07-30,162.0,162.0,161.0,161.2,56150,17:25,17:20,True,45510.0,1.2337947703801362,2.757142857142859
2014-07-31,161.2,161.2,160.6,160.8,27294,17:25,17:20,True,48373.71428571428,0.5642320504642427,2.6500000000000017
2014-08-01,159.2,159.2,158.6,159.0,13238,17:25,17:20,True,47817.07142857143,0.2768467328613959,2.7642857142857173
2014-08-04,157.3,157.9,156.9,157.7,55698,17:25,17:20,True,47470.0,1.173330524541816,2.7642857142857196
2014-08-05,156.7,156.8,156.3,156.3,31514,17:25,17:20,True,50570.142857142855,0.6231740354980777,2.807142857142862
2014-08-06,155.3,155.6,154.8,154.8,42246,17:25,17:20,True,51068.357142857145,0.8272441559422454,2.750000000000006
2014-08-07,155.6,155.7,155.0,155.2,30239,17:25,17:20,True,51495.78571428572,0.5872131006559482,2.8000000000000074
2014-08-08,153.0,153.5,153.0,153.5,62151,17:25,17:20,True,52105.642857142855,1.1927882776611802,2.7714285714285785
2014-08-11,154.5,154.7,154.5,154.6,54051,17:25,17:20,True,53194.57142857143,1.0160999242672453,2.8000000000000074
2014-08-12,154.8,154.8,154.4,154.5,43033,17:25,17:20,True,51011.28571428572,0.8435976352571839,2.5500000000000074
2014-08-13,154.9,155.1,154.8,155.0,13848,17:25,17:20,True,36701.92857142857,0.3773098727781919,2.178571428571437
2014-08-14,154.3,154.4,153.9,154.2,20510,17:25,17:20,True,33793.57142857143,0.6069201665574603,1.9928571428571493
2014-08-15,155.3,155.3,155.1,155.1,44953,17:25,17:20,True,34518.642857142855,1.3022817897575016,1.9571428571428615
2014-08-18,155.1,155.2,154.9,155.1,41749,17:25,17:20,True,36332.142857142855,1.1490926963530916,1.9357142857142915
2014-08-19,154.7,155.1,154.7,154.9,24602,17:25,17:20,True,38333.857142857145,0.6417825346485948,1.8642857142857199
2014-08-20,155.9,156.1,155.7,155.9,19504,17:25,17:20,True,36080.42857142857,0.5405700755851015,1.8571428571428612
2014-08-21,156.2,156.2,156.0,156.1,18154,17:25,17:20,True,35524.0,0.5110347933791239,1.757142857142861
2014-08-22,157.7,157.9,157.5,157.7,42327,17:25,17:20,True,35875.142857142855,1.1798419916695206,1.7357142857142864
2014-08-25,157.6,158.0,157.6,157.8,68431,17:25,17:20,True,34920.07142857143,1.9596466215704844,1.7357142857142864
2014-08-26,158.3,158.6,158.1,158.4,29319,17:25,17:20,True,37557.0,0.7806534068216311,1.8142857142857127
2014-08-27,159.0,159.0,158.7,158.7,29728,17:25,17:20,True,36633.642857142855,0.8114945083656514,1.749999999999998
2014-08-28,158.9,158.9,158.3,158.3,36054,17:25,17:20,True,36597.142857142855,0.9851588726676556,1.7142857142857122
2014-08-29,159.2,159.5,159.1,159.1,13658,17:25,17:20,True,34733.07142857143,0.39322753324846843,1.6714285714285697
2014-09-01,159.0,159.0,158.5,158.5,76683,17:25,17:20,True,31847.85714285714,2.4077915087357304,1.6714285714285697
2014-09-02,160.0,160.1,159.6,159.9,43982,17:25,17:20,True,34251.42857142857,1.2840924257590924,1.6785714285714286
2014-09-03,163.4,164.5,163.0,164.2,518779,17:25,17:20,True,36403.857142857145,14.250660251857141,1.7142857142857164
2014-09-04,163.4,163.4,162.7,162.9,54980,17:25,17:20,True,71994.5,0.7636694469716436,1.914285714285717
2014-09-05,163.6,163.6,163.1,163.4,81561,17:25,17:20,True,72710.71428571429,1.1217191414116607,1.921428571428574
2014-09-08,163.0,163.2,163.0,163.2,18236,17:25,17:20,True,75554.42857142857,0.24136242368321043,1.921428571428574
2014-09-09,166.2,167.5,166.2,167.3,331878,17:25,17:20,True,75099.71428571429,4.419164615425586,1.914285714285717
2014-09-10,164.2,164.3,163.9,164.1,32074,17:25,17:20,True,97412.14285714286,0.32926079910835404,2.1500000000000035
2014-09-11,163.1,163.3,162.8,163.3,36372,17:25,17:20,True,98406.42857142857,0.3696099993467326,2.1500000000000057
2014-09-12,162.9,163.1,162.9,163.1,41024,17:25,17:20,True,97981.07142857143,0.41869311492380085,2.1571428571428646
2014-09-15,162.8,162.9,162.4,162.9,38397,17:25,17:20,True,96023.42857142857,0.39987116239489173,2.085714285714295
2014-09-16,162.6,162.6,162.4,162.4,16338,17:25,17:20,True,96671.85714285714,0.16900471846585577,2.114285714285722
2014-09-17,164.0,164.2,163.8,164.1,45227,17:25,17:20,True,95715.42857142857,0.47251525354921137,2.1357142857142923
2014-09-18,163.6,163.7,163.4,163.7,53060,17:25,17:20,True,96370.64285714286,0.5505826092563755,2.1000000000000063
2014-09-19,164.9,164.9,164.3,164.6,96779,17:25,17:20,True,99185.07142857143,0.9757415970577369,2.028571428571435
2014-09-22,163.8,163.9,163.7,163.9,14599,17:25,17:20,True,100620.5,0.14508971829796116,1.9928571428571473
2014-09-23,164.0,164.1,164.0,164.1,14219,17:25,17:20,True,98521.71428571429,0.1443235138881639,1.9857142857142887
2014-09-24,164.3,164.6,164.2,164.5,49557,17:25,17:20,True,62481.71428571428,0.7931440512881484,1.7642857142857176
2014-09-25,163.9,164.0,163.6,163.7,45240,17:25,17:20,True,62094.357142857145,0.7285686184965047,1.778571428571431
2014-09-26,162.9,163.0,162.8,162.8,31665,17:25,17:20,True,59500.0,0.5321848739495798,1.8500000000000003
2014-09-29,163.5,163.9,163.3,163.9,28362,17:25,17:20,True,60459.21428571428,0.4691096358938553,1.921428571428572
2014-09-30,163.2,163.3,162.8,163.3,43937,17:25,17:20,True,38779.5,1.1329955259866682,1.6714285714285697
2014-10-01,161.9,161.9,161.6,161.7,18003,17:25,17:20,True,39626.857142857145,0.454313092130878,1.6428571428571408
2014-10-02,160.0,160.0,158.1,158.6,79679,17:25,17:20,True,38314.78571428572,2.079588819683561,1.6214285714285666
2014-10-03,157.1,157.7,157.1,157.4,57015,17:25,17:20,True,41075.857142857145,1.3880416372495488,1.7999999999999932
2014-10-06,157.8,158.0,157.1,157.1,58724,17:25,17:20,True,42405.71428571428,1.3848133674706913,1.7642857142857074
2014-10-07,157.6,157.9,157.5,157.7,27934,17:25,17:20,True,45433.28571428572,0.614835567378228,1.778571428571423
2014-10-08,154.9,155.2,154.6,154.8,97608,17:25,17:20,True,44198.07142857143,2.208422151580628,1.9571428571428515
2014-10-09,154.5,154.8,154.5,154.6,75919,17:25,17:20,True,47380.07142857143,1.6023403450214904,2.085714285714281
2014-10-10,151.1,151.3,150.4,150.5,131143,17:25,17:20,True,45890.07142857143,2.8577641288731925,2.249999999999996
2014-10-13,147.1,147.4,145.2,145.9,149725,17:25,17:20,True,54214.642857142855,2.7617077621359543,2.449999999999995
2014-10-14,146.8,146.8,145.9,146.5,80606,17:25,17:20,True,63893.642857142855,1.2615652574423344,2.671428571428566
2014-10-15,150.0,150.0,149.0,149.5,53154,17:25,17:20,True,66111.42857142857,0.8040062232594322,2.8357142857142787
2014-10-16,146.0,147.1,146.0,147.1,92855,17:25,17:20,True,66676.71428571429,1.392615113007968,3.0785714285714243
2014-10-17,146.1,146.9,145.9,146.8,127848,17:25,17:20,True,71047.42857142857,1.799473993227864,3.357142857142853
2014-10-20,147.6,147.6,146.9,147.5,83183,17:25,17:20,True,78153.57142857143,1.06435315084769,3.499999999999998
2014-10-21,147.0,147.4,146.9,147.2,51077,17:25,17:20,True,80956.85714285714,0.6309162905109953,3.5428571428571405
2014-10-22,154.1,154.9,154.0,154.8,248031,17:25,17:20,True,83319.28571428571,2.9768738158718184,3.7285714285714278
2014-10-23,154.3,154.3,153.1,153.1,74127,17:25,17:20,True,95344.42857142857,0.7774654598141176,3.8357142857142867
2014-10-24,155.7,155.7,155.0,155.1,57737,17:25,17:20,True,96566.71428571429,0.5978975305007492,3.9571428571428595
2014-10-27,155.5,155.6,155.2,155.6,147043,17:25,17:20,True,96496.21428571429,1.5238214378506336,3.942857142857146
2014-10-28,155.4,156.0,155.4,156.0,47703,17:25,17:20,True,105004.0,0.45429697916269857,3.8428571428571456
2014-10-29,159.5,161.0,159.5,160.4,137015,17:25,17:20,True,101439.35714285714,1.3507084809995558,3.964285714285716
2014-10-30,159.3,159.7,159.1,159.7,117669,17:25,17:20,True,105803.35714285714,1.112148075236608,3.9000000000000017
2014-11-03,161.9,162.0,161.7,161.8,117527,17:25,17:20,True,104840.92857142857,1.1210030433861367,3.7571428571428607
2014-11-04,160.7,161.3,160.7,160.9,36715,17:25,17:20,True,102541.07142857143,0.3580516517771624,3.7142857142857184
2014-11-05,160.8,160.8,160.5,160.7,50469,17:25,17:20,True,99406.0,0.5077057722873871,3.557142857142862
2014-11-06,162.8,163.0,162.7,162.9,13410,17:25,17:20,True,99214.21428571429,0.13516208434995272,3.357142857142859
2014-11-07,164.9,165.4,164.9,165.2,16435,17:25,17:20,True,93539.57142857143,0.17570104020147317,3.107142857142861
2014-11-10,164.4,164.4,163.4,163.7,34929,17:25,17:20,True,85581.5,0.40813727265822636,3.0142857142857156
2014-11-11,165.4,165.5,165.1,165.4,54100,17:25,17:20,True,82134.78571428571,0.6586734174749346,3.0357142857142856
2014-11-12,165.8,165.8,165.3,165.3,24999,17:25,17:20,True,82350.71428571429,0.3035674944271452,2.857142857142857
2014-11-13,165.8,165.8,165.5,165.6,9995,17:25,17:20,True,66419.85714285714,0.15048210625479902,2.614285714285714
2014-11-14,165.8,165.8,164.7,164.8,101073,17:25,17:20,True,61839.0,1.6344539853490516,2.5357142857142856
2014-11-17,164.2,164.5,164.2,164.3,17263,17:25,17:20,True,64934.42857142857,0.2658528053574925,2.664285714285715
2014-11-18,166.0,166.0,165.7,165.7,9783,17:25,17:20,True,55664.42857142857,0.17574958103533675,2.6571428571428584
2014-11-19,167.0,167.0,166.5,166.5,43365,17:25,17:20,True,52955.857142857145,0.818889587284288,2.4357142857142873
2014-11-20,166.8,166.9,166.7,166.7,40857,17:25,17:20,True,46266.57142857143,0.8830781866574448,2.364285714285716
2014-11-21,167.5,167.9,167.5,167.7,26977,17:25,17:20,True,40780.0,0.6615252574791565,2.278571428571431
2014-11-24,169.6,169.7,169.5,169.7,20363,17:25,17:20,True,34312.142857142855,0.5934633719840956,2.214285714285716
2014-11-25,170.3,170.3,169.9,170.2,19675,17:25,17:20,True,33144.142857142855,0.5936192130477698,2.1500000000000017
2014-11-26,170.7,171.3,170.7,171.3,40700,17:25,17:20,True,30944.571428571428,1.3152549258582167,2.085714285714289
2014-11-27,169.4,169.4,169.0,169.1,33940,17:25,17:20,True,32893.857142857145,1.0318035933760972,2.0714285714285734
2014-11-28,169.9,169.9,169.5,169.5,21689,17:25,17:20,True,34144.21428571428,0.6352174285959346,2.0142857142857173
2014-12-01,165.7,166.0,165.3,165.5,93988,17:25,17:20,True,33198.5,2.831091766194256,2.1000000000000045
2014-12-02,164.4,164.5,164.0,164.1,54788,17:25,17:20,True,36047.642857142855,1.5198774637533266,2.30714285714286
2014-12-03,164.6,165.2,164.6,165.0,35526,17:25,17:20,True,38175.42857142857,0.9305985899681171,2.3214285714285756
2014-12-04,166.0,166.1,165.9,166.0,14681,17:25,17:20,True,39999.07142857143,0.3670335204210098,2.285714285714288
2014-12-05,163.2,163.9,163.2,163.3,102120,17:25,17:20,True,33828.21428571428,3.0187818705856273,2.192857142857144
2014-12-08,164.1,164.1,163.5,163.6,51821,17:25,17:20,True,39889.42857142857,1.299116128154255,2.2142857142857144
2014-12-09,162.5,162.6,160.5,160.5,197069,17:25,17:20,True,42892.142857142855,4.59452447168146,2.192857142857142
2014-12-10,162.1,162.1,161.8,161.9,28559,17:25,17:20,True,53871.0,0.5301368083013124,2.3285714285714283
2014-12-11,159.8,160.0,159.4,160.0,51525,17:25,17:20,True,52992.57142857143,0.9723060914198217,2.3999999999999977
2014-12-12,159.5,159.5,159.0,159.2,51687,17:25,17:20,True,54746.0,0.9441237715997516,2.321428571428567
2014-12-15,157.3,157.3,157.0,157.0,28823,17:25,17:20,True,56983.42857142857,0.50581372027958,2.4357142857142833
2014-12-16,157.0,157.0,156.8,156.8,38518,17:25,17:20,True,57636.857142857145,0.6682876532377595,2.4357142857142833
2014-12-17,158.3,158.4,157.8,158.2,124471,17:25,17:20,True,57481.0,2.165428576399158,2.5857142857142827
2014-12-18,161.0,161.0,159.6,160.2,361588,17:25,17:20,True,63947.5,5.654450916767661,2.664285714285711
2014-12-19,163.9,164.3,163.8,164.1,98052,17:25,17:20,True,88226.0,1.1113730646294744,2.607142857142855
2014-12-22,164.9,165.3,164.7,165.3,59071,17:25,17:20,True,88516.28571428571,0.667346121940434,2.471428571428571
2014-12-23,166.6,166.7,166.4,166.4,12404,17:25,17:20,True,88822.21428571429,0.13964974978106345,2.492857142857141
2014-12-29,167.7,168.4,167.5,168.1,49019,17:25,17:20,True,87170.64285714286,0.5623338132349603,2.5428571428571423
2014-12-30,168.3,168.3,167.6,167.9,48334,17:25,17:20,True,89623.35714285714,0.5393013779092982,2.5428571428571423
2015-01-02,166.4,167.2,166.4,166.8,12209,17:25,17:20,True,85781.5,0.1423267254594522,2.6285714285714294
2015-01-07,161.2,161.2,160.2,160.5,298967,17:25,17:20,True,82952.07142857143,3.604093241450097,2.6857142857142873
2015-01-08,160.3,160.3,160.0,160.2,48439,17:25,17:20,True,90230.5,0.5368362139187969,2.921428571428574
2015-01-09,162.8,162.8,162.2,162.7,38881,17:25,17:20,True,91650.5,0.4242311825903841,3.064285714285719
2015-01-12,161.5,161.9,161.5,161.6,57202,17:25,17:20,True,90747.35714285714,0.6303434259793477,3.142857142857149
2015-01-13,159.8,159.8,159.3,159.5,81339,17:25,17:20,True,91141.28571428571,0.8924495563403131,3.092857142857148
2015-01-14,159.3,159.3,158.5,158.6,52291,17:25,17:20,True,94892.42857142857,0.5510555561410139,3.142857142857147
2015-01-15,157.0,157.6,157.0,157.0,89126,17:25,17:20,True,95876.21428571429,0.9295944845548613,3.0785714285714323
2015-01-16,162.9,164.4,162.9,163.5,276136,17:25,17:20,True,93351.57142857143,2.9580219783583104,3.6785714285714346
2015-01-19,160.3,160.7,158.7,159.9,194362,17:25,17:20,True,87247.85714285714,2.2276994113649944,4.000000000000006
2015-01-20,159.5,160.3,159.5,159.7,143142,17:25,17:20,True,94127.14285714286,1.520730319173155,4.135714285714291
2015-01-21,160.0,160.0,159.1,159.1,100969,17:25,17:20,True,100132.21428571429,1.0083568082485228,4.207142857142862
2015-01-22,162.8,163.0,161.3,161.3,94336,17:25,17:20,True,106458.28571428571,0.8861311204388573,4.335714285714291
2015-01-23,164.8,165.3,164.4,165.3,105536,17:25,17:20,True,109695.21428571429,0.9620839039077757,4.4357142857142895
2015-01-26,163.6,164.1,163.2,163.3,79372,17:25,17:20,True,113781.07142857143,0.6975852749798328,4.392857142857145
2015-01-27,164.2,164.5,163.7,164.0,76760,17:25,17:20,True,118578.42857142857,0.647335277796853,4.450000000000003
2015-01-28,161.4,161.4,160.9,160.9,62474,17:25,17:20,True,102706.5,0.6082769834431122,4.2928571428571445
2015-01-29,160.1,160.9,160.1,160.4,44303,17:25,17:20,True,103709.0,0.4271856830169031,4.200000000000001
2015-01-30,158.4,158.9,158.1,158.1,130720,17:25,17:20,True,104096.28571428571,1.2557604635268995,4.207142857142857
2015-02-02,158.6,158.6,157.5,157.8,91382,17:25,17:20,True,109347.57142857143,0.8357021450603775,4.271428571428572
2015-02-03,161.9,162.8,161.7,162.6,118983,17:25,17:20,True,110064.92857142857,1.0810255505029824,4.32857142857143
2015-02-04,163.3,163.6,163.0,163.3,45157,17:25,17:20,True,114828.64285714286,0.3932555403983949,4.257142857142859
2015-02-05,161.7,161.7,160.2,161.3,269022,17:25,17:20,True,111688.0,2.4086920707685695,3.6571428571428584
2015-02-06,168.0,168.5,167.7,168.5,109749,17:25,17:20,True,111179.85714285714,0.9871302484134459,3.942857142857142
2015-02-09,169.9,169.9,169.1,169.6,47494,17:25,17:20,True,105136.07142857143,0.45173839344251154,3.9071428571428584
2015-02-10,173.0,173.6,172.9,172.9,84426,17:25,17:20,True,98304.07142857143,0.8588250595637297,3.921428571428574
2015-02-11,172.8,173.0,172.6,172.7,27623,17:25,17:20,True,97122.42857142857,0.28441422240265235,3.8785714285714312
2015-02-12,174.1,174.4,174.0,174.2,42182,17:25,17:20,True,92357.21428571429,0.45672663826246074,3.807142857142862
2015-02-13,178.0,178.0,176.3,177.3,95779,17:25,17:20,True,87831.92857142857,1.0904804386950078,3.950000000000005
2015-02-16,179.1,179.5,178.9,179.0,64043,17:25,17:20,True,89003.85714285714,0.719553085179294,4.050000000000003
2015-02-17,179.1,179.3,178.5,178.6,87148,17:25,17:20,True,88095.5,0.9892446265700291,3.8785714285714334
2015-02-18,177.2,177.3,176.6,177.2,76392,17:25,17:20,True,89857.92857142857,0.850142009887036,3.9357142857142895
2015-02-19,177.8,177.8,176.9,177.1,160389,17:25,17:20,True,92150.0,1.7405208898534996,3.9571428571428617
2015-02-20,178.2,178.8,178.1,178.8,67965,17:25,17:20,True,94269.21428571429,0.7209670783296167,3.9357142857142913
2015-02-23,180.5,180.6,180.2,180.4,77157,17:25,17:20,True,92596.57142857143,0.8332597936362962,3.8571428571428634
2015-02-24,180.8,180.9,180.7,180.8,31967,17:25,17:20,True,89609.0,0.3567387204410271,3.785714285714292
2015-02-25,179.7,180.1,179.6,180.1,26590,17:25,17:20,True,88666.85714285714,0.2998865738204644,3.728571428571434
2015-02-26,177.6,177.8,177.0,177.5,69650,17:25,17:20,True,71350.28571428571,0.9761698821908813,3.0928571428571496
2015-02-27,180.2,180.9,180.1,180.8,69750,17:25,17:20,True,68486.07142857143,1.0184552646262794,3.0142857142857196
2015-03-02,179.1,179.5,178.4,178.4,70091,17:25,17:20,True,70075.78571428571,1.000217111881932,2.928571428571433
2015-03-03,179.2,179.3,178.8,179.0,21116,17:25,17:20,True,69051.85714285714,0.30579916129285856,2.800000000000001
2015-03-04,175.4,175.9,175.1,175.6,51615,17:25,17:20,True,68587.07142857143,0.7525470751984703,2.9214285714285717
2015-03-05,176.5,176.9,176.3,176.3,67747,17:25,17:20,True,69260.85714285714,0.9781426738665006,2.742857142857145
2015-03-06,175.8,175.9,175.4,175.5,30677,17:25,17:20,True,67258.57142857143,0.4561054353136084,2.55714285714286
2015-03-09,176.5,176.7,176.1,176.2,58575,17:25,17:20,True,64875.28571428572,0.9028861970329886,2.6285714285714294
2015-03-10,175.2,175.3,174.7,175.3,35750,17:25,17:20,True,62834.357142857145,0.5689562466394068,2.5142857142857156
2015-03-11,173.2,173.7,173.1,173.7,80056,17:25,17:20,True,59931.357142857145,1.33579487961823,2.5142857142857156
2015-03-12,174.0,174.0,173.6,173.6,63758,17:25,17:20,True,54193.28571428572,1.1764926071495414,2.5
2015-03-13,173.7,173.9,173.5,173.8,39749,17:25,17:20,True,53892.78571428572,0.7375569748932735,2.5357142857142856
2015-03-16,175.7,175.8,175.2,175.7,81390,17:25,17:20,True,51220.78571428572,1.5890033482500825,2.471428571428573
2015-03-17,176.3,176.3,176.0,176.1,35659,17:25,17:20,True,54751.0,0.6512940402915015,2.528571428571431
2015-03-18,176.7,176.8,176.5,176.8,31360,17:25,17:20,True,55398.78571428572,0.5660773895250412,2.4214285714285717
2015-03-19,181.5,182.5,181.4,182.2,82832,17:25,17:20,True,52663.78571428572,1.57284553088121,2.6214285714285728
2015-03-20,181.7,182.0,181.2,181.9,68705,17:25,17:20,True,53598.21428571428,1.2818524071297686,2.742857142857145
2015-03-23,184.0,184.4,183.7,184.4,30127,17:25,17:20,True,53499.21428571428,0.563129765590683,2.9642857142857184
2015-03-24,183.1,183.3,182.5,182.7,82773,17:25,17:20,True,54142.857142857145,1.5287889182058048,2.7714285714285745
2015-03-25,184.1,184.1,183.4,183.9,50946,17:25,17:20,True,56368.42857142857,0.9038038010132318,2.8500000000000023
2015-03-26,181.5,182.0,181.2,181.8,97602,17:25,17:20,True,55168.357142857145,1.7691663311137207,2.921428571428574
2015-03-27,182.5,182.8,182.4,182.5,43358,17:25,17:20,True,59948.71428571428,0.72325154119831,2.8785714285714312
2015-03-30,183.2,183.7,183.2,183.4,40405,17:25,17:20,True,58861.78571428572,0.6864385697730154,2.864285714285718
2015-03-31,184.7,184.7,184.2,184.3,49512,17:25,17:20,True,59194.28571428572,0.836432088039386,2.8142857142857167
2015-04-01,182.6,182.7,182.2,182.3,26391,17:25,17:20,True,57012.57142857143,0.46289790722848095,2.7714285714285745
2015-04-07,185.3,185.5,184.8,185.3,68212,17:25,17:20,True,54343.5,1.2552007139768326,2.8000000000000034
2015-04-08,187.8,187.8,187.3,187.6,29196,17:25,17:20,True,56376.57142857143,0.5178746997232894,2.9857142857142867
2015-04-09,186.8,187.3,186.8,187.3,12118,17:25,17:20,True,52648.42857142857,0.23016831325856965,2.9571428571428577
2015-04-10,188.6,188.7,188.5,188.7,68562,17:25,17:20,True,50966.92857142857,1.3452252651229017,3.05714285714286
2015-04-13,190.1,190.9,190.1,190.7,113038,17:25,17:20,True,53624.21428571428,2.107965617877851,2.8214285714285756
2015-04-14,190.0,190.4,189.9,190.1,38764,17:25,17:20,True,55781.78571428572,0.6949221776181421,2.642857142857145
2015-04-15,190.9,191.8,190.8,191.7,15387,17:25,17:20,True,53643.142857142855,0.2868400168308025,2.4357142857142873
2015-04-16,192.4,192.6,192.0,192.6,23430,17:25,17:20,True,52590.28571428572,0.44551954190344767,2.5071428571428607
2015-04-17,190.2,190.7,189.7,189.7,51611,17:25,17:20,True,48351.5,1.0674125931977292,2.5428571428571445
2015-04-20,189.8,190.5,189.6,190.1,114930,17:25,17:20,True,48399.0,2.3746358395834624,2.5714285714285716
2015-04-21,191.3,192.5,191.3,192.4,107615,17:25,17:20,True,49636.71428571428,2.168052449655641,2.614285714285716
2015-04-22,192.5,192.7,191.9,192.2,39935,17:25,17:20,True,54226.5,0.7364480466192729,2.664285714285715
2015-04-23,191.4,191.7,191.4,191.5,26517,17:25,17:20,True,54192.92857142857,0.489307381959428,2.7000000000000006
2015-04-24,188.6,189.0,188.5,189.0,20777,17:25,17:20,True,52550.42857142857,0.39537260807985797,2.9142857142857133
2015-04-27,187.2,187.7,187.2,187.4,38449,17:25,17:20,True,52149.42857142857,0.7372851640615156,2.8785714285714272
2015-04-28,189.4,190.4,189.1,190.2,41989,17:25,17:20,True,50023.5,0.8393854888202544,2.8999999999999995
2015-04-29,189.3,190.0,188.5,189.7,138865,17:25,17:20,True,50937.28571428572,2.726195517737498,2.992857142857141
2015-05-04,181.8,184.6,181.2,183.8,178074,17:25,17:20,True,59990.642857142855,2.9683629232654143,3.299999999999997
2015-05-05,179.2,179.5,178.7,178.9,125880,17:25,17:20,True,67812.92857142857,1.8562831992635203,3.44285714285714
2015-05-06,179.3,179.4,178.4,178.4,54090,17:25,17:20,True,68730.21428571429,0.7869901259895055,3.6642857142857133
2015-05-07,176.8,177.3,176.8,176.8,39491,17:25,17:20,True,69824.92857142857,0.5655716490938051,3.778571428571429
2015-05-08,178.6,178.9,178.0,178.2,62365,17:25,17:20,True,71546.64285714286,0.8716691309265784,3.8785714285714272
2015-05-11,180.6,180.9,180.5,180.6,48605,17:25,17:20,True,74327.71428571429,0.6539283558910923,3.892857142857143
2015-05-12,180.9,181.1,180.7,180.9,56241,17:25,17:20,True,74113.0,0.7588547218436712,3.8214285714285734
2015-05-15,182.4,182.9,182.4,182.7,64382,17:25,17:20,True,69920.92857142857,0.9207829660647283,3.7571428571428567
2015-05-18,182.4,182.7,182.1,182.3,50996,17:25,17:20,True,66832.85714285714,0.7630378556313191,3.7714285714285722
2015-05-19,183.5,183.5,182.9,183.3,28717,17:25,17:20,True,67622.92857142857,0.424663654867696,3.692857142857144
2015-05-20,182.3,182.7,182.3,182.6,28700,17:25,17:20,True,67780.07142857143,0.42342829382003344,3.550000000000001
2015-05-21,180.8,181.7,180.8,181.6,28811,17:25,17:20,True,68346.0,0.42154624996342144,3.5214285714285722
2015-05-22,182.8,182.9,182.2,182.2,57394,17:25,17:20,True,67657.57142857143,0.8483012143081863,3.4071428571428584
2015-05-25,180.8,181.3,180.7,181.3,12487,17:25,17:20,True,68757.92857142857,0.18160814700850086,3.3214285714285716
2015-05-26,181.3,182.0,181.3,181.6,50149,17:25,17:20,True,59730.92857142857,0.8395817911993427,2.9357142857142855
2015-05-27,183.8,184.5,183.8,184.0,50155,17:25,17:20,True,50593.42857142857,0.9913342783083066,2.807142857142856
2015-05-28,187.1,187.3,186.9,187.1,31207,17:25,17:20,True,45184.5,0.6906571943918822,2.7928571428571405
2015-05-29,186.7,186.8,186.1,186.8,21337,17:25,17:20,True,43550.0,0.4899425947187141,2.6571428571428544
2015-06-01,186.1,186.5,185.9,186.2,36969,17:25,17:20,True,42253.28571428572,0.874937874653873,2.507142857142855
2015-06-02,187.1,187.6,186.8,187.6,96502,17:25,17:20,True,40439.28571428572,2.3863428420030024,2.357142857142855
2015-06-03,186.5,186.5,186.0,186.3,34969,17:25,17:20,True,43860.5,0.7972777328119834,2.335714285714285
2015-06-04,186.0,186.3,185.6,186.0,30352,17:25,17:20,True,42341.07142857143,0.7168453460419215,2.3714285714285706
2015-06-05,191.7,193.3,191.7,193.1,124412,17:25,17:20,True,39910.357142857145,3.1172860607253754,2.949999999999999
2015-06-08,191.5,192.0,191.1,191.1,33103,17:25,17:20,True,45154.357142857145,0.7331075469698384,3.0071428571428567
2015-06-09,188.9,189.3,188.9,189.0,70157,17:25,17:20,True,45467.642857142855,1.5430093928649418,3.000000000000002
2015-06-10,188.9,189.2,188.5,188.5,27941,17:25,17:20,True,48428.857142857145,0.5769493985286223,3.0142857142857173
2015-06-11,189.8,189.8,189.3,189.7,35223,17:25,17:20,True,48366.71428571428,0.7282487661231012,3.028571428571431
2015-06-12,186.9,186.9,186.6,186.8,51261,17:25,17:20,True,46783.07142857143,1.0957168572881217,3.221428571428575
2015-06-15,185.5,185.5,184.5,185.3,58335,17:25,17:20,True,49552.642857142855,1.177232870670009,3.2642857142857173
2015-06-16,183.0,183.6,182.7,183.6,33269,17:25,17:20,True,50137.357142857145,0.6635571138144782,3.335714285714289
2015-06-17,185.5,185.7,184.6,185.5,101610,17:25,17:20,True,48931.21428571428,2.0765885638293993,3.2571428571428607
2015-06-18,184.2,184.2,180.1,180.8,158999,17:25,17:20,True,53960.0,2.9466085989621944,3.357142857142861
2015-06-22,182.8,184.0,182.4,183.1,179735,17:25,17:20,True,63793.0,2.8174721364413022,3.892857142857147
2015-06-23,184.0,184.5,183.4,183.5,21558,17:25,17:20,True,73990.57142857143,0.2913614475975703,4.128571428571432
2015-06-24,183.9,183.9,183.3,183.4,45138,17:25,17:20,True,68637.42857142857,0.6576295315758584,4.1642857142857155
2015-06-25,179.6,179.6,179.0,179.3,37425,17:25,17:20,True,69363.78571428571,0.5395466757560811,4.257142857142859
2015-06-26,178.2,178.2,177.0,177.0,58457,17:25,17:20,True,69869.0,0.83666576020839,3.6499999999999995
2015-06-29,175.3,176.6,175.2,176.0,169755,17:25,17:20,True,65157.92857142857,2.605285399978733,3.7285714285714278
2015-06-30,176.7,176.7,174.8,175.3,121061,17:25,17:20,True,74918.78571428571,1.6158964516814875,3.907142857142856
2015-07-01,174.9,174.9,174.4,174.7,42053,17:25,17:20,True,78554.78571428571,0.5353333933460451,4.0071428571428545
2015-07-02,174.9,175.4,174.6,174.9,10393,17:25,17:20,True,79562.78571428571,0.13062639658347092,4.0785714285714265
2015-07-03,175.8,176.0,175.7,175.7,15435,17:25,17:20,True,77789.21428571429,0.19842082404005695,3.942857142857142
2015-07-06,173.3,173.7,173.0,173.3,59404,17:25,17:20,True,75230.21428571429,0.7896295466392207,3.9642857142857144
2015-07-07,173.7,174.1,173.5,173.5,12631,17:25,17:20,True,75306.57142857143,0.16772772628455873,3.892857142857143
2015-07-08,171.6,172.0,171.5,171.9,23087,17:25,17:20,True,73832.42857142857,0.3126945767152258,3.864285714285714
2015-07-09,171.5,171.5,171.0,171.2,13873,17:25,17:20,True,68223.64285714286,0.20334592846426303,3.8428571428571394
2015-07-10,174.5,174.5,173.3,173.3,86877,17:25,17:20,True,57857.5,1.5015685088363653,3.3214285714285694
2015-07-13,174.9,175.4,174.7,175.0,49841,17:25,17:20,True,51224.78571428572,0.9729860126306042,3.199999999999999
2015-07-14,176.6,177.5,176.5,176.8,23128,17:25,17:20,True,53245.0,0.43436942435909476,3.2999999999999994
2015-07-15,178.2,178.2,176.9,176.9,55091,17:25,17:20,True,51672.857142857145,1.0661496779187747,3.221428571428571
2015-07-16,175.9,176.2,175.6,176.1,39915,17:25,17:20,True,52934.71428571428,0.7540420410046877,3.342857142857144
2015-07-17,178.4,178.4,177.8,178.3,27456,17:25,17:20,True,51610.28571428572,0.5319869793396664,3.2928571428571423
2015-07-20,179.2,179.7,179.2,179.6,34577,17:25,17:20,True,41446.07142857143,0.8342648364053116,3.0142857142857116
2015-07-21,179.6,179.7,179.4,179.5,13102,17:25,17:20,True,35268.642857142855,0.3714914705697696,2.8142857142857127
2015-07-22,177.2,177.2,176.6,176.6,85090,17:25,17:20,True,33200.71428571428,2.5628966674555196,2.77142857142857
2015-07-23,181.6,184.5,181.4,182.9,286146,17:25,17:20,True,38536.21428571428,7.4253790961007,2.807142857142856
2015-07-24,179.3,179.3,178.5,178.7,30161,17:25,17:20,True,57872.71428571428,0.5211609714916232,3.221428571428571
2015-07-27,173.7,173.9,173.0,173.1,65864,17:25,17:20,True,55783.92857142857,1.180698485867025,3.335714285714285
2015-07-28,168.7,169.1,168.5,168.8,34641,17:25,17:20,True,59586.28571428572,0.5813586060071348,3.6642857142857133
2015-07-29,170.6,171.1,170.6,171.1,24079,17:25,17:20,True,60411.57142857143,0.3985825799693058,3.6571428571428584
2015-07-30,172.5,173.5,172.5,173.2,27327,17:25,17:20,True,61140.57142857143,0.4469536244345583,3.692857142857144
2015-07-31,174.2,174.7,174.2,174.5,33637,17:25,17:20,True,56887.0,0.5912950234675761,3.614285714285716
2015-08-03,174.6,175.0,174.5,174.8,6501,17:25,17:20,True,55729.57142857143,0.11665261069398909,3.492857142857145
2015-08-04,175.0,175.2,174.7,175.2,24856,17:25,17:20,True,54541.92857142857,0.45572279255670933,3.4142857142857173
2015-08-05,175.4,175.5,175.0,175.0,15377,17:25,17:20,True,52382.28571428572,0.29355343682160817,3.278571428571431
2015-08-06,178.7,178.7,177.7,177.8,43247,17:25,17:20,True,50629.57142857143,0.854184595676722,3.6500000000000035
2015-08-07,178.6,178.7,178.1,178.7,25953,17:25,17:20,True,51757.5,0.501434574699319,3.700000000000005
2015-08-10,180.2,180.3,179.7,179.8,30524,17:25,17:20,True,51141.5,0.5968538271266975,3.842857142857148
2015-08-11,180.0,180.2,179.1,179.7,50736,17:25,17:20,True,52385.92857142857,0.96850435572257,3.778571428571435
2015-08-12,176.0,176.0,174.8,174.8,63665,17:25,17:20,True,49932.07142857143,1.2750322223477897,3.8285714285714323
2015-08-13,174.8,175.0,173.7,173.8,61811,17:25,17:20,True,34040.57142857143,1.8158038307230029,3.6214285714285745
2015-08-14,171.5,171.5,170.4,170.8,35788,17:25,17:20,True,36301.28571428572,0.9858603984904115,3.5928571428571456
2015-08-17,170.5,171.0,170.5,170.7,29685,17:25,17:20,True,34153.0,0.8691769390683103,3.221428571428575
2015-08-18,169.9,170.0,169.5,169.9,13409,17:25,17:20,True,33799.0,0.3967277138376875,3.1785714285714306
2015-08-19,169.5,169.5,168.9,168.9,15594,17:25,17:20,True,33036.857142857145,0.47201826531406477,3.092857142857144
2015-08-20,167.8,168.0,167.5,167.7,17896,17:25,17:20,True,32198.785714285714,0.5557973570431893,3.1214285714285728
2015-08-21,163.8,163.8,162.7,163.6,84866,17:25,17:20,True,31074.428571428572,2.73105585207865,3.257142857142859
2015-08-24,158.1,158.1,155.5,157.0,218433,17:25,17:20,True,36671.92857142857,5.956408853015249,3.421428571428574
2015-08-26,160.0,160.0,157.7,158.0,116241,17:25,17:20,True,50498.857142857145,2.301854073076618,4.028571428571431
2015-08-27,162.9,162.9,162.0,162.3,40959,17:25,17:20,True,57703.42857142857,0.7098191739040017,3.8500000000000023
2015-08-28,163.5,163.5,163.0,163.4,52119,17:25,17:20,True,57540.0,0.9057872784150156,4.014285714285718
2015-08-31,162.6,162.6,161.7,162.4,61703,17:25,17:20,True,59409.0,1.0386136780622464,4.000000000000002
2015-09-01,161.8,163.5,161.7,163.0,118337,17:25,17:20,True,61636.07142857143,1.9199309309831325,3.9857142857142867
2015-09-02,161.9,162.2,161.6,161.9,15422,17:25,17:20,True,66464.71428571429,0.23203289393082902,3.892857142857145
2015-09-03,159.4,159.9,159.1,159.2,32011,17:25,17:20,True,63018.78571428572,0.5079596446864484,3.857142857142859
2015-09-04,157.8,157.9,157.0,157.2,68193,17:25,17:20,True,60890.21428571428,1.1199336510792843,3.721428571428575
2015-09-07,156.3,157.7,156.3,157.7,50397,17:25,17:20,True,63204.857142857145,0.7973596061785486,3.8714285714285745
2015-09-08,159.0,160.5,159.0,160.5,225183,17:25,17:20,True,64684.28571428572,3.48126283707679,3.9857142857142907
2015-09-09,163.5,163.9,162.3,163.9,268965,17:25,17:20,True,79811.0,3.3700241821302828,4.278571428571433
2015-09-10,158.2,158.7,157.5,158.2,196083,17:25,17:20,True,97908.92857142857,2.00270805595579,4.414285714285719
2015-09-11,156.6,156.6,156.2,156.6,61397,17:25,17:20,True,110636.57142857143,0.5549430826283223,4.4357142857142895
2015-09-14,154.6,154.6,154.1,154.2,35364,17:25,17:20,True,108960.21428571429,0.3245588330734088,4.350000000000002
2015-09-15,153.9,153.9,153.1,153.1,25014,17:25,17:20,True,95883.85714285714,0.2608781159349034,3.785714285714288
2015-09-16,155.2,155.4,155.0,155.2,31946,17:25,17:20,True,89367.64285714286,0.35746718810819195,3.6000000000000023
2015-09-17,154.8,155.0,154.6,154.6,15401,17:25,17:20,True,88723.85714285714,0.17358352641502447,3.421428571428574
2015-09-18,152.8,153.2,151.7,151.7,63963,17:25,17:20,True,86101.14285714286,0.7428821253409611,3.357142857142859
2015-09-21,149.5,149.5,148.6,149.5,87546,17:25,17:20,True,86262.57142857143,1.0148781626860184,3.5642857142857167
2015-09-22,151.5,151.5,149.6,149.6,101166,17:25,17:20,True,84063.21428571429,1.2034514842146853,3.6357142857142883
2015-09-23,147.9,147.9,147.0,147.9,64700,17:25,17:20,True,90187.78571428571,0.7173920446940472,3.6000000000000023
2015-09-24,146.9,146.9,146.2,146.2,22233,17:25,17:20,True,92522.71428571429,0.24029774927855552,3.5714285714285716
2015-09-25,146.2,146.3,145.7,145.9,37117,17:25,17:20,True,89239.85714285714,0.4159240185759406,3.4857142857142867
2015-09-28,146.1,146.3,145.5,146.1,35165,17:25,17:20,True,88291.28571428571,0.39828392706609134,3.4357142857142855
2015-09-29,144.5,144.9,144.5,144.7,55944,17:25,17:20,True,74718.57142857143,0.7487295183832666,3.2071428571428555
2015-09-30,148.2,148.6,147.6,147.9,94874,17:25,17:20,True,59502.78571428572,1.5944463584538058,3.1285714285714255
2015-10-01,149.7,149.9,149.3,149.5,50583,17:25,17:20,True,52273.57142857143,0.967659155814875,3.049999999999997
2015-10-02,147.7,148.1,147.3,147.3,40155,17:25,17:20,True,51501.142857142855,0.779691435418909,3.1142857142857117
2015-10-05,148.7,149.2,148.7,149.2,33261,17:25,17:20,True,51843.357142857145,0.6415672485936343,3.1785714285714266
2015-10-06,151.0,151.1,150.6,150.9,57254,17:25,17:20,True,52432.42857142857,1.0919578123680274,3.257142857142855
2015-10-07,151.5,151.6,151.2,151.4,37420,17:25,17:20,True,54240.142857142855,0.6898949381191053,3.3214285714285694
2015-10-08,151.0,151.7,151.0,151.5,51413,17:25,17:20,True,55812.92857142857,0.9211664988014809,3.3785714285714272
2015-10-09,154.9,155.3,154.7,155.0,99757,17:25,17:20,True,54916.5,1.8165214461955879,3.19285714285714
2015-10-12,155.7,155.9,155.6,155.7,40817,17:25,17:20,True,55788.71428571428,0.7316354306170475,3.19285714285714
2015-10-13,152.8,152.8,152.5,152.6,50995,17:25,17:20,True,51478.07142857143,0.9906159765669987,3.157142857142852
2015-10-14,150.8,150.9,150.3,150.6,22009,17:25,17:20,True,50499.142857142855,0.4358291795617465,3.271428571428566
2015-10-15,151.3,151.6,151.1,151.1,41973,17:25,17:20,True,50483.142857142855,0.8314260488649677,3.1785714285714226
2015-10-16,153.7,153.8,153.0,153.3,49865,17:25,17:20,True,50830.0,0.9810151485343301,3.214285714285708
2015-10-19,149.7,150.3,149.6,150.3,29509,17:25,17:20,True,51880.0,0.5687933693138011,3.435714285714281
2015-10-20,148.9,148.9,148.0,148.1,36415,17:25,17:20,True,49991.78571428572,0.7284196689456125,3.392857142857139
2015-10-21,152.1,154.3,152.0,154.3,225281,17:25,17:20,True,45816.142857142855,4.917066037235784,3.435714285714281
2015-10-22,151.1,151.1,150.3,150.3,25873,17:25,17:20,True,58294.57142857143,0.4438320647352608,3.4785714285714238
2015-10-23,153.5,154.0,153.5,153.8,42394,17:25,17:20,True,57274.42857142857,0.74019071088818,3.528571428571425
2015-10-26,157.4,157.6,157.4,157.5,16036,17:25,17:20,True,57926.78571428572,0.27683220814451737,3.7071428571428533
2015-10-27,157.0,157.0,156.0,156.0,34802,17:25,17:20,True,54982.642857142855,0.6329633897450754,3.685714285714281
2015-10-28,157.0,157.1,156.6,156.6,36068,17:25,17:20,True,54795.642857142855,0.658227518089942,3.63571428571428
2015-10-29,159.1,160.0,159.1,159.7,60624,17:25,17:20,True,53699.57142857143,1.1289475574425973,3.7142857142857104
2015-11-02,160.5,160.5,159.6,160.1,27562,17:25,17:20,True,50904.357142857145,0.5414467748340375,3.635714285714282
2015-11-03,163.0,163.0,162.7,162.8,26502,17:25,17:20,True,49957.57142857143,0.5304901587918891,3.6214285714285706
2015-11-04,163.6,163.9,163.2,163.7,46740,17:25,17:20,True,48208.07142857143,0.9695471860817617,3.47857142857143
2015-11-05,166.0,166.1,165.5,165.5,42499,17:25,17:20,True,49974.57142857143,0.8504124954977103,3.5857142857142867
2015-11-06,165.1,165.4,164.5,164.6,14867,17:25,17:20,True,50012.142857142855,0.29726780638987677,3.5142857142857173
2015-11-09,167.0,168.1,167.0,167.8,34175,17:25,17:20,True,47512.28571428572,0.7192876428953714,3.3714285714285745
2015-11-10,164.7,165.4,164.7,165.0,17725,17:25,17:20,True,47845.57142857143,0.37046270889379224,3.4000000000000035
2015-11-11,164.0,164.2,163.3,163.7,21514,17:25,17:20,True,46510.57142857143,0.46256150675422486,3.335714285714289
2015-11-12,164.4,164.4,163.4,163.4,27504,17:25,17:20,True,31955.785714285714,0.8606892112092378,3.178571428571433
2015-11-13,160.0,160.9,160.0,160.5,27168,17:25,17:20,True,32072.285714285714,0.8470864921204778,3.2285714285714318
2015-11-16,158.0,159.0,158.0,159.0,21016,17:25,17:20,True,30984.714285714286,0.6782699303343123,2.921428571428574
2015-11-17,160.8,162.0,160.8,161.5,69538,17:25,17:20,True,31340.428571428572,2.2187954399383725,2.964285714285716
2015-11-18,162.8,162.8,162.4,162.4,19466,17:25,17:20,True,33821.57142857143,0.5755498392826218,3.1571428571428606
2015-11-19,163.6,163.9,163.6,163.7,43453,17:25,17:20,True,32635.714285714286,1.331455460713504,3.028571428571431
2015-11-20,163.9,164.2,163.9,164.1,40550,17:25,17:20,True,31409.214285714286,1.2910224251755058,3.05714285714286
2015-11-23,164.3,164.3,163.5,163.5,22030,17:25,17:20,True,32336.928571428572,0.6812644543942463,2.971428571428573
2015-11-24,161.7,161.8,161.5,161.7,23462,17:25,17:20,True,32017.5,0.7327867572421332,3.0857142857142867
2015-11-25,162.7,163.1,162.3,162.4,41403,17:25,17:20,True,30354.785714285714,1.3639694376269216,3.07857142857143
2015-11-26,164.4,164.4,163.5,164.0,27041,17:25,17:20,True,30276.5,0.8931349396396545,3.1857142857142873
2015-11-27,164.2,164.2,163.7,163.9,19232,17:25,17:20,True,31146.071428571428,0.617477553922187,3.0642857142857167
2015-11-30,162.9,163.2,162.5,163.2,32696,17:25,17:20,True,30078.714285714286,1.0870145475443005,3.0142857142857173
2015-12-01,164.6,164.6,164.1,164.5,36043,17:25,17:20,True,31148.071428571428,1.1571502936434954,3.1000000000000045
2015-12-02,162.0,162.2,161.7,161.7,28736,17:25,17:20,True,32185.85714285714,0.892814501489119,3.278571428571433
2015-12-03,161.4,162.1,161.4,161.8,32702,17:25,17:20,True,32273.85714285714,1.0132659339491938,3.0500000000000034
2015-12-04,159.3,159.4,159.0,159.0,43773,17:25,17:20,True,32669.14285714286,1.3398882300467019,3.1571428571428624
2015-12-07,158.8,159.4,158.5,158.7,51903,17:25,17:20,True,34294.642857142855,1.5134433741213227,3.1642857142857213
2015-12-08,157.3,157.3,156.9,157.3,43614,17:25,17:20,True,33035.0,1.3202361132132587,2.9714285714285773
2015-12-09,155.3,155.3,154.6,154.6,64696,17:25,17:20,True,34759.857142857145,1.8612274421644013,3.1785714285714346
2015-12-10,153.8,154.3,153.3,153.9,55396,17:25,17:20,True,36277.21428571428,1.527019124558706,3.21428571428572
2015-12-11,154.9,154.9,154.7,154.8,30751,17:25,17:20,True,37337.642857142855,0.8235924297003981,3.1714285714285757
2015-12-14,152.5,153.4,152.5,153.3,31634,17:25,17:20,True,37960.57142857143,0.8333383510710362,3.2357142857142907
2015-12-15,152.2,152.5,151.6,152.1,56066,17:25,17:20,True,38544.28571428572,1.4545865609132351,3.2071428571428617
2015-12-16,153.2,153.4,153.0,153.0,22354,17:25,17:20,True,39591.642857142855,0.5646141050690713,3.1285714285714312
2015-12-17,154.0,154.6,153.3,153.5,80334,17:25,17:20,True,39256.857142857145,2.046368605302804,3.1714285714285717
2015-12-18,151.7,151.7,151.2,151.5,29572,17:25,17:20,True,43621.28571428572,0.6779259142816907,3.221428571428571
2015-12-21,150.0,150.7,150.0,150.1,31957,17:25,17:20,True,43398.142857142855,0.736367915677761,3.0999999999999983
2015-12-22,149.7,149.8,149.3,149.5,16334,17:25,17:20,True,43106.28571428572,0.37892385598388034,2.9571428571428533
2015-12-23,149.9,150.7,149.9,150.5,19573,17:25,17:20,True,42220.42857142857,0.46359074652419446,2.9785714285714278
2015-12-28,152.5,152.7,152.1,152.7,19953,17:25,17:20,True,41282.642857142855,0.48332661426369095,2.92142857142857
2015-12-29,152.2,152.4,152.1,152.2,26891,17:25,17:20,True,39581.21428571428,0.6793879491894604,2.8214285714285694
2015-12-30,153.0,153.3,153.0,153.2,10898,17:25,17:20,True,37794.642857142855,0.28834774391684387,2.7999999999999994
2016-01-04,149.7,149.9,149.0,149.2,61623,17:25,17:20,True,35457.78571428572,1.7379257829733141,2.5928571428571416
2016-01-07,144.9,144.9,142.3,142.7,219991,17:25,17:20,True,35238.28571428572,6.242954092140042,2.8499999999999983
2016-01-08,142.3,142.4,141.4,141.6,90531,17:25,17:20,True,46995.07142857143,1.9263934971904348,3.1214285714285728
2016-01-11,139.6,139.6,139.0,139.6,34814,17:25,17:20,True,51265.07142857143,0.6790978541502081,3.0642857142857145
2016-01-12,139.6,139.6,138.9,139.2,28645,17:25,17:20,True,51492.21428571428,0.5562976927163746,3.050000000000001
2016-01-13,142.5,142.9,142.4,142.8,34428,17:25,17:20,True,49533.57142857143,0.6950437654116256,3.164285714285715
2016-01-14,140.0,140.0,139.5,139.8,53575,17:25,17:20,True,50396.0,1.0630804032066037,3.1500000000000017
2016-01-15,142.1,142.2,141.4,142.1,24214,17:25,17:20,True,48484.642857142855,0.499415868058369,3.22857142857143
2016-01-18,138.1,138.8,138.1,138.6,50394,17:25,17:20,True,48101.92857142857,1.047650302111439,3.3714285714285728
2016-01-19,140.8,142.8,140.8,142.7,127011,17:25,17:20,True,49418.857142857145,2.5700918099510885,3.3714285714285745
2016-01-20,137.2,137.4,136.9,137.2,68272,17:25,17:20,True,57324.357142857145,1.1909771587993634,3.607142857142859
2016-01-21,137.1,137.9,137.1,137.8,64239,17:25,17:20,True,60802.857142857145,1.0565128518396691,3.6214285714285728
2016-01-22,140.8,141.0,140.5,140.5,149197,17:25,17:20,True,63966.142857142855,2.3324370258373293,3.7000000000000006
2016-01-25,142.6,142.6,141.9,141.9,30226,17:25,17:20,True,72702.28571428571,0.41575033993822164,3.9785714285714278
2016-01-26,138.8,139.2,138.5,139.1,31745,17:25,17:20,True,74082.85714285714,0.4285066913494543,4.064285714285712
2016-01-27,142.5,142.5,141.9,142.4,30171,17:25,17:20,True,71948.71428571429,0.4193403634731882,3.885714285714284
2016-01-28,145.3,145.3,144.7,144.8,60881,17:25,17:20,True,58390.142857142855,1.0426588636536012,3.7428571428571393
2016-01-29,145.6,146.0,145.1,145.7,33189,17:25,17:20,True,56272.28571428572,0.5897929962986093,3.721428571428569
2016-02-01,148.7,148.8,148.2,148.5,40882,17:25,17:20,True,56156.21428571428,0.7280049148612227,3.7928571428571405
2016-02-02,147.1,147.1,145.7,145.9,39911,17:25,17:20,True,57030.28571428572,0.6998211476608919,3.7642857142857133
2016-02-03,150.4,151.7,150.0,150.0,153494,17:25,17:20,True,57421.92857142857,2.6730902952704727,3.857142857142857
2016-02-04,146.5,146.7,145.6,145.9,29931,17:25,17:20,True,64559.0,0.46362242289998296,4.142857142857143
2016-02-05,148.1,148.8,148.1,148.5,29976,17:25,17:20,True,64967.357142857145,0.4614009453098974,4.192857142857142
2016-02-08,150.1,150.5,150.0,150.1,15614,17:25,17:20,True,63508.92857142857,0.2458551947139041,4.292857142857143
2016-02-09,144.2,145.5,143.8,145.4,82794,17:25,17:20,True,55552.0,1.4903873847926268,4.3357142857142845
2016-02-10,143.7,143.9,143.2,143.2,30868,17:25,17:20,True,56589.28571428572,0.5454742821079205,4.3999999999999995
2016-02-11,142.9,142.9,141.7,141.9,29905,17:25,17:20,True,54205.642857142855,0.5516953295584672,4.485714285714285
2016-02-12,140.5,140.8,140.2,140.6,26822,17:25,17:20,True,45684.78571428572,0.5871101194989892,4.5
2016-02-15,145.3,145.5,145.0,145.2,86997,17:25,17:20,True,45441.642857142855,1.9144774380956424,4.571428571428571
2016-02-16,148.0,148.2,147.5,148.2,24125,17:25,17:20,True,49388.21428571428,0.4884768633349484,4.592857142857143
2016-02-17,148.5,149.6,148.5,149.4,37945,17:25,17:20,True,48956.357142857145,0.775078094337668,4.485714285714287
2016-02-18,152.9,152.9,152.2,152.7,35991,17:25,17:20,True,47318.07142857143,0.7606184891607405,4.671428571428572
2016-02-19,151.5,151.5,150.9,151.3,48263,17:25,17:20,True,47518.21428571428,1.015673689036535,4.557142857142858
2016-02-22,151.8,152.7,151.6,152.6,44843,17:25,17:20,True,48045.42857142857,0.9333458215141621,4.449999999999998
2016-02-23,151.5,151.9,151.2,151.5,36157,17:25,17:20,True,48397.71428571428,0.7470807358080666,4.357142857142857
2016-02-24,150.6,150.6,149.7,149.9,28688,17:25,17:20,True,40016.5,0.7169042769857433,3.9357142857142855
2016-02-25,148.8,150.1,148.7,150.0,107857,17:25,17:20,True,39927.71428571428,2.7013066470121005,3.864285714285714
2016-02-26,152.8,153.0,152.1,152.8,73236,17:25,17:20,True,45490.642857142855,1.6099134986943942,3.8428571428571416
2016-02-29,151.8,152.1,150.8,151.0,63395,17:25,17:20,True,49606.5,1.2779575257274753,3.635714285714284
2016-03-01,154.5,154.5,153.8,153.9,11356,17:25,17:20,True,48220.857142857145,0.23549975410758828,3.635714285714284
2016-03-02,156.7,157.1,156.4,157.1,54919,17:25,17:20,True,46827.142857142855,1.172802709051527,3.5428571428571423
2016-03-03,157.5,157.9,157.4,157.5,56748,17:25,17:20,True,48613.857142857145,1.167321486818867,3.278571428571429
2016-03-04,157.5,157.8,156.7,157.0,34232,17:25,17:20,True,50751.42857142857,0.6745031807690143,3.2071428571428595
2016-03-07,156.0,156.0,155.1,155.4,29184,17:25,17:20,True,46982.5,0.6211674559676476,3.07857142857143
2016-03-08,155.3,156.1,155.3,155.5,19295,17:25,17:20,True,47343.857142857145,0.40755023279532415,3.035714285714288
2016-03-09,155.3,155.8,154.9,155.2,14302,17:25,17:20,True,46011.71428571428,0.3108338870225595,2.8142857142857145
2016-03-10,154.3,154.7,154.0,154.4,25655,17:25,17:20,True,44462.5,0.5770030924936744,2.8142857142857145
2016-03-11,153.9,154.2,153.7,153.7,45976,17:25,17:20,True,42847.642857142855,1.073011184145819,2.971428571428571
2016-03-14,156.2,156.2,155.4,156.0,33931,17:25,17:20,True,42928.57142857143,0.7904059900166389,3.057142857142856
2016-03-15,153.7,154.0,153.7,153.9,20773,17:25,17:20,True,42769.57142857143,0.4856957716934937,3.0642857142857127
2016-03-16,153.5,155.2,153.5,155.2,117208,17:25,17:20,True,42204.21428571428,2.777163418006665,2.964285714285712
2016-03-17,156.9,157.4,156.7,157.4,90004,17:25,17:20,True,42872.142857142855,2.09935855783809,2.9785714285714255
2016-03-18,159.7,160.8,159.7,160.7,142343,17:25,17:20,True,44069.857142857145,3.2299401275248063,3.0714285714285694
2016-03-21,159.2,159.3,158.4,158.8,108604,17:25,17:20,True,49709.0,2.1847955098674285,2.885714285714284
2016-03-22,158.0,158.4,157.6,158.1,90161,17:25,17:20,True,56655.28571428572,1.5913960871132942,2.8642857142857117
2016-03-23,159.2,159.4,159.0,159.2,35397,17:25,17:20,True,59172.57142857143,0.5981994553461063,2.857142857142855
2016-03-29,157.4,158.4,157.4,158.0,113756,17:25,17:20,True,57647.5,1.973303265536233,2.799999999999997
2016-03-30,158.5,158.5,158.0,158.1,46696,17:25,17:20,True,63327.78571428572,0.7373698523216506,2.7928571428571405
2016-03-31,159.0,159.1,158.8,159.0,21272,17:25,17:20,True,64578.642857142855,0.32939682623954625,2.9357142857142833
2016-04-01,157.0,157.2,156.0,156.2,52085,17:25,17:20,True,64719.857142857145,0.8047761892464004,2.949999999999999
2016-04-04,156.1,156.8,156.0,156.0,45108,17:25,17:20,True,67418.64285714286,0.6690730944492886,3.049999999999997
2016-04-05,156.6,157.0,156.0,156.6,86362,17:25,17:20,True,68808.14285714286,1.2551130783939608,3.0357142857142856
2016-04-06,154.5,154.8,154.3,154.6,63168,17:25,17:20,True,71692.85714285714,0.881091959748929,3.0499999999999994
2016-04-07,156.7,157.1,156.7,156.8,14455,17:25,17:20,True,73781.21428571429,0.19591707916358886,3.0357142857142856
2016-04-08,156.3,156.8,156.0,156.6,19280,17:25,17:20,True,73329.92857142857,0.2629212979693538,3.0714285714285734
2016-04-11,158.3,158.3,157.6,157.7,44027,17:25,17:20,True,66335.07142857143,0.6637062273673374,3.0428571428571467
2016-04-12,158.6,158.6,158.0,158.0,17470,17:25,17:20,True,63051.0,0.2770772866409732,2.9357142857142895
2016-04-13,160.1,160.4,159.7,160.1,78668,17:25,17:20,True,54131.5,1.453275819070227,2.992857142857145
2016-04-14,161.2,161.2,160.9,160.9,16549,17:25,17:20,True,51993.21428571428,0.3182915352965016,2.921428571428574
2016-04-15,161.3,161.4,160.8,161.1,35339,17:25,17:20,True,46735.21428571428,0.7561535886827462,2.8714285714285728
2016-04-18,160.0,160.2,159.9,160.2,58365,17:25,17:20,True,46731.07142857143,1.2489548862411826,2.8428571428571456
2016-04-19,162.4,162.5,162.3,162.4,44349,17:25,17:20,True,42774.57142857143,1.0368075826091603,2.835714285714289
2016-04-20,166.7,169.0,166.7,169.0,225920,17:25,17:20,True,42606.92857142857,5.3024239853679065,2.778571428571433
2016-04-21,170.2,170.4,170.0,170.1,40579,17:25,17:20,True,57224.642857142855,0.7091175754701085,3.107142857142861
2016-04-22,168.8,169.1,168.7,168.9,28768,17:25,17:20,True,56402.78571428572,0.510045729757522,3.085714285714291
2016-04-25,168.8,169.8,168.7,169.8,20928,17:25,17:20,True,55235.642857142855,0.37888578673966994,2.9071428571428624
2016-04-26,168.3,169.3,168.3,169.0,65554,17:25,17:20,True,50561.78571428572,1.296512753137957,2.8571428571428634
2016-04-27,169.3,170.3,169.3,170.3,18533,17:25,17:20,True,50732.21428571428,0.36531029171377444,2.8142857142857207
2016-04-28,169.6,169.9,169.5,169.9,36313,17:25,17:20,True,51023.5,0.711691671484708,2.7214285714285773
2016-04-29,168.9,169.2,168.0,169.2,57283,17:25,17:20,True,52240.142857142855,1.0965322234406492,2.6642857142857173
2016-05-02,169.9,170.2,169.7,170.0,28641,17:25,17:20,True,53187.0,0.5384962490834226,2.6571428571428606
2016-05-03,169.0,169.0,168.2,168.2,34486,17:25,17:20,True,53984.92857142857,0.6388079212584464,2.5785714285714323
2016-05-06,167.5,167.5,166.8,166.8,42744,17:25,17:20,True,50829.07142857143,0.8409360784815214,2.6500000000000035
2016-05-09,168.1,168.1,167.3,167.3,38177,17:25,17:20,True,52700.142857142855,0.7244192886438368,2.721428571428575
2016-05-10,167.7,167.9,167.3,167.3,31583,17:25,17:20,True,52902.857142857145,0.59699989198531,2.7714285714285745
2016-05-11,168.5,168.8,168.0,168.0,27609,17:25,17:20,True,50989.857142857145,0.5414606266232219,2.692857142857144
2016-05-12,168.5,168.6,167.9,168.1,22198,17:25,17:20,True,49794.142857142855,0.4457954033606936,2.6571428571428584
2016-05-13,168.0,168.0,167.2,167.7,79242,17:25,17:20,True,35242.57142857143,2.2484738425118973,2.364285714285716
2016-05-16,167.7,168.0,167.5,167.5,22014,17:25,17:20,True,38004.21428571428,0.5792515491702989,2.3142857142857145
2016-05-17,168.9,169.1,168.5,168.9,42553,17:25,17:20,True,37521.78571428572,1.1340878156499556,2.3285714285714283
2016-05-18,168.0,168.6,167.9,168.4,47315,17:25,17:20,True,39066.42857142857,1.2111421936993765,2.278571428571429
2016-05-19,169.4,169.8,169.0,169.7,26751,17:25,17:20,True,37763.642857142855,0.7083797530126293,2.3142857142857145
2016-05-20,168.8,169.7,168.7,169.5,31662,17:25,17:20,True,38350.642857142855,0.8255924188270266,2.3285714285714283
2016-05-23,170.4,170.5,170.1,170.2,25792,17:25,17:20,True,38018.42857142857,0.6784078398070109,2.278571428571429
2016-05-24,171.0,171.0,170.3,170.9,49496,17:25,17:20,True,35769.07142857143,1.3837653040236277,2.2714285714285722
2016-05-25,172.2,172.2,171.4,171.4,37476,17:25,17:20,True,37258.71428571428,1.0058318092411747,2.2928571428571423
2016-05-26,171.9,173.0,171.9,172.8,45222,17:25,17:20,True,37472.28571428572,1.206811891455018,2.1857142857142855
2016-05-27,173.2,173.9,173.0,173.7,28779,17:25,17:20,True,37649.28571428572,0.7643969720541084,2.2285714285714278
2016-05-30,175.9,176.1,175.5,176.0,22354,17:25,17:20,True,36978.0,0.604521607442263,2.285714285714284
2016-05-31,175.0,175.6,175.0,175.1,45843,17:25,17:20,True,36318.78571428572,1.2622393369822384,2.2285714285714278
2016-06-01,173.0,173.3,172.4,172.7,21578,17:25,17:20,True,37621.21428571428,0.5735593709476227,2.2571428571428567
2016-06-02,172.4,172.8,172.4,172.7,43175,17:25,17:20,True,37576.92857142857,1.1489762905430194,2.157142857142856
2016-06-03,173.1,173.1,172.6,173.0,25866,17:25,17:20,True,35000.71428571428,0.7390134895206221,2.085714285714285
2016-06-07,172.6,173.3,172.6,173.3,83482,17:25,17:20,True,35275.857142857145,2.366547740056939,2.1642857142857133
2016-06-08,174.6,174.6,174.3,174.5,21930,17:25,17:20,True,38199.357142857145,0.5740934308916941,2.335714285714285
2016-06-09,174.0,174.2,173.9,173.9,24578,17:25,17:20,True,36386.142857142855,0.6754769280299016,2.2999999999999994
2016-06-10,172.4,172.7,172.0,172.0,24670,17:25,17:20,True,36230.92857142857,0.6809099565682832,2.3714285714285728
2016-06-13,170.2,171.2,170.2,170.9,60311,17:25,17:20,True,35731.5,1.6878944348823868,2.32857142857143
2016-06-14,167.1,168.2,167.1,168.0,51255,17:25,17:20,True,38197.142857142855,1.3418542897748524,2.4285714285714284
2016-06-15,168.0,168.3,167.8,168.2,27545,17:25,17:20,True,38322.78571428572,0.7187629888223902,2.414285714285715
2016-06-16,167.5,168.9,167.5,168.5,64010,17:25,17:20,True,37613.42857142857,1.7017858363654317,2.592857142857144
2016-06-17,169.9,170.9,169.9,170.5,69713,17:25,17:20,True,38955.42857142857,1.7895580296896085,2.607142857142859
2016-06-20,172.0,172.5,172.0,172.4,39586,17:25,17:20,True,41879.28571428572,0.9452405723934437,2.55714285714286
2016-06-21,173.5,173.5,173.0,173.2,35788,17:25,17:20,True,43110.142857142855,0.8301526654317347,2.750000000000002
2016-06-22,176.0,176.3,175.6,176.0,43581,17:25,17:20,True,42391.92857142857,1.0280494770736344,2.7928571428571445
2016-06-23,176.8,177.1,176.2,176.6,51017,17:25,17:20,True,43963.57142857143,1.1604380249882207,2.8714285714285728
2016-06-27,168.4,169.0,168.3,168.8,80415,17:25,17:20,True,44523.71428571428,1.8061161628153217,2.950000000000003
2016-06-28,167.0,167.0,165.9,166.3,56250,17:25,17:20,True,48420.07142857143,1.1617083234372996,3.642857142857147
2016-06-29,165.8,165.8,164.3,164.4,46734,17:25,17:20,True,46474.92857142857,1.0055744341419106,3.5214285714285745
2016-06-30,164.7,164.7,163.8,164.3,23831,17:25,17:20,True,48246.642857142855,0.49394110322998047,3.5928571428571456
2016-07-01,167.2,167.9,166.9,167.3,49089,17:25,17:20,True,48193.28571428572,1.0185858729579995,3.607142857142859
2016-07-04,169.4,169.8,168.8,169.0,51933,17:25,17:20,True,49937.5,1.0399599499374217,3.6857142857142895
2016-07-05,166.0,166.5,165.9,166.1,51879,17:25,17:20,True,49339.07142857143,1.0514790509405036,3.6714285714285757
2016-07-06,164.2,164.8,164.2,164.3,41307,17:25,17:20,True,49383.642857142855,0.8364510516061565,3.778571428571433
2016-07-07,164.4,164.7,164.4,164.6,12663,17:25,17:20,True,50366.642857142855,0.25141639945939276,3.7214285714285773
2016-07-08,165.2,166.1,165.2,166.1,18302,17:25,17:20,True,46699.0,0.3919141737510439,3.757142857142863
2016-07-11,164.0,164.6,163.6,164.6,65130,17:25,17:20,True,43026.78571428572,1.5137082382236977,3.8428571428571496
2016-07-12,166.3,166.3,166.1,166.2,22752,17:25,17:20,True,44851.357142857145,0.5072756199446107,3.928571428571437
2016-07-13,165.5,166.7,165.5,166.6,41086,17:25,17:20,True,43920.21428571428,0.9354690241883415,3.835714285714293
2016-07-14,166.7,167.2,166.6,167.2,18697,17:25,17:20,True,43742.0,0.4274381601207078,3.8071428571428663
2016-07-15,168.2,168.9,168.2,168.5,95280,17:25,17:20,True,41433.42857142857,2.2995924615734706,3.892857142857151
2016-07-18,171.0,171.6,171.0,171.5,39867,17:25,17:20,True,42495.21428571428,0.9381526995476802,3.171428571428578
2016-07-19,170.3,170.8,170.3,170.7,13885,17:25,17:20,True,41325.0,0.33599516031457954,3.085714285714291
2016-07-20,174.2,174.5,174.0,174.1,21087,17:25,17:20,True,38978.642857142855,0.5409885633341336,3.1714285714285757
2016-07-21,176.3,178.2,176.3,178.1,98207,17:25,17:20,True,38782.642857142855,2.5322410430291904,3.107142857142861
2016-07-22,178.5,178.5,178.1,178.2,25780,17:25,17:20,True,42291.07142857143,0.6095849343410885,3.250000000000004
2016-07-25,180.0,180.7,179.9,180.5,23943,17:25,17:20,True,40423.0,0.5923113079187591,3.221428571428575
2016-07-26,179.8,180.2,179.5,180.1,12110,17:25,17:20,True,38427.57142857143,0.3151383121493868,3.164285714285719
2016-07-27,181.5,181.5,181.1,181.4,31150,17:25,17:20,True,36342.07142857143,0.8571333106651284,3.1000000000000045
2016-07-28,180.0,180.3,179.9,180.1,13647,17:25,17:20,True,37662.57142857143,0.3623491302467778,2.971428571428575
2016-07-29,181.5,182.5,181.5,182.2,14487,17:25,17:20,True,37330.07142857143,0.38807855023047294,2.9071428571428584
2016-08-01,182.5,182.8,182.4,182.6,42084,17:25,17:20,True,33712.71428571428,1.2483124213416728,2.72857142857143
2016-08-02,182.1,182.9,182.1,182.2,48518,17:25,17:20,True,35093.57142857143,1.3825324133439174,2.7928571428571445
2016-08-03,179.9,180.1,179.6,179.7,12780,17:25,17:20,True,35624.42857142857,0.35874259637247313,2.8714285714285728
2016-08-04,179.6,180.9,179.6,180.6,28146,17:25,17:20,True,35201.78571428572,0.79956171054634,2.7000000000000006
2016-08-05,181.4,181.4,180.9,181.3,10068,17:25,17:20,True,30406.5,0.3311134132504563,2.6642857142857173
2016-08-08,182.5,183.0,182.2,182.9,34739,17:25,17:20,True,28278.0,1.2284815050569347,2.678571428571433
2016-08-09,183.7,184.1,183.5,184.0,15880,17:25,17:20,True,29767.571428571428,0.5334664279921103,2.507142857142863
2016-08-10,183.6,184.2,183.6,184.0,16942,17:25,17:20,True,29395.64285714286,0.5763439188023493,2.4571428571428635
2016-08-11,185.8,186.1,185.7,186.1,58512,17:25,17:20,True,23591.0,2.4802678987749567,2.314285714285719
2016-08-12,186.2,186.9,186.2,186.8,26587,17:25,17:20,True,25929.0,1.0253769910139225,2.1714285714285757
2016-08-15,186.7,187.0,186.6,186.7,14476,17:25,17:20,True,26117.85714285714,0.5542568029536442,2.092857142857148
2016-08-16,185.9,187.0,185.9,186.7,29477,17:25,17:20,True,26286.85714285714,1.1213588539628712,2.0500000000000034
2016-08-17,185.7,186.7,185.7,186.5,13939,17:25,17:20,True,26167.35714285714,0.532686580608883,2.0428571428571467
2016-08-18,185.4,186.2,185.4,185.8,31037,17:25,17:20,True,26188.214285714286,1.1851514448975138,1.9785714285714318
2016-08-19,186.7,186.7,185.7,186.0,23804,17:25,17:20,True,27370.35714285714,0.8697000143533803,1.9571428571428595
2016-08-22,184.8,185.4,184.8,185.2,24632,17:25,17:20,True,26064.64285714286,0.9450350091119606,1.9357142857142873
2016-08-23,185.0,185.0,184.3,184.5,15025,17:25,17:20,True,24358.5,0.6168278013835006,1.914285714285715
2016-08-24,184.4,184.4,183.7,183.8,39836,17:25,17:20,True,24518.85714285714,1.624708679034213,1.9285714285714286
2016-08-25,184.9,184.9,184.5,184.6,12701,17:25,17:20,True,25353.85714285714,0.5009494187979288,1.9214285714285697
2016-08-26,185.1,185.6,185.0,185.1,21932,17:25,17:20,True,25541.928571428572,0.8586665622631695,1.9285714285714266
2016-08-29,185.0,185.8,185.0,185.6,21908,17:25,17:20,True,24627.14285714286,0.8895875630837055,1.94285714285714
2016-08-30,186.7,186.8,186.2,186.2,37413,17:25,17:20,True,25057.714285714286,1.4930731340220291,1.9571428571428535
2016-08-31,185.3,186.0,185.3,185.5,48507,17:25,17:20,True,26519.928571428572,1.8290773245995597,1.8785714285714252
2016-09-01,185.7,186.4,185.7,186.4,8650,17:25,17:20,True,25805.285714285714,0.33520264397659394,1.8642857142857099
2016-09-02,186.0,188.1,186.0,187.7,77236,17:25,17:20,True,24524.071428571428,3.1493954918928053,1.8857142857142801
2016-09-05,190.6,191.0,190.5,191.0,34807,17:25,17:20,True,29006.928571428572,1.1999546906281011,2.171428571428566
2016-09-06,191.5,191.8,191.2,191.6,44799,17:25,17:20,True,29387.64285714286,1.524416239089802,2.1214285714285643
2016-09-07,191.4,192.8,191.4,192.6,62281,17:25,17:20,True,31591.928571428572,1.9714212717081894,2.085714285714281
2016-09-08,191.0,191.0,190.3,190.4,19448,17:25,17:20,True,33823.642857142855,0.5749824193136247,2.1285714285714232
2016-09-09,191.1,191.6,191.1,191.5,9509,17:25,17:20,True,33512.5,0.28374487131667286,2.1214285714285666
2016-09-12,187.6,187.7,187.1,187.7,41344,17:25,17:20,True,32432.285714285714,1.2747791001911675,2.071428571428567
2016-09-13,189.3,190.7,189.3,189.9,65227,17:25,17:20,True,34312.21428571428,1.9009848637823683,2.17142857142857
2016-09-14,191.2,191.2,190.7,191.0,12932,17:25,17:20,True,36125.857142857145,0.3579707451330863,2.257142857142855
2016-09-15,187.1,188.0,187.1,187.9,19382,17:25,17:20,True,36142.357142857145,0.5362682882964783,2.385714285714284
2016-09-16,189.3,189.7,189.0,189.0,21735,17:25,17:20,True,35960.21428571428,0.604417977804836,2.392857142857141
2016-09-19,188.5,188.8,188.0,188.3,37033,17:25,17:20,True,35947.857142857145,1.0301865797683152,2.528571428571427
2016-09-20,188.8,188.8,188.0,188.8,20344,17:25,17:20,True,35920.71428571428,0.5663584481695799,2.52142857142857
2016-09-21,192.0,192.5,192.0,192.3,64114,17:25,17:20,True,33909.07142857143,1.8907624803308007,2.6857142857142855
2016-09-22,192.8,193.1,192.7,193.1,19432,17:25,17:20,True,37870.78571428572,0.5131131988283467,2.7642857142857156
2016-09-23,195.2,195.4,194.9,195.1,41038,17:25,17:20,True,33741.92857142857,1.2162316067122931,2.6357142857142883
2016-09-26,193.5,193.5,193.1,193.4,20220,17:25,17:20,True,34187.0,0.5914528914499664,2.6285714285714312
2016-09-27,193.7,193.8,193.1,193.6,19934,17:25,17:20,True,32431.35714285714,0.6146520453088832,2.6571428571428606
2016-09-28,193.8,194.5,193.5,194.5,27038,17:25,17:20,True,29406.571428571428,0.9194543493679741,2.6500000000000035
2016-09-29,194.9,195.3,194.9,195.3,27210,17:25,17:20,True,29948.714285714286,0.9085531933161929,2.5928571428571456
2016-09-30,191.8,191.8,190.0,191.3,77470,17:25,17:20,True,31213.071428571428,2.481972982930686,2.6285714285714312
2016-10-03,192.8,193.3,192.8,193.3,22991,17:25,17:20,True,33793.5,0.6803379348099486,2.614285714285716
2016-10-04,193.5,193.6,192.2,192.6,93500,17:25,17:20,True,30776.64285714286,3.038018163124633,2.4785714285714318
2016-10-05,194.5,195.0,194.2,194.2,26930,17:25,17:20,True,36531.5,0.7371720296182747,2.4857142857142884
2016-10-06,196.7,196.9,196.4,196.7,47311,17:20,17:20,True,37070.642857142855,1.2762389954315025,2.528571428571431
2016-10-07,197.2,197.3,197.0,197.2,26981,17:20,17:20,True,38897.5,0.6936435503567068,2.442857142857146
2016-10-10,196.9,197.5,196.8,197.5,7738,17:20,17:20,True,38179.5,0.20267420998179653,2.4642857142857184
2016-10-11,197.7,197.9,197.4,197.4,5129,17:20,17:20,True,37279.07142857143,0.13758389904714824,2.2928571428571485
2016-10-12,197.8,198.2,197.2,197.6,53756,17:20,17:20,True,33065.857142857145,1.6257252841731435,2.2928571428571467
2016-10-13,197.1,197.4,197.0,197.4,31970,17:20,17:20,True,35517.57142857143,0.9001178491129139,2.178571428571433
2016-10-14,196.2,196.9,195.7,196.6,47615,17:20,17:20,True,34869.857142857145,1.3655060244419044,2.2928571428571467
2016-10-17,197.4,197.5,196.9,197.4,8748,17:20,17:20,True,36826.642857142855,0.23754541064020032,2.357142857142859
2016-10-18,198.0,198.2,197.8,198.1,22378,17:20,17:20,True,36027.642857142855,0.6211341688029232,2.285714285714288
2016-10-19,197.5,197.6,197.3,197.3,4834,17:20,17:20,True,35694.78571428572,0.13542594256464027,2.2857142857142896
2016-10-20,198.3,198.8,198.3,198.8,13222,17:20,17:20,True,34096.5,0.38778173712844427,2.278571428571431
2016-10-21,198.7,198.7,198.6,198.6,5981,17:20,17:20,True,29507.35714285714,0.2026952116058223,2.1785714285714306
2016-10-24,199.6,200.2,199.6,200.1,27232,17:20,17:20,True,28292.35714285714,0.9625214280484634,2.2000000000000006
2016-10-25,198.5,199.0,198.2,198.4,25738,17:20,17:20,True,23558.928571428572,1.0924945046615628,2.1000000000000005
2016-10-26,197.3,197.7,197.2,197.4,17871,17:20,17:20,True,23473.785714285714,0.7613173357514309,2.0428571428571445
2016-10-27,188.0,188.0,185.0,186.6,242376,17:20,17:20,True,21370.928571428572,11.341388334620127,1.9857142857142864
2016-10-28,186.0,186.2,185.4,185.5,41812,17:20,17:20,True,36756.28571428572,1.1375469307484822,2.8785714285714294
2016-10-31,185.0,185.0,184.6,184.8,13263,17:20,17:20,True,39190.142857142855,0.33842693680262165,3.028571428571429
2016-11-01,186.8,187.3,186.8,187.2,18319,17:20,17:20,True,39771.142857142855,0.46061034921227884,2.971428571428573
2016-11-02,183.8,184.7,183.8,184.7,26872,17:20,17:20,True,37239.92857142857,0.7215910725622843,3.1214285714285728
2016-11-03,182.1,182.2,181.8,182.0,15395,17:20,17:20,True,36875.78571428572,0.41748262991006485,3.114285714285716
2016-11-07,185.6,186.0,185.2,185.9,117690,17:20,17:20,True,34574.357142857145,3.403967845699021,3.1214285714285728
2016-11-08,188.3,188.5,187.7,188.5,10462,17:20,17:20,True,42355.92857142857,0.24700202198039403,3.4142857142857173
2016-11-09,182.2,184.4,182.2,184.4,88342,17:20,17:20,True,41504.78571428572,2.1284774389184036,3.5142857142857156
2016-11-10,192.4,193.2,192.4,192.8,34480,17:20,17:20,True,47469.642857142855,0.7263589512094196,4.092857142857146
2016-11-11,193.6,194.4,193.6,194.1,15604,17:20,17:20,True,48988.07142857143,0.3185265217625865,4.250000000000002
2016-11-14,194.1,195.5,194.1,195.5,40300,17:20,17:20,True,49675.42857142857,0.8112662770901394,4.350000000000002
2016-11-15,193.2,193.6,193.2,193.3,32337,17:20,17:20,True,50608.857142857145,0.6389593013080714,4.450000000000003
2016-11-16,193.4,194.1,193.4,194.0,26912,17:20,17:20,True,51080.21428571428,0.5268576175007657,4.4928571428571455
2016-11-17,192.2,192.9,192.1,192.4,15288,17:20,17:20,True,51726.0,0.29555735993504234,4.5428571428571445
2016-11-18,193.2,193.2,192.8,193.0,8303,17:20,17:20,True,35505.42857142857,0.23385156394595594,3.635714285714286
2016-11-21,191.9,192.1,191.6,191.8,16396,17:20,17:20,True,33111.92857142857,0.495168983124338,3.5499999999999994
2016-11-22,191.4,191.6,190.8,190.9,49573,17:20,17:20,True,33335.71428571428,1.4870837797300194,3.642857142857141
2016-11-23,190.6,191.1,190.2,190.5,19802,17:20,17:20,True,35568.142857142855,0.5567341561670356,3.5142857142857116
2016-11-24,190.9,191.0,190.7,191.0,9328,17:20,17:20,True,35063.142857142855,0.2660343380513523,3.4357142857142833
2016-11-25,189.7,189.7,189.0,189.5,13550,17:20,17:20,True,34629.78571428572,0.3912816588527217,3.385714285714284
2016-11-28,189.9,190.3,189.5,189.5,22301,17:20,17:20,True,27191.214285714286,0.8201546192704051,3.1571428571428544
2016-11-29,187.8,187.9,187.7,187.7,6918,17:20,17:20,True,28036.85714285714,0.24674662943676182,3.1142857142857117
2016-11-30,187.4,187.4,186.6,187.0,36205,17:20,17:20,True,22220.85714285714,1.6293250871124942,2.471428571428569
2016-12-01,188.4,188.8,188.1,188.2,38855,17:20,17:20,True,22344.071428571428,1.7389400192444784,2.385714285714284
2016-12-02,189.0,189.2,188.7,189.0,23832,17:20,17:20,True,24004.85714285714,0.9927990763773998,2.307142857142856
2016-12-05,188.4,189.7,188.4,189.7,35522,17:20,17:20,True,22828.571428571428,1.5560325406758448,2.199999999999999
2016-12-06,191.4,192.7,191.3,191.9,30493,17:20,17:20,True,23056.071428571428,1.3225583592793966,2.3642857142857117
2016-12-07,192.2,192.3,191.5,192.3,11941,17:20,17:20,True,23311.85714285714,0.5122286022441064,2.3714285714285688
2016-12-08,191.0,191.1,190.6,190.9,11326,17:20,17:20,True,23072.785714285714,0.49088134134524597,2.5214285714285682
2016-12-09,190.9,191.1,190.9,191.0,15331,17:20,17:20,True,23288.714285714286,0.6583016911931592,2.5142857142857133
2016-12-12,193.5,194.6,193.4,194.6,60535,17:20,17:20,True,23212.64285714286,2.6078460937235555,2.4642857142857144
2016-12-13,192.9,193.9,192.9,193.8,38857,17:20,17:20,True,23995.64285714286,1.6193356531989438,2.5642857142857145
2016-12-14,194.5,194.6,194.0,194.6,38544,17:20,17:20,True,25356.714285714286,1.5200707617593536,2.7285714285714278
2016-12-15,194.7,195.2,194.7,195.0,49549,17:20,17:20,True,27443.571428571428,1.8054865828583329,2.742857142857141
2016-12-16,195.9,196.3,195.9,196.1,18055,17:20,17:20,True,30014.928571428572,0.6015339985578605,2.7642857142857133
2016-12-19,196.6,196.7,196.1,196.1,19165,17:20,17:20,True,29711.64285714286,0.645033332291574,2.692857142857142
2016-12-20,196.9,197.6,196.9,197.2,14079,17:20,17:20,True,30586.428571428572,0.46030218817869734,2.69285714285714
2016-12-21,196.9,197.3,196.8,197.3,19489,17:20,17:20,True,29006.0,0.6718954699027787,2.6142857142857117
2016-12-22,193.5,193.6,193.2,193.6,5702,17:20,17:20,True,27622.714285714286,0.20642431952999343,2.7642857142857116
2016-12-23,194.8,195.3,194.6,195.3,33216,17:20,17:20,True,26327.714285714286,1.261636298523012,2.7071428571428533
2016-12-27,193.7,194.2,193.7,194.1,12590,17:20,17:20,True,26163.0,0.48121392806635327,2.5357142857142816
2016-12-28,194.0,194.4,194.0,194.2,11590,17:20,17:20,True,24884.214285714286,0.46575712083678983,2.449999999999999
2016-12-29,194.2,194.2,193.6,194.1,10132,17:20,17:20,True,24859.14285714286,0.40757640189869776,2.307142857142856
2016-12-30,192.7,192.9,192.7,192.9,5628,17:20,17:20,True,24773.85714285714,0.22717495977902974,2.3357142857142827
2017-01-02,190.5,191.3,190.5,191.3,11160,17:20,17:20,True,24080.785714285714,0.4634400277636883,2.3357142857142827
2017-01-03,193.2,193.5,193.1,193.1,16473,17:20,17:20,True,20554.0,0.8014498394473095,2.299999999999997
2017-01-04,193.6,194.3,193.6,194.3,30094,17:20,17:20,True,18955.14285714286,1.587643006798004,2.1785714285714266
2017-01-09,194.7,195.2,194.6,195.1,65748,17:20,17:20,True,18351.571428571428,3.5826904663672243,2.142857142857143
2017-01-10,194.6,195.3,194.3,195.2,9352,17:20,17:20,True,19508.64285714286,0.47937727234449196,2.135714285714286
2017-01-11,199.7,200.8,199.6,200.7,98661,17:20,17:20,True,18887.0,5.2237517869434,2.2428571428571433
2017-01-12,200.0,200.6,200.0,200.6,38890,17:20,17:20,True,24565.285714285714,1.583128340224591,2.535714285714288
2017-01-13,198.8,198.8,198.3,198.4,7454,17:20,17:20,True,26337.5,0.2830185097294732,2.7642857142857156
2017-01-16,200.2,200.2,199.4,199.8,21111,17:20,17:20,True,25477.85714285714,0.8286018671675686,2.6714285714285717
2017-01-17,198.7,198.8,198.2,198.2,21621,17:20,17:20,True,26578.5,0.8134770585247475,2.9571428571428577
2017-01-18,199.7,199.7,198.7,198.7,15121,17:20,17:20,True,25750.285714285714,0.5872167853893439,3.0642857142857167
2017-01-19,199.9,199.9,199.6,199.7,12504,17:20,17:20,True,25931.071428571428,0.4822014406324459,3.1214285714285706
2017-01-20,201.2,201.6,201.2,201.2,20830,17:20,17:20,True,25996.35714285714,0.8012661114606717,3.2142857142857144
2017-01-23,201.5,201.6,201.1,201.2,5215,17:20,17:20,True,26760.5,0.1948767773397358,3.164285714285715
2017-01-24,200.9,201.6,200.8,201.6,5639,17:20,17:20,True,26731.0,0.21095357450151508,3.1785714285714284
2017-01-25,203.4,203.6,203.0,203.0,59013,17:20,17:20,True,26336.64285714286,2.240718390726663,3.157142857142856
2017-01-26,208.4,208.6,207.8,207.9,109453,17:20,17:20,True,29375.214285714286,3.726032393684666,3.3999999999999995
2017-01-27,210.0,210.0,209.3,209.7,25891,17:20,17:20,True,35043.71428571428,0.7388200859334872,3.5928571428571416
2017-01-30,210.0,210.8,210.0,210.8,12034,17:20,17:20,True,32196.785714285714,0.3737640181473306,3.4928571428571393
2017-01-31,208.9,209.6,208.9,209.4,34745,17:20,17:20,True,32388.35714285714,1.072762037504659,3.4642857142857104
2017-02-01,209.2,209.3,208.7,209.2,19359,17:20,17:20,True,27822.928571428572,0.6957930381160451,3.2857142857142816
2017-02-02,207.0,207.0,206.0,206.7,14931,17:20,17:20,True,26427.85714285714,0.5649720262709803,3.1285714285714255
2017-02-03,206.6,206.7,206.1,206.5,4980,17:20,17:20,True,26961.928571428572,0.18470488810942412,3.1499999999999977
2017-02-06,207.2,207.2,206.8,206.8,11187,17:20,17:20,True,25809.714285714286,0.4334414506166006,2.8499999999999983
2017-02-07,205.9,206.2,205.3,205.3,8506,17:20,17:20,True,25064.428571428572,0.3393654068657346,2.757142857142855
2017-02-08,203.4,203.6,201.5,201.5,163831,17:20,17:20,True,24591.928571428572,6.6619825901065095,2.8499999999999983
2017-02-09,201.1,202.1,201.0,201.9,32462,17:20,17:20,True,35401.0,0.9169797463348492,3.214285714285712
2017-02-10,202.8,204.1,202.8,203.4,30548,17:20,17:20,True,36231.857142857145,0.8431254263217453,3.3142857142857105
2017-02-13,204.0,204.4,204.0,204.1,4944,17:20,17:20,True,38041.357142857145,0.1299638175744819,3.392857142857141
2017-02-14,204.8,204.8,204.3,204.3,10060,17:20,17:20,True,37991.71428571428,0.264794579269164,3.2857142857142856
2017-02-15,204.0,204.0,203.5,203.8,12467,17:20,17:20,True,34495.07142857143,0.3614139494047804,3.0214285714285722
2017-02-16,203.9,204.3,203.5,204.0,23409,17:20,17:20,True,27567.5,0.8491520812551011,2.842857142857144
2017-02-17,203.5,203.8,203.4,203.8,15332,17:20,17:20,True,27390.214285714286,0.5597619587808993,2.857142857142859
2017-02-20,203.5,204.1,203.5,203.9,48436,17:20,17:20,True,27625.785714285714,1.7532894991997643,2.857142857142859
2017-02-21,203.6,203.8,203.3,203.6,3367,17:20,17:20,True,28603.714285714286,0.11771198545643423,2.714285714285716
2017-02-22,205.9,206.2,205.8,206.0,31185,17:20,17:20,True,27461.428571428572,1.135592779482911,2.7714285714285745
2017-02-23,205.6,206.2,204.5,205.2,19108,17:20,17:20,True,28622.428571428572,0.6675883547867058,2.7714285714285745
2017-02-24,204.9,205.1,204.3,204.7,47265,17:20,17:20,True,29631.571428571428,1.595089214688966,2.8142857142857167
2017-02-27,203.0,203.7,203.0,203.2,32991,17:20,17:20,True,32208.571428571428,1.0242925574381265,2.9571428571428595
2017-02-28,203.8,203.8,203.3,203.8,21159,17:20,17:20,True,33957.5,0.6231024074210411,2.8857142857142883
2017-03-01,204.2,205.2,203.9,205.1,23964,17:20,17:20,True,23766.64285714286,1.008303955423718,2.4000000000000017
2017-03-02,207.7,207.9,207.4,207.6,20869,17:20,17:20,True,23159.64285714286,0.9010933427914938,2.4000000000000017
2017-03-03,205.8,205.8,205.0,205.1,39052,17:20,17:20,True,22468.285714285714,1.7380943297854754,2.2928571428571445
2017-03-06,204.0,204.1,203.3,203.3,27139,17:20,17:20,True,24904.571428571428,1.0897196154463897,2.364285714285714
2017-03-07,202.9,202.9,202.6,202.8,16962,17:20,17:20,True,26124.5,0.6492755842217076,2.442857142857142
2017-03-08,203.8,203.8,203.1,203.4,11275,17:20,17:20,True,26445.571428571428,0.42634737655237986,2.4285714285714266
2017-03-09,204.1,204.1,203.5,203.7,19842,17:20,17:20,True,25578.85714285714,0.7757187856041821,2.471428571428569
2017-03-10,201.7,202.3,201.6,202.3,25093,17:20,17:20,True,25901.0,0.9688042932705301,2.5642857142857127
2017-03-13,202.2,202.5,202.1,202.4,14957,17:20,17:20,True,24233.64285714286,0.6171998196132295,2.5999999999999983
2017-03-14,202.0,202.2,201.8,201.8,7215,17:20,17:20,True,25061.5,0.2878917862059334,2.535714285714284
2017-03-15,201.8,202.8,201.8,202.6,18520,17:20,17:20,True,23349.35714285714,0.7931695886396384,2.414285714285711
2017-03-16,204.7,205.4,204.4,205.4,47905,17:20,17:20,True,23307.35714285714,2.0553595890935727,2.4499999999999966
2017-03-17,204.2,204.2,203.8,203.9,40591,17:20,17:20,True,23353.071428571428,1.7381439578152766,2.3428571428571394
2017-03-20,205.0,205.2,204.8,205.2,12973,17:20,17:20,True,23895.928571428572,0.542895831029195,2.3785714285714255
2017-03-21,206.0,206.0,205.2,205.3,23139,17:20,17:20,True,23311.214285714286,0.9926123845972356,2.4357142857142833
2017-03-22,203.5,203.7,203.1,203.3,35798,17:20,17:20,True,23252.285714285714,1.539547571360112,2.4071428571428544
2017-03-23,203.5,203.5,203.1,203.1,38027,17:20,17:20,True,24318.64285714286,1.5636974572711704,2.471428571428569
2017-03-24,206.4,206.9,206.4,206.9,6558,17:20,17:20,True,24245.428571428572,0.2704839793068502,2.635714285714284
2017-03-27,205.0,205.1,204.1,204.1,20065,17:20,17:20,True,22775.35714285714,0.8809960640416491,2.607142857142855
2017-03-28,205.5,205.8,205.4,205.4,18684,17:20,17:20,True,22997.0,0.8124537983215202,2.6571428571428544
2017-03-29,207.0,207.6,207.0,207.5,17508,17:20,17:20,True,23526.214285714286,0.7441911302589512,2.6999999999999966
2017-03-30,206.8,206.9,206.5,206.7,4793,17:20,17:20,True,23359.5,0.20518418630535756,2.5357142857142816
2017-03-31,208.9,208.9,208.1,208.2,17993,17:20,17:20,True,21909.5,0.8212419270179603,2.571428571428567
2017-04-03,209.5,209.5,208.9,209.2,25742,17:20,17:20,True,22126.35714285714,1.163408862733198,2.5928571428571376
2017-04-04,208.8,209.4,208.6,209.2,42078,17:20,17:20,True,23449.714285714286,1.7943928649755099,2.664285714285711
2017-04-05,209.9,210.0,207.4,208.6,40888,17:20,17:20,True,25132.428571428572,1.6269020673347467,2.69285714285714
2017-04-06,208.0,208.1,207.5,208.0,21387,17:20,17:20,True,24631.214285714286,0.8682884957240667,2.6714285714285677
2017-04-07,210.0,210.0,208.9,208.9,14436,17:20,17:20,True,23259.5,0.6206496270341151,2.7357142857142827
2017-04-10,211.6,211.7,211.5,211.6,29695,17:20,17:20,True,23364.0,1.2709724362266734,2.821428571428567
2017-04-11,207.5,207.5,206.6,207.3,40777,17:20,17:20,True,23832.285714285714,1.7109982856389292,2.7642857142857116
2017-04-12,207.8,207.8,207.0,207.5,10822,17:20,17:20,True,24187.928571428572,0.44741326104225543,2.799999999999995
2017-04-18,206.8,206.8,206.5,206.8,6557,17:20,17:20,True,22244.714285714286,0.29476665403659297,2.6214285714285666
2017-04-19,199.4,199.4,198.8,199.2,56601,17:20,17:20,True,22244.64285714286,2.5444778036445372,2.714285714285708
2017-04-20,202.0,203.1,201.2,201.7,64917,17:20,17:20,True,24854.35714285714,2.611896160776639,2.9785714285714238
2017-04-21,207.3,208.2,206.8,207.8,131726,17:20,17:20,True,28156.714285714286,4.678315753157075,3.1285714285714232
2017-04-24,209.9,211.3,209.6,211.2,67282,17:20,17:20,True,36315.142857142855,1.852725742114663,3.3499999999999943
2017-04-25,211.9,212.0,211.2,211.3,32125,17:20,17:20,True,40778.642857142855,0.7877898269577388,3.3785714285714232
2017-04-26,211.6,211.6,211.1,211.2,34089,17:20,17:20,True,41788.07142857143,0.8157591110245064,3.435714285714281
2017-04-27,212.5,212.5,211.8,212.2,33983,17:20,17:20,True,42384.28571428572,0.801783005831002,3.5357142857142816
2017-04-28,215.9,216.2,215.5,216.0,23491,17:20,17:20,True,41806.07142857143,0.5619040296607636,3.7285714285714238
2017-05-02,216.7,217.0,216.7,217.0,9948,17:20,17:20,True,40563.42857142857,0.2452455413743555,3.692857142857138
2017-05-03,216.8,216.8,216.2,216.5,23662,17:25,17:20,True,39746.357142857145,0.5953249983376733,3.521428571428566
2017-05-04,217.0,217.2,216.4,216.5,33178,17:25,17:20,True,40405.357142857145,0.8211287400008839,3.38571428571428
2017-05-05,217.6,217.6,217.2,217.6,18044,17:25,17:20,True,40654.142857142855,0.44384160461594147,3.3714285714285666
2017-05-08,217.8,217.8,216.8,216.8,38636,17:25,17:20,True,39030.357142857145,0.9898961431120464,3.2428571428571393
2017-05-09,217.0,217.8,216.7,217.8,48461,17:25,17:20,True,41017.07142857143,1.1814836679501044,3.257142857142855
2017-05-10,217.7,217.7,217.0,217.3,27967,17:25,17:20,True,44010.21428571428,0.6354661174435156,3.192857142857142
2017-05-11,218.9,219.3,218.6,219.1,36933,17:25,17:20,True,41964.92857142857,0.8800920496537075,2.9214285714285717
2017-05-12,218.5,218.8,218.0,218.0,26826,17:25,17:20,True,39966.07142857143,0.6712193378311961,2.7357142857142884
2017-05-15,218.3,218.4,216.7,217.4,59658,17:25,17:20,True,32473.214285714286,1.8371448996425626,2.585714285714291
2017-05-16,218.5,219.1,218.1,219.1,68989,17:25,17:20,True,31928.64285714286,2.1607244726521864,2.592857142857148
2017-05-17,220.0,220.1,219.4,219.4,28606,17:25,17:20,True,34561.78571428572,0.8276771413514099,2.6000000000000045
2017-05-18,216.1,216.6,215.9,216.6,50270,17:25,17:20,True,34170.142857142855,1.4711673934219933,2.6714285714285757
2017-05-19,217.0,217.1,216.9,217.1,43069,17:25,17:20,True,35333.5,1.2189282126027707,2.4928571428571495
2017-05-22,218.5,218.8,218.1,218.3,35957,17:25,17:20,True,36731.92857142857,0.978903134097039,2.5428571428571507
2017-05-23,216.7,217.0,216.2,216.3,43327,17:25,17:20,True,38589.71428571428,1.122760321032992,2.614285714285724
2017-05-26,216.3,216.6,215.7,216.1,65893,17:25,17:20,True,39994.357142857145,1.6475574232793555,2.764285714285726
2017-05-29,216.8,216.8,216.2,216.5,16107,17:25,17:20,True,42331.142857142855,0.3805000033747528,2.7714285714285802
2017-05-30,217.0,217.1,216.5,217.1,18194,17:25,17:20,True,42192.78571428572,0.43121115830566836,2.7714285714285785
2017-05-31,217.3,217.4,216.2,216.2,23054,17:25,17:20,True,40732.642857142855,0.5659834074811884,2.728571428571434
2017-06-01,218.0,218.5,217.8,218.0,13765,17:25,17:20,True,38917.857142857145,0.353693677158851,2.7642857142857196
2017-06-02,219.2,219.7,218.9,219.3,12573,17:25,17:20,True,37903.42857142857,0.33171141698451706,2.778571428571433
2017-06-05,221.0,221.6,220.7,221.6,15907,17:25,17:20,True,36163.42857142857,0.43986426697847864,2.928571428571433
2017-06-07,221.0,221.1,220.8,220.8,30180,17:25,17:20,True,35383.5,0.8529399296282165,2.8785714285714312
2017-06-08,219.8,220.3,219.7,220.3,24586,17:25,17:20,True,33277.92857142857,0.7388080044473921,2.778571428571431
2017-06-09,220.5,221.0,220.4,220.9,13307,17:25,17:20,True,30106.285714285714,0.44200072125422313,2.642857142857147
2017-06-12,220.6,220.6,219.9,220.2,30764,17:25,17:20,True,29013.5,1.0603339824564426,2.442857142857146
2017-06-13,218.4,218.8,218.2,218.2,19260,17:25,17:20,True,27620.214285714286,0.6973153720230784,2.4571428571428577
2017-06-14,219.8,220.0,219.6,219.8,15839,17:25,17:20,True,25919.571428571428,0.6110826347437402,2.385714285714286
2017-06-15,218.3,218.4,217.2,217.5,23220,17:25,17:20,True,24482.571428571428,0.9484297867871022,2.442857142857142
2017-06-16,219.3,219.5,219.0,219.5,48303,17:25,17:20,True,23046.35714285714,2.0959060775021774,2.4142857142857133
2017-06-19,220.1,221.0,220.1,220.9,61453,17:25,17:20,True,21789.928571428572,2.8202478864744194,2.4857142857142867
2017-06-20,222.1,222.7,222.0,222.6,42745,17:25,17:20,True,25028.928571428572,1.707823803884077,2.585714285714289
2017-06-21,220.4,220.4,219.0,219.1,31554,17:25,17:20,True,26782.571428571428,1.1781542367637803,2.614285714285718
2017-06-22,220.8,220.8,219.9,220.1,33109,17:25,17:20,True,27389.714285714286,1.2088114412083786,2.607142857142861
2017-06-26,221.3,221.9,221.0,221.8,59919,17:25,17:20,True,28771.428571428572,2.082586891757696,2.5500000000000034
2017-06-27,220.9,220.9,220.1,220.3,18335,17:25,17:20,True,32153.285714285714,0.5702372119267971,2.3714285714285745
2017-06-28,218.0,218.0,215.9,215.9,92495,17:25,17:20,True,32326.714285714286,2.8612558388241482,2.4000000000000017
2017-06-29,215.7,215.7,214.9,215.2,23774,17:25,17:20,True,36777.78571428572,0.64642282122943,2.6000000000000023
2017-06-30,209.5,209.6,209.1,209.3,80264,17:25,17:20,True,36719.78571428572,2.1858515358594137,2.8999999999999995
2017-07-03,209.4,210.2,209.3,210.2,37320,17:25,17:20,True,41502.42857142857,0.8992244860025402,2.949999999999999
2017-07-04,210.7,210.7,209.7,210.4,15097,17:25,17:20,True,41970.71428571428,0.3597031944042615,2.907142857142856
2017-07-05,209.3,209.4,208.7,208.7,50624,17:25,17:20,True,41673.357142857145,1.21478094088892,2.8785714285714272
2017-07-06,209.3,209.9,209.3,209.8,11752,17:25,17:20,True,44158.0,0.26613524163232033,2.785714285714284
2017-07-07,208.8,209.2,208.6,208.9,27617,17:25,17:20,True,43338.857142857145,0.6372341547670846,2.8214285714285694
2017-07-10,208.1,209.0,208.1,208.7,11277,17:25,17:20,True,41861.28571428572,0.26938971910630005,2.7428571428571393
2017-07-11,208.2,208.9,208.1,208.8,22869,17:25,17:20,True,38277.28571428572,0.5974561563926386,2.61428571428571
2017-07-12,207.9,208.6,207.9,208.4,19530,17:25,17:20,True,36857.57142857143,0.5298775595632609,2.6285714285714255
2017-07-13,212.0,212.0,211.4,212.0,67482,17:25,17:20,True,35998.71428571428,1.8745669488196008,2.7428571428571393
2017-07-14,208.4,208.4,208.0,208.0,45485,17:25,17:20,True,38453.92857142857,1.1828440341410407,2.8499999999999965
2017-07-17,208.2,209.2,208.2,209.2,24048,17:25,17:20,True,37422.92857142857,0.6426006974333917,2.921428571428566
2017-07-18,207.1,207.4,206.8,207.4,18873,17:25,17:20,True,37831.0,0.4988765826967302,2.8999999999999955
2017-07-19,206.8,207.5,206.8,207.2,16474,17:25,17:20,True,32572.285714285714,0.5057673920861732,2.7928571428571383
2017-07-20,203.0,203.4,201.4,201.7,116826,17:25,17:20,True,32050.85714285714,3.6450195225445277,2.5428571428571405
2017-07-21,199.4,199.5,198.9,199.3,71977,17:25,17:20,True,34662.42857142857,2.0765134748616245,2.9285714285714266
2017-07-24,195.5,195.6,195.0,195.0,21598,17:25,17:20,True,37137.92857142857,0.5815617841598212,3.1285714285714272
2017-07-25,192.7,192.9,192.1,192.7,68099,17:25,17:20,True,37602.28571428572,1.8110335237979454,3.2642857142857133
2017-07-26,192.5,192.5,191.7,191.8,53614,17:25,17:20,True,38850.5,1.3800079793052857,3.2999999999999994
2017-07-27,191.7,192.4,191.4,192.1,38208,17:25,17:20,True,41840.642857142855,0.913179085953678,3.2285714285714278
2017-07-28,191.0,191.5,190.6,190.6,48535,17:25,17:20,True,42597.142857142855,1.1393956670467504,3.2285714285714278
2017-07-31,190.4,190.8,190.4,190.8,40305,17:25,17:20,True,45258.42857142857,0.8905523517324319,3.3142857142857127
2017-08-01,189.7,190.6,189.5,190.3,14540,17:25,17:20,True,46503.857142857145,0.3126622369265836,3.2928571428571405
2017-08-02,192.0,192.2,191.7,191.7,52596,17:25,17:20,True,46147.42857142857,1.139738477921692,3.1499999999999977
2017-08-03,191.2,191.3,190.4,191.0,60511,17:25,17:20,True,45084.142857142855,1.3421792267791337,3.085714285714285
2017-08-04,190.4,190.5,190.0,190.1,52703,17:25,17:20,True,46157.42857142857,1.141809707151302,3.007142857142859
2017-08-07,190.6,191.1,190.4,191.0,30805,17:25,17:20,True,48204.21428571428,0.6390520093827007,3.000000000000002
2017-08-08,189.4,189.7,189.4,189.6,14832,17:25,17:20,True,49056.5,0.30234525496111625,2.9571428571428577
2017-08-09,190.9,191.0,190.4,190.7,46011,17:25,17:20,True,48939.21428571428,0.9401662995932272,2.971428571428571
2017-08-10,189.7,189.8,188.7,189.1,40616,17:25,17:20,True,43881.0,0.925594220733347,2.5428571428571423
2017-08-11,186.0,186.3,185.9,185.9,54738,17:25,17:20,True,41640.92857142857,1.3145240002538712,2.3785714285714294
2017-08-14,186.0,186.6,185.9,186.2,55255,17:25,17:20,True,44008.07142857143,1.2555651317209668,2.22857142857143
2017-08-15,186.4,187.5,186.4,187.4,44512,17:25,17:20,True,43090.642857142855,1.0329852851712917,2.171428571428574
2017-08-16,184.4,185.2,184.4,185.2,36971,17:25,17:20,True,42440.5,0.871125457994133,2.242857142857145
2017-08-17,187.4,187.5,186.6,187.2,130990,17:25,17:20,True,42352.142857142855,3.0928777427352303,2.3428571428571456
2017-08-18,186.2,186.8,186.2,186.5,74863,17:25,17:20,True,48241.78571428572,1.5518289568172228,2.2357142857142907
2017-08-21,184.0,184.1,183.8,183.9,27869,17:25,17:20,True,50710.21428571428,0.5495736981701348,2.2928571428571467
2017-08-22,184.3,185.2,184.3,185.0,63152,17:25,17:20,True,51662.28571428572,1.2224004247364753,2.242857142857145
2017-08-23,186.8,186.8,186.4,186.6,49881,17:25,17:20,True,52416.28571428572,0.9516317175141858,2.3214285714285734
2017-08-24,187.8,188.0,187.5,187.6,81708,17:25,17:20,True,51657.0,1.5817410999477322,2.2928571428571423
2017-08-25,186.4,186.7,186.3,186.6,14121,17:25,17:20,True,53728.78571428572,0.2628200100238898,2.335714285714285
2017-08-28,185.2,185.5,185.1,185.4,26244,17:25,17:20,True,52537.07142857143,0.4995329828325305,2.2571428571428567
2017-08-29,182.8,182.8,182.3,182.3,70745,17:25,17:20,True,53352.21428571428,1.325999322561254,2.221428571428571
2017-08-30,182.0,182.6,182.0,182.1,37844,17:25,17:20,True,55118.92857142857,0.68658809198292,2.2642857142857133
2017-08-31,182.6,183.2,182.3,183.2,22176,17:25,17:20,True,54920.92857142857,0.4037805000175577,2.1499999999999977
2017-09-01,185.1,185.1,184.7,184.9,40033,17:25,17:20,True,52595.07142857143,0.7611549697079167,2.1785714285714244
2017-09-04,184.7,185.1,184.6,185.0,27309,17:25,17:20,True,51507.78571428572,0.5301916908539486,2.299999999999995
2017-09-05,187.1,187.2,187.0,187.2,39852,17:25,17:20,True,50279.0,0.792617196046063,2.2428571428571393
2017-09-06,187.7,187.7,187.1,187.3,32656,17:25,17:20,True,50484.78571428572,0.6468483432773947,2.2285714285714255
2017-09-07,190.0,190.1,189.5,189.6,45774,17:25,17:20,True,43460.92857142857,1.053221859371225,2.3357142857142827
2017-09-08,190.1,190.1,189.9,189.9,26846,17:25,17:20,True,41383.142857142855,0.6487182496668761,2.307142857142854
2017-09-11,191.6,191.7,191.1,191.2,56116,17:25,17:20,True,41310.07142857143,1.358409657969952,2.3142857142857127
2017-09-12,194.1,194.4,193.9,194.3,46135,17:25,17:20,True,40807.5,1.1305519818660785,2.3428571428571394
2017-09-13,193.8,194.0,193.5,193.6,28629,17:25,17:20,True,40539.92857142857,0.706192660146346,2.3785714285714255
2017-09-14,195.1,195.5,194.5,195.5,80382,17:25,17:20,True,36748.57142857143,2.1873503343181464,2.321428571428567
2017-09-15,195.7,195.7,195.1,195.5,55624,17:25,17:20,True,41481.5,1.3409351156539662,2.3499999999999965
2017-09-18,195.0,195.0,194.8,195.0,40347,17:25,17:20,True,43580.07142857143,0.9258130764225457,2.392857142857141
2017-09-19,195.2,195.6,195.2,195.6,38760,17:25,17:20,True,41408.78571428572,0.9360332434628261,2.3499999999999983
2017-09-20,195.0,195.2,195.0,195.1,33306,17:25,17:20,True,41474.21428571428,0.8030531879532722,2.3285714285714283
2017-09-21,196.4,196.4,195.8,196.4,39121,17:25,17:20,True,42269.21428571428,0.9255199241595962,2.3285714285714283
2017-09-22,196.8,196.8,196.2,196.5,30362,17:25,17:20,True,42204.07142857143,0.7194092648475012,2.192857142857144
2017-09-25,196.6,197.5,196.4,197.5,144004,17:25,17:20,True,42422.142857142855,3.394547995487532,2.092857142857144
2017-09-26,198.0,198.1,197.8,198.0,75294,17:25,17:20,True,49861.57142857143,1.510060710939716,2.0357142857142856
2017-09-27,200.0,200.0,199.3,199.3,55323,17:25,17:20,True,52907.142857142855,1.0456622114216283,1.9928571428571433
2017-09-28,199.8,200.0,199.5,199.5,50552,17:25,17:20,True,53589.21428571428,0.9433241497156278,1.9428571428571442
2017-09-29,200.1,200.2,199.9,199.9,25094,17:25,17:20,True,55282.5,0.4539230317008095,1.8785714285714294
2017-10-02,201.8,202.7,201.8,202.7,96624,17:25,17:20,True,53066.642857142855,1.820804837044525,1.7928571428571445
2017-10-03,204.0,204.0,203.2,203.5,34679,17:25,17:20,True,56673.0,0.6119139625571259,1.8500000000000025
2017-10-04,203.3,203.3,202.1,202.3,101257,17:25,17:20,True,57105.142857142855,1.7731677907418897,1.835714285714289
2017-10-05,202.9,203.2,202.9,202.9,50770,17:25,17:20,True,58596.21428571428,0.8664382267503874,1.9142857142857193
2017-10-06,203.8,203.8,203.0,203.1,54697,17:25,17:20,True,58249.5,0.9390123520373566,1.7928571428571465
2017-10-09,203.2,203.9,202.9,203.0,74190,17:25,17:20,True,59274.5,1.2516343452918202,1.7285714285714318
2017-10-10,202.8,202.9,202.6,202.6,15128,17:25,17:20,True,61805.21428571428,0.2447689919828771,1.757142857142861
2017-10-11,202.0,202.0,201.2,201.6,77625,17:25,17:20,True,60506.78571428572,1.282913958883006,1.750000000000006
2017-10-12,202.0,202.2,201.8,202.0,63929,17:25,17:20,True,63257.07142857143,1.0106221890494456,1.807142857142862
2017-10-13,203.0,203.3,202.7,203.2,68233,17:25,17:20,True,65654.71428571429,1.0392703820637403,1.80714285714286
2017-10-16,203.6,203.6,203.3,203.5,41239,17:25,17:20,True,60242.5,0.6845499439764287,1.7428571428571473
2017-10-17,202.5,202.6,202.4,202.6,27848,17:25,17:20,True,57810.0,0.48171596609583117,1.7285714285714318
2017-10-18,203.5,203.5,203.2,203.2,19240,17:25,17:20,True,55847.5,0.3445096020412731,1.750000000000004
2017-10-19,203.0,203.3,202.7,203.3,38566,17:25,17:20,True,53610.92857142857,0.719368252475175,1.750000000000004
2017-10-20,206.8,207.1,206.6,207.1,92656,17:25,17:20,True,54573.21428571428,1.6978292595137594,1.8428571428571476
2017-10-23,207.2,207.6,207.2,207.4,76224,17:25,17:20,True,54289.78571428572,1.4040210142134075,1.8285714285714343
2017-10-24,207.1,207.4,206.8,207.3,40869,17:25,17:20,True,57257.28571428572,0.7137781592361296,1.8428571428571476
2017-10-25,205.9,205.9,205.4,205.5,48565,17:25,17:20,True,52943.857142857145,0.9172924418588964,1.8214285714285754
2017-10-26,207.6,208.8,207.0,208.8,229404,17:25,17:20,True,52786.357142857145,4.3458956521503795,1.8857142857142901
2017-10-27,211.4,211.7,210.6,211.7,116538,17:25,17:20,True,65265.42857142857,1.78560077748447,2.2928571428571467
2017-10-30,211.0,211.2,210.2,210.5,61636,17:25,17:20,True,68290.28571428571,0.9025588245138402,2.3142857142857167
2017-10-31,215.0,215.7,214.6,215.4,259221,17:25,17:20,True,71612.28571428571,3.619783915768643,2.3357142857142867
2017-11-01,220.5,221.0,220.3,221.0,284462,17:25,17:20,True,84583.42857142857,3.363093750211119,2.800000000000001
2017-11-02,220.3,220.3,219.7,220.0,92454,17:25,17:20,True,100335.78571428571,0.9214459162483689,2.9071428571428606
2017-11-06,220.3,220.7,220.2,220.6,44070,17:25,17:20,True,102065.85714285714,0.4317800411778949,3.035714285714288
2017-11-07,220.1,220.2,219.8,219.9,42146,17:25,17:20,True,102268.07142857143,0.41211298317517053,3.1000000000000005
2017-11-08,219.9,220.4,219.5,220.2,53772,17:25,17:20,True,103289.35714285714,0.5205957466230444,3.0642857142857127
2017-11-09,219.2,219.2,217.9,218.1,79183,17:25,17:20,True,105755.92857142857,0.748733438111879,3.1285714285714272
2017-11-10,214.4,214.8,214.0,214.8,33674,17:25,17:20,True,108657.14285714286,0.3099105968971864,3.19285714285714
2017-11-13,212.5,212.8,212.0,212.7,50701,17:25,17:20,True,104444.14285714286,0.4854365080993395,3.3285714285714243
2017-11-14,211.2,211.5,209.8,210.5,226929,17:25,17:20,True,102621.07142857143,2.2113294749407495,3.36428571428571
2017-11-15,212.1,212.8,211.8,212.0,52856,17:25,17:20,True,115911.07142857143,0.4560047573416813,3.4571428571428515
2017-11-16,212.4,212.5,211.1,211.6,61914,17:25,17:20,True,116217.57142857143,0.5327421597176724,3.499999999999994
2017-11-17,211.9,211.9,211.4,211.4,26364,17:25,17:20,True,104254.0,0.2528823834097493,3.1785714285714244
2017-11-20,212.1,212.7,211.3,211.3,54561,17:25,17:20,True,97813.0,0.5578092891537935,3.1785714285714244
2017-11-21,214.7,215.0,214.0,214.2,29877,17:25,17:20,True,97307.64285714286,0.3070365196684742,3.3428571428571394
2017-11-22,215.1,215.1,214.4,214.6,48266,17:25,17:20,True,80925.92857142857,0.5964219484661017,2.999999999999996
2017-11-23,211.5,211.5,210.6,210.8,78262,17:25,17:20,True,64054.78571428572,1.2217978583065612,2.999999999999996
2017-11-24,211.0,211.3,210.6,211.2,39515,17:25,17:20,True,63041.07142857143,0.6268135852477127,2.935714285714281
2017-11-27,212.0,212.1,211.1,211.3,45813,17:25,17:20,True,62715.71428571428,0.7304867770665817,2.8714285714285688
2017-11-28,212.0,212.8,212.0,212.5,64429,17:25,17:20,True,62977.642857142855,1.023045593277433,2.8999999999999995
2017-11-30,214.0,214.0,213.5,213.5,13699,17:25,17:20,True,63738.857142857145,0.2149238410299167,2.942857142857142
2017-12-01,213.9,215.0,213.6,214.3,55460,17:25,17:20,True,59061.42857142857,0.9390223254238927,2.7857142857142856
2017-12-04,215.1,215.7,214.8,215.5,70232,17:25,17:20,True,60617.57142857143,1.1586079472477335,2.6857142857142855
2017-12-05,217.0,217.6,217.0,217.6,20079,17:25,17:20,True,62012.642857142855,0.323788812649955,2.885714285714286
2017-12-06,213.5,213.6,212.5,212.8,82291,17:25,17:20,True,47237.642857142855,1.7420640621054335,2.785714285714288
2017-12-07,215.7,217.2,215.7,216.8,53809,17:25,17:20,True,49340.142857142855,1.0905724402905776,2.9285714285714306
2017-12-08,218.3,219.0,218.3,218.7,40932,17:25,17:20,True,48761.21428571428,0.8394376678185385,2.9285714285714306
2017-12-11,221.0,221.6,220.9,221.4,56009,17:25,17:20,True,49801.78571428572,1.124638387894869,3.0714285714285734
2017-12-12,221.0,221.5,221.0,221.1,21624,17:25,17:20,True,49905.21428571428,0.4333014156837319,2.9071428571428584
2017-12-13,218.3,218.9,218.2,218.9,32032,17:25,17:20,True,49315.71428571428,0.6495292720373107,2.9285714285714306
2017-12-14,219.6,219.6,218.6,218.6,18544,17:25,17:20,True,48156.142857142855,0.38508067506593135,2.8785714285714294
2017-12-15,220.0,221.1,219.9,220.9,32007,17:25,17:20,True,43890.57142857143,0.7292454611143299,3.0428571428571445
2017-12-18,221.6,222.4,221.5,222.2,44640,17:25,17:20,True,43354.28571428572,1.029655990510083,3.135714285714286
2017-12-19,222.6,223.3,222.6,223.2,47481,17:25,17:20,True,43270.5,1.097306479009949,3.17142857142857
2017-12-20,220.0,221.8,220.0,221.5,117678,17:25,17:20,True,42059.92857142857,2.797864951200583,3.1142857142857117
2017-12-21,222.3,222.7,222.0,222.3,37194,17:25,17:20,True,49487.0,0.7515913270151757,3.257142857142855
2017-12-22,222.5,223.3,222.5,223.2,26106,17:25,17:20,True,48182.28571428572,0.5418173839822579,3.3142857142857127
2017-12-27,221.0,221.7,221.0,221.6,22171,17:25,17:20,True,45030.42857142857,0.4923559624761669,3.1499999999999995
2017-12-28,221.0,221.5,220.8,221.1,67909,17:25,17:20,True,45179.857142857145,1.5030813352347285,3.157142857142856
2017-12-29,221.2,221.4,220.8,220.8,30838,17:25,17:20,True,44152.57142857143,0.6984417668603673,2.9500000000000006
2018-01-02,220.3,220.9,220.3,220.4,19177,17:25,17:20,True,42511.78571428572,0.4510984348878042,3.0
2018-01-03,219.6,221.6,219.6,221.3,70312,17:25,17:20,True,40957.857142857145,1.716691372665283,2.857142857142857
2018-01-04,221.7,222.3,221.7,222.3,48825,17:25,17:20,True,41979.5,1.1630676877999977,2.914285714285715
2018-01-08,225.0,225.8,224.6,225.7,144620,17:25,17:20,True,43922.42857142857,3.2926230334648423,2.800000000000001
2018-01-09,225.2,225.2,224.5,224.8,58953,17:25,17:20,True,51964.42857142857,1.1344876027832225,2.9071428571428584
2018-01-10,226.5,226.5,225.8,226.0,37158,17:25,17:20,True,54850.78571428572,0.6774378801710094,2.800000000000001
2018-01-11,225.6,225.9,225.1,225.4,14609,17:25,17:20,True,55218.71428571428,0.26456610207202014,2.7357142857142884
2018-01-12,224.8,224.8,224.4,224.5,31696,17:25,17:20,True,53073.642857142855,0.5972079226842487,2.7071428571428617
2018-01-15,226.4,226.4,225.6,225.8,42523,17:25,17:20,True,51946.142857142855,0.8185978334703801,2.750000000000004
2018-01-16,224.5,225.2,224.3,225.1,42297,17:25,17:20,True,46577.92857142857,0.908091048641984,2.578571428571434
2018-01-17,225.2,225.7,225.1,225.2,31736,17:25,17:20,True,46942.42857142857,0.6760621673356726,2.5142857142857196
2018-01-18,224.6,224.6,224.1,224.5,35248,17:25,17:20,True,47344.57142857143,0.7444992939302137,2.5428571428571467
2018-01-19,224.0,224.8,224.0,224.8,17821,17:25,17:20,True,48278.642857142855,0.3691280231868277,2.5142857142857173
2018-01-22,224.9,225.1,224.8,225.0,20775,17:25,17:20,True,44700.92857142857,0.4647554461156927,2.5428571428571445
2018-01-23,225.8,225.8,225.1,225.2,17055,17:25,17:20,True,43982.142857142855,0.3877710109622412,2.4571428571428595
2018-01-24,225.7,226.7,225.7,226.7,19632,17:25,17:20,True,43830.57142857143,0.4479065492448194,2.464285714285716
2018-01-25,226.0,226.0,225.5,225.7,21737,17:25,17:20,True,40210.57142857143,0.5405792364481267,2.421428571428574
2018-01-26,223.1,224.0,223.1,223.8,33425,17:25,17:20,True,38275.71428571428,0.8732691374612773,2.535714285714288
2018-01-29,224.0,224.6,224.0,224.6,21474,17:25,17:20,True,30333.214285714286,0.7079368443361238,2.392857142857145
2018-01-30,221.3,221.7,220.5,221.7,15475,17:25,17:20,True,27656.14285714286,0.5595501903477915,2.464285714285716
2018-01-31,220.5,221.4,220.4,221.2,20632,17:25,17:20,True,26107.35714285714,0.7902753192176262,2.450000000000003
2018-02-01,220.0,220.8,219.5,220.5,36120,17:25,17:20,True,26537.571428571428,1.3610891296975178,2.5714285714285734
2018-02-02,220.0,220.4,219.8,220.2,10728,17:25,17:20,True,26853.571428571428,0.39949993350179547,2.5428571428571467
2018-02-05,216.0,216.0,214.9,214.9,72402,17:25,17:20,True,24582.5,2.9452659412183464,2.6000000000000023
2018-02-06,207.0,208.4,204.4,205.0,294320,17:25,17:20,True,26732.85714285714,11.009672420242612,2.857142857142861
2018-02-07,208.9,208.9,207.5,208.0,56051,17:25,17:20,True,45488.857142857145,1.2321918711646809,3.2071428571428617
2018-02-08,208.0,209.0,207.4,207.9,56290,17:25,17:20,True,46974.78571428572,1.1983024327640817,3.450000000000005
2018-02-09,197.65,198.35,197.35,197.35,123623,17:25,17:20,True,49722.57142857143,2.486255164369157,4.171428571428576
2018-02-12,197.0,197.9,197.0,197.7,40849,17:25,17:20,True,57068.857142857145,0.7157844408509019,4.403571428571431
2018-02-13,199.0,199.3,198.05,198.45,37998,17:25,17:20,True,58768.42857142857,0.6465716529040131,4.6214285714285745
2018-02-14,196.2,197.1,196.2,196.75,33816,17:25,17:20,True,60080.28571428572,0.5628468573004693,4.753571428571432
2018-02-15,199.6,200.7,198.9,200.7,76885,17:25,17:20,True,60943.07142857143,1.2615872189853998,4.767857142857147
2018-02-16,203.4,203.6,203.0,203.6,20193,17:25,17:20,True,64047.357142857145,0.31528233015079243,5.021428571428577
2018-02-19,203.5,203.5,202.3,202.5,28367,17:25,17:20,True,63955.857142857145,0.44354029900087333,4.928571428571435
2018-02-20,202.0,203.2,202.0,203.0,23004,17:25,17:20,True,64876.71428571428,0.3545802257908957,4.9357142857142895
2018-02-21,204.7,204.7,203.8,203.9,20917,17:25,17:20,True,65046.142857142855,0.3215717194167657,4.978571428571432
2018-02-22,202.7,202.7,201.8,201.8,18104,17:25,17:20,True,63960.21428571428,0.2830509591341939,5.057142857142858
2018-02-23,204.3,204.4,203.6,204.0,25119,17:25,17:20,True,64487.07142857143,0.38951993699733833,5.042857142857143
2018-02-26,204.6,204.7,204.3,204.7,25654,17:25,17:20,True,61109.71428571428,0.4198023227543903,4.721428571428571
2018-02-27,203.6,204.2,203.6,204.1,35079,17:25,17:20,True,41919.28571428572,0.8368224649411283,4.371428571428573
2018-02-28,203.8,203.8,203.1,203.6,44523,17:25,17:20,True,40421.28571428572,1.1014741172437434,4.207142857142857
2018-03-01,201.6,201.6,201.2,201.2,29562,17:25,17:20,True,39580.78571428572,0.7468775433967779,3.5428571428571445
2018-03-02,198.8,199.2,198.4,198.55,22979,17:25,17:20,True,32862.142857142855,0.6992544612776317,3.4178571428571467
2018-03-05,196.4,197.45,196.4,197.2,20954,17:25,17:20,True,31585.714285714286,0.6634011759384894,3.339285714285716
2018-03-06,201.4,202.0,201.2,201.8,45365,17:25,17:20,True,30368.285714285714,1.493828147785754,3.2964285714285717
2018-03-07,198.55,199.15,198.55,198.8,29782,17:25,17:20,True,31193.214285714286,0.9547589333760776,3.217857142857144
2018-03-08,198.35,199.1,198.15,198.85,37733,17:25,17:20,True,27828.714285714286,1.3559016637491594,3.0642857142857145
2018-03-09,200.6,200.6,200.0,200.3,14572,17:25,17:20,True,29081.571428571428,0.5010733355929873,3.078571428571426
2018-03-12,203.4,203.6,202.7,202.8,28587,17:25,17:20,True,28096.214285714286,1.0174680371275235,3.0928571428571416
2018-03-13,201.5,201.5,201.1,201.1,9753,17:25,17:20,True,28495.0,0.3422705737848745,3.0142857142857133
2018-03-14,200.0,200.1,199.6,199.95,19721,17:25,17:20,True,27697.571428571428,0.712011883455486,3.0785714285714283
2018-03-15,198.25,198.65,198.25,198.5,65685,17:25,17:20,True,27813.071428571428,2.36165934311462,3.10357142857143
2018-03-16,198.45,198.8,198.0,198.5,74676,17:25,17:20,True,30710.64285714286,2.431600026979944,3.164285714285715
2018-03-19,198.3,198.3,197.6,197.95,13094,17:25,17:20,True,34212.21428571428,0.3827288082159463,3.114285714285714
2018-03-20,195.65,195.8,195.2,195.25,32350,17:25,17:20,True,32641.85714285714,0.9910588070531702,3.1607142857142856
2018-03-21,197.0,197.3,196.45,197.3,21446,17:25,17:20,True,31772.35714285714,0.6749892651518729,3.0999999999999983
2018-03-22,195.7,195.7,195.05,195.5,6124,17:25,17:20,True,31192.64285714286,0.19632834665683527,2.9857142857142827
2018-03-23,192.55,193.05,192.45,192.75,27134,17:25,17:20,True,29988.714285714286,0.904807046460335,2.989285714285714
2018-03-26,192.5,192.5,191.85,192.05,13634,17:25,17:20,True,30430.14285714286,0.44804258934984575,2.9178571428571423
2018-03-27,192.9,193.75,192.65,193.7,28677,17:25,17:20,True,28163.64285714286,1.0182276541944908,3.010714285714284
2018-03-28,193.15,193.45,192.95,193.15,18782,17:25,17:20,True,28084.714285714286,0.6687623669204905,3.1892857142857127
2018-04-03,197.6,198.0,196.05,196.6,30281,17:25,17:20,True,26731.071428571428,1.1328015818937298,3.257142857142859
2018-04-04,189.15,189.55,188.75,188.8,103646,17:25,17:20,True,27853.14285714286,3.721159961430359,3.364285714285716
2018-04-05,187.75,188.25,187.35,188.25,71048,17:25,17:20,True,33214.5,2.139065769468154,3.9285714285714306
2018-04-06,191.3,191.3,190.0,190.1,14233,17:25,17:20,True,37592.71428571428,0.3786105970381799,4.096428571428573
2018-04-09,188.8,189.7,188.8,189.55,9933,17:25,17:20,True,37200.71428571428,0.2670110020928938,4.089285714285716
2018-04-10,191.5,191.85,191.05,191.15,53946,17:25,17:20,True,33218.42857142857,1.623978084453982,4.139285714285715
2018-04-11,191.5,191.5,191.0,191.1,23722,17:25,17:20,True,31737.714285714286,0.7474388289731909,4.217857142857143
2018-04-12,190.55,190.6,190.2,190.55,14911,17:25,17:20,True,32496.85714285714,0.4588443717634233,4.182142857142858
2018-04-13,192.95,193.1,192.75,192.95,9519,17:25,17:20,True,31251.214285714286,0.30459616426333147,4.342857142857146
2018-04-16,194.0,195.0,193.75,193.75,25247,17:25,17:20,True,30399.285714285714,0.8305129349843746,4.414285714285719
2018-04-17,195.3,195.3,194.85,194.9,23645,17:25,17:20,True,31765.214285714286,0.7443677158077232,4.257142857142861
2018-04-19,204.8,205.0,203.6,204.1,282458,17:25,17:20,True,31516.0,8.9623683208529,4.275000000000004
2018-04-20,205.4,205.8,204.8,205.7,78564,17:25,17:20,True,50717.71428571428,1.5490445716345937,4.664285714285717
2018-04-23,206.0,206.0,205.1,205.1,18594,17:25,17:20,True,54281.07142857143,0.34255034970096127,4.500000000000004
2018-04-24,207.4,207.4,206.9,206.9,21178,17:25,17:20,True,54267.642857142855,0.39025096512391627,4.446428571428574
2018-04-25,204.0,204.5,203.3,203.6,40216,17:25,17:20,True,53617.42857142857,0.7500546197664938,4.410714285714287
2018-04-26,199.8,199.85,199.15,199.3,13844,17:25,17:20,True,49086.71428571428,0.2820315069250627,4.078571428571432
2018-04-27,203.1,203.1,202.5,202.7,10873,17:25,17:20,True,45000.71428571428,0.24161838700973,3.9357142857142913
2018-05-02,206.0,207.2,205.8,207.2,101817,17:25,17:20,True,44760.71428571428,2.274695603606479,3.8321428571428617
2018-05-03,209.0,209.2,208.8,209.2,8090,17:25,17:20,True,51323.857142857145,0.15762650062488343,4.150000000000006
2018-05-04,205.9,206.6,205.9,206.3,17340,17:25,17:20,True,48048.42857142857,0.3608858919126239,4.2071428571428635
2018-05-07,207.2,207.4,207.1,207.3,16149,17:25,17:20,True,47592.57142857143,0.33931766061930435,4.146428571428577
2018-05-08,209.4,209.8,209.1,209.8,13519,17:25,17:20,True,47681.0,0.283530127304377,4.103571428571432
2018-05-11,209.0,209.0,207.5,207.7,49995,17:25,17:20,True,47966.71428571428,1.042285275205723,4.139285714285718
2018-05-14,207.0,207.1,207.0,207.1,27369,17:25,17:20,True,49734.42857142857,0.5503028945168768,4.346428571428573
2018-05-15,205.2,206.4,205.2,206.1,17804,17:25,17:20,True,50000.42857142857,0.35607694791187505,4.317857142857144
2018-05-16,208.1,208.8,207.7,208.6,30404,17:25,17:20,True,31096.571428571428,0.9777283669306677,3.8142857142857167
2018-05-17,209.0,209.0,208.1,208.1,16601,17:25,17:20,True,27656.571428571428,0.6002551705613752,3.750000000000002
2018-05-18,210.5,210.9,210.3,210.3,13111,17:25,17:20,True,27514.214285714286,0.4765173325995135,3.750000000000002
2018-05-21,213.5,213.7,213.5,213.6,9797,17:25,17:20,True,26938.0,0.363686984928354,3.721428571428573
2018-05-22,213.5,213.5,213.0,213.3,29595,17:25,17:20,True,24765.214285714286,1.1950229728911232,3.4749999999999983
2018-05-23,214.0,214.8,214.0,214.7,35573,17:25,17:20,True,25890.285714285714,1.3739902445484242,3.2928571428571405
2018-05-24,209.5,210.3,209.5,209.9,16836,17:25,17:20,True,27654.571428571428,0.6087962723806966,3.535714285714284
2018-05-25,208.7,209.6,208.7,209.6,26192,17:25,17:20,True,21584.5,1.2134633649146378,3.2928571428571405
2018-05-28,206.9,207.0,205.95,206.0,17970,17:25,17:20,True,22877.5,0.78548792481696,3.3142857142857105
2018-05-29,206.6,206.8,206.2,206.2,14045,17:25,17:20,True,22922.5,0.6127167630057804,3.317857142857142
2018-05-30,206.2,206.2,205.4,205.5,11502,17:25,17:20,True,22772.214285714286,0.5050892221410177,3.2749999999999995
2018-05-31,203.1,204.4,203.0,204.3,28917,17:25,17:20,True,22628.14285714286,1.2779219303395897,3.3535714285714255
2018-06-01,202.4,202.6,201.4,201.55,28830,17:25,17:20,True,21122.571428571428,1.3648906383151402,3.3535714285714278
2018-06-04,205.4,205.7,204.7,205.2,18013,17:25,17:20,True,21226.928571428572,0.8485919166018904,3.60357142857143
2018-06-05,201.6,201.9,200.6,200.6,26147,17:25,17:20,True,21241.85714285714,1.2309187386090805,3.7035714285714283
2018-06-07,202.0,202.0,201.0,201.3,32838,17:25,17:20,True,20937.785714285714,1.5683606876153502,3.81785714285714
2018-06-08,200.1,201.2,199.9,200.4,73615,17:25,17:20,True,22097.571428571428,3.3313615588009027,3.807142857142854
2018-06-11,200.6,201.3,200.5,201.0,92553,17:25,17:20,True,26419.285714285714,3.5032362722037473,3.778571428571425
2018-06-12,201.9,201.9,201.3,201.5,16711,17:25,17:20,True,32330.428571428572,0.5168814871439112,3.6857142857142833
2018-06-13,201.1,201.5,201.1,201.3,6998,17:25,17:20,True,31410.14285714286,0.22279427482478362,3.6499999999999977
2018-06-14,200.0,200.4,199.9,200.3,25215,17:25,17:20,True,29369.071428571428,0.8585562557306399,3.385714285714282
2018-06-15,204.2,204.8,204.2,204.6,18113,17:25,17:20,True,29967.571428571428,0.6044200159219728,3.510714285714282
2018-06-18,201.9,201.9,201.0,201.1,8023,17:25,17:20,True,29390.5,0.27297936408023,3.4285714285714244
2018-06-19,199.25,199.55,198.95,199.35,35425,17:25,17:20,True,28680.0,1.2351813110181311,3.5285714285714227
2018-06-20,199.8,200.4,199.45,200.1,7890,17:25,17:20,True,30207.14285714286,0.2611965003546938,3.4285714285714226
2018-06-21,199.75,200.3,199.75,200.1,11634,17:25,17:20,True,29949.14285714286,0.38845852969796413,3.232142857142853
2018-06-25,198.9,198.9,197.0,197.0,28519,17:25,17:20,True,28714.64285714286,0.9931866519073145,3.157142857142852
2018-06-26,192.9,192.9,191.4,191.4,17720,17:25,17:20,True,28692.428571428572,0.6175845295174934,3.1892857142857087
2018-06-27,191.3,192.35,191.3,192.0,28005,17:25,17:20,True,28671.5,0.9767539193973109,3.0928571428571376
2018-06-28,193.65,193.85,193.25,193.7,20580,17:25,17:20,True,28804.214285714286,0.7144787841064923,3.196428571428567
2018-06-29,193.85,194.4,193.85,194.4,33031,17:25,17:20,True,27928.64285714286,1.1826926273845846,3.2857142857142816
2018-07-02,193.5,193.9,192.9,192.9,26212,17:25,17:20,True,25029.785714285714,1.047232297519812,3.4499999999999966
2018-07-03,193.2,193.3,192.0,192.15,35831,17:25,17:20,True,20291.14285714286,1.7658443515115672,3.6035714285714255
2018-07-04,190.1,190.1,188.9,189.0,20204,17:25,17:20,True,21656.85714285714,0.9329146822517448,3.714285714285712
2018-07-05,187.35,187.55,186.85,187.4,10765,17:25,17:20,True,22600.14285714286,0.4763244227280485,3.8892857142857133
2018-07-06,187.6,187.85,187.0,187.0,18586,17:25,17:20,True,21568.0,0.8617396142433235,3.660714285714284
2018-07-09,187.15,188.65,187.15,188.6,15202,17:25,17:20,True,21601.785714285714,0.7037381168884848,3.5999999999999983
2018-07-10,190.25,191.15,190.25,190.85,19765,17:25,17:20,True,22114.571428571428,0.8937546026537125,3.596428571428569
2018-07-11,190.2,190.35,189.25,189.5,22667,17:25,17:20,True,20996.0,1.079586587921509,3.6035714285714278
2018-07-12,189.8,189.85,188.25,188.35,36736,17:25,17:20,True,22051.5,1.6659184182481916,3.732142857142857
2018-07-13,190.4,191.35,190.4,191.25,16234,17:25,17:20,True,23844.5,0.6808278638679779,3.653571428571427
2018-07-16,192.0,192.075,191.35,192.05,10403,17:25,17:20,True,22967.0,0.4529542386902948,3.385714285714284
2018-07-17,191.9,191.925,191.5,191.5,12737,17:25,17:20,True,22444.35714285714,0.5674923063703572,3.328571428571426
2018-07-18,192.55,192.6,191.7,192.3,13224,17:25,17:20,True,21353.785714285714,0.6192812917080611,3.078571428571426
2018-07-19,203.0,203.9,200.8,202.1,224990,17:25,17:20,True,20828.35714285714,10.802100158780783,3.028571428571427
2018-07-20,201.5,201.7,199.3,199.55,37913,17:25,17:20,True,34539.71428571428,1.0976639727353192,3.492857142857141
2018-07-23,198.15,198.5,197.6,197.8,37817,17:25,17:20,True,35375.5,1.069016692343571,3.624999999999998
2018-07-24,198.0,199.4,197.975,198.85,24591,17:25,17:20,True,35517.357142857145,0.6923657044945831,3.596428571428569
2018-07-25,198.4,198.75,198.0,198.5,25762,17:25,17:20,True,35830.71428571428,0.7189920858002911,3.4928571428571393
2018-07-26,197.7,198.55,197.65,198.0,8650,17:25,17:20,True,36901.92857142857,0.23440509303617502,3.482142857142855
2018-07-27,201.0,201.3,200.5,200.5,18387,17:25,17:20,True,36192.21428571428,0.5080374429385958,3.632142857142855
2018-07-30,201.0,201.5,201.0,201.1,9756,17:25,17:20,True,36419.71428571428,0.26787689555892025,3.517857142857141
2018-07-31,200.2,200.9,200.2,200.4,10489,17:25,17:20,True,35704.78571428572,0.2937701428580002,3.5535714285714244
2018-08-01,202.9,202.9,202.4,202.6,7612,17:25,17:20,True,34834.92857142857,0.21851630854909584,3.521428571428566
2018-08-02,201.7,201.7,199.65,200.2,18218,17:25,17:20,True,32754.64285714286,0.5561959591333835,3.4964285714285666
2018-08-03,200.0,200.0,199.6,199.9,7674,17:25,17:20,True,32896.357142857145,0.23327810938684046,3.574999999999995
2018-08-06,203.0,203.0,202.2,202.8,22205,17:25,17:20,True,32701.428571428572,0.679022323183784,3.6499999999999955
2018-08-07,205.5,206.0,205.2,205.8,19116,17:25,17:20,True,33377.71428571428,0.5727174676002809,3.8892857142857116
2018-08-08,206.0,206.2,205.4,206.2,16370,17:25,17:20,True,33798.57142857143,0.4843399974639672,3.7749999999999977
2018-08-09,208.0,208.0,207.4,207.4,6798,17:25,17:20,True,18897.14285714286,0.3597369216812821,3.196428571428567
2018-08-10,205.8,206.1,205.4,205.8,23156,17:25,17:20,True,16674.64285714286,1.3886954100537598,2.932142857142854
2018-08-13,206.7,207.1,206.35,206.8,22179,17:25,17:20,True,15627.42857142857,1.4192354102676614,2.903571428571425
2018-08-14,207.2,207.5,206.0,206.4,22436,17:25,17:20,True,15455.142857142857,1.4516850609136118,2.846428571428569
2018-08-15,206.0,206.7,205.7,206.5,18313,17:25,17:20,True,15217.57142857143,1.2034114698234184,2.846428571428569
2018-08-16,205.2,205.4,204.7,205.3,16516,17:25,17:20,True,15907.785714285714,1.038233748972875,2.767857142857141
2018-08-17,205.9,206.1,205.4,205.8,17093,17:25,17:20,True,15774.142857142857,1.0836087992102807,2.8035714285714284
2018-08-20,207.0,207.5,206.8,207.5,21674,17:25,17:20,True,16298.214285714286,1.32983893941054,2.7750000000000017
2018-08-21,208.5,208.5,207.5,208.0,20701,17:25,17:20,True,17097.14285714286,1.2107870989304812,2.8250000000000006
2018-08-22,209.6,210.1,209.4,209.4,12895,17:25,17:20,True,18032.071428571428,0.7151147360456964,2.875000000000002
2018-08-23,209.4,209.75,209.1,209.6,26144,17:25,17:20,True,17651.85714285714,1.481090617741557,2.732142857142859
2018-08-24,214.0,214.6,214.0,214.5,35905,17:25,17:20,True,18971.14285714286,1.8926113345080497,2.93214285714286
2018-08-27,215.7,216.4,215.4,216.2,38905,17:25,17:20,True,19949.714285714286,1.95015324243813,2.7250000000000005
2018-08-28,217.5,217.8,217.2,217.4,42937,17:25,17:20,True,21363.214285714286,2.009856729692228,2.767857142857143
2018-08-29,218.1,218.75,218.0,218.4,18429,17:25,17:20,True,23260.85714285714,0.7922751894660558,2.7607142857142883
2018-08-30,218.6,219.4,217.9,218.2,24359,17:25,17:20,True,24091.64285714286,1.011097505655488,2.7750000000000017
2018-08-31,216.7,216.85,215.7,216.0,12017,17:25,17:20,True,24177.571428571428,0.4970308964033963,2.8500000000000023
2018-09-03,215.6,215.7,215.4,215.7,23316,17:25,17:20,True,23451.714285714286,0.9942130334669411,2.9178571428571445
2018-09-04,218.1,218.7,217.8,218.6,112173,17:25,17:20,True,23514.571428571428,4.770361234978919,2.85357142857143
2018-09-05,213.9,213.9,212.8,213.2,42146,17:25,17:20,True,30218.85714285714,1.3946920560482576,3.0035714285714312
2018-09-06,211.7,211.8,211.1,211.2,43982,17:25,17:20,True,32049.571428571428,1.3723116422327912,2.9464285714285734
2018-09-07,213.8,213.8,212.7,212.7,27016,17:25,17:20,True,33970.21428571428,0.7952849450043421,3.132142857142859
2018-09-10,211.0,211.3,210.2,210.2,22218,17:25,17:20,True,34351.78571428572,0.6467786037323906,3.1678571428571467
2018-09-11,211.2,211.6,210.7,211.0,17268,17:25,17:20,True,34460.142857142855,0.501100650440882,3.125000000000004
2018-09-12,212.0,212.1,211.6,212.0,28476,17:25,17:20,True,34772.5,0.8189229994967288,3.1321428571428607
2018-09-13,213.3,213.3,212.5,212.6,17187,17:25,17:20,True,34939.07142857143,0.49191347386368517,2.9392857142857167
2018-09-14,217.0,217.0,216.2,216.2,53864,17:25,17:20,True,33602.07142857143,1.6029964139115573,3.0607142857142895
2018-09-17,217.1,217.1,216.0,216.3,32356,17:25,17:20,True,34670.57142857143,0.9332410360371497,3.117857142857145
2018-09-18,215.0,215.0,214.4,214.4,31757,17:25,17:20,True,33914.78571428572,0.9363762539305444,3.0821428571428577
2018-09-19,213.9,214.0,213.1,214.0,26400,17:25,17:20,True,34866.78571428572,0.7571675868356089,3.1892857142857145
2018-09-20,214.6,214.6,213.7,214.15,19036,17:25,17:20,True,35012.57142857143,0.5436904295599948,3.125
2018-09-21,214.4,215.0,214.4,215.0,14441,17:25,17:20,True,35513.92857142857,0.40662918975452284,3.092857142857144
2018-09-24,214.5,214.5,213.6,213.6,13150,17:25,17:20,True,34880.0,0.37700688073394495,3.1499999999999995
2018-09-25,211.4,211.5,210.5,211.1,29916,17:25,17:20,True,27806.928571428572,1.0758469754454825,2.999999999999998
2018-09-26,211.0,211.1,209.9,209.9,28794,17:25,17:20,True,26933.35714285714,1.0690832133281354,3.049999999999997
2018-09-27,210.2,210.4,209.5,209.7,28428,17:25,17:20,True,25848.5,1.0997930247403138,2.885714285714282
2018-09-28,210.5,210.8,210.0,210.3,32155,17:25,17:20,True,25949.35714285714,1.2391443773724096,2.7571428571428527
2018-10-01,211.7,211.7,210.4,210.5,15011,17:25,17:20,True,26659.14285714286,0.5630713665641377,2.7928571428571383
2018-10-02,209.1,209.3,208.7,208.9,13791,17:25,17:20,True,26497.928571428572,0.5204557768666553,2.9285714285714244
2018-10-03,208.1,209.1,208.1,208.8,14766,17:25,17:20,True,25449.0,0.5802192620535188,2.8999999999999977
2018-10-04,208.5,208.9,208.1,208.1,22356,17:25,17:20,True,25276.071428571428,0.8844728922046543,2.757142857142855
2018-10-05,207.6,208.0,207.0,207.3,28025,17:25,17:20,True,23025.5,1.2171288354215979,2.7571428571428567
2018-10-08,205.7,205.7,205.3,205.3,11259,17:25,17:20,True,22716.14285714286,0.4956387213624043,2.7357142857142867
2018-10-09,204.0,204.7,203.9,204.7,14338,17:25,17:20,True,21252.0,0.6746659137963485,2.7000000000000006
2018-10-10,203.3,203.5,202.3,203.1,12811,17:25,17:20,True,20390.428571428572,0.6282849796473134,2.7285714285714278
2018-10-11,195.25,195.75,194.2,194.25,104939,17:25,17:20,True,19945.785714285714,5.261211641556935,2.999999999999998
2018-10-12,193.05,193.8,193.05,193.5,43898,17:25,17:20,True,26409.928571428572,1.662177914691174,3.3499999999999983
2018-10-15,190.5,190.65,189.35,189.4,50418,17:25,17:20,True,28606.214285714286,1.7624841755163088,3.3499999999999983
2018-10-16,189.2,189.5,188.5,188.7,19936,17:25,17:20,True,30070.64285714286,0.6629721916724665,3.3785714285714272
2018-10-17,192.0,192.15,191.4,191.75,36248,17:25,17:20,True,29437.928571428572,1.2313366381077862,3.4392857142857127
2018-10-18,192.3,192.55,190.8,190.975,91020,17:25,17:20,True,29996.5,3.0343540079675964,3.4571428571428555
2018-10-19,191.95,192.25,191.4,191.55,26195,17:25,17:20,True,34201.142857142855,0.7659100781928758,3.464285714285712
2018-10-22,190.9,191.3,190.15,191.25,28270,17:25,17:20,True,35000.0,0.8077142857142857,3.5035714285714272
2018-10-23,188.1,188.1,186.6,187.3,46912,17:25,17:20,True,36034.21428571428,1.301873814370866,3.52142857142857
2018-10-24,186.9,187.25,186.5,186.8,17478,17:25,17:20,True,38330.357142857145,0.4559832285115304,3.6642857142857133
2018-10-25,177.4,178.55,176.0,177.9,154166,17:25,17:20,True,37981.92857142857,4.058930280753817,3.7071428571428555
2018-10-26,180.5,180.5,178.4,178.4,62471,17:25,17:20,True,46992.0,1.3293964930200886,4.185714285714283
2018-10-29,179.7,180.0,178.8,178.8,56634,17:25,17:20,True,50650.0,1.1181441263573544,4.532142857142857
2018-10-30,179.55,179.55,178.85,178.85,29618,17:25,17:20,True,53671.142857142855,0.5518421711055156,4.632142857142857
2018-10-31,182.75,183.9,182.75,183.4,30140,17:25,17:20,True,54871.642857142855,0.5492818955406319,4.439285714285715
2018-11-01,184.0,184.0,182.25,182.85,38101,17:25,17:20,True,49528.857142857145,0.769268709150798,4.335714285714287
2018-11-05,186.0,186.0,184.8,185.1,74071,17:25,17:20,True,49114.78571428572,1.5081201907484942,4.285714285714287
2018-11-06,185.3,185.3,184.65,185.0,32879,17:25,17:20,True,50804.28571428572,0.6471698113207547,4.250000000000002
2018-11-07,186.1,186.6,185.75,185.9,37412,17:25,17:20,True,51728.78571428572,0.7232336789546577,4.175000000000003
2018-11-08,185.95,185.95,185.3,185.65,35825,17:25,17:20,True,51811.92857142857,0.6914430901874499,4.178571428571431
2018-11-09,184.7,184.9,183.4,183.4,24276,17:25,17:20,True,47869.42857142857,0.507129513020538,4.092857142857143
2018-11-12,184.45,184.9,183.65,184.9,24942,17:25,17:20,True,47732.357142857145,0.5225386193552441,4.0249999999999995
2018-11-13,180.05,180.75,180.05,180.6,5477,17:25,17:20,True,47494.642857142855,0.11531826897770425,4.192857142857142
2018-11-14,179.1,179.15,178.3,178.3,15957,17:25,17:20,True,44535.0,0.35830245874031663,4.182142857142856
2018-11-15,179.5,180.1,179.3,179.5,15096,17:25,17:20,True,44426.357142857145,0.33979828576665394,4.142857142857141
2018-11-16,182.15,183.1,182.05,183.0,92650,17:25,17:20,True,34492.78571428572,2.6860689295277065,3.749999999999998
2018-11-19,183.5,183.5,182.25,182.75,58825,17:25,17:20,True,36648.42857142857,1.6051165709697162,3.6714285714285677
2018-11-20,179.45,179.45,178.2,178.4,17514,17:25,17:20,True,36804.92857142857,0.4758601817691342,3.6892857142857105
2018-11-21,179.45,180.9,179.35,180.85,61240,17:25,17:20,True,35940.357142857145,1.7039340971649457,3.7035714285714243
2018-11-22,181.15,181.15,180.05,180.05,19692,17:25,17:20,True,38161.78571428572,0.5160135887621311,3.5357142857142816
2018-11-23,179.65,179.75,179.2,179.4,13925,17:25,17:20,True,36846.857142857145,0.37791554232188823,3.517857142857139
2018-11-26,181.7,182.75,181.7,182.75,15100,17:25,17:20,True,32550.714285714286,0.46389150995150424,3.4607142857142827
2018-11-27,183.9,184.55,183.5,183.8,28130,17:25,17:20,True,31280.785714285714,0.8992740865570147,3.635714285714282
2018-11-28,183.0,183.3,182.7,183.3,28424,17:25,17:20,True,30617.785714285714,0.9283493021096515,3.67142857142857
2018-11-29,183.7,184.3,182.9,183.9,41688,17:25,17:20,True,30089.14285714286,1.385483135824977,3.721428571428571
2018-11-30,185.35,185.65,184.65,185.1,35364,17:25,17:20,True,31332.85714285714,1.12865545069074,3.732142857142857
2018-12-03,186.9,187.45,186.45,186.55,52587,17:25,17:20,True,32077.285714285714,1.6393843440618863,3.510714285714286
2018-12-04,182.75,182.8,181.65,182.5,44508,17:25,17:20,True,35442.28571428572,1.2557880820327614,3.5035714285714294
2018-12-05,179.5,179.5,178.35,178.45,21363,17:25,17:20,True,37481.642857142855,0.5699590085051158,3.482142857142859
2018-12-06,175.5,175.6,173.7,174.0,64454,17:25,17:20,True,37929.28571428572,1.6993201634620816,3.589285714285716
2018-12-07,173.0,173.85,172.8,173.6,21766,17:25,17:20,True,35915.28571428572,0.6060372225117041,3.4464285714285756
2018-12-10,172.75,173.0,171.7,172.6,33407,17:25,17:20,True,33268.21428571428,1.0041717211838843,3.267857142857147
2018-12-11,173.0,173.4,173.0,173.35,25308,17:25,17:20,True,34403.42857142857,0.7356243563764409,3.2535714285714357
2018-12-12,173.95,173.95,172.85,173.05,34654,17:25,17:20,True,31836.85714285714,1.0884868391531828,3.2821428571428646
2018-12-13,181.75,182.25,181.2,182.25,65281,17:25,17:20,True,32905.57142857143,1.983888963657913,3.835714285714293
2018-12-14,179.5,179.5,178.4,178.55,40812,17:25,17:20,True,36573.857142857145,1.1158790236585852,3.88571428571429
2018-12-17,182.35,183.45,181.5,181.6,207277,17:25,17:20,True,38410.42857142857,5.39637300881829,3.817857142857148
2018-12-18,175.1,175.1,174.5,174.65,36091,17:25,17:20,True,51206.642857142855,0.7048108992555374,4.1857142857142895
2018-12-19,176.0,177.1,176.0,176.2,31064,17:25,17:20,True,51754.28571428572,0.6002208236722977,4.28571428571429
2018-12-20,173.6,173.6,171.75,172.4,102586,17:25,17:20,True,50995.42857142857,2.0116705138835975,4.192857142857148
2018-12-21,169.8,170.25,169.1,169.7,34628,17:25,17:20,True,55797.0,0.6206068426617919,4.539285714285719
2018-12-27,173.4,174.9,172.0,172.35,142764,17:25,17:20,True,54514.21428571428,2.6188399093814327,4.432142857142862
2018-12-28,167.05,168.7,167.05,168.15,33546,17:25,17:20,True,61532.5,0.54517531385853,4.967857142857148
2019-01-02,170.45,170.45,169.1,169.55,19419,17:25,17:20,True,62402.71428571428,0.31118838695203277,5.121428571428576
2019-01-03,168.8,170.05,168.8,169.8,43364,17:25,17:20,True,59185.92857142857,0.7326741515538804,4.9964285714285745
2019-01-04,169.1,170.3,169.1,170.15,12393,17:25,17:20,True,60728.642857142855,0.20407174303488235,5.032142857142863
2019-01-07,173.95,173.95,173.0,173.2,22904,17:25,17:20,True,59227.642857142855,0.38671132084801135,5.092857142857146
2019-01-08,175.1,175.1,173.6,173.9,71480,17:25,17:20,True,59055.92857142857,1.2103780556687789,5.067857142857144
2019-01-09,174.65,174.85,174.05,174.2,13313,17:25,17:20,True,61686.357142857145,0.21581757485158212,4.676785714285714
2019-01-10,174.5,174.7,173.45,173.5,40186,17:25,17:20,True,57974.357142857145,0.6931685314073587,4.762500000000003
2019-01-11,174.7,176.3,174.6,174.8,92357,17:25,17:20,True,57929.642857142855,1.5942960364481544,4.773214285714289
2019-01-14,172.65,173.0,172.45,172.6,20023,17:25,17:20,True,49721.07142857143,0.40270652712632615,4.526785714285718
2019-01-15,173.3,175.1,173.3,175.0,57366,17:25,17:20,True,48573.357142857145,1.181017812528032,4.383928571428576
2019-01-16,173.7,174.0,173.35,173.6,18061,17:25,17:20,True,50452.07142857143,0.3579833193879906,4.441071428571432
2019-01-17,171.5,171.85,171.0,171.8,26022,17:25,17:20,True,44414.57142857143,0.5858888009726537,4.137500000000003
2019-01-18,172.5,173.3,172.45,172.5,75577,17:25,17:20,True,43799.857142857145,1.7255079109847062,4.11964285714286
2019-01-21,174.5,175.7,174.0,175.375,17508,17:25,17:20,True,39000.78571428572,0.44891403286746967,3.6625000000000023
2019-01-22,173.95,174.8,173.95,174.7,14453,17:25,17:20,True,37855.21428571428,0.3817968085166603,3.330357142857147
2019-01-23,172.6,173.05,172.1,172.3,26913,17:25,17:20,True,37500.5,0.7176704310609192,3.376785714285719
2019-01-24,172.1,172.3,171.65,172.0,9807,17:25,17:20,True,36325.42857142857,0.269976167816327,3.3839285714285756
2019-01-25,173.2,174.0,173.0,173.2,33577,17:25,17:20,True,36140.71428571428,0.9290629879241853,3.2232142857142896
2019-01-28,174.55,174.55,172.85,173.0,55436,17:25,17:20,True,36903.07142857143,1.5022055849009859,3.2196428571428624
2019-01-29,172.5,173.55,172.5,172.55,35931,17:25,17:20,True,35757.07142857143,1.00486417272108,3.1000000000000063
2019-01-30,172.75,174.95,172.75,173.65,43192,17:25,17:20,True,37372.642857142855,1.1557116836800028,3.017857142857147
2019-01-31,173.5,174.5,173.5,174.25,28046,17:25,17:20,True,37587.357142857145,0.7461551471524429,2.9285714285714306
2019-02-01,172.4,173.7,172.4,173.4,30614,17:25,17:20,True,32993.71428571428,0.9278737075460262,2.8357142857142867
2019-02-04,174.55,174.55,174.1,174.15,12632,17:25,17:20,True,33750.21428571428,0.374279105106211,2.925000000000001
2019-02-05,176.0,176.95,176.0,176.7,23004,17:25,17:20,True,30554.928571428572,0.7528736303939743,2.8857142857142883
2019-02-06,179.0,179.75,177.9,178.55,31970,17:25,17:20,True,30908.0,1.034360036236573,2.9392857142857167
2019-02-07,179.9,180.65,179.7,180.3,30498,17:25,17:20,True,31332.85714285714,0.9733552181644098,3.0035714285714312
2019-02-08,178.25,178.675,177.95,178.15,18281,17:25,17:20,True,28112.928571428572,0.650270211214464,2.9071428571428606
2019-02-11,177.65,177.65,177.05,177.35,31045,17:25,17:20,True,28168.14285714286,1.102131587355523,2.9517857142857173
2019-02-12,177.3,177.3,176.85,176.9,29129,17:25,17:20,True,29353.285714285714,0.9923590934088664,2.82321428571429
2019-02-13,176.2,177.2,176.0,177.05,16822,17:25,17:20,True,29511.571428571428,0.5700136992269377,2.801785714285718
2019-02-14,178.3,179.275,178.15,178.75,31772,17:25,17:20,True,30012.64285714286,1.0586205337274528,2.82321428571429
2019-02-15,180.0,180.2,179.45,179.8,21412,17:25,17:20,True,29883.714285714286,0.7165106651496754,2.82321428571429
2019-02-18,183.0,183.3,182.3,182.55,24600,17:25,17:20,True,27453.428571428572,0.8960629429579443,2.916071428571434
2019-02-19,181.9,182.1,181.65,181.75,13437,17:25,17:20,True,26644.071428571428,0.5043148167509792,2.8517857142857213
2019-02-20,184.25,184.5,183.8,184.2,27027,17:25,17:20,True,24518.714285714286,1.1023008663936003,2.8732142857142935
2019-02-21,187.65,188.0,187.5,187.8,33004,17:25,17:20,True,24445.928571428572,1.3500816671195612,2.858928571428578
2019-02-22,188.75,189.1,188.45,188.55,11222,17:25,17:20,True,24616.64285714286,0.4558704476936335,2.830357142857149
2019-02-25,189.4,189.7,189.05,189.5,28242,17:25,17:20,True,24515.928571428572,1.151985735221707,2.7875000000000045
2019-02-26,189.8,189.8,188.8,189.25,18597,17:25,17:20,True,24890.071428571428,0.747165392970806,2.6803571428571473
2019-02-27,189.7,189.75,188.8,189.1,26688,17:25,17:20,True,23934.85714285714,1.1150265005013609,2.5946428571428606
2019-02-28,190.0,190.05,188.0,188.5,71116,17:25,17:20,True,23662.714285714286,3.0054033168517074,2.6660714285714318
2019-03-01,182.9,183.4,182.45,182.75,60005,17:25,17:20,True,27436.64285714286,2.1870387099629536,3.0714285714285734
2019-03-04,181.15,182.5,181.15,182.15,41392,17:25,17:20,True,29505.214285714286,1.4028706790325196,3.142857142857145
2019-03-05,180.65,181.5,180.45,180.9,31777,17:25,17:20,True,30381.14285714286,1.045944853010326,3.1464285714285745
2019-03-06,180.2,180.65,180.15,180.65,7758,17:25,17:20,True,31449.35714285714,0.2466823078373167,3.153571428571433
2019-03-07,179.4,179.9,179.0,179.15,26255,17:25,17:20,True,29734.071428571428,0.8829937757791086,3.0160714285714323
2019-03-08,177.7,178.7,177.7,178.25,49112,17:25,17:20,True,30080.0,1.6327127659574467,2.880357142857146
2019-03-11,177.5,177.55,176.8,177.5,23048,17:25,17:20,True,31830.85714285714,0.7240772655464599,2.983928571428574
2019-03-12,178.9,178.9,178.0,178.45,11611,17:25,17:20,True,32517.35714285714,0.357070839090332,2.9517857142857173
2019-03-13,177.25,177.5,177.1,177.3,10035,17:25,17:20,True,31416.214285714286,0.3194210450927296,2.8482142857142896
2019-03-14,177.5,177.75,177.5,177.65,7002,17:25,17:20,True,29775.571428571428,0.2351592148885232,2.751785714285719
2019-03-15,178.85,178.85,178.05,178.2,26443,17:25,17:20,True,29474.14285714286,0.8971592533891691,2.791071428571434
2019-03-18,177.4,177.5,177.2,177.5,11444,17:25,17:20,True,29345.64285714286,0.3899727143722967,2.773214285714289
2019-03-19,180.0,180.075,179.8,180.0,8321,17:25,17:20,True,28834.714285714286,0.28857577424037495,2.8589285714285757
2019-03-20,180.35,180.35,179.9,180.0,8056,17:25,17:20,True,27522.785714285714,0.29270292926120955,2.7375000000000034
2019-03-21,177.9,178.0,177.5,177.7,12001,17:25,17:20,True,23018.5,0.5213632512978691,2.305357142857145
2019-03-22,176.95,177.0,176.55,176.7,19010,17:25,17:20,True,19589.64285714286,0.9704107491203441,2.2482142857142873
2019-03-25,172.0,172.0,171.0,171.4,35611,17:25,17:20,True,17990.928571428572,1.979386436815379,2.405357142857144
2019-03-26,172.65,172.65,171.3,171.65,17309,17:25,17:20,True,18264.785714285714,0.9476705760890395,2.4303571428571433
2019-03-27,172.35,172.9,172.15,172.15,20913,17:25,17:20,True,18947.0,1.103763128727503,2.507142857142859
2019-03-28,172.9,172.9,172.15,172.3,18066,17:25,17:20,True,18565.428571428572,0.9730990012157773,2.4571428571428577
2019-03-29,172.9,173.75,172.9,173.7,19835,17:25,17:20,True,16347.857142857143,1.2133088652947088,2.3785714285714294
2019-04-01,174.8,176.34,174.8,176.3,16552,17:25,17:20,True,16118.357142857143,1.02690366352473,2.3714285714285728
2019-04-02,177.9,177.9,177.5,177.75,11632,17:25,17:20,True,16471.285714285714,0.7061986660768957,2.4864285714285734
2019-04-03,179.9,181.0,179.75,180.9,20093,17:25,17:20,True,16585.35714285714,1.2114903421692975,2.5635714285714317
2019-04-04,182.25,182.6,181.25,181.75,21997,17:25,17:20,True,17520.428571428572,1.2555058176985232,2.6778571428571456
2019-04-05,182.8,183.25,182.4,183.05,22898,17:25,17:20,True,17202.85714285714,1.33105796379339,2.6957142857142906
2019-04-08,181.9,182.55,181.9,182.4,22417,17:25,17:20,True,18021.0,1.2439376283225125,2.606428571428576
2019-04-09,182.2,182.5,181.7,181.95,22956,17:25,17:20,True,19027.85714285714,1.2064416832463682,2.567142857142863
2019-04-10,180.7,181.0,180.0,180.1,24110,17:25,17:20,True,20092.14285714286,1.1999715596004124,2.5385714285714363
2019-04-11,179.7,180.2,179.55,179.8,10947,17:25,17:20,True,20957.071428571428,0.5223535185873163,2.50285714285715
2019-04-12,180.8,181.1,180.7,181.1,17862,17:25,17:20,True,20381.14285714286,0.8763983514172764,2.3385714285714374
2019-04-15,183.85,184.1,183.35,183.8,34741,17:25,17:20,True,19113.35714285714,1.8176294065107799,2.4564285714285785
2019-04-16,184.0,184.15,183.25,184.1,22702,17:25,17:20,True,20358.5,1.1151116241373382,2.3492857142857213
2019-04-17,192.0,192.9,190.15,191.85,510420,17:25,17:20,True,20486.285714285714,24.915204596803438,2.35642857142858
2019-04-23,194.85,194.85,192.25,192.3,85774,17:25,17:20,True,55654.42857142857,1.5411891236995643,3.049285714285724
2019-04-24,193.7,193.9,193.1,193.1,17290,17:25,17:20,True,60364.357142857145,0.28642730277209466,3.2957142857142947
2019-04-25,195.0,195.0,194.2,194.4,14031,17:25,17:20,True,60417.07142857143,0.2322356855146192,3.180714285714294
2019-04-26,196.15,196.15,194.4,194.9,38105,17:25,17:20,True,60588.42857142857,0.6289154694790848,3.31785714285715
2019-04-29,196.9,196.9,195.2,195.9,31258,17:25,17:20,True,61875.0,0.505179797979798,3.278571428571435
2019-05-02,197.0,197.0,195.9,196.3,39551,17:25,17:20,True,62536.5,0.6324466511557251,3.296428571428578
2019-05-03,195.9,195.9,194.65,194.65,13821,17:25,17:20,True,63726.0,0.2168816495621881,3.3857142857142923
2019-05-06,185.85,186.9,185.05,186.7,106623,17:25,17:20,True,63112.0,1.6894251489415641,3.4392857142857207
2019-05-07,187.2,187.35,186.35,186.8,21087,17:25,17:20,True,69088.21428571429,0.30521848361566734,3.939285714285719
2019-05-08,182.3,183.4,182.3,183.25,13050,17:25,17:20,True,68872.28571428571,0.18948115144802183,4.164285714285717
2019-05-09,182.75,183.3,181.9,181.9,29282,17:25,17:20,True,69022.5,0.4242384729617154,4.221428571428573
2019-05-10,184.4,185.75,184.4,185.35,47411,17:25,17:20,True,69838.21428571429,0.6788690187013863,4.1178571428571455
2019-05-13,184.6,184.6,184.25,184.4,26096,17:25,17:20,True,70743.21428571429,0.3688834365739268,4.267857142857145
2019-05-14,181.5,182.45,181.3,182.15,44329,17:25,17:20,True,70985.64285714286,0.6244783904994874,4.446428571428571
2019-05-15,180.65,181.0,180.45,180.55,9603,17:25,17:20,True,37693.42857142857,0.2547658932591509,3.8892857142857116
2019-05-16,181.65,182.4,181.65,181.8,26377,17:25,17:20,True,32252.64285714286,0.8178244529241235,3.696428571428567
2019-05-17,185.6,186.2,185.5,185.8,56192,17:25,17:20,True,32901.71428571428,1.7078745354128315,3.86428571428571
2019-05-20,184.4,184.4,183.3,183.5,37528,17:25,17:20,True,35913.21428571428,1.0449635530097359,3.742857142857137
2019-05-21,182.75,184.0,182.75,183.5,27572,17:25,17:20,True,35872.0,0.768621766280107,3.807142857142854
2019-05-22,183.0,183.4,182.7,182.9,13780,17:25,17:20,True,35608.71428571428,0.3869839244807652,3.810714285714281
2019-05-23,182.4,182.45,181.65,181.95,18514,17:25,17:20,True,33767.92857142857,0.5482717117467758,3.732142857142853
2019-05-24,180.5,181.5,180.5,181.15,17317,17:25,17:20,True,34103.142857142855,0.5077831117366645,3.8107142857142793
2019-05-27,180.15,180.75,180.15,180.35,13629,17:25,17:20,True,27724.14285714286,0.491593196234329,3.3107142857142793
2019-05-28,180.05,180.35,180.05,180.3,9844,17:25,17:20,True,27191.428571428572,0.36202584848166436,3.0821428571428533
2019-05-31,175.6,175.75,174.55,174.75,72745,17:25,17:20,True,26962.428571428572,2.6980136380254005,2.982142857142855
2019-06-03,173.0,173.075,172.6,172.6,33894,17:25,17:20,True,30066.928571428572,1.1272850806652777,3.203571428571426
2019-06-04,175.0,175.3,174.2,174.6,21573,17:25,17:20,True,29101.428571428572,0.7413038142457414,3.1464285714285682
2019-06-05,178.25,178.55,177.7,177.8,22736,17:25,17:20,True,28778.35714285714,0.7900381487079825,3.1214285714285706
2019-06-07,180.65,181.1,180.45,180.65,36303,17:25,17:20,True,27236.0,1.3329049787046556,3.050000000000001
2019-06-10,181.75,182.0,181.6,181.8,5949,17:25,17:20,True,29143.14285714286,0.20413035166321897,3.10357142857143
2019-06-11,183.45,183.65,183.0,183.35,24868,17:25,17:20,True,27684.0,0.8982805952896981,2.982142857142859
2019-06-12,183.0,183.65,182.85,183.5,31538,17:25,17:20,True,25446.571428571428,1.2393811122463874,2.9928571428571473
2019-06-13,183.0,183.3,182.85,182.85,3096,17:25,17:20,True,25018.714285714286,0.12374736625725885,2.846428571428573
2019-06-14,182.05,182.05,180.6,180.75,41887,17:25,17:20,True,23270.428571428572,1.8000098223987524,2.8321428571428595
2019-06-17,179.0,179.2,178.6,178.85,31366,17:25,17:20,True,25278.071428571428,1.2408383324903292,3.092857142857144
2019-06-18,178.8,178.8,177.85,177.9,14935,17:25,17:20,True,26196.071428571428,0.5701236554008916,2.928571428571433
2019-06-19,183.3,184.0,183.3,183.6,17684,17:25,17:20,True,26025.928571428572,0.6794762366101936,3.175000000000005
2019-06-20,185.05,185.55,184.775,185.25,32524,17:25,17:20,True,26315.571428571428,1.2359222404985641,3.267857142857147
2019-06-24,186.45,187.5,186.45,187.15,37976,17:25,17:20,True,27935.571428571428,1.359413753074677,3.335714285714289
2019-06-25,185.4,185.425,185.05,185.4,5439,17:25,17:20,True,25452.071428571428,0.21369576992049483,3.062500000000004
2019-06-26,184.5,184.5,183.65,184.0,16518,17:25,17:20,True,23419.571428571428,0.7053075266718313,3.0196428571428617
2019-06-27,184.35,185.0,184.35,184.9,8379,17:25,17:20,True,23058.5,0.3633800984452588,2.8553571428571467
2019-06-28,185.0,185.3,184.8,185.2,21401,17:25,17:20,True,22033.0,0.9713157536422639,2.8232142857142883
2019-07-01,186.7,189.5,186.7,189.3,74995,17:25,17:20,True,20968.571428571428,3.5765431257664533,2.6982142857142883
2019-07-02,188.7,188.9,188.4,188.75,22382,17:25,17:20,True,25900.428571428572,0.8641555848496715,2.773214285714289
2019-07-03,187.7,188.25,187.6,188.2,35741,17:25,17:20,True,25722.85714285714,1.3894646229034766,2.680357142857145
2019-07-04,186.75,187.15,186.6,186.8,11369,17:25,17:20,True,26023.071428571428,0.4368815583973562,2.716071428571431
2019-07-05,187.0,187.2,184.45,185.05,106175,17:25,17:20,True,26614.0,3.9894416472533254,2.6375000000000006
2019-07-08,182.1,182.4,181.5,181.8,17787,17:25,17:20,True,31206.0,0.5699865410497981,2.7517857142857145
2019-07-09,180.8,180.8,179.2,179.5,27320,17:25,17:20,True,30236.071428571428,0.903556537248556,2.8660714285714266
2019-07-10,177.05,177.4,176.85,177.25,53041,17:25,17:20,True,31120.714285714286,1.7043631940140926,2.75535714285714
2019-07-11,177.15,177.7,177.0,177.0,18181,17:25,17:20,True,33646.21428571428,0.5403579685254338,2.698214285714282
2019-07-12,175.0,175.45,174.7,175.2,31632,17:25,17:20,True,32621.714285714286,0.9696608744394619,2.7303571428571383
2019-07-15,177.2,178.1,176.7,177.3,26656,17:25,17:20,True,32168.571428571428,0.8286348698818723,2.7857142857142816
2019-07-16,177.0,177.65,177.0,177.45,9467,17:25,17:20,True,33684.07142857143,0.28105272309718243,2.771428571428566
2019-07-17,178.4,179.4,178.3,179.25,17399,17:25,17:20,True,33180.42857142857,0.5243753848008508,2.7785714285714227
2019-07-18,176.5,176.7,175.35,175.45,37175,17:25,17:20,True,33824.71428571428,1.0990484556938502,2.857142857142853
2019-07-19,176.7,176.7,175.2,175.8,48595,17:25,17:20,True,34951.42857142857,1.3903580479032125,2.932142857142854
2019-07-22,177.3,177.65,177.3,177.45,23743,17:25,17:20,True,33065.71428571428,0.7180549554998704,2.874999999999996
2019-07-23,179.2,179.9,178.8,179.8,30167,17:25,17:20,True,33162.92857142857,0.9096603134739522,2.8678571428571393
2019-07-24,182.5,182.85,182.05,182.35,41821,17:25,17:20,True,32764.785714285714,1.276400839751737,2.9857142857142844
2019-07-25,185.0,186.0,184.6,185.95,93452,17:25,17:20,True,34939.92857142857,2.6746477116847487,3.1000000000000005
2019-07-26,177.5,177.6,176.75,177.6,31632,17:25,17:20,True,34031.142857142855,0.929501549001335,3.342857142857144
2019-07-29,177.55,177.7,177.2,177.35,16795,17:25,17:20,True,35020.07142857143,0.47958211719401733,3.3035714285714306
2019-07-30,178.1,179.85,177.35,179.65,155989,17:25,17:20,True,34268.28571428572,4.551993096490715,3.1785714285714306
2019-07-31,180.15,180.9,179.8,180.5,18039,17:25,17:20,True,41621.71428571428,0.4334035805486148,3.450000000000003
2019-08-01,180.25,180.25,179.95,180.1,19904,17:25,17:20,True,41611.57142857143,0.47832848692499685,3.4464285714285734
2019-08-02,179.8,180.6,179.3,179.85,54316,17:25,17:20,True,40773.857142857145,1.3321280792664767,3.432142857142858
2019-08-05,177.1,178.75,176.8,177.6,44765,17:25,17:20,True,42749.57142857143,1.0471450006182184,3.614285714285716
2019-08-06,175.0,175.05,173.95,175.05,33974,17:25,17:20,True,45270.857142857145,0.7504607189740482,3.7535714285714312
2019-08-07,173.0,173.0,171.9,172.05,13552,17:25,17:20,True,46454.78571428572,0.2917245186179495,3.8500000000000023
2019-08-08,174.35,174.35,173.25,173.25,34548,17:25,17:20,True,44767.42857142857,0.7717217875240927,3.8607142857142884
2019-08-09,173.4,173.85,172.85,172.9,15602,17:25,17:20,True,43764.07142857143,0.3565024800186716,3.825000000000003
2019-08-12,178.55,179.6,177.45,178.2,638164,17:25,17:20,True,43182.57142857143,14.778276950356956,3.9178571428571445
2019-08-13,178.6,178.8,177.15,177.2,159582,17:25,17:20,True,86610.92857142857,1.842515749827018,4.239285714285716
2019-08-14,179.6,179.6,178.6,178.85,136218,17:25,17:20,True,95022.42857142857,1.4335352405522306,4.367857142857143
2019-08-15,177.5,178.25,177.5,177.5,34018,17:25,17:20,True,98077.14285714286,0.3468494188248318,3.8892857142857156
2019-08-16,177.0,177.1,176.75,177.0,51311,17:25,17:20,True,98247.57142857143,0.5222622732950142,3.9607142857142867
2019-08-19,180.0,180.5,179.8,180.15,39021,17:25,17:20,True,100713.0,0.3874474993297787,3.97857142857143
2019-08-20,180.55,180.55,179.9,180.2,23648,17:25,17:20,True,92358.14285714286,0.25604672493878644,3.721428571428573
2019-08-21,180.1,180.6,179.95,180.45,20526,17:25,17:20,True,92758.78571428571,0.22128362118952152,3.660714285714288
2019-08-22,180.4,180.4,179.45,179.65,32770,17:25,17:20,True,92803.21428571429,0.3531127693391162,3.5714285714285734
2019-08-23,181.3,182.2,181.3,181.75,12579,17:25,17:20,True,91264.21428571429,0.1378305845116886,3.4285714285714306
2019-08-26,178.0,178.95,177.85,178.15,54034,17:25,17:20,True,88965.21428571429,0.6073609829845212,3.3785714285714294
2019-08-27,179.0,179.0,177.5,178.1,24184,17:25,17:20,True,90398.07142857143,0.2675278312669439,3.2464285714285706
2019-08-28,177.95,178.15,177.7,177.8,26640,17:25,17:20,True,91157.5,0.29224145023722675,3.1678571428571423
2019-08-29,180.0,180.0,179.3,179.5,9056,17:25,17:20,True,90592.64285714286,0.09996396743034164,3.192857142857142
2019-08-30,184.0,184.65,184.0,184.65,24883,17:25,17:20,True,90125.07142857143,0.27609409463515383,3.328571428571426
2019-09-02,186.95,187.05,186.6,186.8,48485,17:25,17:20,True,46319.28571428572,1.0467562107730504,2.9857142857142827
2019-09-03,185.3,185.4,184.7,185.0,15487,17:20,17:20,True,38383.78571428572,0.4034776589073139,2.8535714285714255
2019-09-04,185.0,185.0,184.0,184.8,83951,17:25,17:20,True,29760.14285714286,2.820920598499431,2.757142857142855
2019-09-05,186.8,187.35,185.95,187.05,162664,17:25,17:20,True,33326.78571428572,4.880878744039007,2.6678571428571405
2019-09-06,187.7,187.7,186.85,187.05,26207,17:25,17:20,True,41280.57142857143,0.6348507080466771,2.642857142857141
2019-09-09,187.5,188.05,187.325,187.9,24621,17:25,17:20,True,40365.28571428572,0.6099548055790512,2.61428571428571
2019-09-10,189.9,190.75,189.7,190.5,61505,17:25,17:20,True,40434.78571428572,1.5210912810221748,2.6392857142857093
2019-09-11,194.15,194.2,193.55,194.05,44262,17:25,17:20,True,43361.857142857145,1.0207588631219668,2.924999999999995
2019-09-12,196.4,197.1,196.2,196.2,44258,17:25,17:20,True,44182.71428571428,1.0017039630883442,2.921428571428566
2019-09-13,195.0,195.6,195.0,195.3,13117,17:25,17:20,True,46445.5,0.28241702640729455,2.8642857142857077
2019-09-16,195.4,195.4,194.5,195.05,22104,17:25,17:20,True,43522.857142857145,0.5078710693888269,2.78571428571428
2019-09-17,195.3,196.0,195.3,195.6,9014,17:25,17:20,True,43374.28571428572,0.20781898425663656,2.8214285714285654
2019-09-18,196.0,196.55,196.0,196.3,13484,17:25,17:20,True,42115.28571428572,0.32016878839376267,2.7464285714285643
2019-09-19,196.0,196.35,195.75,196.35,7842,17:25,17:20,True,42431.57142857143,0.184815215085802,2.549999999999995
2019-09-20,197.0,197.0,196.7,196.9,21991,17:25,17:20,True,41214.357142857145,0.5335761983081485,2.442857142857138
2019-09-23,196.0,196.0,194.0,194.45,53053,17:25,17:20,True,39321.92857142857,1.3491962863324172,2.392857142857139
2019-09-24,193.0,194.0,192.85,193.85,16033,17:25,17:20,True,42005.21428571428,0.3816907084664659,2.560714285714281
2019-09-25,189.6,189.65,188.15,188.25,71381,17:25,17:20,True,37153.92857142857,1.9212234814622564,2.6499999999999955
2019-09-26,188.2,190.4,188.2,189.95,49159,17:25,17:20,True,30633.714285714286,1.604735212371057,2.7749999999999955
2019-09-27,190.0,190.2,189.65,189.9,9670,17:25,17:20,True,32273.14285714286,0.2996299444031304,2.799999999999997
2019-09-30,192.0,192.325,191.95,191.95,13481,17:25,17:20,True,31205.214285714286,0.43201113367042593,2.839285714285712
2019-10-01,194.0,194.4,193.75,193.95,75999,17:25,17:20,True,27774.928571428572,2.736244660523751,2.614285714285714
2019-10-02,190.6,190.6,188.85,188.95,68637,17:25,17:20,True,30041.85714285714,2.2847122823869555,2.721428571428571
2019-10-03,183.2,183.25,181.35,181.45,66769,17:25,17:20,True,31783.214285714286,2.100762981358084,3.1499999999999995
2019-10-04,179.8,180.05,179.15,179.5,31477,17:25,17:20,True,35615.5,0.8838005924386854,3.442857142857142
2019-10-07,178.5,179.35,178.05,178.2,48347,17:25,17:20,True,36285.0,1.3324238666115475,3.4678571428571416
2019-10-08,180.0,180.0,179.25,179.25,21052,17:25,17:20,True,39094.5,0.538490068935528,3.57857142857143
2019-10-09,178.5,178.9,178.25,178.25,17234,17:25,17:20,True,39635.07142857143,0.43481692800928473,3.6571428571428584
2019-10-10,178.9,179.2,178.35,178.55,20692,17:25,17:20,True,40305.92857142857,0.5133736086325479,3.7250000000000005
2019-10-11,179.35,179.9,179.2,179.725,50664,17:25,17:20,True,40213.142857142855,1.2598866042374206,3.782142857142856
2019-10-14,182.45,182.45,181.65,181.7,40871,17:25,17:20,True,40042.5,1.0206905163264033,3.6321428571428567
2019-10-15,182.8,183.6,182.8,183.2,51838,17:25,17:20,True,41816.642857142855,1.2396499684848652,3.557142857142856
2019-10-16,184.4,184.7,183.95,184.15,26107,17:25,17:20,True,40420.71428571428,0.6458817084592412,3.4964285714285706
2019-10-17,184.0,185.05,184.0,184.2,19708,17:25,17:20,True,38774.142857142855,0.508276870815971,3.482142857142855
2019-10-18,184.6,185.0,183.3,183.725,169235,17:25,17:20,True,39491.142857142855,4.285391299314855,3.3642857142857117
2019-10-21,184.55,185.1,184.3,184.95,18982,17:25,17:20,True,50616.42857142857,0.37501658129065946,3.446428571428567
2019-10-22,189.1,190.2,187.95,190.05,35063,17:25,17:20,True,46543.78571428572,0.7533336504950023,3.5071428571428527
2019-10-23,191.1,192.85,189.95,192.6,209130,17:25,17:20,True,44145.642857142855,4.737273861358264,3.0999999999999965
2019-10-24,195.35,197.0,195.3,196.9,90217,17:20,17:20,True,54314.28571428572,1.6610178853235138,3.2071428571428555
2019-10-25,200.1,200.6,199.75,200.2,21273,17:25,17:20,True,58510.0,0.3635788754059135,3.4357142857142833
2019-10-28,203.5,204.6,203.1,204.3,52572,17:25,17:20,True,56576.142857142855,0.9292255948367939,3.517857142857139
2019-10-29,204.8,205.4,204.6,205.2,40322,17:25,17:20,True,58827.57142857143,0.6854269013800623,3.4749999999999965
2019-10-30,205.0,205.8,204.2,205.6,48585,17:25,17:20,True,60476.71428571428,0.8033670574506835,3.385714285714282
2019-10-31,204.9,204.9,203.1,203.2,31815,17:25,17:20,True,62469.07142857143,0.5092920267972608,3.392857142857139
2019-11-04,202.7,202.7,201.6,202.7,62668,17:25,17:20,True,61122.71428571428,1.0252816932681095,3.432142857142854
2019-11-05,206.7,207.6,206.1,207.3,53875,17:25,17:20,True,62679.642857142855,0.8595294667327624,3.660714285714284
2019-11-06,207.4,208.7,207.3,208.5,78963,17:25,17:20,True,62825.142857142855,1.2568694062431784,3.5607142857142833
2019-11-07,209.0,210.0,208.75,210.0,43666,17:25,17:20,True,66600.57142857143,0.6556400202486464,3.557142857142856
2019-11-08,208.6,209.4,208.5,209.0,30253,17:25,17:20,True,68311.85714285714,0.44286601573037937,3.6178571428571433
2019-11-11,210.0,210.6,209.3,209.9,46158,17:25,17:20,True,58384.57142857143,0.7905855754455678,3.528571428571429
2019-11-12,210.0,210.3,209.5,210.2,13647,17:25,17:20,True,60325.71428571428,0.22622193805058258,3.289285714285715
2019-11-13,211.4,212.2,211.0,212.1,22924,17:25,17:20,True,58796.0,0.38989046873937,3.3214285714285716
2019-11-14,212.4,213.1,212.0,212.9,21549,17:25,17:20,True,45495.57142857143,0.47365049659464503,3.017857142857143
2019-11-15,213.5,214.2,213.3,214.0,40399,17:25,17:20,True,40590.71428571428,0.9952768930262024,2.7071428571428577
2019-11-18,213.0,213.3,212.5,213.0,29643,17:25,17:20,True,41956.857142857145,0.7065114505376271,2.5535714285714284
2019-11-19,212.6,213.8,212.6,213.0,29634,17:25,17:20,True,40319.07142857143,0.7349871648829781,2.539285714285715
2019-11-20,210.3,210.9,209.2,210.5,34821,17:25,17:20,True,39555.642857142855,0.8803042368887228,2.6107142857142884
2019-11-21,209.0,209.0,207.9,208.2,54138,17:25,17:20,True,38572.5,1.4035387905891503,2.5607142857142913
2019-11-22,208.8,209.0,207.8,208.8,21689,17:25,17:20,True,40167.0,0.5399706226504344,2.5250000000000035
2019-11-25,209.5,210.2,209.3,210.2,33492,17:25,17:20,True,37239.92857142857,0.8993572567079497,2.3321428571428595
2019-11-26,212.0,212.5,211.5,211.8,28824,17:25,17:20,True,35784.0,0.8054996646545942,2.3607142857142867
2019-11-27,211.8,212.2,210.9,211.5,38875,17:25,17:20,True,32202.64285714286,1.2071990542036257,2.3392857142857144
2019-11-28,211.0,211.0,209.8,209.8,14348,17:25,17:20,True,31860.428571428572,0.4503392026831313,2.324999999999999
2019-11-29,208.9,208.9,208.0,208.4,14468,17:25,17:20,True,30724.35714285714,0.4708967524602398,2.267857142857141
2019-12-02,209.5,210.1,209.5,210.1,14094,17:25,17:20,True,28460.785714285714,0.495207691786443,2.335714285714285
2019-12-03,207.6,208.6,206.7,208.0,14297,17:25,17:20,True,28492.714285714286,0.5017773967279856,2.4178571428571423
2019-12-04,207.4,209.9,207.2,209.65,103450,17:25,17:20,True,27876.5,3.7110110666690583,2.382142857142855
2019-12-05,211.0,211.7,210.9,211.7,10982,17:25,17:20,True,33726.57142857143,0.32561863049905543,2.682142857142856
2019-12-06,212.8,213.5,212.6,213.5,5496,17:25,17:20,True,31625.35714285714,0.17378459870583055,2.7964285714285717
2019-12-09,214.1,214.6,214.0,214.4,14591,17:25,17:20,True,29900.571428571428,0.4879839850170088,2.8607142857142844
2019-12-10,218.0,218.3,216.6,218.2,140277,17:25,17:20,True,28826.071428571428,4.866323888345124,2.8321428571428533
2019-12-11,216.0,216.4,215.8,216.4,17843,17:25,17:20,True,36358.642857142855,0.49074989047603146,3.117857142857137
2019-12-12,216.9,217.1,216.4,217.0,11360,17:25,17:20,True,33766.142857142855,0.3364316750083558,3.124999999999994
2019-12-13,224.1,224.5,223.4,224.1,59574,17:25,17:20,True,33028.357142857145,1.8037227750180038,3.346428571428567
2019-12-16,222.5,223.3,222.3,222.5,94265,17:25,17:20,True,34891.357142857145,2.7016719244839593,3.432142857142856
2019-12-17,223.7,224.3,222.6,224.0,50866,17:25,17:20,True,39565.71428571428,1.285608030040439,3.510714285714286
2019-12-18,225.6,226.0,225.1,225.5,86412,17:25,17:20,True,40422.21428571428,2.1377354389647842,3.60357142857143
2019-12-19,226.3,226.4,225.8,225.8,21734,17:25,17:20,True,45569.642857142855,0.4769403189780164,3.6392857142857173
2019-12-20,227.3,228.9,227.2,228.1,47108,17:25,17:20,True,46088.642857142855,1.0221173174054345,3.6464285714285745
2019-12-23,225.8,226.2,225.4,225.5,31548,17:25,17:20,True,48446.78571428572,0.6511887122100095,3.5500000000000034
2019-12-27,227.5,227.5,227.0,227.2,22137,17:25,17:20,True,49679.0,0.445600756859035,3.5071428571428607
2019-12-30,226.5,226.8,226.1,226.2,11010,17:25,17:20,True,43870.92857142857,0.25096345936863496,3.22857142857143
2020-01-02,225.0,226.7,224.8,226.4,16602,17:25,17:20,True,43872.92857142857,0.37841102795247966,3.1285714285714294
2020-01-03,225.7,227.3,224.7,226.4,170127,17:25,17:20,True,44666.21428571428,3.8088520086290854,3.300000000000001
2020-01-07,228.7,229.6,228.7,229.3,57011,17:25,17:20,True,55775.92857142857,1.022143448978886,3.357142857142859
2020-01-08,227.7,228.3,226.2,227.8,70611,17:25,17:20,True,49828.357142857145,1.4170846491599016,3.1571428571428606
2020-01-09,231.9,232.1,231.0,231.9,18325,17:25,17:20,True,53597.5,0.34190027519940297,3.2642857142857196
2020-01-10,230.0,230.2,229.6,229.7,24743,17:25,17:20,True,54095.0,0.45739902024216655,3.064285714285719
2020-01-13,229.1,229.4,228.7,228.8,20255,17:25,17:20,True,51607.07142857143,0.39248497229753954,2.9357142857142873
2020-01-14,225.0,225.4,224.3,224.6,79918,17:25,17:20,True,46320.642857142855,1.7253214780821264,2.97857142857143
2020-01-15,225.9,226.6,225.9,226.0,32948,17:25,17:20,True,48395.78571428572,0.6808030805515828,2.9857142857142867
2020-01-16,225.9,226.6,225.5,225.8,35642,17:25,17:20,True,44576.92857142857,0.7995615925598925,3.0499999999999994
2020-01-17,228.2,228.6,228.0,228.1,24858,17:25,17:20,True,45570.357142857145,0.5454861791421428,3.0357142857142856
2020-01-20,227.5,227.5,226.9,227.3,21485,17:25,17:20,True,43981.07142857143,0.4885056071199461,3.0071428571428567
2020-01-21,227.1,227.55,225.6,226.2,54417,17:25,17:20,True,43262.28571428572,1.2578392265120395,3.0142857142857133
2020-01-22,228.8,228.9,227.8,228.7,30192,17:25,17:20,True,45568.0,0.6625702247191011,3.0607142857142873
2020-01-23,227.2,227.7,226.5,226.9,31145,17:25,17:20,True,46938.142857142855,0.6635328563124112,3.210714285714285
2020-01-24,228.2,228.8,227.3,228.0,66970,17:25,17:20,True,47976.92857142857,1.395879269351191,3.0392857142857133
2020-01-27,227.5,227.9,227.0,227.4,57550,17:25,17:20,True,40608.57142857143,1.4171884894111026,3.182142857142856
2020-01-28,225.4,226.0,225.1,225.2,60251,17:25,17:20,True,40647.07142857143,1.4822962118163494,3.3535714285714278
2020-01-29,225.2,225.6,224.2,224.3,28089,17:25,17:20,True,39907.07142857143,0.7038602181138681,3.324999999999999
2020-01-30,225.5,225.8,224.5,225.1,70582,17:25,17:20,True,40604.5,1.7382802398748907,3.3321428571428555
2020-01-31,227.9,228.0,227.25,227.7,29238,17:25,17:20,True,43878.71428571428,0.6663367529325968,3.39642857142857
2020-02-03,224.2,225.25,224.2,224.8,51973,17:25,17:20,True,44520.357142857145,1.1673985415981452,3.4392857142857127
2020-02-04,226.0,226.5,225.6,225.9,34265,17:25,17:20,True,42524.28571428572,0.8057748513454496,3.39642857142857
2020-02-05,228.6,229.8,228.6,229.5,121291,17:25,17:20,True,42618.357142857145,2.845980186271174,3.6107142857142844
2020-02-06,240.8,242.5,240.8,242.5,107671,17:25,17:20,True,48736.142857142855,2.2092638786702743,4.424999999999999
2020-02-07,238.8,238.8,237.6,237.9,30810,17:25,17:20,True,54651.357142857145,0.5637554419639298,4.553571428571426
2020-02-10,235.4,235.4,233.6,234.5,35873,17:25,17:20,True,55317.42857142857,0.6484936289776924,4.682142857142856
2020-02-11,236.0,237.0,236.0,236.6,37794,17:25,17:20,True,53992.857142857145,0.6999814790316179,4.657142857142857
2020-02-12,238.5,239.8,237.7,238.0,34095,17:25,17:20,True,54535.857142857145,0.6251850027897765,4.628571428571429
2020-02-13,238.3,238.5,237.4,237.6,23871,17:25,17:20,True,54746.57142857143,0.43602730503671466,4.592857142857146
2020-02-14,235.8,236.4,235.7,236.0,11764,17:25,17:20,True,51668.07142857143,0.22768413209041782,4.43214285714286
2020-02-17,235.1,235.7,235.1,235.6,21581,17:25,17:20,True,48397.642857142855,0.44591014615528796,4.139285714285718
2020-02-18,235.8,235.8,234.6,235.2,30796,17:25,17:20,True,45635.5,0.6748255196064468,4.025000000000004
2020-02-19,237.1,238.0,237.1,237.9,49756,17:25,17:20,True,45828.857142857145,1.0856914857139295,3.989285714285718
2020-02-20,239.4,239.9,239.2,239.3,19640,17:25,17:20,True,44341.28571428572,0.4429280676828109,4.039285714285719
2020-02-21,237.3,237.7,236.9,237.2,27685,17:25,17:20,True,43655.71428571428,0.63416669393632,3.910714285714292
2020-02-24,228.6,228.7,225.9,226.3,75324,17:25,17:20,True,41920.857142857145,1.7968144053761168,4.189285714285721
2020-02-25,223.0,223.9,222.8,223.0,70436,17:25,17:20,True,44853.642857142855,1.5703518268145127,4.7035714285714345
2020-02-26,217.8,218.5,216.6,216.7,114253,17:25,17:20,True,41221.142857142855,2.7717086931810306,4.017857142857147
2020-02-27,218.0,219.7,218.0,218.5,84800,17:25,17:20,True,41691.28571428572,2.0339981976363677,4.367857142857147
2020-02-28,208.4,208.7,206.7,208.6,91323,17:25,17:20,True,45547.71428571428,2.004996330378818,4.882142857142861
2020-03-02,208.5,209.8,207.3,208.9,144834,17:25,17:20,True,49508.42857142857,2.9254412668549943,5.425000000000002
2020-03-03,209.5,212.55,209.5,210.3,109494,17:25,17:20,True,57154.142857142855,1.9157666360893724,5.717857142857143
2020-03-04,207.0,207.2,206.4,206.4,34088,17:25,17:20,True,62539.78571428572,0.5450610297216515,5.974999999999999
2020-03-05,209.5,209.7,208.1,208.1,28317,17:25,17:20,True,63269.57142857143,0.4475611160408863,6.0214285714285705
2020-03-06,200.0,200.8,200.0,200.4,86403,17:25,17:20,True,64451.92857142857,1.3405805212522732,6.492857142857139
2020-03-09,180.0,180.8,176.35,180.4,174633,17:25,17:20,True,69082.07142857143,2.527906248158246,6.992857142857139
2020-03-10,184.95,186.95,184.95,186.0,67698,17:25,17:20,True,79356.14285714286,0.8530908580306142,8.19285714285714
2020-03-11,185.0,186.3,185.0,185.0,40234,17:25,17:20,True,80637.71428571429,0.4989476742538054,8.732142857142856
2020-03-12,172.95,174.4,172.9,174.0,114802,17:25,17:20,True,82108.71428571429,1.3981707179157945,9.171428571428567
2020-03-13,165.5,167.0,162.65,166.5,47467,17:25,17:20,True,88331.35714285714,0.5373742862710945,10.149999999999995
2020-03-16,153.5,153.5,150.55,151.85,109183,17:25,17:20,True,86341.57142857143,1.2645472880966129,10.428571428571427
2020-03-17,161.05,162.65,160.0,160.0,66945,17:25,17:20,True,89109.21428571429,0.7512691087742248,11.417857142857141
2020-03-18,155.5,156.0,154.9,155.45,20683,17:25,17:20,True,85730.07142857143,0.2412572351258643,11.642857142857142
2020-03-19,159.75,166.95,159.75,160.8,35851,17:25,17:20,True,81150.28571428571,0.44178525909599825,11.389285714285716
2020-03-20,179.0,179.0,173.75,174.6,44033,17:25,17:20,True,77188.0,0.5704643208788931,11.457142857142859
2020-03-23,161.85,162.95,160.7,162.4,46183,17:25,17:20,True,69987.92857142857,0.6598709369268783,11.839285714285717
2020-03-24,163.0,163.8,162.75,163.3,77207,17:25,17:20,True,65465.71428571428,1.1793501505695456,12.539285714285716
2020-03-25,177.5,177.5,175.5,176.0,55512,17:25,17:20,True,68545.64285714286,0.8098545390506222,13.225000000000003
2020-03-26,176.45,178.5,175.7,178.5,36204,17:25,17:20,True,70488.14285714286,0.5136182985182919,13.539285714285716
2020-03-27,186.0,186.05,184.3,185.2,26423,17:25,17:20,True,66902.5,0.3949478719031426,13.728571428571431
2020-03-30,175.05,177.25,175.0,175.5,68859,17:25,17:20,True,56316.07142857143,1.2227237847607573,12.921428571428574
2020-03-31,176.5,178.0,176.25,176.4,53595,17:25,17:20,True,56399.0,0.9502828064327382,12.882142857142856
2020-04-01,171.5,171.55,170.0,170.2,38727,17:25,17:20,True,57353.357142857145,0.6752351026904639,12.796428571428569
2020-04-02,169.35,170.9,168.85,169.3,53263,17:25,17:20,True,51919.42857142857,1.0258780087828394,11.84285714285714
2020-04-03,170.0,171.85,170.0,171.65,20861,17:25,17:20,True,52333.42857142857,0.3986171089770537,11.071428571428566
2020-04-06,174.2,174.65,173.1,173.95,54910,17:25,17:20,True,46024.71428571428,1.193054663177858,10.11071428571428
2020-04-07,181.2,181.2,179.65,180.35,53900,17:25,17:20,True,45165.07142857143,1.1934000831869127,9.932142857142852
2020-04-08,179.4,180.6,179.25,180.55,51467,17:25,17:20,True,47537.71428571428,1.0826561767498888,9.946428571428566
2020-04-14,182.95,183.5,181.1,182.8,106904,17:25,17:20,True,48653.142857142855,2.1972681253890514,9.61071428571428
2020-04-15,182.5,182.5,180.95,181.25,50809,17:25,17:20,True,53143.92857142857,0.9560640578482961,9.099999999999994
2020-04-16,175.0,176.3,174.6,175.55,96631,17:25,17:20,True,53474.357142857145,1.8070530467874455,8.646428571428567
2020-04-17,177.25,178.0,176.55,176.55,75796,17:25,17:20,True,54861.78571428572,1.3815809859842592,8.142857142857139
2020-04-20,178.0,178.0,175.65,176.1,42004,17:25,17:20,True,56310.642857142855,0.745933590326112,7.614285714285712
2020-04-21,174.55,175.45,174.5,175.3,39953,17:25,17:20,True,56724.92857142857,0.7043287846487246,7.139285714285712
2020-04-22,172.0,172.0,170.45,171.6,49334,17:25,17:20,True,57691.357142857145,0.8551367560627428,6.985714285714282
2020-04-23,173.75,173.85,172.5,172.55,56181,17:25,17:20,True,56296.71428571428,0.9979445641334055,6.482142857142857
2020-04-24,172.45,172.45,170.5,171.5,79257,17:25,17:20,True,56481.42857142857,1.4032400030351315,6.2892857142857155
2020-04-27,176.4,177.4,176.4,176.95,60932,17:25,17:20,True,59376.42857142857,1.0261984674052955,6.100000000000002
2020-04-28,183.2,185.5,182.15,182.95,209738,17:25,17:20,True,59924.21428571428,3.500054235170853,6.067857142857146
2020-04-29,186.25,186.9,184.5,186.4,64340,17:25,17:20,True,73415.42857142857,0.8763825431789348,6.403571428571433
2020-05-04,181.7,182.0,180.15,181.0,171104,17:25,17:20,True,74089.0,2.309438648112405,6.175000000000003
2020-05-05,180.0,180.85,179.2,180.7,99993,17:25,17:20,True,82460.71428571429,1.2126137987786392,6.607142857142861
2020-05-06,178.55,178.55,175.8,176.2,82719,17:25,17:20,True,85926.85714285714,0.962667584390711,6.446428571428574
2020-05-07,175.9,176.8,175.7,176.35,66641,17:25,17:20,True,84199.35714285714,0.7914668503576969,6.292857142857146
2020-05-08,179.15,179.4,178.2,178.7,41663,17:25,17:20,True,85330.21428571429,0.4882561276653806,5.821428571428576
2020-05-11,179.2,179.9,179.2,179.6,32197,17:25,17:20,True,81403.92857142857,0.3955214516673906,5.553571428571432
2020-05-12,179.1,180.45,179.0,180.3,20904,17:25,17:20,True,78289.71428571429,0.2670082550526615,5.325000000000003
2020-05-13,177.35,177.35,176.05,176.05,33663,17:25,17:20,True,76782.57142857143,0.43841980508969663,5.128571428571432
2020-05-14,174.5,175.4,174.15,175.4,51238,17:25,17:20,True,76333.28571428571,0.671240593412722,4.971428571428575
2020-05-15,172.0,173.75,171.9,173.75,106692,17:25,17:20,True,76469.28571428571,1.3952268417758764,5.450000000000003
2020-05-18,175.6,176.8,175.6,176.8,76006,17:25,17:20,True,80077.21428571429,0.9491588921763904,5.460714285714289
2020-05-19,183.5,183.85,183.4,183.6,80767,17:25,17:20,True,79845.0,1.0115473730352558,5.882142857142861
2020-05-22,179.1,179.7,178.9,179.35,56500,17:25,17:20,True,81261.78571428571,0.6952837610368606,5.728571428571432
2020-05-25,182.5,183.0,182.0,182.6,21188,17:25,17:20,True,70316.21428571429,0.30132452685674,5.4178571428571445
2020-05-26,187.2,187.75,186.75,187.625,41334,17:25,17:20,True,67233.92857142857,0.6147788903349182,5.2428571428571455
2020-05-27,189.2,189.65,188.9,189.65,38503,17:25,17:20,True,57964.642857142855,0.6642497581653841,4.528571428571431
2020-05-28,189.3,190.3,188.8,190.25,53342,17:25,17:20,True,53572.5,0.9956974193849456,4.517857142857147
2020-05-29,188.6,188.6,186.45,187.55,49695,17:25,17:20,True,51474.142857142855,0.9654361829378967,4.428571428571431
2020-06-01,189.9,189.9,187.45,188.0,13693,17:25,17:20,True,50263.71428571428,0.27242316240628006,4.6000000000000005
2020-06-02,187.9,188.4,187.5,187.95,26266,17:25,17:20,True,48265.857142857145,0.5441942100449593,4.699999999999998
2020-06-03,193.05,195.25,192.95,192.95,130409,17:25,17:20,True,47842.21428571428,2.7258144704840768,4.942857142857142
2020-06-04,199.8,200.1,199.15,199.55,64108,17:25,17:20,True,55664.0,1.151695889623455,5.442857142857142
2020-06-05,199.5,199.65,197.2,197.65,74942,17:25,17:20,True,57838.642857142855,1.2957081338353869,5.403571428571429
2020-06-08,198.8,198.8,197.9,197.9,80912,17:25,17:20,True,59531.78571428572,1.3591394753103083,4.9785714285714295
2020-06-09,203.0,203.5,202.6,203.3,37288,17:25,17:20,True,57690.357142857145,0.6463471860239084,4.964285714285716
2020-06-10,201.0,201.8,201.0,201.8,27055,17:25,17:20,True,54924.78571428572,0.4925827137631072,4.646428571428572
2020-06-11,198.15,198.25,196.7,197.85,118941,17:25,17:20,True,51088.21428571428,2.3281494893286823,4.846428571428573
2020-06-12,191.05,192.4,191.05,192.15,91164,17:25,17:20,True,55548.28571428572,1.6411667583929552,5.053571428571431
2020-06-15,191.0,192.2,191.0,191.85,50405,17:25,17:20,True,60546.57142857143,0.832499657878469,5.253571428571429
2020-06-16,200.0,200.0,198.35,199.1,88411,17:25,17:20,True,61194.5,1.444754022011782,5.428571428571431
2020-06-17,200.5,200.5,199.85,200.1,22771,17:25,17:20,True,64759.357142857145,0.35162486171331003,5.617857142857143
2020-06-18,200.4,200.4,199.05,199.15,56056,17:25,17:20,True,62575.71428571428,0.8958107892153506,5.70357142857143
2020-06-22,201.1,201.1,200.2,200.6,37715,17:25,17:20,True,63030.07142857143,0.5983651794324931,5.592857142857143
2020-06-23,206.5,208.2,206.4,206.8,67598,17:25,17:20,True,64745.92857142857,1.0440502050321974,5.70357142857143
2020-06-24,205.9,205.9,203.6,204.2,53778,17:25,17:20,True,67698.21428571429,0.7943784125979266,5.53214285714286
2020-06-25,203.3,203.9,203.1,203.3,19002,17:25,17:20,True,62224.57142857143,0.3053777561459414,5.071428571428574
2020-06-26,207.5,207.5,206.4,206.5,31914,17:25,17:20,True,59002.71428571428,0.5408903706609139,5.1000000000000005
2020-06-29,204.4,205.0,204.1,204.7,69824,17:25,17:20,True,55929.28571428572,1.2484336087661716,5.107142857142855
2020-06-30,208.5,208.7,208.2,208.5,30308,17:25,17:20,True,55137.28571428572,0.5496824808724198,5.142857142857139
2020-07-01,209.5,210.6,209.5,210.0,17199,17:25,17:20,True,54638.71428571428,0.3147768066075598,4.974999999999996
2020-07-02,216.4,217.1,215.9,216.3,56931,17:25,17:20,True,53934.71428571428,1.0555539369025515,5.124999999999996
2020-07-03,220.1,221.0,219.6,219.8,12568,17:25,17:20,True,49505.42857142857,0.25387114833005325,4.971428571428567
2020-07-06,222.0,223.0,221.5,222.4,59103,17:25,17:20,True,43891.42857142857,1.346572711886473,4.585714285714281
2020-07-07,224.2,224.2,222.6,222.6,26369,17:25,17:20,True,44512.71428571428,0.5923925427405974,4.446428571428563
2020-07-08,221.7,222.8,221.1,222.7,24344,17:25,17:20,True,40081.142857142855,0.6073679108095008,4.203571428571422
2020-07-09,226.0,227.0,226.0,226.5,21705,17:25,17:20,True,40193.5,0.5400126886188065,4.274999999999993
2020-07-10,222.8,223.4,222.1,222.7,19085,17:25,17:20,True,37739.857142857145,0.5056987875644923,4.26071428571428
2020-07-13,225.5,225.6,224.6,224.8,49763,17:25,17:20,True,36409.142857142855,1.366772082365497,4.071428571428565
2020-07-14,222.2,222.8,222.0,222.5,34587,17:25,17:20,True,35135.21428571428,0.9843970131715638,4.121428571428562
2020-07-15,226.0,226.7,225.4,226.5,37397,17:25,17:20,True,33764.42857142857,1.1075857516998024,4.0857142857142765
2020-07-16,223.8,223.8,222.5,223.2,12986,17:25,17:20,True,35078.357142857145,0.37019977723341824,4.09999999999999
2020-07-17,225.0,225.3,224.4,225.2,31212,17:25,17:20,True,33726.357142857145,0.9254483034676143,4.007142857142848
2020-07-20,222.5,222.5,221.4,221.7,22255,17:25,17:20,True,30968.35714285714,0.7186367651773585,3.8999999999999937
2020-07-21,223.5,223.7,222.8,223.5,17979,17:25,17:20,True,30393.14285714286,0.5915479055426036,3.8642857142857077
2020-07-22,227.7,227.8,226.0,227.5,276398,17:25,17:20,True,30448.85714285714,9.07745071360877,3.499999999999994
2020-07-23,231.0,231.7,230.0,230.0,47493,17:25,17:20,True,46125.07142857143,1.0296569420720991,3.7071428571428515
2020-07-24,228.5,228.9,227.1,227.4,64051,17:25,17:20,True,48619.71428571428,1.317387420740558,3.8285714285714243
2020-07-27,226.8,227.0,225.7,226.8,25833,17:25,17:20,True,48973.142857142855,0.5274932032717642,3.8428571428571394
2020-07-28,228.0,228.0,226.9,226.9,21352,17:25,17:20,True,48934.857142857145,0.4363351861366715,3.9214285714285677
2020-07-29,226.5,226.5,225.1,226.5,19484,17:25,17:20,True,48721.142857142855,0.39990851727616056,3.749999999999998
2020-07-30,225.9,226.1,225.5,225.7,7378,17:25,17:20,True,48562.5,0.15192792792792792,3.6214285714285706
2020-07-31,221.4,222.2,221.1,221.2,27624,17:25,17:20,True,47726.28571428572,0.5788005411812598,3.9642857142857144
2020-08-03,219.1,219.8,219.1,219.6,12029,17:25,17:20,True,46144.92857142857,0.26067870018218997,4.007142857142857
2020-08-04,226.2,226.8,226.0,226.8,33536,17:25,17:20,True,44533.642857142855,0.7530486582375123,4.357142857142857
2020-08-05,224.0,224.6,223.8,223.8,55069,17:25,17:20,True,44257.857142857145,1.2442762382789174,4.335714285714287
2020-08-06,225.4,225.4,224.8,225.1,14463,17:25,17:20,True,47263.78571428572,0.3060059574455223,4.371428571428573
2020-08-07,224.6,225.7,224.1,225.2,14030,17:25,17:20,True,46067.42857142857,0.30455357364360314,4.3500000000000005
2020-08-10,227.8,227.8,227.0,227.5,9436,17:25,17:20,True,45479.92857142857,0.20747613939587164,4.435714285714288
2020-08-11,227.7,229.0,227.7,229.0,24152,17:25,17:20,True,44869.71428571428,0.5382695295585951,4.392857142857145
2020-08-12,228.7,229.2,228.6,229.2,20469,17:25,17:20,True,26852.14285714286,0.7622855318809353,4.114285714285716
2020-08-13,229.0,230.1,229.0,229.9,15108,17:25,17:20,True,24921.85714285714,0.6062148544307063,4.085714285714287
2020-08-14,230.5,230.5,229.9,230.3,12714,17:25,17:20,True,21425.928571428572,0.593393185159503,3.992857142857145
2020-08-17,227.8,228.3,227.2,228.3,19802,17:25,17:20,True,20488.85714285714,0.9664765517145208,3.9857142857142884
2020-08-18,230.1,230.4,229.3,229.7,19935,17:25,17:20,True,20378.14285714286,0.9782540116511388,4.07857142857143
2020-08-19,229.0,229.0,227.5,228.0,20864,17:25,17:20,True,20410.35714285714,1.0222261106931005,4.235714285714287
2020-08-20,226.0,227.0,225.4,225.4,50206,17:25,17:20,True,21373.64285714286,2.3489678542664363,3.8214285714285716
2020-08-21,226.8,227.3,226.0,226.6,52218,17:25,17:20,True,22986.64285714286,2.2716670861649466,3.778571428571431
2020-08-24,227.2,229.4,227.2,228.7,35519,17:25,17:20,True,25857.285714285714,1.373655394169093,3.528571428571431
2020-08-25,229.3,229.4,228.7,229.25,16838,17:25,17:20,True,25998.928571428572,0.6476420731623556,3.55714285714286
2020-08-26,226.3,226.5,224.9,224.9,42093,17:25,17:20,True,23268.14285714286,1.8090399503920134,3.500000000000002
2020-08-27,228.0,228.3,227.7,228.1,34644,17:25,17:20,True,25241.714285714286,1.3724899825685373,3.47857142857143
2020-08-28,224.2,224.5,223.9,224.2,13449,17:25,17:20,True,26714.14285714286,0.5034411948726998,3.442857142857144
2020-08-31,222.3,223.4,222.3,223.0,29618,17:25,17:20,True,27000.785714285714,1.096931041689263,3.4928571428571433
2020-09-01,220.7,221.1,220.3,220.6,17721,17:25,17:20,True,27391.214285714286,0.6469592700474865,3.3999999999999995
2020-09-02,223.5,224.1,223.2,224.1,35976,17:25,17:20,True,27194.928571428572,1.3228937118002568,3.4214285714285717
2020-09-03,225.0,225.5,224.8,225.1,12549,17:25,17:20,True,28685.5,0.4374684073835213,3.528571428571427
2020-09-04,219.4,220.5,218.8,219.8,39254,17:25,17:20,True,28673.714285714286,1.3689890193108671,3.6142857142857117
2020-09-07,224.1,224.2,223.5,223.9,34729,17:25,17:20,True,30063.14285714286,1.1552019083643,3.8357142857142827
2020-09-08,227.8,227.8,226.7,226.9,19192,17:25,17:20,True,31119.85714285714,0.6167123426016462,3.8999999999999977
2020-09-09,227.4,228.9,227.3,228.8,33695,17:25,17:20,True,31000.428571428572,1.0869204573208664,4.04285714285714
2020-09-10,230.1,231.0,230.1,231.0,25490,17:25,17:20,True,29821.071428571428,0.8547647277212901,4.01428571428571
2020-09-11,229.7,229.9,227.5,227.7,92565,17:25,17:20,True,27911.928571428572,3.316324049881387,3.86428571428571
2020-09-14,231.2,231.5,230.6,231.0,32814,17:25,17:20,True,31986.64285714286,1.025865707337661,3.857142857142851
2020-09-15,229.7,231.3,229.7,230.8,14341,17:25,17:20,True,33127.78571428572,0.432899443496935,3.8357142857142787
2020-09-16,230.3,231.1,229.7,231.1,17677,17:25,17:20,True,31145.5,0.5675619270841694,3.8428571428571376
2020-09-17,228.0,229.0,228.0,228.7,90419,17:25,17:20,True,29933.571428571428,3.0206552604576804,3.7571428571428527
2020-09-18,228.4,228.6,227.8,228.6,30213,17:25,17:20,True,35431.42857142857,0.8527175227804209,3.7428571428571393
2020-09-21,227.0,227.2,225.7,226.1,47571,17:25,17:20,True,35473.92857142857,1.341013017608505,3.721428571428569
2020-09-22,221.8,222.9,221.8,222.7,40890,17:25,17:20,True,37606.07142857143,1.087324425197299,4.078571428571424
2020-09-23,225.0,225.6,224.7,225.0,39127,17:25,17:20,True,37957.07142857143,1.030822414042932,3.914285714285711
2020-09-24,223.0,224.0,223.0,223.7,23956,17:25,17:20,True,39855.5,0.6010713703253001,3.8428571428571394
2020-09-25,228.0,228.7,228.0,228.3,8703,17:25,17:20,True,38762.78571428572,0.2245194673094039,3.749999999999996
2020-09-28,230.0,230.7,229.7,230.4,60035,17:25,17:20,True,36903.78571428572,1.62679787013721,3.6571428571428544
2020-09-29,228.5,229.8,228.5,229.8,32473,17:25,17:20,True,39821.142857142855,0.8154713217673311,3.67142857142857
2020-09-30,228.9,230.0,228.5,229.7,19043,17:25,17:20,True,39733.857142857145,0.47926381603310597,3.6285714285714294
2020-10-01,229.0,229.3,228.1,228.6,15090,17:25,17:20,True,39273.357142857145,0.3842299486929525,3.6714285714285717
2020-10-02,227.9,227.9,226.2,226.5,33874,17:25,17:20,True,33739.42857142857,1.0039885509111848,3.607142857142859
2020-10-05,230.8,232.8,230.6,232.7,43412,17:25,17:20,True,33815.142857142855,1.2838035368769698,3.7642857142857173
2020-10-06,233.0,234.3,232.8,234.1,70482,17:25,17:20,True,35891.642857142855,1.9637440470622889,3.8500000000000023
2020-10-07,233.3,234.2,233.1,233.8,14742,17:25,17:20,True,39663.42857142857,0.37167739983576087,3.9071428571428584
2020-10-08,233.4,234.3,233.0,234.2,41842,17:25,17:20,True,34257.92857142857,1.2213814945862376,3.8357142857142867
2020-10-09,235.4,235.4,234.8,235.2,10918,17:25,17:20,True,35088.57142857143,0.31115544336780393,3.842857142857144
2020-10-12,236.0,236.1,235.7,235.9,26301,17:25,17:20,True,32470.5,0.8099967662955606,3.3857142857142883
2020-10-13,237.0,238.0,236.7,237.6,8519,17:25,17:20,True,31428.428571428572,0.2710603230014682,3.3714285714285745
2020-10-14,235.0,236.9,235.0,236.8,17242,17:25,17:20,True,29242.14285714286,0.5896284716285205,3.250000000000004
2020-10-15,235.2,235.2,233.7,233.7,45626,17:25,17:20,True,28762.571428571428,1.5862976685970855,3.085714285714291
2020-10-16,235.5,236.7,235.5,236.0,47008,17:25,17:20,True,31399.928571428572,1.4970734692299117,3.1571428571428606
2020-10-19,236.6,237.6,236.6,237.5,29596,17:25,17:20,True,30469.428571428572,0.9713342647900003,3.114285714285716
2020-10-20,234.0,235.6,234.0,234.8,15891,17:25,17:20,True,30263.928571428572,0.5250805414272058,3.1214285714285728
2020-10-21,233.6,233.8,232.4,232.6,22580,17:25,17:20,True,30038.785714285714,0.7516948326330483,3.114285714285714
2020-10-22,230.0,231.0,230.0,230.6,14768,17:25,17:20,True,30573.785714285714,0.4830281777339598,3.221428571428569
2020-10-23,230.0,232.6,228.0,228.0,74095,17:25,17:20,True,29209.071428571428,2.536711931469431,3.1714285714285677
2020-10-26,225.0,225.7,224.7,225.1,35626,17:25,17:20,True,31400.714285714286,1.1345601783398922,3.4285714285714244
2020-10-27,225.2,226.0,225.1,225.5,28802,17:25,17:20,True,28911.0,0.9962298087233233,3.4499999999999966
2020-10-28,221.2,221.9,220.7,221.2,39351,17:25,17:20,True,29915.285714285714,1.3154144799362009,3.5428571428571405
2020-10-29,217.0,218.2,216.8,217.3,49235,17:25,17:20,True,29737.35714285714,1.6556615896791675,3.8428571428571394
2020-11-02,216.0,216.1,214.5,215.0,35570,17:25,17:20,True,32474.285714285714,1.095328171740278,3.94285714285714
2020-11-03,223.4,223.5,222.4,223.3,24090,17:25,17:20,True,33136.357142857145,0.7269960272381005,4.399999999999996
2020-11-04,222.5,223.3,221.9,222.0,29030,17:25,17:20,True,34248.57142857143,0.847626595478435,4.51428571428571
2020-11-05,228.5,229.0,227.5,228.2,24056,17:25,17:20,True,35090.57142857143,0.685540275369045,4.807142857142852
2020-11-06,228.4,229.5,227.9,228.9,27039,17:25,17:20,True,33549.857142857145,0.80593487730414,4.721428571428567
2020-11-09,233.6,233.9,232.8,233.3,54971,17:25,17:20,True,32123.5,1.7112394353043723,4.728571428571426
2020-11-10,233.6,234.9,233.6,234.0,46971,17:25,17:20,True,33936.0,1.3841053748231966,5.1857142857142815
2020-11-11,234.0,234.4,233.7,233.8,31501,17:25,17:20,True,36156.0,0.8712523509237747,5.321428571428568
2020-11-12,232.4,233.9,232.4,233.1,17319,17:25,17:20,True,36793.21428571428,0.4707117966239893,5.1857142857142815
2020-11-13,231.8,231.9,231.1,231.1,17893,17:25,17:20,True,36975.42857142857,0.4839159596334245,5.107142857142855
2020-11-16,234.0,234.2,232.6,233.0,74729,17:25,17:20,True,32961.0,2.267194563271745,4.764285714285713
2020-11-17,235.3,235.7,235.0,235.2,14908,17:25,17:20,True,35754.07142857143,0.4169595071090805,4.742857142857141
2020-11-18,237.8,238.0,237.2,237.6,10228,17:25,17:20,True,34761.642857142855,0.2942323538054054,4.778571428571427
2020-11-19,234.3,234.3,231.4,232.1,214732,17:25,17:20,True,32681.428571428572,6.570459413384622,4.557142857142856
2020-11-20,230.8,231.1,229.9,230.3,92035,17:25,17:20,True,44502.642857142855,2.068079423854442,4.857142857142855
2020-11-23,229.9,230.6,229.5,230.2,60707,17:25,17:20,True,48535.857142857145,1.2507660021604057,4.564285714285712
2020-11-24,230.4,231.7,230.4,231.0,15753,17:25,17:20,True,51151.357142857145,0.30796836838570124,4.464285714285713
2020-11-25,228.4,228.4,227.8,228.0,23305,17:25,17:20,True,50203.0,0.4642152859390873,4.185714285714283
2020-11-26,226.5,226.9,226.0,226.0,16280,17:25,17:20,True,50149.357142857145,0.3246302829690168,4.135714285714282
2020-11-27,225.8,226.7,225.3,225.5,31559,17:25,17:20,True,49380.857142857145,0.6390938073168897,4.021428571428566
2020-11-30,225.0,225.4,224.1,224.2,34738,17:25,17:20,True,47708.57142857143,0.7281291172595521,3.5142857142857093
2020-12-01,226.0,226.7,226.0,226.7,25142,17:25,17:20,True,46834.78571428572,0.536823209854702,3.4857142857142827
2020-12-02,226.7,226.7,225.5,225.5,35875,17:25,17:20,True,46380.57142857143,0.7734919794002415,3.5428571428571423
2020-12-03,226.1,226.5,225.7,226.1,10666,17:25,17:20,True,47706.0,0.22357774703391606,3.549999999999997
2020-12-04,227.9,228.3,227.8,228.1,11197,17:25,17:20,True,47189.78571428572,0.2372759238152324,3.5142857142857116
2020-12-07,227.9,228.5,227.8,228.15,138412,17:25,17:20,True,42651.78571428572,3.2451630730584045,3.4357142857142833
2020-12-08,226.2,228.0,226.2,227.3,15303,17:25,17:20,True,51473.5,0.2972986099643506,3.3999999999999977
2020-12-09,229.0,229.4,228.8,229.2,14080,17:25,17:20,True,51836.0,0.2716258970599583,3.3714285714285688
2020-12-10,230.1,230.3,229.9,230.1,25499,17:25,17:20,True,37503.71428571428,0.6799059902638216,2.9642857142857104
2020-12-11,227.3,227.6,226.6,226.8,27623,17:25,17:20,True,32751.14285714286,0.8434209493234696,2.86428571428571
2020-12-14,227.9,228.9,227.0,228.7,44003,17:25,17:20,True,30388.0,1.4480386994866394,2.8714285714285666
2020-12-15,225.8,226.4,225.3,226.3,28781,17:25,17:20,True,32405.85714285714,0.8881419143805573,2.828571428571426
2020-12-16,227.7,228.2,227.3,227.9,8613,17:25,17:20,True,32797.0,0.2626154831234564,2.7928571428571405
2020-12-17,226.8,227.1,226.2,226.7,34911,17:25,17:20,True,32249.35714285714,1.0825332066419928,2.942857142857142
2020-12-18,225.0,226.0,225.0,226.0,44006,17:25,17:20,True,32488.785714285714,1.3544981455139466,2.9857142857142867
2020-12-21,224.8,225.0,223.6,224.4,46114,17:25,17:20,True,33150.78571428572,1.3910379198079768,2.914285714285715
2020-12-22,225.4,226.3,225.1,225.5,37841,17:25,17:20,True,34648.78571428572,1.0921306250682872,3.050000000000001
2020-12-23,226.8,226.9,225.6,225.8,28359,17:25,17:20,True,34789.21428571428,0.8151664411588978,3.0500000000000034
2020-12-28,227.6,227.6,226.9,227.0,18868,17:25,17:20,True,36053.0,0.5233406373949463,3.0142857142857173
2020-12-29,232.4,232.7,232.0,232.5,10839,17:25,17:20,True,36600.92857142857,0.29614002767299036,3.214285714285716
2020-12-30,230.0,230.0,229.2,229.4,11619,17:25,17:20,True,27488.571428571428,0.42268475210477086,3.2357142857142867
2021-01-04,231.3,232.0,231.3,231.7,44989,17:25,17:20,True,27225.428571428572,1.652462508789052,3.107142857142859
2021-01-07,242.0,242.9,240.1,242.1,174668,17:25,17:20,True,29433.214285714286,5.934384138424763,3.3785714285714312
2021-01-08,247.7,248.2,247.7,247.9,23112,17:25,17:20,True,40088.142857142855,0.576529575898823,4.092857142857148
2021-01-11,248.1,249.7,248.1,248.9,24847,17:25,17:20,True,39765.92857142857,0.6248313793394561,4.164285714285719
2021-01-12,249.3,249.7,248.9,249.7,14314,17:25,17:20,True,38397.642857142855,0.37278329957010015,4.185714285714288
2021-01-13,250.9,251.0,249.8,250.0,18865,17:25,17:20,True,37364.28571428572,0.5048939017396291,4.171428571428576
2021-01-14,254.0,254.2,253.1,253.1,25461,17:25,17:20,True,38096.57142857143,0.6683278585249517,4.20714285714286
2021-01-15,252.4,252.6,251.7,252.0,21856,17:25,17:20,True,37421.57142857143,0.5840481616790927,4.150000000000001
2021-01-18,246.9,247.0,246.1,246.1,16369,17:25,17:20,True,35839.42857142857,0.4567316124300451,4.485714285714288
2021-01-19,247.4,248.1,247.2,247.9,72393,17:25,17:20,True,33714.78571428572,2.1472181556629453,4.264285714285715
2021-01-20,246.7,247.4,246.7,247.3,8256,17:25,17:20,True,36182.78571428572,0.22817480293509737,4.328571428571428
2021-01-21,248.3,249.6,248.3,249.5,13509,17:25,17:20,True,34746.857142857145,0.3887833637574621,4.399999999999998
2021-01-22,248.2,249.0,247.8,248.9,14926,17:25,17:20,True,34364.07142857143,0.4343489982269688,4.249999999999998
2021-01-25,251.4,252.2,251.2,251.6,20018,17:25,17:20,True,34656.0,0.5776200369344414,4.185714285714283
2021-01-26,248.7,249.5,248.5,249.0,13717,17:25,17:20,True,35255.92857142857,0.3890693155963637,4.385714285714284
2021-01-27,251.2,252.4,250.0,250.3,18720,17:25,17:20,True,33022.21428571428,0.5668911187490673,4.285714285714284
2021-01-28,249.2,249.9,247.7,247.7,13393,17:25,17:20,True,21883.071428571428,0.6120256036140135,3.7642857142857116
2021-01-29,247.1,249.1,247.1,248.0,23673,17:25,17:20,True,21188.85714285714,1.1172381710063242,4.064285714285712
2021-02-01,246.8,247.2,246.0,247.1,35942,17:25,17:20,True,21105.0,1.7030087656953328,4.135714285714286
2021-02-02,253.0,254.0,252.9,254.0,17355,17:25,17:20,True,22649.85714285714,0.7662299982970565,4.378571428571427
2021-02-03,256.0,256.7,255.8,256.2,19157,17:25,17:20,True,22542.0,0.8498358619465886,4.3500000000000005
2021-02-04,251.0,251.3,249.2,249.2,121345,17:25,17:20,True,22091.714285714286,5.492783331824472,4.4214285714285735
2021-02-05,245.1,245.3,244.0,244.5,53450,17:25,17:20,True,29198.071428571428,1.8306003576557162,4.871428571428571
2021-02-08,243.0,243.3,241.9,242.5,42408,17:25,17:20,True,31846.714285714286,1.3316287394528254,5.057142857142856
2021-02-09,243.7,243.7,242.1,242.9,36720,17:25,17:20,True,29704.928571428572,1.2361585018359147,5.114285714285714
2021-02-10,243.6,243.85,242.2,242.2,15602,17:25,17:20,True,31738.071428571428,0.49158626525601296,5.100000000000002
2021-02-11,242.6,242.75,242.0,242.4,6019,17:25,17:20,True,31887.571428571428,0.1887569272399009,5.1214285714285745
2021-02-12,242.2,242.5,242.1,242.5,13213,17:25,17:20,True,31251.35714285714,0.42279763850255647,5.1214285714285745
2021-02-15,244.8,244.9,244.1,244.2,12175,17:25,17:20,True,30765.285714285714,0.39573823929568114,5.000000000000004
2021-02-16,244.5,245.0,244.4,244.8,26202,17:25,17:20,True,30655.14285714286,0.8547342324289562,4.8142857142857185
2021-02-17,246.7,246.7,245.1,245.3,13718,17:25,17:20,True,31189.571428571428,0.4398264987839342,4.692857142857148
2021-02-18,243.5,244.4,243.3,244.1,16175,17:25,17:20,True,31212.785714285714,0.5182171225619537,4.435714285714291
2021-02-19,246.0,246.4,245.6,246.0,20172,17:25,17:20,True,30677.214285714286,0.6575564460360295,4.428571428571432
2021-02-22,249.8,249.8,248.2,248.4,29052,17:25,17:20,True,29550.785714285714,0.983121067605164,4.400000000000004
2021-02-23,247.0,247.3,246.9,247.1,6125,17:25,17:20,True,30386.285714285714,0.20157119753272154,4.428571428571431
2021-02-24,241.1,241.8,241.1,241.6,5717,17:25,17:20,True,29455.428571428572,0.19408985973965506,4.907142857142858
2021-02-25,246.0,246.0,244.9,245.9,30073,17:25,17:20,True,21196.285714285714,1.4187863102699934,4.221428571428573
2021-02-26,242.6,243.2,241.5,241.5,50555,17:25,17:20,True,19526.5,2.5890456559035155,4.15714285714286
2021-03-01,243.8,246.4,243.8,246.0,45167,17:25,17:20,True,20108.428571428572,2.246172536036772,4.100000000000002
2021-03-02,247.5,247.6,246.9,247.6,11881,17:25,17:20,True,20711.785714285714,0.5736347490214336,4.364285714285714
2021-03-03,249.8,250.3,249.6,250.3,5240,17:25,17:20,True,20446.0,0.2562848478920082,4.485714285714285
2021-03-04,249.2,250.1,248.8,250.1,25488,17:25,17:20,True,20390.35714285714,1.2500026272923126,4.628571428571427
2021-03-05,248.7,249.3,248.3,248.7,11789,17:25,17:20,True,21267.14285714286,0.5543292805803721,4.621428571428568
2021-03-08,252.0,252.9,251.6,251.9,38085,17:25,17:20,True,21239.571428571428,1.7931152767408545,4.778571428571427
2021-03-09,258.9,259.0,257.1,257.1,18567,17:25,17:20,True,22088.35714285714,0.8405785853568623,5.278571428571427
2021-03-10,259.2,259.2,257.2,257.8,20774,17:25,17:20,True,22434.714285714286,0.9259756881873117,5.207142857142851
2021-03-11,259.4,260.4,259.0,260.2,31357,17:25,17:20,True,22763.214285714286,1.3775295354346768,5.099999999999996
2021-03-12,260.8,260.8,260.0,260.0,13884,17:25,17:20,True,23562.14285714286,0.5892503107284688,5.01428571428571
2021-03-15,260.0,261.5,259.8,261.2,28004,17:25,17:20,True,22478.714285714286,1.2458007893181486,4.899999999999998
2021-03-16,264.0,264.6,263.1,264.0,21855,17:25,17:20,True,24041.5,0.909053095688705,4.457142857142854
2021-03-17,263.4,263.4,262.7,262.9,15317,17:25,17:20,True,25194.214285714286,0.6079570422914558,4.499999999999996
2021-03-18,262.0,263.5,262.0,263.4,21640,17:25,17:20,True,24140.214285714286,0.8964294908022475,4.457142857142854
2021-03-19,263.0,263.3,262.7,263.1,36488,17:25,17:20,True,22074.85714285714,1.6529212290647408,4.507142857142853
2021-03-22,266.8,266.9,265.7,265.8,58516,17:25,17:20,True,21454.928571428572,2.727391974537985,4.328571428571424
2021-03-23,270.0,270.0,268.2,269.5,44793,17:25,17:20,True,24786.0,1.8071895424836601,4.335714285714283
2021-03-24,267.1,268.0,266.7,267.5,33241,17:25,17:20,True,27611.214285714286,1.2038948977770418,4.307142857142852
2021-03-25,267.0,267.3,265.5,266.2,37736,17:25,17:20,True,28165.0,1.339818924196698,4.335714285714279
2021-03-26,268.6,269.9,268.0,269.9,45363,17:25,17:20,True,30018.35714285714,1.511175304635021,4.421428571428564
2021-03-29,264.0,264.0,262.2,262.7,74605,17:25,17:20,True,30538.214285714286,2.4430046662846316,4.13571428571428
2021-03-30,264.6,265.2,264.1,265.1,24454,17:25,17:20,True,34540.92857142857,0.7079717023076143,4.592857142857143
2021-03-31,264.7,264.8,264.1,264.5,16346,17:25,17:20,True,34803.78571428572,0.46966155159639855,4.635714285714284
2021-04-06,269.9,272.0,269.2,271.6,109647,17:25,17:20,True,33731.57142857143,3.2505749170975897,4.5071428571428545
2021-04-07,270.9,270.9,269.9,270.6,27729,17:25,17:20,True,40571.78571428572,0.6834552512741965,4.807142857142854
2021-04-08,268.9,269.9,268.9,269.7,16993,17:25,17:20,True,40552.142857142855,0.4190407411974002,4.749999999999996
2021-04-09,270.9,271.1,270.5,270.6,24250,17:25,17:20,True,40204.857142857145,0.6031609542557047,4.564285714285712
2021-04-12,273.1,273.8,272.9,273.3,24998,17:25,17:20,True,40842.92857142857,0.612052095047053,4.59285714285714
2021-04-13,272.0,272.8,271.7,272.6,27545,17:25,17:20,True,41082.78571428572,0.6704754685226172,4.478571428571428
2021-04-14,269.0,270.0,269.0,270.0,8636,17:25,17:20,True,40444.0,0.2135298190090001,4.5428571428571445
2021-04-15,273.7,277.0,273.3,277.0,297638,17:25,17:20,True,36881.142857142855,8.070194601964612,4.378571428571429
2021-04-16,278.4,278.4,277.6,277.9,52332,17:25,17:20,True,54941.5,0.9525040270105476,4.86428571428572
2021-04-19,282.5,283.2,282.4,282.6,44450,17:25,17:20,True,56305.142857142855,0.7894483122576978,4.992857142857149
2021-04-20,278.2,278.6,278.1,278.1,15863,17:25,17:20,True,56784.71428571428,0.2793533471029679,4.992857142857149
2021-04-21,274.3,276.0,274.3,275.8,14844,17:25,17:20,True,54677.57142857143,0.2714824307694719,4.835714285714289
2021-04-22,273.7,273.7,272.3,272.6,35394,17:25,17:20,True,50408.92857142857,0.7021375181550887,4.407142857142857
2021-04-23,272.4,272.4,271.6,272.2,11389,17:25,17:20,True,51190.357142857145,0.2224833081007165,4.300000000000003
2021-04-26,274.0,274.2,273.4,273.6,18227,17:25,17:20,True,50836.28571428572,0.35854311037672754,4.342857142857148
2021-04-27,277.8,279.6,277.8,278.9,158918,17:25,17:20,True,44306.28571428572,3.586804839042509,4.000000000000004
2021-04-28,279.1,279.1,277.9,278.4,27670,17:25,17:20,True,53676.92857142857,0.5154914920882475,4.271428571428577
2021-04-29,279.6,280.5,279.5,279.9,26682,17:25,17:20,True,54439.57142857143,0.49012141903079953,4.257142857142859
2021-05-03,274.5,275.0,274.0,274.1,38888,17:25,17:20,True,54613.28571428572,0.7120611677430662,4.425000000000003
2021-05-04,276.8,277.0,276.4,276.8,16442,17:25,17:20,True,55605.42857142857,0.2956905543651956,4.517857142857147
2021-05-05,276.0,276.3,275.6,276.1,19492,17:25,17:20,True,54812.357142857145,0.35561324153964236,4.4964285714285745
2021-05-06,284.4,284.6,283.4,284.6,30664,17:25,17:20,True,55587.78571428572,0.5516319746501351,5.189285714285717
2021-05-07,284.7,285.5,284.5,285.1,37353,17:25,17:20,True,36518.21428571428,1.0228594341375636,4.696428571428571
2021-05-10,284.1,284.3,283.6,283.7,11488,17:25,17:20,True,35448.28571428572,0.3240777309400414,4.567857142857142
2021-05-11,278.0,278.3,277.2,278.0,37985,17:25,17:20,True,33093.857142857145,1.1477960950888597,4.496428571428571
2021-05-14,280.0,280.5,279.2,279.9,45042,17:25,17:20,True,34674.0,1.2990136701851531,4.6678571428571445
2021-05-17,284.8,284.8,283.9,284.5,24179,17:25,17:20,True,36831.0,0.6564850262007548,5.010714285714288
2021-05-18,283.2,284.0,283.2,283.5,20471,17:25,17:20,True,36029.92857142857,0.568166544083391,5.139285714285713
2021-05-19,278.7,278.7,277.4,278.0,45890,17:25,17:20,True,36678.642857142855,1.2511368040179085,5.232142857142857
2021-05-20,274.5,275.3,274.1,275.0,15436,17:25,17:20,True,38654.57142857143,0.3993318106895507,5.803571428571429
2021-05-21,277.3,278.8,276.5,276.7,45609,17:25,17:20,True,28405.85714285714,1.6056195653813852,5.639285714285713
2021-05-24,279.6,279.6,278.6,279.0,10884,17:25,17:20,True,29687.214285714286,0.3666224757651803,5.78214285714286
2021-05-25,279.6,280.2,278.8,278.9,18355,17:25,17:20,True,28558.785714285714,0.6427093989090172,5.564285714285717
2021-05-26,278.8,279.0,278.2,278.6,20246,17:25,17:20,True,27092.14285714286,0.7473015370824435,5.42142857142857
2021-05-27,278.8,279.3,278.0,279.3,25021,17:25,17:20,True,27363.85714285714,0.914381326776196,5.299999999999999
2021-05-28,284.2,284.4,282.8,283.0,45969,17:25,17:20,True,27758.785714285714,1.6560162419620044,4.764285714285713
2021-05-31,283.9,283.9,283.3,283.6,42070,17:25,17:20,True,28852.0,1.4581311520865106,4.650000000000001
2021-06-01,283.7,284.5,283.2,284.0,10033,17:25,17:20,True,29188.928571428572,0.34372621713222967,4.514285714285718
2021-06-02,286.5,287.5,286.5,287.0,31446,17:25,17:20,True,29085.0,1.081175863847344,4.571428571428576
2021-06-03,287.8,287.9,286.5,286.8,17552,17:25,17:20,True,28617.928571428572,0.6133218187400006,4.321428571428576
2021-06-04,288.3,288.5,288.0,288.4,7589,17:25,17:20,True,26654.35714285714,0.28471892829100576,3.9857142857142907
2021-06-07,289.3,290.5,289.3,290.4,19826,17:25,17:20,True,25469.35714285714,0.7784256150948899,3.8714285714285785
2021-06-08,289.8,289.8,289.1,289.3,17917,17:25,17:20,True,25423.285714285714,0.7047476160774993,3.828571428571434
2021-06-09,288.9,288.9,287.6,288.1,25791,17:25,17:20,True,23425.214285714286,1.1009931301131564,3.2714285714285802
2021-06-10,286.9,287.4,286.6,286.7,24824,17:25,17:20,True,24164.85714285714,1.0272769192570084,3.1857142857142953
2021-06-11,284.8,284.8,283.2,283.8,19973,17:25,17:20,True,22680.214285714286,0.8806354185366099,3.0714285714285796
2021-06-14,287.0,288.1,287.0,288.0,19059,17:25,17:20,True,23329.428571428572,0.8169509999632592,3.2071428571428635
2021-06-15,288.6,289.1,287.9,288.1,23101,17:25,17:20,True,23379.714285714286,0.98807879846998,3.2142857142857224
2021-06-16,290.7,291.3,290.4,290.5,10287,17:25,17:20,True,23583.64285714286,0.4361921549742406,3.278571428571435
2021-06-17,286.8,287.4,286.2,286.8,11164,17:25,17:20,True,22531.214285714286,0.4954903831826957,3.171428571428578
2021-06-18,286.7,287.3,286.0,286.9,15861,17:25,17:20,True,20045.14285714286,0.7912640041050201,3.164285714285719
2021-06-21,281.7,281.7,280.4,280.6,27877,17:25,17:20,True,18173.071428571428,1.5339729505587154,3.500000000000008
2021-06-22,287.6,287.6,286.2,286.6,7999,17:25,17:20,True,19447.64285714286,0.41130948664362554,3.6571428571428646
2021-06-23,288.5,289.6,288.3,289.1,15345,17:25,17:20,True,17772.85714285714,0.863395225464191,3.642857142857147
2021-06-24,287.4,287.4,286.4,287.2,22922,17:25,17:20,True,17615.214285714286,1.301261490675674,3.6500000000000057
2021-06-28,290.6,292.0,290.1,290.5,67319,17:25,17:20,True,18710.428571428572,3.597940033442007,3.835714285714289
2021-06-29,292.6,294.0,292.6,293.9,19142,17:25,17:20,True,22102.785714285714,0.8660446808579397,3.835714285714293
2021-06-30,293.5,294.1,292.9,293.4,34079,17:25,17:20,True,22190.285714285714,1.5357621095460048,3.892857142857147
2021-07-01,291.7,292.1,291.0,291.3,28657,17:25,17:20,True,22782.285714285714,1.257863252150794,4.150000000000006
2021-07-02,294.0,295.2,293.8,294.3,77944,17:25,17:20,True,23056.071428571428,3.3806279721796244,4.250000000000008
2021-07-05,293.7,293.8,293.0,293.5,30379,17:25,17:20,True,27196.85714285714,1.1170040655958147,4.47857142857144
2021-07-06,295.3,295.5,294.2,294.7,34223,17:25,17:20,True,28005.428571428572,1.2220130790969097,4.6214285714285825
2021-07-07,297.0,297.0,296.5,296.7,10597,17:25,17:20,True,28799.85714285714,0.3679532140536412,4.657142857142868
2021-07-08,301.6,302.0,300.7,300.7,31327,17:25,17:20,True,28822.0,1.0869127749635694,4.971428571428581
2021-07-09,303.1,304.0,303.1,304.0,60904,17:25,17:20,True,30262.214285714286,2.0125427513329917,5.092857142857151
2021-07-12,308.4,309.6,307.9,309.6,41125,17:25,17:20,True,33479.57142857143,1.2283610047918347,5.164285714285719
2021-07-13,307.5,308.1,307.3,307.8,13431,17:25,17:20,True,34425.857142857145,0.3901427913403961,4.950000000000005
2021-07-14,307.4,307.4,306.5,307.1,21962,17:25,17:20,True,34813.857142857145,0.6308407571697641,4.8285714285714345
2021-07-15,308.3,308.9,307.4,308.9,25035,17:25,17:20,True,35286.5,0.7094781290295156,4.714285714285718
2021-07-16,309.0,309.7,308.1,308.2,33490,17:25,17:20,True,35437.42857142857,0.9450459965653748,4.571428571428579
2021-07-19,304.7,304.7,303.2,304.5,40570,17:25,17:20,True,33021.07142857143,1.228609437696709,4.721428571428577
2021-07-20,300.5,308.2,300.5,303.2,36485,17:25,17:20,True,34551.642857142855,1.0559555778823833,5.11428571428572
2021-07-21,305.4,306.6,305.0,305.3,31899,17:25,17:20,True,34723.5,0.9186573934079226,5.278571428571431
2021-07-22,314.8,316.7,313.6,315.6,142358,17:25,17:20,True,34955.07142857143,4.072599316265165,5.400000000000001
2021-07-23,317.5,318.5,316.4,317.2,61737,17:25,17:20,True,39556.07142857143,1.560746499092608,5.442857142857142
2021-07-26,318.3,318.4,317.6,317.7,25394,17:25,17:20,True,41795.92857142857,0.607571140729702,5.642857142857143
2021-07-27,317.1,317.5,315.9,316.8,38428,17:25,17:20,True,41165.28571428572,0.9335049990109557,5.557142857142858
2021-07-28,317.6,317.9,316.2,316.3,17461,17:25,17:20,True,43153.21428571428,0.4046280280396263,5.264285714285713
2021-07-29,317.0,317.9,316.7,317.3,34525,17:25,17:20,True,42162.78571428572,0.8188500692045625,5.149999999999998
2021-07-30,314.3,314.7,313.5,313.5,31108,17:25,17:20,True,40278.57142857143,0.7723213335697819,4.871428571428571
2021-08-02,316.6,317.3,316.2,317.3,19094,17:25,17:20,True,39563.07142857143,0.4826217811342829,4.9142857142857155
2021-08-03,312.9,313.2,311.6,311.8,18994,17:25,17:20,True,39967.57142857143,0.47523528003059623,5.121428571428571
2021-08-04,317.8,318.5,317.7,318.1,15388,17:25,17:20,True,39755.57142857143,0.3870652451228759,5.442857142857138
2021-08-05,318.4,320.3,318.2,319.7,24016,17:25,17:20,True,39066.5,0.6147466499430458,5.628571428571421
2021-08-06,320.7,320.7,319.8,320.5,3991,17:25,17:20,True,38389.78571428572,0.10395994470255294,5.435714285714279
2021-08-09,319.1,319.2,318.6,319.0,17671,17:25,17:20,True,35777.0,0.49392067529418343,4.97857142857142
2021-08-10,319.1,321.3,319.1,321.3,14310,17:25,17:20,True,34433.142857142855,0.41558797172159717,4.4928571428571376
2021-08-11,323.3,323.4,322.5,322.7,17936,17:25,17:20,True,33176.78571428572,0.5406189784164916,4.34999999999999
2021-08-12,324.5,324.7,323.7,323.8,7581,17:25,17:20,True,24289.5,0.3121101710615698,3.9499999999999886
2021-08-13,325.6,326.7,325.4,326.1,36848,17:25,17:20,True,20421.214285714286,1.804398087423093,3.657142857142844
2021-08-16,325.7,326.6,325.2,325.9,47931,17:25,17:20,True,21239.35714285714,2.256706720340608,3.5999999999999863
2021-08-17,326.9,326.9,326.2,326.5,15722,17:25,17:20,True,21918.14285714286,0.7173052982851779,3.492857142857133
2021-08-18,329.0,329.6,328.2,329.4,18978,17:25,17:20,True,21793.928571428572,0.8707929796961801,3.63571428571428
2021-08-19,327.5,328.9,327.5,328.7,33570,17:25,17:20,True,20683.428571428572,1.623038457288098,3.585714285714281
2021-08-20,329.6,329.6,328.4,329.5,19642,17:25,17:20,True,20859.285714285714,0.9416429818854227,3.607142857142849
2021-08-23,332.1,332.4,331.0,331.0,131278,17:25,17:20,True,20898.428571428572,6.28171632863715,3.5928571428571354
2021-08-24,330.4,330.6,329.6,329.65,11744,17:25,17:20,True,28918.714285714286,0.40610380821119296,3.3642857142857117
2021-08-25,329.0,329.1,326.9,327.2,8229,17:25,17:20,True,28658.428571428572,0.28714065670034744,3.164285714285711
2021-08-26,322.7,324.2,322.3,323.9,31856,17:25,17:20,True,27530.785714285714,1.1571046438921624,3.335714285714281
2021-08-27,325.8,325.9,324.9,325.6,16477,17:25,17:20,True,29521.14285714286,0.5581423483411405,3.392857142857139
2021-08-30,324.2,324.2,322.1,322.25,21864,17:25,17:20,True,29435.85714285714,0.7427675672527676,3.4285714285714244
2021-08-31,323.4,324.0,322.7,322.7,34372,17:25,17:20,True,29975.428571428572,1.1466725127247077,3.392857142857143
2021-09-01,320.5,320.9,319.3,319.3,37320,17:25,17:20,True,31149.428571428572,1.1980958146446163,3.6000000000000023
2021-09-02,320.0,321.0,320.0,321.0,18319,17:25,17:20,True,33273.642857142855,0.5505558882942527,3.6285714285714294
2021-09-03,322.0,323.0,322.0,322.1,9672,17:25,17:20,True,31950.14285714286,0.3027216511439698,3.7142857142857184
2021-09-06,322.3,322.5,321.7,322.3,13028,17:25,17:20,True,29217.35714285714,0.44589933087719386,3.7714285714285762
2021-09-07,322.2,322.2,320.9,321.3,16296,17:25,17:20,True,29024.928571428572,0.5614484101105207,3.6214285714285745
2021-09-08,316.1,316.2,314.6,314.6,28039,17:25,17:20,True,28833.35714285714,0.9724500640379323,3.7928571428571445
2021-09-09,313.0,314.3,312.5,313.7,20091,17:25,17:20,True,28438.285714285714,0.7064771836759298,3.778571428571435
2021-09-10,315.9,316.4,314.9,316.1,16713,17:25,17:20,True,28470.35714285714,0.5870316243712131,3.785714285714294
2021-09-13,316.9,317.3,316.5,316.5,16770,17:25,17:20,True,20287.14285714286,0.8266319273290613,3.8285714285714385
2021-09-14,316.1,317.2,316.1,316.7,17830,17:25,17:20,True,20646.14285714286,0.8635995654670883,3.9071428571428686
2021-09-15,315.6,317.0,315.6,316.4,14296,17:25,17:20,True,21331.928571428572,0.670169129440443,3.76428571428573
2021-09-16,313.3,315.1,313.3,314.8,56555,17:25,17:20,True,20077.64285714286,2.8168147228438167,3.835714285714301
2021-09-17,316.3,317.0,316.2,316.6,29959,17:25,17:20,True,22940.35714285714,1.3059517693397475,3.942857142857154
2021-09-20,304.7,304.7,302.4,302.4,67809,17:25,17:20,True,23518.571428571428,2.8832108364210653,4.200000000000013
2021-09-21,300.0,303.3,299.8,303.3,132812,17:25,17:20,True,25906.928571428572,5.126505044155314,4.55714285714287
2021-09-22,303.5,306.4,303.5,305.6,39746,17:25,17:20,True,32727.785714285714,1.2144420752135037,4.8857142857143
2021-09-23,308.4,308.9,308.0,308.0,88952,17:25,17:20,True,34258.28571428572,2.5965105417667464,4.950000000000009
2021-09-24,307.2,307.2,306.0,306.0,13140,17:25,17:20,True,39921.142857142855,0.329148893532965,5.0785714285714345
2021-09-27,303.8,304.4,303.2,303.8,21454,17:25,17:20,True,39929.142857142855,0.5373017917453775,5.435714285714291
2021-09-28,298.9,299.7,298.7,299.3,23744,17:25,17:20,True,40297.57142857143,0.5892166490004715,5.521428571428577
2021-09-29,294.9,295.3,294.8,295.1,31175,17:25,17:20,True,39990.78571428572,0.7795545759648204,5.764285714285713
2021-09-30,298.5,299.0,297.6,297.8,43745,17:25,17:20,True,40782.5,1.072641451603016,5.685714285714283
2021-10-01,290.0,291.2,287.7,289.9,70847,17:25,17:20,True,42713.357142857145,1.6586614759183727,5.7928571428571365
2021-10-04,288.0,288.0,287.2,287.2,40828,17:25,17:20,True,46576.0,0.8765888010992786,6.021428571428564
2021-10-05,286.8,287.2,286.2,286.6,36404,17:25,17:20,True,48218.71428571428,0.7549765799289547,6.049999999999991
2021-10-06,286.3,286.4,285.1,285.7,58139,17:25,17:20,True,49797.857142857145,1.1675000358592595,6.028571428571419
2021-10-07,289.7,290.5,289.2,290.1,52369,17:25,17:20,True,49911.0,1.0492476608362886,6.199999999999993
2021-10-08,293.1,293.5,292.5,292.9,30297,17:25,17:20,True,51511.71428571428,0.5881574787426993,6.19285714285713
2021-10-11,287.7,287.7,286.3,286.8,10115,17:25,17:20,True,48832.28571428572,0.20713754951349517,5.778571428571415
2021-10-12,285.6,285.9,284.8,285.9,58631,17:25,17:20,True,40068.21428571428,1.4632795857065184,5.449999999999989
2021-10-13,288.6,289.45,288.4,288.4,30191,17:25,17:20,True,41417.142857142855,0.7289493653421634,5.578571428571418
2021-10-14,296.0,296.4,295.2,295.6,8474,17:25,17:20,True,37219.92857142857,0.22767373085463047,5.757142857142851
2021-10-15,298.0,298.2,296.6,296.6,35202,17:25,17:20,True,36886.642857142855,0.9543291900087721,5.535714285714282
2021-10-18,295.8,296.6,295.6,295.6,25986,17:25,17:20,True,37868.642857142855,0.6862141877656033,5.349999999999994
2021-10-19,296.3,296.9,295.3,296.1,62126,17:25,17:20,True,38028.78571428572,1.633657210797084,5.049999999999995
2021-10-20,297.1,297.8,296.9,297.5,14824,17:25,17:20,True,40239.57142857143,0.3683935855607664,5.04285714285714
2021-10-21,291.3,291.3,281.2,288.5,210451,17:25,17:20,True,38173.78571428572,5.512971691493601,4.964285714285714
2021-10-22,283.2,284.0,282.6,283.6,59756,17:25,17:20,True,48145.5,1.2411544173391076,5.892857142857143
2021-10-25,284.4,285.0,283.2,283.4,42430,17:25,17:20,True,49497.5,0.8572150108591343,5.935714285714283
2021-10-26,279.9,280.4,279.0,280.1,53196,17:25,17:20,True,49927.92857142857,1.0654557784005803,6.092857142857143
2021-10-27,283.9,284.1,283.0,284.1,16174,17:25,17:20,True,49574.857142857145,0.3262540919360044,6.071428571428571
2021-10-28,284.5,285.4,283.8,285.1,43763,17:25,17:20,True,46989.5,0.9313357239383266,5.864285714285716
2021-10-29,282.6,283.4,282.6,283.2,23094,17:25,17:20,True,47951.357142857145,0.48161306323819225,5.878571428571429
2021-11-01,285.4,285.6,284.5,284.8,20123,17:25,17:20,True,48878.42857142857,0.41169490485139515,6.0
2021-11-02,284.7,284.7,282.6,282.7,35167,17:25,17:20,True,46127.857142857145,0.762380959754719,5.721428571428577
2021-11-03,291.3,292.1,290.9,292.0,55265,17:25,17:20,True,46483.28571428572,1.1889219780996547,5.692857142857146
2021-11-04,298.5,298.9,298.1,298.4,24125,17:25,17:20,True,49825.5,0.4841898224804568,5.900000000000001
2021-11-08,295.0,295.8,294.1,295.2,57345,17:25,17:20,True,49034.28571428572,1.1694878219321756,5.95714285714286
2021-11-09,298.4,298.7,298.2,298.3,7727,17:25,17:20,True,51274.21428571428,0.1506995301174776,6.085714285714289
2021-11-10,300.9,301.3,300.6,300.9,18087,17:25,17:20,True,47388.57142857143,0.3816743036295671,5.971428571428573
2021-11-11,302.4,303.8,302.1,303.5,19989,17:25,17:20,True,47621.642857142855,0.41974612383625093,5.885714285714288
2021-11-12,303.8,303.9,303.1,303.4,15735,17:25,17:20,True,34017.21428571428,0.4625599223922342,4.842857142857143
2021-11-15,306.7,307.3,306.3,307.0,17449,17:25,17:20,True,30872.85714285714,0.5651890241080931,4.821428571428571
2021-11-16,307.0,307.6,306.0,306.3,23378,17:25,17:20,True,29088.5,0.803685305189336,4.514285714285713
2021-11-17,311.4,311.4,310.3,310.9,11147,17:25,17:20,True,26958.64285714286,0.413485206175597,4.549999999999999
2021-11-18,315.3,316.8,315.3,316.2,45489,17:25,17:20,True,26599.571428571428,1.7101403352363358,4.7071428571428555
2021-11-19,318.2,318.7,317.6,318.0,14700,17:25,17:20,True,26722.85714285714,0.5500908799315728,4.528571428571427
2021-11-22,319.4,320.2,318.8,319.2,26358,17:25,17:20,True,26123.285714285714,1.0089848684534324,4.5
2021-11-23,321.0,321.3,320.6,320.7,14162,17:25,17:20,True,26568.64285714286,0.5330343772599815,4.749999999999996
2021-11-24,323.7,323.7,322.0,322.4,28859,17:25,17:20,True,25068.285714285714,1.151215536990392,4.535714285714282
2021-11-25,321.6,322.0,320.5,321.3,9452,17:25,17:20,True,23182.14285714286,0.40772762286242487,4.457142857142851
2021-11-26,315.0,315.9,311.7,313.6,88018,17:25,17:20,True,22134.071428571428,3.9765842576247996,4.442857142857138
2021-11-29,310.0,311.2,309.0,311.0,88029,17:25,17:20,True,24325.0,3.618869475847893,4.814285714285709
2021-11-30,310.0,310.8,308.1,308.6,55105,17:25,17:20,True,30060.85714285714,1.8331147291684489,5.228571428571423
2021-12-01,313.6,315.4,313.6,315.4,35141,17:25,17:20,True,32705.0,1.0744840238495643,5.728571428571423
2021-12-02,313.8,313.8,312.0,312.0,16881,17:25,17:20,True,33787.28571428572,0.49962581021601526,5.76428571428571
2021-12-03,320.8,322.6,320.3,320.6,80883,17:25,17:20,True,33869.142857142855,2.3881029508528626,6.085714285714281
2021-12-06,324.7,325.5,324.3,324.9,34568,17:25,17:20,True,38400.142857142855,0.900204984356457,6.699999999999993
2021-12-07,329.2,330.1,328.4,329.6,67441,17:25,17:20,True,39199.42857142857,1.7204587530430473,6.5428571428571365
2021-12-08,331.0,332.3,331.0,331.7,47509,17:25,17:20,True,43220.42857142857,1.0992255646304823,6.657142857142852
2021-12-09,333.5,334.8,333.1,334.3,19027,17:25,17:20,True,43364.71428571428,0.43876687102417045,6.76428571428571
2021-12-10,331.0,331.4,330.0,330.3,10686,17:25,17:20,True,43673.78571428572,0.24467766705428065,6.757142857142851
2021-12-13,331.9,332.2,331.0,331.4,18094,17:25,17:20,True,42554.357142857145,0.42519735262966185,6.657142857142849
2021-12-14,335.7,337.4,335.5,337.4,17455,17:25,17:20,True,42835.21428571428,0.4074918333213828,6.7071428571428475
2021-12-15,329.1,330.7,326.9,328.2,92420,17:25,17:20,True,42020.642857142855,2.1993951952186768,6.8357142857142765
2021-12-16,335.4,338.2,335.1,336.9,48072,17:25,17:20,True,47946.92857142857,1.0026085389053672,6.892857142857134
2021-12-17,339.7,340.0,338.6,339.5,37191,17:25,17:20,True,45093.642857142855,0.8247504003573517,6.857142857142853
2021-12-20,331.1,331.9,330.2,330.5,55589,17:25,17:20,True,41462.357142857145,1.340710076093117,6.678571428571421
2021-12-21,335.7,335.9,335.0,335.3,42460,17:25,17:20,True,41496.92857142857,1.0232082580982758,6.57142857142856
2021-12-22,336.2,337.7,336.1,337.0,25757,17:25,17:20,True,42019.71428571428,0.6129741821865927,6.499999999999988
2021-12-23,338.5,338.5,337.2,337.9,27830,17:25,17:20,True,42653.71428571428,0.6524636943357806,6.371428571428559
2021-12-27,343.8,343.8,342.0,343.0,27743,17:25,17:20,True,38864.21428571428,0.7138443555308869,6.285714285714278
2021-12-28,347.2,347.2,346.4,347.0,8144,17:25,17:20,True,38376.71428571428,0.21221201844868728,6.392857142857134
2021-12-29,347.8,348.0,347.3,347.3,10541,17:25,17:20,True,34141.21428571428,0.30874707360396003,6.071428571428563
2021-12-30,347.7,347.8,346.4,347.4,21745,17:25,17:20,True,31500.64285714286,0.6903033724935318,5.949999999999993
2022-01-03,347.1,347.7,346.5,347.5,29107,17:25,17:20,True,31694.785714285714,0.9183529512515578,5.785714285714278
2022-01-04,350.2,350.9,349.8,350.4,15068,17:25,17:20,True,33010.57142857143,0.4564598353774116,6.007142857142851
2022-01-07,349.2,350.3,347.5,347.7,62042,17:25,17:20,True,32794.42857142857,1.8918457403478812,6.0428571428571365
2022-01-10,344.3,344.9,344.0,344.4,27708,17:25,17:20,True,35979.21428571428,0.7701113142707398,6.157142857142852
2022-01-11,334.6,336.1,334.1,335.9,36165,17:25,17:20,True,31356.928571428572,1.1533336218698533,6.642857142857134
2022-01-12,338.6,340.0,338.6,338.8,21665,17:25,17:20,True,30506.428571428572,0.710178182584467,6.214285714285702
2022-01-13,342.7,343.5,342.7,343.3,29011,17:25,17:20,True,29397.428571428572,0.9868550213332555,6.428571428571421
2022-01-14,339.0,339.0,337.6,337.7,23093,17:25,17:20,True,27499.0,0.8397759918542492,6.221428571428565
2022-01-17,335.0,336.5,334.6,335.5,27928,17:25,17:20,True,26115.64285714286,1.0693973781450088,6.471428571428569
2022-01-18,335.6,335.8,333.1,333.4,17091,17:25,17:20,True,26270.714285714286,0.6505723374751896,6.342857142857143
2022-01-19,333.7,335.9,333.0,333.5,69521,17:25,17:20,True,25503.64285714286,2.7259243077319484,6.04285714285714
2022-01-20,339.3,340.4,338.9,339.5,11641,17:25,17:20,True,28487.785714285714,0.40863126803717886,6.178571428571424
2022-01-21,340.9,341.1,337.9,338.9,28605,17:25,17:20,True,28737.571428571428,0.9953868256090832,6.414285714285711
2022-01-24,336.8,336.8,334.1,335.9,44655,17:25,17:20,True,30027.85714285714,1.4871191036894313,6.764285714285713
2022-01-25,326.4,328.1,325.8,327.0,58979,17:25,17:20,True,31664.285714285714,1.8626347845702684,7.721428571428569
2022-01-26,327.0,328.3,326.5,328.2,14199,17:25,17:20,True,33798.0,0.4201136161903071,7.557142857142854
2022-01-27,324.6,326.0,323.7,325.4,33077,17:25,17:20,True,33735.92857142857,0.9804680469952551,7.778571428571427
2022-01-28,326.1,326.4,324.7,326.2,36825,17:25,17:20,True,31667.0,1.1628824959737265,7.6285714285714255
2022-01-31,318.5,318.5,317.3,317.4,77796,17:25,17:20,True,32318.214285714286,2.407187455106033,7.785714285714286
2022-02-01,323.3,324.9,322.6,324.2,39001,17:25,17:20,True,35291.857142857145,1.1050991123002878,7.885714285714288
2022-02-02,325.1,326.4,323.7,323.7,23215,17:25,17:20,True,36530.142857142855,0.6355025790834185,7.807142857142858
2022-02-03,322.9,323.0,316.1,317.4,175863,17:25,17:20,True,36116.142857142855,4.869373805935613,7.700000000000001
2022-02-04,314.2,315.4,314.0,314.9,42465,17:25,17:20,True,47028.28571428572,0.9029672112224254,8.192857142857141
2022-02-07,311.2,313.1,311.0,312.6,25110,17:25,17:20,True,48066.642857142855,0.5223997039824173,8.285714285714281
2022-02-08,318.1,319.7,317.7,319.7,29553,17:25,17:20,True,48639.42857142857,0.607593486765587,8.571428571428568
2022-02-09,320.3,322.7,320.3,322.5,24786,17:25,17:20,True,45784.57142857143,0.5413614068369882,8.185714285714283
2022-02-10,326.0,327.3,326.0,326.6,14099,17:25,17:20,True,46723.5,0.30175393538583367,8.235714285714282
2022-02-11,326.3,326.5,325.2,326.3,23727,17:25,17:20,True,45687.357142857145,0.5193340452110071,8.178571428571425
2022-02-14,316.7,317.9,315.7,317.2,86680,17:25,17:20,True,44192.5,1.9614187927815805,7.385714285714284
2022-02-15,317.0,319.5,316.4,319.5,25892,17:25,17:20,True,46171.142857142855,0.5607831731632003,7.642857142857143
2022-02-16,324.7,324.8,323.4,324.3,21835,17:25,17:20,True,47006.357142857145,0.4645116390032351,7.757142857142859
2022-02-17,326.0,326.8,325.6,326.8,19649,17:25,17:20,True,46203.357142857145,0.42527212772108397,7.5
2022-02-18,323.0,323.8,321.9,322.3,40008,17:25,17:20,True,44976.5,0.8895311996264716,6.7928571428571445
2022-02-21,322.5,323.4,321.9,323.0,39092,17:25,17:20,True,42277.357142857145,0.9246557174306408,6.57857142857143
2022-02-22,311.0,313.3,310.1,312.8,68935,17:25,17:20,True,42283.857142857145,1.6302911952214116,6.678571428571429
2022-02-23,315.5,317.6,315.0,317.6,23385,17:25,17:20,True,45549.57142857143,0.5133967075117533,6.971428571428569
2022-02-24,301.1,302.3,300.0,301.1,85847,17:20,17:20,True,34658.28571428572,2.476954593418189,6.46428571428571
2022-02-25,312.0,313.9,312.0,313.4,31770,17:25,17:20,True,37757.0,0.8414333765924199,7.049999999999999
2022-02-28,311.3,314.1,310.4,313.4,63296,17:25,17:20,True,38232.71428571428,1.6555455499964504,6.878571428571429
2022-03-01,321.1,323.4,321.1,322.9,83765,17:25,17:20,True,40642.92857142857,2.060998135328409,7.464285714285718
2022-03-02,315.0,316.6,314.2,314.6,53030,17:25,17:20,True,44855.71428571428,1.182235103028759,7.678571428571432
2022-03-03,323.5,324.4,322.4,323.9,17440,17:25,17:20,True,47636.5,0.3661058222161578,8.171428571428574
2022-03-04,319.6,321.4,319.6,320.3,34853,17:25,17:20,True,47187.42857142857,0.7386077405604398,8.25
2022-03-07,302.2,304.9,300.7,302.9,156341,17:25,17:20,True,43485.5,3.5952443918087638,8.557142857142859
2022-03-08,303.2,309.1,303.2,309.0,59491,17:25,17:20,True,52803.28571428572,1.126653373843078,8.892857142857139
2022-03-09,324.0,324.7,320.5,321.5,59916,17:25,17:20,True,55493.0,1.0797037464184671,9.799999999999999
2022-03-10,323.7,324.3,322.8,323.2,50981,17:25,17:20,True,58369.21428571428,0.8734227558803627,10.235714285714282
2022-03-11,318.0,321.9,318.0,321.5,44520,17:25,17:20,True,59153.0,0.7526245498960323,10.71428571428571
2022-03-14,322.9,323.2,321.7,322.5,53728,17:25,17:20,True,59540.71428571428,0.9023741257482876,10.700000000000001
2022-03-15,318.5,318.5,317.0,317.5,34666,17:25,17:20,True,58454.5,0.5930424518215022,10.442857142857147
2022-03-16,325.0,325.9,324.6,325.4,21496,17:25,17:20,True,59260.28571428572,0.36273871684722603,10.507142857142858
2022-03-17,327.9,330.5,327.9,330.2,56697,17:25,17:20,True,54663.78571428572,1.0371949044352946,10.085714285714289
2022-03-18,333.4,334.1,331.0,331.4,34403,17:25,17:20,True,56444.28571428572,0.6095036825187922,10.042857142857144
2022-03-21,330.8,331.3,330.1,330.4,35049,17:25,17:20,True,54380.5,0.644514118112191,9.707142857142856
2022-03-22,331.9,332.3,331.4,331.5,15774,17:25,17:20,True,50900.78571428572,0.30989698446978786,9.278571428571427
2022-03-23,333.5,334.3,332.4,332.7,23377,17:25,17:20,True,48239.642857142855,0.48460143183955107,8.557142857142859
2022-03-24,332.4,333.4,330.8,331.0,12433,17:25,17:20,True,48663.71428571428,0.25548810201793065,8.585714285714289
2022-03-25,328.0,328.1,326.4,327.0,41154,17:25,17:20,True,47062.28571428572,0.874458164863585,8.428571428571429
2022-03-28,314.3,317.1,314.1,316.7,39667,17:25,17:20,True,38834.642857142855,1.0214333667472895,8.042857142857148
2022-03-29,319.0,319.4,317.8,318.4,49414,17:25,17:20,True,37418.642857142855,1.3205716783650625,7.28571428571429
2022-03-30,314.2,315.5,311.3,311.3,36688,17:25,17:20,True,36668.5,1.0005317915922385,7.271428571428577
2022-03-31,304.0,307.4,304.0,307.3,40169,17:25,17:20,True,35647.57142857143,1.1268369313878326,7.48571428571429
2022-04-01,305.1,306.4,304.9,305.5,39970,17:25,17:20,True,35336.78571428572,1.1311158950102582,7.1642857142857155
2022-04-04,307.1,308.2,306.2,306.8,27529,17:25,17:20,True,34354.07142857143,0.8013315119646871,7.17142857142857
2022-04-05,309.0,309.2,307.1,307.6,48080,17:25,17:20,True,33844.28571428572,1.4206238656029715,7.242857142857141
2022-04-06,303.6,303.7,301.8,302.2,35082,17:25,17:20,True,35743.142857142855,0.9815029456199391,7.157142857142852
2022-04-07,300.2,301.0,299.4,299.5,30480,17:25,17:20,True,34199.21428571428,0.8912485458103675,7.385714285714284
2022-04-08,301.2,302.8,300.4,301.3,30519,17:25,17:20,True,33919.0,0.8997611957899703,7.17142857142857
2022-04-11,302.2,303.1,302.0,302.6,14196,17:25,17:20,True,33595.42857142857,0.4225574908150769,7.385714285714284
2022-04-12,296.5,297.5,295.0,295.3,41818,17:25,17:20,True,33482.71428571428,1.24894295137363,7.5785714285714265
2022-04-13,294.0,295.1,293.1,294.0,21643,17:25,17:20,True,34799.92857142857,0.621926563888678,7.435714285714283
2022-04-19,296.2,298.8,296.2,297.0,24304,17:25,17:20,True,35457.78571428572,0.6854347926810351,6.964285714285714
2022-04-20,300.3,300.3,297.6,299.2,27923,17:25,17:20,True,34254.21428571428,0.8151697705600355,6.821428571428568
2022-04-21,307.0,307.8,303.7,307.0,238625,17:25,17:20,True,33415.357142857145,7.141177602257302,6.828571428571422
2022-04-22,311.0,314.0,311.0,313.1,47964,17:25,17:20,True,46930.42857142857,1.0220234815669396,7.378571428571421
2022-04-25,296.4,298.9,295.0,297.9,80762,17:25,17:20,True,47735.857142857145,1.691851887320403,7.407142857142852
2022-04-26,300.5,300.7,299.5,299.5,19765,17:25,17:20,True,50635.357142857145,0.3903398951889913,7.799999999999999
2022-04-27,295.0,295.0,293.5,294.0,20549,17:25,17:20,True,49192.142857142855,0.4177293121723853,8.12142857142857
2022-04-28,295.0,295.1,294.5,294.6,14209,17:25,17:20,True,48693.57142857143,0.2918044329700312,7.842857142857143
2022-04-29,295.0,297.3,294.5,297.3,37152,17:25,17:20,True,46274.21428571428,0.8028661442117564,7.771428571428572
2022-05-02,294.9,297.2,294.9,296.8,24041,17:25,17:20,True,46422.07142857143,0.517878656858114,7.799999999999999
2022-05-03,295.0,295.4,293.5,294.3,14957,17:25,17:20,True,45962.142857142855,0.3254199884998524,8.357142857142852
2022-05-04,293.4,294.6,293.3,293.9,28031,17:25,17:20,True,44850.57142857143,0.6249864629850233,8.264285714285709
2022-05-05,299.0,300.0,297.3,299.4,29360,17:25,17:20,True,45838.78571428572,0.6405056229674495,8.128571428571421
2022-05-06,294.5,294.5,293.15,294.2,25948,17:25,17:20,True,44948.92857142857,0.577277386239939,8.42857142857142
2022-05-09,287.8,287.8,286.6,287.1,10517,17:25,17:20,True,45256.42857142857,0.23238687479284711,8.84999999999999
2022-05-10,284.1,285.4,284.1,284.9,39988,17:25,17:20,True,44271.642857142855,0.903241836519023,8.857142857142849
2022-05-11,287.0,288.6,287.0,287.6,46436,17:25,17:20,True,45133.42857142857,1.0288604581969651,8.942857142857138
2022-05-12,281.9,282.3,280.7,280.8,64438,17:25,17:20,True,31405.64285714286,2.051796879086788,8.185714285714283
2022-05-13,287.1,287.7,286.6,287.4,15919,17:25,17:20,True,32582.35714285714,0.488577297529557,7.835714285714281
2022-05-16,289.9,289.9,288.3,289.3,25494,17:25,17:20,True,27950.714285714286,0.9121054918095627,7.514285714285705
2022-05-17,287.4,288.4,286.9,288.0,14072,17:25,17:20,True,28359.928571428572,0.49619306919471384,7.171428571428562
2022-05-18,291.0,292.4,290.6,292.3,11693,17:25,17:20,True,27897.285714285714,0.41914471966038686,7.05714285714285
2022-05-19,289.7,289.7,288.4,289.0,15341,17:25,17:20,True,27717.571428571428,0.5534756188699278,6.942857142857134
2022-05-20,293.4,294.8,292.8,294.5,62086,17:25,17:20,True,26159.64285714286,2.3733504443868005,6.699999999999989
2022-05-23,295.0,296.6,295.0,296.1,19066,17:25,17:20,True,28877.14285714286,0.6602453744929256,6.4571428571428475
2022-05-24,292.6,292.7,292.2,292.7,5440,17:25,17:20,True,29170.64285714286,0.18648886233468578,6.4571428571428475
2022-05-27,299.0,299.7,297.2,299.5,15009,17:25,17:20,True,27557.0,0.5446529012592082,6.457142857142851
2022-05-30,305.0,305.3,304.2,305.0,52185,17:25,17:20,True,26531.928571428572,1.9668754896391678,6.507142857142851
2022-05-31,305.8,306.0,305.3,305.9,17125,17:25,17:20,True,28406.0,0.6028655917763853,6.221428571428565
2022-06-01,303.2,304.3,301.4,301.5,29915,17:25,17:20,True,28878.0,1.0359096890366368,6.0857142857142765
2022-06-02,303.0,303.4,302.7,303.3,31351,17:25,17:20,True,28158.5,1.1133760676172382,5.921428571428562
2022-06-03,310.0,311.5,309.3,311.0,31144,17:25,17:20,True,27081.0,1.150031387319523,5.84999999999999
2022-06-07,309.0,309.4,307.2,307.4,16017,17:25,17:20,True,24702.85714285714,0.6483865371269952,5.6285714285714175
2022-06-08,308.0,308.7,307.5,307.5,9351,17:25,17:20,True,24709.85714285714,0.3784319733593881,5.592857142857132
2022-06-09,301.8,302.0,299.8,299.9,24651,17:25,17:20,True,23556.785714285714,1.0464500674661532,5.80714285714285
2022-06-10,295.8,296.5,295.6,295.8,36216,17:25,17:20,True,24312.428571428572,1.4896084894850958,5.885714285714276
2022-06-13,289.0,289.9,287.4,289.0,25848,17:25,17:20,True,26064.071428571428,0.9917099893942675,6.092857142857135
2022-06-14,285.8,286.4,285.6,286.2,16396,17:25,17:20,True,26814.571428571428,0.6114585886138667,6.249999999999992
2022-06-15,282.6,283.5,282.35,282.8,7662,17:25,17:20,True,23551.0,0.3253365037578022,6.314285714285709
2022-06-16,286.5,286.5,285.1,285.5,14400,17:25,17:20,True,22736.428571428572,0.6333448525022777,6.46428571428571
2022-06-17,280.5,280.6,272.7,276.8,187420,17:25,17:20,True,23376.428571428572,8.017477923427139,6.735714285714279
2022-06-20,273.7,274.0,272.8,273.2,24981,17:25,17:20,True,35691.5,0.6999145454800163,6.707142857142851
2022-06-21,269.8,270.9,269.6,270.3,22573,17:25,17:20,True,33748.357142857145,0.6688621880006858,6.778571428571427
2022-06-22,267.0,267.4,266.1,266.4,30373,17:25,17:20,True,34137.5,0.8897253753203954,6.807142857142854
2022-06-23,264.4,265.4,263.5,265.0,25697,17:25,17:20,True,34170.21428571428,0.7520292318079865,6.999999999999996
2022-06-27,270.2,271.3,269.7,271.3,35793,17:25,17:20,True,33766.357142857145,1.0600195883899655,6.907142857142849
2022-06-28,273.5,276.2,273.5,276.0,18805,17:25,17:20,True,34098.42857142857,0.5514916900234196,7.292857142857132
2022-06-29,272.4,273.6,272.1,273.0,13346,17:25,17:20,True,34297.57142857143,0.38912376136586097,7.3357142857142765
2022-06-30,275.1,277.3,271.3,271.3,35673,17:25,17:20,True,34582.92857142857,1.0315205066083388,7.1285714285714175
2022-07-01,271.9,271.9,268.5,269.1,19654,17:25,17:20,True,35370.21428571428,0.5556652793007838,7.371428571428562
2022-07-04,272.1,274.2,272.1,273.5,20544,17:25,17:20,True,34187.21428571428,0.6009264115030474,7.285714285714278
2022-07-05,278.1,279.5,278.0,278.7,26493,17:25,17:20,True,33808.357142857145,0.7836228151534806,7.13571428571428
2022-07-06,272.5,273.0,270.5,272.6,51525,17:25,17:20,True,34529.57142857143,1.4921992329556033,7.192857142857134
2022-07-07,278.6,280.3,278.4,279.8,32006,17:25,17:20,True,37662.642857142855,0.849807596386719,7.121428571428562
2022-07-08,284.1,284.5,282.3,283.2,13137,17:25,17:20,True,38920.21428571428,0.3375366821868181,7.0857142857142765
2022-07-11,278.0,279.5,277.0,278.3,34049,17:25,17:20,True,26471.428571428572,1.286254722072315,6.8357142857142765
2022-07-12,279.5,280.8,279.0,280.7,6879,17:25,17:20,True,27119.14285714286,0.25365845949619137,6.949999999999989
2022-07-13,281.4,282.0,280.8,281.9,9290,17:25,17:20,True,25998.14285714286,0.35733321610884294,6.899999999999993
2022-07-14,282.2,283.1,280.7,280.7,30077,17:25,17:20,True,24492.214285714286,1.2280228994053504,6.978571428571423
2022-07-15,279.0,279.7,278.3,279.7,31701,17:25,17:20,True,24805.071428571428,1.2780047858876786,7.114285714285712
2022-07-18,282.9,283.7,282.6,283.6,11293,17:25,17:20,True,24512.785714285714,0.4606983527546849,6.778571428571431
2022-07-19,282.0,282.4,281.1,281.7,10637,17:25,17:20,True,23976.214285714286,0.44364802021050626,6.70714285714286
2022-07-20,287.5,288.1,287.1,287.9,3760,17:25,17:20,True,23782.714285714286,0.15809801836868315,6.9571428571428635
2022-07-21,289.8,290.7,287.4,287.9,29597,17:25,17:20,True,21503.214285714286,1.3763988772442657,6.607142857142861
2022-07-22,291.1,291.9,290.3,291.6,10513,17:25,17:20,True,22213.428571428572,0.47327228060246695,6.600000000000002
2022-07-25,292.7,292.7,290.4,291.1,16097,17:25,17:20,True,21496.928571428572,0.7488046465109633,6.464285714285714
2022-07-26,291.0,291.7,290.8,291.6,7501,17:25,17:20,True,20754.35714285714,0.361418084326527,6.1714285714285735
2022-07-27,294.1,295.1,294.1,295.0,12687,17:25,17:20,True,17609.785714285714,0.7204516969055355,5.971428571428573
2022-07-28,298.0,298.0,296.9,297.7,29922,17:25,17:20,True,16229.857142857143,1.8436391483069123,5.70714285714286
2022-07-29,303.0,303.0,300.7,301.0,17259,17:25,17:20,True,17428.785714285714,0.9902583164961087,5.835714285714289
2022-08-01,307.6,307.9,307.3,307.9,7308,17:25,17:20,True,16229.5,0.450291136510675,5.714285714285718
2022-08-02,304.0,305.8,304.0,304.5,15857,17:25,17:20,True,16260.142857142857,0.975206684179545,5.821428571428576
2022-08-03,304.5,305.5,304.0,304.1,9529,17:25,17:20,True,16729.214285714286,0.5696023637007971,5.592857142857148
2022-08-04,304.0,304.3,303.2,304.2,9081,17:25,17:20,True,15261.5,0.5950267011761622,5.392857142857147
2022-08-05,305.5,306.3,305.1,305.8,5799,17:25,17:20,True,13645.785714285714,0.42496636847587693,5.300000000000003
2022-08-08,304.2,305.0,303.0,304.0,68636,17:25,17:20,True,13253.357142857143,5.1787633322015445,5.414285714285719
2022-08-09,302.1,302.2,301.2,301.3,5702,17:25,17:20,True,17396.14285714286,0.3277738086439522,5.114285714285716
2022-08-10,298.0,298.1,296.0,297.8,12453,17:25,17:20,True,17534.85714285714,0.7101854265788959,5.221428571428573
2022-08-11,308.8,308.8,307.4,307.8,18904,17:25,17:20,True,16310.285714285714,1.1590232281119714,5.478571428571432
2022-08-12,308.0,308.6,307.2,307.2,8649,17:25,17:20,True,16909.64285714286,0.5114833041164171,5.385714285714292
2022-08-15,314.7,314.8,313.4,314.7,15931,17:25,17:20,True,16377.642857142857,0.9727285018339461,5.36428571428572
2022-08-16,315.9,316.4,315.6,316.0,10334,17:25,17:20,True,16979.785714285714,0.6086060315417072,5.314285714285717
2022-08-17,316.0,316.3,315.5,315.7,5421,17:25,17:20,True,16811.714285714286,0.3224537312418212,5.25
2022-08-18,311.5,312.3,311.2,311.6,5114,17:25,17:20,True,15061.642857142857,0.3395379938633141,5.128571428571429
2022-08-19,316.8,316.8,315.1,316.0,12898,17:25,17:20,True,14194.142857142857,0.9086846687265371,5.092857142857143
2022-08-22,315.0,315.0,312.0,313.2,20536,17:25,17:20,True,14593.42857142857,1.407208724083247,4.9142857142857155
2022-08-23,305.4,305.4,302.6,303.1,20615,17:25,17:20,True,14927.642857142857,1.3809949901190026,5.2571428571428545
2022-08-24,303.0,303.3,302.2,303.3,6955,17:25,17:20,True,15719.5,0.4424440980947231,5.29285714285714
2022-08-25,306.5,306.5,305.3,305.9,10888,17:25,17:20,True,15567.642857142857,0.6993993952658215,5.321428571428568
2022-08-26,306.6,307.6,306.6,306.9,16490,17:25,17:20,True,15931.142857142857,1.0350795387291738,5.221428571428565
2022-08-29,299.0,300.2,298.2,299.9,31740,17:25,17:20,True,12206.42857142857,2.6002691790040378,5.371428571428567
2022-08-30,302.2,303.9,302.2,303.0,19172,17:25,17:20,True,14066.285714285714,1.3629753006174845,5.485714285714279
2022-08-31,300.5,300.9,300.1,300.3,18724,17:25,17:20,True,14546.214285714286,1.2872077663800596,5.26428571428571
2022-09-01,291.4,292.9,290.2,291.8,29929,17:25,17:20,True,14533.357142857143,2.05933148864435,5.5428571428571365
2022-09-02,293.3,293.4,292.0,292.4,25975,17:25,17:20,True,16053.357142857143,1.6180416201328605,5.5428571428571365
2022-09-05,296.0,296.5,294.2,294.4,46137,17:25,17:20,True,16770.785714285714,2.7510338982328966,5.9571428571428555
2022-09-06,293.1,294.5,293.1,294.1,10341,17:25,17:20,True,19328.14285714286,0.5350229495110755,6.299999999999999
2022-09-07,295.9,295.9,293.9,293.9,17173,17:25,17:20,True,19679.571428571428,0.872630791901682,6.3285714285714265
2022-09-08,298.6,298.8,297.9,298.5,16567,17:25,17:20,True,20540.928571428572,0.8065360795345877,6.21428571428571
2022-09-09,299.4,300.7,299.4,300.2,7390,17:25,17:20,True,20803.0,0.35523722540018265,6.299999999999995
2022-09-12,303.0,303.6,303.0,303.1,13562,17:25,17:20,True,19864.0,0.6827426500201369,5.942857142857138
2022-09-13,308.0,309.3,308.0,309.0,9745,17:25,17:20,True,19360.214285714286,0.5033518666779809,6.107142857142857
2022-09-14,302.1,302.8,301.3,302.6,27701,17:25,17:20,True,19559.5,1.4162427464914746,6.264285714285713
2022-09-15,299.0,301.2,298.8,301.0,12409,17:25,17:20,True,20760.428571428572,0.5977236913633768,6.528571428571431
2022-09-16,298.5,298.9,296.8,297.4,29589,17:25,17:20,True,20468.928571428572,1.445556854465828,6.464285714285714
2022-09-19,291.0,291.2,290.0,290.0,22666,17:25,17:20,True,20315.285714285714,1.115711603507563,6.642857142857147
2022-09-20,295.0,295.7,295.0,295.4,11801,17:25,17:20,True,20564.85714285714,0.5738430331911584,6.746428571428571
2022-09-21,290.6,291.9,290.3,290.3,22448,17:25,17:20,True,20070.35714285714,1.1184653985088173,6.717857142857143
2022-09-22,293.1,294.5,293.0,294.2,21868,17:25,17:20,True,19536.0,1.1193693693693694,6.989285714285716
2022-09-23,288.1,290.1,287.2,289.9,27293,17:25,17:20,True,19242.64285714286,1.4183602638485209,6.91785714285714
2022-09-26,287.1,290.0,286.6,288.9,43488,17:25,17:20,True,17896.64285714286,2.429952944087678,6.66785714285714
2022-09-27,290.2,290.8,289.3,290.4,22443,17:25,17:20,True,20264.285714285714,1.107514980613324,6.653571428571427
2022-09-28,288.6,289.4,286.3,289.0,36247,17:25,17:20,True,20640.714285714286,1.7560923279233138,6.724999999999999
2022-09-29,295.4,295.4,292.5,292.5,31856,17:25,17:20,True,22046.428571428572,1.4449505912846266,7.017857142857143
2022-09-30,290.0,291.6,290.0,291.5,58858,17:25,17:20,True,23794.0,2.4736488190300077,7.189285714285717
2022-10-03,280.5,281.6,280.0,281.2,158217,17:25,17:20,True,27029.428571428572,5.853508873925774,7.16785714285714
2022-10-04,270.0,272.4,270.0,272.0,80308,17:25,17:20,True,37634.57142857143,2.133889053377973,8.382142857142854
2022-10-05,284.5,285.7,280.0,285.7,71981,17:25,17:20,True,41392.21428571428,1.7389985349211636,9.046428571428565
2022-10-06,286.4,288.0,286.4,287.5,36137,17:25,17:20,True,45647.357142857145,0.7916559087288734,9.174999999999995
2022-10-07,285.0,286.3,284.6,286.3,23223,17:25,17:20,True,46115.07142857143,0.5035880739330649,8.76071428571428
2022-10-10,280.7,280.7,279.4,280.4,21830,17:25,17:20,True,46154.857142857145,0.47297297297297297,8.735714285714279
2022-10-11,281.0,281.3,279.9,280.2,16446,17:25,17:20,True,46871.21428571428,0.35087633744134766,8.699999999999992
2022-10-12,282.9,284.1,282.4,284.1,17911,17:25,17:20,True,46442.5,0.3856596867093718,8.471428571428564
2022-10-13,282.9,283.6,281.7,282.4,17112,17:25,17:20,True,46159.857142857145,0.3707117192118074,8.178571428571425
2022-10-14,292.7,294.6,291.4,294.4,26405,17:25,17:20,True,45432.642857142855,0.5811900505772282,8.707142857142856
2022-10-17,287.8,288.5,286.8,288.5,19364,17:25,17:20,True,44212.42857142857,0.43797639319260584,8.978571428571424
2022-10-18,295.1,297.7,295.1,297.5,26322,17:25,17:20,True,43992.5,0.5983292606694323,9.228571428571424
2022-10-19,299.9,301.0,299.3,300.5,28611,17:25,17:20,True,43283.57142857143,0.661012921431754,9.05714285714285
2022-10-20,298.0,299.6,293.9,293.9,68647,17:25,17:20,True,43051.78571428572,1.5945215479696377,8.92857142857142
2022-10-21,299.1,299.2,298.2,298.5,27843,17:25,17:20,True,43751.0,0.6363968823569747,9.099999999999994
2022-10-24,303.7,306.4,303.7,305.7,59548,17:25,17:20,True,34438.57142857143,1.7291077280457958,8.049999999999995
2022-10-25,307.4,307.6,306.3,307.6,16049,17:25,17:20,True,32955.71428571428,0.4869868654904851,7.371428571428567
2022-10-26,305.2,306.6,305.2,306.3,22658,17:25,17:20,True,28960.571428571428,0.7823740652315464,7.528571428571423
2022-10-27,307.9,308.3,307.3,307.3,9017,17:25,17:20,True,27997.785714285714,0.3220611834099125,7.59999999999999
2022-10-28,305.0,305.5,303.7,304.4,10233,17:25,17:20,True,26983.071428571428,0.3792377760659461,7.535714285714278
2022-10-31,306.0,306.0,303.4,303.7,20308,17:25,17:20,True,26154.714285714286,0.7764565798026032,7.39999999999999
2022-11-01,308.5,309.4,307.9,309.2,8874,17:25,17:20,True,26430.571428571428,0.33574756504913145,7.349999999999986
2022-11-02,308.6,310.3,308.6,310.3,11576,17:25,17:20,True,25785.071428571428,0.4489419403807851,7.549999999999987
2022-11-03,303.5,304.3,301.2,302.7,66651,17:25,17:20,True,25389.64285714286,2.6251255433177194,7.007142857142843
2022-11-07,309.7,310.0,308.0,309.4,50525,17:25,17:20,True,28264.35714285714,1.7875870922742172,6.82142857142856
2022-11-08,312.8,312.8,310.7,311.1,15004,17:25,17:20,True,30490.14285714286,0.4920934634612591,6.749999999999988
2022-11-09,313.3,314.0,312.6,314.0,15159,17:25,17:20,True,29681.714285714286,0.5107184798721676,6.52142857142856
2022-11-10,315.0,316.1,314.8,315.9,18223,17:25,17:20,True,28720.85714285714,0.6344866348994758,6.414285714285703
2022-11-11,324.1,324.8,322.4,324.5,37308,17:25,17:20,True,25119.14285714286,1.4852417621165417,6.528571428571419
2022-11-14,326.0,327.8,326.0,326.9,24392,17:25,17:20,True,25795.214285714286,0.9456017589087676,6.449999999999993
2022-11-15,328.3,329.3,328.3,328.8,15190,17:25,17:20,True,23284.071428571428,0.6523773149639392,6.2928571428571365
2022-11-16,328.4,330.2,328.4,329.4,15047,17:20,17:20,True,23222.714285714286,0.647943208312059,5.907142857142852
2022-11-17,326.8,328.5,326.2,327.5,35534,17:25,17:20,True,22679.071428571428,1.566818999266158,6.1285714285714255
2022-11-18,324.5,326.0,324.5,324.9,14524,17:25,17:20,True,24573.14285714286,0.5910517870846219,6.0
2022-11-21,326.5,328.4,325.5,325.5,19405,17:25,17:20,True,24879.64285714286,0.7799549258573417,6.028571428571431
2022-11-22,328.5,328.5,327.5,327.5,6485,17:25,17:20,True,24815.14285714286,0.26133236618193956,5.992857142857149
2022-11-23,331.5,331.6,329.2,329.2,15736,17:25,17:20,True,24644.5,0.6385197508571893,5.94285714285715
2022-11-24,329.5,329.7,328.7,329.6,20142,17:25,17:20,True,24941.64285714286,0.8075650876474513,5.90000000000001
2022-11-25,329.5,330.5,329.3,330.3,9034,17:25,17:20,True,21619.571428571428,0.4178621222833808,5.700000000000009
2022-11-28,330.0,330.4,329.1,330.1,20960,17:25,17:20,True,18655.928571428572,1.1235034439454328,5.271428571428585
2022-11-29,327.0,327.4,326.3,326.6,26374,17:25,17:20,True,19081.35714285714,1.382186801627617,5.257142857142867
2022-11-30,325.8,327.0,325.0,325.4,39428,17:25,17:20,True,19882.428571428572,1.9830575454277646,5.185714285714296
2022-12-01,329.1,331.6,328.8,331.6,31042,17:25,17:20,True,21397.071428571428,1.450759282812401,4.7428571428571535
2022-12-02,325.5,326.7,325.2,325.2,43052,17:25,17:20,True,20949.5,2.055037113057591,4.792857142857149
2022-12-05,327.0,327.2,325.4,326.8,21941,17:25,17:20,True,22282.35714285714,0.9846803845451079,4.807142857142866
2022-12-06,325.2,325.8,324.5,325.0,21189,17:25,17:20,True,22764.571428571428,0.9307884431949396,4.778571428571435
2022-12-07,321.8,322.8,321.8,322.1,12354,17:25,17:20,True,23203.285714285714,0.53242459503888,4.514285714285721
2022-12-08,320.7,320.7,319.2,319.3,10491,17:25,17:20,True,21547.571428571428,0.4868762140910809,4.407142857142865
2022-12-09,318.4,320.3,318.3,320.2,8982,17:25,17:20,True,21259.5,0.42249347350596206,4.378571428571433
2022-12-12,322.5,322.5,320.8,320.8,12482,17:25,17:20,True,20515.0,0.6084328540092615,4.478571428571432
2022-12-13,321.6,322.2,321.6,322.2,5366,17:25,17:20,True,20943.35714285714,0.2562148925503143,4.264285714285718
2022-12-14,325.8,325.8,324.1,324.5,21776,17:25,17:20,True,20202.64285714286,1.0778787782362278,4.571428571428571
2022-12-15,323.4,323.4,322.1,322.3,18218,17:25,17:20,True,20319.35714285714,0.8965834830263893,4.614285714285716
2022-12-16,317.0,318.5,317.0,318.0,34731,17:25,17:20,True,20975.35714285714,1.655800173673188,5.214285714285714
2022-12-19,314.2,315.8,313.7,314.5,59484,17:25,17:20,True,21959.0,2.7088665239765017,5.464285714285718
2022-12-20,313.2,313.9,312.3,313.0,29077,17:25,17:20,True,24324.0,1.1954037164939977,5.471428571428577
2022-12-21,314.0,315.1,314.0,315.1,10320,17:25,17:20,True,23584.64285714286,0.43757287581204474,5.428571428571429
2022-12-22,317.0,317.0,316.4,316.4,8458,17:25,17:20,True,22104.5,0.38263701961139135,5.057142857142862
2022-12-23,314.0,315.5,314.0,315.4,9179,17:25,17:20,True,19633.5,0.4675172536735681,5.0428571428571445
2022-12-27,318.7,319.6,318.7,319.2,7756,17:25,17:20,True,18721.928571428572,0.41427356003464233,5.128571428571433
2022-12-28,321.0,321.5,320.4,321.5,10520,17:25,17:20,True,17762.428571428572,0.5922613542227977,5.135714285714288
2022-12-29,317.5,317.9,317.1,317.8,19819,17:25,17:20,True,17631.428571428572,1.1240722735375142,5.2071428571428555
2022-12-30,322.0,322.0,320.9,321.7,13086,17:25,17:20,True,18297.714285714286,0.7151712938384185,5.29285714285714
2023-01-02,317.9,317.9,316.5,316.8,6277,17:25,17:20,True,18590.85714285714,0.33763908526464625,5.371428571428571
2023-01-03,320.0,321.4,319.2,320.4,34029,17:25,17:20,True,18147.64285714286,1.875119555077991,5.407142857142852
2023-01-04,324.8,329.7,324.8,329.4,82701,17:25,17:20,True,20195.0,4.095122555087893,5.521428571428564
2023-01-09,339.2,342.8,339.1,342.8,45954,17:25,17:20,True,24546.785714285714,1.8720984708501258,6.2071428571428475
2023-01-10,342.0,342.6,340.5,340.7,30865,17:25,17:20,True,26527.928571428572,1.1634907684892741,6.185714285714275
2023-01-11,342.8,344.3,342.1,344.3,22941,17:25,17:20,True,26251.785714285714,0.8738834092918849,6.135714285714272
2023-01-12,349.1,349.4,348.5,349.0,20565,17:25,17:20,True,23641.571428571428,0.8698660350109674,6.399999999999985
2023-01-13,350.0,350.0,349.1,349.3,28925,17:25,17:20,True,23033.571428571428,1.2557757310757591,6.528571428571415
2023-01-16,349.1,349.9,348.8,349.6,14551,17:25,17:20,True,24362.5,0.5972703950743972,6.557142857142842
2023-01-17,352.0,357.1,352.0,357.0,93443,17:25,17:20,True,24797.714285714286,3.7682102037054106,6.371428571428559
2023-01-18,356.5,356.8,355.5,356.4,37358,17:25,17:20,True,30816.571428571428,1.2122698362662019,6.6714285714285575
2023-01-19,350.9,352.7,350.0,352.3,11168,17:25,17:20,True,32931.0,0.33913333940663815,6.714285714285702
2023-01-20,348.3,348.3,346.7,347.3,37865,17:25,17:20,True,32977.28571428572,1.148214571934795,6.942857142857134
2023-01-23,348.0,349.0,347.6,348.5,31742,17:25,17:20,True,34266.28571428572,0.9263332555114564,6.757142857142851
2023-01-24,350.6,351.4,350.2,351.0,23733,17:25,17:20,True,35598.857142857145,0.666678705576423,6.499999999999992
2023-01-25,350.0,350.4,349.6,349.7,13980,17:25,17:20,True,36845.71428571428,0.37941997518610426,6.585714285714281
2023-01-26,351.9,353.1,351.3,352.2,41524,17:25,17:20,True,35413.642857142855,1.172542462448895,6.142857142857139
2023-01-27,356.8,356.9,356.1,356.1,9326,17:25,17:20,True,32472.428571428572,0.2871974906184147,5.621428571428571
2023-01-30,356.6,356.6,353.8,354.1,36619,17:25,17:20,True,29856.14285714286,1.226514763652371,5.057142857142854
2023-01-31,358.6,358.6,357.9,358.2,12949,17:25,17:20,True,30267.14285714286,0.427823665455232,5.0071428571428545
2023-02-01,364.0,364.0,362.9,363.4,29161,17:25,17:20,True,29553.428571428572,0.9867213859644034,4.957142857142851
2023-02-02,354.3,355.7,351.6,355.7,114313,17:25,17:20,True,30167.428571428572,3.7892855113367303,4.978571428571423
2023-02-03,352.5,352.9,350.1,352.6,62895,17:25,17:20,True,36266.57142857143,1.7342416865590509,5.999999999999992
2023-02-06,362.0,362.2,361.5,362.2,19996,17:25,17:20,True,39719.71428571428,0.5034275890345924,6.678571428571416
2023-02-07,361.8,363.4,361.1,363.0,45958,17:25,17:20,True,34473.5,1.3331399480760584,6.485714285714274
2023-02-08,362.1,362.1,358.2,358.8,20501,17:25,17:20,True,35087.78571428572,0.5842773940463613,6.59999999999999
2023-02-09,356.0,359.3,356.0,358.8,30520,17:25,17:20,True,35754.42857142857,0.8536005529784522,6.678571428571421
2023-02-10,347.2,348.3,346.4,346.6,16908,17:25,17:20,True,35229.78571428572,0.4799347954348694,7.257142857142851
2023-02-13,350.2,352.4,350.2,351.3,17528,17:25,17:20,True,34170.21428571428,0.5129613719551072,7.271428571428564
2023-02-14,353.1,353.1,352.2,352.4,9217,17:25,17:20,True,33727.0,0.2732825332819403,7.2071428571428475
2023-02-15,350.4,351.7,350.0,351.5,9631,17:25,17:20,True,33386.78571428572,0.28846742188419283,7.235714285714279
2023-02-16,359.0,361.2,359.0,360.3,26368,17:25,17:20,True,31108.714285714286,0.8476081575672412,7.3357142857142765
2023-02-17,355.6,355.6,353.2,353.2,14549,17:25,17:20,True,32326.0,0.4500711501577677,7.664285714285707
2023-02-20,356.4,357.1,356.4,356.9,10081,17:25,17:20,True,30749.571428571428,0.327841967600013,7.671428571428562
2023-02-21,352.1,352.6,352.0,352.5,2820,17:25,17:20,True,30544.714285714286,0.09232366600721191,7.692857142857134
2023-02-22,347.0,347.5,346.0,346.8,25465,17:25,17:20,True,28663.214285714286,0.8884209477054961,7.80714285714285
2023-02-23,348.3,350.4,347.2,350.1,52914,17:25,17:20,True,22316.928571428572,2.3710251986800537,6.807142857142854
2023-02-24,350.8,351.7,350.0,351.7,27897,17:25,17:20,True,21604.0,1.2912886502499537,6.25
2023-02-27,348.1,349.2,347.7,349.2,12738,17:25,17:20,True,22168.35714285714,0.5746027961347738,6.29285714285714
2023-02-28,347.1,347.1,344.8,345.4,41014,17:25,17:20,True,19795.5,2.0718850243742266,6.1285714285714255
2023-03-01,349.2,349.9,348.7,349.8,12122,17:25,17:20,True,21260.714285714286,0.5701595834033261,5.928571428571424
2023-03-02,348.0,348.4,347.0,347.3,10850,17:25,17:20,True,19946.571428571428,0.5439531319381777,5.414285714285707
2023-03-03,352.4,354.4,352.4,354.4,35783,17:25,17:20,True,19513.85714285714,1.8337225561322725,5.514285714285705
2023-03-06,355.8,357.2,355.7,356.3,35001,17:25,17:20,True,20817.785714285714,1.6813027322104381,5.535714285714278
2023-03-07,357.9,358.6,357.7,358.3,11339,17:25,17:20,True,22659.5,0.5004082173040005,5.5857142857142765
2023-03-08,360.7,361.7,360.7,361.6,13913,17:25,17:20,True,22781.5,0.6107148344051094,5.242857142857133
2023-03-09,361.9,364.6,361.9,364.2,23124,17:25,17:20,True,21891.85714285714,1.0562831581214152,4.949999999999989
2023-03-10,362.1,363.9,361.4,363.5,41106,17:25,17:20,True,22504.35714285714,1.8265796147412725,5.071428571428563
2023-03-13,357.0,357.6,355.2,355.2,33853,17:25,17:20,True,24720.428571428572,1.369434186878406,5.335714285714281
2023-03-14,349.8,350.9,349.5,349.5,5962,17:25,17:20,True,26937.071428571428,0.22133066750813404,5.571428571428568
2023-03-15,350.8,351.3,349.4,349.4,21259,17:25,17:20,True,25544.0,0.8322502348888193,5.785714285714278
2023-03-16,339.2,342.2,339.2,340.6,21307,17:25,17:20,True,23282.928571428572,0.9151340191004445,6.592857142857135
2023-03-17,345.1,345.1,343.5,343.9,43791,17:25,17:20,True,22812.214285714286,1.9196295217787462,6.778571428571423
2023-03-20,334.0,335.2,333.1,334.9,32705,17:25,17:20,True,25030.285714285714,1.306617126680821,7.221428571428569
2023-03-21,340.7,340.7,338.9,339.3,17688,17:25,17:20,True,24436.785714285714,0.7238267833915496,7.428571428571424
2023-03-22,343.5,344.6,343.5,344.6,16842,17:25,17:20,True,24834.35714285714,0.6781733830724141,7.607142857142853
2023-03-23,347.3,347.3,343.1,343.2,23049,17:25,17:20,True,25262.35714285714,0.9123851693513501,7.657142857142857
2023-03-24,347.8,347.9,344.3,344.3,34718,17:25,17:20,True,24352.785714285714,1.4256274582843265,7.885714285714284
2023-03-27,337.6,337.6,334.6,334.8,36908,17:25,17:20,True,24332.571428571428,1.5168146165046263,8.492857142857142
2023-03-28,334.8,336.0,334.8,335.5,16128,17:25,17:20,True,26158.928571428572,0.6165390129019045,8.849999999999998
2023-03-29,336.5,337.4,336.5,336.9,11037,17:25,17:20,True,26317.14285714286,0.4193844316578004,8.821428571428575
2023-03-30,345.1,346.4,345.1,346.1,43813,17:25,17:20,True,25453.785714285714,1.7212763748305753,8.764285714285718
2023-03-31,350.0,352.5,349.7,352.1,20839,17:25,17:20,True,25647.14285714286,0.8125271542360608,8.735714285714291
2023-04-03,356.5,357.8,356.0,357.0,31044,17:25,17:20,True,24717.571428571428,1.255948631106847,8.450000000000005
2023-04-04,357.5,358.6,357.3,358.2,15201,17:25,17:20,True,26509.14285714286,0.5734248022245694,8.214285714285722
2023-04-05,351.0,351.0,349.4,350.1,13414,17:25,17:20,True,26076.428571428572,0.5144109348891993,7.650000000000006
2023-04-11,345.0,351.6,345.0,351.6,86083,17:25,17:20,True,25512.64285714286,3.374131033073238,7.514285714285721
2023-04-12,354.2,357.5,354.2,357.3,40696,17:25,17:20,True,28533.5,1.4262533513238824,7.435714285714291
2023-04-13,357.6,357.9,356.9,357.7,20784,17:25,17:20,True,29104.285714285714,0.7141216315711972,7.064285714285721
2023-04-14,360.0,360.0,357.4,358.0,37610,17:25,17:20,True,29325.428571428572,1.2825047009421369,7.150000000000006
2023-04-17,364.5,365.8,364.5,365.8,9092,17:25,17:20,True,30808.85714285714,0.29510994055512796,7.300000000000007
2023-04-18,365.5,366.1,364.7,365.1,49377,17:25,17:20,True,29811.928571428572,1.656283318997429,7.02142857142858
2023-04-19,364.1,364.4,362.0,362.2,86408,17:25,17:20,True,30859.0,2.800090735279821,6.385714285714296
2023-04-20,363.1,364.9,362.4,364.9,13410,17:25,17:20,True,34394.71428571428,0.3898854890493972,6.1214285714285825
2023-04-21,364.0,365.5,364.0,365.4,17626,17:25,17:20,True,34200.57142857143,0.5153715059063341,6.128571428571438
2023-04-24,366.1,366.1,364.8,365.4,23822,17:25,17:20,True,34671.21428571428,0.6870829444763771,5.985714285714295
2023-04-25,375.2,378.4,375.0,377.9,280473,17:25,17:20,True,33243.28571428572,8.436981903972015,5.492857142857149
2023-04-26,378.0,378.7,376.1,378.2,50380,17:25,17:20,True,51788.57142857143,0.9728015006068631,6.050000000000003
2023-04-27,369.7,370.0,366.2,366.2,42631,17:25,17:20,True,53169.71428571428,0.8017910303395059,6.70714285714286
2023-04-28,373.5,375.1,372.8,373.3,33576,17:25,17:20,True,55129.0,0.609044241687678,6.614285714285716
2023-05-02,370.3,370.8,368.8,369.3,34087,17:25,17:20,True,56569.142857142855,0.6025723261545921,6.628571428571429
2023-05-03,369.8,371.6,369.8,370.8,30038,17:25,17:20,True,52855.142857142855,0.5683079900320553,6.221428571428573
2023-05-04,370.0,370.0,368.0,368.1,11190,17:25,17:20,True,52093.857142857145,0.21480459719681783,6.257142857142859
2023-05-05,367.8,368.1,365.5,365.9,28295,17:25,17:20,True,51408.57142857143,0.550394597899183,6.03571428571429
2023-05-08,366.6,367.4,364.9,364.9,16437,17:25,17:20,True,50743.21428571428,0.32392508498673295,5.892857142857147
2023-05-09,370.1,370.6,368.3,368.6,25385,17:25,17:20,True,51267.857142857145,0.49514454893765236,5.95714285714286
2023-05-10,373.5,373.6,372.3,372.9,29962,17:25,17:20,True,49554.142857142855,0.604631586230357,6.100000000000002
2023-05-11,374.5,376.7,374.5,376.2,17539,17:25,17:20,True,45522.28571428572,0.3852838170315324,6.064285714285717
2023-05-12,380.8,382.3,380.3,381.9,27281,17:25,17:20,True,45817.21428571428,0.5954312243838483,6.392857142857147
2023-05-15,384.7,384.7,383.2,383.5,15355,17:25,17:20,True,46506.857142857145,0.3301663656357895,6.414285714285719
2023-05-16,382.8,384.0,382.8,383.3,19027,17:25,17:20,True,45902.07142857143,0.41451288379453777,6.471428571428573
2023-05-19,391.4,393.6,389.8,392.7,103413,17:25,17:20,True,27227.35714285714,3.7981284579847476,5.692857142857146
2023-05-22,389.9,394.0,389.9,393.6,15189,17:25,17:20,True,31015.428571428572,0.48972400832765256,5.942857142857146
2023-05-23,393.0,394.1,392.4,393.4,21350,17:25,17:20,True,29055.285714285714,0.7348060593843264,5.921428571428578
2023-05-24,390.2,390.2,387.4,387.4,38539,17:25,17:20,True,28182.0,1.3675040806188348,5.61428571428572
2023-05-25,388.0,389.8,387.6,389.6,45337,17:25,17:20,True,28500.0,1.5907719298245615,5.942857142857146
2023-05-26,396.9,398.5,396.9,397.7,8532,17:25,17:20,True,29592.785714285714,0.2883135127045926,6.414285714285719
2023-05-29,402.0,403.9,402.0,403.9,7549,17:25,17:20,True,29402.928571428572,0.25674313297266305,6.48571428571429
2023-05-30,402.1,402.7,401.5,402.3,24126,17:25,17:20,True,27921.071428571428,0.8640785888793666,6.378571428571433
2023-05-31,403.0,403.0,398.3,400.9,76798,17:25,17:20,True,28470.285714285714,2.697479075928788,6.564285714285721
2023-06-01,398.8,399.7,397.5,399.6,29412,17:25,17:20,True,32142.64285714286,0.9150461003073354,6.800000000000007
2023-06-02,402.5,402.8,402.0,402.3,13202,17:25,17:20,True,32103.35714285714,0.4112342500895545,6.871428571428579
2023-06-05,404.0,405.2,403.9,404.2,36766,17:25,17:20,True,31793.571428571428,1.1563972950506616,6.778571428571435
2023-06-07,407.2,408.9,407.1,407.1,12197,17:25,17:20,True,32471.071428571428,0.3756266566944203,6.7571428571428624
2023-06-08,407.5,407.5,406.3,407.0,41751,17:25,17:20,True,32245.5,1.2947853188817045,6.671428571428578
2023-06-09,410.6,411.4,409.8,410.6,15127,17:25,17:20,True,33868.642857142855,0.4466373236094913,6.800000000000007
2023-06-12,414.2,416.6,414.2,415.3,25172,17:25,17:20,True,27562.5,0.9132698412698412,5.907142857142865
2023-06-13,416.2,418.0,416.0,417.4,21685,17:25,17:20,True,28275.571428571428,0.7669164195241729,5.821428571428579
2023-06-14,418.4,418.4,416.6,417.3,13547,17:25,17:20,True,28299.5,0.4787010371207972,5.985714285714295
2023-06-15,419.8,422.5,419.4,422.5,25919,17:25,17:20,True,26514.35714285714,0.9775458579044777,5.764285714285721
2023-06-16,422.0,422.1,419.6,421.5,14297,17:25,17:20,True,25127.35714285714,0.5689814459482124,5.528571428571435
2023-06-19,422.0,422.0,420.2,421.0,30130,17:25,17:20,True,25539.14285714286,1.1797576828845358,5.392857142857151
2023-06-20,422.7,422.8,419.7,420.5,28997,17:25,17:20,True,27152.071428571428,1.0679479860784102,5.36428571428572
2023-06-21,419.0,419.4,418.0,419.0,5342,17:25,17:20,True,27500.0,0.19425454545454546,5.292857142857149
2023-06-22,412.9,412.9,409.5,410.5,50352,17:25,17:20,True,22396.0,2.2482586176102877,5.185714285714291
2023-06-26,410.3,410.4,409.4,410.0,16549,17:25,17:20,True,23891.714285714286,0.6926669138135157,5.492857142857149
2023-06-27,412.0,413.3,412.0,413.2,10783,17:25,17:20,True,24130.785714285714,0.446856564376863,5.557142857142862
2023-06-28,419.3,422.8,419.3,422.6,33162,17:25,17:20,True,22274.85714285714,1.4887637567019831,5.5785714285714345
2023-06-29,421.0,421.0,417.3,417.3,15012,17:25,17:20,True,23772.35714285714,0.6314897555083486,6.0428571428571525
2023-06-30,418.0,418.2,416.1,416.5,6717,17:25,17:20,True,21862.428571428572,0.3072394257597836,6.1642857142857235
2023-07-03,423.5,424.1,422.6,423.8,16781,17:25,17:20,True,21261.714285714286,0.789259030316061,6.564285714285721
2023-07-04,419.5,420.3,419.5,420.3,5572,17:25,17:20,True,20662.35714285714,0.26966913607561027,6.771428571428572
2023-07-05,413.5,414.6,412.2,412.5,16957,17:25,17:20,True,19511.428571428572,0.8690803924439888,6.842857142857143
2023-07-06,414.6,415.4,413.7,414.1,30504,17:25,17:20,True,19755.0,1.5441154138192863,6.714285714285718
2023-07-07,411.8,411.8,409.1,409.4,8960,17:25,17:20,True,20082.5,0.44615959168430225,6.807142857142858
2023-07-10,407.5,407.7,406.1,406.8,8829,17:25,17:20,True,19701.285714285714,0.44814334089870855,6.857142857142857
2023-07-11,409.8,411.2,409.3,409.3,19630,17:25,17:20,True,18179.785714285714,1.079770702939293,6.871428571428571
2023-07-12,408.8,410.1,408.7,409.8,4499,17:25,17:20,True,17510.714285714286,0.2569284111768305,6.764285714285713
2023-07-13,410.4,410.4,406.1,406.8,20856,17:25,17:20,True,17450.5,1.1951520013753187,6.528571428571427
2023-07-14,402.5,405.2,402.5,404.8,3847,17:25,17:20,True,15343.642857142857,0.25072272835190007,6.371428571428567
2023-07-17,404.8,406.1,404.4,404.6,15807,17:25,17:20,True,14436.357142857143,1.094943817445042,6.21428571428571
2023-07-18,404.1,404.2,402.9,403.4,7389,17:25,17:20,True,14795.214285714286,0.4994182481787064,6.235714285714282
2023-07-19,406.6,407.1,405.7,406.8,4532,17:25,17:20,True,12954.285714285714,0.34984561093956773,5.864285714285708
2023-07-20,394.9,399.3,394.2,397.3,29672,17:25,17:20,True,12205.714285714286,2.430992509363296,6.121428571428567
2023-07-21,415.1,419.8,411.7,412.8,64575,17:25,17:20,True,13845.357142857143,4.664018366136147,6.885714285714284
2023-07-24,418.9,419.4,417.4,419.4,13541,17:25,17:20,True,17259.214285714286,0.7845664220768203,7.107142857142857
2023-07-25,420.4,420.9,418.8,420.9,18041,17:25,17:20,True,17828.428571428572,1.0119231724613178,7.092857142857143
2023-07-26,421.9,423.1,420.9,423.1,15381,17:25,17:20,True,17905.85714285714,0.8589926680016915,7.442857142857142
2023-07-27,419.8,421.9,419.3,419.5,23277,17:25,17:20,True,16825.64285714286,1.3834241103078209,7.257142857142859
2023-07-28,425.0,425.2,424.0,424.4,14741,17:25,17:20,True,17848.285714285714,0.8259056492020043,7.950000000000001
2023-07-31,420.8,421.7,420.7,421.7,7672,17:25,17:20,True,18270.571428571428,0.4199102381659812,8.164285714285715
2023-08-01,421.2,421.2,420.3,421.2,7724,17:25,17:20,True,17416.428571428572,0.4434893163269491,8.078571428571431
2023-08-02,418.2,418.2,413.9,415.2,35220,17:25,17:20,True,17646.785714285714,1.9958308878589788,8.242857142857146
2023-08-03,422.1,422.1,420.0,420.5,29221,17:25,17:20,True,18672.785714285714,1.5648977312284111,8.578571428571435
2023-08-04,419.0,421.4,419.0,420.3,18054,17:25,17:20,True,20485.214285714286,0.8813185816948113,8.728571428571431
2023-08-07,417.2,418.3,415.8,416.1,7912,17:25,17:20,True,20645.714285714286,0.3832272349847772,8.792857142857144
2023-08-08,417.2,418.4,416.9,418.4,8197,17:25,17:20,True,20683.071428571428,0.3963144462517656,8.850000000000003
2023-08-09,420.0,421.4,419.5,421.0,21441,17:25,17:20,True,20944.85714285714,1.0236880516185358,8.371428571428575
2023-08-10,418.3,419.5,417.9,418.0,18366,17:25,17:20,True,20356.928571428572,0.902198970515479,7.264285714285718
2023-08-11,409.6,410.1,408.7,408.8,7643,17:25,17:20,True,17056.285714285714,0.44810459487076404,7.478571428571432
2023-08-14,415.7,418.6,415.7,418.1,30602,17:25,17:20,True,16635.0,1.8396152690111212,7.628571428571429
2023-08-15,418.2,418.8,418.0,418.6,6312,17:25,17:20,True,17532.214285714286,0.3600229781096838,7.257142857142859
2023-08-16,412.8,413.8,412.8,413.5,9261,17:25,17:20,True,16884.428571428572,0.5484935401172678,7.221428571428573
2023-08-17,411.8,411.8,409.6,410.3,14542,17:25,17:20,True,15883.285714285714,0.9155536367969924,6.5428571428571445
2023-08-18,403.0,403.6,401.0,401.1,35133,17:25,17:20,True,15869.07142857143,2.213929161396607,6.800000000000003
2023-08-21,404.8,406.9,404.8,406.6,19738,17:25,17:20,True,17830.571428571428,1.106975179066451,6.885714285714288
2023-08-22,407.8,408.9,407.3,407.8,19196,17:25,17:20,True,18688.714285714286,1.0271439600675731,6.721428571428573
2023-08-23,408.0,409.0,407.6,408.0,24544,17:25,17:20,True,17544.14285714286,1.3989854163782784,6.2071428571428555
2023-08-24,411.8,413.7,411.7,413.1,20470,17:25,17:20,True,17210.071428571428,1.1894198164695922,6.049999999999999
2023-08-25,407.9,408.7,406.8,408.7,20980,17:25,17:20,True,17382.64285714286,1.2069511047555648,6.049999999999999
2023-08-28,413.6,416.0,413.6,415.5,11738,17:25,17:20,True,18316.071428571428,0.6408579506678367,6.064285714285712
2023-08-29,415.3,416.6,415.3,416.2,12148,17:25,17:20,True,18569.0,0.6542086272820292,6.192857142857138
2023-08-30,417.8,417.8,416.6,417.0,12800,17:25,17:20,True,17905.214285714286,0.714875555005924,6.067857142857138
2023-08-31,416.0,417.0,416.0,416.5,6566,17:25,17:20,True,17507.64285714286,0.3750362086762108,5.374999999999996
2023-09-01,416.0,417.6,416.0,416.7,24216,17:25,17:20,True,17430.714285714286,1.3892718108429292,4.989285714285712
2023-09-04,415.0,415.6,414.9,415.0,4661,17:25,17:20,True,16974.571428571428,0.27458719765699957,5.032142857142857
2023-09-05,414.5,414.6,412.7,413.7,15420,17:25,17:20,True,16856.64285714286,0.9147728958062314,4.846428571428569
2023-09-06,410.2,411.5,408.6,410.9,20169,17:25,17:20,True,17296.571428571428,1.166069245762992,4.853571428571428
2023-09-07,416.9,418.3,416.9,418.1,15929,17:25,17:20,True,17698.5,0.9000197756872051,4.83928571428571
2023-09-08,416.2,416.9,415.9,416.0,10068,17:25,17:20,True,16326.785714285714,0.6166553647599257,4.93214285714285
2023-09-11,408.7,411.1,408.7,409.0,10435,17:25,17:20,True,15636.07142857143,0.6673671227244695,5.260714285714276
2023-09-12,410.3,411.8,410.3,411.0,8135,17:25,17:20,True,15010.285714285714,0.5419617024516522,5.174999999999991
2023-09-13,408.0,408.0,404.0,404.4,30631,17:25,17:20,True,13838.214285714286,2.213508142565876,5.153571428571423
2023-09-14,400.9,401.4,400.0,400.1,3094,17:25,17:20,True,14564.0,0.212441636912936,5.567857142857138
2023-09-15,407.9,409.4,407.9,409.2,41497,17:25,17:20,True,13286.42857142857,3.123262190204828,5.810714285714283
2023-09-18,407.8,408.6,406.9,406.9,6041,17:25,17:20,True,15412.07142857143,0.3919654816030106,5.724999999999999
2023-09-19,409.3,409.8,409.0,409.8,2069,17:25,17:20,True,14975.857142857143,0.13815569821903825,5.9571428571428555
2023-09-20,405.2,407.2,405.2,406.5,23531,17:25,17:20,True,14209.357142857143,1.6560214345677646,6.178571428571429
2023-09-21,405.0,405.0,403.3,403.6,10849,17:25,17:20,True,15421.142857142857,0.7035146552043576,6.178571428571424
2023-09-22,402.2,402.2,399.3,399.9,18513,17:25,17:20,True,14466.357142857143,1.279727841444929,6.271428571428564
2023-09-25,395.0,395.2,393.3,394.5,13628,17:25,17:20,True,15455.785714285714,0.8817410031379835,6.6714285714285655
2023-09-26,391.7,391.7,389.2,389.3,29642,17:25,17:20,True,15327.785714285714,1.9338735909109974,6.835714285714281
2023-09-27,387.3,387.3,385.8,386.5,17120,17:25,17:20,True,16004.42857142857,1.0697039212360866,6.721428571428569
2023-09-28,390.4,391.7,390.0,390.9,7900,17:25,17:20,True,16089.5,0.49100344945461327,6.885714285714284
2023-09-29,394.4,394.4,393.0,393.5,7589,17:25,17:20,True,15934.642857142857,0.47625792859224064,6.592857142857143
2023-10-02,393.2,393.4,392.1,393.3,21918,17:25,17:20,True,15731.357142857143,1.3932682222494652,6.728571428571432
2023-10-03,394.2,394.5,394.0,394.3,4646,17:25,17:20,True,16715.85714285714,0.27793968088470317,7.035714285714286
2023-10-04,391.0,391.3,389.8,390.2,14687,17:25,17:20,True,14859.785714285714,0.9883722607036248,6.557142857142858
2023-10-05,393.8,394.9,393.8,394.8,7736,17:25,17:20,True,15687.857142857143,0.49312024768929563,6.435714285714288
2023-10-06,394.4,396.1,394.4,395.0,14654,17:25,17:20,True,13276.357142857143,1.1037666313371246,6.4142857142857155
2023-10-09,399.5,399.5,398.1,398.5,11127,17:25,17:20,True,13891.57142857143,0.8009892946390925,6.321428571428576
2023-10-10,395.9,397.0,395.9,396.1,8573,17:25,17:20,True,14538.57142857143,0.5896727915888769,6.235714285714287
2023-10-11,399.1,399.1,396.7,398.3,5467,17:25,17:20,True,13470.142857142857,0.405860580543212,6.478571428571432
2023-10-12,406.0,407.2,405.6,405.8,19005,17:25,17:20,True,13085.714285714286,1.4523471615720522,6.628571428571433
2023-10-13,405.0,406.7,404.4,405.5,18800,17:25,17:20,True,13120.857142857143,1.4328332208261656,6.3714285714285745
2023-10-16,401.7,402.1,400.3,400.9,32841,17:25,17:20,True,13490.285714285714,2.434418417485598,6.278571428571427
2023-10-17,397.2,397.2,394.7,395.4,17888,17:25,17:20,True,13718.785714285714,1.3039054893446422,6.114285714285716
2023-10-18,379.2,382.1,372.3,380.2,174271,17:25,17:20,True,13773.642857142857,12.652498820210443,5.935714285714291
2023-10-19,372.8,372.8,367.8,368.4,25363,17:25,17:20,True,25657.285714285714,0.9885301306785598,7.335714285714293
2023-10-20,368.4,368.4,365.8,366.4,47099,17:25,17:20,True,26926.85714285714,1.749145834217563,7.478571428571436
2023-10-23,363.4,363.9,362.2,363.9,15279,17:25,17:20,True,28725.5,0.5318967467929192,7.471428571428581
2023-10-24,368.3,368.3,367.0,367.0,4360,17:25,17:20,True,29485.0,0.14787179921994234,7.592857142857151
2023-10-25,367.0,369.2,366.8,368.6,12361,17:25,17:20,True,28747.35714285714,0.4299873528746742,7.52142857142858
2023-10-26,364.7,365.9,363.8,363.8,23049,17:25,17:20,True,29077.714285714286,0.7926689069685179,7.592857142857156
2023-10-27,370.7,370.9,369.0,369.0,5673,17:25,17:20,True,29677.35714285714,0.19115583549748125,7.828571428571438
2023-10-30,369.8,372.1,369.8,371.6,9037,17:25,17:20,True,29287.785714285714,0.308558662923842,7.635714285714296
2023-10-31,369.4,370.9,369.4,370.9,4957,17:25,17:20,True,29320.928571428572,0.16906013013620208,7.42857142857144
2023-11-01,374.0,375.4,374.0,374.9,13584,17:25,17:20,True,29284.5,0.4638631357885571,7.378571428571441
2023-11-02,377.0,379.9,377.0,379.9,6294,17:25,17:20,True,28897.285714285714,0.2178059234431311,7.471428571428585
2023-11-06,379.8,380.4,378.1,378.1,22459,17:25,17:20,True,28004.0,0.8019925724896443,7.514285714285729
2023-11-07,375.3,376.2,375.3,376.0,8703,17:25,17:20,True,27262.428571428572,0.3192305475353312,7.4928571428571535
2023-11-08,376.1,376.5,374.0,374.6,31008,17:25,17:20,True,26606.35714285714,1.1654357578344596,7.392857142857151
2023-11-09,379.8,384.8,379.8,384.3,24375,17:25,17:20,True,16373.285714285714,1.4887054697111148,6.185714285714291
2023-11-10,390.0,390.1,388.9,388.9,9740,17:25,17:20,True,16302.714285714286,0.5974465251185166,6.642857142857147
2023-11-13,390.0,391.2,390.0,391.2,10374,17:25,17:20,True,13634.214285714286,0.7608799291697882,6.45714285714286
2023-11-14,391.3,392.9,391.2,392.9,8161,17:25,17:20,True,13283.857142857143,0.6143546947422758,6.307142857142858
2023-11-15,397.6,398.2,396.9,397.4,5755,17:25,17:20,True,13555.357142857143,0.4245553945461731,6.428571428571429
2023-11-16,399.0,402.9,399.0,401.7,29728,17:25,17:20,True,13083.5,2.272174876753162,6.364285714285712
2023-11-17,403.3,403.3,401.1,401.3,30239,17:25,17:20,True,13560.57142857143,2.229920778728246,6.099999999999999
2023-11-20,402.0,402.0,400.0,400.4,5434,17:25,17:20,True,15315.285714285714,0.3548089210592592,6.0428571428571445
2023-11-21,397.1,398.1,396.3,396.3,6311,17:25,17:20,True,15057.92857142857,0.41911475207650456,6.178571428571429
2023-11-22,400.6,402.0,400.4,401.0,11132,17:25,17:20,True,15154.642857142857,0.7345603657530696,6.099999999999999
2023-11-23,402.2,402.6,400.5,400.9,6745,17:25,17:20,True,14979.5,0.45028205213792183,5.971428571428573
2023-11-24,403.0,403.7,401.7,401.9,16643,17:25,17:20,True,15011.714285714286,1.1086675167964066,5.8714285714285745
2023-11-27,402.8,403.2,402.8,403.2,7683,17:25,17:20,True,14596.285714285714,0.5263667860708204,5.721428571428577
2023-11-28,401.2,401.2,399.7,400.8,5651,17:25,17:20,True,14523.42857142857,0.38909545168397863,5.73571428571429
2023-11-29,399.3,399.8,399.2,399.8,6786,17:25,17:20,True,12712.214285714286,0.5338173073141129,5.36428571428572
2023-11-30,408.2,410.4,406.7,410.4,62968,17:25,17:20,True,11455.857142857143,5.496576922597299,4.792857142857149
2023-12-01,417.2,419.4,417.2,419.0,10794,17:25,17:20,True,15257.857142857143,0.7074387903188053,5.428571428571432
2023-12-04,420.0,420.0,418.3,418.5,13482,17:25,17:20,True,15287.857142857143,0.8818763724711489,5.48571428571429
2023-12-05,414.9,416.7,414.9,415.7,15475,17:25,17:20,True,15667.92857142857,0.9876864021590966,5.342857142857148
2023-12-06,424.9,425.4,424.2,424.6,11214,17:25,17:20,True,16362.214285714286,0.6853595610094687,5.721428571428577
2023-12-07,424.0,424.3,422.6,422.8,25041,17:25,17:20,True,15039.785714285714,1.6649838286069807,5.70714285714286
2023-12-08,422.1,423.0,422.0,422.4,11596,17:25,17:20,True,14668.5,0.7905375464430583,5.835714285714289
2023-12-11,431.7,433.5,431.7,433.0,19677,17:25,17:20,True,15108.642857142857,1.302367140851263,6.007142857142859
2023-12-12,441.5,442.8,440.7,441.9,33225,17:25,17:20,True,16063.357142857143,2.0683721157736996,6.642857142857147
2023-12-13,441.5,442.8,441.5,442.5,14043,17:25,17:20,True,17641.428571428572,0.7960239695521905,6.65714285714286
2023-12-14,442.4,443.8,441.6,441.9,75637,17:25,17:20,True,18162.714285714286,4.1644106057150045,6.628571428571433
2023-12-15,444.6,446.3,443.6,446.3,27976,17:25,17:20,True,22376.571428571428,1.2502362164508798,6.778571428571435
2023-12-18,443.6,443.6,441.5,442.1,25817,17:25,17:20,True,23826.071428571428,1.083560925157016,6.907142857142865
2023-12-19,441.0,441.8,438.3,440.5,24014,17:25,17:20,True,25266.5,0.9504284329052303,7.250000000000008
2023-12-20,443.3,444.2,442.1,442.9,8540,17:25,17:20,True,26497.071428571428,0.3222997689771646,7.357142857142866
2023-12-21,441.0,441.6,440.8,440.8,3780,17:25,17:20,True,22609.35714285714,0.16718741608246904,6.52142857142858
2023-12-22,438.8,439.1,438.1,438.5,9782,17:25,17:20,True,22108.35714285714,0.44245711867199544,6.47857142857144
2023-12-27,437.0,437.4,435.4,435.5,31923,17:25,17:20,True,21844.071428571428,1.4614033883008466,6.435714285714296
2023-12-28,440.0,441.6,440.0,441.6,11860,17:25,17:20,True,23018.928571428572,0.5152281507455044,6.028571428571435
2024-01-02,445.3,448.8,445.3,448.5,12363,17:25,17:20,True,23065.071428571428,0.5360052769958286,6.028571428571435
2024-01-03,445.4,446.8,445.4,445.4,10953,17:25,17:20,True,22159.5,0.4942801055980505,6.342857142857143
2024-01-04,433.0,436.9,433.0,436.9,25501,17:25,17:20,True,22113.571428571428,1.1531832423527892,6.728571428571432
2024-01-08,431.7,434.2,431.4,433.7,17967,17:25,17:20,True,22529.571428571428,0.7974852099145885,6.15714285714286
2024-01-09,438.8,438.9,436.2,436.5,15147,17:25,17:20,True,21439.714285714286,0.7064926238356055,6.350000000000002
2024-01-10,437.0,437.7,436.1,436.5,8355,17:25,17:20,True,21518.571428571428,0.3882692690699064,6.371428571428571
2024-01-11,438.5,440.4,438.5,439.1,11698,17:25,17:20,True,16712.714285714286,0.6999461487832189,6.178571428571424
2024-01-12,437.3,438.6,437.0,437.5,15054,17:25,17:20,True,15550.0,0.9681028938906753,6.1285714285714255
2024-01-15,440.7,440.9,439.5,439.9,14078,17:25,17:20,True,14781.214285714286,0.9524251342195934,6.05714285714285
2024-01-16,438.7,438.8,435.5,436.4,10795,17:25,17:20,True,14071.5,0.7671534662260597,5.799999999999995
2024-01-17,435.0,436.7,433.7,435.3,11288,17:25,17:20,True,14232.57142857143,0.7931103705785522,5.96428571428571
2024-01-18,436.7,436.7,435.1,435.3,3675,17:25,17:20,True,14768.857142857143,0.24883441991836103,5.978571428571423
2024-01-19,432.7,436.9,432.7,435.4,102463,17:25,17:20,True,14332.642857142857,7.148925778816587,6.149999999999993
2024-01-22,428.8,431.7,428.6,430.5,31277,17:25,17:20,True,19371.214285714286,1.6146122560352807,7.149999999999998
2024-01-23,439.0,439.1,437.8,437.8,21054,17:25,17:20,True,20758.14285714286,1.0142525824633362,7.6642857142857155
2024-01-24,437.4,439.1,436.8,436.8,20174,17:25,17:20,True,21378.928571428572,0.9436394313492925,7.48571428571429
2024-01-25,436.7,436.7,435.5,436.4,16171,17:25,17:20,True,22037.571428571428,0.7337922897908118,6.9571428571428635
2024-01-26,439.6,439.6,437.6,438.8,16502,17:25,17:20,True,21371.14285714286,0.7721627294482546,6.914285714285719
2024-01-29,442.7,443.6,442.3,443.6,7195,17:25,17:20,True,21266.5,0.3383255354665789,6.892857142857147
2024-01-30,448.9,451.4,448.9,450.2,9328,17:25,17:20,True,20698.5,0.45066067589438846,7.050000000000003
2024-01-31,451.0,452.2,450.5,451.6,11130,17:25,17:20,True,20768.0,0.5359206471494607,7.085714285714289
2024-02-01,441.8,442.3,439.9,440.7,25966,17:25,17:20,True,20727.428571428572,1.2527361949659526,7.571428571428576
2024-02-02,456.3,459.5,453.5,454.0,43337,17:25,17:20,True,21506.85714285714,2.0150317506708824,8.342857142857147
2024-02-05,457.3,457.3,455.3,456.1,18576,17:25,17:20,True,23596.785714285714,0.7872258630866795,8.692857142857147
2024-02-06,456.1,459.1,456.1,457.3,18043,17:25,17:20,True,24152.571428571428,0.747042610074053,8.771428571428576
2024-02-07,455.4,455.4,452.4,453.9,9068,17:25,17:20,True,24635.071428571428,0.36809310767749814,8.907142857142864
2024-02-08,455.7,456.4,454.0,454.0,15202,17:25,17:20,True,25020.285714285714,0.6075869865594775,8.707142857142864
2024-02-09,456.7,456.8,456.0,456.6,6670,17:25,17:20,True,18787.35714285714,0.35502598632058796,7.78571428571429
2024-02-12,458.3,458.9,457.2,458.4,9017,17:25,17:20,True,17029.714285714286,0.5294862760888531,7.178571428571432
2024-02-13,457.0,457.0,455.3,456.2,7786,17:25,17:20,True,16169.92857142857,0.48151109422693805,6.9928571428571455
2024-02-14,454.5,457.0,454.5,456.5,6204,17:25,17:20,True,15285.07142857143,0.40588622886009224,7.099999999999999
2024-02-15,465.2,468.6,465.2,467.3,14357,17:25,17:20,True,14573.142857142857,0.9851684115594244,7.5
2024-02-16,468.1,470.6,467.7,470.2,23986,17:25,17:20,True,14419.92857142857,1.6633924281376469,7.478571428571428
2024-02-19,471.1,471.1,467.8,469.5,28482,17:25,17:20,True,15619.285714285714,1.8235148854438195,7.550000000000003
2024-02-20,471.4,472.4,471.4,472.3,9767,17:25,17:20,True,16987.428571428572,0.5749545882669537,7.78571428571429
2024-02-21,470.3,472.7,470.3,472.6,5938,17:25,17:20,True,16890.071428571428,0.3515674889305213,7.150000000000001
2024-02-22,474.0,477.5,474.0,477.0,10540,17:25,17:20,True,15459.5,0.6817814288948543,6.228571428571432
2024-02-23,469.0,469.7,463.1,463.1,65376,17:25,17:20,True,13116.857142857143,4.98412076063517,6.028571428571431
2024-02-26,473.2,473.3,468.5,470.6,27469,17:25,17:20,True,16459.714285714286,1.6688625041226197,6.800000000000003
2024-02-27,472.8,472.8,470.7,471.1,15696,17:25,17:20,True,17133.0,0.9161267728944142,6.678571428571429
2024-02-28,471.6,472.9,471.0,472.9,7911,17:25,17:20,True,17606.428571428572,0.44932451620755404,6.650000000000001
2024-02-29,474.1,475.3,473.5,474.8,6058,17:25,17:20,True,17085.64285714286,0.3545666996935606,6.550000000000003
2024-03-01,478.6,480.2,478.1,480.2,14850,17:25,17:20,True,17041.928571428572,0.8713802512291113,6.65714285714286
2024-03-04,475.0,476.1,474.4,474.9,27749,17:25,17:20,True,17458.571428571428,1.5894198510760167,6.90714285714286
2024-03-05,477.3,479.1,477.1,477.9,20303,17:25,17:20,True,18884.5,1.0751145119012948,6.600000000000007
2024-03-06,474.3,474.4,472.5,472.5,4833,17:25,17:20,True,19891.571428571428,0.24296722947982277,6.342857142857148
2024-03-07,473.8,474.5,473.6,474.3,6623,17:25,17:20,True,19211.285714285714,0.3447452762141301,6.057142857142862
2024-03-08,475.6,476.4,475.6,476.4,12059,17:25,17:20,True,17971.071428571428,0.671022874063475,5.892857142857147
2024-03-11,476.1,476.1,471.5,471.8,26089,17:25,17:20,True,16798.0,1.5531015597094893,5.571428571428576
2024-03-12,478.6,479.8,478.6,479.1,97415,17:25,17:20,True,17963.85714285714,5.422833149100973,5.8285714285714345
2024-03-13,485.0,486.6,484.5,485.2,10347,17:25,17:20,True,24497.928571428572,0.42236224053928756,6.228571428571436
2024-03-14,490.2,491.6,490.2,491.2,4695,17:25,17:20,True,24484.14285714286,0.1917567638529894,6.285714285714294
2024-03-15,496.5,496.5,494.0,495.7,40343,17:25,17:20,True,20149.785714285714,2.0021552870112056,5.5785714285714345
2024-03-18,497.2,498.0,496.5,496.6,13259,17:25,17:20,True,21069.35714285714,0.629302541605785,5.664285714285719
2024-03-19,495.8,498.8,495.6,497.2,7808,17:25,17:20,True,20895.285714285714,0.37367280384502316,5.671428571428578
2024-03-20,491.9,495.2,491.9,492.3,23413,17:25,17:20,True,20887.928571428572,1.1208866365057055,6.400000000000006
2024-03-21,498.3,502.6,498.3,500.4,12625,17:25,17:20,True,22127.571428571428,0.5705551574312591,6.73571428571429
2024-03-22,498.9,501.0,495.5,500.6,13629,17:25,17:20,True,21968.64285714286,0.6203842489782514,6.800000000000007
2024-03-25,494.2,494.2,493.0,493.3,8647,17:25,17:20,True,20960.071428571428,0.4125463040270446,7.142857142857151
2024-03-26,491.4,492.1,490.8,491.3,3597,17:25,17:20,True,20127.5,0.17871071916532108,7.578571428571438
2024-03-27,494.4,494.4,492.8,493.7,10635,17:25,17:20,True,20039.214285714286,0.5307094304381765,7.714285714285722
2024-04-02,495.5,499.8,495.5,499.6,23053,17:25,17:20,True,20325.785714285714,1.1341750977821978,8.164285714285723
2024-04-03,493.0,494.6,492.1,494.2,19273,17:25,17:20,True,21111.071428571428,0.9129332949873966,8.807142857142866
2024-04-04,493.1,493.9,491.3,491.8,9882,17:25,17:20,True,20624.214285714286,0.4791455258901638,8.578571428571435
2024-04-05,492.6,493.3,490.5,491.9,49436,17:25,17:20,True,14371.857142857143,3.439778137828892,8.207142857142859
2024-04-08,493.0,494.0,492.0,492.9,13514,17:25,17:20,True,17163.928571428572,0.7873488836638298,8.25
2024-04-09,491.0,491.0,490.0,490.3,9596,17:25,17:20,True,17793.85714285714,0.5392872339571442,8.064285714285713
2024-04-10,491.0,492.4,490.9,491.3,17564,17:25,17:20,True,15597.642857142857,1.1260675834718616,8.021428571428569
2024-04-11,497.4,498.2,496.8,497.9,15684,17:25,17:20,True,15905.142857142857,0.9860961414097866,8.307142857142853
2024-04-12,501.6,504.8,500.0,503.8,29523,17:25,17:20,True,16467.714285714286,1.7927806790776757,7.957142857142851
2024-04-15,497.5,500.4,496.4,498.1,41911,17:25,17:20,True,16904.14285714286,2.4793330459988674,7.828571428571422
2024-04-16,497.7,497.7,494.2,495.3,29946,17:25,17:20,True,18996.0,1.5764371446620342,8.042857142857136
2024-04-17,496.4,499.9,496.4,499.5,14158,17:25,17:20,True,20161.5,0.7022294968132331,8.157142857142853
2024-04-18,519.4,529.0,519.4,524.6,210478,17:25,17:20,True,20555.14285714286,10.23967585449592,7.857142857142853
2024-04-19,530.2,530.6,527.4,530.6,44017,17:25,17:20,True,35332.357142857145,1.245798569906581,9.735714285714279
2024-04-22,538.4,539.0,537.4,538.2,33893,17:25,17:20,True,37716.78571428572,0.8986184627912922,9.714285714285698
2024-04-23,530.0,530.4,527.4,528.0,40668,17:25,17:20,True,38491.07142857143,1.0565567153792623,9.835714285714273
2024-04-24,528.8,530.8,528.8,530.0,16306,17:25,17:20,True,40019.28571428572,0.40745354918164456,10.02142857142856
2024-04-25,531.4,531.4,528.4,529.2,15346,17:25,17:20,True,40478.142857142855,0.37911818371113865,10.249999999999991
2024-04-26,533.4,533.6,530.2,531.2,15847,17:25,17:20,True,38043.142857142855,0.41655338675638937,10.171428571428565
2024-04-29,539.6,542.2,539.6,541.0,14108,17:25,17:20,True,38209.78571428572,0.36922478721793406,10.507142857142847
2024-05-02,539.6,541.0,538.4,538.4,36678,17:25,17:20,True,38532.07142857143,0.9518823836915075,10.442857142857138
2024-05-03,537.8,539.2,536.2,536.2,14430,17:25,17:20,True,39897.357142857145,0.36167809181775373,10.478571428571419
2024-05-06,540.0,540.2,538.4,538.6,12781,17:25,17:20,True,39807.78571428572,0.3210678456655105,10.357142857142852
2024-05-07,543.2,544.4,541.4,541.8,16153,17:25,17:20,True,38611.92857142857,0.4183422221482258,10.107142857142858
2024-05-10,561.4,563.0,560.2,562.0,19486,17:25,17:20,True,36772.07142857143,0.529913035708389,9.907142857142848
2024-05-13,562.6,563.0,562.0,562.8,11198,17:25,17:20,True,36024.92857142857,0.31084031097513826,10.614285714285696
2024-05-14,569.4,571.0,569.0,569.8,13935,17:25,17:20,True,35813.5,0.3890990827481257,10.471428571428548
2024-05-15,570.0,572.2,570.0,571.0,3970,17:25,17:20,True,21774.714285714286,0.18232156564298038,8.885714285714268
2024-05-16,572.0,572.2,568.8,570.6,37477,17:25,17:20,True,18914.214285714286,1.9814198694103828,8.457142857142847
2024-05-17,562.4,563.4,560.0,561.2,20607,17:25,17:20,True,19170.214285714286,1.0749488603972681,8.199999999999989
2024-05-20,558.4,560.0,558.4,560.0,3248,17:25,17:20,True,17737.285714285714,0.18311708185340003,8.328571428571413
2024-05-21,559.4,560.6,558.8,560.2,16331,17:25,17:20,True,16804.571428571428,0.9718188928182808,8.1142857142857
2024-05-22,567.4,569.0,566.6,567.6,17731,17:25,17:20,True,16874.928571428572,1.0507303734618982,8.335714285714264
2024-05-23,563.0,567.6,563.0,567.6,11634,17:25,17:20,True,17009.5,0.6839707222434522,8.221428571428557
2024-05-24,572.8,572.8,571.0,571.4,9639,17:25,17:20,True,16832.785714285714,0.5726324901658753,8.721428571428557
2024-05-27,573.6,574.4,572.8,573.6,8821,17:25,17:20,True,14901.42857142857,0.5919566676253476,8.421428571428553
2024-05-28,578.0,578.2,575.6,578.0,12806,17:25,17:20,True,14500.785714285714,0.8831245597529198,8.292857142857128
2024-05-29,572.8,575.4,572.8,574.6,6291,17:25,17:20,True,14502.57142857143,0.433785141551252,8.69285714285713
2024-05-30,575.0,578.2,574.0,577.2,40124,17:25,17:20,True,13798.142857142857,2.9079275678921594,8.535714285714278
2024-05-31,577.8,578.8,577.0,578.0,14041,17:25,17:20,True,15272.285714285714,0.919377771126036,7.535714285714286
2024-06-03,575.6,579.8,575.0,578.8,32110,17:25,17:20,True,15475.357142857143,2.0749117260160164,7.407142857142852
2024-06-04,577.6,577.6,575.2,575.2,12005,17:25,17:20,True,16773.571428571428,0.715709236468935,7.507142857142851
2024-06-05,577.6,578.8,577.6,578.8,6991,17:25,17:20,True,17347.5,0.40299755007926213,7.949999999999989
2024-06-07,589.0,589.4,585.0,585.4,65966,17:25,17:20,True,15169.92857142857,4.348471364871291,7.807142857142845
2024-06-10,589.2,592.0,589.0,591.4,25372,17:25,17:20,True,18409.85714285714,1.378174735584198,8.09285714285714
2024-06-11,588.6,590.6,588.6,589.8,15052,17:25,17:20,True,19990.14285714286,0.7529711071885429,8.292857142857136
2024-06-12,587.8,588.6,586.8,587.6,6731,17:25,17:20,True,19898.785714285714,0.3382618465591942,8.342857142857147
2024-06-13,596.0,597.4,595.2,597.2,14932,17:25,17:20,True,19113.071428571428,0.7812454453384557,8.571428571428571
2024-06-14,593.8,595.0,593.8,594.0,4910,17:25,17:20,True,19348.64285714286,0.25376456820522664,8.42857142857142
2024-06-17,592.4,594.0,592.4,593.2,10904,17:25,17:20,True,19010.85714285714,0.5735669842796598,8.885714285714284
2024-06-18,596.0,599.8,596.0,599.4,19782,17:25,17:20,True,19159.64285714286,1.032482711055604,8.92857142857142
2024-06-19,605.4,606.2,604.2,604.2,18284,17:25,17:20,True,19657.928571428572,0.9301081715483756,9.071428571428555
2024-06-20,599.8,600.2,596.2,598.8,25760,17:25,17:20,True,20514.571428571428,1.2556928176487794,9.228571428571415
2024-06-24,585.2,592.0,582.4,584.2,91071,17:25,17:20,True,19488.571428571428,4.673046474124029,9.29999999999998
2024-06-25,583.0,584.4,579.6,581.0,30471,17:25,17:20,True,24990.714285714286,1.2192928802126504,10.214285714285698
2024-06-26,588.6,588.8,587.0,587.0,23560,17:25,17:20,True,24873.64285714286,0.9471873555197555,10.099999999999982
2024-06-27,589.0,590.6,587.8,590.0,22914,17:25,17:20,True,25699.0,0.8916300245145725,9.757142857142842
2024-06-28,593.0,595.4,592.6,593.6,11883,17:25,17:20,True,26836.35714285714,0.44279482258875885,9.871428571428558
2024-07-01,591.2,592.6,591.2,592.4,18155,17:25,17:20,True,22973.285714285714,0.790265712349126,9.814285714285697
2024-07-02,590.2,590.2,587.4,588.0,6457,17:25,17:20,True,22457.785714285714,0.28751721483799764,9.742857142857124
2024-07-03,586.6,587.6,585.8,586.8,4330,17:25,17:20,True,21843.85714285714,0.1982250649087354,9.899999999999977
2024-07-04,586.6,588.0,585.2,585.2,7246,17:25,17:20,True,21672.35714285714,0.33434295827799076,9.485714285714266
2024-07-05,591.0,591.0,590.0,590.4,26496,17:25,17:20,True,21123.35714285714,1.2543460691786683,9.228571428571415
2024-07-08,583.4,584.4,582.4,584.0,20289,17:25,17:20,True,22665.214285714286,0.8951602991368144,9.257142857142842
2024-07-09,588.4,588.4,586.8,587.6,16203,17:25,17:20,True,23335.571428571428,0.6943476850179677,9.485714285714275
2024-07-10,589.4,589.8,587.8,587.8,7826,17:25,17:20,True,23079.928571428572,0.3390825052070599,9.414285714285702
2024-07-11,592.8,593.6,591.8,592.4,7605,17:25,17:20,True,22332.928571428572,0.3405285596860497,9.27142857142856
2024-07-12,596.0,598.4,596.0,597.4,6507,17:25,17:20,True,21036.14285714286,0.3093247675768914,9.199999999999998
2024-07-15,610.6,613.2,610.6,612.4,29346,17:25,17:20,True,14995.857142857143,1.956940488325347,9.057142857142853
2024-07-16,610.2,610.6,608.6,609.2,11513,17:25,17:20,True,14915.5,0.7718815996781871,9.057142857142862
2024-07-17,610.0,611.0,608.2,608.4,11030,17:25,17:20,True,14055.0,0.7847741017431519,9.071428571428571
2024-07-18,581.4,582.0,578.4,580.2,47811,17:25,17:20,True,13206.142857142857,3.620360654673691,9.08571428571428
2024-07-19,578.0,579.2,576.0,576.6,19968,17:25,17:20,True,15772.42857142857,1.2660066843587816,11.18571428571428
2024-07-22,582.0,583.0,580.6,582.2,11108,17:25,17:20,True,15901.92857142857,0.6985316246457078,11.471428571428564
2024-07-23,591.2,593.0,590.6,593.0,12865,17:25,17:20,True,16234.142857142857,0.7924656147977367,11.399999999999993
2024-07-24,594.0,595.0,590.4,595.0,9549,17:25,17:20,True,16843.785714285714,0.5669153100125948,11.699999999999998
2024-07-25,581.0,584.6,579.0,579.6,17106,17:25,17:20,True,17008.285714285714,1.0057450990273649,12.242857142857142
2024-07-26,579.2,580.6,579.0,579.6,6230,17:25,17:20,True,16337.57142857143,0.3813296258405253,12.757142857142858
2024-07-29,592.6,593.8,592.4,593.0,7596,17:25,17:20,True,15333.357142857143,0.49539053510786474,12.957142857142856
2024-07-30,585.4,585.6,584.2,585.0,7585,17:25,17:20,True,14718.57142857143,0.5153353392215859,12.942857142857138
2024-07-31,590.2,592.0,589.0,590.4,5942,17:25,17:20,True,14701.357142857143,0.40418037207449264,12.899999999999993
2024-08-01,595.0,595.0,591.0,592.2,2803,17:25,17:20,True,14582.57142857143,0.19221575657830287,13.214285714285706
2024-08-02,577.4,577.4,572.0,574.0,58425,17:25,17:20,True,14318.0,4.080528006704847,13.514285714285709
2024-08-05,532.2,534.8,519.4,520.4,124848,17:25,17:20,True,16395.071428571428,7.614971398198937,15.171428571428562
2024-08-06,546.6,547.8,543.8,544.6,52376,17:25,17:20,True,24490.428571428572,2.1386314186883504,17.299999999999994
2024-08-07,540.6,540.8,538.0,539.4,16542,17:25,17:20,True,27443.714285714286,0.602760975711326,17.571428571428562
2024-08-08,538.4,539.0,536.0,538.0,8359,17:25,17:20,True,25210.214285714286,0.33157195354490665,15.242857142857142
2024-08-09,550.0,551.0,548.6,549.4,14544,17:25,17:20,True,24381.0,0.596530084902178,15.742857142857142
2024-08-12,552.6,552.8,551.6,552.4,6604,17:25,17:20,True,24626.428571428572,0.26816718391971456,15.457142857142856
2024-08-13,554.0,556.6,554.0,556.0,6333,17:25,17:20,True,24179.214285714286,0.2619191808784995,15.08571428571428
2024-08-14,560.0,562.6,559.2,562.4,11303,17:25,17:20,True,23949.5,0.47195139773272926,14.457142857142847
2024-08-15,565.4,565.4,563.4,564.4,7629,17:25,17:20,True,23535.0,0.3241555130656469,13.514285714285702
2024-08-16,572.6,573.2,571.0,571.2,13742,17:25,17:20,True,23634.928571428572,0.5814276086542617,13.328571428571413
2024-08-19,570.6,570.6,569.4,570.4,10993,17:25,17:20,True,24073.928571428572,0.4566350675745842,12.92857142857142
2024-08-20,574.0,575.6,574.0,575.6,6074,17:25,17:20,True,24317.35714285714,0.24978043314152445,12.885714285714275
2024-08-21,573.0,574.0,571.6,573.0,3858,17:25,17:20,True,24326.785714285714,0.1585906188064303,12.714285714285706
2024-08-22,573.0,574.4,573.0,574.0,2579,17:25,17:20,True,24402.14285714286,0.10568743962766736,11.499999999999991
2024-08-23,575.8,576.0,574.0,575.4,13568,17:25,17:20,True,20413.14285714286,0.6646698205637824,9.59999999999999
2024-08-26,576.4,577.6,575.8,576.8,22305,17:25,17:20,True,12464.57142857143,1.7894718745702103,7.414285714285711
2024-08-27,576.6,576.8,575.2,575.4,18397,17:25,17:20,True,10316.642857142857,1.7832351332451726,6.885714285714292
2024-08-28,578.4,578.8,577.6,578.2,3857,17:25,17:20,True,10449.142857142857,0.3691211856064749,6.842857142857148
2024-08-29,580.0,581.4,579.6,580.4,9096,17:25,17:20,True,10127.57142857143,0.8981422707460538,6.242857142857149
2024-08-30,583.0,583.0,581.2,582.0,5629,17:25,17:20,True,9738.42857142857,0.5780193343015154,6.414285714285719
2024-09-02,587.4,588.6,584.8,586.2,10158,17:25,17:20,True,9668.785714285714,1.0505972828616388,6.642857142857143
2024-09-03,590.4,591.6,590.4,591.2,4184,17:25,17:20,True,9942.0,0.4208408770871052,7.0428571428571445
2024-09-04,562.6,571.2,559.0,569.8,67937,17:25,17:20,True,9433.5,7.201674882069222,7.528571428571435
2024-09-05,570.6,572.2,570.6,572.0,7140,17:25,17:20,True,13741.214285714286,0.5196047344537029,8.714285714285722
2024-09-06,559.2,560.6,558.4,559.0,7332,17:25,17:20,True,13269.642857142857,0.5525393621316108,9.285714285714294
2024-09-09,554.6,557.2,554.2,556.2,7369,17:25,17:20,True,13008.142857142857,0.5664913186245978,9.742857142857158
2024-09-10,562.8,563.0,561.8,562.0,10104,17:25,17:20,True,13100.642857142857,0.7712598618388411,10.300000000000011
2024-09-11,566.0,567.6,566.0,566.2,6064,17:25,17:20,True,13546.785714285714,0.44763386148532863,10.542857142857153
2024-09-12,569.8,572.0,569.0,571.2,21184,17:25,17:20,True,13795.714285714286,1.5355493424458941,10.72857142857144
2024-09-13,567.2,569.6,567.2,569.2,5795,17:25,17:20,True,14339.714285714286,0.4041224172627468,11.242857142857149
2024-09-16,563.4,564.4,562.0,564.0,4678,17:25,17:20,True,13160.42857142857,0.35545954864691776,11.171428571428578
2024-09-17,568.0,568.6,567.4,568.6,3189,17:25,17:20,True,12180.5,0.2618119124830672,11.100000000000007
2024-09-18,575.8,575.8,574.4,574.4,3869,17:25,17:20,True,12132.785714285714,0.31888801888625273,11.328571428571431
2024-09-19,577.0,578.4,575.8,577.8,19445,17:25,17:20,True,11759.42857142857,1.6535667427960543,11.000000000000009
2024-09-20,581.2,582.8,578.6,582.0,31924,17:25,17:20,True,12746.285714285714,2.5045727606921906,11.3857142857143
2024-09-23,577.0,577.8,575.2,577.2,17838,17:25,17:20,True,14301.0,1.2473253618628068,11.47142857142858
2024-09-24,583.4,584.6,581.0,584.4,22242,17:25,17:20,True,15276.285714285714,1.4559821946247218,11.185714285714287
2024-09-25,580.0,580.8,578.6,580.8,6580,17:25,17:20,True,12012.357142857143,0.5477692614153282,10.328571428571431
2024-09-26,599.4,601.2,598.6,598.6,26364,17:25,17:20,True,11972.357142857143,2.2020726315977877,10.485714285714282
2024-09-27,600.0,601.4,597.2,597.2,32059,17:25,17:20,True,13331.785714285714,2.4047041174422032,10.357142857142849
2024-09-30,588.8,589.8,584.8,585.8,20839,17:25,17:20,True,15095.357142857143,1.380490690136513,10.042857142857136
2024-10-01,588.6,594.2,588.6,594.2,15855,17:25,17:20,True,15862.142857142857,0.999549691538704,10.314285714285713
2024-10-02,598.0,599.2,597.4,598.6,16204,17:25,17:20,True,16561.5,0.9784137910213447,10.742857142857142
2024-10-03,595.2,596.4,594.6,595.6,5005,17:25,17:20,True,16205.785714285714,0.3088403171706754,10.457142857142856
2024-10-04,590.0,591.4,589.0,590.0,16382,17:25,17:20,True,16149.357142857143,1.014405703897988,10.614285714285709
2024-10-07,595.0,595.6,593.8,595.2,14490,17:25,17:20,True,16985.35714285714,0.853087743644736,11.09999999999999
2024-10-08,590.8,593.2,590.8,592.4,19533,17:25,17:20,True,17792.571428571428,1.097817708835148,10.899999999999993
2024-10-09,596.6,596.8,595.0,595.6,8075,17:25,17:20,True,18911.428571428572,0.42699048194591327,11.257142857142842
2024-10-10,602.2,602.6,601.0,602.6,4902,17:25,17:20,True,18099.285714285714,0.2708394174987174,10.95714285714284
2024-10-11,597.8,598.8,597.2,598.8,5200,17:25,17:20,True,16169.142857142857,0.32160022618037887,10.785714285714278
2024-10-14,604.0,608.0,603.6,605.6,21724,17:25,17:20,True,15266.42857142857,1.4229916249473635,10.742857142857142
2024-10-15,613.6,614.2,612.6,612.8,15507,17:25,17:20,True,15229.42857142857,1.0182259910323996,10.371428571428567
2024-10-16,594.0,595.6,592.4,595.6,17111,17:25,17:20,True,15867.07142857143,1.078396859623929,10.857142857142858
2024-10-17,586.0,600.4,585.0,597.0,77763,17:25,17:20,True,15206.142857142857,5.113920126264762,10.757142857142858
2024-10-18,606.8,606.8,603.0,604.2,22492,17:25,17:20,True,18470.714285714286,1.2177114350902973,12.571428571428571
2024-10-21,602.8,602.8,599.8,602.8,8142,17:25,17:20,True,18588.785714285714,0.438006017452919,12.728571428571424
2024-10-22,596.6,598.6,596.6,596.6,9283,17:25,17:20,True,18037.85714285714,0.5146398447709184,12.214285714285714
2024-10-23,596.4,597.8,596.4,596.6,4499,17:25,17:20,True,17543.5,0.2564482571892724,12.171428571428569
2024-10-24,592.2,592.2,590.0,591.0,9264,17:25,17:20,True,17507.35714285714,0.5291489700248467,12.357142857142858
2024-10-25,589.4,592.0,589.4,592.0,3352,17:25,17:20,True,16998.928571428572,0.19718889845998697,11.828571428571431
2024-10-28,595.6,597.0,595.6,596.4,42030,17:25,17:20,True,16203.357142857143,2.5939069064171005,11.685714285714287
2024-10-29,603.0,603.4,601.8,602.0,19990,17:25,17:20,True,17810.285714285714,1.122385138603696,11.685714285714287
2024-10-30,597.6,599.0,596.4,599.0,30479,17:25,17:20,True,18661.35714285714,1.6332681362173171,11.571428571428571
2024-10-31,592.6,593.8,591.2,593.0,12009,17:25,17:20,True,20488.285714285714,0.5861398150859725,11.414285714285711
2024-11-04,596.0,597.4,595.2,597.0,22921,17:25,17:20,True,20974.64285714286,1.0927957227264213,11.471428571428564
2024-11-05,598.0,598.8,597.6,598.0,4473,17:25,17:20,True,21060.14285714286,0.21239172166787634,11.59999999999999
2024-11-06,626.4,632.8,626.2,632.0,91112,17:25,17:20,True,20272.0,4.494475138121547,11.285714285714278
2024-11-07,620.4,621.8,618.4,619.2,9193,17:25,17:20,True,25557.785714285714,0.3596946974503157,12.642857142857135
2024-11-08,617.4,621.8,617.4,620.0,11013,17:25,17:20,True,20659.928571428572,0.5330608942777426,10.92857142857142
2024-11-11,621.6,626.6,621.6,625.8,11273,17:25,17:20,True,19840.0,0.5681955645161291,10.799999999999986
2024-11-12,620.8,624.4,619.2,624.2,15571,17:25,17:20,True,20063.64285714286,0.7760804012944522,11.14285714285712
2024-11-13,610.2,611.0,609.2,610.4,4468,17:25,17:20,True,20512.785714285714,0.21781536950821614,11.671428571428546
2024-11-14,617.0,619.2,616.4,619.2,13133,17:25,17:20,True,20510.571428571428,0.6403039547550392,11.57142857142854
2024-11-15,615.2,616.8,614.4,616.4,14900,17:25,17:20,True,20786.928571428572,0.7167966132562702,11.785714285714253
2024-11-18,614.6,616.6,613.0,613.4,19871,17:25,17:20,True,21611.785714285714,0.9194520185745212,11.742857142857117
2024-11-19,609.6,611.0,609.0,610.6,3584,17:25,17:20,True,20029.0,0.1789405362224774,11.771428571428553
2024-11-20,611.4,614.4,611.4,612.6,19994,17:25,17:20,True,18857.14285714286,1.0602878787878787,12.27142857142856
2024-11-21,611.0,612.8,611.0,612.0,4643,17:25,17:20,True,18108.214285714286,0.2564029741829872,12.385714285714275
2024-11-22,619.0,620.6,619.0,620.6,23270,17:25,17:20,True,17582.071428571428,1.3235073065500977,12.571428571428564
2024-11-25,622.4,623.0,619.0,622.4,18040,17:25,17:20,True,17607.0,1.02459249162265,12.471428571428573
2024-11-26,614.0,615.0,613.2,615.0,6631,17:25,17:20,True,18576.071428571428,0.3569646050025955,11.971428571428573
2024-11-27,612.2,612.2,608.2,610.8,17009,17:25,17:20,True,12541.714285714286,1.356194186258429,10.614285714285716
2024-11-28,607.4,610.8,607.4,610.4,3309,17:25,17:20,True,13100.0,0.25259541984732825,10.285714285714294
2024-11-29,614.0,616.4,613.4,616.0,20967,17:25,17:20,True,12549.714285714286,1.6707153264729988,10.042857142857153
2024-12-02,620.0,621.8,620.0,621.8,16796,17:25,17:20,True,13242.142857142857,1.2683747774960894,10.05714285714287
2024-12-03,632.8,636.0,632.8,635.4,17968,17:25,17:20,True,13329.642857142857,1.3479730996972377,9.985714285714298
2024-12-04,638.4,641.4,638.4,641.2,20974,17:25,17:20,True,14293.92857142857,1.4673362816380582,10.000000000000025
2024-12-05,642.8,643.6,642.0,643.6,12837,17:25,17:20,True,14854.0,0.8642116601588797,9.914285714285736
2024-12-06,640.2,641.2,637.8,640.6,20817,17:25,17:20,True,14706.642857142857,1.4154827993180925,9.857142857142874
2024-12-09,650.0,652.0,649.0,651.4,27264,17:25,17:20,True,14774.214285714286,1.8453773224585306,9.900000000000018
2024-12-10,644.0,646.2,644.0,646.2,7108,17:25,17:20,True,16465.64285714286,0.43168675900901876,9.514285714285725
2024-12-11,638.0,640.4,638.0,640.4,6587,17:25,17:20,True,15545.214285714286,0.42373169510138625,9.41428571428572
2024-12-12,645.0,646.6,642.4,642.4,15822,17:25,17:20,True,15684.07142857143,1.0087941815399608,9.271428571428576
2024-12-13,638.2,640.0,637.8,639.4,7504,17:25,17:20,True,15152.07142857143,0.495245817403561,9.15714285714286
2024-12-16,634.4,634.8,632.6,634.0,12866,17:25,17:20,True,14399.5,0.8935032466405084,9.042857142857144
2024-12-17,632.4,634.4,630.2,630.2,6217,17:25,17:20,True,14844.857142857143,0.41879823700367613,8.857142857142858
2024-12-18,634.0,635.6,633.6,634.6,6585,17:25,17:20,True,14074.0,0.4678840414949552,8.728571428571424
2024-12-19,615.4,616.4,608.6,612.0,69616,17:25,17:20,True,14308.0,4.8655297735532566,8.857142857142849
2024-12-20,595.0,595.0,589.0,593.2,33753,17:25,17:20,True,17782.928571428572,1.8980563220745417,10.457142857142856
2024-12-23,602.6,604.2,601.0,602.4,24870,17:25,17:20,True,18994.14285714286,1.309351002940756,10.414285714285711
2024-12-27,604.2,606.2,603.6,604.2,18390,17:25,17:20,True,19487.14285714286,0.9436991422916208,10.285714285714278
2024-12-30,602.8,602.8,600.0,600.4,19359,17:25,17:20,True,19302.571428571428,1.0029233706834026,10.142857142857135
2025-01-02,595.4,597.6,595.0,596.8,13396,17:25,17:20,True,19768.428571428572,0.6776461746363248,10.399999999999993
2025-01-03,601.8,605.0,599.8,600.6,55125,17:25,17:20,True,19238.35714285714,2.865369407099656,10.585714285714273
2025-01-07,602.2,606.2,602.2,606.2,17177,17:25,17:20,True,21228.428571428572,0.8091508018223541,10.799999999999986
2025-01-08,604.2,609.4,603.6,608.2,20464,17:25,17:20,True,21947.64285714286,0.9324008110210338,10.92857142857142
2025-01-09,609.2,611.0,608.2,608.2,4908,17:25,17:20,True,22938.85714285714,0.21396009266870938,11.357142857142849
2025-01-10,609.2,610.0,608.0,609.0,14135,17:25,17:20,True,22159.285714285714,0.6378815717370983,11.342857142857131
2025-01-13,599.8,600.6,597.8,597.8,11471,17:25,17:20,True,22632.928571428572,0.5068279150794828,11.457142857142847
2025-01-14,601.0,604.4,600.8,602.4,22426,17:25,17:20,True,22533.285714285714,0.9952387896001471,11.59999999999999
2025-01-15,597.6,599.8,597.6,599.8,12039,17:25,17:20,True,23691.071428571428,0.5081661264792342,11.714285714285706
2025-01-16,609.4,609.4,606.4,608.0,12426,17:25,17:20,True,24080.64285714286,0.5160161243915533,11.814285714285713
2025-01-17,609.0,612.8,609.0,611.6,34696,17:25,17:20,True,19995.64285714286,1.7351780209259873,9.999999999999991
2025-01-20,617.8,620.0,617.6,620.0,11547,17:25,17:20,True,20063.0,0.5755370582664606,9.957142857142847
2025-01-21,617.0,619.2,617.0,619.2,4771,17:25,17:20,True,19111.35714285714,0.24964213500573706,9.871428571428558
2025-01-22,627.2,633.6,627.2,632.6,26272,17:25,17:20,True,18138.571428571428,1.4484051350712768,10.142857142857135
2025-01-23,649.0,651.2,649.0,651.0,14253,17:25,17:20,True,18632.35714285714,0.7649595749330083,11.214285714285706
2025-01-24,649.6,651.0,648.8,651.0,13671,17:25,17:20,True,18693.571428571428,0.73132092774445,10.742857142857133
2025-01-27,635.8,636.8,604.4,622.4,84898,17:25,17:20,True,15732.57142857143,5.396320645067558,10.228571428571424
2025-01-28,623.0,624.6,619.6,620.0,17056,17:25,17:20,True,20569.785714285714,0.8291773301340037,12.828571428571422
2025-01-29,619.2,626.8,619.2,625.6,55870,17:25,17:20,True,20326.35714285714,2.7486479553289365,13.028571428571427
2025-01-30,628.4,637.2,627.6,636.4,74604,17:25,17:20,True,23966.5,3.1128450128304093,13.671428571428569
2025-01-31,608.8,610.2,606.4,608.8,24643,17:25,17:20,True,28285.714285714286,0.8712171717171717,15.714285714285714
2025-02-03,589.0,594.8,587.4,590.0,62711,17:25,17:20,True,29226.571428571428,2.1456844554368333,15.985714285714291
2025-02-04,595.0,595.6,591.8,591.8,18641,17:25,17:20,True,32104.071428571428,0.5806428646121876,16.914285714285718
2025-02-05,595.0,595.0,591.0,593.4,25267,17:25,17:20,True,32575.64285714286,0.7756408710276521,17.000000000000007
2025-02-06,592.0,594.4,592.0,594.0,6872,17:25,17:20,True,33492.857142857145,0.20517807634890167,17.12857142857144
2025-02-07,596.6,600.0,596.6,597.2,16742,17:25,17:20,True,31505.428571428572,0.5314004842702845,16.657142857142876
2025-02-10,597.0,598.0,595.8,597.8,10515,17:25,17:20,True,31876.5,0.3298668297962449,16.657142857142876
2025-02-11,600.0,601.4,599.6,599.6,18704,17:25,17:20,True,32286.785714285714,0.5793082087983806,16.571428571428587
2025-02-12,602.2,602.2,599.6,600.6,8592,17:25,17:20,True,31746.214285714286,0.2706464437829482,15.285714285714302
2025-02-13,607.8,612.0,607.0,609.4,18168,17:25,17:20,True,31341.85714285714,0.579672095281071,16.45714285714288
2025-02-14,607.8,608.0,606.0,608.0,8708,17:25,17:20,True,31663.071428571428,0.2750206978386268,16.857142857142883
2025-02-17,610.8,612.8,609.4,611.0,13382,17:25,17:20,True,26220.928571428572,0.510355686433683,14.12857142857145
2025-02-18,616.6,617.0,615.4,616.4,10778,17:25,17:20,True,25958.5,0.4152011865092359,13.414285714285736
2025-02-19,627.6,628.2,626.0,628.2,15166,17:25,17:20,True,22737.64285714286,0.6669996575848105,13.242857142857165
2025-02-20,622.2,629.6,622.2,627.8,32127,17:25,17:20,True,18492.071428571428,1.737339168523962,11.314285714285736
2025-02-21,625.4,625.8,621.8,621.8,32183,17:25,17:20,True,19026.64285714286,1.6914702315925412,11.442857142857163
2025-02-24,615.8,615.8,609.0,609.0,45003,17:25,17:20,True,16846.071428571428,2.6714240284932904,10.614285714285732
2025-02-25,587.0,588.0,584.6,586.6,33658,17:25,17:20,True,18729.071428571428,1.7970992383879913,11.81428571428573
2025-02-26,588.6,594.2,588.4,593.6,56855,17:25,17:20,True,19328.428571428572,2.941522110289063,11.957142857142872
2025-02-27,589.2,589.2,585.0,586.0,32245,17:25,17:20,True,22898.64285714286,1.408162055767497,12.300000000000011
2025-02-28,575.0,580.0,574.2,578.4,40528,17:25,17:20,True,24006.0,1.6882446055152878,12.72857142857144
2025-03-03,576.8,578.8,576.6,576.6,27861,17:25,17:20,True,26149.785714285714,1.0654389410456793,13.05714285714287
2025-03-04,562.6,566.2,560.6,565.2,75044,17:25,17:20,True,26803.85714285714,2.799746305169299,13.600000000000014
2025-03-05,565.6,571.4,565.6,569.6,52305,17:25,17:20,True,31550.428571428572,1.6578221713085173,13.485714285714298
2025-03-06,561.2,562.2,560.0,560.0,58220,17:25,17:20,True,33988.78571428572,1.7129179162034536,14.07142857142858
2025-03-07,558.2,559.0,554.4,558.4,39513,17:25,17:20,True,37525.357142857145,1.0529679930713518,14.657142857142869
2025-03-10,568.2,568.2,564.2,565.6,21822,17:25,17:20,True,39391.857142857145,0.5539723583191595,15.185714285714296
2025-03-11,558.0,561.0,558.0,558.2,54067,17:25,17:20,True,40180.71428571428,1.345595790446732,15.55714285714287
2025-03-12,563.4,565.2,561.8,563.8,29445,17:25,17:20,True,42959.357142857145,0.6854152845463569,15.357142857142865
2025-03-13,562.6,563.4,560.8,560.8,12598,17:25,17:20,True,42767.78571428572,0.2945675065845621,15.171428571428578
2025-03-14,556.6,557.2,553.4,553.8,19265,17:25,17:20,True,41368.857142857145,0.46568847511240336,15.542857142857144
2025-03-17,563.0,564.0,560.2,560.2,33311,17:25,17:20,True,39530.42857142857,0.842667312341668,14.314285714285713
2025-03-18,567.8,568.2,565.4,568.2,10991,17:25,17:20,True,39505.642857142855,0.27821341978270736,14.128571428571425
2025-03-19,568.4,570.4,567.2,569.4,12928,17:25,17:20,True,36229.642857142855,0.35683487278570236,13.857142857142858
2025-03-20,586.6,589.2,585.0,588.2,17438,17:25,17:20,True,34849.857142857145,0.5003750783975339,14.757142857142858
2025-03-21,578.2,578.6,575.6,577.8,22747,17:25,17:20,True,33200.57142857143,0.6851388100032701,14.571428571428571
2025-03-24,578.0,578.0,573.8,574.8,13041,17:25,17:20,True,32835.28571428572,0.3971642005333983,14.528571428571427
2025-03-25,573.2,573.2,567.0,567.0,43830,17:25,17:20,True,28406.5,1.54295671765265,13.442857142857138
2025-03-26,568.0,570.6,567.6,570.2,18955,17:25,17:20,True,27801.14285714286,0.6818065033297706,12.985714285714282
2025-03-27,550.8,550.8,544.6,546.6,26781,17:25,17:20,True,24996.5,1.071389994599244,13.142857142857142
2025-03-28,542.8,545.8,542.4,543.6,9023,17:25,17:20,True,24087.071428571428,0.3745992960064528,12.871428571428567
2025-03-31,522.0,522.0,511.2,512.0,52892,17:25,17:20,True,23172.85714285714,2.282497996424388,12.442857142857138
2025-04-01,516.8,519.0,515.8,518.2,32917,17:25,17:20,True,23088.928571428572,1.4256616498321706,13.485714285714286
2025-04-02,521.2,523.2,519.0,519.0,39192,17:25,17:20,True,23336.928571428572,1.679398378413122,13.242857142857146
2025-04-03,499.7,499.7,492.2,494.0,111099,17:25,17:20,True,25236.5,4.402314108533275,13.485714285714295
2025-04-04,484.0,485.0,480.9,481.7,29142,17:25,17:20,True,31796.071428571428,0.9165283222320817,14.714285714285726
2025-04-07,453.6,457.8,452.6,453.5,121176,17:25,17:20,True,31498.285714285714,3.84706650702079,15.771428571428585
2025-04-08,472.5,474.4,466.6,468.8,86095,17:25,17:20,True,39368.642857142855,2.186892759103057,18.214285714285726
2025-04-09,465.5,469.7,464.1,468.0,83288,17:25,17:20,True,44594.857142857145,1.8676593072871952,18.442857142857157
2025-04-10,500.0,511.6,500.0,507.6,152087,17:25,17:20,True,49298.42857142857,3.08502734077296,19.17142857142859
2025-04-11,493.8,497.1,492.1,492.7,55980,17:25,17:20,True,58537.0,0.9563182260792319,21.571428571428584
2025-04-14,495.2,497.3,493.0,493.6,68422,17:25,17:20,True,61604.07142857143,1.1106733437145273,23.02142857142859
2025-04-15,494.5,496.0,493.2,496.0,22933,17:25,17:20,True,63360.642857142855,0.36194392868939596,23.19285714285716
2025-04-16,499.7,499.8,497.1,498.6,41965,17:25,17:20,True,63644.78571428572,0.6593627353604323,22.7357142857143
2025-04-22,498.8,499.0,486.4,489.2,90104,17:25,17:20,True,64729.357142857145,1.3920113527644224,22.800000000000015
2025-04-23,489.1,492.0,488.1,489.2,42809,17:25,17:20,True,70520.85714285714,0.6070402677222139,23.392857142857157
2025-04-24,492.4,493.9,490.4,490.4,16744,17:25,17:20,True,69800.64285714286,0.23988317749836524,22.93571428571429
2025-04-25,498.2,502.0,497.2,500.2,38896,17:25,17:20,True,68645.42857142857,0.5666218539159824,22.85
2025-04-28,505.0,506.0,503.4,503.8,12101,17:25,17:20,True,68624.28571428571,0.17633699023669255,22.800000000000004
2025-04-29,506.0,506.0,501.0,501.4,26203,17:25,17:20,True,61553.0,0.42569817880525723,21.32857142857143
2025-05-02,521.2,523.6,519.4,523.4,63151,17:25,17:20,True,61343.07142857143,1.029472416840649,20.25
2025-05-05,525.0,525.0,522.0,523.2,11990,17:25,17:20,True,57198.42857142857,0.20962114343800653,19.435714285714283
2025-05-06,531.4,532.8,528.4,529.6,19150,17:25,17:20,True,51905.21428571428,0.3689417385811775,18.207142857142852
2025-05-07,517.6,518.4,514.8,518.0,10706,17:25,17:20,True,47323.92857142857,0.2262280483295222,17.935714285714276
2025-05-08,525.8,529.4,525.2,525.8,26904,17:25,17:20,True,37225.28571428572,0.7227345467942297,15.092857142857143
2025-05-09,529.6,530.6,527.4,528.6,7103,17:25,17:20,True,35148.42857142857,0.2020858481785408,14.228571428571428
2025-05-12,533.0,538.0,533.0,536.6,20779,17:25,17:20,True,30768.5,0.6753335391715554,13.928571428571429
2025-05-13,544.0,544.6,539.8,540.6,32776,17:25,17:20,True,30614.64285714286,1.0705988030937577,14.342857142857143
2025-05-14,547.0,547.4,544.4,545.2,15418,17:25,17:20,True,29958.285714285714,0.514648940431457,14.050000000000008
2025-05-15,545.8,546.0,543.6,545.4,7678,17:25,17:20,True,24623.571428571428,0.311815043657355,13.042857142857157
2025-05-16,555.4,555.4,552.8,554.8,12430,17:25,17:20,True,22114.214285714286,0.562081918869247,12.600000000000014
2025-05-19,551.2,552.4,550.4,550.8,13045,17:25,17:20,True,21806.071428571428,0.5982278854185433,12.614285714285732
2025-05-20,551.8,553.4,551.0,551.0,6167,17:25,17:20,True,19959.571428571428,0.3089745700236908,11.992857142857162
2025-05-21,557.0,557.0,551.4,553.0,17380,17:25,17:20,True,19535.714285714286,0.8896526508226691,12.07857142857145
2025-05-22,545.6,548.4,545.2,548.4,9074,17:25,17:20,True,18905.5,0.4799661474174182,12.114285714285732
2025-05-23,549.2,553.4,549.2,553.4,5183,17:25,17:20,True,15042.857142857143,0.3445489078822412,10.342857142857165
2025-05-26,548.2,550.0,547.8,549.4,10824,17:25,17:20,True,14556.642857142857,0.7435780424254023,11.142857142857158
2025-05-27,549.2,549.2,547.0,548.0,10441,17:25,17:20,True,13961.92857142857,0.7478193250011511,10.500000000000025
2025-05-30,550.2,551.0,546.4,546.8,27115,17:25,17:20,True,13943.0,1.9447034354156207,10.80000000000002
2025-06-02,539.0,540.6,538.2,540.2,20395,17:25,17:20,True,13958.07142857143,1.461161744612692,10.742857142857158
2025-06-03,540.0,542.6,539.4,542.2,13001,17:25,17:20,True,14907.5,0.8721113533456314,10.842857142857147
2025-06-04,546.4,548.2,546.0,546.6,4371,17:25,17:20,True,14351.92857142857,0.3045583719460302,10.028571428571436
2025-06-05,552.2,555.0,552.0,554.6,27330,17:25,17:20,True,12323.0,2.2178041061429847,10.257142857142867
2025-06-09,550.6,553.8,550.6,553.6,11864,17:25,17:20,True,13173.857142857143,0.9005714781439431,10.257142857142858
2025-06-10,554.0,554.2,550.0,553.4,21751,17:25,17:20,True,13472.857142857143,1.6144311313752517,9.828571428571431
2025-06-11,556.0,559.2,555.4,559.2,6362,17:25,17:20,True,14138.642857142857,0.44997246654306083,9.957142857142856
2025-06-12,547.4,548.6,546.8,548.6,9634,17:25,17:20,True,13661.285714285714,0.7052044881782723,10.58571428571428
2025-06-13,546.0,551.8,546.0,551.8,42348,17:25,17:20,True,13908.92857142857,3.0446629862626784,10.799999999999995
2025-06-16,557.2,559.8,557.2,558.8,14944,17:25,17:20,True,15692.357142857143,0.9523107245110222,11.285714285714286
2025-06-17,556.8,561.4,556.6,559.2,29506,17:25,17:20,True,16111.642857142857,1.8313464530973609,11.699999999999998
2025-06-18,557.0,558.4,557.0,557.8,5050,17:25,17:20,True,17849.0,0.28292901563112777,11.242857142857142
2025-06-19,553.8,555.0,553.8,554.4,9727,17:25,17:20,True,17436.571428571428,0.5578504948548207,11.071428571428571
2025-06-23,552.6,553.8,552.2,553.6,18263,17:25,17:20,True,17385.571428571428,1.0504687795298235,10.614285714285709
2025-06-24,559.2,561.4,557.6,560.0,40392,17:25,17:20,True,16753.285714285714,2.4109897418843214,10.428571428571429
2025-06-25,551.4,552.4,549.8,551.6,17082,17:25,17:20,True,18181.64285714286,0.9395190596480751,10.971428571428573
2025-06-26,540.0,543.0,540.0,541.8,10135,17:25,17:20,True,18473.14285714286,0.5486343108141548,11.685714285714287
2025-06-27,549.0,552.8,548.8,552.4,14581,17:25,17:20,True,18884.85714285714,0.7721000953144621,11.414285714285702
2025-06-30,568.6,571.0,568.6,568.6,17699,17:25,17:20,True,17974.214285714286,0.9846883829613057,12.628571428571417
2025-07-01,564.8,568.4,564.8,566.2,7152,17:25,17:20,True,18391.0,0.3888858680876516,12.77142857142856
2025-07-02,560.0,561.0,558.2,558.2,16540,17:25,17:20,True,17348.214285714286,0.9534122490993309,12.914285714285702
2025-07-03,569.2,570.0,568.6,569.8,8285,17:25,17:20,True,18075.214285714286,0.4583624774256776,12.471428571428557
2025-07-04,568.0,570.0,567.8,569.8,5009,17:25,17:20,True,17978.85714285714,0.2786050281282777,12.042857142857128
2025-07-07,563.4,563.8,562.0,562.2,10576,17:25,17:20,True,15311.785714285714,0.6907097707181676,11.52857142857141
2025-07-08,562.8,564.4,562.4,562.4,8150,17:25,17:20,True,14999.785714285714,0.5433410953489812,11.042857142857128
2025-07-09,563.2,563.2,560.6,560.6,9111,17:25,17:20,True,13474.357142857143,0.6761732603198668,10.328571428571422
2025-07-10,566.8,570.2,566.8,570.2,9007,17:25,17:20,True,13764.42857142857,0.654367884090461,10.928571428571413
2025-07-11,570.6,571.2,566.6,567.8,15241,17:25,17:20,True,13713.0,1.1114271129585065,11.642857142857135
2025-07-14,568.6,569.0,567.0,568.6,12897,17:25,17:20,True,13497.142857142857,0.9555355630821338,11.52857142857142
2025-07-15,574.0,578.2,573.8,577.0,26003,17:25,17:20,True,11533.214285714286,2.2546186480042114,10.59999999999999
2025-07-16,582.6,584.6,580.8,580.8,12062,17:25,17:20,True,12170.42857142857,0.991090817320672,10.471428571428557
2025-07-17,605.8,607.8,602.0,607.2,130427,17:25,17:20,True,12308.07142857143,10.596867328640322,10.899999999999993
2025-07-18,640.6,643.8,637.0,639.0,95727,17:25,17:20,True,20582.785714285714,4.650828188604208,13.02857142857142
2025-07-21,638.4,640.4,636.0,637.2,24411,17:25,17:20,True,26156.214285714286,0.933277259979191,13.68571428571427
2025-07-22,629.6,630.0,629.0,629.2,6040,17:25,17:20,True,27389.0,0.220526488736354,13.799999999999986
2025-07-23,622.8,624.0,622.4,624.0,16024,17:25,17:20,True,26639.0,0.6015240812342806,14.09999999999999
2025-07-24,640.4,642.8,638.8,639.0,34815,17:25,17:20,True,27191.785714285714,1.2803498955829624,14.757142857142842
2025-07-25,636.4,638.0,634.4,634.4,9308,17:25,17:20,True,29320.785714285714,0.31745397584843515,15.057142857142846
2025-07-28,644.8,644.8,642.4,644.0,14674,17:25,17:20,True,29230.214285714286,0.502014793889884,15.157142857142844
2025-07-29,635.8,637.4,635.4,636.0,5140,17:25,17:20,True,29696.214285714286,0.1730860354975502,15.87142857142855
2025-07-30,633.0,634.8,632.6,634.8,6376,17:25,17:20,True,29412.571428571428,0.21677805408765932,15.642857142857126
2025-07-31,644.0,651.0,644.0,651.0,35758,17:25,17:20,True,29224.64285714286,1.223556440870596,15.45714285714284
2025-08-01,635.0,640.2,633.8,634.4,18154,17:25,17:20,True,30690.14285714286,0.5915254316183418,15.642857142857126
2025-08-04,625.8,628.4,621.4,627.4,39716,17:25,17:20,True,31065.64285714286,1.2784541489334795,16.914285714285704
2025-08-05,636.4,640.6,636.4,640.0,10174,17:25,17:20,True,32045.14285714286,0.31748961286756183,16.85714285714285
2025-08-06,638.0,639.2,637.8,637.8,8805,17:25,17:20,True,31910.285714285714,0.27592983901294704,16.499999999999993
2025-08-07,629.0,632.8,629.0,631.8,18214,17:25,17:20,True,23223.0,0.7843086595185808,13.914285714285711
2025-08-08,631.4,633.8,631.4,633.6,6164,17:25,17:20,True,17686.35714285714,0.3485172186794503,13.714285714285722
2025-08-11,637.6,638.0,635.0,636.6,11946,17:25,17:20,True,16383.0,0.7291704815967771,13.271428571428585
2025-08-12,635.0,637.8,633.8,637.4,12017,17:25,17:20,True,16804.85714285714,0.7150908750871348,12.957142857142872
2025-08-13,643.0,644.0,641.4,643.4,12035,17:25,17:20,True,16518.64285714286,0.7285707490670713,12.414285714285736
2025-08-14,638.6,642.0,638.6,640.8,10339,17:25,17:20,True,14891.5,0.6942886881778195,11.97142857142859
2025-08-15,643.4,644.6,643.0,643.0,11593,17:25,17:20,True,14965.142857142857,0.7746668448585284,11.828571428571447
2025-08-18,639.2,640.8,638.2,638.4,11033,17:25,17:20,True,14745.07142857143,0.7482500205879931,11.242857142857165
2025-08-19,636.4,640.0,636.0,639.0,9213,17:25,17:20,True,15166.0,0.6074772517473296,11.085714285714305
2025-08-20,637.8,639.0,635.0,636.0,10815,17:25,17:20,True,15368.642857142857,0.7037055972039543,10.97142857142859
2025-08-21,638.2,641.2,638.2,640.4,10824,17:25,17:20,True,13587.0,0.7966438507396776,10.800000000000011
2025-08-22,632.6,633.6,632.2,633.4,13131,17:25,17:20,True,13063.42857142857,1.0051725646297187,9.671428571428587
2025-08-25,638.0,639.4,638.0,639.4,4619,17:25,17:20,True,11164.5,0.41372206547539075,9.57142857142858
2025-08-26,637.6,638.2,636.2,638.2,8149,17:25,17:20,True,10767.714285714286,0.7567994268580678,9.342857142857147
2025-08-27,643.4,643.8,642.0,642.8,8079,17:25,17:20,True,10720.857142857143,0.7535778056125576,8.685714285714287
2025-08-28,642.2,643.4,640.8,640.8,13248,17:25,17:20,True,9996.92857142857,1.3252070278728467,8.09999999999999
2025-08-29,641.6,643.2,639.4,640.8,14388,17:25,17:20,True,10502.92857142857,1.3699036323202374,8.399999999999986
2025-09-01,633.0,634.2,632.6,634.2,8681,17:25,17:20,True,10677.357142857143,0.8130289062970371,8.19999999999998
2025-09-02,633.0,635.0,631.4,632.8,17262,17:25,17:20,True,10439.07142857143,1.6535953526244123,8.19999999999998
2025-09-03,628.4,628.8,625.2,625.8,13210,17:25,17:20,True,10812.42857142857,1.2217421750102395,8.742857142857124
2025-09-04,636.4,640.0,636.4,637.0,41520,17:25,17:20,True,11017.5,3.76855003403676,9.299999999999986
2025-09-05,649.2,650.2,647.6,649.8,12099,17:25,17:20,True,13155.142857142857,0.9197163521056404,10.242857142857124
2025-09-08,650.6,652.8,650.6,651.8,7153,17:25,17:20,True,13231.285714285714,0.5406126172815513,10.157142857142844
2025-09-09,659.6,661.0,658.0,658.2,9052,17:25,17:20,True,13084.142857142857,0.6918298048892334,10.371428571428558
2025-09-10,667.4,670.9,666.0,669.8,29555,17:25,17:20,True,12958.214285714286,2.2807926577184907,10.114285714285709
2025-09-11,662.6,664.8,661.6,661.6,11635,17:25,17:20,True,14296.142857142857,0.8138558852038013,10.578571428571413
2025-09-12,666.2,667.2,665.8,667.2,4708,17:25,17:20,True,14189.285714285714,0.33179964762144476,10.364285714285709
2025-09-15,666.2,667.6,664.4,664.6,11148,17:25,17:20,True,14195.642857142857,0.785311388303252,10.33571428571428
2025-09-16,663.6,665.4,662.2,662.8,6326,17:25,17:20,True,14409.857142857143,0.43900504614896546,10.321428571428571
2025-09-17,654.6,657.2,653.4,655.0,15329,17:25,17:20,True,14284.642857142857,1.0731104832862466,10.864285714285716
2025-09-18,654.0,657.0,654.0,657.0,6588,17:25,17:20,True,14433.285714285714,0.45644492393574376,10.792857142857144
2025-09-19,661.0,662.0,658.4,658.4,11550,17:25,17:20,True,13876.142857142857,0.8323638722164455,11.135714285714291
2025-09-22,664.0,665.2,663.2,665.0,12609,17:25,17:20,True,14081.07142857143,0.895457427651102,11.278571428571427
2025-09-23,674.0,674.4,673.2,673.4,18123,17:25,17:20,True,13748.714285714286,1.318159620120323,10.678571428571429
2025-09-24,670.6,670.6,668.6,669.4,19424,17:25,17:20,True,14099.642857142857,1.3776235466957116,10.607142857142858
2025-09-25,669.0,669.8,663.6,664.0,10496,17:25,17:20,True,12521.357142857143,0.8382477937695024,9.621428571428575
2025-09-26,665.8,668.2,665.8,667.4,8622,17:25,17:20,True,12406.857142857143,0.6949382829771554,9.778571428571427
2025-09-29,674.0,676.0,672.8,672.8,15807,17:25,17:20,True,12511.785714285714,1.2633688236805298,9.835714285714289
2025-09-30,673.4,675.2,672.0,673.8,17038,17:25,17:20,True,12994.285714285714,1.3111917326297273,9.864285714285716
2025-10-01,673.0,674.8,668.2,669.6,24762,17:25,17:20,True,12100.214285714286,2.046410039963873,9.457142857142864
2025-10-02,679.4,686.4,679.2,684.8,18232,17:25,17:20,True,13037.857142857143,1.3983893058675285,9.514285714285718
2025-10-03,693.0,694.0,691.6,693.4,9090,17:25,17:20,True,14003.857142857143,0.6491068787170882,10.142857142857142
2025-10-06,690.0,691.4,688.4,690.6,14188,17:25,17:20,True,13856.857142857143,1.0238973999463907,10.014285714285709
2025-10-07,693.0,693.0,689.6,691.0,26310,17:25,17:20,True,14418.42857142857,1.824748090241655,9.785714285714286
2025-10-08,705.8,712.0,700.0,701.2,95282,17:25,17:20,True,15202.785714285714,6.267404000206729,9.642857142857142
2025-10-09,696.0,698.0,692.8,694.6,13355,17:25,17:20,True,21538.071428571428,0.6200648021941214,10.957142857142856
2025-10-10,696.4,696.4,692.6,693.8,7960,17:25,17:20,True,21667.0,0.3673789634005631,10.757142857142867
2025-10-13,691.0,693.0,690.0,692.6,18963,17:25,17:20,True,21334.928571428572,0.8888241615861313,10.90000000000001
2025-10-14,691.2,693.4,689.8,691.0,42216,17:25,17:20,True,21394.928571428572,1.973177889286179,11.128571428571433
2025-10-15,699.2,701.6,699.0,701.6,18890,17:25,17:20,True,23022.928571428572,0.8204864095110154,11.700000000000005
2025-10-16,720.0,726.4,705.4,705.4,148697,17:25,17:20,True,23622.5,6.29471901788549,11.91428571428572
2025-10-17,692.0,696.0,689.0,694.8,44661,17:25,17:20,True,33627.857142857145,1.3280953291276365,13.042857142857144
2025-10-20,700.8,702.0,698.0,699.4,15114,17:25,17:20,True,35688.857142857145,0.4234935273915027,13.614285714285716
2025-10-21,700.2,703.0,700.2,700.4,6619,17:25,17:20,True,35551.42857142857,0.18618098529293578,13.5
2025-10-22,690.8,692.8,690.4,690.8,24170,17:25,17:20,True,34255.5,0.7055801258192115,13.900000000000002
2025-10-23,684.2,685.8,683.0,685.2,25707,17:25,17:20,True,34679.642857142855,0.741270609558922,14.700000000000005
2025-10-24,692.0,694.8,692.0,693.0,10265,17:25,17:20,True,35866.57142857143,0.28619964471493553,15.014285714285725
2025-10-27,700.0,700.6,698.8,700.4,10945,17:25,17:20,True,35586.357142857145,0.3075616859591055,14.97142857142858
2025-10-28,700.8,701.4,697.4,698.0,8448,17:25,17:20,True,34488.857142857145,0.2449486790764719,14.871428571428583
2025-10-29,702.0,702.0,698.4,700.6,6713,17:25,17:20,True,28286.428571428572,0.23732228984116563,13.114285714285725
2025-10-30,702.4,705.0,695.0,697.6,16384,17:25,17:20,True,27812.0,0.5890982309794334,13.114285714285716
2025-11-03,704.8,704.8,701.2,701.2,7268,17:25,17:20,True,28413.714285714286,0.255791971683694,13.428571428571429
2025-11-04,688.4,690.6,687.4,687.4,14730,17:25,17:20,True,27578.35714285714,0.5341144841840263,13.014285714285718
2025-11-05,687.0,687.2,685.0,686.0,7851,17:25,17:20,True,25615.071428571428,0.3064992429122364,13.314285714285713
2025-11-06,675.2,675.4,671.2,671.8,13307,17:25,17:20,True,24826.571428571428,0.5359982967557801,13.300000000000002
2025-11-07,672.8,675.6,672.8,674.4,12457,17:25,17:20,True,15155.857142857143,0.8219264593603605,12.228571428571424
2025-11-10,673.2,674.0,671.8,672.2,17003,17:25,17:20,True,12855.57142857143,1.3226172087699606,12.057142857142853
2025-11-11,674.0,675.2,673.8,674.4,5871,17:25,17:20,True,12990.5,0.451945652592279,12.214285714285714
2025-11-12,678.0,679.2,677.2,677.2,7335,17:25,17:20,True,12937.07142857143,0.5669753035297235,11.428571428571429
2025-11-13,679.4,680.0,677.2,677.6,23224,17:25,17:20,True,11734.57142857143,1.979109347227971,10.171428571428569
2025-11-14,662.0,664.2,659.0,664.0,35244,17:25,17:20,True,11557.214285714286,3.049523797751559,10.68571428571428
2025-11-17,668.8,670.0,668.4,669.4,9816,17:25,17:20,True,13341.42857142857,0.735753292643752,10.742857142857142
2025-11-18,650.0,650.4,642.2,646.2,77843,17:25,17:20,True,13260.785714285714,5.870164986991721,10.971428571428564
2025-11-19,640.2,643.0,639.8,641.2,21122,17:25,17:20,True,18217.571428571428,1.159430063596371,12.628571428571425
2025-11-20,657.4,659.4,657.4,658.6,23326,17:25,17:20,True,19246.785714285714,1.2119426249280956,12.871428571428575
2025-11-21,644.8,648.6,644.0,648.6,30819,17:25,17:20,True,19742.64285714286,1.5610372037323124,13.200000000000005
2025-11-24,654.0,655.0,653.0,654.4,20009,17:25,17:20,True,21424.85714285714,0.9339152119700749,13.599999999999998
2025-11-25,658.4,659.4,658.0,659.0,8401,17:25,17:20,True,21801.928571428572,0.3853328833949814,13.385714285714284
2025-11-26,664.4,667.0,663.0,663.2,15600,17:25,17:20,True,21841.214285714286,0.7142460028059664,13.285714285714286
2025-11-27,671.0,672.0,670.0,671.2,22791,17:25,17:20,True,22005.0,1.0357191547375597,13.114285714285725
2025-11-28,676.0,676.2,673.8,673.8,25243,17:25,17:20,True,22743.14285714286,1.1099169608422004,12.614285714285725
2025-12-01,675.4,675.6,672.4,673.0,20511,17:25,17:20,True,23331.714285714286,0.8791038561859394,12.542857142857153
2025-12-02,673.6,674.2,672.8,674.2,6016,17:25,17:20,True,24377.428571428572,0.24678566824111298,13.185714285714296
2025-12-03,676.8,678.2,675.6,676.0,3778,17:25,17:20,True,24283.214285714286,0.1555807215448649,13.242857142857158
2025-12-04,676.0,681.0,674.6,675.4,31264,17:25,17:20,True,22894.214285714286,1.3655851915175075,12.985714285714307
2025-12-05,685.0,691.0,684.2,684.2,33546,17:25,17:20,True,22609.928571428572,1.4836844748988276,13.500000000000016
2025-12-08,688.2,690.0,686.0,686.0,22108,17:25,17:20,True,24304.928571428572,0.9096097499331411,13.428571428571445
2025-12-09,690.8,692.8,690.0,692.2,12397,17:25,17:20,True,20323.85714285714,0.6099727976269972,11.928571428571445
2025-12-10,679.0,682.8,678.8,682.0,15910,17:25,17:20,True,19700.64285714286,0.8075878597145125,12.285714285714302
2025-12-11,684.0,686.2,683.6,684.2,12750,17:25,17:20,True,19170.928571428572,0.6650695062836959,11.614285714285732
2025-12-12,686.2,689.2,685.0,685.0,10952,17:25,17:20,True,17880.285714285714,0.6125181764433295,11.28571428571431
2025-12-15,679.6,681.8,679.0,680.2,8497,17:25,17:20,True,17233.35714285714,0.4930554116393871,11.657142857142885
2025-12-16,679.4,682.0,679.0,679.0,9704,17:25,17:20,True,17240.214285714286,0.5628700339322928,11.642857142857158
2025-12-17,685.2,687.8,683.4,685.0,22173,17:25,17:20,True,16819.071428571428,1.318324860808521,11.400000000000018
2025-12-18,665.8,667.8,665.0,667.6,17022,17:25,17:20,True,16774.928571428572,1.0147286128533652,12.31428571428573
2025-12-19,678.0,679.2,676.8,679.0,13878,17:25,17:20,True,16187.714285714286,0.8573168364015038,12.714285714285731
2025-12-22,684.0,684.2,681.6,684.0,24716,17:25,17:20,True,15713.92857142857,1.5728721107297894,12.214285714285731
2025-12-23,685.6,687.6,685.0,687.4,8757,17:25,17:20,True,17049.64285714286,0.5136177967699365,12.085714285714298
2025-12-29,688.0,688.4,686.0,687.6,13562,17:25,17:20,True,17405.285714285714,0.7791885880315503,11.41428571428572
2025-12-30,686.2,686.2,683.6,684.8,4375,17:25,17:20,True,16140.857142857143,0.27105128068964296,10.742857142857149
2026-01-02,685.8,685.8,680.0,681.4,14076,17:25,17:20,True,14057.214285714286,1.001336375323296,10.700000000000005
2026-01-07,703.0,708.2,703.0,707.2,84636,17:25,17:20,True,13483.5,6.277005228612749,11.357142857142858
2026-01-08,700.0,703.4,699.8,699.8,23056,17:25,17:20,True,18643.428571428572,1.236682400539447,12.328571428571422
2026-01-09,684.0,687.4,683.2,687.4,16344,17:25,17:20,True,19153.85714285714,0.8533007152606339,13.214285714285706
2026-01-12,690.4,693.2,690.2,692.6,17399,17:25,17:20,True,19410.571428571428,0.8963672225738553,13.228571428571415
2026-01-13,700.0,702.0,698.4,698.4,18218,17:25,17:20,True,19871.071428571428,0.9168101511529683,12.342857142857131
2026-01-14,699.0,701.2,697.2,698.2,14809,17:25,17:20,True,20565.428571428572,0.720091971269398,12.414285714285711
2026-01-15,697.6,701.4,696.4,701.0,45858,17:25,17:20,True,20930.071428571428,2.1910102006340844,12.642857142857135
2026-01-16,708.6,710.0,707.4,709.4,21429,17:25,17:20,True,22621.85714285714,0.9472697075521146,12.657142857142853
2026-01-19,699.2,702.8,695.8,696.2,65515,17:25,17:20,True,22936.64285714286,2.8563465197609563,12.085714285714273
2026-01-20,690.6,692.0,687.0,687.8,19862,17:25,17:20,True,26625.0,0.7459906103286384,12.928571428571413
2026-01-21,691.0,691.6,687.4,690.8,7115,17:25,17:20,True,26278.285714285714,0.2707558657881575,13.542857142857128
2026-01-22,686.0,691.4,686.0,688.6,36094,17:25,17:20,True,26161.0,1.3796873208210696,14.314285714285697
2026-01-23,679.4,680.0,673.4,675.2,20670,17:25,17:20,True,27770.428571428572,0.7443169249921551,14.571428571428555
2026-01-26,680.0,684.2,679.4,684.2,24184,17:25,17:20,True,28934.35714285714,0.8358229588650171,14.857142857142849
2026-01-27,700.0,706.0,700.0,704.8,39429,17:25,17:20,True,29656.35714285714,1.3295294432174263,14.642857142857142
2026-01-28,710.0,712.6,708.2,712.0,11501,17:25,17:20,True,26427.285714285714,0.4351941445800066,13.814285714285713
2026-01-29,743.0,755.0,742.6,751.0,241956,17:25,17:20,True,25601.928571428572,9.450694283633766,13.142857142857135
2026-01-30,767.0,769.4,764.4,767.4,50924,17:25,17:20,True,41717.07142857143,1.2206993026150652,17.814285714285706
2026-02-02,759.6,760.4,756.6,758.6,33781,17:25,17:20,True,44111.71428571428,0.7658056492930287,18.028571428571418
2026-02-03,785.0,791.2,785.0,790.0,31733,17:25,17:20,True,45223.357142857145,0.7016949206083455,18.742857142857133
2026-02-04,786.2,789.2,782.6,782.6,18538,17:25,17:20,True,46432.21428571428,0.399248674334783,19.542857142857137
2026-02-05,777.8,783.0,775.4,781.8,19621,17:25,17:20,True,44480.78571428572,0.44111181232345903,19.399999999999995
2026-02-06,775.0,778.4,770.6,771.8,12710,17:25,17:20,True,44351.642857142855,0.28657337544268774,20.342857142857138
2026-02-09,786.6,786.8,783.8,783.8,16859,17:25,17:20,True,40579.857142857145,0.41545242361622053,19.871428571428567
2026-02-10,799.8,800.4,797.0,797.0,13890,17:25,17:20,True,40365.357142857145,0.3441069516824009,20.057142857142846
2026-02-11,795.2,797.0,794.6,797.0,7933,17:25,17:20,True,40849.28571428572,0.19420168214167058,19.471428571428564
2026-02-12,807.0,809.6,805.6,808.6,22926,17:25,17:20,True,38837.78571428572,0.5903014185375435,19.914285714285704
2026-02-13,806.0,808.4,802.6,807.0,22935,17:25,17:20,True,38998.92857142857,0.5880930794802055,20.057142857142846
2026-02-16,816.4,818.0,814.6,817.8,12932,17:25,17:20,True,38909.71428571428,0.33235916113493513,20.02857142857141
2026-02-17,817.0,818.4,816.0,817.6,10304,17:25,17:20,True,37017.07142857143,0.27835805487429544,19.457142857142838
2026-02-18,814.6,814.6,809.6,811.0,15340,17:25,17:20,True,36931.57142857143,0.4153627751710693,19.814285714285706
2026-02-19,823.6,825.0,820.8,821.6,8411,17:25,17:20,True,20744.714285714286,0.40545267985648664,15.442857142857138
2026-02-20,820.2,821.2,816.4,818.0,18693,17:25,17:20,True,17708.071428571428,1.0556203184181547,15.357142857142849
2026-02-23,816.0,818.8,811.8,815.0,15245,17:25,17:20,True,16630.35714285714,0.9166970900891228,14.42857142857142
2026-02-24,818.4,819.4,813.0,813.2,4539,17:25,17:20,True,15452.642857142857,0.2937361616367057,13.657142857142844
2026-02-25,829.8,835.4,829.8,833.4,10967,17:25,17:20,True,14452.714285714286,0.7588194011999723,13.657142857142844
2026-02-26,835.4,836.2,832.6,835.0,25783,17:25,17:20,True,13834.57142857143,1.8636645257223106,13.285714285714278
2026-02-27,832.2,835.8,830.6,835.8,45624,17:25,17:20,True,14768.357142857143,3.0893077380693277,13.828571428571422
2026-03-02,835.0,837.2,823.0,828.0,24114,17:25,17:20,True,16823.0,1.4333947571776735,13.628571428571425
2026-03-03,814.8,823.4,808.8,813.0,28602,17:25,17:20,True,17553.285714285714,1.6294385259576962,14.814285714285713
2026-03-04,795.0,798.0,792.0,798.0,8072,17:25,17:20,True,19029.64285714286,0.42418032017716717,16.32857142857143
2026-03-05,800.4,804.2,798.8,801.0,16910,17:25,17:20,True,17968.64285714286,0.9410838723013503,16.542857142857144
2026-03-06,789.6,793.2,788.8,789.8,12472,17:25,17:20,True,17538.285714285714,0.7111299361397106,16.942857142857147
2026-03-09,746.0,751.8,738.0,750.6,110992,17:25,17:20,True,17505.428571428572,6.340433171750804,17.82857142857144
2026-03-10,800.0,818.2,793.8,799.8,139105,17:25,17:20,True,24697.428571428572,5.632367742159392,19.74285714285715
2026-03-11,803.0,803.4,795.2,796.6,15760,17:25,17:20,True,33537.78571428572,0.46991772606164894,22.285714285714295
2026-03-12,800.0,800.6,796.0,796.0,14901,17:25,17:20,True,34062.71428571428,0.4374577984306259,22.614285714285725
2026-03-13,800.4,802.6,798.0,799.6,6062,17:25,17:20,True,33791.857142857145,0.17939233035853946,22.98571428571429
2026-03-16,790.6,792.6,790.2,792.6,11111,17:25,17:20,True,33135.92857142857,0.3353157879987842,23.34285714285715
2026-03-17,783.4,787.8,780.2,782.6,16863,17:25,17:20,True,33605.357142857145,0.5017949944205324,23.314285714285713
2026-03-18,794.6,795.4,790.0,795.4,12202,17:25,17:20,True,34026.5,0.3586028536581782,23.199999999999996
2026-03-19,788.8,791.0,785.8,786.8,26183,17:25,17:20,True,33056.42857142857,0.7920698372912119,23.542857142857137
2026-03-20,779.4,780.4,777.4,778.8,12497,17:25,17:20,True,31667.785714285714,0.39462815975676047,24.699999999999996
2026-03-23,742.0,745.0,733.4,739.6,32324,17:25,17:20,True,30838.0,1.0481873013814125,24.585714285714282
2026-03-24,772.0,772.0,768.0,770.6,7993,17:25,17:20,True,31103.85714285714,0.2569777749199686,25.02857142857143
2026-03-25,782.2,786.1,778.6,782.0,33079,17:25,17:20,True,31098.214285714286,1.063694516221648,25.27142857142857
2026-03-26,784.6,789.0,782.8,787.6,11522,17:25,17:20,True,32253.14285714286,0.3572365040837659,25.328571428571422
2026-03-27,763.6,763.6,755.2,755.2,18024,17:25,17:20,True,32185.285714285714,0.5600074568236595,24.899999999999995
2026-03-30,746.4,747.0,741.2,742.0,9852,17:25,17:20,True,25544.714285714286,0.3856766566189259,24.628571428571426
2026-03-31,743.0,746.6,741.4,746.6,11207,17:25,17:20,True,16312.357142857143,0.6870251737289435,22.057142857142846
2026-04-01,784.0,784.0,776.6,779.0,27937,17:25,17:20,True,15987.142857142857,1.7474667143240104,22.485714285714273
2026-04-07,776.0,778.4,774.8,775.4,22832,17:25,17:20,True,16918.285714285714,1.349545715540244,23.971428571428557
2026-04-08,816.6,822.2,815.0,820.4,113940,17:25,17:20,True,18116.14285714286,6.289418277305954,23.799999999999986
2026-04-09,817.8,824.0,817.8,823.4,25853,17:25,17:20,True,25461.071428571428,1.0153932473944818,26.714285714285705
2026-04-10,840.0,841.6,838.0,841.6,15976,17:25,17:20,True,26103.214285714286,0.6120319063060105,27.028571428571418
2026-04-13,834.4,835.0,830.8,834.4,24369,17:25,17:20,True,26372.785714285714,0.9240207031599132,26.17142857142857
2026-04-14,843.4,844.8,841.6,844.0,4938,17:25,17:20,True,26243.214285714286,0.18816292647078836,24.97142857142857
2026-04-15,849.0,849.0,844.4,847.2,7135,17:25,17:20,True,25703.285714285714,0.2775909694702734,24.485714285714284
2026-04-16,854.2,854.2,849.6,850.6,16345,17:25,17:20,True,23904.071428571428,0.6837747305450058,21.899999999999995
2026-04-17,845.0,848.6,844.6,848.6,8679,17:25,17:20,True,24500.64285714286,0.35423560314743924,21.228571428571417
2026-04-20,872.0,872.0,868.0,869.0,29725,17:25,17:20,True,22757.785714285714,1.3061464051549079,22.228571428571417
2026-04-21,877.2,878.0,873.8,874.0,11998,17:25,17:20,True,24058.0,0.49871144733560563,21.85714285714284
2026-04-22,914.8,928.0,912.2,917.8,68139,17:25,17:20,True,23627.571428571428,2.883876584861512,20.042857142857127
2026-04-23,899.8,900.2,895.8,897.2,17324,17:25,17:20,True,27790.928571428572,0.6233688793619706,23.314285714285706
2026-04-24,909.0,910.8,904.4,906.0,24487,17:25,17:20,True,28227.85714285714,0.8674764037551558,23.828571428571422
2026-04-27,914.6,915.6,910.6,912.4,24479,17:25,17:20,True,27981.428571428572,0.8748302445499566,22.957142857142856
2026-04-28,907.4,910.2,905.8,907.8,27130,17:25,17:20,True,28099.071428571428,0.9655123326393602,23.057142857142853
2026-04-29,899.0,902.4,896.8,902.4,12771,17:25,17:20,True,21898.35714285714,0.5831944340247311,20.35714285714285
2026-05-04,925.2,935.0,924.0,928.4,34142,17:25,17:20,True,20963.928571428572,1.628606960936302,19.87142857142856
2026-05-05,927.0,928.8,926.0,926.6,8350,17:25,17:20,True,22261.5,0.37508703366799184,21.899999999999984
2026-05-06,964.0,964.4,960.8,964.0,20410,17:25,17:20,True,21117.285714285714,0.9665067886159612,22.985714285714266
2026-05-07,980.0,986.2,977.8,979.4,20820,17:25,17:20,True,22222.428571428572,0.9368913002950686,23.77142857142856
2026-05-08,957.6,965.6,956.0,965.0,11594,17:25,17:20,True,23199.928571428572,0.499742917927703,24.828571428571415
2026-05-11,980.0,984.8,976.8,982.0,30851,17:25,17:20,True,22860.571428571428,1.3495288206768985,25.571428571428562
2026-05-12,978.0,981.8,976.0,981.2,15127,17:25,17:20,True,24444.285714285714,0.6188358365963416,24.44285714285714
2026-05-15,983.8,985.0,973.8,976.2,50499,17:25,17:20,True,23401.571428571428,2.1579320070080765,25.799999999999994
2026-05-18,978.6,980.2,972.0,973.0,11434,17:25,17:20,True,26151.64285714286,0.4372191859020056,26.214285714285705
2026-05-19,963.2,964.6,961.0,964.2,12546,17:25,17:20,True,22101.285714285714,0.5676592829117892,23.642857142857135
2026-05-20,950.0,957.2,947.2,954.8,18875,17:25,17:20,True,21760.0,0.8674172794117647,24.44285714285714
2026-05-21,964.8,972.0,964.8,971.0,16594,17:25,17:20,True,21359.14285714286,0.7769038350923658,24.742857142857133
2026-05-22,985.6,988.0,983.8,987.6,21657,17:25,17:20,True,20795.928571428572,1.041405769673322,24.557142857142853
2026-05-25,1002.0,1009.0,1002.0,1008.5,13423,17:25,17:20,True,20405.0,0.6578289634893408,24.928571428571427
2026-05-26,1006.5,1009.0,1004.0,1006.5,12585,17:25,17:20,True,20451.571428571428,0.615356137495547,25.028571428571436
2026-05-27,1008.0,1008.0,1003.0,1003.0,7810,17:25,17:20,True,18911.785714285714,0.41296999225728476,23.278571428571436
2026-05-28,985.0,990.4,980.2,990.0,12058,17:25,17:20,True,18873.214285714286,0.6388948812565048,23.778571428571436
2026-05-29,986.0,986.8,978.0,980.0,15286,17:25,17:20,True,18276.64285714286,0.8363680419583152,23.050000000000004
2026-06-01,991.8,997.4,991.0,994.6,26818,17:25,17:20,True,17881.35714285714,1.4997743060410085,22.47857142857143
2026-06-02,998.0,1003.5,995.2,1001.5,27840,17:25,17:20,True,18968.785714285714,1.467674337162933,22.707142857142856
2026-06-03,1018.0,1019.0,1013.0,1014.5,10084,17:25,17:20,True,18753.714285714286,0.537706816173558,24.071428571428573
2026-06-04,1011.5,1013.0,1010.5,1011.0,5450,17:25,17:20,True,18393.5,0.2963003234838394,22.678571428571427
2026-06-05,1005.0,1005.0,997.6,998.8,11910,17:25,17:20,True,15175.714285714286,0.7848065518215194,23.214285714285715
2026-06-08,966.6,971.2,964.0,970.0,23381,17:25,17:20,True,15209.714285714286,1.5372412368035466,23.357142857142858
2026-06-09,977.4,980.2,976.0,979.6,7938,17:25,17:20,True,15983.642857142857,0.49663271827001715,22.199999999999996
2026-06-10,953.8,956.4,952.0,952.6,12557,17:25,17:20,True,15202.42857142857,0.8259864495334392,23.014285714285716
2026-06-11,948.6,956.8,948.6,955.2,7052,17:25,17:20,True,14914.07142857143,0.47284204274965635,23.314285714285713
2026-06-12,980.0,983.4,978.4,979.8,27008,17:25,17:20,True,13870.857142857143,1.947103897173931,23.714285714285705
2026-06-15,985.0,988.8,983.8,985.8,35157,17:25,17:20,True,14841.214285714286,2.368876247130337,24.37142857142856
2026-06-16,985.0,987.6,983.4,985.8,9730,17:25,17:20,True,16453.5,0.5913635396724102,24.964285714285698
2026-06-17,990.8,992.4,988.0,989.6,8921,17:25,17:20,True,16590.64285714286,0.537712738247463,24.27142857142856
2026-06-18,1021.0,1025.0,1021.0,1025.0,25493,17:25,17:20,True,16366.57142857143,1.557626171813627,25.414285714285704
2026-06-22,1035.0,1037.0,1028.0,1031.0,24148,17:25,17:20,True,17095.64285714286,1.4125236589105827,26.535714285714278
2026-06-23,1034.0,1038.5,1028.0,1033.0,22587,17:25,17:20,True,16904.928571428572,1.3361192213597892,27.01428571428571
2026-06-24,1035.0,1043.0,1030.0,1031.0,22669,17:25,17:20,True,16529.714285714286,1.3714090641960797,26.649999999999995
2026-06-25,1048.0,1051.0,1043.0,1045.0,12362,17:25,17:20,True,17428.64285714286,0.7092921750320694,27.328571428571422
2026-06-26,1039.5,1049.0,1039.5,1042.0,54867,17:25,17:20,True,17922.35714285714,3.0613718699310124,26.864285714285707
2026-06-29,1019.5,1019.5,1014.5,1018.0,11898,17:25,17:20,True,20990.714285714286,0.5668220641780379,27.649999999999995
