date,bar1_open,bar1_high,bar1_low,bar1_close,bar1_volume,last_available_bar_time,exit_time,is_full_day,avg_volume_14d,relative_volume,atr_14d
2009-02-02,31.999968,31.999968,31.999968,31.999968,7539,17:25,17:15,True,,,
2009-02-03,29.99997,29.99997,29.666637,29.666637,22455,17:25,17:15,True,,,
2009-02-04,33.416633,33.416633,33.3333,33.3333,10407,17:25,17:15,True,,,
2009-02-05,34.666632,34.666632,34.333299,34.333299,1275,17:25,17:15,True,,,
2009-02-06,36.41663,36.41663,35.666631,35.749964,11409,17:25,17:15,True,,,
2009-02-09,37.416629,37.416629,36.749963,36.749963,12492,17:25,17:15,True,,,
2009-02-10,44.666622,44.666622,43.33329,43.58329,38709,17:25,17:15,True,,,
2009-02-11,41.999958,41.999958,41.166626,41.333292,18360,17:25,17:15,True,,,
2009-02-12,41.249959,41.249959,40.999959,40.999959,5088,17:25,17:15,True,,,
2009-02-17,40.999959,40.999959,40.999959,40.999959,600,17:25,17:15,True,,,
2009-02-25,37.666629,37.666629,37.666629,37.666629,7038,17:25,17:15,True,,,
2009-03-02,38.833295,38.833295,38.833295,38.833295,1800,17:25,17:15,True,,,
2009-03-03,38.166629,38.166629,38.166629,38.166629,750,17:25,17:15,True,,,
2009-03-04,36.66663,36.66663,36.66663,36.66663,120,17:25,17:15,True,,,
2009-03-05,38.333295,38.333295,38.333295,38.333295,1800,17:25,17:15,True,9860.142857142857,0.18255313600208634,2.6904735714285715
2009-03-06,35.333298,35.333298,35.333298,35.333298,1863,17:25,17:15,True,9450.214285714286,0.19713838688465113,2.7738068571428562
2009-03-10,33.666633,33.666633,33.166633,33.166633,2262,17:25,17:15,True,7979.357142857143,0.2834814834707415,2.642854571428571
2009-03-11,37.999962,37.999962,37.999962,37.999962,8661,17:25,17:15,True,7397.571428571428,1.1707896413881003,2.726187857142857
2009-03-12,38.999961,38.999961,38.999961,38.999961,4845,17:25,17:15,True,7925.142857142857,0.6113454466796453,2.7619020714285716
2009-03-13,39.74996,39.99996,39.74996,39.99996,4116,17:25,17:15,True,7456.285714285715,0.5520174732727899,2.7619020714285716
2009-03-17,39.499961,39.499961,39.333294,39.333294,5313,17:25,17:15,True,6858.0,0.7747156605424322,2.684521214285714
2009-03-23,40.666626,40.666626,40.666626,40.666626,1200,17:25,17:15,True,4472.571428571428,0.2683020314296665,2.4107120000000006
2009-03-25,40.749959,40.749959,40.749959,40.749959,1500,17:25,17:15,True,3246.8571428571427,0.4619852164730729,2.5178547142857153
2009-03-26,40.999959,40.999959,40.999959,40.999959,1350,17:25,17:15,True,2990.5714285714284,0.45141874462596737,2.482140500000002
2009-03-27,41.666625,41.666625,41.666625,41.666625,4494,17:25,17:15,True,3044.1428571428573,1.4762776291707729,2.315474000000002
2009-03-30,39.99996,39.99996,39.666627,39.666627,10569,17:25,17:15,True,2862.4285714285716,3.6923192094624944,2.244045500000002
2009-04-01,39.833294,39.833294,39.833294,39.833294,3090,17:25,17:15,True,3488.785714285714,0.8856949818807198,2.202378857142859
2009-04-02,42.833291,42.833291,42.833291,42.833291,11190,17:25,17:15,True,3655.9285714285716,3.0607819002403143,2.2142835714285733
2009-04-08,43.416623,43.416623,43.33329,43.33329,11475,17:25,17:15,True,4446.642857142857,2.580598525372271,2.285712071428573
2009-04-17,48.083285,48.083285,47.916619,47.916619,6585,17:25,17:15,True,5137.714285714285,1.2816983650316984,2.2678549285714302
2009-04-21,47.333286,47.416619,47.333286,47.333286,63300,17:25,17:15,True,5475.0,11.561643835616438,2.4285690000000018
2009-04-22,47.666619,47.666619,47.666619,47.666619,2325,17:25,17:15,True,9834.857142857143,0.23640404392539655,2.333331000000001
2009-04-23,46.91662,46.91662,46.66662,46.66662,10149,17:25,17:15,True,9382.285714285714,1.0817193495340764,2.3095215000000002
2009-04-24,49.666617,49.666617,49.666617,49.666617,1800,17:25,17:15,True,9761.142857142857,0.18440463645943098,2.285712
2009-05-06,48.333285,48.333285,48.333285,48.333285,4044,17:25,17:15,True,9595.714285714286,0.4214381420276909,2.2380929999999997
2009-05-07,49.74995,49.99995,49.74995,49.99995,18147,17:25,17:15,True,9505.07142857143,1.9091913339495457,2.232140571428571
2009-05-08,49.333284,49.333284,49.333284,49.333284,20523,17:25,17:15,True,10715.57142857143,1.9152501699796023,2.1785692142857136
2009-05-11,50.333283,50.333283,50.333283,50.333283,17130,17:25,17:15,True,12074.357142857143,1.41870907058051,2.178569214285713
2009-05-15,49.166618,49.166618,49.166618,49.166618,1578,17:25,17:15,True,13201.5,0.11953187137825247,2.2380929999999988
2009-05-19,50.333283,50.333283,50.333283,50.333283,7650,17:25,17:15,True,12993.214285714286,0.5887688628679805,2.2440453571428556
2009-05-27,49.499951,49.499951,49.499951,49.499951,9225,17:25,17:15,True,12784.714285714286,0.7215648151252053,2.2976167142857133
2009-06-03,47.666619,47.749952,47.666619,47.749952,5064,17:25,17:15,True,13222.92857142857,0.3829711377963602,2.2023787857142847
2009-06-08,45.666621,45.666621,45.666621,45.666621,5775,17:25,17:15,True,12785.357142857143,0.45168859465348193,2.190473999999999
2009-06-09,45.833288,45.833288,45.833288,45.833288,615,17:25,17:15,True,12378.214285714286,0.04968406474508785,2.1011883571428567
2009-06-15,47.666619,47.666619,47.416619,47.416619,1872,17:25,17:15,True,11951.785714285714,0.15662931420887496,1.8988076428571428
2009-06-18,46.999953,46.999953,46.66662,46.66662,900,17:25,17:15,True,7564.071428571428,0.11898354061021559,1.946426571428572
2009-06-24,45.666621,45.666621,45.666621,45.666621,1200,17:25,17:15,True,7462.285714285715,0.16080863772111187,1.9345218571428577
2009-07-01,49.083284,49.083284,49.083284,49.083284,6108,17:25,17:15,True,6823.071428571428,0.8951980151377156,1.9761885000000008
2009-07-21,56.333277,56.333277,56.333277,56.333277,38385,17:25,17:15,True,7130.785714285715,5.382997265378489,2.0535694285714294
2009-07-23,53.666613,53.666613,53.666613,53.666613,2400,17:25,17:15,True,9583.714285714286,0.25042482783293085,2.404759571428572
2009-07-28,55.666611,55.666611,55.666611,55.666611,1500,17:25,17:15,True,8458.92857142857,0.1773274224192527,2.4166642857142864
2009-07-29,55.333278,55.333278,55.333278,55.333278,159,17:25,17:15,True,7100.142857142857,0.022393915615379973,2.3809500714285727
2009-07-30,56.333277,56.333277,56.333277,56.333277,3141,17:25,17:15,True,5887.928571428572,0.5334643520034938,2.3392835000000014
2009-08-03,58.166608,58.166608,58.166608,58.166608,8880,17:25,17:15,True,5999.571428571428,1.4801057218372742,2.3511882142857154
2009-08-04,59.666607,59.666607,59.666607,59.666607,6480,17:25,17:15,True,6087.428571428572,1.0644888763728526,2.369045357142858
2009-08-05,57.666609,57.666609,57.666609,57.666609,786,17:25,17:15,True,5891.357142857143,0.13341577856181572,2.369045357142858
2009-08-06,56.833277,57.333276,56.833277,56.999943,13776,17:25,17:15,True,5585.785714285715,2.4662600222503546,2.3095215714285717
2009-08-11,56.66661,56.66661,56.66661,56.66661,2118,17:25,17:15,True,6157.285714285715,0.34398273821953085,2.2857121428571427
2009-08-17,56.66661,56.66661,56.499944,56.499944,2427,17:25,17:15,True,6264.642857142857,0.3874123482127587,2.369045357142857
2009-08-21,58.166608,58.166608,58.166608,58.166608,3300,17:25,17:15,True,6304.285714285715,0.5234534330387491,2.2261883571428567
2009-08-24,60.333273,60.49994,60.333273,60.49994,7629,17:25,17:15,True,6475.714285714285,1.1780939774983454,2.476188071428571
2009-09-01,62.166605,62.166605,62.166605,62.166605,1359,17:25,17:15,True,6934.928571428572,0.19596452739239253,2.386902428571428
2009-09-02,58.999941,58.999941,58.999941,58.999941,5700,17:25,17:15,True,6595.714285714285,0.8641975308641976,2.4166642857142846
2009-09-03,58.666608,58.999941,58.666608,58.999941,2250,17:25,17:15,True,4261.071428571428,0.5280362081971335,2.0952360714285705
2009-09-04,58.999941,58.999941,58.999941,58.999941,3300,17:25,17:15,True,4250.357142857143,0.776405344088732,2.011902928571428
2009-09-07,59.666607,59.666607,59.666607,59.666607,8229,17:25,17:15,True,4378.928571428572,1.879226816735992,2.047617142857142
2009-09-08,61.499939,61.499939,61.499939,61.499939,9726,17:25,17:15,True,4955.357142857143,1.9627243243243242,2.178569357142856
2009-09-09,59.99994,59.99994,59.99994,59.99994,11880,17:25,17:15,True,5425.714285714285,2.18957345971564,2.166664642857142
2009-09-10,62.166605,62.166605,62.166605,62.166605,3780,17:25,17:15,True,5640.0,0.6702127659574468,2.1428550714285706
2009-09-14,59.666607,59.666607,59.166608,59.166608,14625,17:25,17:15,True,5447.142857142857,2.6848937844217153,2.14285507142857
2009-09-15,59.666607,59.666607,59.666607,59.666607,300,17:25,17:15,True,6435.642857142857,0.04661538973795492,2.178569357142856
2009-09-21,60.49994,60.49994,60.49994,60.49994,2640,17:25,17:15,True,5473.071428571428,0.4823616929642536,2.202378785714285
2009-09-30,59.666607,59.666607,59.666607,59.666607,1950,17:25,17:15,True,5510.357142857143,0.35387905891503013,2.16666457142857
2009-10-01,58.833275,58.833275,58.833275,58.833275,2595,17:25,17:15,True,5476.285714285715,0.4738613241508843,2.190474142857142
2009-10-05,57.999942,57.999942,57.999942,57.999942,1533,17:25,17:15,True,5425.928571428572,0.2825322854547609,1.9523791428571424
2009-10-08,61.333272,61.333272,61.333272,61.333272,1791,17:25,17:15,True,4990.5,0.35888187556357076,1.999998142857143
2009-10-12,61.999938,61.999938,61.999938,61.999938,2580,17:25,17:15,True,5021.357142857143,0.5138053172875858,1.952379142857143
2009-10-16,63.666603,63.666603,63.666603,63.666603,4425,17:25,17:15,True,4798.5,0.9221631759924976,1.9642838571428574
2009-10-19,63.33327,63.33327,63.33327,63.33327,3156,17:25,17:15,True,4953.857142857143,0.6370793321221558,2.0595217857142853
2009-10-21,65.833268,65.833268,65.833268,65.833268,534,17:25,17:15,True,4943.571428571428,0.10801907238838318,2.0119027857142853
2009-10-26,64.299936,64.299936,64.299936,64.299936,12453,17:25,17:15,True,4393.928571428572,2.834138015118264,1.9047600714285708
2009-10-28,62.93327,62.93327,62.866604,62.866604,12030,17:25,17:15,True,4588.714285714285,2.6216493882506775,2.071426571428571
2009-11-05,61.666605,61.666605,61.666605,61.666605,4326,17:25,17:15,True,4599.428571428572,0.9405516213194185,2.0809504285714278
2009-11-09,63.73327,63.83327,63.73327,63.83327,5280,17:25,17:15,True,4638.428571428572,1.1383165480920263,2.0547599999999995
2009-11-12,64.566602,64.566602,64.499935,64.499935,1305,17:25,17:15,True,3970.9285714285716,0.32863849765258213,2.004760071428571
2009-11-17,64.666602,64.666602,64.666602,64.666602,1230,17:25,17:15,True,4042.714285714286,0.30425103360542777,1.9523792142857137
2009-11-18,65.166602,65.333268,65.166602,65.333268,7206,17:25,17:15,True,3942.0,1.8280060882800608,1.9142839999999997
2009-11-20,65.999934,65.999934,65.999934,65.999934,10707,17:25,17:15,True,4317.428571428572,2.4799483819733967,1.857141142857142
2009-11-23,65.466601,65.466601,65.466601,65.466601,1680,17:25,17:15,True,4896.857142857143,0.3430771923682828,1.8190459285714273
2009-11-24,67.1666,67.1666,67.1666,67.1666,4620,17:25,17:15,True,4907.357142857143,0.9414436050827474,1.8380934999999978
2009-11-26,67.799932,67.799932,67.799932,67.799932,4881,17:25,17:15,True,5109.428571428572,0.955292736118101,1.7690459285714262
2009-12-01,66.6666,66.6666,66.6666,66.6666,900,17:25,17:15,True,5273.785714285715,0.17065539799276744,1.7404744999999977
2009-12-08,69.666597,69.666597,69.666597,69.666597,2232,17:25,17:15,True,5022.0,0.4444444444444444,1.6452364999999978
2009-12-09,68.199932,68.199932,68.199932,68.199932,5688,17:25,17:15,True,4956.0,1.1476997578692494,1.8238077857142838
2009-12-10,67.333266,67.333266,67.333266,67.333266,1314,17:25,17:15,True,5324.142857142857,0.2468002897850761,1.8428552857142841
2009-12-14,66.833266,66.833266,66.833266,66.833266,789,17:25,17:15,True,4528.5,0.17422987744286186,1.626188857142856
2009-12-18,66.6666,66.6666,66.6666,66.6666,4650,17:25,17:15,True,3725.5714285714284,1.2481306798573566,1.528569857142857
2009-12-21,66.166601,66.233267,66.166601,66.233267,12372,17:25,17:15,True,3748.714285714286,3.300331542243055,1.471426999999999
2009-12-28,68.999931,68.999931,68.999931,68.999931,6150,17:25,17:15,True,4255.285714285715,1.445261355624937,1.4261889285714275
2009-12-29,68.833265,68.833265,68.833265,68.833265,1671,17:25,17:15,True,4601.357142857143,0.36315372793740974,1.5190459285714277
2009-12-30,68.499932,68.499932,68.499932,68.499932,315,17:25,17:15,True,4632.857142857143,0.06799259944495836,1.4857126428571417
2010-01-08,67.999932,67.999932,67.999932,67.999932,2895,17:25,17:15,True,4140.642857142857,0.6991667960461626,1.5142840714285708
2010-01-11,67.999932,67.999932,67.999932,67.999932,3174,17:25,17:15,True,3582.6428571428573,0.8859381541958251,1.4928555714285707
2010-01-15,66.999933,66.999933,66.999933,66.999933,150,17:25,17:15,True,3689.3571428571427,0.04065748969042226,1.4261889999999997
2010-01-18,66.333267,66.333267,66.333267,66.333267,1425,17:25,17:15,True,3370.0714285714284,0.4228397024225854,1.473807928571429
2010-01-20,65.466601,65.466601,65.333268,65.333268,2424,17:25,17:15,True,3123.214285714286,0.776123499142367,1.4309508571428577
2010-01-22,63.466603,63.466603,63.466603,63.466603,8382,17:25,17:15,True,3232.0714285714284,2.5933832791884903,1.440474642857143
2010-01-26,62.999937,62.999937,62.999937,62.999937,3705,17:25,17:15,True,3671.3571428571427,1.0091636024047161,1.3142842142857138
2010-01-28,64.399936,64.399936,64.333269,64.333269,6816,17:25,17:15,True,3529.714285714286,1.9310344827586206,1.3261889999999994
2010-01-29,63.166604,63.166604,63.166604,63.166604,900,17:25,17:15,True,3922.714285714286,0.22943297279580466,1.428569857142856
2010-02-01,64.333269,64.333269,64.333269,64.333269,9918,17:25,17:15,True,3930.6428571428573,2.5232513765469116,1.4809507857142843
2010-02-04,64.333269,64.333269,64.333269,64.333269,1200,17:25,17:15,True,4306.928571428572,0.2786208269068113,1.4619032142857142
2010-02-08,61.333272,61.799938,61.333272,61.799938,3834,17:25,17:20,True,3508.9285714285716,1.0926412213740457,1.5976173571428574
2010-02-12,63.666603,63.666603,63.666603,63.666603,4200,17:25,17:20,True,3343.5,1.256168685509197,1.5571412857142855
2010-02-15,62.733271,62.833271,62.733271,62.833271,2334,17:25,17:20,True,3524.1428571428573,0.6622887024200413,1.6166650000000007
2010-02-16,62.333271,63.33327,62.333271,63.099937,11778,17:25,17:20,True,3668.3571428571427,3.2107015596705417,1.585712642857143
2010-02-17,64.333269,64.333269,64.333269,64.333269,42,17:25,17:20,True,4302.857142857143,0.009760956175298804,1.654760142857143
2010-02-18,64.833269,64.833269,63.999936,64.533269,13953,17:20,17:20,True,4079.1428571428573,3.420571548644673,1.6285696428571426
2010-02-19,64.633269,64.633269,64.499935,64.499935,3066,17:25,17:20,True,5065.071428571428,0.605322164403266,1.5785697857142853
2010-02-22,64.999935,64.999935,64.999935,64.999935,1818,17:25,17:15,True,5182.285714285715,0.3508104531921932,1.5452364999999995
2010-02-25,64.499935,64.499935,64.499935,64.499935,1500,17:25,17:20,True,5139.0,0.29188558085230587,1.504760428571428
2010-02-26,65.033268,65.033268,65.033268,65.033268,300,17:20,17:20,True,4647.428571428572,0.06455182589450387,1.4476176428571417
2010-03-02,66.833266,66.833266,66.833266,66.833266,864,17:25,17:20,True,4404.214285714285,0.19617574076777114,1.3428559285714274
2010-03-03,66.6666,66.6666,66.4666,66.4666,2217,17:25,17:20,True,3979.0714285714284,0.5571651677527062,1.2809511428571423
2010-03-05,66.833266,66.833266,66.833266,66.833266,405,17:25,17:15,True,4073.1428571428573,0.09943181818181818,1.1976178571428555
2010-03-10,67.666599,67.833266,67.666599,67.833266,2094,17:25,17:20,True,3393.6428571428573,0.6170360548083601,1.2666653571428543
2010-03-16,68.666598,68.866598,68.666598,68.866598,1068,17:25,17:15,True,3457.5,0.3088937093275488,1.1642844999999962
2010-03-17,69.499931,69.499931,69.499931,69.499931,6150,17:25,17:20,True,3259.9285714285716,1.8865444028133833,1.1047607142857114
2010-03-23,68.333265,68.333265,68.333265,68.333265,3879,17:25,17:20,True,3399.214285714286,1.1411460631658576,1.0499988571428542
2010-03-24,69.333264,69.333264,69.233264,69.233264,4938,17:25,17:20,True,3509.5714285714284,1.4070094028574918,1.0309512857142826
2010-03-25,69.666597,69.666597,69.666597,69.666597,600,17:25,17:20,True,3021.0,0.19860973187686196,0.988094214285712
2010-03-26,69.59993,69.59993,69.59993,69.59993,1794,17:25,17:20,True,3060.8571428571427,0.5861103332399888,0.9809514285714265
2010-03-29,69.666597,69.666597,69.666597,69.666597,3750,17:25,17:15,True,2192.3571428571427,1.710487733359398,0.9452371428571402
2010-03-31,69.666597,69.666597,69.666597,69.666597,1500,17:20,17:20,True,2241.214285714286,0.6692800458934889,0.9547609285714265
2010-04-06,70.999929,70.999929,70.999929,70.999929,2580,17:25,17:20,True,2218.5,1.162947937795808,0.9380942142857123
2010-04-07,71.633262,71.633262,71.599928,71.633262,3615,17:25,17:20,True,2295.6428571428573,1.5747223000093342,0.985713285714284
2010-04-08,71.166596,71.166596,71.166596,71.166596,1227,17:25,17:20,True,2532.4285714285716,0.4845151463868675,0.9785704285714273
2010-04-09,70.566596,71.233262,70.566596,71.233262,3540,17:25,17:20,True,2558.3571428571427,1.3837004774269204,0.9571419999999985
2010-04-14,71.899928,71.899928,71.899928,71.899928,3444,17:25,17:15,True,2652.8571428571427,1.2982229402261714,0.9928562857142842
2010-04-15,71.999928,71.999928,71.999928,71.999928,1050,17:25,17:20,True,2869.9285714285716,0.36586276413051594,0.9190468571428566
2010-04-16,71.833261,71.966595,71.833261,71.966595,4596,17:25,17:15,True,2795.3571428571427,1.6441548486009967,0.8833325714285719
2010-04-19,70.999929,70.999929,70.666596,70.666596,6240,17:25,17:15,True,3047.3571428571427,2.047675972153857,0.9261896428571431
2010-04-20,70.49993,70.49993,70.49993,70.49993,783,17:25,17:15,True,3053.785714285714,0.25640305943442565,0.9571420714285708
2010-04-23,69.666597,69.666597,69.666597,69.666597,852,17:20,17:20,True,2832.6428571428573,0.3007791814812013,0.9690467857142845
2010-04-28,68.866598,69.099931,68.666598,68.866598,8193,17:25,17:15,True,2540.785714285714,3.2245930673863543,1.0071419999999978
2010-04-29,71.666595,71.666595,70.999929,70.999929,9717,17:25,17:15,True,3083.1428571428573,3.151654156241312,1.1738084285714265
2010-05-04,68.333265,68.333265,68.166598,68.166598,3228,17:25,17:20,True,3649.0714285714284,0.8846086088437372,1.2357131428571415
2010-05-05,66.333267,66.833266,66.333267,66.833266,8670,17:20,17:20,True,3611.785714285714,2.4004746366063485,1.449998642857141
2010-05-06,64.666602,64.666602,64.433269,64.566602,29115,17:25,17:20,True,4123.928571428572,7.060015588464536,1.6119032857142852
2010-05-07,59.99994,61.666605,59.99994,61.333272,65568,17:25,17:20,True,6019.285714285715,10.892986828052686,1.683331714285714
2010-05-10,61.766605,63.53327,61.766605,63.43327,20076,17:25,17:20,True,10444.5,1.9221599885106995,1.861902928571428
2010-05-11,65.333268,65.333268,64.333269,64.333269,21111,17:25,17:15,True,11790.857142857143,1.790455074149462,2.1309502142857135
2010-05-14,65.833268,65.833268,64.999935,64.999935,5589,17:25,17:20,True,13045.92857142857,0.42840952021156026,2.142854928571428
2010-05-17,62.666604,63.33327,62.666604,63.33327,14865,17:25,17:20,True,13199.142857142857,1.126209494122995,2.2023787142857136
2010-05-18,64.366602,64.366602,64.366602,64.366602,1398,17:25,17:15,True,14185.92857142857,0.09854836029667226,2.288092999999999
2010-05-19,64.166602,64.166602,63.366603,63.366603,8910,17:25,17:20,True,13957.5,0.6383664696399785,2.2666644999999987
2010-05-20,64.966602,64.966602,64.966602,64.966602,1125,17:25,17:20,True,14148.214285714286,0.07951533510034078,2.3261881428571423
2010-05-21,61.999938,62.033271,61.999938,62.033271,3750,17:25,17:20,True,14172.642857142857,0.26459426359636523,2.5357117857142852
2010-05-24,63.499937,63.499937,63.166604,63.166604,12087,17:25,17:15,True,14379.642857142857,0.8405632963266523,2.5547593571428573
2010-05-25,61.599938,61.599938,61.599938,61.599938,2295,17:25,17:20,True,14657.785714285714,0.15657208017192228,2.4666642857142866
2010-05-27,63.33327,63.33327,62.999937,62.999937,4200,17:25,17:20,True,14127.642857142857,0.2972895084105629,2.4880927857142865
2010-06-04,64.333269,64.333269,64.333269,64.333269,5733,17:25,17:20,True,14197.07142857143,0.4038156762712632,2.416664357142858
2010-06-07,62.166605,62.166605,61.999938,61.999938,3432,17:25,17:15,True,13987.285714285714,0.24536568924839908,2.3380929285714283
2010-06-08,62.166605,62.166605,62.166605,62.166605,150,17:25,17:20,True,12152.785714285714,0.012342849082221007,2.2309502142857136
2010-06-09,63.33327,63.33327,63.33327,63.33327,6285,17:25,17:15,True,7480.071428571428,0.8402326180995217,2.071426571428571
2010-06-10,63.999936,63.999936,63.999936,63.999936,1500,17:25,17:20,True,6495.0,0.23094688221709006,1.8166649285714283
2010-06-14,64.666602,64.999935,64.666602,64.999935,3681,17:25,17:15,True,5094.214285714285,0.7225844445379213,1.8166649285714287
2010-06-15,65.666601,65.666601,65.666601,65.666601,1770,17:25,17:15,True,4957.928571428572,0.35700393309417816,1.8214267857142856
2010-06-16,66.333267,66.333267,66.333267,66.333267,1800,17:25,17:15,True,4022.5714285714284,0.4474749627104198,1.7261887857142852
2010-06-18,66.199934,66.199934,66.199934,66.199934,357,17:25,17:20,True,4051.285714285714,0.08812017348989738,1.7071411428571426
2010-06-21,66.999933,67.599932,66.999933,67.499933,6513,17:25,17:15,True,3440.3571428571427,1.8931174089068827,1.6595222142857138
2010-06-23,67.999932,67.999932,67.333266,67.333266,1308,17:25,17:20,True,3825.214285714286,0.3419416279200045,1.4476176428571423
2010-06-24,66.333267,66.333267,66.333267,66.333267,1800,17:25,17:20,True,3650.785714285714,0.49304455009684806,1.4476176428571428
2010-06-29,64.633269,64.633269,64.333269,64.333269,2943,17:25,17:15,True,2916.0,1.0092592592592593,1.4142842857142857
2010-06-30,63.566603,63.566603,63.266603,63.266603,4674,17:25,17:20,True,2962.285714285714,1.5778356481481481,1.3833319999999998
2010-07-02,62.999937,62.999937,62.999937,62.999937,450,17:25,17:20,True,2996.1428571428573,0.15019310542125588,1.3047605714285706
2010-07-05,63.999936,63.999936,63.999936,63.999936,921,17:25,17:15,True,2618.785714285714,0.35168971442598806,1.2571415714285712
2010-07-07,64.899935,64.899935,64.666602,64.666602,3660,17:25,17:20,True,2439.4285714285716,1.500351370344343,1.266665357142857
2010-07-15,68.999931,68.999931,68.999931,68.999931,15,17:25,17:20,True,2690.1428571428573,0.005575912059901226,1.4499985
2010-07-19,66.6666,66.6666,66.633267,66.633267,3150,17:25,17:15,True,2242.285714285714,1.4048165137614679,1.559522214285714
2010-07-20,65.666601,65.666601,64.999935,65.199935,2193,17:25,17:20,True,2360.1428571428573,0.9291810423097875,1.6071412142857129
2010-07-21,65.333268,65.333268,65.333268,65.333268,30,17:25,17:15,True,2253.8571428571427,0.013310515307092605,1.7214267857142846
2010-07-23,66.6666,66.999933,66.6666,66.999933,633,17:25,17:20,True,2129.5714285714284,0.29724290601730735,1.7928552142857137
2010-07-30,67.333266,67.333266,67.333266,67.333266,18,17:25,17:20,True,2046.2142857142858,0.008796732642161482,1.876188499999999
2010-08-02,67.399933,67.999932,67.399933,67.999932,405,17:25,17:20,True,2022.0,0.20029673590504452,1.9571407857142853
2010-08-03,70.49993,70.999929,70.49993,70.766596,14445,17:25,17:20,True,1585.7142857142858,9.109459459459458,2.1404739285714283
2010-08-06,69.99993,70.999929,69.99993,70.999929,1917,17:25,17:20,True,2524.0714285714284,0.7594872230240258,2.069045428571428
2010-08-09,69.99993,70.999929,69.99993,70.699929,2592,17:25,17:20,True,2532.4285714285716,1.0235234388221357,2.0904740714285706
2010-08-10,69.533264,69.99993,69.533264,69.766597,2316,17:25,17:20,True,2507.3571428571427,0.9236817366037091,2.1047597142857133
2010-08-11,69.099931,69.533264,68.999931,68.999931,5037,17:25,17:20,True,2338.9285714285716,2.153550160329821,2.059521642857143
2010-08-13,67.666599,68.433265,67.666599,68.366598,765,17:25,17:20,True,2666.5714285714284,0.2868852459016394,2.133331071428571
2010-08-16,67.499933,67.833266,67.499933,67.566599,6387,17:25,17:20,True,2655.4285714285716,2.40526145900581,2.1833310000000004
2010-08-19,66.733267,67.1666,66.733267,67.1666,2442,17:25,17:20,True,2850.214285714286,0.8567776858882791,2.049997785714286
2010-08-20,65.566601,66.299934,65.566601,66.299934,1377,17:25,17:20,True,3023.5714285714284,0.45542168674698796,1.954759785714287
2010-08-23,64.666602,64.666602,64.666602,64.666602,2547,17:25,17:20,True,2896.9285714285716,0.8792070419409719,1.9642836428571446
2010-08-24,64.666602,64.666602,64.666602,64.666602,4800,17:25,17:20,True,2922.214285714286,1.6425900124660848,1.7833315000000016
2010-08-25,63.666603,63.666603,63.666603,63.666603,12,17:25,17:15,True,3262.9285714285716,0.0036776778091547908,1.7642839285714302
2010-08-27,63.999936,63.999936,63.83327,63.83327,4200,17:25,17:20,True,3218.5714285714284,1.3049267643142477,1.7499982142857162
2010-08-30,66.333267,66.333267,66.333267,66.333267,6900,17:25,17:20,True,3517.285714285714,1.9617399780675033,1.7642839285714298
2010-09-01,64.666602,65.266601,64.666602,65.266601,639,17:25,17:20,True,3981.214285714286,0.16050379460681413,1.6857125714285732
2010-09-03,68.166598,68.199932,67.999932,68.199932,8703,17:25,17:15,True,2995.0714285714284,2.905773771195536,1.8523790714285735
2010-09-08,67.666599,67.666599,67.666599,67.666599,1536,17:25,17:15,True,3479.785714285714,0.4414064905474475,1.7952362142857154
2010-09-09,68.199932,68.199932,67.699932,67.999932,1095,17:25,17:20,True,3404.3571428571427,0.3216466293195695,1.7738076428571443
2010-09-10,68.666598,68.666598,68.333265,68.333265,1410,17:25,17:20,True,3317.1428571428573,0.42506459948320413,1.776188642857143
2010-09-13,68.366598,69.166598,68.366598,69.166598,4350,17:25,17:15,True,3058.0714285714284,1.422465139093266,1.659522142857144
2010-09-14,69.666597,69.99993,69.666597,69.99993,26427,17:25,17:15,True,3314.1428571428573,7.97400750032329,1.6523793571428576
2010-09-15,69.966597,69.99993,69.833264,69.99993,1815,17:25,17:20,True,4745.571428571428,0.38246184412534995,1.595236571428572
2010-09-16,69.666597,69.666597,69.666597,69.666597,2400,17:25,17:15,True,4700.785714285715,0.5105529470757167,1.5523794285714285
2010-09-20,69.99993,70.566596,69.99993,70.566596,12135,17:25,17:15,True,4773.857142857143,2.5419696561630305,1.5047604285714289
2010-09-21,71.499929,71.666595,71.499929,71.666595,7761,17:25,17:20,True,5458.714285714285,1.421763366569836,1.5523794285714285
2010-09-22,71.166596,71.166596,70.999929,70.999929,6966,17:25,17:15,True,5670.214285714285,1.2285249990552134,1.5023794999999995
2010-09-27,71.299929,71.299929,71.266595,71.266595,2580,17:25,17:20,True,6166.928571428572,0.41836061016713577,1.4666652857142846
2010-09-28,70.333263,70.666596,70.333263,70.633263,7263,17:25,17:20,True,6051.214285714285,1.2002549665356423,1.3238082857142852
2010-09-29,71.333262,71.499929,71.299929,71.299929,6000,17:25,17:20,True,6077.142857142857,0.9873060648801129,1.233332214285713
2010-09-30,72.666594,72.833261,72.233261,72.533261,14589,17:25,17:20,True,6460.071428571428,2.2583341626032443,1.1285703571428556
2010-10-01,72.433261,72.699927,72.333261,72.699927,10359,17:25,17:15,True,6880.5,1.5055591890124265,1.1309512857142852
2010-10-04,72.333261,72.333261,71.999928,72.266594,1947,17:25,17:20,True,7510.714285714285,0.2592296718972896,1.1214275714285702
2010-10-05,71.666595,71.733262,71.599928,71.599928,3381,17:25,17:15,True,7571.571428571428,0.4465387445519896,1.1428560714285712
2010-10-06,72.999927,73.099927,72.999927,73.099927,7467,17:25,17:20,True,7712.357142857143,0.9681864910672112,1.2690464285714274
2010-10-07,72.333261,73.299927,72.333261,73.299927,11949,17:25,17:20,True,7935.0,1.5058601134215501,1.1904750714285706
2010-10-11,73.33326,73.566593,73.33326,73.566593,2358,17:25,17:20,True,6900.857142857143,0.3416966836417836,1.2619035714285718
2010-10-13,73.299927,73.73326,73.299927,73.499927,2040,17:25,17:20,True,6939.642857142857,0.29396325459317585,1.254760714285715
2010-10-15,74.333259,74.999925,74.333259,74.999925,7011,17:25,17:20,True,6913.928571428572,1.0140399814039982,1.259522571428572
2010-10-18,73.33326,73.666593,73.33326,73.399927,8700,17:25,17:15,True,6547.928571428572,1.32866446313447,1.2714272857142868
2010-10-19,73.966593,74.666592,73.966593,74.099926,2208,17:25,17:20,True,6615.0,0.33378684807256237,1.2880939285714308
2010-10-20,74.299926,74.299926,73.366593,73.799926,12987,17:25,17:20,True,6275.142857142857,2.069594317716159,1.302379571428574
2010-10-21,74.666592,74.666592,72.866594,73.33326,9855,17:25,17:20,True,7018.5,1.4041461850822825,1.4428556428571448
2010-10-22,71.999928,72.333261,71.866595,72.133261,18918,17:25,17:20,True,7203.642857142857,2.6261712823868875,1.5761887857142878
2010-10-25,73.13326,73.566593,72.833261,72.833261,8826,17:25,17:15,True,8126.357142857143,1.0860955093215199,1.5309508571428592
2010-10-26,72.033261,72.633261,72.033261,72.499928,4977,17:25,17:15,True,7714.714285714285,0.6451308260652187,1.549998500000002
2010-10-28,72.999927,73.566593,72.733261,73.266593,8694,17:25,17:20,True,7330.285714285715,1.1860383536014967,1.516665214285717
2010-11-01,71.933261,72.166595,71.933261,71.999928,1743,17:25,17:20,True,7812.214285714285,0.2231121595304057,1.516665214285717
2010-11-04,71.433262,72.233261,71.433262,71.966595,3903,17:25,17:20,True,7695.214285714285,0.5071983514800479,1.421427214285716
2010-11-09,71.699928,71.999928,71.666595,71.899928,5721,17:25,17:20,True,7440.642857142857,0.7688851769720358,1.4499985714285728
2010-11-10,71.833261,72.233261,71.833261,72.233261,3201,17:25,17:20,True,6995.785714285715,0.4575611847949275,1.3523796428571433
2010-11-12,71.566595,71.566595,70.166597,70.599929,12585,17:25,17:15,True,7056.0,1.7835884353741496,1.349998714285714
2010-11-15,70.699929,70.733263,70.29993,70.333263,7341,17:25,17:20,True,7809.214285714285,0.94004335537689,1.3595225000000002
2010-11-16,71.333262,71.333262,71.333262,71.333262,450,17:25,17:20,True,7832.785714285715,0.057450824829699335,1.3333320714285708
2010-11-17,69.333264,69.566597,68.999931,69.566597,6138,17:25,17:15,True,7243.5,0.8473804100227791,1.3738082142857135
2010-11-18,70.666596,70.699929,70.333263,70.333263,7011,17:25,17:20,True,7524.214285714285,0.9317916441204113,1.3690463571428566
2010-11-19,70.933262,71.266595,70.933262,71.233262,2697,17:25,17:20,True,7097.357142857143,0.3800006038465022,1.2690464999999997
2010-11-22,71.333262,71.666595,71.333262,71.566595,9468,17:25,17:20,True,6586.071428571428,1.4375793069790141,1.1214276428571435
2010-11-24,68.666598,68.833265,68.433265,68.699931,20511,17:25,17:20,True,5911.071428571428,3.4699293094072865,1.1714275714285713
2010-11-25,69.166598,69.466597,69.099931,69.099931,5046,17:25,17:20,True,6745.714285714285,0.7480304955527319,1.2690464999999997
2010-11-29,68.999931,69.333264,68.999931,69.333264,7773,17:25,17:15,True,6750.642857142857,1.1514458940418373,1.2595226428571422
2010-11-30,68.999931,68.999931,68.999931,68.999931,3747,17:25,17:15,True,6684.857142857143,0.5605205795614823,1.249998857142857
2010-12-01,68.933264,69.333264,68.933264,69.333264,2433,17:25,17:20,True,6828.0,0.3563268892794376,1.2333321428571438
2010-12-02,70.666596,70.766596,70.49993,70.666596,15390,17:25,17:20,True,6723.0,2.289156626506024,1.2690464285714305
2010-12-06,70.433263,70.799929,70.433263,70.799929,2883,17:25,17:20,True,7413.642857142857,0.3888776483510131,1.321427285714287
2010-12-10,70.49993,70.49993,70.19993,70.19993,1059,17:25,17:20,True,7390.928571428572,0.14328375518251138,1.3571415714285737
2010-12-13,69.666597,69.99993,69.666597,69.99993,1929,17:25,17:20,True,6567.642857142857,0.29371268230611114,1.2999988571428591
2010-12-15,70.233263,70.266596,70.19993,70.266596,5013,17:25,17:15,True,6181.071428571428,0.8110244409776391,1.2547607857142882
2010-12-16,70.49993,71.166596,70.49993,70.766596,1155,17:25,17:20,True,6507.0,0.17750115260488705,1.2309512857142875
2010-12-17,70.666596,70.666596,70.666596,70.666596,2460,17:25,17:20,True,6151.071428571428,0.39993032572722526,1.1976180000000016
2010-12-20,70.49993,70.666596,70.49993,70.666596,6627,17:25,17:20,True,5826.0,1.1374871266735325,1.1357132142857154
2010-12-21,70.866596,71.333262,70.866596,70.999929,6018,17:25,17:15,True,6106.714285714285,0.9854726647484034,1.147617928571428
2010-12-22,71.333262,71.533262,71.199929,71.533262,5883,17:25,17:20,True,5860.285714285715,1.003875968992248,1.047618
2010-12-28,71.499929,71.833261,71.499929,71.666595,795,17:25,17:20,True,4815.428571428572,0.1650943396226415,0.919046714285714
2010-12-29,71.499929,71.666595,71.366595,71.366595,1446,17:25,17:15,True,4511.785714285715,0.32049394443125145,0.919046714285714
2010-12-30,71.199929,71.399929,71.199929,71.199929,1476,17:25,17:20,True,4059.8571428571427,0.3635595904148633,0.8714277142857136
2011-01-04,71.666595,72.299928,71.666595,72.133261,15720,17:25,17:20,True,3897.6428571428573,4.033206883281104,0.8714277857142848
2011-01-07,73.33326,73.33326,72.633261,72.866594,2319,17:25,17:20,True,4846.714285714285,0.4784684764346981,0.8809515714285701
2011-01-10,74.166593,74.166593,72.999927,73.23326,11673,17:25,17:20,True,3913.0714285714284,2.983078692295055,0.8999991428571416
2011-01-11,72.666594,73.299927,72.666594,73.066594,3243,17:25,17:20,True,4540.928571428572,0.7141711103770468,0.8999991428571416
2011-01-13,73.43326,74.066593,73.43326,73.999926,4308,17:25,17:20,True,4696.928571428572,0.9171951275149414,0.9214276428571415
2011-01-14,72.666594,72.666594,71.966595,72.333261,5406,17:25,17:20,True,4866.857142857143,1.1107784431137724,1.0523799285714273
2011-01-19,72.966594,73.33326,72.966594,73.066594,14172,17:25,17:20,True,4894.928571428572,2.8952414306352057,1.0380942142857126
2011-01-20,73.33326,73.666593,72.966594,73.099927,3432,17:25,17:20,True,5824.714285714285,0.589213450077257,1.0738084285714282
2011-01-21,71.999928,72.099928,71.666595,71.666595,4845,17:25,17:20,True,5894.142857142857,0.8220024721878864,1.197617857142857
2011-01-24,71.599928,71.666595,71.333262,71.633262,3186,17:25,17:15,True,5766.857142857143,0.5524673008323424,1.202379714285715
2011-01-25,71.999928,72.499928,71.999928,72.333261,2505,17:25,17:15,True,5564.571428571428,0.4501694393099199,1.235713000000001
2011-01-26,71.833261,72.099928,71.766595,71.766595,2277,17:25,17:20,True,5323.285714285715,0.4277433378954995,1.2857130000000012
2011-01-27,73.53326,73.699926,73.166594,73.699926,4932,17:25,17:20,True,5429.142857142857,0.9084306915061573,1.3785700714285727
2011-01-28,73.399927,73.399927,73.399927,73.399927,105,17:25,17:20,True,5678.142857142857,0.018491961657483586,1.4119034285714298
2011-02-01,72.333261,73.03326,72.099928,72.599927,2127,17:25,17:15,True,5580.214285714285,0.3811681579048424,1.4595224285714292
2011-02-02,73.33326,73.499927,73.299927,73.499927,23103,17:25,17:20,True,4609.285714285715,5.012273361227336,1.438093857142857
2011-02-03,71.999928,72.266594,71.999928,72.199928,7743,17:25,17:20,True,6093.857142857143,1.27062381320768,1.4452367142857148
2011-02-04,71.666595,72.233261,71.666595,72.166595,7200,17:25,17:20,True,5813.142857142857,1.2385726924211147,1.4047605714285711
2011-02-07,71.666595,71.966595,71.666595,71.666595,6174,17:25,17:20,True,6095.785714285715,1.0128308784757618,1.454760499999999
2011-02-08,71.666595,72.266594,71.666595,71.999928,2979,17:25,17:20,True,6229.071428571428,0.47824142557363514,1.3904748571428567
2011-02-09,72.333261,72.366594,71.633262,71.899928,37650,17:25,17:20,True,6055.714285714285,6.21726822363765,1.4261891428571423
2011-02-10,70.999929,71.099929,70.999929,71.099929,12975,17:25,17:20,True,7732.714285714285,1.6779360416782132,1.488093785714284
2011-02-11,70.999929,70.999929,70.433263,70.633263,6435,17:25,17:20,True,8414.357142857143,0.7647643059057223,1.4333319285714268
2011-02-15,70.333263,70.933262,70.333263,70.866596,3525,17:25,17:15,True,8527.92857142857,0.4133477397793804,1.4119034285714267
2011-02-16,69.733264,70.666596,69.733264,69.99993,3876,17:25,17:15,True,8552.142857142857,0.45321974442495616,1.4666652142857117
2011-02-17,70.49993,70.666596,70.49993,70.533263,3075,17:25,17:15,True,8650.07142857143,0.3554883939851859,1.4214270714285686
2011-02-18,69.666597,69.666597,69.666597,69.666597,723,17:25,17:20,True,8707.07142857143,0.08303595599635763,1.4261889285714255
2011-02-21,69.99993,69.99993,69.666597,69.866597,10245,17:25,17:20,True,8406.42857142857,1.2187101707876626,1.4095222142857113
2011-02-22,69.666597,69.666597,69.333264,69.333264,4284,17:25,17:20,True,9130.714285714286,0.46918563717437217,1.3571412857142835
2011-02-23,68.799931,68.999931,68.799931,68.999931,5052,17:25,17:20,True,9284.785714285714,0.5441159500565441,1.3071413571428556
2011-02-25,69.333264,69.333264,69.333264,69.333264,234,17:25,17:15,True,7995.428571428572,0.02926672384219554,1.2523795714285697
2011-02-28,71.266595,71.266595,70.666596,70.666596,7476,17:25,17:20,True,7459.071428571428,1.0022695279956333,1.3261889999999994
2011-03-01,70.833263,71.166596,70.833263,71.166596,8010,17:25,17:20,True,7478.785714285715,1.071029483395891,1.2880937857142851
2011-03-02,69.99993,69.99993,69.99993,69.99993,33345,17:25,17:20,True,7609.928571428572,4.381775687776307,1.2571414285714277
2011-03-03,70.333263,70.333263,69.199931,69.199931,5655,17:25,17:20,True,9778.92857142857,0.578284211679632,1.245236714285714
2011-03-04,68.833265,68.833265,68.666598,68.666598,3960,17:25,17:20,True,7493.571428571428,0.5284529596797255,1.2309510714285719
2011-03-07,68.533265,68.533265,68.433265,68.433265,4875,17:25,17:15,True,6849.642857142857,0.7117159393086189,1.195236785714286
2011-03-09,69.99993,70.233263,69.99993,70.233263,1995,17:25,17:15,True,6738.214285714285,0.2960725075528701,1.2714272142857144
2011-03-14,68.599931,69.033264,68.599931,69.033264,8964,17:25,17:15,True,6628.928571428572,1.3522547276547598,1.2166654285714296
2011-03-15,68.333265,68.333265,67.833266,67.833266,21273,17:25,17:20,True,6992.357142857143,3.0423217186111366,1.2404750000000015
2011-03-18,68.333265,68.666598,68.333265,68.666598,7989,17:25,17:20,True,8292.214285714286,0.9634338579218027,1.2642845000000011
2011-03-21,69.633264,69.99993,69.633264,69.99993,4809,17:25,17:20,True,8811.214285714286,0.545781755392884,1.3857130000000006
2011-03-22,70.833263,70.833263,70.333263,70.39993,9765,17:25,17:15,True,8422.92857142857,1.1593354873177806,1.4071415714285718
2011-03-23,70.899929,70.899929,70.533263,70.566596,8310,17:25,17:20,True,8814.42857142857,0.9427724023921817,1.4142844285714287
2011-03-24,68.666598,68.666598,67.533266,67.866599,8352,17:25,17:20,True,9047.142857142857,0.9231643770724776,1.4023796428571427
2011-03-25,68.333265,68.666598,68.333265,68.633265,4965,17:25,17:15,True,9627.0,0.5157369897164226,1.4952366428571418
2011-03-28,69.333264,69.333264,68.399932,68.399932,1524,17:25,17:20,True,9447.642857142857,0.1613100773435551,1.4880938571428561
2011-03-29,69.499931,69.499931,68.333265,68.366598,1857,17:25,17:20,True,8984.357142857143,0.20669258473060317,1.4904747857142837
2011-03-30,68.799931,69.333264,68.799931,68.999931,2940,17:25,17:20,True,6735.214285714285,0.4365117240940473,1.4690462142857126
2011-03-31,68.333265,69.166598,68.333265,69.166598,2421,17:25,17:15,True,6541.285714285715,0.37011072528336497,1.3976177142857122
2011-04-01,68.499932,68.499932,68.499932,68.499932,306,17:25,17:20,True,6431.357142857143,0.047579382267684,1.4047606428571402
2011-04-04,69.333264,69.333264,68.866598,68.866598,4392,17:25,17:20,True,6105.0,0.7194103194103194,1.371427285714283
2011-04-05,69.333264,69.333264,69.066598,69.066598,3894,17:25,17:20,True,6276.214285714285,0.620437706988972,1.3547606428571402
2011-04-07,69.333264,69.566597,69.333264,69.566597,2355,17:25,17:20,True,5914.071428571428,0.39820283343599405,1.3119034999999977
2011-04-08,69.099931,69.099931,69.099931,69.099931,300,17:25,17:20,True,4562.785714285715,0.06574930728408397,1.2404750714285697
2011-04-11,69.99993,70.333263,69.99993,70.333263,12060,17:25,17:20,True,4013.5714285714284,3.0048051254671653,1.1523798571428563
2011-04-12,70.999929,70.999929,70.033263,70.433263,7275,17:25,17:20,True,4531.5,1.6054286660046342,1.1857131428571412
2011-04-13,69.99993,70.066597,69.99993,70.066597,3216,17:25,17:20,True,4353.642857142857,0.7386917359846434,1.1952369285714266
2011-04-14,70.49993,70.49993,70.49993,70.49993,5346,17:25,17:20,True,3989.785714285714,1.3399215854772006,1.2238083571428555
2011-04-15,70.666596,70.666596,70.666596,70.666596,186,17:25,17:20,True,3775.0714285714284,0.04927059090651076,1.054760999999998
2011-04-18,69.99993,70.333263,69.99993,70.333263,819,17:25,17:20,True,3433.714285714286,0.23851722416375437,1.0380942857142839
2011-04-20,69.366597,70.19993,69.366597,70.19993,2955,17:25,17:20,True,3383.3571428571427,0.8733928684527204,1.0523799999999994
2011-04-26,71.333262,71.333262,71.333262,71.333262,1899,17:25,17:20,True,3461.785714285714,0.548560817084494,1.114284642857142
2011-04-28,69.99993,69.99993,69.59993,69.59993,4485,17:25,17:20,True,3387.4285714285716,1.3240131578947367,1.1452369999999985
2011-04-29,68.999931,68.999931,68.999931,68.999931,6225,17:25,17:15,True,3534.8571428571427,1.7610329776915616,1.3857129285714282
2011-05-02,69.399931,69.399931,69.399931,69.399931,1200,17:25,17:20,True,3957.6428571428573,0.3032107856408035,1.3333320714285708
2011-05-03,69.633264,69.79993,69.333264,69.79993,4920,17:25,17:15,True,3729.6428571428573,1.3191611605860385,1.3285701428571417
2011-05-04,69.333264,69.333264,68.666598,68.699931,1086,17:25,17:15,True,3802.9285714285716,0.28556939200991716,1.371427214285713
2011-05-05,68.666598,68.666598,68.666598,68.666598,1461,17:25,17:15,True,3712.285714285714,0.3935580697298545,1.3499986428571416
2011-05-06,68.266598,68.733265,68.266598,68.366598,2514,17:25,17:20,True,3795.214285714286,0.6624131895432217,1.309522499999998
2011-05-09,68.999931,68.999931,68.499932,68.499932,2616,17:25,17:20,True,3113.3571428571427,0.8402505334159268,1.2642844999999983
2011-05-10,68.033265,68.033265,68.033265,68.033265,6000,17:25,17:15,True,2780.5714285714284,2.157829839704069,1.2595226428571422
2011-05-11,68.733265,68.833265,68.733265,68.833265,5790,17:25,17:20,True,2979.4285714285716,1.943325661680092,1.2404750714285708
2011-05-12,68.766598,68.866598,68.699931,68.866598,2979,17:25,17:15,True,3011.1428571428573,0.98932536293766,1.2142845714285713
2011-05-13,68.999931,68.999931,68.999931,68.999931,2145,17:25,17:20,True,3210.6428571428573,0.6680905025695788,1.2023798571428566
2011-05-17,68.666598,68.666598,68.666598,68.666598,1242,17:25,17:20,True,3305.3571428571427,0.3757536466774717,1.1642846428571423
2011-05-23,68.666598,68.666598,67.666599,67.666599,6441,17:25,17:20,True,3183.0,2.0235626767200756,1.0809514285714283
2011-05-24,66.999933,66.999933,66.999933,66.999933,11631,17:25,17:20,True,3507.4285714285716,3.3161045943304006,1.1047609285714282
2011-05-25,66.599933,66.599933,66.166601,66.166601,2862,17:25,17:20,True,4017.8571428571427,0.7123200000000001,0.8547612142857132
2011-05-26,67.733266,67.733266,67.733266,67.733266,3300,17:25,17:20,True,3777.6428571428573,0.8735606103579329,0.9119039999999998
2011-05-27,67.866599,68.299932,67.866599,68.299932,1179,17:25,17:20,True,3927.6428571428573,0.3001800425555131,0.9214277857142861
2011-05-30,68.499932,68.499932,68.466598,68.466598,2433,17:25,17:20,True,3660.4285714285716,0.6646762674159934,0.9023802142857146
2011-05-31,68.033265,68.166598,68.033265,68.166598,900,17:25,17:20,True,3756.6428571428573,0.23957560892133933,0.8690469285714286
2011-06-07,66.333267,66.5666,66.333267,66.533267,8871,17:25,17:15,True,3716.5714285714284,2.3868773062730626,0.8952374285714291
2011-06-08,66.6666,66.6666,66.333267,66.333267,1059,17:25,17:20,True,4170.642857142857,0.2539176899758516,0.9738087142857148
2011-06-09,65.099935,65.133268,65.099935,65.099935,4692,17:25,17:20,True,4059.4285714285716,1.1558277027027026,1.0261895714285723
2011-06-15,64.833269,64.833269,64.466602,64.466602,3672,17:25,17:20,True,3966.0,0.9258698940998488,1.047618071428572
2011-06-16,63.33327,63.33327,62.999937,62.999937,8835,17:20,17:20,True,3814.714285714286,2.3160319065273565,1.1309512857142856
2011-06-17,62.633271,62.633271,62.033271,62.033271,993,17:25,17:20,True,4233.0,0.23458540042523032,1.1880940714285717
2011-06-20,63.33327,63.33327,62.999937,63.266603,3402,17:20,17:20,True,4150.714285714285,0.8196179659266908,1.271427357142857
2011-06-21,62.833271,63.266603,62.833271,62.999937,3486,17:25,17:20,True,4305.0,0.8097560975609757,1.2880939999999994
2011-06-22,63.999936,63.999936,63.466603,63.466603,3960,17:25,17:20,True,4093.9285714285716,0.9672860507720492,1.2595225714285714
2011-06-23,62.799937,62.799937,61.999938,62.066605,4170,17:25,17:20,True,3546.0,1.1759729272419628,1.3095224285714286
2011-06-27,60.999939,61.299939,60.733273,60.733273,4329,17:25,17:20,True,3639.4285714285716,1.1894724446537919,1.319046214285714
2011-06-28,61.099939,61.166605,61.099939,61.166605,2094,17:25,17:20,True,3712.9285714285716,0.5639752986668205,1.3261890714285711
2011-07-01,64.333269,64.799935,64.333269,64.433269,1521,17:25,17:20,True,3778.285714285714,0.4025635208711434,1.330951
2011-07-04,65.633268,65.633268,64.899935,65.099935,1872,17:25,17:15,True,3713.1428571428573,0.5041551246537396,1.547617428571429
2011-07-05,64.999935,64.999935,64.599935,64.599935,2154,17:25,17:15,True,3782.5714285714284,0.5694538862451847,1.5619031428571435
2011-07-06,64.999935,64.999935,64.366602,64.933268,7230,17:25,17:20,True,3302.785714285714,2.1890611821189907,1.4690461428571442
2011-07-07,64.199936,64.399936,64.199936,64.399936,927,17:25,17:15,True,3743.5714285714284,0.24762449914138523,1.4499985714285717
2011-07-11,63.399937,63.699936,63.399937,63.699936,558,17:25,17:20,True,3474.6428571428573,0.16059204440333025,1.4333319285714288
2011-07-12,62.999937,62.999937,62.333271,62.333271,2076,17:25,17:20,True,3252.214285714286,0.6383343216709495,1.402379571428573
2011-07-13,62.833271,62.833271,62.833271,62.833271,300,17:25,17:20,True,2769.4285714285716,0.10832559579077684,1.3999986428571443
2011-07-18,61.999938,62.066605,61.799938,62.066605,6474,17:25,17:20,True,2719.9285714285716,2.380209564326794,1.3571415000000013
2011-07-19,61.099939,61.933271,61.099939,61.266605,5355,17:25,17:20,True,2939.3571428571427,1.8218269300867538,1.4380937857142868
2011-07-20,65.099935,65.866601,64.666602,64.833269,49242,17:25,17:20,True,3072.8571428571427,16.024825662482566,1.4523795000000013
2011-07-21,64.466602,65.099935,64.466602,65.099935,3312,17:25,17:20,True,6307.285714285715,0.5251070190935653,1.595236571428573
2011-07-22,65.999934,66.299934,65.866601,66.066601,4002,17:25,17:20,True,6246.0,0.6407300672430355,1.633331785714287
2011-07-25,65.333268,65.333268,64.766602,64.766602,4755,17:25,17:15,True,6222.642857142857,0.7641447708254416,1.6809507857142871
2011-07-27,64.333269,64.899935,64.333269,64.566602,1173,17:25,17:20,True,6412.714285714285,0.18291786406469293,1.6738079285714298
2011-07-28,63.666603,64.066603,63.666603,63.999936,2511,17:25,17:20,True,6387.857142857143,0.39308956725930894,1.4761890714285724
2011-07-29,64.666602,64.666602,64.666602,64.666602,150,17:25,17:20,True,6433.5,0.023315458148752622,1.5023795
2011-08-03,63.099937,63.099937,62.999937,62.999937,750,17:20,17:20,True,6290.357142857143,0.11923011412025208,1.5333318571428565
2011-08-04,61.999938,62.499938,61.999938,62.499938,8037,17:25,17:20,True,5827.5,1.3791505791505791,1.699998357142857
2011-08-08,58.666608,59.666607,58.666608,59.666607,13356,17:25,17:20,True,6335.357142857143,2.1081684424150176,1.8690458571428574
2011-08-09,57.733276,58.333275,57.06661,58.333275,17280,17:25,17:20,True,7249.5,2.383612662942272,2.004760071428571
2011-08-11,57.233276,57.233276,57.233276,57.233276,4944,17:25,17:20,True,8335.5,0.5931257872953032,2.185712285714285
2011-08-12,57.999942,57.999942,56.86661,56.86661,6201,17:25,17:15,True,8667.214285714286,0.7154547926916706,2.345235928571428
2011-08-15,58.333275,59.233274,58.333275,58.866608,11457,17:25,17:20,True,8647.714285714286,1.3248587570621468,2.3357121428571426
2011-08-16,59.133274,59.133274,58.899941,58.899941,1092,17:25,17:15,True,9083.57142857143,0.12021703231894314,2.323807357142857
2011-08-17,58.333275,58.333275,58.333275,58.333275,13230,17:25,17:20,True,5644.285714285715,2.3439635535307515,2.185712214285714
2011-08-18,58.333275,58.333275,58.333275,58.333275,1737,17:25,17:20,True,6352.714285714285,0.2734264318963773,2.142855142857143
2011-08-19,54.933278,54.933278,54.199946,54.199946,16470,17:25,17:20,True,6190.928571428572,2.6603440517808314,2.3595216428571426
2011-08-22,53.73328,53.899946,53.366613,53.899946,5766,17:25,17:20,True,7027.714285714285,0.8204659104768874,2.454759642857142
2011-08-23,55.333278,55.499945,54.999945,55.399945,5460,17:25,17:20,True,7355.785714285715,0.7422728464474029,2.5404738571428562
2011-08-25,56.999943,56.999943,56.66661,56.66661,2625,17:25,17:15,True,7566.428571428572,0.34692721608609456,2.509521499999999
2011-08-26,55.666611,55.666611,55.666611,55.666611,3600,17:25,17:20,True,7743.214285714285,0.4649232046492321,2.5619023571428565
2011-08-29,56.166611,56.533277,55.999944,56.533277,9825,17:25,17:20,True,7946.785714285715,1.236348928138061,2.390473928571428
2011-08-31,57.599942,57.599942,57.199943,57.199943,2040,17:25,17:20,True,8074.5,0.25264722273825,2.252378785714285
2011-09-01,58.333275,58.333275,57.966609,57.966609,5118,17:25,17:20,True,7266.214285714285,0.70435577575275,2.111902714285713
2011-09-02,58.266608,58.266608,58.233275,58.233275,1518,17:25,17:20,True,6397.5,0.2372801875732708,1.9428552142857132
2011-09-05,55.999944,55.999944,54.999945,55.033278,8967,17:25,17:20,True,6152.785714285715,1.4573886392923066,1.8714267142857135
2011-09-06,53.999946,54.166613,53.999946,54.166613,1407,17:25,17:20,True,6350.357142857143,0.2215623418255441,1.8809504999999993
2011-09-08,54.299946,54.299946,54.299946,54.299946,1800,17:25,17:20,True,5632.5,0.3195739014647137,1.933331428571428
2011-09-09,54.633279,54.633279,54.333279,54.366612,1374,17:25,17:20,True,5683.071428571428,0.2417706722974247,1.976188571428571
2011-09-12,51.666615,51.666615,50.233283,50.49995,10893,17:25,17:20,True,4836.214285714285,2.2523815853604505,2.0761884999999998
2011-09-13,49.99995,50.09995,49.99995,50.09995,7089,17:25,17:20,True,5490.214285714285,1.2912064322235668,1.8904743571428568
2011-09-14,50.999949,50.999949,50.933282,50.933282,3927,17:25,17:20,True,4820.142857142857,0.814706143860585,1.8952362857142855
2011-09-15,52.399948,52.733281,52.399948,52.733281,990,17:25,17:20,True,4688.785714285715,0.2111420867419222,1.8738077142857144
2011-09-16,54.999945,54.999945,54.999945,54.999945,1644,17:20,17:20,True,4369.5,0.3762444215585307,1.9499981428571433
2011-09-20,52.599947,52.599947,52.566614,52.566614,2301,17:25,17:20,True,4299.428571428572,0.5351874003189793,1.9166648571428577
2011-09-21,54.333279,54.333279,54.333279,54.333279,1134,17:25,17:20,True,4206.642857142857,0.2695736335387907,1.9952362142857147
2011-09-22,52.999947,52.999947,52.899947,52.899947,4878,17:25,17:15,True,3585.8571428571427,1.360344209394048,1.9833314285714287
2011-09-23,52.999947,53.099947,52.999947,53.099947,5040,17:25,17:15,True,3788.5714285714284,1.330316742081448,2.0523790000000006
2011-09-26,52.699947,52.699947,52.699947,52.699947,2856,17:25,17:20,True,3783.0,0.7549563838223632,2.0928551428571436
2011-09-27,55.899944,55.999944,55.899944,55.999944,3330,17:25,17:20,True,3878.5714285714284,0.8585635359116023,2.1523788571428577
2011-09-28,56.999943,57.033276,56.999943,57.033276,5925,17:25,17:20,True,3475.9285714285716,1.7045804820911163,2.2023787857142865
2011-09-29,56.66661,56.66661,56.66661,56.66661,90,17:25,17:20,True,3798.6428571428573,0.023692672194956844,2.1595217142857144
2011-09-30,58.666608,58.666608,57.866609,57.866609,3249,17:25,17:20,True,3676.5,0.8837209302325582,2.1690454999999997
2011-10-04,56.66661,56.66661,56.66661,56.66661,600,17:25,17:20,True,3810.4285714285716,0.15746260263187492,2.1380930714285706
2011-10-05,55.666611,56.033277,55.666611,55.999944,8793,17:25,17:20,True,3075.214285714286,2.8593129398648176,2.2214263571428567
2011-10-06,57.666609,57.833276,57.666609,57.833276,3924,17:25,17:20,True,3196.9285714285716,1.2274281118037402,2.2523787142857143
2011-10-07,57.366609,57.366609,57.366609,57.366609,3750,17:25,17:20,True,3196.714285714286,1.1730795012736293,2.261902571428571
2011-10-10,57.199943,57.366609,57.199943,57.366609,4905,17:25,17:20,True,3393.8571428571427,1.4452582396767268,2.2214263571428567
2011-10-12,59.199941,59.199941,58.333275,58.333275,6075,17:25,17:20,True,3626.785714285714,1.675036927621861,2.302378642857142
2011-10-13,58.333275,58.466608,58.333275,58.466608,4224,17:25,17:20,True,3896.3571428571427,1.0840895341802783,2.223807285714286
2011-10-17,59.166608,59.299941,59.166608,59.166608,2763,17:25,17:20,True,4117.071428571428,0.6711081038879926,2.2833310000000004
2011-10-19,58.999941,59.199941,58.999941,59.199941,1896,17:25,17:20,True,3966.0,0.47806354009077157,2.3309499285714286
2011-10-21,58.566608,58.566608,58.566608,58.566608,474,17:25,17:20,True,3741.4285714285716,0.12668957617411225,2.3071404285714285
2011-10-25,61.799938,61.799938,61.566605,61.799938,8412,17:25,17:15,True,3571.285714285714,2.3554542181687266,2.271426214285714
2011-10-27,62.666604,62.666604,62.133271,62.466604,5718,17:25,17:15,True,3934.285714285714,1.4533769063180828,2.152378714285714
2011-10-28,62.999937,62.999937,62.999937,62.999937,2100,17:25,17:15,True,3919.5,0.5357826253348641,2.1547596428571425
2011-10-31,62.866604,62.866604,62.666604,62.666604,1044,17:25,17:20,True,4063.0714285714284,0.2569484731817942,2.0619025714285715
2011-11-01,60.266606,60.266606,59.166608,59.166608,11724,17:25,17:15,True,3905.5714285714284,3.0018654669153957,2.002378857142858
2011-11-02,58.433275,58.433275,58.433275,58.433275,939,17:25,17:15,True,4700.142857142857,0.19978116166681864,2.0238073571428576
2011-11-03,58.466608,58.466608,57.833276,57.833276,3630,17:25,17:20,True,4139.142857142857,0.876993166287016,1.9214264285714289
2011-11-07,60.333273,60.333273,59.59994,59.59994,2049,17:25,17:20,True,4118.142857142857,0.4975543761057342,1.954759642857143
2011-11-08,59.433274,59.433274,59.433274,59.433274,450,17:25,17:15,True,3996.6428571428573,0.11259449895447965,1.9404740000000003
2011-11-10,57.999942,57.999942,57.033276,57.16661,1341,17:25,17:20,True,3678.4285714285716,0.364557846906676,1.847617
2011-11-11,58.499942,58.499942,58.333275,58.333275,561,17:25,17:20,True,3340.285714285714,0.16794970490120606,1.9119026428571426
2011-11-14,59.99994,59.99994,59.99994,59.99994,1935,17:25,17:20,True,3078.6428571428573,0.6285237001461682,1.935712214285714
2011-11-16,58.666608,59.333274,58.666608,59.333274,810,17:25,17:20,True,3019.5,0.26825633383010433,1.8714266428571429
2011-11-18,57.333276,57.633276,57.299943,57.633276,6420,17:25,17:20,True,2941.9285714285716,2.1822419695534996,1.8214267142857143
2011-11-22,57.333276,57.599942,57.333276,57.333276,2871,17:25,17:20,True,3366.6428571428573,0.8527783081917127,1.728569642857143
2011-11-23,56.66661,56.66661,56.36661,56.36661,456,17:25,17:20,True,2970.8571428571427,0.15349105597230236,1.7714267857142865
2011-11-24,56.166611,56.166611,55.766611,55.766611,4032,17:25,17:20,True,2595.0,1.553757225433526,1.7833315714285725
2011-11-25,53.666613,53.699946,53.666613,53.699946,1377,17:25,17:20,True,2733.0,0.5038419319429198,1.9309505000000011
2011-11-28,53.666613,53.666613,53.666613,53.666613,5490,17:25,17:15,True,2756.785714285714,1.9914496696463273,1.8880934285714293
2011-11-29,55.633278,55.633278,55.399945,55.399945,1671,17:25,17:20,True,2311.5,0.7229072031148605,1.8047602142857149
2011-11-30,54.333279,54.333279,53.999946,54.266612,2085,17:25,17:20,True,2363.785714285714,0.8820596500770556,1.8095221428571437
2011-12-01,57.833276,58.333275,57.833276,58.333275,13197,17:25,17:20,True,2253.4285714285716,5.856409281095473,1.9333315714285721
2011-12-02,58.166608,58.633275,58.166608,58.466608,1623,17:25,17:15,True,3049.714285714286,0.5321810005621135,1.9095220714285723
2011-12-05,58.433275,58.733275,58.433275,58.733275,3324,17:25,17:20,True,3133.5,1.060794638583054,1.9071410714285721
2011-12-07,59.766607,59.766607,59.766607,59.766607,1500,17:25,17:20,True,3275.1428571428573,0.45799528919131116,1.8238078571428582
2011-12-12,59.833274,59.833274,59.199941,59.199941,4110,17:25,17:20,True,3342.214285714286,1.2297236648073346,1.7714269285714295
2011-12-13,58.333275,58.333275,58.333275,58.333275,4089,17:25,17:15,True,3497.5714285714284,1.1690969243965201,1.7452365000000012
2011-12-14,58.266608,58.266608,58.266608,58.266608,1800,17:25,17:20,True,3731.785714285714,0.48234280792420325,1.8047602857142866
2011-12-15,57.666609,57.733276,57.633276,57.633276,2184,17:25,17:20,True,3401.785714285714,0.6420157480314961,1.7857127142857152
2011-12-16,58.299942,58.299942,58.166608,58.266608,675,17:25,17:20,True,3352.714285714286,0.20132941326856704,1.730950857142858
2011-12-19,57.499942,57.499942,57.499942,57.499942,2490,17:25,17:15,True,3368.3571428571427,0.739232775621859,1.6523795000000006
2011-12-20,57.666609,57.666609,56.999943,57.033276,9678,17:25,17:15,True,3258.214285714286,2.970338704373561,1.5261891428571432
2011-12-21,58.999941,59.666607,58.999941,59.666607,6978,17:25,17:20,True,3851.1428571428573,1.8119296683730246,1.5928557142857147
2011-12-22,59.666607,59.666607,59.499941,59.566607,7968,17:25,17:15,True,3957.4285714285716,2.013428633311674,1.504760571428572
2011-12-27,60.166607,60.166607,60.166607,60.166607,540,17:20,17:20,True,4407.214285714285,0.12252637720620413,1.457141571428572
2011-12-29,58.999941,58.999941,58.666608,58.666608,6900,17:25,17:20,True,4296.857142857143,1.6058248553760222,1.2309513571428579
2011-12-30,58.999941,59.499941,58.766608,59.499941,4212,17:25,17:15,True,3847.0714285714284,1.0948587979724838,1.2333322857142857
2012-01-02,59.399941,59.399941,59.399941,59.399941,300,17:20,17:20,True,4032.0,0.0744047619047619,1.2166656428571432
2012-01-03,59.99994,60.39994,59.99994,60.39994,2997,17:25,17:20,True,3816.0,0.785377358490566,1.2309512857142855
2012-01-09,60.633273,60.666606,60.633273,60.633273,933,17:25,17:15,True,3922.9285714285716,0.2378325230786038,1.2023798571428566
2012-01-10,60.933272,60.933272,60.933272,60.933272,429,17:25,17:20,True,3696.0,0.11607142857142858,1.1714274285714272
2012-01-12,61.833271,62.333271,61.833271,62.333271,3186,17:25,17:20,True,3434.5714285714284,0.927626653356626,1.1238084285714274
2012-01-16,62.999937,62.999937,62.566604,62.666604,5070,17:25,17:20,True,3533.5714285714284,1.4348089751364463,1.2404749999999989
2012-01-18,63.999936,63.999936,63.599936,63.666603,8724,17:25,17:20,True,3739.714285714286,2.332798533119413,1.2404749999999989
2012-01-20,65.999934,65.999934,65.299935,65.366601,1905,17:25,17:20,True,4314.642857142857,0.4415197417432332,1.28333207142857
2012-01-23,65.333268,65.333268,64.999935,64.999935,4236,17:25,17:20,True,4272.857142857143,0.9913741223671012,1.3214272857142844
2012-01-24,65.299935,65.299935,65.033268,65.099935,5469,17:25,17:15,True,3884.1428571428573,1.4080326602670197,1.226189285714285
2012-01-25,64.666602,64.666602,64.666602,64.666602,2592,17:25,17:20,True,3776.3571428571427,0.6863757589513704,1.2404749999999996
2012-01-26,65.166602,65.533268,65.166602,65.333268,1035,17:25,17:20,True,3392.3571428571427,0.30509759332954334,1.249998857142857
2012-01-27,66.333267,66.333267,66.333267,66.333267,3945,17:25,17:20,True,3427.714285714286,1.1509127281820455,1.2738082857142865
2012-01-30,66.6666,66.6666,66.299934,66.333267,5100,17:25,17:15,True,3216.6428571428573,1.5855039637599093,1.264284428571429
2012-02-01,66.333267,66.999933,66.333267,66.999933,1044,17:25,17:15,True,3280.0714285714284,0.3182857516169073,1.2761892142857145
2012-02-02,68.766598,68.999931,68.766598,68.933264,9939,17:25,17:15,True,3333.214285714286,2.9818064930890387,1.3904748571428576
2012-02-03,69.499931,69.499931,68.833265,68.833265,2700,17:25,17:20,True,3829.0714285714284,0.7051317924897869,1.3761892142857153
2012-02-07,69.333264,69.333264,69.333264,69.333264,2328,17:25,17:20,True,3955.285714285714,0.5885794777332322,1.3833321428571448
2012-02-08,69.499931,69.666597,69.499931,69.666597,6855,17:25,17:20,True,4090.9285714285716,1.675658687339584,1.3714274285714312
2012-02-09,69.399931,69.399931,69.399931,69.399931,1650,17:25,17:20,True,4353.0,0.37904893177119225,1.233332357142859
2012-02-10,69.833264,70.09993,69.69993,69.69993,1680,17:25,17:20,True,4108.714285714285,0.40888703452592057,1.269046571428573
2012-02-13,68.999931,69.533264,68.999931,69.533264,2727,17:25,17:20,True,3605.5714285714284,0.7563294900748841,1.311903714285716
2012-02-14,69.99993,69.99993,69.666597,69.666597,2724,17:25,17:20,True,3664.285714285714,0.743391812865497,1.2857132142857164
2012-02-15,70.999929,70.999929,69.99993,70.266596,9186,17:25,17:20,True,3556.285714285714,2.5830320559170885,1.3547607857142872
2012-02-16,71.299929,71.299929,70.333263,70.39993,11193,17:25,17:20,True,3821.785714285714,2.928735632183908,1.3880940714285726
2012-02-17,71.266595,71.333262,71.266595,71.333262,2388,17:25,17:20,True,4436.142857142857,0.5383054777316202,1.4047606428571444
2012-02-20,71.599928,71.833261,71.599928,71.833261,10251,17:25,17:15,True,4532.785714285715,2.261523188200255,1.3714274285714296
2012-02-21,71.899928,71.899928,71.733262,71.733262,3225,17:25,17:20,True,4983.214285714285,0.6471726510427865,1.3547608571428589
2012-02-23,70.29993,70.933262,70.29993,70.933262,4410,17:25,17:20,True,4849.285714285715,0.9094122845779937,1.3476180000000022
2012-02-27,71.599928,71.599928,71.333262,71.333262,3183,17:25,17:15,True,5089.714285714285,0.6253789154597508,1.2404752142857163
2012-02-28,71.333262,71.333262,71.166596,71.166596,3978,17:25,17:20,True,4607.142857142857,0.8634418604651163,1.252379928571431
2012-02-29,72.299928,72.299928,72.299928,72.299928,600,17:25,17:15,True,4698.428571428572,0.12770227127611056,1.2428560714285735
2012-03-01,72.666594,72.666594,72.399928,72.399928,4044,17:25,17:15,True,4575.0,0.8839344262295082,1.245237000000002
2012-03-02,73.566593,73.566593,73.199927,73.199927,420,17:25,17:20,True,4374.214285714285,0.09601724391319258,1.2952368571428596
2012-03-05,73.23326,73.23326,73.23326,73.23326,1602,17:25,17:20,True,4286.357142857143,0.3737439384092386,1.24999885714286
2012-03-06,73.666593,73.666593,73.166594,73.166594,4380,17:25,17:20,True,4280.785714285715,1.0231766531511237,1.1904750714285746
2012-03-07,71.199929,71.199929,70.999929,71.066596,8598,17:25,17:20,True,4398.857142857143,1.9545985970381916,1.283332142857146
2012-03-08,72.499928,72.533261,71.499929,71.733262,18651,17:25,17:20,True,4818.428571428572,3.870764030952593,1.2214274285714322
2012-03-09,72.499928,72.666594,72.499928,72.666594,4290,17:25,17:15,True,5494.5,0.7807807807807807,1.1857131428571452
2012-03-12,72.399928,72.399928,72.066595,72.066595,5673,17:25,17:20,True,5001.428571428572,1.1342759211653812,1.1976179285714303
2012-03-13,72.799927,72.799927,72.166595,72.166595,3789,17:25,17:20,True,5236.071428571428,0.7236341313689381,1.2333321428571449
2012-03-14,73.33326,73.399927,73.299927,73.399927,19266,17:25,17:20,True,4774.5,4.035186930568646,1.2880939285714308
2012-03-15,73.999926,74.333259,73.999926,74.333259,6255,17:25,17:20,True,5920.285714285715,1.0565368466772838,1.3071415000000022
2012-03-16,73.899926,73.899926,73.899926,73.899926,285,17:25,17:20,True,6052.071428571428,0.047091314662040154,1.2595225000000017
2012-03-19,74.266592,74.266592,73.766593,73.766593,813,17:25,17:20,True,5845.071428571428,0.13909154232503576,1.235713000000001
2012-03-20,74.333259,74.333259,74.033259,74.033259,8901,17:25,17:20,True,5619.0,1.5840896956753872,1.2190462857142867
2012-03-21,74.299926,74.299926,74.299926,74.299926,1749,17:25,17:20,True,6211.928571428572,0.28155507261375,1.1857129285714285
2012-03-22,72.899927,72.899927,72.899927,72.899927,450,17:25,17:15,True,6048.0,0.0744047619047619,1.183332
2012-03-23,72.166595,72.166595,72.166595,72.166595,432,17:25,17:15,True,6050.142857142857,0.07140327264999646,1.2142843571428574
2012-03-26,74.166593,74.166593,73.699926,73.699926,1350,17:25,17:20,True,5966.571428571428,0.22626059474213475,1.2238081428571428
2012-03-27,74.333259,74.333259,74.166593,74.233259,7056,17:25,17:20,True,5750.142857142857,1.2270999478273832,1.1476177857142855
2012-03-28,73.63326,73.63326,73.63326,73.63326,2460,17:25,17:20,True,5640.0,0.43617021276595747,1.1761892142857147
2012-03-29,70.233263,70.233263,69.79993,69.79993,7110,17:25,17:20,True,4483.5,1.5858146537303446,1.2333320000000012
2012-03-30,68.799931,68.799931,68.166598,68.166598,2025,17:25,17:20,True,4684.928571428572,0.43223711293052186,1.5380935714285724
2012-04-02,68.466598,68.966598,68.466598,68.966598,7572,17:25,17:20,True,4424.357142857143,1.7114350753136047,1.5642840000000007
2012-04-03,69.333264,69.333264,69.333264,69.333264,2457,17:25,17:15,True,4694.571428571428,0.5233704582800803,1.585712642857143
2012-04-04,68.433265,68.533265,68.433265,68.533265,1236,17:25,17:20,True,3493.9285714285716,0.3537565164060104,1.597617428571429
2012-04-10,66.833266,66.833266,65.933267,65.999934,8925,17:25,17:15,True,3135.4285714285716,2.8465008201202844,1.664284000000001
2012-04-11,65.366601,65.733268,65.333268,65.733268,3807,17:25,17:20,True,3752.5714285714284,1.0145043398812243,1.7738077142857154
2012-04-13,67.633266,68.066599,67.633266,68.066599,297,17:25,17:20,True,3966.4285714285716,0.07487844408427877,1.83809342857143
2012-04-16,67.333266,67.333266,66.333267,66.333267,2070,17:25,17:20,True,3351.8571428571427,0.6175680859225163,1.928569571428573
2012-04-17,66.999933,67.499933,66.999933,67.499933,1215,17:20,17:20,True,3374.785714285714,0.36002285859419647,1.9261886428571446
2012-04-18,69.099931,69.333264,69.099931,69.333264,2112,17:25,17:20,True,3429.4285714285716,0.6158460384903773,2.040474214285716
2012-04-20,67.466599,68.099932,67.466599,68.099932,7773,17:25,17:15,True,3549.4285714285716,2.1899299686066165,2.111902714285716
2012-04-23,69.133264,69.133264,69.133264,69.133264,1470,17:25,17:15,True,4008.214285714286,0.36674685912857524,2.152378857142859
2012-04-24,67.333266,67.333266,67.333266,67.333266,6573,17:25,17:20,True,3609.214285714286,1.8211720002374874,2.31190242857143
2012-04-25,68.333265,68.466598,68.333265,68.466598,5655,17:25,17:15,True,3903.0,1.4488854727132974,2.233331071428572
2012-04-26,69.99993,69.99993,69.933263,69.99993,14178,17:25,17:15,True,3799.0714285714284,3.731964577810367,2.0214265714285724
2012-04-27,68.999931,68.999931,68.033265,68.033265,1239,17:25,17:20,True,4667.142857142857,0.2654729109274564,2.090474142857143
2012-05-07,69.99993,69.99993,68.666598,69.166598,7743,17:25,17:20,True,4214.785714285715,1.83710407239819,2.1904739999999996
2012-05-09,71.066596,71.799928,71.066596,71.799928,4356,17:25,17:20,True,4592.357142857143,0.9485324996500396,2.295235785714285
2012-05-10,71.333262,71.433262,70.999929,71.399929,13503,17:25,17:20,True,4815.214285714285,2.8042365715811495,2.316664357142856
2012-05-11,70.599929,70.833263,70.233263,70.833263,5727,17:25,17:20,True,5142.214285714285,1.113722548651915,2.2523787142857126
2012-05-14,69.733264,69.733264,69.733264,69.733264,2949,17:25,17:20,True,5279.357142857143,0.5585907375086252,2.2238072857142828
2012-05-18,67.199933,67.199933,66.6666,66.833266,6891,17:25,17:20,True,5468.785714285715,1.2600603424630696,2.23333107142857
2012-05-22,66.6666,67.0666,66.6666,66.8666,1725,17:25,17:20,True,5813.142857142857,0.2967413742258921,2.449997499999998
2012-05-24,67.099933,67.533266,67.099933,67.533266,4200,17:25,17:20,True,5849.571428571428,0.7180013187779325,2.476187928571425
2012-05-31,66.6666,66.6666,66.6666,66.6666,603,17:25,17:20,True,5998.714285714285,0.10052154033007074,2.445235571428568
2012-06-01,66.033267,66.033267,66.033267,66.033267,2400,17:25,17:20,True,5486.571428571428,0.4374316513044837,2.399997499999997
2012-06-05,64.899935,65.666601,64.899935,65.666601,1011,17:25,17:20,True,5553.0,0.18206374932468936,2.2928547857142823
2012-06-07,66.6666,67.633266,66.6666,67.333266,6594,17:25,17:20,True,5155.714285714285,1.2789692435577724,2.2999977142857113
2012-06-11,68.999931,69.69993,68.999931,69.69993,12630,17:25,17:20,True,5222.785714285715,2.418249702539695,2.314283357142853
2012-06-13,68.366598,68.666598,68.366598,68.666598,693,17:25,17:15,True,5112.214285714285,0.13555769795028713,2.2857119285714256
2012-06-18,69.333264,69.533264,69.333264,69.533264,4473,17:25,17:20,True,5073.214285714285,0.8816895459345302,2.138093071428568
2012-06-19,68.033265,68.333265,68.033265,68.333265,4500,17:25,17:20,True,4839.642857142857,0.9298206774407793,2.059521714285711
2012-06-20,70.333263,70.599929,70.333263,70.566596,9276,17:25,17:15,True,4849.928571428572,1.9126054875624088,2.099997928571426
2012-06-25,70.666596,70.666596,70.666596,70.666596,981,17:25,17:20,True,4548.0,0.21569920844327176,2.06904557142857
2012-06-27,69.666597,69.99993,69.666597,69.99993,390,17:20,17:20,True,4209.0,0.09265858873841767,2.071426499999999
2012-06-28,70.999929,71.333262,70.999929,71.333262,4146,17:25,17:20,True,4026.214285714286,1.0297514503166747,2.016664642857141
2012-06-29,70.49993,71.733262,70.49993,71.266595,17691,17:25,17:20,True,3830.1428571428573,4.618887769945172,1.8023791428571414
2012-07-02,72.633261,72.833261,72.566594,72.699927,3243,17:25,17:15,True,4970.571428571428,0.652440075875151,1.7428554285714282
2012-07-03,73.499927,73.83326,73.499927,73.73326,3066,17:25,17:20,True,4902.214285714285,0.6254316562486341,1.716665
2012-07-04,73.999926,73.999926,73.999926,73.999926,3231,17:25,17:15,True,5078.142857142857,0.6362562241539371,1.6571412142857136
2012-07-05,72.299928,72.899927,72.299928,72.866594,2514,17:25,17:20,True,5137.5,0.48934306569343067,1.599998428571428
2012-07-06,72.466594,72.466594,72.466594,72.466594,3027,17:25,17:20,True,5244.857142857143,0.5771367870567086,1.6190460000000004
2012-07-09,72.233261,72.233261,72.233261,72.233261,282,17:25,17:20,True,4990.071428571428,0.056512217116846314,1.4690462142857155
2012-07-10,72.666594,72.666594,72.666594,72.666594,330,17:25,17:20,True,4108.071428571428,0.08032966459756925,1.3690463571428586
2012-07-12,74.299926,74.299926,73.666593,73.666593,1062,17:25,17:20,True,4082.1428571428573,0.2601574803149606,1.3833320000000018
2012-07-13,73.33326,73.599926,73.33326,73.599926,132,17:25,17:20,True,3838.5,0.03438843298163345,1.3261892142857161
2012-07-16,74.833259,75.633258,74.833259,75.633258,10362,17:25,17:20,True,3526.5,2.9383241173968524,1.3023796428571441
2012-07-17,77.16659,77.16659,74.566592,74.933258,39291,17:25,17:20,True,3604.0714285714284,10.901837207919614,1.3738081428571445
2012-07-18,73.666593,73.666593,73.33326,73.33326,3972,17:25,17:15,True,6340.5,0.626449018216229,1.5761890000000014
2012-07-23,73.33326,73.33326,73.33326,73.33326,432,17:25,17:20,True,6596.357142857143,0.06549069291492057,1.5595223571428585
2012-07-26,73.933259,73.933259,73.933259,73.933259,15,17:25,17:20,True,6331.071428571428,0.0023692672194956846,1.5642842857142878
2012-07-27,74.999925,74.999925,74.899925,74.899925,2214,17:25,17:15,True,5068.5,0.4368156259248298,1.5142843571428588
2012-07-31,75.166592,75.333258,75.166592,75.333258,2859,17:25,17:20,True,4995.0,0.5723723723723724,1.507141500000002
2012-08-01,75.433258,75.999924,75.433258,75.999924,321,17:25,17:15,True,4980.214285714285,0.06445505787186438,1.5309510000000017
2012-08-03,75.999924,75.999924,75.999924,75.999924,324,17:25,17:20,True,4772.357142857143,0.06789097930043554,1.5166652857142882
2012-08-06,77.333256,77.666589,77.333256,77.666589,8127,17:25,17:20,True,4615.928571428572,1.7606424957058633,1.540474785714288
2012-08-07,76.96659,76.96659,76.66659,76.66659,954,17:25,17:15,True,4980.214285714285,0.19155802246030723,1.5595223571428594
2012-08-08,75.666591,76.633257,75.666591,76.633257,1023,17:25,17:20,True,5028.214285714285,0.20345194971233754,1.5857127857142888
2012-08-09,77.633256,77.999922,77.599922,77.999922,3969,17:25,17:15,True,5077.714285714285,0.7816509115462525,1.6190460714285746
2012-08-10,77.666589,77.799922,77.633256,77.799922,3885,17:25,17:20,True,5285.357142857143,0.7350496655179404,1.6047603571428601
2012-08-13,77.16659,77.16659,77.06659,77.06659,1656,17:25,17:15,True,5553.428571428572,0.29819416576632196,1.5285699285714318
2012-08-14,76.833257,77.366589,76.833257,77.366589,1233,17:25,17:20,True,4931.571428571428,0.25002172590597027,1.4452366428571455
2012-08-15,76.76659,76.999923,76.76659,76.999923,210,17:25,17:15,True,2213.1428571428573,0.09488768396591789,1.2119035000000022
2012-08-16,76.099924,76.099924,76.099924,76.099924,300,17:25,17:20,True,1944.4285714285713,0.15428697377121448,1.1999987857142886
2012-08-17,76.033257,76.033257,76.033257,76.033257,3015,17:25,17:20,True,1935.0,1.558139534883721,1.1452369285714314
2012-08-22,76.26659,76.26659,75.866591,75.866591,150,17:25,17:15,True,2149.285714285714,0.06979062811565304,1.090475000000003
2012-08-23,74.833259,75.099925,74.833259,75.099925,612,17:25,17:20,True,2001.857142857143,0.30571612074502247,1.1309511428571457
2012-08-24,73.33326,74.466592,73.33326,74.466592,5319,17:25,17:15,True,1841.357142857143,2.8886302804608404,1.1690463571428598
2012-08-27,74.999925,75.166592,74.999925,75.166592,3210,17:25,17:20,True,2198.3571428571427,1.4601813042206844,1.223808214285717
2012-08-28,74.833259,74.833259,74.699925,74.766592,3366,17:25,17:20,True,2404.5,1.3998752339363694,1.1285702142857161
2012-08-29,73.666593,73.666593,73.666593,73.666593,2358,17:25,17:15,True,2064.4285714285716,1.142204691716836,1.178570142857144
2012-08-30,73.999926,73.999926,73.499927,73.499927,7710,17:25,17:20,True,2164.714285714286,3.561670956246288,1.14047492857143
2012-08-31,73.799926,73.799926,73.799926,73.799926,450,17:25,17:15,True,2642.3571428571427,0.170302489660206,1.0785702142857159
2012-09-03,73.799926,73.799926,73.799926,73.799926,2199,17:25,17:20,True,2391.0,0.9196988707653702,1.0809512142857167
2012-09-04,73.83326,73.83326,73.83326,73.83326,1155,17:25,17:15,True,2270.5714285714284,0.5086825217063043,1.0619037142857164
2012-09-05,72.899927,72.899927,72.899927,72.899927,252,17:20,17:20,True,2234.785714285714,0.11276248921277209,1.0904751428571455
2012-09-06,73.23326,73.33326,73.23326,73.33326,1839,17:25,17:20,True,2164.714285714286,0.8495347455949317,1.1047607857142887
2012-09-07,74.999925,74.999925,74.999925,74.999925,2163,17:25,17:15,True,2281.0714285714284,0.9482386096759042,1.157141642857145
2012-09-10,74.999925,74.999925,74.999925,74.999925,2271,17:25,17:15,True,2414.1428571428573,0.9407065506834723,1.2785700714285733
2012-09-11,74.499926,74.499926,74.199926,74.266592,1137,17:25,17:20,True,2361.0,0.4815756035578145,1.2333320714285736
2012-09-12,74.933258,75.166592,74.933258,75.166592,2940,17:25,17:15,True,2431.5,1.2091301665638494,1.1571416428571442
2012-09-13,75.666591,75.666591,75.666591,75.666591,4341,17:25,17:20,True,2597.785714285714,1.671038521818032,1.1452369285714303
2012-09-14,76.733257,77.599922,76.733257,77.266589,8754,17:25,17:20,True,2527.9285714285716,3.462914300245825,1.0904750714285731
2012-09-17,76.999923,76.999923,76.833257,76.86659,20688,17:20,17:20,True,2923.9285714285716,7.075412238915353,1.157141642857145
2012-09-19,76.166591,76.26659,75.999924,76.26659,3432,17:25,17:20,True,4161.214285714285,0.8247592563983728,1.0952369285714312
2012-09-20,76.96659,76.96659,76.76659,76.76659,2061,17:20,17:20,True,4237.928571428572,0.48632249582848763,1.1404750000000021
2012-09-21,77.333256,77.666589,77.299923,77.666589,5724,17:25,17:15,True,3834.4285714285716,1.4927908796244551,1.1309512142857159
2012-09-24,77.666589,77.666589,77.266589,77.266589,744,17:25,17:20,True,4211.142857142857,0.1766741298595563,1.116665428571429
2012-09-25,77.733256,78.033255,77.733256,77.966589,6258,17:25,17:20,True,4107.214285714285,1.52366045807899,1.1023797142857157
2012-09-26,78.333255,78.333255,78.133255,78.333255,3360,17:25,17:20,True,4471.714285714285,0.7513896875599004,1.0904749285714297
2012-09-27,78.333255,78.333255,78.333255,78.333255,1119,17:25,17:15,True,4693.714285714285,0.23840394448502558,1.061903571428573
2012-09-28,79.066588,79.333254,79.066588,79.333254,3924,17:25,17:20,True,4642.285714285715,0.8452732644017724,1.0238083571428587
2012-10-01,78.466588,78.466588,78.033255,78.233255,1383,17:25,17:20,True,4768.071428571428,0.29005437957844593,0.9285703571428588
2012-10-02,79.333254,79.333254,79.033254,79.033254,714,17:25,17:15,True,4704.642857142857,0.15176497381006604,0.983332214285716
2012-10-03,78.799921,78.799921,78.499922,78.499922,9666,17:25,17:15,True,4674.428571428572,2.067846337214633,0.9857132142857168
2012-10-04,77.666589,78.099922,77.666589,78.099922,1842,17:25,17:15,True,5154.857142857143,0.3573328899235118,0.9595227142857163
2012-10-08,78.666588,78.666588,78.666588,78.666588,5106,17:25,17:15,True,4976.357142857143,1.0260517590319942,0.9571417857142868
2012-10-09,78.333255,78.533255,78.333255,78.533255,1236,17:25,17:20,True,4715.785714285715,0.2620984232289726,0.9261894285714293
2012-10-10,77.666589,77.666589,77.666589,77.666589,1248,17:25,17:15,True,3326.3571428571427,0.3751852090446435,0.9380942142857153
2012-10-11,76.633257,76.633257,76.633257,76.633257,2061,17:25,17:20,True,3170.3571428571427,0.6500844880027037,1.0047607857142862
2012-10-12,76.499924,76.833257,76.499924,76.599923,2217,17:25,17:20,True,3170.3571428571427,0.6992903007772897,1.0214274285714293
2012-10-16,76.433257,76.799923,76.433257,76.799923,1197,17:25,17:15,True,2919.8571428571427,0.40995156318802295,1.057141714285715
2012-10-17,76.56659,76.56659,76.56659,76.56659,120,17:25,17:15,True,2952.214285714286,0.040647455904768814,1.123808285714286
2012-10-18,76.333257,76.333257,76.333257,76.333257,1800,17:25,17:15,True,2513.785714285714,0.7160514875117211,1.147617857142858
2012-10-19,75.666591,75.666591,75.666591,75.666591,975,17:25,17:20,True,2402.3571428571427,0.40585139595040587,1.147617857142858
2012-10-22,73.933259,73.933259,73.33326,73.33326,7260,17:25,17:20,True,2392.0714285714284,3.035026426587835,1.235713000000001
2012-10-24,73.166594,73.166594,73.166594,73.166594,1260,17:25,17:15,True,2630.3571428571427,0.47902240325865586,1.2999987142857148
2012-10-25,73.766593,73.766593,73.666593,73.666593,270,17:25,17:15,True,2621.5714285714284,0.10299166257969593,1.347617714285715
2012-10-26,74.966592,74.966592,73.43326,73.43326,3930,17:25,17:15,True,2589.8571428571427,1.5174582161178223,1.3904747857142863
2012-10-29,73.666593,73.666593,73.666593,73.666593,693,17:25,17:15,True,2180.1428571428573,0.317869078042068,1.4571414285714295
2012-10-30,73.199927,73.199927,73.199927,73.199927,441,17:25,17:20,True,2098.0714285714284,0.21019303441936474,1.4523795000000013
2012-10-31,73.566593,73.566593,73.166594,73.466593,2010,17:25,17:20,True,1764.857142857143,1.1389023797960174,1.4333319285714299
2012-11-05,73.466593,73.466593,73.33326,73.33326,1563,17:25,17:15,True,1820.142857142857,0.8587238050388509,1.4619032857142866
2012-11-06,73.63326,74.133259,73.63326,74.033259,3120,17:25,17:15,True,1842.642857142857,1.6932201418769626,1.4285700000000017
2012-11-07,74.599925,75.299925,74.599925,75.299925,5433,17:25,17:20,True,1918.2857142857142,2.8322162645218945,1.4499985714285728
2012-11-08,74.899925,74.899925,74.899925,74.899925,24,17:25,17:15,True,2148.0,0.0111731843575419,1.4309510000000014
2012-11-09,73.999926,73.999926,73.999926,73.999926,90,17:25,17:15,True,2064.214285714286,0.04360012457178449,1.3880939285714302
2012-11-12,74.166593,74.166593,73.999926,73.999926,2055,17:25,17:15,True,2062.0714285714284,0.9965707159929337,1.3428558571428582
2012-11-14,74.733259,74.733259,74.733259,74.733259,1020,17:25,17:15,True,2080.285714285714,0.49031726411207255,1.3595225000000002
2012-11-15,73.33326,73.466593,73.13326,73.13326,3579,17:25,17:20,True,2083.5,1.7177825773938085,1.2785702142857147
2012-11-16,72.999927,73.166594,72.999927,73.166594,1533,17:25,17:20,True,1820.5714285714287,0.8420433145009416,1.1857131428571444
2012-11-19,72.499928,72.999927,72.499928,72.666594,2376,17:25,17:20,True,1840.0714285714287,1.2912542214976126,1.1595226428571428
2012-11-20,73.999926,73.999926,73.33326,73.33326,2730,17:25,17:20,True,1990.5,1.3715146948003014,1.1619036428571425
2012-11-21,72.333261,72.666594,72.333261,72.399928,1740,17:25,17:15,True,1904.7857142857142,0.9134885813927326,1.1333322142857145
2012-11-27,73.466593,74.166593,73.466593,74.066593,4287,17:25,17:15,True,1979.5714285714287,2.165620264126434,1.130951285714286
2012-11-28,76.66659,76.66659,73.699926,73.699926,7998,17:25,17:20,True,2254.285714285714,3.5479087452471485,1.1904750714285726
2012-11-29,74.666592,74.999925,74.666592,74.999925,2346,17:25,17:15,True,2682.0,0.8747203579418344,1.3357130714285728
2012-11-30,75.333258,75.333258,75.333258,75.333258,150,17:25,17:20,True,2737.9285714285716,0.054785943492212566,1.254760714285715
2012-12-03,74.733259,75.666591,74.733259,75.533258,7167,17:25,17:20,True,2525.785714285714,2.8375328752014934,1.226189285714286
2012-12-04,75.899924,75.899924,75.633258,75.633258,3198,17:25,17:20,True,2649.6428571428573,1.206955115244642,1.280951071428572
2012-12-05,75.333258,75.799924,75.333258,75.799924,4500,17:25,17:15,True,2876.3571428571427,1.5644788795351263,1.252379642857143
2012-12-06,75.999924,76.133257,75.999924,76.133257,822,17:25,17:15,True,3191.3571428571427,0.2575706707849325,1.2499987142857145
2012-12-10,75.499924,75.499924,75.466591,75.466591,1956,17:25,17:20,True,3103.285714285714,0.6302996823643143,1.2571415714285723
2012-12-11,75.466591,75.466591,75.466591,75.466591,909,17:25,17:15,True,3170.1428571428573,0.2867378667027173,1.2428558571428578
2012-12-12,75.833258,75.833258,75.366591,75.366591,9516,17:25,17:20,True,2979.4285714285716,3.1939010356731874,1.2309510714285707
2012-12-13,74.999925,75.333258,74.999925,75.333258,3099,17:25,17:20,True,3549.6428571428573,0.8730455780259583,1.1928559285714289
2012-12-14,75.333258,75.333258,75.333258,75.333258,450,17:25,17:15,True,3601.285714285714,0.12495537308104249,1.1642845000000008
2012-12-17,74.999925,74.999925,74.433259,74.433259,4140,17:25,17:15,True,3438.4285714285716,1.2040383896298141,1.1095226428571425
2012-12-18,73.666593,74.666592,73.666593,74.666592,3597,17:25,17:15,True,3609.8571428571427,0.9964383236376588,1.1499987857142853
2012-12-19,74.166593,74.166593,74.166593,74.166593,900,17:25,17:20,True,3560.5714285714284,0.25276841598459315,1.1214273571428552
2012-12-20,73.866593,73.866593,73.766593,73.766593,1365,17:25,17:20,True,3053.5714285714284,0.44701754385964915,0.9428560714285703
2012-12-21,73.33326,73.33326,73.166594,73.166594,912,17:25,17:20,True,2983.5,0.30568124685771747,0.9428561428571415
2012-12-27,73.03326,73.666593,73.03326,73.666593,1122,17:25,17:15,True,3037.9285714285716,0.36933060591098255,1.0023799285714279
2012-12-28,73.999926,74.133259,73.999926,74.133259,579,17:25,17:15,True,2606.1428571428573,0.22216740667653345,0.9999989999999995
2013-01-02,74.199926,74.199926,74.199926,74.199926,456,17:25,17:20,True,2419.0714285714284,0.1885020816724245,1.0023799999999992
2013-01-03,75.599924,75.666591,75.599924,75.666591,1494,17:25,17:20,True,2130.214285714286,0.7013378935720752,1.0928560714285709
2013-01-04,76.26659,76.26659,76.26659,76.26659,1275,17:25,17:20,True,2178.214285714286,0.5853418593212002,1.0928560714285698
2013-01-07,76.533257,76.66659,76.533257,76.66659,6111,17:25,17:15,True,2129.5714285714284,2.8695914670959954,1.0952370714285695
2013-01-08,76.833257,76.833257,76.66659,76.66659,2601,17:25,17:15,True,2501.1428571428573,1.0399246058944482,1.0880942142857128
2013-01-09,76.633257,76.633257,76.633257,76.633257,1026,17:25,17:15,True,2007.2142857142858,0.511156186612576,1.0666656428571417
2013-01-10,76.96659,77.333256,76.933256,77.333256,2844,17:25,17:20,True,1859.142857142857,1.529737206085754,1.0380942857142839
2013-01-11,78.733255,78.733255,78.366588,78.366588,7620,17:25,17:20,True,2030.142857142857,3.7534304412075152,1.0499990714285699
2013-01-15,78.499922,78.499922,77.966589,77.966589,3342,17:25,17:15,True,2278.714285714286,1.4666165130712807,1.0642847857142843
2013-01-16,77.16659,77.16659,77.133256,77.133256,4290,17:25,17:20,True,2260.5,1.897810218978102,1.1214276428571424
2013-01-17,77.16659,77.16659,77.16659,77.16659,1194,17:25,17:20,True,2502.6428571428573,0.4770956417501498,1.1214277142857136
2013-01-21,78.333255,78.333255,77.999922,77.999922,1140,17:20,17:20,True,2490.4285714285716,0.457752538289451,1.152380071428571
2013-01-23,77.333256,77.433256,77.333256,77.433256,6627,17:25,17:20,True,2506.714285714286,2.6436997777397844,1.1214277142857136
2013-01-24,76.833257,76.833257,76.699923,76.699923,1062,17:25,17:20,True,2899.9285714285716,0.3662159166481933,1.123808642857142
2013-01-25,77.866589,77.866589,77.866589,77.866589,1500,17:25,17:20,True,2934.4285714285716,0.5111727763984226,1.1976180714285707
2013-01-28,80.39992,80.39992,79.99992,79.99992,9789,17:25,17:20,True,3009.0,3.2532402791625126,1.135713357142856
2013-01-29,79.666587,79.666587,79.666587,79.666587,426,17:25,17:20,True,3601.5,0.11828404831320283,1.1642847857142848
2013-01-30,80.433253,81.666585,80.433253,81.633252,21858,17:20,17:20,True,3540.8571428571427,6.173081578310337,1.1309514285714275
2013-01-31,83.33325,83.33325,83.23325,83.23325,3960,17:25,17:20,True,4665.642857142857,0.8487576356037294,1.3428559999999987
2013-02-01,83.266583,83.266583,82.999917,82.999917,5253,17:25,17:20,True,4762.714285714285,1.1029424997750383,1.378570214285713
2013-02-04,84.433249,84.899915,84.433249,84.766582,12333,17:25,17:20,True,5064.642857142857,2.4351174106198434,1.478570071428571
2013-02-05,83.33325,83.366583,82.099918,82.099918,14055,17:25,17:20,True,5742.428571428572,2.4475707142324055,1.5523794999999996
2013-02-06,83.499917,83.499917,81.333252,81.999918,11595,17:25,17:20,True,6202.071428571428,1.8695366755346716,1.5857127857142845
2013-02-07,82.699917,82.699917,81.899918,81.899918,4518,17:20,17:20,True,6791.571428571428,0.6652363223323027,1.683331714285714
2013-02-08,82.466584,82.466584,82.266584,82.266584,756,17:25,17:20,True,6807.857142857143,0.11104815864022663,1.7119029999999995
2013-02-11,83.666583,83.666583,83.666583,83.666583,1020,17:25,17:20,True,6776.571428571428,0.15051859347331142,1.7952362142857134
2013-02-12,83.866583,83.866583,83.166584,83.266583,4527,17:25,17:20,True,6768.0,0.6688829787234043,1.7619029285714274
2013-02-13,84.266582,84.266582,84.233249,84.233249,1257,17:25,17:20,True,6618.0,0.1899365367180417,1.7642839285714282
2013-02-14,85.199915,85.199915,84.999915,85.166581,1674,17:25,17:20,True,6631.928571428572,0.25241526382112506,1.7357125000000002
2013-02-15,85.333248,85.333248,85.233248,85.233248,405,17:25,17:20,True,6644.357142857143,0.060953978133969744,1.7190458571428582
2013-02-18,85.333248,85.466581,85.333248,85.466581,6849,17:25,17:20,True,5974.071428571428,1.1464543204562574,1.6666649285714297
2013-02-19,86.133247,86.133247,85.999914,85.999914,2463,17:25,17:20,True,6432.857142857143,0.38287808127914724,1.6809507142857163
2013-02-20,87.366579,87.399913,87.333246,87.333246,4713,17:25,17:20,True,5047.5,0.9337295690936107,1.53333185714286
2013-02-21,87.666579,87.666579,86.933246,86.933246,5460,17:25,17:20,True,5101.285714285715,1.0703184071242544,1.499998571428574
2013-02-22,86.66658,86.66658,86.533247,86.533247,978,17:25,17:20,True,5116.071428571428,0.19116230366492148,1.4809510000000015
2013-02-25,88.666578,89.199911,88.666578,89.066578,11796,17:25,17:20,True,4305.0,2.74006968641115,1.499998571428573
2013-02-26,87.666579,87.666579,87.299913,87.299913,4008,17:25,17:20,True,4143.642857142857,0.9672648290841392,1.4523795714285737
2013-02-27,87.399913,88.266578,87.399913,88.266578,1443,17:25,17:20,True,3601.714285714286,0.40064255116611136,1.3261892142857152
2013-02-28,88.999911,88.999911,88.999911,88.999911,1509,17:25,17:20,True,3382.0714285714284,0.4461762656022303,1.3761892142857144
2013-03-01,89.99991,90.333243,89.99991,90.333243,1065,17:25,17:20,True,3435.8571428571427,0.30996632156667087,1.3333321428571432
2013-03-04,90.49991,90.49991,89.99991,89.99991,4770,17:25,17:20,True,3439.0714285714284,1.3870023054395912,1.395236857142857
2013-03-05,91.666575,92.299908,91.666575,92.299908,6003,17:25,17:20,True,3456.4285714285716,1.7367637941723495,1.3761892142857133
2013-03-06,91.299909,91.299909,91.299909,91.299909,798,17:25,17:20,True,3795.4285714285716,0.21025293586269195,1.4071415714285698
2013-03-07,89.99991,89.99991,89.533244,89.866577,3693,17:25,17:20,True,3732.8571428571427,0.9893226176808266,1.5119034285714261
2013-03-08,88.666578,89.299911,88.666578,89.266577,342,17:25,17:20,True,3967.714285714286,0.08619572261827609,1.5666652857142833
2013-03-11,90.166576,90.166576,90.166576,90.166576,2115,17:25,17:20,True,3502.9285714285716,0.6037805101853551,1.6547603571428533
2013-03-12,90.266576,90.333243,90.266576,90.333243,3924,17:25,17:20,True,3478.0714285714284,1.1282114472306082,1.595236571428568
2013-03-13,90.566576,90.566576,90.233243,90.233243,2958,17:25,17:20,True,3421.714285714286,0.8644789579158316,1.5904747142857099
2013-03-14,90.166576,90.266576,90.166576,90.266576,2877,17:20,17:20,True,3243.0,0.8871415356151712,1.5547604285714252
2013-03-15,90.899909,90.899909,90.899909,90.899909,3360,17:25,17:20,True,3378.6428571428573,0.994482146254836,1.478570071428568
2013-03-18,91.466575,91.466575,90.566576,90.566576,6438,17:20,17:20,True,2776.0714285714284,2.3191045928213048,1.4261892142857115
2013-03-19,91.999908,91.999908,91.499909,91.499909,7185,17:25,17:20,True,2949.6428571428573,2.435888122048674,1.4190463571428549
2013-03-20,91.666575,91.933241,91.666575,91.833242,8805,17:25,17:20,True,3359.785714285714,2.6207028509471266,1.3928559285714266
2013-03-21,90.633243,90.633243,89.933243,89.99991,7587,17:25,17:20,True,3880.9285714285716,1.9549445088620174,1.4333320714285693
2013-03-22,88.766578,88.766578,88.399912,88.533245,5037,17:25,17:20,True,4346.785714285715,1.1587872812422972,1.6880937142857124
2013-03-25,90.09991,90.466576,90.09991,90.466576,7758,17:25,17:20,True,4365.857142857143,1.7769706488662018,1.7071413571428562
2013-03-26,88.666578,90.133243,88.666578,90.133243,4959,17:25,17:20,True,4491.214285714285,1.1041557326208313,1.6833318571428575
2013-03-27,88.999911,89.399911,88.999911,89.399911,666,17:25,17:20,True,4788.428571428572,0.13908529490736596,1.6452365714285722
2013-04-02,89.666577,89.99991,89.666577,89.99991,6777,17:25,17:20,True,4572.214285714285,1.4822139944697006,1.6666651428571444
2013-04-03,90.49991,90.49991,90.333243,90.366576,3135,17:25,17:20,True,5031.857142857143,0.6230304062686313,1.6452366428571454
2013-04-04,89.99991,90.49991,89.99991,90.49991,3765,17:25,17:20,True,5104.714285714285,0.7375535219544959,1.6499985714285736
2013-04-05,88.999911,89.033244,88.999911,89.033244,2715,17:25,17:20,True,5093.357142857143,0.5330472464133956,1.7119032857142886
2013-04-08,88.533245,88.533245,88.533245,88.533245,864,17:25,17:20,True,5076.0,0.1702127659574468,1.7238080714285746
2013-04-09,87.666579,87.799912,87.666579,87.799912,4854,17:25,17:20,True,4932.214285714285,0.9841421557978886,1.7452366428571457
2013-04-10,88.333245,88.333245,88.333245,88.333245,600,17:25,17:20,True,5038.928571428572,0.1190729321709547,1.7738080000000014
2013-04-11,90.19991,90.19991,89.566577,89.566577,3132,17:25,17:20,True,4621.928571428572,0.6776392044137419,1.8571412142857164
2013-04-12,89.89991,89.89991,89.89991,89.89991,1989,17:25,17:20,True,4332.428571428572,0.4590958551785537,1.8047602857142888
2013-04-15,89.99991,89.99991,89.499911,89.499911,2391,17:25,17:20,True,3845.5714285714284,0.6217541513429177,1.690474642857146
2013-04-16,89.99991,89.99991,89.733244,89.733244,606,17:25,17:20,True,3474.4285714285716,0.17441717034661403,1.39523678571429
2013-04-17,89.333244,89.333244,89.166578,89.166578,729,17:25,17:20,True,3157.9285714285716,0.2308475266336432,1.3547606428571461
2013-04-18,85.999914,85.999914,85.433248,85.433248,990,17:25,17:20,True,2655.8571428571427,0.3727610133935776,1.4571415000000019
2013-04-19,84.999915,85.333248,84.999915,85.333248,459,17:25,17:20,True,2372.3571428571427,0.1934784572306025,1.4666653571428583
2013-04-22,84.999915,84.999915,84.999915,84.999915,2013,17:25,17:20,True,2357.5714285714284,0.8538447554990002,1.5047605000000013
2013-04-23,86.299914,86.299914,86.033247,86.033247,636,17:25,17:20,True,2017.2857142857142,0.31527512215848735,1.5428556428571432
2013-04-24,89.166578,89.166578,88.633245,88.966578,4440,17:25,17:20,True,1838.7857142857142,2.4146369886959564,1.6142841428571433
2013-04-25,90.533243,90.633243,90.466576,90.599909,20175,17:25,17:20,True,1887.0,10.691573926868044,1.7071411428571435
2013-04-26,92.799907,93.23324,92.799907,93.23324,1362,17:25,17:20,True,3134.1428571428573,0.4345685765075892,1.8119029285714288
2013-04-29,93.999906,94.199906,93.999906,94.199906,2748,17:25,17:20,True,3169.714285714286,0.866955110870741,1.8309505000000001
2013-05-02,94.333239,94.333239,93.33324,93.33324,1761,17:25,17:20,True,3019.285714285714,0.583250532292406,1.8333314285714297
2013-05-03,94.966572,95.233238,94.966572,95.233238,513,17:25,17:20,True,3102.214285714286,0.1653657525730469,1.7833315000000007
2013-05-06,94.066573,94.066573,94.066573,94.066573,6135,17:25,17:20,True,2915.1428571428573,2.104528079976477,1.8071410000000003
2013-05-07,94.633239,94.633239,94.566572,94.566572,1182,17:25,17:20,True,3211.285714285714,0.36807687174696385,1.8499981428571428
2013-05-10,94.999905,95.999904,94.999905,95.999904,5724,17:25,17:20,True,3124.9285714285716,1.8317218679284097,1.861902928571428
2013-05-13,95.266571,95.266571,95.099905,95.099905,4278,17:25,17:20,True,3490.5,1.2256123764503652,1.9190456428571423
2013-05-15,93.366573,94.066573,93.366573,93.699906,2571,17:25,17:20,True,3744.0,0.686698717948718,1.8047599999999997
2013-05-16,95.066572,95.066572,95.066572,95.066572,897,17:25,17:20,True,3856.9285714285716,0.2325684760264459,1.8119028571428575
2013-05-21,96.433237,96.66657,96.433237,96.66657,804,17:25,17:20,True,3888.214285714286,0.20677872692201707,1.7285695714285711
2013-05-22,96.66657,97.599902,96.66657,97.599902,5733,17:20,17:20,True,3801.8571428571427,1.5079472438282044,1.7142838571428567
2013-05-23,96.36657,96.633237,95.199905,95.199905,7419,17:25,17:20,True,4165.928571428572,1.7808754693688595,1.6761885714285703
2013-05-24,94.666572,94.733239,94.333239,94.333239,10692,17:25,17:20,True,4378.714285714285,2.4418126651659002,1.733331357142855
2013-05-27,92.999907,93.03324,92.999907,92.999907,2685,17:25,17:15,True,3701.3571428571427,0.7254095987958086,1.7142837857142834
2013-05-28,94.366572,94.366572,94.366572,94.366572,336,17:25,17:20,True,3795.8571428571427,0.08851755673478605,1.695236214285713
2013-05-29,94.666572,94.666572,94.499906,94.499906,1365,17:25,17:20,True,3623.5714285714284,0.3767001774098167,1.7357123571428557
2013-05-30,92.666574,92.666574,92.366574,92.466574,6912,17:25,17:20,True,3595.285714285714,1.9225175825485756,1.7476170714285695
2013-05-31,92.333241,92.333241,92.333241,92.333241,1956,17:20,17:20,True,4052.3571428571427,0.4826820369097351,1.7595217857142842
2013-06-03,90.566576,90.999909,90.566576,90.999909,3288,17:25,17:20,True,3753.8571428571427,0.8758990752368992,1.7809503571428553
2013-06-04,91.399909,91.399909,91.399909,91.399909,318,17:25,17:20,True,3904.285714285714,0.08144895718990121,1.8142836428571414
2013-06-05,91.333242,91.333242,91.333242,91.333242,3300,17:20,17:20,True,3518.1428571428573,0.9379948836642709,1.761902785714284
2013-06-07,89.933243,89.933243,88.333245,88.333245,7026,17:25,17:20,True,3448.285714285714,2.0375341784737757,1.8714264999999983
2013-06-10,90.833243,90.999909,90.833243,90.999909,855,17:25,17:20,True,3766.5,0.2270011947431302,1.9833311428571412
2013-06-12,90.29991,90.29991,90.29991,90.29991,150,17:25,17:20,True,3763.5,0.03985651654045436,1.9761883571428558
2013-06-13,89.299911,89.299911,89.299911,89.299911,1965,17:25,17:20,True,3716.785714285714,0.5286826174690112,1.947617
2013-06-14,89.866577,89.89991,89.833244,89.833244,5361,17:25,17:20,True,3447.6428571428573,1.5549754490645782,1.9833312857142857
2013-06-17,90.999909,90.999909,90.599909,90.599909,2388,17:25,17:20,True,3300.6428571428573,0.7234954229695514,1.838093357142858
2013-06-18,90.566576,90.566576,89.99991,89.99991,1458,17:25,17:20,True,2707.5,0.5385041551246538,1.8047600000000006
2013-06-19,90.39991,90.39991,88.999911,88.999911,4065,17:25,17:20,True,2619.8571428571427,1.5516113201374122,1.8380932857142855
2013-06-20,86.66658,86.66658,86.333247,86.633247,6009,17:25,17:20,True,2886.214285714286,2.0819659959907937,1.9833312857142857
2013-06-24,83.999916,84.166583,83.999916,84.166583,1449,17:25,17:20,True,3217.9285714285716,0.4502896717054005,2.066664571428572
2013-06-25,83.33325,83.999916,83.33325,83.799916,723,17:20,17:20,True,2827.714285714286,0.25568354046680813,2.088093142857143
2013-06-26,84.666582,84.933248,84.333249,84.466582,6756,17:25,17:20,True,2739.6428571428573,2.4660148611654282,2.104759785714287
2013-06-27,86.333247,86.333247,86.333247,86.333247,168,17:25,17:20,True,2987.3571428571427,0.05623699878057529,2.1142836428571448
2013-06-28,86.533247,87.333246,86.533247,87.333246,3000,17:25,17:20,True,2976.6428571428573,1.0078468072852926,2.128569357142859
2013-07-01,86.66658,86.66658,86.66658,86.66658,1932,17:20,17:20,True,2955.214285714286,0.6537596983539989,2.040474214285717
2013-07-02,87.399913,87.399913,87.399913,87.399913,324,17:25,17:20,True,2591.3571428571427,0.12503100967501862,1.8928552857142884
2013-07-03,87.833246,87.833246,86.833247,86.833247,13779,17:25,17:20,True,2553.4285714285716,5.396273917421953,1.89047435714286
2013-07-04,87.333246,87.666579,87.333246,87.666579,1389,17:25,17:20,True,3526.9285714285716,0.3938270854851449,1.9095220000000026
2013-07-05,89.833244,89.833244,89.833244,89.833244,7989,17:25,17:20,True,3485.785714285714,2.2918792647691646,1.9785695714285743
2013-07-08,90.266576,90.266576,89.766577,89.766577,756,17:25,17:20,True,3673.5,0.20579828501429154,1.9690457857142891
2013-07-09,90.666576,90.666576,90.666576,90.666576,1551,17:25,17:20,True,3556.9285714285716,0.4360503644797879,1.9095220000000037
2013-07-10,90.333243,90.333243,90.333243,90.333243,450,17:25,17:20,True,3563.5714285714284,0.12627781118460613,1.8595220000000034
2013-07-11,90.166576,91.666575,90.166576,91.666575,6960,17:25,17:20,True,3305.3571428571427,2.105672609400324,1.6761887857142892
2013-07-12,91.299909,92.333241,91.299909,91.933241,3573,17:25,17:20,True,3373.285714285714,1.0592046753906748,1.5880935714285747
2013-07-15,92.966574,93.33324,92.966574,93.199907,3786,17:20,17:20,True,3525.0,1.0740425531914894,1.564284071428574
2013-07-16,91.999908,91.999908,91.999908,91.999908,1500,17:25,17:20,True,3743.785714285714,0.4006639574151451,1.5714269285714306
2013-07-17,92.766574,92.766574,91.666575,91.666575,15510,17:25,17:20,True,3368.3571428571427,4.604618614415676,1.5142840714285728
2013-07-18,90.533243,90.533243,88.999911,88.999911,4350,17:25,17:20,True,4464.214285714285,0.9744155906494505,1.6880934285714306
2013-07-19,89.99991,90.333243,89.99991,90.333243,5700,17:25,17:20,True,4560.642857142857,1.2498238030352864,1.6928553571428588
2013-07-22,92.533241,92.666574,92.533241,92.666574,3744,17:25,17:20,True,4829.785714285715,0.7751896712365233,1.7714267142857156
2013-07-23,92.566574,92.999907,92.566574,92.999907,3378,17:25,17:20,True,5074.071428571428,0.6657375733772541,1.7666647857142874
2013-07-24,93.266573,93.266573,93.266573,93.266573,1125,17:25,17:20,True,4331.142857142857,0.25974668513754207,1.6809505714285728
2013-07-25,93.866573,93.866573,93.866573,93.866573,57,17:25,17:20,True,4312.285714285715,0.01321804810176903,1.5999982857142874
2013-07-26,94.866572,94.866572,94.833239,94.866572,3294,17:25,17:20,True,3745.714285714286,0.8794050343249428,1.5833316428571433
2013-07-29,94.666572,94.666572,94.666572,94.666572,546,17:25,17:20,True,3927.0,0.13903743315508021,1.5809507142857149
2013-07-30,94.466572,94.466572,94.466572,94.466572,615,17:25,17:20,True,3855.214285714286,0.1595242065477183,1.542855571428573
2013-07-31,94.666572,94.666572,94.666572,94.666572,2490,17:25,17:20,True,3867.0,0.6439100077579519,1.538093714285716
2013-08-01,94.999905,95.233238,94.999905,95.233238,1233,17:25,17:20,True,3547.714285714286,0.3475477168398164,1.4738080714285735
2013-08-02,96.033237,96.333237,96.033237,96.333237,7401,17:25,17:20,True,3380.5714285714284,2.1892748478701827,1.4833318571428598
2013-08-05,96.66657,96.66657,96.533237,96.533237,2304,17:25,17:20,True,3638.785714285714,0.6331782580531182,1.4523795000000024
2013-08-06,96.66657,96.733237,96.66657,96.733237,2019,17:25,17:20,True,3696.214285714286,0.5462345643225694,1.4285700000000026
2013-08-07,95.399905,95.499905,95.399905,95.499905,4143,17:25,17:20,True,2732.5714285714284,1.516154328732748,1.2761891428571448
2013-08-08,96.66657,96.833237,96.633237,96.833237,1914,17:25,17:20,True,2717.785714285714,0.7042497831743278,1.2714272142857155
2013-08-09,97.933235,98.333235,97.933235,98.333235,1680,17:25,17:20,True,2447.3571428571427,0.6864547762892917,1.2023796428571438
2013-08-12,98.133235,98.133235,98.133235,98.133235,1452,17:25,17:20,True,2299.9285714285716,0.631323954160067,1.2166653571428572
2013-08-13,98.333235,98.333235,98.333235,98.333235,420,17:25,17:20,True,2162.3571428571427,0.19423248439203253,1.223808214285715
2013-08-14,96.999903,96.999903,96.733237,96.733237,1191,17:20,17:20,True,2112.0,0.5639204545454546,1.2333320000000012
2013-08-15,97.233236,97.233236,97.033236,97.033236,330,17:20,17:20,True,2193.0,0.15047879616963064,1.2214272857142885
2013-08-16,95.666571,95.666571,95.566571,95.566571,681,17:25,17:20,True,1981.2857142857142,0.3437162016006922,1.2428558571428598
2013-08-19,97.033236,97.033236,96.66657,96.66657,4779,17:25,17:20,True,1990.9285714285713,2.400387471746852,1.302379571428574
2013-08-20,96.099904,96.099904,95.666571,95.733238,7251,17:25,17:20,True,2288.3571428571427,3.1686487498829483,1.3095224285714306
2013-08-21,95.333238,95.399905,95.333238,95.399905,1245,17:25,17:20,True,2628.4285714285716,0.4736670471221262,1.376189071428573
2013-08-22,92.833241,92.833241,92.333241,92.333241,1992,17:25,17:20,True,2629.285714285714,0.7576202118989406,1.4952366428571437
2013-08-23,92.766574,92.766574,92.766574,92.766574,585,17:25,17:20,True,2242.9285714285716,0.26081971911722557,1.4976175714285722
2013-08-26,92.533241,92.533241,92.399908,92.399908,5622,17:25,17:20,True,2120.1428571428573,2.6517081059227814,1.5190460714285723
2013-08-27,91.333242,91.333242,91.266575,91.266575,2652,17:25,17:20,True,2377.5,1.1154574132492114,1.5357127857142865
2013-08-28,89.666577,90.133243,89.666577,90.133243,6153,17:25,17:20,True,2271.0,2.7093791281373845,1.5904746428571437
2013-08-29,91.366575,91.366575,91.366575,91.366575,1743,17:25,17:20,True,2573.785714285714,0.677212555157772,1.5690461428571436
2013-08-30,91.199909,91.199909,90.533243,90.533243,3555,17:25,17:20,True,2578.285714285714,1.3788231382978724,1.5571413571428576
2013-09-02,90.666576,90.999909,90.666576,90.899909,2760,17:25,17:20,True,2728.5,1.011544804837823,1.5976174285714282
2013-09-03,91.633242,91.666575,91.599908,91.666575,3777,17:25,17:20,True,2895.6428571428573,1.3043735661955154,1.6047602857142849
2013-09-04,92.166575,92.166575,92.166575,92.166575,2031,17:25,17:20,True,3080.3571428571427,0.6593391304347826,1.6190459285714272
2013-09-05,91.166576,91.333242,91.166576,91.333242,3600,17:25,17:20,True,3201.8571428571427,1.1243474769107216,1.6142840714285691
2013-09-06,90.966576,90.966576,90.966576,90.966576,465,17:25,17:20,True,3410.3571428571427,0.136349355953503,1.569045999999997
2013-09-09,90.966576,90.966576,90.833243,90.833243,5388,17:25,17:20,True,3102.214285714286,1.7368239276093114,1.5476174999999972
2013-09-10,91.199909,91.199909,91.166576,91.166576,609,17:25,17:20,True,2969.1428571428573,0.2051096997690531,1.4547604285714257
2013-09-11,92.066575,92.066575,92.066575,92.066575,507,17:25,17:20,True,2923.714285714286,0.1734095573145705,1.3595224285714258
2013-09-12,91.666575,91.666575,91.666575,91.666575,1446,17:25,17:20,True,2817.6428571428573,0.5131949197657616,1.3309509999999969
2013-09-13,90.833243,90.833243,90.633243,90.633243,3366,17:25,17:20,True,2879.1428571428573,1.1690979458172075,1.32618914285714
2013-09-16,90.866576,90.866576,90.733243,90.733243,1596,17:25,17:20,True,2718.0,0.58719646799117,1.2499987142857114
2013-09-17,90.799909,90.799909,90.799909,90.799909,1059,17:25,17:20,True,2642.5714285714284,0.40074602659747,1.1499988571428545
2013-09-18,90.666576,90.899909,90.666576,90.666576,282,17:25,17:20,True,2278.714285714286,0.12375399661463231,1.1023798571428551
2013-09-19,91.166576,91.666575,91.166576,91.666575,4746,17:25,17:20,True,2174.3571428571427,2.1827141026904506,1.1380941428571407
2013-09-20,90.833243,91.199909,90.833243,91.199909,13221,17:25,17:20,True,2259.4285714285716,5.851479514415781,1.1642846428571414
2013-09-24,90.766576,90.999909,90.766576,90.766576,1827,17:25,17:20,True,3006.6428571428573,0.6076544793671156,1.1119037142857127
2013-09-25,89.99991,89.99991,89.99991,89.99991,3000,17:25,17:20,True,2867.3571428571427,1.0462596218518796,1.1071418571428546
2013-09-26,88.066579,88.066579,87.933245,87.933245,7719,17:20,17:20,True,2936.5714285714284,2.628575598365441,1.2023798571428554
2013-09-27,88.833244,88.833244,88.833244,88.833244,1005,17:25,17:20,True,3230.785714285714,0.3110698414804006,1.2571417142857126
2013-09-30,88.333245,88.333245,87.466579,87.466579,5235,17:25,17:20,True,3269.3571428571427,1.6012322212754801,1.2619034999999985
2013-10-01,87.16658,87.333246,87.16658,87.333246,4347,17:25,17:20,True,3258.4285714285716,1.334078653163225,1.3666653571428558
2013-10-02,87.799912,87.799912,87.799912,87.799912,1152,17:25,17:20,True,3525.4285714285716,0.32676878191101383,1.3428557857142849
2013-10-03,87.599912,87.999912,87.599912,87.999912,2016,17:25,17:20,True,3571.5,0.5644687106257875,1.3380938571428567
2013-10-04,87.733246,87.999912,87.733246,87.999912,4473,17:25,17:20,True,3612.214285714286,1.2382986296494038,1.347617714285713
2013-10-07,87.733246,87.733246,87.333246,87.333246,1803,17:20,17:20,True,3691.285714285714,0.4884476953442471,1.3499987142857128
2013-10-08,87.333246,87.333246,87.333246,87.333246,900,17:25,17:20,True,3706.0714285714284,0.24284475281873374,1.371427214285713
2013-10-09,87.966579,87.966579,87.966579,87.966579,600,17:25,17:20,True,3694.714285714286,0.16239415381046282,1.4357128571428552
2013-10-10,87.233246,87.833246,87.233246,87.833246,1884,17:25,17:20,True,3717.4285714285716,0.5068019368226885,1.4738079999999982
2013-10-11,89.333244,89.466577,89.333244,89.466577,8199,17:25,17:20,True,3513.0,2.3339026473099915,1.5119031428571412
2013-10-15,88.666578,88.666578,88.666578,88.666578,1473,17:20,17:20,True,3154.285714285714,0.4669836956521739,1.523807928571426
2013-10-16,89.333244,89.333244,88.933244,88.933244,1413,17:25,17:20,True,3129.0,0.45158197507190795,1.523807928571426
2013-10-17,90.666576,90.666576,89.266577,89.266577,12390,17:25,17:20,True,3015.6428571428573,4.108576707169758,1.4142842142857117
2013-10-18,89.99991,89.99991,89.99991,89.99991,1326,17:25,17:20,True,3349.285714285714,0.3959053103007038,1.4166652142857126
2013-10-21,91.299909,91.299909,90.966576,91.066576,14820,17:25,17:20,True,3372.214285714286,4.394738514329288,1.4119033571428556
2013-10-22,91.766575,92.699907,91.766575,92.699907,15525,17:25,17:20,True,4056.8571428571427,3.826854003803085,1.3333319999999986
2013-10-23,92.733241,92.733241,91.766575,91.766575,14685,17:20,17:20,True,4855.285714285715,3.024538794244858,1.4785699999999988
2013-10-24,91.666575,92.333241,91.666575,92.299908,19545,17:25,17:20,True,5821.928571428572,3.3571349700025763,1.6547603571428553
2013-10-25,92.666574,92.899907,91.899908,92.899907,4050,17:25,17:20,True,7074.0,0.5725190839694656,1.6428555714285704
2013-10-28,91.833242,92.166575,91.833242,92.166575,3975,17:25,17:20,True,7043.785714285715,0.5643272185208846,1.671426928571428
2013-10-29,93.499907,93.499907,93.499907,93.499907,1899,17:25,17:20,True,7198.928571428572,0.2637892543533264,1.7190459999999999
2013-10-30,93.799906,93.799906,93.666573,93.666573,2526,17:25,17:20,True,7270.285714285715,0.3474416411223768,1.6809507857142865
2013-10-31,93.999906,93.999906,93.933239,93.933239,2838,17:25,17:20,True,7407.857142857143,0.3831067399479317,1.6047604285714294
2013-11-04,93.33324,93.33324,93.33324,93.33324,14535,17:25,17:20,True,7476.0,1.9442215088282504,1.4785701428571432
2013-11-05,94.166573,94.399906,94.166573,94.399906,8664,17:25,17:20,True,7928.571428571428,1.0927567567567569,1.4499987142857154
2013-11-06,95.333238,95.333238,94.699905,95.033238,1539,17:25,17:20,True,8442.214285714286,0.18229814452877122,1.4761891428571445
2013-11-07,93.933239,94.033239,93.933239,94.033239,1011,17:25,17:20,True,8451.214285714286,0.11962777960901645,1.490474857142858
2013-11-08,94.499906,94.499906,94.499906,94.499906,1713,17:25,17:20,True,7638.428571428572,0.22426078662402513,1.5071415
2013-11-11,95.666571,95.666571,95.033238,95.466571,4002,17:25,17:20,True,7666.071428571428,0.5220405310971349,1.5666652857142853
2013-11-12,94.999905,94.999905,94.999905,94.999905,1695,17:25,17:20,True,6893.357142857143,0.24588889925083154,1.557141428571428
2013-11-13,94.799905,94.799905,94.233239,94.233239,2529,17:25,17:20,True,5905.5,0.428244856489713,1.3761892142857133
2013-11-14,93.699906,93.699906,93.699906,93.699906,1737,17:25,17:20,True,5037.214285714285,0.34483345386480624,1.2404750714285708
2013-11-15,93.699906,94.999905,93.699906,94.999905,1482,17:25,17:20,True,3765.214285714286,0.3936030960104718,1.266665499999999
2013-11-18,95.633238,95.633238,95.633238,95.633238,3279,17:25,17:20,True,3581.785714285714,0.9154651510619205,1.3333321428571412
2013-11-19,96.66657,96.66657,96.033237,96.066571,2514,17:25,17:20,True,3532.0714285714284,0.7117636352605715,1.33333207142857
2013-11-20,96.36657,96.36657,96.16657,96.16657,894,17:20,17:20,True,3576.0,0.25,1.3190463571428543
2013-11-21,94.999905,95.133238,94.999905,95.033238,11637,17:25,17:20,True,3459.4285714285716,3.363850346878097,1.361903499999998
2013-11-22,94.866572,94.866572,94.833239,94.833239,66,17:25,17:20,True,4087.9285714285716,0.01614509618912827,1.3857129285714263
2013-11-25,95.533238,96.233237,95.533238,96.233237,4518,17:25,17:20,True,3054.4285714285716,1.4791637435105935,1.3999986428571407
2013-11-26,96.86657,96.96657,96.86657,96.96657,2949,17:25,17:20,True,2758.285714285714,1.0691423244251088,1.3952367142857125
2013-11-27,97.099903,97.099903,97.099903,97.099903,3465,17:25,17:20,True,2859.0,1.2119622245540398,1.3357129285714282
2013-11-28,96.633237,96.66657,96.633237,96.66657,13437,17:25,17:20,True,3034.285714285714,4.428389830508475,1.2333320714285705
2013-11-29,97.999902,97.999902,97.999902,97.999902,3195,17:25,17:20,True,3871.714285714286,0.8252158512286916,1.2142844285714287
2013-12-02,97.033236,97.099903,96.999903,96.999903,8022,17:25,17:20,True,3814.0714285714284,2.103264228327434,1.2261892142857147
2013-12-03,96.633237,96.799903,96.633237,96.76657,3774,17:25,17:20,True,4266.0,0.8846694796061885,1.1976177857142858
2013-12-04,94.633239,94.633239,94.399906,94.466572,585,17:25,17:20,True,4354.928571428572,0.13433056143285932,1.280951071428572
2013-12-05,93.933239,94.333239,93.933239,94.333239,2850,17:25,17:20,True,4272.642857142857,0.6670344550880185,1.2714272857142868
2013-12-06,93.766573,93.766573,93.766573,93.766573,6,17:25,17:20,True,4370.357142857143,0.0013728855111546946,1.230951142857144
2013-12-09,93.999906,93.999906,93.999906,93.999906,1965,17:25,17:20,True,4136.571428571428,0.4750310816411107,1.1833321428571435
2013-12-10,94.533239,94.533239,94.499906,94.499906,1011,17:25,17:20,True,4097.357142857143,0.2467444171329951,1.1904750714285726
2013-12-11,93.399907,93.399907,93.13324,93.166574,705,17:25,17:20,True,4105.714285714285,0.17171189979123175,1.204760785714287
2013-12-12,92.666574,92.666574,92.666574,92.666574,5001,17:25,17:20,True,3324.8571428571427,1.5041247744263986,1.2142846428571445
2013-12-13,92.266574,92.266574,92.266574,92.266574,6330,17:25,17:20,True,3677.3571428571427,1.7213449099702816,1.216665571428573
2013-12-16,92.266574,92.266574,91.666575,91.666575,3042,17:25,17:20,True,3806.785714285714,0.7990993526597242,1.1809513571428585
2013-12-17,92.666574,92.666574,92.666574,92.666574,4971,17:25,17:20,True,3813.4285714285716,1.3035513598561475,1.2119036428571437
2013-12-18,93.099907,93.099907,93.099907,93.099907,1557,17:25,17:20,True,3921.0,0.39709257842387147,1.2333321428571449
2013-12-19,93.266573,94.333239,93.266573,94.333239,2913,17:25,17:20,True,3072.4285714285716,0.9481099177012136,1.2166655000000008
2013-12-20,95.866571,96.333237,95.866571,96.333237,3081,17:25,17:20,True,3052.285714285714,1.0094074698118507,1.3499987142857148
2013-12-23,98.233235,98.333235,98.233235,98.333235,2652,17:25,17:20,True,2699.3571428571427,0.9824561403508772,1.5071414285714297
2013-12-27,99.9999,100.599899,99.9999,100.599899,12993,17:25,17:20,True,2619.214285714286,4.96064795876626,1.4571414285714295
2013-12-30,100.666566,100.666566,100.599899,100.599899,4722,17:25,17:20,True,3505.5,1.3470261018399659,1.4904747142857155
2014-01-02,100.2999,100.433233,100.1999,100.1999,5538,17:25,17:20,True,3639.214285714286,1.5217570511688159,1.476189000000001
2014-01-03,99.866567,99.9999,99.833233,99.966567,5811,17:25,17:20,True,4034.3571428571427,1.4403781802730122,1.4880937142857158
2014-01-07,100.366566,100.433233,100.366566,100.433233,7029,17:25,17:20,True,4309.071428571428,1.6312099060122334,1.4952365000000012
2014-01-08,100.933232,100.933232,100.799899,100.799899,3144,17:25,17:20,True,4738.928571428572,0.663441103323536,1.4309507857142865
2014-01-09,100.566566,100.566566,100.566566,100.566566,1494,17:25,17:20,True,4913.142857142857,0.3040823447313329,1.4214270000000013
2014-01-10,100.733233,100.733233,100.733233,100.733233,1353,17:25,17:20,True,4662.642857142857,0.29017877659818925,1.3904746428571448
2014-01-13,101.233232,101.666565,101.233232,101.666565,6612,17:25,17:20,True,4307.142857142857,1.5351243781094528,1.3714270000000022
2014-01-14,101.666565,101.666565,101.099899,101.233232,7629,17:25,17:20,True,4562.142857142857,1.67224048849225,1.440474642857145
2014-01-15,102.666564,102.666564,101.999898,101.999898,3660,17:25,17:20,True,4752.0,0.7702020202020202,1.4547603571428596
2014-01-16,103.33323,103.33323,103.33323,103.33323,1101,17:25,17:20,True,4902.214285714285,0.22459238536521398,1.4738080000000022
2014-01-17,102.999897,103.099897,102.999897,102.999897,4212,17:25,17:20,True,4772.785714285715,0.8825034795492299,1.311903357142859
2014-01-20,103.666563,103.666563,103.199897,103.199897,3144,17:25,17:20,True,4853.571428571428,0.6477704194260486,1.1714272857142873
2014-01-21,104.333229,104.333229,103.999896,103.999896,3036,17:25,17:20,True,4888.714285714285,0.6210221793635488,1.1428558571428593
2014-01-22,103.666563,103.666563,103.666563,103.666563,999,17:25,17:20,True,4177.5,0.23913824057450628,1.095236857142859
2014-01-23,103.566563,103.566563,103.33323,103.33323,2274,17:25,17:20,True,3911.5714285714284,0.581352032431248,1.0523797142857165
2014-01-24,102.666564,102.999897,102.666564,102.999897,1848,17:25,17:20,True,3678.4285714285716,0.5023884422696027,1.016665500000002
2014-01-27,100.999899,101.033232,100.866566,101.033232,10488,17:25,17:20,True,3395.3571428571427,3.0889239507731148,1.066665428571431
2014-01-28,101.333232,101.666565,101.299899,101.366565,3402,17:25,17:20,True,3642.4285714285716,0.9339922343805154,1.0880940000000021
2014-01-29,100.133233,100.466566,100.133233,100.466566,2547,17:25,17:20,True,3660.8571428571427,0.6957387028798877,1.188093857142859
2014-01-30,99.7999,99.7999,99.666567,99.666567,1788,17:25,17:20,True,3736.0714285714284,0.47857757384571264,1.295236642857145
2014-01-31,100.466566,100.466566,99.7999,99.7999,3405,17:25,17:20,True,3767.1428571428573,0.9038680318543799,1.383331785714287
2014-02-03,99.933233,99.933233,99.566567,99.566567,2913,17:25,17:20,True,3538.0714285714284,0.8233299012779359,1.3738079285714295
2014-02-04,98.266568,98.266568,97.766569,97.866569,3441,17:25,17:20,True,3201.214285714286,1.0749046120891625,1.4071412142857145
2014-02-05,103.33323,103.33323,100.766566,101.166565,23118,17:25,17:20,True,3185.5714285714284,7.257096730795103,1.3785697857142867
2014-02-06,103.33323,103.33323,101.999898,101.999898,3786,17:25,17:20,True,4758.214285714285,0.7956766494032876,1.678569571428572
2014-02-07,103.03323,103.03323,102.666564,102.666564,1887,17:25,17:20,True,4727.785714285715,0.3991297647645379,1.8714265714285727
2014-02-10,103.33323,103.33323,103.299897,103.299897,7521,17:25,17:20,True,4638.0,1.6216041397153946,1.8690456428571431
2014-02-11,103.099897,103.766563,103.099897,103.73323,1731,17:25,17:20,True,4958.357142857143,0.3491075673106011,1.859521857142857
2014-02-12,105.166562,105.999894,105.166562,105.666561,8964,17:25,17:20,True,5010.642857142857,1.7889920027370312,1.954759928571428
2014-02-13,105.066562,105.066562,104.666562,104.666562,2433,17:25,17:20,True,5488.5,0.4432905165345723,2.0166646428571418
2014-02-14,104.999895,105.266561,104.999895,105.033228,1173,17:25,17:20,True,5530.285714285715,0.21210477371357717,1.9976170714285704
2014-02-17,103.999896,103.999896,103.999896,103.999896,4329,17:25,17:20,True,4864.928571428572,0.8898383473549751,2.04285507142857
2014-02-18,105.333228,105.399895,105.299895,105.399895,3810,17:25,17:20,True,4931.142857142857,0.7726403615504954,1.9880932857142841
2014-02-19,104.299896,104.299896,104.299896,104.299896,1443,17:25,17:20,True,5021.357142857143,0.28737250885503346,1.961902857142855
2014-02-20,105.333228,105.333228,105.066562,105.066562,1836,17:25,17:20,True,4996.714285714285,0.3674414615318638,1.9857123571428557
2014-02-24,107.666559,107.666559,107.166559,107.166559,2070,17:25,17:20,True,4884.642857142857,0.42377714411055056,1.945236214285713
2014-02-25,107.666559,107.666559,107.566559,107.566559,4017,17:25,17:20,True,4824.428571428572,0.8326374700186551,1.9214267142857133
2014-02-26,108.766558,108.899891,108.766558,108.899891,1539,17:25,17:20,True,4865.571428571428,0.3163040606007223,1.961902857142856
2014-02-27,109.233224,109.233224,109.233224,109.233224,612,17:25,17:20,True,3324.214285714286,0.18410365499903306,1.6595221428571432
2014-02-28,108.999891,108.999891,108.999891,108.999891,1500,17:25,17:20,True,3097.5,0.48426150121065376,1.4904747142857144
2014-03-03,109.866557,109.866557,109.333224,109.333224,12183,17:25,17:20,True,3069.8571428571427,3.9685885802038254,1.5523794285714294
2014-03-04,107.199893,107.666559,107.199893,107.666559,12903,17:25,17:20,True,3402.8571428571427,3.7918136020151136,1.783331571428573
2014-03-05,109.566557,109.566557,109.566557,109.566557,2874,17:25,17:20,True,4200.857142857143,0.6841460926341563,1.7833315000000016
2014-03-06,110.333223,110.49989,110.333223,110.433223,3054,17:25,17:20,True,3765.8571428571427,0.8109707522476386,1.7357125000000022
2014-03-07,110.999889,111.966555,110.999889,111.966555,1749,17:25,17:20,True,3810.214285714286,0.45902930093920474,1.6999982142857166
2014-03-10,110.933222,111.233222,110.333223,110.366556,11655,17:25,17:20,True,3851.3571428571427,3.026205975630112,1.6714268571428599
2014-03-11,110.666556,110.999889,110.666556,110.999889,1083,17:25,17:20,True,4374.642857142857,0.24756306637276515,1.669045857142859
2014-03-12,110.666556,110.666556,110.333223,110.633223,3846,17:25,17:20,True,4179.857142857143,0.9201271403670664,1.6238077857142872
2014-03-13,110.39989,110.39989,109.89989,109.89989,675,17:25,17:20,True,4351.5,0.15511892450879008,1.5928554285714296
2014-03-14,108.666558,108.666558,107.999892,107.999892,14703,17:25,17:20,True,4268.571428571428,3.4444779116465862,1.5904745000000022
2014-03-17,108.066559,108.066559,107.999892,107.999892,4809,17:25,17:20,True,5170.928571428572,0.9300070448800298,1.6999982142857166
2014-03-18,109.933223,110.133223,109.933223,110.133223,2322,17:25,17:20,True,5227.5,0.4441893830703013,1.8166647142857164
2014-03-19,110.666556,110.666556,110.666556,110.666556,3000,17:25,17:20,True,5283.428571428572,0.5678131083711875,1.8999979285714304
2014-03-20,110.866556,110.866556,110.599889,110.599889,4758,17:25,17:20,True,5454.0,0.8723872387238724,1.8809502857142877
2014-03-21,110.333223,110.333223,110.333223,110.333223,129,17:25,17:20,True,5686.714285714285,0.022684452483231594,1.7976170000000014
2014-03-24,111.666555,111.666555,111.466555,111.533222,3237,17:25,17:20,True,4825.714285714285,0.6707815275310836,1.6428552142857151
2014-03-25,110.999889,110.999889,110.999889,110.999889,300,17:25,17:20,True,4135.285714285715,0.07254637786299098,1.6095219285714302
2014-03-26,110.766556,111.066556,110.666556,110.966556,8883,17:25,17:20,True,3951.4285714285716,2.2480477223427333,1.649998071428573
2014-03-27,105.999894,105.999894,103.866563,104.999895,10845,17:25,17:20,True,4367.785714285715,2.482951479173821,1.6833313571428579
2014-03-28,106.433227,106.433227,106.233227,106.399894,1680,17:25,17:20,True,5017.5,0.33482810164424515,2.1071404285714297
2014-03-31,105.133228,105.299895,105.133228,105.299895,3864,17:25,17:20,True,4305.0,0.8975609756097561,2.1214261428571453
2014-04-01,106.166561,106.999893,106.166561,106.999893,6858,17:25,17:20,True,4503.642857142857,1.5227672836275397,2.142854714285716
2014-04-02,107.333226,107.333226,107.333226,107.333226,1401,17:25,17:20,True,4718.785714285715,0.29689841514917575,2.128569000000002
2014-04-03,108.166559,108.166559,107.666559,107.833226,3993,17:25,17:20,True,4770.642857142857,0.8369941157975116,2.099997571428573
2014-04-04,106.86656,106.86656,106.833227,106.833227,2559,17:25,17:20,True,4005.6428571428573,0.6388487669180977,2.0142834285714306
2014-04-07,105.766561,105.766561,105.333228,105.466561,8244,17:25,17:20,True,3844.9285714285716,2.1441230563450926,1.8690455000000017
2014-04-08,105.466561,106.56656,105.466561,106.499894,15255,17:25,17:20,True,4267.928571428572,3.5743334839584273,1.8214265714285724
2014-04-09,104.999895,104.999895,104.999895,104.999895,789,17:25,17:20,True,5143.285714285715,0.15340388300974916,1.8928550714285717
2014-04-10,105.833227,105.833227,105.833227,105.833227,555,17:25,17:20,True,4859.785714285715,0.11420256625071651,1.8952360714285723
2014-04-11,102.333231,104.033229,102.333231,103.499896,9222,17:25,17:20,True,4890.214285714285,1.8858069322115596,1.9119027857142865
2014-04-14,103.999896,103.999896,103.83323,103.83323,3918,17:25,17:20,True,5317.714285714285,0.7367827208252741,1.9952360000000005
2014-04-15,104.999895,105.066562,104.999895,105.066562,6909,17:25,17:20,True,5576.142857142857,1.2390285143340252,2.0666644999999995
2014-04-16,104.233229,104.833228,104.233229,104.833228,6144,17:25,17:20,True,5435.142857142857,1.1304210692319825,2.1285692142857138
2014-04-22,104.666562,105.466561,104.666562,105.466561,4089,17:25,17:20,True,5099.357142857143,0.8018657814010169,1.7357124999999982
2014-04-23,105.433228,105.433228,105.333228,105.333228,1719,17:25,17:20,True,5271.428571428572,0.32609756097560977,1.7380934285714267
2014-04-24,104.633229,105.566561,104.633229,104.966562,1782,17:25,17:20,True,5118.214285714285,0.3481683064684949,1.7285695714285703
2014-04-25,104.033229,104.166563,104.033229,104.166563,2157,17:25,17:20,True,4755.642857142857,0.453566439868427,1.747617214285713
2014-04-28,105.099895,105.099895,104.666562,104.666562,591,17:25,17:20,True,4809.642857142857,0.12287814658053019,1.7452362857142834
2014-04-29,103.966563,104.666562,103.966563,104.599895,2250,17:25,17:20,True,4566.642857142857,0.4927032987658956,1.7785695714285683
2014-05-02,105.066562,105.499895,105.066562,105.499895,5700,17:25,17:20,True,4544.571428571428,1.254243681629574,1.8285695714285697
2014-05-05,104.399896,104.399896,104.399896,104.399896,1731,17:25,17:20,True,4362.857142857143,0.3967583497053045,1.8357124285714264
2014-05-06,104.666562,104.999895,104.666562,104.999895,1311,17:25,17:20,True,3396.8571428571427,0.3859449911683069,1.8023791428571414
2014-05-07,103.83323,103.83323,103.43323,103.43323,1491,17:20,17:20,True,3434.1428571428573,0.43416947460376887,1.8119029285714265
2014-05-08,103.999896,103.999896,103.999896,103.999896,21,17:25,17:20,True,3501.0,0.005998286203941731,1.7333315714285698
2014-05-09,105.166562,105.166562,105.066562,105.066562,1458,17:25,17:20,True,2843.785714285714,0.512696857810263,1.638093642857141
2014-05-12,103.899896,103.899896,103.899896,103.899896,861,17:25,17:20,True,2668.0714285714284,0.32270500361416754,1.561903285714285
2014-05-13,103.73323,103.73323,103.73323,103.73323,1920,17:25,17:20,True,2236.0714285714284,0.8586487781504553,1.473808214285714
2014-05-14,104.166563,104.499896,104.166563,104.499896,3249,17:25,17:20,True,1934.357142857143,1.6796277833167166,1.4380939285714283
2014-05-15,104.999895,105.166562,104.999895,104.999895,2514,17:25,17:20,True,1874.357142857143,1.3412598605236081,1.3761892142857133
2014-05-16,104.999895,105.666561,104.999895,105.499895,18315,17:25,17:20,True,1931.142857142857,9.484021304926765,1.340474999999999
2014-05-19,105.999894,106.033227,105.999894,106.033227,3006,17:25,17:20,True,3112.0714285714284,0.9659161330303657,1.2928560714285706
2014-05-20,106.933226,106.933226,106.933226,106.933226,2076,17:25,17:20,True,3172.714285714286,0.6543293259489396,1.3690465
2014-05-21,107.299893,107.299893,106.96656,106.96656,4299,17:25,17:20,True,3278.785714285714,1.3111561335860402,1.2666656428571426
2014-05-22,107.233226,107.333226,106.999893,107.333226,3864,17:25,17:20,True,3425.1428571428573,1.1281281281281281,1.1785704999999982
2014-05-23,105.999894,106.333227,105.999894,106.333227,5565,17:25,17:20,True,3294.0,1.6894353369763206,1.219046642857141
2014-05-26,106.999893,107.033226,106.999893,107.033226,1305,17:25,17:20,True,3567.8571428571427,0.3657657657657658,1.1952371428571413
2014-05-27,106.86656,107.06656,106.86656,107.06656,4218,17:25,17:20,True,3567.4285714285716,1.1823642479577126,1.1785704999999982
2014-05-30,107.666559,107.666559,107.666559,107.666559,5520,17:25,17:20,True,3762.214285714286,1.467221051432477,1.1785704999999982
2014-06-02,108.499892,108.499892,108.499892,108.499892,1182,17:25,17:20,True,4155.0,0.28447653429602887,1.1976180714285687
2014-06-03,108.333225,108.333225,108.166559,108.166559,2121,17:25,17:20,True,4135.285714285715,0.5129028914913462,1.1380942857142824
2014-06-04,107.399893,107.399893,106.599893,106.599893,6534,17:25,17:20,True,4225.285714285715,1.5464043006390098,1.1404752142857109
2014-06-05,106.899893,107.06656,106.899893,107.06656,2868,17:25,17:20,True,4554.857142857143,0.6296575084681971,1.1499990714285684
2014-06-09,107.133226,107.799892,107.133226,107.799892,4251,17:25,17:20,True,4527.642857142857,0.9388991433574708,1.1833324285714255
2014-06-10,107.233226,107.233226,107.233226,107.233226,54,17:25,17:20,True,4651.714285714285,0.011608623548922057,1.2285704999999965
2014-06-11,107.033226,107.033226,107.033226,107.033226,2322,17:25,17:20,True,3347.3571428571427,0.6936815824851162,1.2285704285714243
2014-06-12,106.66656,106.86656,106.66656,106.86656,1404,17:25,17:20,True,3298.5,0.4256480218281037,1.145237142857138
2014-06-13,105.566561,105.566561,105.566561,105.566561,345,17:25,17:20,True,3250.5,0.10613751730503,1.254760785714281
2014-06-16,105.266561,105.266561,105.266561,105.266561,1596,17:25,17:20,True,2968.0714285714284,0.5377229080932785,1.3333321428571392
2014-06-17,104.366562,104.533229,104.366562,104.533229,5421,17:25,17:20,True,2806.0714285714284,1.9318823978617794,1.3166654999999972
2014-06-18,105.599894,105.599894,105.599894,105.599894,2265,17:25,17:20,True,2795.785714285714,0.8101479267264505,1.3309512142857105
2014-06-19,105.166562,105.666561,105.166562,105.666561,2004,17:25,17:20,True,2864.3571428571427,0.6996334256003591,1.3428559285714254
2014-06-23,104.999895,105.033228,104.866562,104.866562,2649,17:25,17:20,True,2706.214285714286,0.9788581835458072,1.3976177857142826
2014-06-24,105.666561,105.666561,105.499895,105.499895,1602,17:25,17:20,True,2501.1428571428573,0.6405071967100754,1.4357129999999978
2014-06-25,105.333228,105.333228,105.333228,105.333228,1506,17:25,17:20,True,2531.1428571428573,0.5949881476464611,1.4333320714285693
2014-06-26,104.733229,104.733229,104.666562,104.666562,1050,17:25,17:20,True,2487.214285714286,0.4221590419574395,1.4976177142857128
2014-06-27,104.299896,104.299896,104.233229,104.233229,1788,17:25,17:20,True,2095.5,0.8532569792412312,1.4904748571428559
2014-06-30,104.999895,104.999895,104.999895,104.999895,1161,17:25,17:20,True,2018.357142857143,0.5752202993948402,1.4571414999999988
2014-07-01,103.999896,103.999896,103.999896,103.999896,1914,17:25,17:20,True,1797.642857142857,1.0647276195017286,1.4642843571428554
2014-07-02,104.333229,104.533229,104.333229,104.533229,1260,17:25,17:20,True,1930.5,0.6526806526806527,1.4761891428571414
2014-07-03,104.333229,104.333229,104.333229,104.333229,462,17:25,17:20,True,1854.642857142857,0.249104563835933,1.473808214285712
2014-07-04,104.899895,104.899895,104.833228,104.833228,1149,17:25,17:20,True,1787.357142857143,0.6428485793070375,1.395236857142855
2014-07-07,103.53323,103.53323,102.999897,103.03323,4236,17:25,17:20,True,1844.7857142857142,2.296201649436636,1.3761892142857124
2014-07-08,103.599896,103.999896,103.599896,103.999896,819,17:25,17:20,True,2033.357142857143,0.4027821688270629,1.3547606428571402
2014-07-09,103.33323,103.33323,103.166564,103.166564,783,17:25,17:20,True,1704.642857142857,0.4593337523570082,1.338093999999997
2014-07-10,102.666564,102.666564,102.499898,102.499898,1812,17:25,17:20,True,1598.7857142857142,1.1333601393915025,1.3023797857142827
2014-07-11,100.899899,100.933232,100.866566,100.899899,3561,17:25,17:20,True,1585.0714285714287,2.246586453967825,1.309522571428568
2014-07-14,102.733231,103.299897,102.733231,103.166564,13392,17:25,17:20,True,1650.2142857142858,8.115309700038956,1.2952368571428536
2014-07-15,103.43323,103.73323,103.43323,103.73323,1587,17:25,17:20,True,2492.3571428571427,0.6367466253976443,1.3166653571428537
2014-07-16,102.499898,102.966564,102.499898,102.93323,2241,17:25,17:20,True,2498.1428571428573,0.8970663921770458,1.3047605714285686
2014-07-17,104.433229,104.799895,104.433229,104.566562,23430,17:25,17:20,True,2583.214285714286,9.070095396101202,1.3619033571428554
2014-07-18,104.666562,104.666562,102.999897,102.999897,1761,17:25,17:20,True,4129.071428571428,0.4264881415745498,1.4071414285714272
2014-07-21,103.53323,103.73323,103.53323,103.73323,4653,17:25,17:20,True,4171.928571428572,1.1153115208793467,1.4499984999999995
2014-07-22,103.266563,105.166562,103.266563,104.699895,4554,17:25,17:20,True,4367.571428571428,1.0426847218133648,1.430950928571429
2014-07-23,103.999896,104.066563,103.999896,104.066563,219,17:25,17:20,True,4602.857142857143,0.047579143389199254,1.52618892857143
2014-07-24,104.899895,104.999895,104.899895,104.999895,2196,17:25,17:20,True,4585.5,0.478900883218842,1.5190461428571436
2014-07-25,105.699894,105.799894,105.699894,105.799894,588,17:25,17:20,True,4660.285714285715,0.12617252161118261,1.5571413571428567
2014-07-28,106.66656,106.66656,106.133227,106.133227,9126,17:25,17:20,True,4399.714285714285,2.0742255990648744,1.52857
2014-07-29,106.26656,106.333227,106.26656,106.333227,3066,17:25,17:20,True,4993.071428571428,0.6140508991030428,1.571427071428572
2014-07-30,105.199895,105.966561,105.199895,105.966561,1545,17:25,17:20,True,5156.142857142857,0.2996425899758956,1.5857127857142868
2014-07-31,107.266559,107.266559,106.833227,106.833227,3729,17:25,17:20,True,5137.071428571428,0.7258999708004839,1.6023795000000018
2014-08-01,106.033227,106.199894,105.366561,106.199894,4140,17:25,17:20,True,5149.071428571428,0.8040284656040618,1.5928557142857156
2014-08-04,105.266561,105.266561,104.866562,104.866562,2331,17:25,17:20,True,4488.214285714285,0.51936022917164,1.6928556428571437
2014-08-05,104.399896,104.399896,104.399896,104.399896,654,17:25,17:20,True,4541.357142857143,0.1440098145614118,1.6666652142857135
2014-08-06,103.766563,103.766563,103.666563,103.666563,441,17:25,17:20,True,4428.0,0.09959349593495935,1.6309509285714268
2014-08-07,102.999897,102.999897,102.833231,102.833231,1173,17:25,17:20,True,2785.9285714285716,0.42104453503576644,1.6999984999999975
2014-08-08,102.166565,102.166565,101.333232,101.333232,8412,17:25,17:20,True,2743.9285714285716,3.0656774697383833,1.6499985714285696
2014-08-11,102.233231,102.899897,102.233231,102.899897,1110,17:25,17:20,True,3012.4285714285716,0.3684734670650163,1.657141357142855
2014-08-12,103.066564,103.066564,102.866564,102.866564,3426,17:25,17:20,True,2766.4285714285716,1.2384198295894655,1.5999985714285694
2014-08-13,102.066565,104.066563,102.066565,104.066563,2760,17:25,17:20,True,2995.5,0.9213820731096645,1.6119033571428554
2014-08-14,103.899896,103.899896,103.899896,103.899896,2013,17:25,17:20,True,3035.785714285714,0.6630902802287005,1.614284285714285
2014-08-15,103.899896,103.899896,103.33323,103.33323,1923,17:25,17:20,True,3137.5714285714284,0.6128944133315121,1.6285699285714281
2014-08-18,103.53323,103.73323,103.43323,103.43323,1908,17:25,17:20,True,2623.0714285714284,0.727391552977698,1.5976175714285705
2014-08-19,103.966563,103.966563,103.966563,103.966563,231,17:25,17:20,True,2540.3571428571427,0.090932096161957,1.5999984999999992
2014-08-20,104.566562,104.566562,104.266562,104.266562,3021,17:25,17:20,True,2446.5,1.2348252605763335,1.4976176428571415
2014-08-21,103.999896,103.999896,103.999896,103.999896,819,17:25,17:20,True,2395.9285714285716,0.34182988999195063,1.4428557857142852
2014-08-22,104.799895,104.799895,104.533229,104.533229,2469,17:25,17:20,True,2158.714285714286,1.1437363510025809,1.3619035000000008
2014-08-25,104.933228,105.099895,104.933228,105.099895,7692,17:25,17:20,True,2168.5714285714284,3.54703557312253,1.3047607142857163
2014-08-26,105.999894,105.999894,105.566561,105.566561,8853,17:25,17:20,True,2671.285714285714,3.314134445692283,1.2666655714285733
2014-08-27,105.366561,105.433228,105.366561,105.433228,2385,17:25,17:20,True,3272.1428571428573,0.7288801571709234,1.1642847142857167
2014-08-28,105.999894,105.999894,105.833227,105.899894,2028,17:25,17:20,True,3358.714285714286,0.6038024754370295,1.1404751428571447
2014-08-29,104.599895,104.766562,104.599895,104.633229,3438,17:25,17:20,True,2902.714285714286,1.1844086815296029,1.1714275000000012
2014-09-01,104.899895,104.999895,104.899895,104.999895,4311,17:25,17:20,True,3069.0,1.404692082111437,1.1357132857142875
2014-09-02,105.333228,105.333228,105.333228,105.333228,1680,17:25,17:20,True,3132.214285714286,0.5363617705411508,1.1261894285714302
2014-09-03,105.833227,105.833227,105.833227,105.833227,66,17:25,17:20,True,3055.0714285714284,0.021603422879988777,1.059522857142858
2014-09-04,106.66656,106.66656,106.099894,106.099894,2673,17:25,17:20,True,2916.0,0.9166666666666666,1.1023799285714293
2014-09-05,106.933226,106.933226,106.86656,106.86656,2613,17:25,17:20,True,2969.5714285714284,0.8799249530956849,1.1119037142857147
2014-09-08,105.266561,105.266561,105.266561,105.266561,3273,17:25,17:20,True,3019.9285714285716,1.0838004683176043,1.1833322142857148
2014-09-09,105.266561,105.266561,104.766562,104.766562,5580,17:25,17:20,True,3237.214285714286,1.7237042430661282,1.2166655000000008
2014-09-10,104.599895,104.599895,103.999896,103.999896,3666,17:25,17:20,True,3420.0,1.0719298245614035,1.197617857142857
2014-09-11,104.666562,105.133228,104.633229,105.133228,5040,17:25,17:20,True,3623.3571428571427,1.3909752202968835,1.2071416428571422
2014-09-12,103.699896,103.699896,103.699896,103.699896,2028,17:25,17:20,True,3807.0,0.5327029156816391,1.2952367857142844
2014-09-15,103.799896,103.83323,103.799896,103.83323,3816,17:25,17:20,True,3402.4285714285716,1.1215518327245244,1.3119034285714275
2014-09-16,104.566562,104.833228,104.566562,104.666562,2019,17:25,17:20,True,3042.6428571428573,0.6635678568913304,1.3738081428571414
2014-09-17,105.533228,105.533228,105.533228,105.533228,1299,17:25,17:20,True,3016.5,0.43063152660367976,1.3595224999999982
2014-09-18,105.166562,105.333228,105.166562,105.333228,5913,17:25,17:20,True,2964.4285714285716,1.9946508601995083,1.304760642857141
2014-09-19,105.866561,105.866561,105.866561,105.866561,1248,17:25,17:20,True,3141.214285714286,0.39729858789821954,1.3047606428571399
2014-09-22,106.233227,106.233227,106.233227,106.233227,7137,17:25,17:20,True,2922.4285714285716,2.4421469423669158,1.33333207142857
2014-09-23,106.66656,106.66656,106.66656,106.66656,1353,17:25,17:20,True,3312.214285714286,0.40848806366047746,1.3523796428571424
2014-09-24,107.266559,107.266559,107.266559,107.266559,1620,17:25,17:20,True,3404.1428571428573,0.475890721389903,1.330951071428571
2014-09-25,107.566559,107.999892,107.566559,107.999892,2361,17:25,17:20,True,3328.9285714285716,0.709237206308336,1.3285701428571426
2014-09-26,107.733226,107.766559,107.633226,107.633226,5118,17:25,17:20,True,3310.9285714285716,1.5457899165102582,1.242855928571428
2014-09-29,107.933225,107.933225,107.833226,107.833226,1242,17:25,17:20,True,3442.714285714286,0.36076185733847876,1.2166654999999988
2014-09-30,107.133226,107.133226,107.133226,107.133226,162,17:25,17:20,True,3132.8571428571427,0.051709986320109445,1.2499987857142847
2014-10-01,107.999892,107.999892,107.366559,107.366559,1497,17:25,17:20,True,2882.5714285714284,0.5193279809693726,1.2190464285714282
2014-10-02,107.399893,107.399893,107.133226,107.133226,4665,17:25,17:20,True,2629.5,1.7741015402167712,1.1428560000000008
2014-10-03,105.899894,105.899894,105.899894,105.899894,336,17:25,17:20,True,2817.8571428571427,0.11923954372623576,1.1571417142857154
2014-10-06,106.66656,106.933226,106.66656,106.933226,2451,17:25,17:20,True,2569.285714285714,0.9539616346955797,1.1047607857142876
2014-10-07,107.266559,107.266559,107.266559,107.266559,1389,17:25,17:20,True,2600.1428571428573,0.5342014175045326,1.1476179285714312
2014-10-08,104.766562,104.766562,104.533229,104.533229,1479,17:25,17:20,True,2606.5714285714284,0.5674120355146334,1.2214273571428598
2014-10-09,105.333228,105.333228,105.333228,105.333228,537,17:25,17:20,True,2289.8571428571427,0.23451244619127834,1.2428558571428598
2014-10-10,104.266562,104.266562,104.266562,104.266562,4143,17:25,17:20,True,2239.0714285714284,1.8503206048425689,1.2833320000000026
2014-10-13,103.366563,103.366563,102.999897,103.166564,5697,17:25,17:20,True,2025.2142857142858,2.81303565760237,1.2833320000000015
2014-10-14,103.666563,103.666563,103.666563,103.666563,5571,17:25,17:20,True,2335.5,2.3853564547206165,1.3333320000000017
2014-10-15,103.03323,103.03323,102.999897,102.999897,2142,17:25,17:20,True,2617.714285714286,0.8182711198428291,1.3452367857142866
2014-10-16,99.366567,99.9999,99.366567,99.933233,18168,17:25,17:20,True,2602.0714285714284,6.9821296220044475,1.595236571428572
2014-10-17,98.733235,99.166568,98.733235,99.166568,4368,17:25,17:20,True,3534.214285714286,1.2359182683562724,1.7666649285714289
2014-10-20,101.733232,101.733232,101.333232,101.333232,3510,17:25,17:20,True,3757.5,0.9341317365269461,1.911902928571429
2014-10-21,102.333231,102.333231,102.333231,102.333231,1797,17:25,17:20,True,3996.6428571428573,0.4496273658248887,1.9523790714285718
2014-10-22,106.933226,108.066559,106.933226,107.333226,35655,17:25,17:20,True,4018.0714285714284,8.873660071462856,2.173807428571428
2014-10-23,107.299893,107.299893,107.033226,107.033226,7836,17:25,17:20,True,6231.642857142857,1.2574533200371376,2.2309502142857136
2014-10-24,109.99989,109.99989,109.666557,109.666557,11919,17:25,17:20,True,6767.357142857143,1.761248852157943,2.3952357857142843
2014-10-27,110.466556,111.233222,110.466556,111.233222,7044,17:25,17:20,True,7443.642857142857,0.9463108501021965,2.414283357142856
2014-10-28,110.666556,110.933222,110.666556,110.933222,384,17:20,17:20,True,7847.571428571428,0.04893233575446453,2.423807142857142
2014-10-29,111.066556,111.066556,111.066556,111.066556,2571,17:25,17:20,True,7769.357142857143,0.33091540943817743,2.4357118571428567
2014-10-30,110.29989,110.466556,110.29989,110.466556,3840,17:25,17:20,True,7914.642857142857,0.4851766617029918,2.37618807142857
2014-11-03,113.266553,113.266553,112.666554,112.666554,4731,17:25,17:20,True,7893.0,0.5993918662105663,2.433330857142857
2014-11-04,111.066556,111.933221,111.066556,111.933221,5154,17:25,17:20,True,7824.0,0.6587423312883436,2.433330857142857
2014-11-05,111.999888,112.133221,111.999888,112.133221,366,17:25,17:20,True,7794.214285714285,0.04695790833860281,2.4119022142857145
2014-11-06,112.333221,112.366554,112.333221,112.366554,3801,17:25,17:20,True,7667.357142857143,0.4957379614879405,2.2214262142857146
2014-11-07,112.166555,112.166555,111.999888,112.033221,4869,17:25,17:20,True,6641.142857142857,0.7331569437274136,2.1071406428571433
2014-11-10,111.599888,111.833222,111.599888,111.833222,7293,17:25,17:20,True,6676.928571428572,1.09226868641484,1.964283642857144
2014-11-11,112.099888,112.266554,112.099888,112.266554,4875,17:25,17:20,True,6947.142857142857,0.7017273288093769,1.9380931428571435
2014-11-12,111.699888,111.699888,111.666555,111.666555,1401,17:25,17:20,True,7167.0,0.1954792800334868,1.740474285714287
2014-11-13,110.733223,111.333222,110.733223,111.033222,795,17:25,17:20,True,4720.285714285715,0.16842200835300525,1.6809505000000005
2014-11-14,112.333221,112.666554,112.299888,112.366554,4521,17:25,17:20,True,4217.357142857143,1.0719983740663583,1.557141142857144
2014-11-17,111.299889,111.299889,110.766556,110.766556,6552,17:25,17:20,True,3688.9285714285716,1.7761254719721173,1.5190459285714297
2014-11-18,111.666555,111.799888,111.566555,111.566555,8163,17:25,17:20,True,3653.785714285714,2.2341211659140225,1.4595222142857156
2014-11-19,111.999888,111.999888,111.433222,111.766555,3762,17:25,17:20,True,4209.428571428572,0.8937080024434941,1.4214270000000013
2014-11-20,111.999888,112.333221,111.999888,112.333221,1380,17:25,17:20,True,4294.5,0.32134125043660494,1.4333317857142873
2014-11-21,111.999888,111.999888,111.933221,111.933221,861,17:25,17:20,True,4118.785714285715,0.20904219343426458,1.3380937857142865
2014-11-24,113.399887,113.399887,113.266553,113.266553,4746,17:25,17:20,True,3842.3571428571427,1.2351792984217278,1.3071415000000002
2014-11-25,115.466551,115.933217,115.466551,115.933217,2415,17:25,17:20,True,3813.214285714286,0.6333239674065748,1.3809510714285724
2014-11-26,117.16655,117.16655,117.16655,117.16655,3525,17:25,17:20,True,3959.5714285714284,0.8902478623227622,1.4119033571428585
2014-11-28,116.66655,116.66655,116.66655,116.66655,753,17:25,17:20,True,3939.8571428571427,0.19112368106167738,1.4309509285714301
2014-12-01,116.76655,116.833216,116.533217,116.76655,5571,17:25,17:20,True,3645.8571428571427,1.528035735276831,1.4499985000000006
2014-12-02,116.26655,116.26655,115.433218,115.433218,2259,17:25,17:20,True,3522.8571428571427,0.6412408759124087,1.5357127857142854
2014-12-03,115.933217,115.999884,115.933217,115.999884,1113,17:25,17:20,True,3336.0,0.33363309352517984,1.5357127857142845
2014-12-04,116.733217,116.733217,116.733217,116.733217,1404,17:25,17:20,True,3315.4285714285716,0.4234746639089969,1.5404747142857136
2014-12-05,115.666551,115.666551,115.466551,115.466551,321,17:25,17:20,True,3358.9285714285716,0.09556618819776715,1.5857127142857124
2014-12-08,116.999883,116.999883,116.699883,116.699883,3438,17:25,17:20,True,3058.9285714285716,1.123922942206655,1.6666649999999967
2014-12-09,116.86655,116.86655,116.799883,116.799883,1248,17:25,17:20,True,2836.5,0.4399788471708091,1.65952214285714
2014-12-10,117.333216,118.099882,117.333216,118.099882,3048,17:25,17:20,True,2342.5714285714284,1.301134284668862,1.716664999999997
2014-12-11,118.433215,118.433215,118.399882,118.399882,2436,17:25,17:20,True,2291.5714285714284,1.0630259958855433,1.7190459285714266
2014-12-12,118.233215,118.233215,118.233215,118.233215,2877,17:25,17:20,True,2367.0,1.2154626108998732,1.7761887142857122
2014-12-15,117.333216,117.666549,117.333216,117.433216,1674,17:25,17:20,True,2511.0,0.6666666666666666,1.7523791428571411
2014-12-16,114.899885,115.499885,114.899885,115.499885,2034,17:25,17:20,True,2291.5714285714284,0.8876005236581261,1.8071409285714262
2014-12-17,114.699885,114.699885,114.633219,114.633219,2319,17:25,17:20,True,2264.3571428571427,1.0241317308602254,1.8714266428571409
2014-12-18,114.333219,114.933218,114.333219,114.933218,2118,17:25,17:20,True,2178.214285714286,0.9723561239547467,1.9119028571428547
2014-12-19,116.066551,117.999882,116.066551,117.999882,1953,17:25,17:20,True,2275.714285714286,0.8581920903954802,1.9738075714285697
2014-12-22,118.333215,118.333215,118.333215,118.333215,663,17:25,17:20,True,2017.2857142857142,0.3286594433821967,1.9928551428571422
2014-12-23,116.933216,118.633215,116.933216,118.633215,1479,17:25,17:20,True,1903.2857142857142,0.7770772348570142,2.023807571428572
2014-12-29,117.06655,117.999882,117.06655,117.999882,2937,17:25,17:20,True,1929.4285714285713,1.5222123500666371,2.057140857142858
2014-12-30,118.133215,118.166548,117.933215,118.166548,4488,17:25,17:20,True,2038.9285714285713,2.201156069364162,1.9999980714285732
2015-01-02,117.666549,117.666549,117.666549,117.666549,6435,17:25,17:20,True,2336.5714285714284,2.7540352164343362,1.911902928571431
2015-01-07,117.499883,117.499883,116.66655,116.799883,4668,17:25,17:20,True,2550.6428571428573,1.8301268587750985,1.9380934285714306
2015-01-08,116.533217,116.533217,116.533217,116.533217,1533,17:25,17:20,True,2794.9285714285716,0.5484934447596411,2.0380932857142873
2015-01-09,118.333215,118.333215,117.533216,117.533216,11106,17:25,17:20,True,2686.714285714286,4.133673632158239,2.161902642857143
2015-01-12,116.66655,118.233215,116.66655,118.199882,3711,17:25,17:20,True,3306.0,1.1225045372050817,2.2190455
2015-01-13,116.333217,116.66655,116.333217,116.66655,801,17:25,17:20,True,3365.5714285714284,0.2379982172418184,2.290474
2015-01-14,117.999882,117.999882,117.999882,117.999882,2760,17:25,17:20,True,3303.214285714286,0.8355497891663963,2.264283571428572
2015-01-15,116.233217,116.233217,116.233217,116.233217,1020,17:25,17:20,True,3355.0714285714284,0.30401737242128124,2.2571407142857143
2015-01-16,116.699883,116.899883,116.699883,116.899883,1446,17:25,17:20,True,3262.285714285714,0.4432475039411456,2.2714263571428583
2015-01-19,118.333215,118.333215,118.333215,118.333215,5223,17:25,17:20,True,3214.285714285714,1.6249333333333333,2.1833312142857153
2015-01-20,118.833215,118.833215,118.766548,118.766548,84,17:25,17:20,True,3447.8571428571427,0.024362958359229338,2.061902785714286
2015-01-21,120.333213,120.999879,120.333213,120.999879,3174,17:25,17:20,True,3406.5,0.931748128577719,2.130950285714287
2015-01-22,119.666547,119.666547,119.666547,119.666547,1785,17:25,17:20,True,3527.5714285714284,0.5060138500789698,2.1833312142857144
2015-01-23,124.133209,124.133209,123.43321,123.43321,1659,17:25,17:20,True,3445.285714285714,0.481527553178256,2.321426285714286
2015-01-26,123.866543,123.866543,123.33321,123.33321,10560,17:25,17:20,True,3243.214285714286,3.25602907168814,2.4428547142857147
2015-01-27,126.533207,126.533207,126.199874,126.26654,5889,17:25,17:20,True,3537.8571428571427,1.6645669291338583,2.6761877857142857
2015-01-28,126.86654,127.999872,126.86654,127.999872,5541,17:25,17:20,True,3625.0714285714284,1.5285216054856063,2.5380927142857144
2015-01-29,127.599872,128.133205,127.599872,127.999872,3495,17:25,17:20,True,3911.3571428571427,0.8935517449186435,2.5452355714285724
2015-01-30,129.566537,129.566537,129.566537,129.566537,3390,17:25,17:20,True,3367.714285714286,1.006617459913464,2.5928545714285725
2015-02-02,129.833204,129.833204,129.833204,129.833204,3357,17:25,17:20,True,3344.785714285714,1.0036517393811264,2.6761877857142866
2015-02-03,129.333204,129.333204,128.999871,129.133204,2322,17:25,17:20,True,3527.3571428571427,0.6582832148715145,2.6690448571428576
2015-02-04,126.833207,127.999872,125.999874,126.066541,38775,17:25,17:20,True,3496.0714285714284,11.091020533251609,2.583330642857144
2015-02-05,124.999875,124.999875,124.833209,124.833209,25539,17:25,17:20,True,6192.857142857143,4.123944636678201,2.745235285714287
2015-02-06,125.999874,125.999874,125.566541,125.666541,4029,17:25,17:20,True,7913.785714285715,0.5091115864720696,2.811901857142859
2015-02-09,126.833207,126.833207,125.666541,126.033207,23772,17:25,17:20,True,7828.5,3.03659704924315,2.916663642857144
2015-02-10,127.333206,127.333206,126.799873,126.799873,4482,17:25,17:20,True,9520.5,0.4707735938238538,2.823806571428572
2015-02-11,128.366538,128.366538,128.333205,128.366538,10557,17:25,17:20,True,9613.92857142857,1.0980942828485458,2.780949428571429
2015-02-12,128.899871,129.299871,128.899871,129.299871,3555,17:25,17:20,True,10240.5,0.3471510180166984,2.642854357142857
2015-02-13,129.666537,129.99987,129.666537,129.966537,2691,17:25,17:20,True,10375.92857142857,0.25935028190248033,2.6071401428571437
2015-02-16,133.3332,133.399867,133.3332,133.366533,14403,17:25,17:20,True,9813.857142857143,1.4676186733045111,2.6190448571428573
2015-02-17,134.299866,134.333199,133.999866,134.133199,14151,17:25,17:20,True,10422.0,1.3578008059873345,2.6857114285714294
2015-02-18,134.999865,135.866531,134.299866,135.866531,2817,17:25,17:20,True,11037.0,0.2552324001087252,2.554759214285714
2015-02-19,137.633196,137.633196,137.633196,137.633196,3348,17:25,17:20,True,10988.57142857143,0.3046801872074883,2.6119019999999984
2015-02-20,136.66653,137.333196,136.66653,137.333196,6012,17:25,17:20,True,10985.57142857143,0.5472632934108376,2.5690449285714263
2015-02-23,135.366531,135.999864,135.366531,135.999864,3819,17:25,17:20,True,11175.214285714286,0.3417384134532415,2.716663857142856
2015-02-24,137.666529,137.666529,136.96653,136.96653,6057,17:25,17:20,True,11282.142857142857,0.5368660968660969,2.761901857142855
2015-02-25,137.666529,138.299862,137.666529,138.299862,3570,17:25,17:20,True,8945.142857142857,0.399099271751629,2.5166639999999965
2015-02-26,137.333196,137.399863,137.299863,137.366529,3867,17:25,17:20,True,7375.928571428572,0.524272972894454,2.495235499999995
2015-02-27,138.099862,138.166529,138.099862,138.166529,2154,17:25,17:20,True,7364.357142857143,0.2924898885558821,2.3999974999999956
2015-03-02,139.666527,139.666527,139.533194,139.666527,8565,17:25,17:20,True,5820.214285714285,1.471595302087552,2.4309498571428523
2015-03-03,141.333192,142.333191,141.333192,142.299858,4755,17:25,17:20,True,6111.857142857143,0.7779959329640277,2.4309498571428523
2015-03-04,139.366527,139.433194,139.366527,139.433194,4794,17:25,17:20,True,5697.428571428572,0.8414322250639386,2.580949642857138
2015-03-05,139.333194,139.766527,139.333194,139.766527,3351,17:25,17:20,True,5785.928571428572,0.5791637346764934,2.6190447857142822
2015-03-06,139.99986,139.99986,139.099861,139.166528,1800,17:25,17:20,True,5833.071428571428,0.3085852834208883,2.385711714285711
2015-03-09,137.933195,137.999862,137.666529,137.666529,6474,17:25,17:20,True,4932.857142857143,1.3124239791485663,2.4619021428571393
2015-03-10,137.933195,137.933195,137.933195,137.933195,1893,17:25,17:20,True,4384.5,0.43174820390010266,2.497616357142856
2015-03-11,135.666531,136.26653,135.633198,136.26653,5622,17:25,17:20,True,4318.5,1.3018409169850642,2.426187857142856
2015-03-12,138.399862,138.666528,138.399862,138.666528,2019,17:25,17:20,True,4480.928571428572,0.4505762517335374,2.4928544285714276
2015-03-13,138.899861,138.899861,138.899861,138.899861,291,17:25,17:20,True,4195.714285714285,0.0693564862104188,2.269045142857142
2015-03-16,139.833194,139.833194,139.833194,139.833194,4233,17:25,17:20,True,3943.714285714286,1.0733536187785264,2.2428547142857127
2015-03-18,138.333195,138.333195,138.333195,138.333195,1185,17:25,17:20,True,3813.4285714285716,0.31074398741290177,2.2666642142857136
2015-03-19,138.999861,139.79986,138.999861,139.79986,1263,17:25,17:20,True,3643.0714285714284,0.34668548908887714,2.335711714285714
2015-03-20,140.49986,140.49986,140.033193,140.49986,1503,17:25,17:20,True,3457.0714285714284,0.43476104878199967,2.3476164999999987
2015-03-23,140.066527,140.066527,140.066527,140.066527,7800,17:25,17:20,True,3410.5714285714284,2.287006785624529,2.3047594285714297
2015-03-24,140.09986,140.09986,140.09986,140.09986,1140,17:25,17:20,True,3355.9285714285716,0.33969733733478064,2.2333310000000006
2015-03-25,140.39986,140.49986,140.39986,140.49986,2391,17:25,17:20,True,3097.714285714286,0.7718594355285002,2.0857122142857145
2015-03-26,135.266531,135.266531,132.066535,132.999867,7914,17:25,17:20,True,2926.0714285714284,2.704650311241304,1.9642837857142845
2015-03-27,132.866534,132.966534,132.533201,132.966534,3474,17:25,17:20,True,3252.0,1.0682656826568266,2.559521285714285
2015-03-30,130.699869,130.699869,130.699869,130.699869,1953,17:25,17:20,True,3371.5714285714284,0.579255116308631,2.535711785714284
2015-03-31,132.999867,132.999867,132.999867,132.999867,1512,17:25,17:20,True,3048.6428571428573,0.4959583889787024,2.542854714285712
2015-04-01,131.966535,131.966535,130.666536,130.666536,912,17:25,17:20,True,3021.4285714285716,0.3018439716312057,2.6071403571428555
2015-04-07,130.066537,130.499869,130.066537,130.499869,6252,17:25,17:20,True,2685.0,2.328491620111732,2.5119024285714255
2015-04-08,131.366535,131.999868,131.366535,131.999868,5478,17:25,17:20,True,2987.3571428571427,1.833727853095187,2.5999975714285677
2015-04-09,130.933202,130.933202,130.933202,130.933202,3555,17:25,17:20,True,3357.8571428571427,1.0587109125717933,2.642854714285712
2015-04-10,129.69987,131.266535,129.69987,131.266535,15789,17:25,17:20,True,3309.4285714285716,4.770914270914271,2.6285689999999966
2015-04-13,129.666537,129.766537,129.666537,129.666537,6213,17:25,17:20,True,4352.571428571428,1.427432059866089,2.5619024285714267
2015-04-14,128.666538,128.833205,128.666538,128.699871,8481,17:25,17:20,True,4706.142857142857,1.802112740187597,2.642854714285712
2015-04-15,127.099873,127.666539,127.099873,127.533206,6735,17:25,17:20,True,5204.571428571428,1.294054677206851,2.704759357142854
2015-04-16,129.333204,129.333204,129.166538,129.166538,14067,17:25,17:20,True,5128.5,2.7429072828312373,2.780949714285711
2015-04-17,126.633207,126.633207,126.333207,126.333207,7269,17:25,17:20,True,6051.857142857143,1.2011189009276964,2.859520999999997
2015-04-20,123.999876,123.999876,123.999876,123.999876,3876,17:25,17:20,True,6400.285714285715,0.6055979643765903,3.0333303571428547
2015-04-21,125.933207,125.933207,125.933207,125.933207,876,17:25,17:20,True,6111.857142857143,0.1433279573662436,2.5285689285714263
2015-04-22,125.999874,126.999873,125.999874,126.999873,5958,17:25,17:20,True,5926.285714285715,1.0053514608041654,2.478568999999998
2015-04-24,127.999872,128.666538,127.999872,128.666538,3078,17:25,17:20,True,6212.357142857143,0.49546410955124004,2.549997428571426
2015-04-27,128.833205,129.99987,128.833205,129.69987,4812,17:25,17:20,True,6324.214285714285,0.7608850337139567,2.4428547142857115
2015-04-28,129.533204,129.79987,129.533204,129.79987,7209,17:25,17:20,True,6602.785714285715,1.0918118975756985,2.3809499999999986
2015-04-29,130.499869,130.599869,130.033203,130.033203,11274,17:25,17:20,True,6671.142857142857,1.6899653090068099,2.40237857142857
2015-05-04,126.66654,126.66654,126.333207,126.333207,8019,17:25,17:20,True,7085.142857142857,1.1318049842729252,2.554759357142854
2015-05-05,124.466542,124.466542,124.333209,124.333209,1872,17:25,17:20,True,7404.0,0.25283630470016205,2.726187785714283
2015-05-06,121.666545,121.833211,121.333212,121.833211,8163,17:25,17:20,True,6409.928571428572,1.2734931300772239,2.87380671428571
2015-05-07,119.966547,119.966547,119.666547,119.666547,1008,17:25,17:20,True,6549.214285714285,0.15391159244838531,2.892854285714282
2015-05-08,120.666546,121.299879,120.666546,121.299879,1188,17:25,17:20,True,6015.428571428572,0.1974921630094044,3.0023780714285673
2015-05-11,123.766543,123.766543,123.766543,123.766543,4842,17:25,17:20,True,5619.214285714285,0.8616863059146551,3.3333300714285676
2015-05-12,124.099876,124.099876,123.499877,123.499877,4899,17:25,17:20,True,4960.285714285715,0.9876447209262138,3.2571396428571404
2015-05-15,124.999875,125.499874,124.999875,125.499874,453,17:25,17:20,True,4791.0,0.09455228553537884,3.192853999999997
2015-05-18,125.999874,125.999874,125.999874,125.999874,2379,17:25,17:20,True,4546.5,0.5232596502804355,3.2452349285714255
2015-05-19,127.8,128.2,127.7,127.8,1683,17:25,17:15,True,4653.857142857143,0.3616355097154434,3.2857110714285676
2015-05-20,127.8,127.8,126.2,127.0,6679,17:25,17:20,True,4348.5,1.5359319305507646,3.304758928571424
2015-05-21,128.5,128.5,128.0,128.0,3776,17:25,17:20,True,4605.714285714285,0.8198511166253103,3.311901928571424
2015-05-22,128.7,128.7,128.7,128.7,1686,17:25,17:20,True,4531.714285714285,0.37204463779080765,3.3523782142857095
2015-05-25,129.9,129.9,129.9,129.9,1721,17:25,17:20,True,4137.214285714285,0.4159803870789524,3.3166641428571384
2015-05-26,129.0,129.0,128.9,128.9,5640,17:25,17:20,True,3454.8571428571427,1.6324842871319882,3.261902571428568
2015-05-27,128.0,128.0,128.0,128.0,1511,17:25,17:20,True,3284.9285714285716,0.45997956032964404,3.0428552142857117
2015-05-28,129.0,129.0,129.0,129.0,1855,17:25,17:20,True,3259.1428571428573,0.5691680547032524,2.888093571428569
2015-05-29,129.8,130.0,129.8,130.0,1748,17:25,17:20,True,2808.5714285714284,0.622380467955239,2.790474714285714
2015-06-01,129.0,129.0,129.0,129.0,3365,17:25,17:20,True,2861.4285714285716,1.175986020968547,2.6357129999999995
2015-06-02,128.1,128.3,128.1,128.3,2417,17:25,17:20,True,3016.9285714285716,0.8011459147193218,2.2833325714285713
2015-06-03,127.0,127.2,127.0,127.2,1503,17:25,17:20,True,2843.714285714286,0.528534110318497,2.326189857142855
2015-06-04,127.0,127.0,126.9,126.9,4375,17:25,17:20,True,2601.1428571428573,1.681952987697715,2.2499995714285705
2015-06-05,125.9,125.9,125.7,125.7,903,17:25,17:20,True,2881.285714285714,0.31340175516882346,2.1809522142857136
2015-06-08,123.5,123.5,123.0,123.0,3839,17:25,17:20,True,2775.8571428571427,1.3829962431166694,2.4571428571428577
2015-06-09,120.7,120.7,120.0,120.3,4508,17:25,17:20,True,2929.8571428571427,1.5386415719927837,2.500000000000001
2015-06-10,119.3,119.6,118.9,118.9,2919,17:25,17:20,True,2774.785714285714,1.051973125337864,2.5857142857142867
2015-06-11,120.0,121.3,120.0,121.3,1199,17:25,17:20,True,2713.5714285714284,0.4418531192419058,2.6428571428571437
2015-06-12,121.0,121.0,121.0,121.0,1229,17:25,17:20,True,2678.785714285714,0.4587899634695891,2.72857142857143
2015-06-15,120.0,120.0,120.0,120.0,2599,17:25,17:20,True,2643.6428571428573,0.9831131285293561,2.6000000000000005
2015-06-16,116.4,116.8,116.0,116.8,4996,17:25,17:20,True,2426.4285714285716,2.058993229319988,2.7857142857142856
2015-06-17,119.1,119.1,119.0,119.0,1962,17:25,17:20,True,2675.3571428571427,0.7333600320384462,2.8500000000000005
2015-06-18,118.5,118.5,118.4,118.5,3379,17:25,17:20,True,2683.0,1.25941110696981,2.8999999999999995
2015-06-22,117.6,119.5,117.6,119.1,6221,17:25,17:20,True,2799.5,2.2221825325951063,2.942857142857142
2015-06-23,121.1,122.0,121.1,122.0,1676,17:25,17:20,True,3003.5,0.5580156484101881,3.0499999999999994
2015-06-24,124.1,124.1,124.0,124.0,4219,17:25,17:20,True,2950.5714285714284,1.4298925147671153,3.2071428571428564
2015-06-25,123.1,123.1,122.8,122.8,2550,17:25,17:15,True,3144.5714285714284,0.8109213156460113,3.285714285714284
2015-06-29,120.0,120.0,117.7,117.7,10452,17:25,17:20,True,3014.214285714286,3.467570321571601,3.257142857142855
2015-06-30,120.3,120.6,120.3,120.6,1197,17:25,17:20,True,3696.285714285714,0.323838602458066,3.1428571428571397
2015-07-02,124.1,124.1,123.0,123.0,601,17:25,17:15,True,3507.5714285714284,0.17134362399706757,3.1285714285714255
2015-07-03,120.6,120.6,120.3,120.3,1657,17:25,17:20,True,3228.5,0.5132414433947654,3.135714285714282
2015-07-06,117.3,117.3,116.2,116.2,2159,17:25,17:20,True,3138.3571428571427,0.6879395498099552,3.1571428571428544
2015-07-07,118.5,119.6,118.5,119.0,271,17:25,17:20,True,3206.9285714285716,0.08450453259683274,3.1999999999999966
2015-07-08,119.2,119.2,119.2,119.2,1551,17:25,17:20,True,3138.5,0.49418512028038875,3.3428571428571394
2015-07-09,119.7,120.0,119.7,120.0,2772,17:25,17:20,True,3063.6428571428573,0.9048052038889277,3.328571428571426
2015-07-10,124.0,125.5,124.0,125.5,11958,17:25,17:20,True,2904.785714285714,4.116654781518184,3.4214285714285686
2015-07-13,129.4,129.8,129.4,129.8,2981,17:25,17:20,True,3618.785714285714,0.8237569824132009,3.74285714285714
2015-07-14,130.6,131.1,130.3,130.4,5126,17:25,17:20,True,3590.3571428571427,1.4277131204615539,3.8428571428571408
2015-07-15,130.4,130.5,130.4,130.5,2176,17:25,17:20,True,3512.1428571428573,0.6195647752694732,3.74285714285714
2015-07-16,132.9,132.9,132.9,132.9,442,17:25,17:20,True,3547.8571428571427,0.12458224280249648,3.5714285714285694
2015-07-17,133.5,133.8,133.5,133.8,911,17:25,17:20,True,3278.0714285714284,0.2779073061251171,3.528571428571427
2015-07-20,133.9,134.0,133.9,134.0,1470,17:25,17:20,True,3161.0,0.46504270800379627,3.435714285714284
2015-07-21,136.7,137.0,135.5,135.5,9660,17:25,17:20,True,2519.4285714285716,3.834202767067362,3.2285714285714278
2015-07-22,133.6,133.6,132.5,132.5,3216,17:25,17:20,True,3123.9285714285716,1.0294729621584542,3.2571428571428567
2015-07-23,134.0,134.0,134.0,134.0,4951,17:25,17:20,True,3310.714285714286,1.4954476806903991,3.114285714285716
2015-07-24,135.0,135.0,134.7,134.7,1165,17:25,17:20,True,3546.0,0.32853919909757473,2.971428571428572
2015-07-27,133.9,134.0,133.8,133.9,4050,17:25,17:20,True,3475.0,1.1654676258992807,2.75
2015-07-28,133.1,133.5,133.1,133.5,1387,17:25,17:15,True,3744.9285714285716,0.37036754467947125,2.6000000000000005
2015-07-29,132.0,132.0,132.0,132.0,281,17:25,17:20,True,3733.214285714286,0.07527025734238975,2.5071428571428567
2015-07-30,132.2,132.2,132.2,132.2,2352,17:25,17:20,True,3555.285714285714,0.6615502069353478,2.5214285714285722
2015-07-31,132.1,132.2,132.1,132.2,464,17:25,17:20,True,2869.1428571428573,0.16172077275443136,2.2071428571428577
2015-08-03,134.0,135.4,133.9,135.4,17479,17:25,17:20,True,2689.3571428571427,6.499322727152002,2.0428571428571423
2015-08-04,134.8,134.8,134.5,134.5,4412,17:25,17:20,True,3571.714285714286,1.2352611791056716,2.2142857142857144
2015-08-05,134.3,134.3,134.3,134.3,301,17:25,17:20,True,3731.4285714285716,0.08066615620214394,2.2357142857142867
2015-08-06,135.0,135.7,135.0,135.7,1168,17:25,17:20,True,3721.3571428571427,0.31386398971189466,2.2142857142857144
2015-08-07,133.8,133.8,133.5,133.5,654,17:25,17:15,True,3739.714285714286,0.174879669951868,2.407142857142856
2015-08-10,133.3,133.4,132.0,133.0,4255,17:25,17:20,True,3681.4285714285716,1.155801319363601,2.3714285714285706
2015-08-11,134.4,134.9,134.4,134.9,1203,17:25,17:20,True,3295.3571428571427,0.36505906578519565,2.307142857142856
2015-08-12,133.1,133.1,131.8,131.8,3358,17:25,17:20,True,3151.5714285714284,1.065500203979874,2.3785714285714272
2015-08-13,131.6,131.6,130.5,131.1,4760,17:25,17:20,True,3037.785714285714,1.566930800159891,2.5928571428571416
2015-08-14,131.0,131.0,130.4,130.4,926,17:25,17:20,True,3294.5714285714284,0.2810684242476802,2.657142857142856
2015-08-17,129.3,130.0,129.3,130.0,1188,17:25,17:20,True,3071.4285714285716,0.3867906976744186,2.6857142857142855
2015-08-18,130.9,130.9,130.5,130.5,972,17:25,17:20,True,3057.214285714286,0.31793649681082214,2.7357142857142867
2015-08-19,129.8,129.8,129.1,129.1,1261,17:25,17:20,True,3106.5714285714284,0.40591373126092156,2.5714285714285716
2015-08-20,128.4,128.4,127.0,127.0,2284,17:25,17:15,True,3028.6428571428573,0.7541331572368576,2.6142857142857148
2015-08-21,125.0,125.2,125.0,125.0,10480,17:25,17:20,True,3158.6428571428573,3.317880644942448,2.742857142857144
2015-08-24,120.0,120.0,118.3,118.8,8346,17:25,17:20,True,2658.714285714286,3.139111278276288,2.664285714285715
2015-08-26,123.0,123.1,122.3,122.3,7593,17:25,17:20,True,2939.714285714286,2.5829040723102343,3.092857142857144
2015-08-27,125.3,128.3,125.3,127.9,5173,17:25,17:20,True,3460.5714285714284,1.4948398282694848,3.4357142857142873
2015-08-28,128.0,128.2,127.6,127.7,22765,17:25,17:20,True,3746.6428571428573,6.076106228433073,3.4785714285714318
2015-08-31,129.0,129.0,128.7,128.7,6919,17:20,17:20,True,5326.0,1.2990987607960947,3.55714285714286
2015-09-01,127.3,127.3,126.0,126.9,4739,17:25,17:20,True,5516.285714285715,0.8590925571036411,3.528571428571432
2015-09-02,125.2,125.8,125.2,125.5,9418,17:25,17:20,True,5768.857142857143,1.6325590609677578,3.557142857142859
2015-09-03,127.8,127.8,127.1,127.1,775,17:25,17:20,True,6201.714285714285,0.12496544734174883,3.435714285714288
2015-09-04,129.0,129.0,128.8,128.8,2088,17:25,17:20,True,5917.071428571428,0.35287726795350016,3.5785714285714314
2015-09-07,127.1,128.0,127.1,128.0,994,17:25,17:20,True,6000.071428571428,0.165664694467923,3.6571428571428592
2015-09-08,126.0,126.0,125.5,126.0,4898,17:25,17:20,True,5986.214285714285,0.81821327574069,3.671428571428573
2015-09-09,131.0,131.3,131.0,131.3,3436,17:25,17:20,True,6266.642857142857,0.5482999555469436,3.814285714285716
2015-09-10,129.0,129.0,128.2,128.2,1282,17:25,17:20,True,6422.0,0.19962628464652757,3.7999999999999994
2015-09-11,128.4,129.1,128.4,129.1,2725,17:25,17:20,True,6350.428571428572,0.42910489730726836,3.7571428571428567
2015-09-14,128.0,128.0,128.0,128.0,739,17:25,17:20,True,5796.5,0.12749072716294316,3.6785714285714275
2015-09-15,125.3,125.3,125.0,125.0,2477,17:25,17:20,True,5253.142857142857,0.47152724899379966,3.364285714285713
2015-09-16,125.7,125.7,125.7,125.7,4491,17:25,17:20,True,4887.714285714285,0.9188343952767873,3.1357142857142852
2015-09-17,125.0,125.0,124.9,125.0,974,17:25,17:20,True,4839.0,0.20128125645794587,2.992857142857141
2015-09-18,125.0,125.6,125.0,125.6,2660,17:25,17:20,True,3282.5,0.8103579588728104,3.02142857142857
2015-09-21,126.1,127.4,126.1,127.4,2498,17:25,17:20,True,2978.285714285714,0.8387375287797391,3.0357142857142847
2015-09-22,127.6,127.6,126.2,127.0,2961,17:25,17:20,True,2818.214285714286,1.0506653149157268,2.9499999999999997
2015-09-23,124.7,124.8,124.5,124.5,797,17:25,17:20,True,2357.0,0.3381417055579126,3.0928571428571425
2015-09-24,122.5,122.6,121.0,121.3,3466,17:25,17:20,True,2358.5714285714284,1.469533615990309,2.9571428571428577
2015-09-25,120.5,122.0,120.5,122.0,4168,17:25,17:20,True,2457.0,1.6963776963776964,2.9357142857142864
2015-09-28,121.2,122.9,121.2,122.9,1946,17:25,17:20,True,2683.714285714286,0.7251144469285639,3.0142857142857147
2015-09-29,120.0,120.0,119.0,119.0,3714,17:25,17:20,True,2472.8571428571427,1.5019064124783363,2.9357142857142864
2015-09-30,121.0,121.7,121.0,121.7,600,17:25,17:20,True,2492.714285714286,0.2407014728637744,2.9428571428571453
2015-10-01,120.5,121.9,120.5,121.9,729,17:25,17:20,True,2444.0,0.29828150572831424,3.000000000000002
2015-10-02,121.3,121.3,120.5,120.5,2001,17:25,17:20,True,2301.4285714285716,0.8694599627560521,3.1000000000000036
2015-10-05,121.9,122.0,121.9,122.0,4634,17:25,17:20,True,2391.5714285714284,1.937638133922705,3.0214285714285745
2015-10-06,122.8,122.8,122.8,122.8,2006,17:25,17:20,True,2545.6428571428573,0.7880131316815847,2.9142857142857173
2015-10-07,122.5,122.6,122.5,122.5,1407,17:25,17:20,True,2368.1428571428573,0.5941364541231827,2.892857142857146
2015-10-08,123.2,123.2,123.2,123.2,1215,17:25,17:20,True,2399.0714285714284,0.5064459463482895,2.935714285714288
2015-10-12,125.6,125.6,125.6,125.6,1177,17:25,17:20,True,2295.8571428571427,0.512662559890486,2.857142857142859
2015-10-13,126.5,127.0,126.5,127.0,817,17:25,17:20,True,2201.5,0.37111060640472404,2.971428571428573
2015-10-14,125.0,125.0,124.0,124.0,1487,17:25,17:20,True,2048.3571428571427,0.7259476235310528,2.8428571428571447
2015-10-15,125.6,125.6,125.6,125.6,501,17:25,17:20,True,2097.6428571428573,0.23883951373991213,2.807142857142859
2015-10-16,124.8,124.8,124.5,124.8,1030,17:25,17:20,True,1885.857142857143,0.5461707446405575,2.714285714285716
2015-10-19,124.0,124.8,124.0,124.8,2976,17:25,17:20,True,1661.7142857142858,1.7909215955983493,2.5785714285714314
2015-10-20,126.5,126.7,126.5,126.7,1592,17:25,17:20,True,1735.2857142857142,0.9174281715649955,2.557142857142859
2015-10-21,123.7,123.7,121.3,122.5,4554,17:25,17:20,True,1583.7142857142858,2.87551867219917,2.492857142857144
2015-10-22,123.4,123.4,122.1,122.2,4758,17:25,17:20,True,1866.142857142857,2.549644032764296,2.7142857142857153
2015-10-23,123.5,123.5,123.5,123.5,2582,17:25,17:20,True,2153.9285714285716,1.198739844138617,2.6571428571428575
2015-10-26,122.0,122.8,122.0,122.1,7527,17:25,17:20,True,2195.4285714285716,3.428487766788131,2.607142857142857
2015-10-29,121.2,121.2,121.1,121.1,1277,17:25,17:20,True,2402.0714285714284,0.5316244907668977,2.6357142857142852
2015-11-02,123.9,123.9,123.1,123.1,15946,17:25,17:20,True,2350.0,6.785531914893617,2.7714285714285714
2015-11-03,123.3,123.4,123.0,123.4,1744,17:25,17:20,True,3388.5,0.5146820126899808,2.7428571428571433
2015-11-04,121.0,121.9,121.0,121.3,15199,17:25,17:20,True,3426.285714285714,4.435998999332889,2.7642857142857156
2015-11-05,122.9,123.3,122.9,123.3,1352,17:25,17:20,True,4427.857142857143,0.305339570898532,2.6571428571428584
2015-11-06,123.7,123.7,123.7,123.7,712,17:25,17:15,True,4466.071428571428,0.15942423030787686,2.5428571428571436
2015-11-10,122.6,124.0,122.6,122.8,403,17:25,17:20,True,4410.714285714285,0.09136842105263158,2.5500000000000003
2015-11-12,123.0,123.0,123.0,123.0,478,17:25,17:20,True,4403.714285714285,0.10854473496399145,2.6214285714285714
2015-11-16,120.3,120.3,119.9,119.9,258,17:25,17:20,True,4364.285714285715,0.059116202945990175,2.6142857142857148
2015-11-17,120.9,121.0,120.9,121.0,5874,17:25,17:20,True,4170.142857142857,1.4085848377924703,2.6428571428571437
2015-11-18,122.9,122.9,122.5,122.5,2366,17:25,17:20,True,4476.0,0.5285969615728329,2.7000000000000006
2015-11-19,123.0,123.0,122.9,122.9,2103,17:25,17:20,True,4319.714285714285,0.4868377538196971,2.357142857142858
2015-11-20,122.5,122.5,122.5,122.5,1956,17:25,17:15,True,4130.071428571428,0.47359955725428476,2.250000000000001
2015-11-23,122.6,122.6,122.0,122.0,3050,17:25,17:20,True,4085.3571428571427,0.7465687560101408,2.1785714285714297
2015-11-24,121.0,121.1,121.0,121.1,2467,17:25,17:20,True,3765.5714285714284,0.6551462498577336,2.1285714285714294
2015-11-25,118.9,119.1,118.9,118.9,2820,17:25,17:20,True,3850.5714285714284,0.7323588335683016,2.078571428571429
2015-11-26,119.0,119.0,118.9,118.9,1579,17:25,17:20,True,2913.0,0.5420528664606934,1.9642857142857142
2015-11-27,118.5,118.7,118.5,118.6,2343,17:25,17:20,True,2901.214285714286,0.8075928798286431,1.914285714285713
2015-11-30,119.0,119.1,119.0,119.0,2001,17:25,17:20,True,1982.9285714285713,1.0091135045567523,1.8999999999999986
2015-12-01,121.6,121.8,121.4,121.8,2748,17:25,17:20,True,2029.2857142857142,1.3541710665258713,2.0428571428571414
2015-12-02,122.0,122.0,122.0,122.0,1095,17:25,17:20,True,2174.714285714286,0.5035144189712935,2.2071428571428564
2015-12-03,120.5,120.5,120.0,120.0,2059,17:25,17:20,True,2224.1428571428573,0.925749887597148,2.157142857142856
2015-12-04,118.8,118.8,118.5,118.6,1986,17:25,17:15,True,2337.0714285714284,0.8497814725388918,2.22142857142857
2015-12-07,118.7,118.8,118.7,118.8,2664,17:25,17:20,True,2460.5,1.0827067669172932,2.0928571428571408
2015-12-08,119.1,119.1,119.1,119.1,884,17:20,17:20,True,2231.214285714286,0.3961968178762365,2.1285714285714263
2015-12-09,117.4,117.4,116.8,117.0,4457,17:25,17:20,True,2125.3571428571427,2.0970593177617207,2.2857142857142825
2015-12-10,117.4,117.4,116.2,117.2,1588,17:25,17:20,True,2293.5,0.6923915413124047,2.471428571428569
2015-12-11,116.0,116.0,115.9,115.9,411,17:25,17:20,True,2267.214285714286,0.18127973283765475,2.5642857142857127
2015-12-14,115.9,117.0,115.9,117.0,2847,17:25,17:20,True,2078.714285714286,1.369596591299567,2.6642857142857133
2015-12-15,115.0,116.0,115.0,116.0,1320,17:25,17:20,True,2105.8571428571427,0.6268231463265722,2.72142857142857
2015-12-16,117.0,117.0,116.5,116.8,1683,17:25,17:20,True,1998.7142857142858,0.8420413122721749,2.864285714285713
2015-12-17,116.7,117.5,116.7,117.5,4198,17:25,17:20,True,2006.142857142857,2.0925728120771914,3.0428571428571414
2015-12-18,116.0,116.0,115.5,115.5,2307,17:25,17:20,True,2138.6428571428573,1.0787214855883236,3.142857142857142
2015-12-21,118.4,118.4,118.0,118.0,3951,17:25,17:20,True,2160.5,1.8287433464475815,3.3142857142857136
2015-12-22,118.5,118.9,118.5,118.9,1244,17:25,17:20,True,2246.4285714285716,0.5537678855325914,3.199999999999999
2015-12-23,116.0,117.3,116.0,117.3,562,17:25,17:20,True,2257.0714285714284,0.2489952213677648,3.278571428571427
2015-12-28,117.5,117.5,117.5,117.5,2428,17:25,17:20,True,2150.1428571428573,1.129227293867517,3.1785714285714266
2015-12-29,117.0,117.9,117.0,117.9,3579,17:25,17:20,True,2181.714285714286,1.6404531168150864,3.3428571428571416
2015-12-30,117.5,117.5,117.5,117.5,799,17:25,17:20,True,2247.0714285714284,0.35557392161225726,3.221428571428571
2016-01-04,116.5,116.5,114.5,114.5,14533,17:25,17:20,True,2241.0,6.485051316376618,3.1214285714285714
2016-01-07,111.9,111.9,106.0,106.0,12470,17:25,17:20,True,2960.714285714286,4.211821471652593,3.192857142857143
2016-01-08,110.9,111.6,110.9,111.6,652,17:25,17:20,True,3738.0,0.17442482611021937,3.5785714285714283
2016-01-11,111.0,111.1,109.7,109.7,25359,17:25,17:20,True,3755.214285714286,6.753010100241569,3.585714285714285
2016-01-12,110.7,110.8,110.7,110.8,1113,17:25,17:15,True,5363.214285714285,0.20752480522074984,3.6071428571428563
2016-01-13,112.0,112.8,112.0,112.8,1321,17:25,17:20,True,5348.428571428572,0.2469884345201528,3.5142857142857133
2016-01-14,113.0,113.0,112.0,112.0,4679,17:25,17:20,True,5322.571428571428,0.8790863707123303,3.5071428571428567
2016-01-15,112.5,112.5,112.5,112.5,1053,17:25,17:20,True,5356.928571428572,0.19656786271450857,3.5357142857142856
2016-01-18,108.0,108.9,108.0,108.9,7744,17:25,17:20,True,5267.357142857143,1.470187000800076,3.614285714285714
2016-01-19,107.2,109.4,107.2,108.5,5597,17:25,17:20,True,5538.285714285715,1.010601527032604,3.6857142857142855
2016-01-20,107.7,107.7,107.0,107.0,1220,17:25,17:20,True,5849.214285714285,0.20857502228626557,3.664285714285714
2016-01-21,103.0,104.8,102.0,104.6,4810,17:25,17:20,True,5896.214285714285,0.8157776781712237,3.842857142857144
2016-01-22,106.0,109.5,106.0,107.6,1152,17:25,17:20,True,6066.357142857143,0.1898997986553474,3.8785714285714294
2016-01-25,110.0,110.8,110.0,110.0,4392,17:25,17:20,True,5893.0,0.7452910232479213,4.1071428571428585
2016-01-26,108.5,108.5,107.2,107.2,655,17:25,17:20,True,6149.642857142857,0.10651025030489576,4.17857142857143
2016-01-27,110.8,110.8,109.0,109.0,1295,17:25,17:20,True,5158.357142857143,0.25104892199897527,4.114285714285715
2016-01-28,111.5,111.5,110.1,110.1,186,17:20,17:20,True,4360.142857142857,0.04265915271452443,3.750000000000001
2016-01-29,112.0,112.0,112.0,112.0,958,17:25,17:20,True,4326.857142857143,0.22140781827786582,3.771428571428573
2016-02-01,113.2,113.8,112.1,112.1,1741,17:20,17:20,True,2583.9285714285716,0.6737802349689012,3.714285714285716
2016-02-02,109.8,109.8,108.0,108.0,2137,17:25,17:20,True,2628.785714285714,0.8129228595494933,3.914285714285716
2016-02-03,106.7,109.8,106.7,106.7,1339,17:25,17:20,True,2687.0714285714284,0.4983120231797762,3.914285714285716
2016-02-04,107.9,107.9,106.7,106.7,1766,17:25,17:20,True,2448.5,0.721257913007964,4.071428571428572
2016-02-05,111.2,111.2,111.2,111.2,313,17:25,17:20,True,2499.4285714285716,0.1252286236854138,4.064285714285716
2016-02-08,111.7,111.9,111.6,111.6,3116,17:25,17:20,True,1968.642857142857,1.5828162983926564,3.9642857142857153
2016-02-09,106.5,109.5,106.5,109.5,1327,17:25,17:20,True,1791.4285714285713,0.7407496012759172,4.221428571428573
2016-02-10,109.0,109.0,106.1,106.9,2253,17:25,17:20,True,1799.0714285714287,1.2523127009965458,4.235714285714287
2016-02-11,111.0,111.0,110.0,110.0,5781,17:25,17:20,True,1616.4285714285713,3.5764030048608046,4.335714285714287
2016-02-12,108.0,109.1,108.0,108.0,4152,17:25,17:20,True,1947.0714285714287,2.1324333247734693,4.521428571428572
2016-02-15,110.0,111.0,110.0,111.0,2590,17:25,17:20,True,1929.9285714285713,1.342018579518117,4.614285714285715
2016-02-16,113.0,113.0,113.0,113.0,329,17:25,17:15,True,2068.1428571428573,0.15907991987290182,4.685714285714286
2016-02-17,113.4,114.8,113.4,114.0,4242,17:25,17:20,True,1999.142857142857,2.1219093897384593,4.628571428571428
2016-02-18,116.0,117.0,116.0,117.0,8985,17:25,17:20,True,2288.8571428571427,3.925539882661341,4.628571428571428
2016-02-19,113.9,114.4,113.9,113.9,3174,17:25,17:20,True,2862.214285714286,1.108931646327768,4.6571428571428575
2016-02-22,115.8,116.4,115.6,115.6,4302,17:25,17:20,True,2964.5714285714284,1.4511372397841173,4.485714285714287
2016-02-23,116.1,116.1,116.0,116.0,4087,17:25,17:20,True,3119.214285714286,1.3102658636561404,4.385714285714287
2016-02-24,118.0,118.3,117.3,118.3,3093,17:25,17:20,True,3315.5,0.9328909666716936,4.192857142857144
2016-02-25,115.0,115.0,115.0,115.0,769,17:25,17:20,True,3410.285714285714,0.22549430294906167,3.971428571428572
2016-02-26,119.2,119.2,118.1,118.1,837,17:25,17:20,True,3442.8571428571427,0.24311203319502075,4.050000000000002
2016-02-29,119.5,119.5,117.5,117.5,2729,17:25,17:20,True,3280.0714285714284,0.8319940767840422,3.750000000000001
2016-03-01,116.8,116.8,114.6,115.6,6625,17:25,17:20,True,3380.214285714286,1.9599349153688481,3.721428571428573
2016-03-02,117.8,119.0,117.8,119.0,3454,17:25,17:20,True,3692.5,0.9354096140825998,3.614285714285716
2016-03-03,117.5,118.0,117.5,118.0,323,17:25,17:20,True,3526.285714285714,0.09159779614325068,3.32857142857143
2016-03-04,117.5,117.5,117.0,117.0,618,17:25,17:20,True,3252.785714285714,0.18999099672807923,3.1857142857142873
2016-03-07,117.5,117.5,117.3,117.4,2587,17:25,17:20,True,3111.9285714285716,0.8313172814286042,2.914285714285716
2016-03-08,116.6,116.6,116.4,116.4,1515,17:25,17:20,True,3273.214285714286,0.46284779050736496,2.892857142857145
2016-03-09,119.7,119.7,118.7,118.7,2026,17:25,17:20,True,3078.4285714285716,0.6581279873776045,2.800000000000002
2016-03-10,120.0,120.0,119.7,119.7,776,17:25,17:20,True,2581.3571428571427,0.3006170618998866,2.6785714285714306
2016-03-11,123.0,123.0,122.5,122.5,43,17:25,17:20,True,2410.0714285714284,0.01784179484899677,2.8714285714285728
2016-03-14,124.1,125.0,124.0,124.5,4784,17:25,17:20,True,2105.8571428571427,2.27175903941388,2.9285714285714297
2016-03-15,124.3,124.3,123.3,123.3,979,17:25,17:20,True,2155.6428571428573,0.45415686404453426,2.8500000000000014
2016-03-16,125.5,125.5,125.0,125.1,2654,17:25,17:20,True,2004.642857142857,1.3239265989666844,2.721428571428573
2016-03-17,120.9,120.9,119.0,119.0,5523,17:25,17:20,True,2139.285714285714,2.581702838063439,2.72857142857143
2016-03-18,120.0,120.0,119.3,119.3,821,17:25,17:20,True,2474.0,0.3318512530315279,3.0857142857142867
2016-03-21,119.9,119.9,118.5,118.5,6209,17:25,17:20,True,2337.714285714286,2.656013199706673,3.000000000000001
2016-03-23,118.3,118.3,117.5,118.0,1355,17:25,17:20,True,2308.0,0.5870883882149047,2.8785714285714294
2016-03-29,114.0,114.2,114.0,114.0,2751,17:20,17:20,True,2158.0714285714284,1.2747492801112106,2.942857142857143
2016-03-30,113.9,114.6,113.9,114.5,1144,17:25,17:20,True,2331.5,0.49067124168989923,2.971428571428572
2016-03-31,112.0,112.2,112.0,112.2,1796,17:25,17:20,True,2369.0714285714284,0.758102933638858,3.028571428571429
2016-04-01,113.0,113.0,112.0,112.0,1701,17:25,17:20,True,2312.5714285714284,0.735544848035582,3.064285714285716
2016-04-04,112.9,112.9,111.8,111.8,5607,17:25,17:20,True,2325.8571428571427,2.410724156992814,3.1285714285714294
2016-04-05,111.6,111.6,111.1,111.1,462,17:25,17:20,True,2581.6428571428573,0.17895581440389563,3.150000000000001
2016-04-06,109.5,110.6,109.5,110.6,797,17:25,17:20,True,2559.214285714286,0.3114237070529459,3.035714285714287
2016-04-07,112.0,112.0,110.2,110.2,2681,17:25,17:20,True,2613.0714285714284,1.0259956810540416,3.0142857142857156
2016-04-11,108.0,108.9,108.0,108.9,3330,17:25,17:20,True,2462.8571428571427,1.3520881670533644,3.285714285714287
2016-04-12,108.8,109.0,108.8,109.0,1371,17:25,17:20,True,2630.785714285714,0.521137085607233,3.3357142857142867
2016-04-13,109.8,109.8,109.8,109.8,1140,17:25,17:15,True,2539.1428571428573,0.4489704062113199,3.271428571428573
2016-04-14,111.0,112.8,111.0,112.6,2225,17:25,17:20,True,2226.0714285714284,0.9995186908390824,3.007142857142859
2016-04-15,111.5,111.5,111.5,111.5,1140,17:25,17:20,True,2326.3571428571427,0.4900365378120299,2.942857142857144
2016-04-18,110.2,110.2,109.2,110.0,1318,17:25,17:20,True,1964.2857142857142,0.6709818181818182,2.900000000000001
2016-04-19,111.6,111.9,111.0,111.0,3302,17:25,17:20,True,1961.642857142857,1.6832829625314059,2.785714285714287
2016-04-20,110.5,110.5,110.0,110.5,1346,17:25,17:20,True,2001.0,0.672663668165917,2.72857142857143
2016-04-21,112.7,112.7,112.7,112.7,1700,17:25,17:20,True,2015.4285714285713,0.8434930535866175,2.8357142857142867
2016-04-22,113.7,113.7,113.5,113.5,805,17:25,17:20,True,2008.5714285714287,0.40078236130867706,2.8142857142857145
2016-04-25,111.5,111.5,111.5,111.5,681,17:25,17:20,True,1944.5714285714287,0.3502057008521892,2.7714285714285722
2016-04-26,110.6,110.6,110.6,110.6,1588,17:25,17:20,True,1592.7142857142858,0.9970400932819087,2.7571428571428576
2016-04-27,111.9,111.9,111.9,111.9,583,17:25,17:20,True,1673.142857142857,0.3484460382513661,2.6142857142857148
2016-04-29,112.4,112.4,112.0,112.0,3679,17:25,17:20,True,1657.857142857143,2.219129685480396,2.5928571428571425
2016-05-03,112.0,112.3,112.0,112.0,1887,17:25,17:20,True,1729.142857142857,1.0912921348314606,2.4357142857142864
2016-05-06,107.0,107.0,107.0,107.0,1742,17:25,17:20,True,1626.0714285714287,1.0712936525367889,2.650000000000001
2016-05-09,106.0,106.0,105.0,105.5,2952,17:20,17:20,True,1652.5714285714287,1.7863070539419086,2.7285714285714286
2016-05-10,107.0,107.8,107.0,107.8,704,17:25,17:15,True,1782.0,0.3950617283950617,2.7642857142857147
2016-05-11,109.2,109.2,109.1,109.1,1002,17:25,17:20,True,1673.357142857143,0.5987962607248047,2.835714285714286
2016-05-12,107.0,107.0,107.0,107.0,32,17:25,17:20,True,1663.5,0.01923654944394349,2.971428571428572
2016-05-16,106.0,106.7,106.0,106.7,356,17:25,17:20,True,1571.642857142857,0.2265145661955188,2.971428571428572
2016-05-18,107.0,107.0,106.4,106.4,2444,17:25,17:20,True,1361.2142857142858,1.7954557380490108,3.0071428571428576
2016-05-19,107.0,107.6,107.0,107.4,2678,17:25,17:20,True,1439.642857142857,1.8601835772761102,2.892857142857143
2016-05-20,108.0,108.3,108.0,108.3,1515,17:25,17:20,True,1509.5,1.0036435905929115,2.892857142857143
2016-05-23,109.0,109.1,109.0,109.1,1473,17:25,17:20,True,1560.2142857142858,0.9441010850157945,2.864285714285714
2016-05-24,108.0,108.0,108.0,108.0,582,17:25,17:20,True,1616.7857142857142,0.359973492379059,2.8428571428571425
2016-05-25,109.0,110.5,109.0,110.5,2942,17:25,17:20,True,1544.9285714285713,1.9042951592768969,2.864285714285714
2016-05-26,110.5,111.0,110.5,111.0,2072,17:25,17:20,True,1713.4285714285713,1.2092713023178256,2.8500000000000005
2016-05-27,111.5,112.0,111.0,111.0,2256,17:25,17:20,True,1598.642857142857,1.411196997453197,2.7285714285714286
2016-05-30,111.9,111.9,111.8,111.8,1145,17:25,17:20,True,1625.0,0.7046153846153846,2.4928571428571433
2016-05-31,111.0,111.0,111.0,111.0,722,17:25,17:20,True,1582.357142857143,0.45628131630027535,2.3500000000000005
2016-06-01,110.6,110.6,110.6,110.6,1390,17:25,17:20,True,1423.0714285714287,0.9767605280329267,2.1214285714285714
2016-06-02,110.0,110.0,110.0,110.0,1254,17:25,17:20,True,1472.0714285714287,0.8518608374981803,2.2142857142857153
2016-06-03,111.0,111.0,110.8,110.8,494,17:25,17:20,True,1490.0714285714287,0.3315277311730022,2.0714285714285725
2016-06-07,109.0,109.5,109.0,109.3,3153,17:25,17:20,True,1523.0714285714287,2.070158983257515,2.192857142857144
2016-06-08,109.9,109.9,109.1,109.1,654,17:25,17:20,True,1722.857142857143,0.37960199004975126,2.1214285714285714
2016-06-09,109.4,109.4,109.2,109.2,775,17:25,17:20,True,1595.0,0.48589341692789967,2.092857142857144
2016-06-10,106.9,106.9,106.5,106.5,1130,17:25,17:20,True,1459.0714285714287,0.7744651686493366,2.171428571428573
2016-06-13,105.5,105.5,105.0,105.0,1624,17:25,17:20,True,1431.5714285714287,1.1344177227821575,2.2071428571428586
2016-06-14,104.2,104.3,103.3,103.3,12134,17:25,17:20,True,1442.357142857143,8.4126182340415,2.364285714285716
2016-06-15,102.5,103.2,102.5,103.0,1503,17:25,17:20,True,2267.5,0.6628445424476296,2.500000000000001
2016-06-16,102.6,102.6,102.0,102.0,627,17:25,17:20,True,2164.714285714286,0.2896456147297565,2.4571428571428577
2016-06-17,100.6,102.0,100.6,102.0,4515,17:25,17:20,True,2061.5,2.1901528013582343,2.5357142857142856
2016-06-20,101.4,102.6,101.4,102.3,6545,17:25,17:20,True,2222.8571428571427,2.9444087403598975,2.607142857142857
2016-06-21,104.8,105.0,104.8,104.8,3905,17:25,17:20,True,2608.5714285714284,1.496987951807229,2.8500000000000005
2016-06-22,106.0,106.0,106.0,106.0,1661,17:25,17:20,True,2835.9285714285716,0.5856988136916605,2.8928571428571437
2016-06-23,106.4,106.4,105.9,106.3,2184,17:25,17:20,True,2855.285714285714,0.7648971831690599,2.7142857142857144
2016-06-27,98.0,99.85,98.0,99.55,10960,17:25,17:20,True,2921.714285714286,3.7512223743399176,2.7714285714285722
2016-06-28,104.7,104.7,102.9,103.4,3634,17:25,17:20,True,3669.285714285714,0.9903834923106872,3.1428571428571437
2016-06-29,105.0,105.0,104.5,104.5,2201,17:25,17:20,True,3703.6428571428573,0.5942797631675377,3.250000000000002
2016-06-30,106.5,106.5,105.5,105.5,8248,17:25,17:20,True,3814.1428571428573,2.16247799543054,3.271428571428573
2016-07-01,106.3,106.5,106.3,106.5,2314,17:25,17:15,True,4347.928571428572,0.5322074551099867,3.221428571428573
2016-07-04,104.8,104.8,104.5,104.5,2732,17:20,17:20,True,4432.5,0.6163564579808235,3.2071428571428586
2016-07-05,102.0,102.4,102.0,102.0,1584,17:25,17:20,True,4511.642857142857,0.35109162009404243,3.267857142857145
2016-07-06,99.0,99.2,98.5,98.5,4420,17:25,17:20,True,3758.0714285714284,1.1761351757170282,3.2714285714285745
2016-07-07,97.65,98.55,97.65,98.55,1202,17:25,17:20,True,3966.4285714285716,0.30304339996398344,3.3571428571428603
2016-07-08,99.9,99.9,98.8,98.8,1817,17:25,17:20,True,4007.5,0.4533998752339364,3.3285714285714314
2016-07-11,102.0,102.9,102.0,102.6,2692,17:25,17:20,True,3814.785714285714,0.705675286011197,3.3428571428571456
2016-07-12,102.5,102.5,102.5,102.5,709,17:25,17:20,True,3539.5714285714284,0.20030673608588612,3.1500000000000026
2016-07-13,102.7,102.7,102.7,102.7,300,17:20,17:20,True,3311.285714285714,0.09059924932050563,3.1571428571428592
2016-07-14,103.4,103.4,103.4,103.4,88,17:25,17:20,True,3214.0714285714284,0.027379603084650088,3.185714285714288
2016-07-15,105.1,108.0,105.1,108.0,10787,17:25,17:20,True,3064.3571428571427,3.5201510454301768,3.164285714285716
2016-07-18,106.0,107.0,106.0,107.0,1595,17:25,17:20,True,3052.0,0.522608125819135,2.757142857142859
2016-07-19,105.7,105.7,105.0,105.0,531,17:25,17:20,True,2906.3571428571427,0.18270294182702942,2.757142857142859
2016-07-20,105.8,105.8,105.8,105.8,1005,17:25,17:20,True,2787.0714285714284,0.36059355698505857,2.807142857142859
2016-07-22,107.0,107.0,106.7,106.7,6502,17:25,17:20,True,2269.714285714286,2.864677744209466,2.7357142857142875
2016-07-25,107.5,108.0,107.5,108.0,1027,17:25,17:15,True,2568.8571428571427,0.39978867756645536,2.671428571428574
2016-07-27,107.7,107.7,107.7,107.7,638,17:25,17:20,True,2447.0714285714284,0.2607198108526227,2.382142857142859
2016-07-28,106.7,106.7,106.7,106.7,240,17:25,17:20,True,2379.5,0.10086152553057365,2.2071428571428586
2016-07-29,107.4,107.4,107.4,107.4,161,17:25,17:20,True,2080.9285714285716,0.07736930628496894,2.135714285714287
2016-08-01,106.5,107.5,106.5,107.5,1807,17:20,17:20,True,2006.5714285714287,0.9005410793108358,2.0642857142857167
2016-08-02,107.0,107.0,106.5,107.0,1344,17:25,17:20,True,2005.857142857143,0.6700377465992451,1.9857142857142875
2016-08-03,105.5,105.5,105.2,105.2,829,17:25,17:20,True,1909.5714285714287,0.43412882471758807,2.064285714285716
2016-08-04,105.0,105.0,105.0,105.0,436,17:25,17:20,True,1918.142857142857,0.22730319505474045,2.114285714285716
2016-08-05,106.6,106.6,106.6,106.6,76,17:25,17:20,True,1927.857142857143,0.0394220081511671,2.092857142857144
2016-08-08,107.5,108.0,107.5,108.0,1106,17:25,17:20,True,1927.0,0.5739491437467567,2.064285714285716
2016-08-09,108.5,108.5,108.5,108.5,1079,17:25,17:20,True,1235.5,0.8733306353702954,1.8857142857142872
2016-08-10,110.6,110.6,110.4,110.4,3754,17:20,17:20,True,1198.642857142857,3.1318753352005246,1.8357142857142859
2016-08-11,110.5,111.0,110.5,111.0,227,17:20,17:20,True,1428.857142857143,0.15886822635472905,1.7428571428571433
2016-08-12,111.0,111.0,111.0,111.0,11,17:25,17:20,True,1373.2857142857142,0.008009986476646209,1.7285714285714289
2016-08-15,111.0,111.0,110.9,110.9,565,17:25,17:20,True,909.6428571428571,0.6211228896741264,1.7142857142857142
2016-08-16,110.9,110.9,110.4,110.4,3293,17:25,17:20,True,876.6428571428571,3.7563757842418317,1.75
2016-08-17,112.8,112.8,111.2,111.2,4596,17:25,17:20,True,1066.2857142857142,4.310289389067524,1.778571428571428
2016-08-18,109.2,111.0,109.2,110.0,282,17:25,17:20,True,1377.4285714285713,0.2047293092719353,2.0642857142857136
2016-08-19,111.0,111.0,110.9,110.9,130,17:25,17:20,True,1386.0714285714287,0.09379026024220562,2.099999999999999
2016-08-22,109.9,109.9,109.9,109.9,1211,17:25,17:20,True,1266.2857142857142,0.9563402527075813,2.085714285714286
2016-08-23,108.5,108.9,108.5,108.9,1211,17:25,17:20,True,1256.7857142857142,0.9635691957942598,1.9928571428571433
2016-08-25,112.0,112.0,112.0,112.0,1821,17:25,17:20,True,1284.0714285714287,1.4181454080213605,1.9571428571428575
2016-08-26,111.3,111.3,111.3,111.3,681,17:25,17:20,True,1383.0,0.4924078091106291,2.0142857142857156
2016-08-30,111.3,111.5,111.3,111.5,1258,17:25,17:20,True,1426.2142857142858,0.882055391395803,2.000000000000001
2016-09-01,113.6,114.0,113.6,114.0,5211,17:25,17:20,True,1437.0714285714287,3.6261245588746953,2.050000000000001
2016-09-02,115.0,115.5,115.0,115.5,511,17:25,17:20,True,1732.2142857142858,0.2949981444064162,2.085714285714288
2016-09-05,116.0,116.9,116.0,116.9,1042,17:25,17:15,True,1500.5714285714287,0.6944021325209444,2.085714285714288
2016-09-06,116.7,117.0,116.6,116.6,2045,17:25,17:20,True,1558.7857142857142,1.3119186179718647,2.164285714285716
2016-09-07,116.7,116.9,116.5,116.9,1344,17:25,17:20,True,1704.0714285714287,0.7886993335289433,2.142857142857145
2016-09-08,117.4,117.5,117.4,117.4,1031,17:25,17:20,True,1759.7142857142858,0.5858905666504303,2.250000000000002
2016-09-09,117.6,117.9,117.6,117.9,589,17:25,17:20,True,1598.142857142857,0.368552784481988,2.228571428571431
2016-09-12,116.0,116.0,115.3,115.3,2564,17:25,17:20,True,1311.9285714285713,1.9543746937442152,1.9071428571428595
2016-09-13,116.6,117.3,116.6,117.3,556,17:25,17:15,True,1474.9285714285713,0.3769674076226452,2.000000000000002
2016-09-14,115.1,116.0,115.1,115.7,1985,17:25,17:20,True,1505.357142857143,1.3186239620403322,2.035714285714287
2016-09-15,115.4,115.4,115.2,115.2,185,17:25,17:20,True,1560.642857142857,0.11854089432010619,1.9857142857142875
2016-09-16,116.4,116.4,116.4,116.4,1055,17:25,17:20,True,1487.357142857143,0.7093118186620564,1.9785714285714298
2016-09-19,116.0,116.0,116.0,116.0,1267,17:25,17:20,True,1432.642857142857,0.884379518372638,1.892857142857144
2016-09-20,116.5,116.5,115.0,115.0,2161,17:25,17:20,True,1474.5,1.465581553068837,1.9142857142857141
2016-09-21,116.4,117.3,116.4,117.0,4377,17:25,17:20,True,1539.0,2.844054580896686,1.9142857142857141
2016-09-22,117.8,117.8,117.8,117.8,877,17:25,17:20,True,1479.4285714285713,0.5927964465044419,1.8428571428571427
2016-09-23,118.8,118.8,118.8,118.8,377,17:25,17:20,True,1505.5714285714287,0.25040326406679947,1.9071428571428564
2016-09-26,118.0,118.0,117.4,117.4,1704,17:20,17:20,True,1458.0714285714287,1.1686670259148582,1.9214285714285708
2016-09-27,116.2,116.9,116.2,116.9,603,17:25,17:20,True,1433.7142857142858,0.4205858907931447,2.085714285714285
2016-09-28,116.1,116.7,116.1,116.7,2082,17:25,17:20,True,1380.7857142857142,1.507837152759816,2.0642857142857136
2016-09-29,117.3,117.3,117.3,117.3,453,17:25,17:20,True,1455.857142857143,0.31115690314983807,2.1357142857142852
2016-09-30,116.9,116.9,116.8,116.8,412,17:25,17:20,True,1446.142857142857,0.28489578188284104,2.2285714285714278
2016-10-03,117.7,119.9,117.7,119.9,4142,17:25,17:20,True,1292.4285714285713,3.204819277108434,2.3428571428571416
2016-10-04,120.0,120.0,120.0,120.0,2487,17:25,17:20,True,1548.5714285714287,1.6059963099630996,2.4285714285714275
2016-10-05,119.4,119.6,119.4,119.6,2104,17:25,17:20,True,1584.4285714285713,1.3279235416103148,2.4571428571428555
2016-10-06,120.0,120.1,119.6,119.6,57,17:20,17:20,True,1721.5,0.03311065930874237,2.4142857142857133
2016-10-07,120.0,120.0,119.6,119.6,350,17:20,17:20,True,1650.2142857142858,0.2120936674890707,2.3999999999999986
2016-10-10,118.5,118.5,118.5,118.5,726,17:20,17:20,True,1584.7142857142858,0.458126746596953,2.442857142857142
2016-10-11,119.2,119.2,119.2,119.2,65,17:20,17:20,True,1482.2142857142858,0.043853308274300035,2.449999999999999
2016-10-12,117.6,117.6,117.6,117.6,847,17:20,17:20,True,1174.2142857142858,0.7213334144412676,2.449999999999999
2016-10-13,118.5,118.5,118.0,118.0,150,17:20,17:20,True,1172.0714285714287,0.1279785483576086,2.421428571428571
2016-10-14,118.0,118.5,117.7,117.7,7159,17:20,17:20,True,1155.857142857143,6.193671981213694,2.421428571428571
2016-10-18,119.7,119.7,119.7,119.7,512,17:20,17:20,True,1545.5,0.33128437398900035,2.3785714285714286
2016-10-19,122.0,123.0,122.0,122.6,9709,17:20,17:20,True,1539.0,6.308641975308642,2.3500000000000005
2016-10-20,119.3,119.3,119.3,119.3,553,17:20,17:20,True,2083.785714285714,0.26538237411304977,2.607142857142858
2016-10-21,121.0,121.0,121.0,121.0,383,17:20,17:20,True,2090.9285714285716,0.18317220647012605,2.550000000000001
2016-10-24,123.1,123.1,123.0,123.0,3231,17:20,17:20,True,2088.8571428571427,1.5467788264259337,2.3785714285714294
2016-10-25,122.0,122.8,122.0,122.1,1287,17:20,17:20,True,2023.7857142857142,0.6359368933752162,2.271428571428573
2016-10-26,122.5,123.1,122.5,123.1,1095,17:20,17:20,True,1938.0714285714287,0.5649946559540043,2.27857142857143
2016-10-27,122.7,122.9,122.7,122.9,883,17:20,17:20,True,1866.0,0.4732047159699893,2.3214285714285725
2016-10-31,123.1,123.1,122.6,122.6,1230,17:20,17:20,True,1925.0,0.638961038961039,2.3428571428571447
2016-11-01,121.4,121.5,121.4,121.5,458,17:20,17:20,True,1987.857142857143,0.230398850161696,2.3357142857142867
2016-11-02,118.0,118.4,117.5,117.5,577,17:20,17:20,True,1968.7142857142858,0.2930846818082868,2.3928571428571437
2016-11-03,117.0,117.0,116.8,116.9,2160,17:20,17:20,True,2005.2857142857142,1.07715323787134,2.400000000000001
2016-11-07,117.0,117.3,117.0,117.3,1763,17:20,17:20,True,2099.0714285714284,0.8398951917514548,2.4642857142857153
2016-11-08,119.0,119.0,119.0,119.0,2147,17:20,17:20,True,2214.285714285714,0.9696129032258065,2.4357142857142873
2016-11-09,114.5,116.7,114.5,115.8,7927,17:20,17:20,True,1856.2857142857142,4.270355548714791,2.385714285714286
2016-11-10,122.9,123.5,122.8,123.5,784,17:20,17:20,True,2385.9285714285716,0.3285932401281322,2.7714285714285714
2016-11-11,122.9,123.6,122.8,123.6,5007,17:20,17:20,True,1748.4285714285713,2.863714355748019,2.5714285714285716
2016-11-14,122.5,122.9,122.5,122.9,3787,17:20,17:20,True,2066.5714285714284,1.8325038020185263,2.607142857142857
2016-11-15,121.0,121.8,121.0,121.8,431,17:20,17:20,True,2309.714285714286,0.18660316674913408,2.6214285714285714
2016-11-16,123.4,123.4,123.4,123.4,1,17:20,17:20,True,2109.714285714286,0.0004739978331527627,2.664285714285714
2016-11-17,122.0,122.0,121.5,121.5,875,17:20,17:20,True,2017.857142857143,0.4336283185840708,2.664285714285715
2016-11-18,122.9,124.0,122.9,124.0,251,17:20,17:20,True,2002.142857142857,0.12536567962896897,2.6785714285714297
2016-11-21,124.0,124.0,123.8,124.0,2246,17:20,17:20,True,1957.0,1.1476750127746551,2.721428571428572
2016-11-22,124.5,124.5,124.5,124.5,9945,17:20,17:20,True,2029.5714285714287,4.900049271485887,2.671428571428573
2016-11-23,124.7,124.7,124.7,124.7,917,17:20,17:20,True,2707.214285714286,0.33872457191103134,2.5714285714285734
2016-11-24,124.5,124.9,124.5,124.9,559,17:20,17:20,True,2731.5,0.204649460003661,2.521428571428573
2016-11-28,124.9,124.9,124.9,124.9,4,17:20,17:20,True,2617.1428571428573,0.0015283842794759823,2.4071428571428584
2016-11-30,123.8,124.5,123.8,124.5,1315,17:20,17:20,True,2491.5,0.5277945013044351,2.414285714285715
2016-12-01,124.9,124.9,124.5,124.5,916,17:20,17:20,True,2432.0714285714284,0.3766336749977973,2.442857142857144
2016-12-02,124.4,124.4,124.0,124.2,2186,17:20,17:20,True,1931.2857142857142,1.1318884532879652,1.971428571428572
2016-12-06,125.8,125.8,125.7,125.8,2479,17:20,17:20,True,2031.4285714285713,1.2203234880450071,1.8214285714285714
2016-12-07,126.0,126.4,126.0,126.4,11918,17:20,17:20,True,1850.857142857143,6.439178758876197,1.7714285714285711
2016-12-08,127.0,127.0,126.9,126.9,1765,17:20,17:20,True,2431.6428571428573,0.7258467232617571,1.6785714285714286
2016-12-09,127.2,127.2,127.1,127.2,78,17:20,17:20,True,2526.9285714285716,0.03086751279079628,1.6142857142857139
2016-12-12,129.5,129.6,129.0,129.1,3793,17:20,17:20,True,2532.4285714285716,1.4977717605911884,1.6857142857142833
2016-12-13,129.6,129.6,129.2,129.2,2620,17:20,17:20,True,2740.8571428571427,0.9559053476493277,1.5999999999999963
2016-12-14,130.0,130.0,129.2,129.2,1450,17:20,17:20,True,2910.0714285714284,0.4982695564664589,1.5357142857142816
2016-12-15,128.0,129.6,128.0,129.6,2842,17:20,17:20,True,2853.214285714286,0.9960695956940794,1.578571428571424
2016-12-19,128.6,128.6,128.0,128.0,245,17:20,17:20,True,2345.8571428571427,0.10443943730588881,1.6499999999999955
2016-12-20,126.0,126.2,125.8,126.2,1920,17:20,17:20,True,2297.8571428571427,0.8355610817531862,1.742857142857139
2016-12-21,126.8,126.8,126.8,126.8,397,17:20,17:20,True,2395.0714285714284,0.16575706063046136,1.7928571428571394
2016-12-22,125.5,125.5,125.5,125.5,841,17:20,17:20,True,2423.1428571428573,0.34706992099988204,1.7999999999999972
2016-12-23,124.9,125.0,124.5,125.0,620,17:20,17:20,True,2389.285714285714,0.25949177877428997,1.7642857142857113
2016-12-27,125.0,125.0,125.0,125.0,112,17:20,17:20,True,2368.1428571428573,0.047294444109308074,1.7571428571428547
2016-12-28,124.9,124.9,124.9,124.9,251,17:20,17:20,True,2220.0,0.11306306306306306,1.7285714285714258
2016-12-29,124.1,124.1,123.5,123.5,656,17:20,17:20,True,2060.8571428571427,0.31831415499792043,1.6714285714285688
2016-12-30,123.0,123.0,123.0,123.0,1690,17:20,17:20,True,1256.4285714285713,1.3450824332006823,1.7285714285714258
2017-01-02,123.0,123.0,122.5,122.5,589,17:20,17:20,True,1251.0714285714287,0.4707964601769911,1.7071428571428544
2017-01-03,125.3,125.3,125.0,125.3,1014,17:20,17:20,True,1287.5714285714287,0.7875291245978031,1.7285714285714266
2017-01-09,125.0,125.0,121.9,122.5,7274,17:20,17:20,True,1089.0714285714287,6.679084410047878,1.7999999999999992
2017-01-10,121.4,121.4,121.4,121.4,59,17:20,17:20,True,1421.5,0.04150545198733732,2.1857142857142855
2017-01-12,123.4,123.4,123.0,123.0,2095,17:20,17:20,True,1322.142857142857,1.5845488924905458,2.221428571428571
2017-01-13,122.9,122.9,122.7,122.8,776,17:20,17:20,True,1268.7857142857142,0.6116083994820695,2.2285714285714278
2017-01-16,124.5,124.5,124.5,124.5,800,17:20,17:20,True,1306.7142857142858,0.6122225866404285,2.2642857142857133
2017-01-18,122.5,122.5,122.2,122.2,3476,17:20,17:20,True,1226.7142857142858,2.8335856527308723,2.2357142857142844
2017-01-19,124.1,124.4,124.1,124.2,1115,17:20,17:20,True,1446.642857142857,0.7707500123438503,2.249999999999998
2017-01-20,123.4,123.4,123.3,123.4,229,17:20,17:20,True,1466.2142857142858,0.15618453743849564,2.257142857142856
2017-01-23,126.2,126.2,125.0,125.0,1971,17:20,17:20,True,1438.2857142857142,1.3703814064362336,2.435714285714284
2017-01-24,125.8,125.8,125.8,125.8,14,17:20,17:20,True,1571.0714285714287,0.008911116162764264,2.4928571428571424
2017-01-25,128.4,129.0,128.4,129.0,2750,17:20,17:20,True,1554.142857142857,1.769464105156724,2.642857142857143
2017-01-26,131.0,132.0,131.0,132.0,1944,17:20,17:20,True,1703.7142857142858,1.1410363910783163,2.650000000000001
2017-01-27,131.5,131.6,131.5,131.6,419,17:20,17:20,True,1721.857142857143,0.24334190657927487,2.750000000000001
2017-01-30,132.3,132.5,132.3,132.3,1400,17:20,17:20,True,1709.7142857142858,0.8188502673796791,2.664285714285716
2017-01-31,131.3,131.3,131.1,131.3,816,17:20,17:20,True,1737.2857142857142,0.46969821560726915,2.642857142857145
2017-02-02,132.1,132.2,132.1,132.2,620,17:20,17:20,True,1276.0,0.48589341692789967,2.2642857142857156
2017-02-03,134.1,134.1,134.0,134.0,5003,17:20,17:20,True,1316.0714285714287,3.80146540027137,2.364285714285716
2017-02-06,136.0,136.1,136.0,136.1,968,17:20,17:20,True,1523.7857142857142,0.6352599259363427,2.364285714285717
2017-02-07,137.0,137.0,134.1,134.5,7867,17:20,17:20,True,1537.5,5.116747967479675,2.392857142857145
2017-02-08,129.9,131.0,128.5,130.4,14073,17:20,17:20,True,2042.2857142857142,6.890808617795187,2.50714285714286
2017-02-09,131.2,132.7,131.2,132.7,2444,17:20,17:20,True,2799.214285714286,0.8731021460103601,2.921428571428574
2017-02-10,131.4,131.5,131.4,131.5,101,17:20,17:20,True,2894.1428571428573,0.034898069993583095,2.9214285714285717
2017-02-13,131.4,131.9,131.4,131.9,28,17:20,17:20,True,2885.0,0.009705372616984401,2.778571428571429
2017-02-14,131.4,131.5,131.2,131.2,2930,17:20,17:20,True,2746.214285714286,1.0669232970062683,2.785714285714287
2017-02-15,132.0,132.1,132.0,132.1,1112,17:20,17:20,True,2954.5,0.3763750211541716,2.75
2017-02-16,132.8,133.0,132.8,133.0,258,17:20,17:20,True,2837.5,0.09092511013215859,2.67142857142857
2017-02-17,132.0,132.9,132.0,132.9,214,17:20,17:20,True,2717.0714285714284,0.07876127132679618,2.578571428571426
2017-02-20,132.0,132.7,132.0,132.7,604,17:20,17:20,True,2702.4285714285716,0.22350266955648357,2.578571428571426
2017-02-21,130.9,131.0,130.6,130.6,2595,17:20,17:20,True,2645.5714285714284,0.980884497003078,2.5857142857142827
2017-02-22,131.1,131.1,131.0,131.0,827,17:20,17:20,True,2772.6428571428573,0.29827137594352987,2.6571428571428544
2017-02-23,129.6,130.1,129.5,129.5,1452,17:20,17:20,True,2787.4285714285716,0.520910209102091,2.5642857142857105
2017-02-24,129.1,129.5,129.1,129.3,841,17:20,17:20,True,2533.785714285714,0.33191441377949427,2.492857142857137
2017-02-27,127.5,127.6,127.3,127.4,1450,17:20,17:20,True,2524.714285714286,0.5743224127199683,2.442857142857137
2017-03-01,127.0,127.0,126.7,126.8,1278,17:20,17:20,True,2066.3571428571427,0.6184797262262782,2.3714285714285643
2017-03-02,127.8,127.9,127.7,127.8,2079,17:20,17:20,True,1152.4285714285713,1.8040163629602084,1.9071428571428501
2017-03-03,126.7,126.7,126.7,126.7,47,17:20,17:20,True,1126.357142857143,0.041727439913754834,1.8714285714285666
2017-03-06,127.4,127.4,126.0,127.4,3939,17:20,17:20,True,1122.5,3.5091314031180403,1.8642857142857099
2017-03-07,126.3,126.3,126.3,126.3,80,17:20,17:20,True,1401.857142857143,0.0570671558137165,1.8642857142857088
2017-03-08,125.9,126.0,125.9,126.0,225,17:20,17:20,True,1198.2857142857142,0.18776824034334766,1.749999999999995
2017-03-09,125.7,125.7,125.2,125.2,676,17:20,17:20,True,1134.9285714285713,0.5956321983762352,1.7214285714285669
2017-03-13,127.1,127.2,127.0,127.0,2214,17:20,17:20,True,1164.7857142857142,1.900778806647452,1.7285714285714247
2017-03-14,126.9,126.9,126.9,126.9,25,17:20,17:20,True,1307.642857142857,0.019118370022395807,1.6999999999999957
2017-03-16,127.3,127.6,127.3,127.6,166,17:20,17:20,True,1266.2857142857142,0.13109205776173286,1.749999999999996
2017-03-17,126.5,126.9,126.5,126.7,1638,17:20,17:20,True,1092.7857142857142,1.4989214981371333,1.742857142857139
2017-03-20,126.4,126.5,126.4,126.5,343,17:20,17:20,True,1150.7142857142858,0.2980757293606455,1.69285714285714
2017-03-21,127.2,127.2,126.5,126.5,1385,17:20,17:20,True,1071.5,1.2925804946336912,1.7142857142857133
2017-03-22,125.0,125.0,125.0,125.0,1008,17:20,17:20,True,1110.357142857143,0.9078160180122226,1.635714285714285
2017-03-23,125.3,125.3,125.3,125.3,3,17:20,17:20,True,1078.7857142857142,0.002780904456068331,1.6357142857142861
2017-03-24,125.9,126.0,125.7,125.7,1252,17:20,17:20,True,987.7142857142857,1.2675730402082732,1.614285714285715
2017-03-27,124.1,124.2,124.0,124.2,700,17:20,17:20,True,928.6428571428571,0.7537881701407584,1.6071428571428572
2017-03-28,126.4,126.5,126.4,126.5,35,17:20,17:20,True,975.2857142857143,0.03588691958400469,1.7142857142857142
2017-03-29,127.0,127.0,126.8,126.8,403,17:20,17:20,True,696.4285714285714,0.5786666666666667,1.6785714285714286
2017-03-30,123.0,123.0,121.6,122.0,6384,17:20,17:20,True,719.5,8.872828353022932,1.6857142857142853
2017-03-31,123.0,123.2,122.3,122.3,2678,17:20,17:20,True,1159.4285714285713,2.3097585017249878,2.0142857142857147
2017-04-03,123.4,123.4,123.0,123.1,1923,17:20,17:20,True,1302.4285714285713,1.476472523856532,2.0
2017-04-05,121.0,121.3,121.0,121.2,238,17:20,17:20,True,1281.642857142857,0.18569915844619073,2.0
2017-04-06,119.9,119.9,118.6,118.6,2740,17:20,17:20,True,1296.857142857143,2.1128001762502753,2.0142857142857147
2017-04-07,119.5,119.5,118.6,119.5,2049,17:20,17:20,True,1480.7142857142858,1.3837916063675832,2.0071428571428576
2017-04-10,119.7,119.7,119.5,119.5,2165,17:20,17:20,True,1510.0714285714287,1.4337070148053543,1.9785714285714298
2017-04-11,120.5,120.5,120.0,120.0,647,17:20,17:20,True,1640.2142857142858,0.3944606540957192,1.9857142857142864
2017-04-18,120.7,120.7,120.7,120.7,16,17:20,17:20,True,1587.5,0.010078740157480314,1.971428571428572
2017-04-20,119.8,119.8,119.8,119.8,666,17:20,17:20,True,1516.642857142857,0.43912777280648047,2.0071428571428576
2017-04-21,120.0,120.2,120.0,120.2,1963,17:20,17:20,True,1564.0,1.2551150895140666,2.035714285714287
2017-04-24,122.0,122.1,121.7,122.1,716,17:20,17:20,True,1614.7857142857142,0.44340248595567744,2.0428571428571445
2017-04-25,124.0,124.5,124.0,124.5,673,17:20,17:20,True,1615.9285714285713,0.41647880475622157,2.057142857142859
2017-04-26,124.0,124.0,123.7,123.7,8150,17:20,17:20,True,1661.5,4.905206139030996,2.1285714285714303
2017-04-27,122.5,122.5,122.2,122.2,67,17:20,17:20,True,2214.8571428571427,0.030250257997936018,2.300000000000002
2017-04-28,122.5,122.5,122.1,122.3,833,17:20,17:20,True,1763.642857142857,0.4723178486088048,2.0214285714285745
2017-05-02,124.8,124.9,124.8,124.8,1126,17:20,17:20,True,1631.857142857143,0.6900113805480171,2.221428571428574
2017-05-03,125.0,125.0,124.8,124.8,5050,17:25,17:20,True,1574.9285714285713,3.2064946256066036,2.1785714285714315
2017-05-04,126.0,126.0,126.0,126.0,2281,17:25,17:20,True,1918.642857142857,1.1888611741930681,2.1000000000000036
2017-05-05,125.5,125.9,125.5,125.8,2088,17:25,17:20,True,1885.857142857143,1.1071888493295963,2.1000000000000036
2017-05-08,126.0,126.0,125.5,126.0,3566,17:25,17:20,True,1888.642857142857,1.8881282856170343,2.0928571428571456
2017-05-09,125.0,125.3,125.0,125.3,4167,17:25,17:20,True,1988.7142857142858,2.0953236118094964,2.1500000000000026
2017-05-10,126.5,126.5,125.8,125.8,2572,17:25,17:20,True,2240.1428571428573,1.1481410624322428,2.221428571428574
2017-05-11,125.1,125.4,125.0,125.0,7751,17:25,17:20,True,2422.714285714286,3.1993042042573263,2.1571428571428592
2017-05-12,124.9,125.5,124.9,125.2,841,17:25,17:20,True,2928.785714285714,0.28714972075214007,2.1285714285714303
2017-05-15,124.6,124.6,124.3,124.4,2799,17:25,17:20,True,2848.6428571428573,0.9825731551365311,2.1214285714285728
2017-05-16,125.6,125.6,125.6,125.6,432,17:25,17:20,True,2997.4285714285716,0.14412353445810694,1.9928571428571433
2017-05-17,125.0,125.0,124.7,124.8,1294,17:25,17:20,True,2980.214285714286,0.4341969657023704,1.9285714285714295
2017-05-18,122.3,122.9,122.3,122.8,4476,17:25,17:20,True,2490.5,1.7972294719935755,1.921428571428572
2017-05-19,122.3,122.3,121.6,122.3,1945,17:25,17:20,True,2805.4285714285716,0.6932987065892656,1.9857142857142855
2017-05-22,122.4,122.5,122.3,122.4,1873,17:25,17:20,True,2884.8571428571427,0.6492522531444984,1.7714285714285722
2017-05-23,122.0,122.0,122.0,122.0,2001,17:25,17:20,True,2938.214285714286,0.6810258903610065,1.7642857142857145
2017-05-26,121.9,122.1,121.9,122.0,3884,17:25,17:20,True,2720.4285714285716,1.427716221183637,1.7571428571428567
2017-05-29,122.3,122.3,122.0,122.0,629,17:25,17:20,True,2834.9285714285716,0.22187507873718157,1.778571428571428
2017-05-30,121.3,121.3,120.5,120.7,3654,17:25,17:20,True,2730.714285714286,1.3381114308134971,1.7571428571428567
2017-05-31,121.0,121.6,121.0,121.0,2382,17:25,17:20,True,2737.0,0.8702959444647425,1.6571428571428573
2017-06-01,120.4,120.4,120.2,120.2,2154,17:25,17:20,True,2609.5,0.8254454876413106,1.5928571428571427
2017-06-02,120.3,120.6,120.3,120.6,570,17:25,17:20,True,2579.6428571428573,0.22096081960404262,1.5714285714285714
2017-06-05,120.0,120.5,120.0,120.4,3651,17:25,17:20,True,2066.714285714286,1.7665721987972627,1.6214285714285717
2017-06-07,120.1,120.1,119.8,119.9,2049,17:25,17:20,True,2267.4285714285716,0.9036668346774193,1.6071428571428572
2017-06-08,122.0,122.2,122.0,122.2,2041,17:25,17:20,True,2213.8571428571427,0.9219203716848423,1.7000000000000008
2017-06-09,122.1,122.4,122.1,122.4,2177,17:25,17:20,True,2328.785714285714,0.9348219489004079,1.692857142857143
2017-06-12,121.6,121.9,121.6,121.9,1937,17:25,17:20,True,2391.8571428571427,0.809830974138446,1.5357142857142867
2017-06-13,121.5,121.5,121.3,121.3,6529,17:25,17:20,True,2210.5,2.953630400361909,1.471428571428573
2017-06-14,121.7,121.7,121.6,121.7,4715,17:25,17:20,True,2537.9285714285716,1.8578143030030114,1.4500000000000008
2017-06-15,121.0,121.1,120.9,120.9,2628,17:25,17:20,True,2740.9285714285716,0.9587991556563208,1.52857142857143
2017-06-16,121.4,121.4,121.0,121.4,750,17:25,17:20,True,2785.714285714286,0.2692307692307692,1.52857142857143
2017-06-19,120.5,120.9,120.5,120.6,4329,17:25,17:20,True,2561.8571428571427,1.6897897730441087,1.471428571428573
2017-06-20,121.3,121.4,121.3,121.3,1764,17:25,17:20,True,2826.1428571428573,0.6241722691199514,1.500000000000001
2017-06-21,121.2,121.2,120.7,120.7,455,17:25,17:20,True,2691.1428571428573,0.16907315001592524,1.4785714285714289
2017-06-22,120.0,120.0,119.4,119.4,1507,17:25,17:20,True,2553.5,0.5901703544155081,1.4642857142857153
2017-06-26,119.7,120.2,119.7,120.2,4436,17:25,17:20,True,2507.285714285714,1.7692439177254857,1.471428571428572
2017-06-27,119.5,119.5,119.3,119.4,2317,17:25,17:20,True,2783.4285714285716,0.8324266064463148,1.4071428571428573
2017-06-28,119.9,119.9,119.7,119.7,561,17:25,17:20,True,2688.1428571428573,0.2086942658234575,1.392857142857144
2017-06-29,121.8,121.8,121.7,121.7,1791,17:25,17:20,True,2581.8571428571427,0.6936867149892105,1.2928571428571434
2017-06-30,121.0,121.0,120.9,120.9,2540,17:25,17:20,True,2564.0,0.9906396255850234,1.3285714285714292
2017-07-03,120.0,120.3,120.0,120.0,3077,17:25,17:20,True,2589.9285714285716,1.1880636531619735,1.3714285714285717
2017-07-04,121.7,121.7,121.3,121.5,1071,17:25,17:20,True,2671.3571428571427,0.40091981069012544,1.442857142857143
2017-07-05,122.6,122.6,122.4,122.4,677,17:25,17:20,True,2281.5,0.29673460442691213,1.4785714285714289
2017-07-06,121.9,121.9,121.9,121.9,1918,17:25,17:20,True,1993.0714285714287,0.9623337992330573,1.3999999999999997
2017-07-07,121.2,121.4,121.2,121.4,1803,17:25,17:20,True,1942.357142857143,0.9282535946751002,1.4285714285714286
2017-07-10,122.1,122.6,122.1,122.2,2870,17:25,17:20,True,2017.5714285714287,1.422502301210791,1.385714285714285
2017-07-11,122.1,122.3,122.1,122.3,1642,17:25,17:20,True,1913.357142857143,0.8581774741479076,1.335714285714285
2017-07-12,122.7,123.5,122.7,123.5,1772,17:25,17:20,True,1904.642857142857,0.9303581473842115,1.3714285714285717
2017-07-13,122.8,123.0,122.8,123.0,1795,17:25,17:20,True,1998.7142857142858,0.8980773354299192,1.3642857142857139
2017-07-14,123.0,124.2,123.0,123.7,7707,17:25,17:20,True,2019.2857142857142,3.8166961443226035,1.3214285714285714
2017-07-17,124.0,124.3,124.0,124.3,4753,17:25,17:20,True,2252.9285714285716,2.1096984876826985,1.4000000000000006
2017-07-18,126.0,126.0,125.3,125.3,5966,17:25,17:20,True,2426.9285714285716,2.458251169909056,1.4857142857142855
2017-07-19,121.7,122.5,121.7,122.3,3782,17:25,17:20,True,2813.0,1.3444720938499821,1.7571428571428567
2017-07-20,122.1,122.7,122.1,122.4,1428,17:25,17:20,True,2955.214285714286,0.48321369008773835,1.7357142857142855
2017-07-21,121.6,122.9,121.6,122.4,2320,17:25,17:20,True,2875.785714285714,0.8067360472914235,1.7071428571428566
2017-07-24,122.5,122.5,122.4,122.5,1038,17:25,17:20,True,2821.714285714286,0.367861482381531,1.6214285714285706
2017-07-25,121.0,121.8,121.0,121.5,4434,17:25,17:20,True,2819.3571428571427,1.57269894352816,1.664285714285713
2017-07-26,120.5,121.2,120.0,120.0,766,17:25,17:20,True,3087.714285714286,0.24807994818173407,1.7142857142857133
2017-07-27,121.1,121.4,120.8,121.3,1579,17:25,17:20,True,3005.4285714285716,0.5253826409354501,1.692857142857142
2017-07-28,121.2,121.5,121.2,121.5,407,17:25,17:20,True,2989.4285714285716,0.1361464207206346,1.7642857142857145
2017-07-31,120.9,121.5,120.9,121.1,747,17:25,17:20,True,2813.5,0.2655055980095966,1.778571428571429
2017-08-01,120.0,120.4,120.0,120.4,1190,17:25,17:20,True,2749.5714285714284,0.4327947212552606,1.7928571428571425
2017-08-02,120.9,121.5,120.5,120.5,2307,17:25,17:20,True,2708.0,0.8519202363367799,1.8499999999999994
2017-08-03,120.8,120.9,120.4,120.4,2422,17:25,17:20,True,2744.5714285714284,0.8824692900270664,1.892857142857142
2017-08-04,120.6,120.8,120.5,120.8,1291,17:25,17:20,True,2367.0714285714284,0.5453996801351881,1.8071428571428558
2017-08-07,121.1,121.7,121.1,121.7,2867,17:25,17:20,True,2119.785714285714,1.3524951983017153,1.7428571428571413
2017-08-08,121.0,121.5,120.9,121.5,3034,17:25,17:20,True,1898.4285714285713,1.598163894950711,1.47142857142857
2017-08-09,120.7,120.7,120.3,120.4,1494,17:25,17:20,True,1845.0,0.8097560975609757,1.47142857142857
2017-08-10,120.2,120.2,120.2,120.2,585,17:25,17:20,True,1849.7142857142858,0.31626506024096385,1.5214285714285702
2017-08-11,118.2,118.8,118.2,118.6,1542,17:25,17:20,True,1725.7857142857142,0.8935060634907496,1.528571428571427
2017-08-14,117.3,118.0,117.3,117.8,6968,17:25,17:20,True,1761.7857142857142,3.9550780458139063,1.528571428571428
2017-08-15,119.3,119.4,119.0,119.2,2519,17:25,17:20,True,1942.7857142857142,1.2965917864627376,1.578571428571428
2017-08-16,118.4,118.8,118.4,118.5,587,17:25,17:20,True,2068.0,0.2838491295938104,1.585714285714285
2017-08-17,118.9,119.0,118.3,118.3,3641,17:25,17:20,True,1997.142857142857,1.82310443490701,1.5499999999999983
2017-08-18,115.2,116.2,115.2,116.0,2632,17:25,17:20,True,2228.1428571428573,1.1812528050266076,1.6285714285714263
2017-08-21,115.5,115.6,115.5,115.6,2768,17:25,17:20,True,2362.785714285714,1.171498533812993,1.6499999999999975
2017-08-22,115.8,116.4,115.8,116.3,712,17:25,17:20,True,2475.5,0.28761866289638455,1.5642857142857127
2017-08-23,116.0,116.0,115.7,115.7,1397,17:25,17:20,True,2361.5714285714284,0.5915552598148932,1.5499999999999983
2017-08-24,115.4,115.7,115.4,115.5,610,17:25,17:20,True,2288.3571428571427,0.2665667821581297,1.5857142857142839
2017-08-25,115.1,115.5,115.1,115.5,1122,17:25,17:20,True,2239.714285714286,0.500956754688098,1.5785714285714272
2017-08-28,115.4,115.4,115.4,115.4,865,17:25,17:20,True,2115.0714285714284,0.40896963966093686,1.5714285714285705
2017-08-29,115.7,115.7,115.4,115.5,2353,17:25,17:20,True,1960.142857142857,1.2004227097150353,1.528571428571427
2017-08-30,115.3,115.7,115.3,115.7,2397,17:25,17:20,True,2021.5,1.1857531535988128,1.47142857142857
2017-08-31,118.0,118.2,118.0,118.2,2152,17:25,17:20,True,2150.9285714285716,1.0004981237339354,1.5642857142857127
2017-09-01,119.1,119.3,119.0,119.1,2777,17:25,17:20,True,2194.5,1.265436318067897,1.5642857142857116
2017-09-04,117.9,117.9,117.4,117.4,7024,17:25,17:20,True,1895.142857142857,3.706316900346751,1.5214285714285682
2017-09-05,117.0,117.1,116.9,116.9,1401,17:25,17:20,True,2216.9285714285716,0.6319554080613461,1.5071428571428538
2017-09-06,115.0,115.8,115.0,115.8,774,17:25,17:20,True,2275.0714285714284,0.3402090986154281,1.5499999999999972
2017-09-07,115.7,116.1,115.7,115.7,1463,17:25,17:20,True,2070.285714285714,0.7066657466188242,1.4642857142857122
2017-09-08,115.9,115.9,115.5,115.7,4876,17:25,17:20,True,1986.7857142857142,2.454215351429085,1.442857142857141
2017-09-11,116.0,117.0,116.0,117.0,3523,17:25,17:20,True,2137.3571428571427,1.6482972963940783,1.4785714285714266
2017-09-12,117.3,117.8,117.3,117.8,4090,17:25,17:20,True,2338.1428571428573,1.749251542738437,1.5071428571428558
2017-09-13,119.1,119.1,119.0,119.0,824,17:25,17:20,True,2530.5,0.32562734637423435,1.5357142857142836
2017-09-14,118.8,118.8,118.5,118.5,3650,17:25,17:20,True,2545.785714285714,1.4337420386633373,1.5357142857142836
2017-09-15,118.3,118.4,117.7,118.0,1624,17:25,17:20,True,2726.3571428571427,0.595666640467395,1.5071428571428547
2017-09-18,117.1,117.8,117.1,117.3,2506,17:25,17:20,True,2780.5714285714284,0.9012535963830662,1.5785714285714272
2017-09-19,117.7,117.7,117.3,117.3,4049,17:20,17:20,True,2791.5,1.4504746552032957,1.5714285714285705
2017-09-20,118.4,118.4,117.4,117.5,3452,17:25,17:20,True,2909.5,1.1864581543220485,1.442857142857142
2017-09-21,117.7,117.9,117.7,117.9,658,17:25,17:20,True,3002.3571428571427,0.219161135298456,1.3857142857142861
2017-09-22,119.6,119.6,119.1,119.1,8917,17:25,17:20,True,2851.0,3.127674500175377,1.4214285714285728
2017-09-25,120.1,120.1,120.0,120.0,7140,17:25,17:20,True,2986.214285714286,2.3909871552610804,1.414285714285715
2017-09-26,119.3,119.5,119.3,119.4,858,17:25,17:20,True,3396.1428571428573,0.2526395490682707,1.3428571428571436
2017-09-27,120.5,120.5,120.5,120.5,3291,17:25,17:20,True,3402.1428571428573,0.967331513751837,1.3785714285714294
2017-09-28,121.8,122.0,121.7,121.9,1644,17:25,17:20,True,3532.714285714286,0.46536455174087105,1.4071428571428584
2017-09-29,121.9,121.9,121.5,121.5,2149,17:25,17:20,True,3301.8571428571427,0.6508458443300308,1.4357142857142864
2017-10-02,122.8,122.8,122.1,122.1,2380,17:25,17:20,True,3203.714285714286,0.7428877196111656,1.4428571428571442
2017-10-03,123.2,123.5,123.2,123.3,1571,17:25,17:20,True,3081.5714285714284,0.5098048305595476,1.3928571428571448
2017-10-04,123.2,123.6,123.2,123.6,680,17:25,17:20,True,3134.9285714285716,0.21691084326368792,1.4071428571428595
2017-10-05,122.9,122.9,122.5,122.8,1700,17:25,17:20,True,2922.785714285714,0.5816368923971749,1.4500000000000017
2017-10-06,124.5,124.9,124.5,124.8,1452,17:25,17:20,True,2928.214285714286,0.49586534943285765,1.4928571428571442
2017-10-09,124.8,125.1,124.8,125.0,6441,17:25,17:20,True,2852.9285714285716,2.2576800781152198,1.4928571428571442
2017-10-10,124.8,125.0,124.6,124.9,1818,17:20,17:20,True,3023.785714285714,0.6012330805754376,1.5071428571428587
2017-10-11,125.2,125.3,125.2,125.3,2215,17:25,17:20,True,2907.0714285714284,0.7619351826826213,1.4857142857142864
2017-10-12,125.2,125.2,124.7,124.7,1213,17:25,17:20,True,3018.285714285714,0.4018837561529724,1.4571428571428575
2017-10-13,124.1,124.1,123.7,124.0,3623,17:25,17:20,True,2468.0,1.4679902755267422,1.4571428571428586
2017-10-16,121.5,121.5,120.5,120.9,6982,17:25,17:20,True,2216.785714285714,3.149605284356372,1.6142857142857159
2017-10-17,120.2,120.5,120.2,120.4,2411,17:25,17:20,True,2654.214285714286,0.9083667482978551,1.6071428571428592
2017-10-18,124.8,125.0,124.1,124.8,14028,17:25,17:20,True,2591.3571428571427,5.413379641114695,1.7142857142857153
2017-10-19,122.9,122.9,122.1,122.2,4530,17:25,17:20,True,3475.9285714285716,1.3032488749152333,1.8214285714285725
2017-10-20,122.6,122.6,122.3,122.3,1842,17:25,17:20,True,3646.0,0.5052111903455841,1.8285714285714292
2017-10-23,122.1,122.4,122.1,122.1,1496,17:25,17:20,True,3607.5714285714284,0.4146834039520057,1.828571428571428
2017-10-24,122.0,122.0,121.8,121.9,1902,17:25,17:20,True,3602.214285714286,0.5280085661597034,1.8214285714285714
2017-10-25,121.0,121.0,121.0,121.0,617,17:25,17:20,True,3689.5,0.1672313321588291,1.8714285714285717
2017-10-26,119.9,120.0,119.3,119.5,3949,17:25,17:20,True,3612.1428571428573,1.0932568716630413,1.9285714285714295
2017-10-27,120.8,121.0,120.7,120.9,920,17:25,17:20,True,3790.5,0.24271204326605988,1.9928571428571442
2017-10-30,121.0,121.0,120.8,120.8,3739,17:25,17:20,True,3396.1428571428573,1.1009548647625458,1.9928571428571442
2017-10-31,121.0,121.5,120.6,120.6,5495,17:25,17:20,True,3533.3571428571427,1.5551781996078193,1.9928571428571442
2017-11-01,121.9,121.9,121.2,121.2,1553,17:25,17:20,True,3767.6428571428573,0.4121940584298633,2.02857142857143
2017-11-02,120.5,120.5,120.5,120.5,719,17:25,17:20,True,3791.9285714285716,0.189613276320003,2.050000000000001
2017-11-06,120.2,120.6,120.1,120.6,4156,17:25,17:20,True,3584.5,1.1594364625470777,1.8857142857142861
2017-11-07,120.8,121.2,120.8,121.2,2599,17:25,17:20,True,3382.6428571428573,0.768334142787761,1.8857142857142861
2017-11-08,120.8,120.8,120.8,120.8,473,17:25,17:20,True,3396.0714285714284,0.13927857818908404,1.7357142857142864
2017-11-09,121.5,121.5,121.1,121.4,1161,17:25,17:20,True,2427.8571428571427,0.4781994704324802,1.5785714285714292
2017-11-10,120.0,120.5,119.9,120.4,942,17:25,17:20,True,2187.214285714286,0.43068482414029585,1.6214285714285717
2017-11-13,119.4,119.4,119.4,119.4,1794,17:25,17:20,True,2122.9285714285716,0.8450590491571616,1.642857142857144
2017-11-14,119.0,119.2,117.8,117.8,1459,17:25,17:20,True,2144.214285714286,0.6804357240414404,1.7071428571428586
2017-11-15,117.7,117.7,117.1,117.1,1455,17:25,17:20,True,2112.5714285714284,0.6887341087368136,1.721428571428573
2017-11-16,117.7,118.1,117.7,118.1,1481,17:25,17:15,True,2172.4285714285716,0.6817255211415795,1.6357142857142861
2017-11-17,116.8,117.1,116.7,116.7,1332,17:25,17:20,True,1996.142857142857,0.6672869104701925,1.6142857142857139
2017-11-20,115.0,115.0,114.2,114.2,4234,17:25,17:20,True,2025.5714285714287,2.0902743493899427,1.6999999999999988
2017-11-21,114.2,114.2,113.6,113.8,4905,17:25,17:20,True,2060.9285714285716,2.379995147818251,1.7357142857142844
2017-11-22,114.8,114.8,114.3,114.3,817,17:25,17:20,True,2018.7857142857142,0.4046987227116725,1.6785714285714275
2017-11-23,113.3,113.3,112.7,112.7,4430,17:25,17:20,True,1966.2142857142858,2.2530606313800994,1.692857142857142
2017-11-24,112.6,112.6,112.6,112.6,1887,17:25,17:20,True,2231.285714285714,0.8457007490876497,1.6999999999999997
2017-11-27,113.0,113.5,113.0,113.1,3726,17:25,17:20,True,2069.214285714286,1.8006834892471262,1.6999999999999997
2017-11-28,113.0,113.9,113.0,113.9,4178,17:25,17:20,True,2149.714285714286,1.9435140882509303,1.6714285714285708
2017-11-30,115.3,115.6,115.0,115.0,1195,17:25,17:20,True,2414.3571428571427,0.4949557705393332,1.721428571428571
2017-12-01,115.9,115.9,115.0,115.0,357,17:25,17:20,True,2416.785714285714,0.14771686123836264,1.721428571428571
2017-12-04,112.5,113.0,112.5,113.0,1878,17:25,17:20,True,2375.0,0.7907368421052632,1.8857142857142861
2017-12-05,113.0,113.3,113.0,113.3,2387,17:25,17:20,True,2381.0,1.002519949601008,1.828571428571428
2017-12-06,112.0,112.0,111.4,111.4,8027,17:25,17:20,True,2447.285714285714,3.2799603058782325,1.8142857142857136
2017-12-07,110.6,111.2,110.6,111.2,4672,17:25,17:20,True,2916.714285714286,1.6018024195523337,1.807142857142857
2017-12-08,111.6,112.7,111.6,112.5,6130,17:25,17:20,True,3144.6428571428573,1.9493469619534354,1.8000000000000003
2017-12-11,113.2,113.5,113.2,113.5,2928,17:25,17:20,True,3487.3571428571427,0.8396042848657396,1.971428571428572
2017-12-12,114.4,114.4,114.4,114.4,1645,17:25,17:20,True,3394.0714285714284,0.4846686449060337,1.9928571428571433
2017-12-13,115.5,115.5,115.2,115.5,3059,17:25,17:20,True,3161.214285714286,0.967666131911336,2.0500000000000003
2017-12-14,114.0,114.2,114.0,114.2,9581,17:25,17:20,True,3321.3571428571427,2.884664186326588,2.0142857142857133
2017-12-15,113.4,113.4,113.2,113.2,257,17:25,17:20,True,3689.285714285714,0.06966118102613747,2.0428571428571423
2017-12-18,112.6,113.8,112.6,113.5,9990,17:25,17:20,True,3572.8571428571427,2.796081567373051,2.0499999999999994
2017-12-19,114.0,114.0,114.0,114.0,530,17:25,17:20,True,4020.285714285714,0.13183142633785802,2.150000000000001
2017-12-20,114.5,114.5,114.1,114.1,889,17:25,17:20,True,3759.714285714286,0.2364541378524204,2.107142857142858
2017-12-21,113.9,113.9,113.4,113.4,3297,17:25,17:20,True,3737.8571428571427,0.8820561819224155,2.0142857142857156
2017-12-22,114.7,115.3,114.7,115.3,5165,17:25,17:20,True,3947.8571428571427,1.3083046860864846,1.9500000000000008
2017-12-27,115.1,115.1,115.0,115.1,3060,17:25,17:20,True,4182.642857142857,0.7315948562938676,1.9357142857142864
2017-12-28,113.6,113.6,113.2,113.2,1486,17:25,17:20,True,4230.714285714285,0.3512409252068209,1.9857142857142864
2017-12-29,113.4,113.4,113.4,113.4,737,17:25,17:20,True,3763.5,0.19582835126876577,1.9285714285714295
2018-01-02,113.0,113.8,113.0,113.8,2804,17:25,17:20,True,3482.4285714285716,0.8051852155720556,1.892857142857144
2018-01-03,115.0,115.0,114.2,114.2,2360,17:25,17:20,True,3244.8571428571427,0.7273047459716475,1.6642857142857161
2018-01-04,113.8,113.8,113.6,113.6,1158,17:25,17:20,True,3204.285714285714,0.3613909942041908,1.7357142857142875
2018-01-08,115.8,115.8,115.6,115.6,2573,17:25,17:20,True,3169.5,0.8117999684492823,1.750000000000002
2018-01-09,116.4,116.4,116.2,116.2,1601,17:25,17:20,True,3134.785714285714,0.5107207145623989,1.778571428571431
2018-01-10,118.4,118.4,118.2,118.2,5586,17:25,17:20,True,2564.785714285714,2.1779597293006936,1.8500000000000025
2018-01-11,119.2,119.4,119.2,119.4,245,17:25,17:20,True,2945.4285714285716,0.08317974585313803,1.8857142857142881
2018-01-12,119.6,119.6,119.4,119.4,3167,17:25,17:20,True,2249.3571428571427,1.4079578292210475,1.8785714285714303
2018-01-15,118.8,118.8,118.2,118.2,2663,17:25,17:20,True,2437.714285714286,1.09241678387248,1.9071428571428584
2018-01-16,116.2,116.2,116.2,116.2,737,17:25,17:20,True,2564.4285714285716,0.28739345997437465,2.050000000000001
2018-01-17,116.2,116.2,115.8,115.8,1574,17:25,17:20,True,2381.5714285714284,0.6609081638773919,1.8857142857142872
2018-01-18,117.2,117.2,117.0,117.2,4389,17:25,17:20,True,2125.0714285714284,2.0653423414339014,1.9214285714285728
2018-01-19,117.8,117.8,117.4,117.6,2777,17:25,17:20,True,2220.0,1.250900900900901,1.8428571428571447
2018-01-22,116.6,116.6,116.6,116.6,5218,17:25,17:20,True,2312.214285714286,2.2567112539000957,1.9000000000000017
2018-01-23,119.0,119.0,118.8,118.8,3190,17:25,17:20,True,2632.285714285714,1.2118745251275371,1.9857142857142864
2018-01-24,118.4,118.4,118.4,118.4,3627,17:25,17:20,True,2659.8571428571427,1.3636070680487675,1.9571428571428575
2018-01-25,117.2,117.2,116.6,116.6,6321,17:25,17:20,True,2750.3571428571427,2.29824698091157,1.8428571428571436
2018-01-26,115.6,115.6,115.4,115.4,1472,17:25,17:15,True,3119.1428571428573,0.47192452138865987,1.828571428571428
2018-01-29,116.8,116.8,116.4,116.4,2785,17:25,17:20,True,3040.5,0.915967768459135,1.8999999999999997
2018-01-30,117.0,117.0,116.0,116.0,3741,17:25,17:20,True,3125.0714285714284,1.1970926378825628,1.8428571428571416
2018-01-31,116.4,116.4,116.2,116.4,2680,17:25,17:20,True,2993.285714285714,0.8953371832195867,1.8142857142857127
2018-02-01,117.0,117.8,117.0,117.8,4054,17:25,17:20,True,3167.214285714286,1.279989174804357,1.7999999999999983
2018-02-02,119.6,119.6,117.8,117.8,4648,17:25,17:20,True,3230.5714285714284,1.438754753692403,1.8571428571428552
2018-02-05,116.0,116.2,115.8,116.0,6731,17:25,17:20,True,3372.3571428571427,1.9959333234490502,1.9142857142857121
2018-02-06,112.0,112.0,110.8,111.0,8339,17:25,17:20,True,3800.5,2.194184975661097,2.028571428571426
2018-02-07,112.0,113.2,110.6,110.8,31803,17:25,17:20,True,4283.714285714285,7.424164610151404,2.228571428571427
2018-02-08,114.0,114.8,114.0,114.6,1636,17:25,17:20,True,6241.857142857143,0.262101480786396,2.44285714285714
2018-02-09,113.0,113.0,112.4,112.6,4417,17:25,17:20,True,6160.357142857143,0.7170038842831468,2.499999999999997
2018-02-12,112.8,113.4,112.8,113.0,4945,17:25,17:20,True,6103.142857142857,0.810238284724498,2.471428571428569
2018-02-13,114.0,114.0,113.4,113.4,4207,17:25,17:20,True,6228.5,0.6754435257285061,2.5857142857142827
2018-02-14,115.0,115.8,115.0,115.8,1966,17:25,17:20,True,6269.928571428572,0.3135601909340503,2.6571428571428544
2018-02-15,119.0,120.0,118.2,118.4,5671,17:25,17:20,True,5958.857142857143,0.9516925584963559,2.771428571428569
2018-02-16,120.6,120.6,120.2,120.6,2431,17:25,17:20,True,6258.785714285715,0.3884140008901772,2.771428571428569
2018-02-19,121.2,121.2,120.6,120.6,4155,17:25,17:15,True,6233.5,0.6665597176546082,2.757142857142855
2018-02-20,121.2,121.2,121.2,121.2,1468,17:25,17:20,True,6263.071428571428,0.23438979049530698,2.714285714285712
2018-02-21,122.0,122.0,121.2,121.6,5379,17:25,17:20,True,6176.5,0.8708815672306323,2.74285714285714
2018-02-22,121.2,121.2,120.2,120.4,14085,17:25,17:20,True,6271.142857142857,2.246002095767461,2.6857142857142833
2018-02-23,120.0,120.0,119.8,120.0,3638,17:25,17:20,True,6945.214285714285,0.5238139314841669,2.585714285714284
2018-02-26,120.2,120.8,120.2,120.4,3676,17:25,17:20,True,6724.285714285715,0.5466751646483959,2.5142857142857116
2018-02-27,120.0,120.6,120.0,120.2,1783,17:25,17:20,True,6391.214285714285,0.27897672027448395,2.3428571428571394
2018-02-28,119.2,119.4,118.8,119.4,3059,17:25,17:20,True,4246.928571428572,0.7202852481625376,2.1428571428571397
2018-03-01,120.8,120.8,120.0,120.0,2643,17:25,17:20,True,4348.571428571428,0.6077858081471748,2.1714285714285686
2018-03-02,120.0,120.0,119.4,119.4,4775,17:25,17:20,True,4221.857142857143,1.1310188474943321,2.1285714285714263
2018-03-05,118.2,118.2,118.0,118.2,7221,17:25,17:20,True,4209.714285714285,1.715318311388625,2.114285714285713
2018-03-06,119.8,120.0,119.6,119.8,3171,17:25,17:20,True,4425.0,0.7166101694915255,2.0714285714285703
2018-03-07,119.8,119.8,119.6,119.6,4016,17:25,17:20,True,4511.071428571428,0.8902541366479297,1.914285714285713
2018-03-08,121.4,122.0,121.4,121.6,1800,17:25,17:20,True,4392.857142857143,0.4097560975609756,1.8999999999999986
2018-03-09,122.8,123.0,122.8,123.0,990,17:25,17:20,True,4347.785714285715,0.22770211437677634,1.942857142857142
2018-03-12,122.8,123.6,122.8,123.6,5622,17:25,17:20,True,4121.714285714285,1.363995563565784,1.971428571428571
2018-03-13,123.6,124.0,123.6,124.0,2601,17:25,17:20,True,4418.428571428572,0.5886708267321931,1.8857142857142861
2018-03-14,123.8,123.8,123.6,123.6,118,17:25,17:20,True,4220.0,0.027962085308056873,1.8714285714285726
2018-03-15,124.6,124.6,124.2,124.2,4927,17:25,17:20,True,3222.3571428571427,1.5290049431427748,1.8428571428571436
2018-03-16,123.6,123.6,123.6,123.6,911,17:25,17:20,True,3314.4285714285716,0.27485884229128055,1.914285714285715
2018-03-19,123.0,123.0,122.4,122.8,3886,17:25,17:20,True,3116.9285714285716,1.246740151706121,1.8714285714285726
2018-03-20,121.0,121.0,121.0,121.0,2846,17:25,17:15,True,3267.1428571428573,0.8710975076519457,1.971428571428572
2018-03-21,119.0,119.0,118.8,119.0,7773,17:25,17:20,True,3251.9285714285716,2.3902739033979836,1.914285714285715
2018-03-22,112.0,112.0,110.0,110.4,43650,17:25,17:20,True,3618.3571428571427,12.063485796632254,1.914285714285715
2018-03-23,107.0,107.4,106.8,107.2,6816,17:25,17:20,True,6395.142857142857,1.065808872805254,2.5714285714285716
2018-03-26,108.0,108.6,107.4,107.4,4088,17:25,17:20,True,6366.214285714285,0.642139867829053,2.6285714285714286
2018-03-27,106.6,107.8,106.6,107.4,3953,17:25,17:20,True,6431.714285714285,0.614610634800764,2.7142857142857144
2018-03-28,106.0,106.0,105.8,105.8,6462,17:25,17:20,True,6427.214285714285,1.005412253698003,2.6714285714285717
2018-04-03,110.0,110.0,108.8,108.8,6537,17:25,17:15,True,6760.214285714285,0.9669811819151972,2.7285714285714286
2018-04-04,107.0,107.0,106.4,106.4,7132,17:25,17:20,True,7156.428571428572,0.9965864856772133,2.857142857142857
2018-04-05,108.2,108.6,108.0,108.0,446,17:25,17:20,True,7264.285714285715,0.06139626352015732,2.914285714285714
2018-04-06,108.2,108.2,108.2,108.2,243,17:25,17:20,True,7110.357142857143,0.034175498518258074,2.8999999999999995
2018-04-09,107.6,107.6,107.4,107.4,1532,17:25,17:20,True,7119.285714285715,0.2151901274204876,2.8428571428571425
2018-04-10,106.0,107.0,106.0,107.0,7671,17:25,17:20,True,6876.785714285715,1.115492079979226,2.857142857142858
2018-04-11,106.2,106.2,105.6,105.6,2351,17:25,17:20,True,7359.642857142857,0.3194448488377736,2.8714285714285714
2018-04-12,103.6,104.0,103.6,103.6,1506,17:25,17:20,True,7250.0,0.20772413793103447,2.914285714285715
2018-04-13,103.4,103.8,103.4,103.8,2265,17:25,17:20,True,7154.285714285715,0.3165934504792332,2.8142857142857145
2018-04-16,103.0,103.4,103.0,103.4,3546,17:25,17:20,True,6760.857142857143,0.5244897096733296,2.8142857142857145
2018-04-17,104.0,104.6,104.0,104.6,1747,17:25,17:20,True,3896.285714285714,0.4483757424653516,2.085714285714286
2018-04-19,104.6,104.6,104.6,104.6,451,17:25,17:20,True,3534.214285714286,0.12760969300107117,2.0142857142857147
2018-04-20,104.4,104.6,104.4,104.6,1065,17:25,17:20,True,3274.4285714285716,0.3252475895467039,1.9000000000000006
2018-04-23,105.0,105.2,104.6,104.6,5566,17:25,17:20,True,3068.1428571428573,1.8141267402337382,1.8714285714285726
2018-04-24,105.8,106.4,105.8,106.4,949,17:25,17:20,True,3004.1428571428573,0.3158970944885634,1.7857142857142878
2018-04-25,102.6,102.6,101.2,101.4,17210,17:25,17:20,True,2605.0,6.606525911708253,1.8000000000000012
2018-04-26,102.0,102.4,101.8,102.0,3192,17:25,17:20,True,3324.8571428571427,0.960041247744264,2.0714285714285725
2018-04-27,104.6,104.6,104.6,104.6,3804,17:25,17:20,True,3521.0,1.0803748934961659,2.2142857142857153
2018-05-02,106.2,106.2,105.0,105.0,9143,17:25,17:20,True,3775.3571428571427,2.4217576388231956,2.2571428571428576
2018-05-03,106.0,106.0,105.2,105.2,1763,17:25,17:20,True,4319.0,0.40819634174577446,2.1714285714285717
2018-05-04,105.6,105.8,105.6,105.8,1476,17:25,17:20,True,3897.0,0.3787528868360277,2.1857142857142864
2018-05-07,106.8,107.0,106.8,107.0,1935,17:25,17:20,True,3834.5,0.5046290259486244,2.028571428571429
2018-05-08,106.0,106.0,105.8,105.8,2162,17:25,17:20,True,3865.1428571428573,0.5593583678296865,2.1000000000000005
2018-05-11,109.2,109.4,109.2,109.4,2401,17:25,17:20,True,3857.785714285714,0.6223777518561722,2.1999999999999997
2018-05-14,108.2,108.8,108.2,108.8,2363,17:25,17:20,True,3776.0,0.6257944915254238,2.2142857142857144
2018-05-15,108.2,108.2,107.6,107.6,1606,17:25,17:20,True,3820.0,0.42041884816753927,2.2285714285714278
2018-05-16,109.0,109.0,108.6,108.6,3149,17:25,17:20,True,3902.5,0.8069186418962204,2.257142857142856
2018-05-17,108.0,108.0,107.4,107.8,1725,17:25,17:20,True,4051.3571428571427,0.42578324723637584,2.3142857142857127
2018-05-18,107.8,107.8,107.8,107.8,891,17:25,17:15,True,3777.0,0.23590150913423352,2.3142857142857127
2018-05-21,107.6,107.6,107.4,107.4,6770,17:25,17:20,True,3772.8571428571427,1.7943960620976904,2.142857142857142
2018-05-22,106.6,106.6,106.2,106.2,5290,17:25,17:20,True,3027.1428571428573,1.7475224162340726,1.857142857142856
2018-05-23,106.4,106.4,105.8,105.8,5102,17:25,17:20,True,3177.0,1.6059175322631414,1.6857142857142844
2018-05-24,105.8,106.0,105.8,106.0,861,17:25,17:20,True,3269.714285714286,0.263325760223698,1.6571428571428553
2018-05-25,106.2,106.2,105.8,106.2,1374,17:25,17:20,True,2678.1428571428573,0.5130420867338774,1.7285714285714266
2018-05-28,105.2,105.8,105.2,105.8,1333,17:25,17:20,True,2650.3571428571427,0.5029510847594664,1.7285714285714266
2018-05-29,105.8,105.8,105.2,105.2,753,17:25,17:20,True,2640.1428571428573,0.2852118391861912,1.7714285714285702
2018-05-30,104.0,104.0,103.6,103.6,2948,17:25,17:20,True,2555.714285714286,1.1534935718278367,1.8428571428571416
2018-05-31,104.4,104.6,104.4,104.6,1111,17:25,17:20,True,2611.8571428571427,0.42536782803697426,1.7999999999999992
2018-06-01,103.6,104.0,103.6,104.0,557,17:25,17:20,True,2519.714285714286,0.22105680916203652,1.828571428571428
2018-06-04,105.8,105.8,105.8,105.8,768,17:25,17:20,True,2390.714285714286,0.3212429040932178,1.942857142857143
2018-06-05,104.2,104.2,104.0,104.0,2304,17:25,17:20,True,2330.8571428571427,0.9884775680313803,1.942857142857143
2018-06-07,104.0,104.0,104.0,104.0,1382,17:25,17:20,True,2270.5,0.6086765029729134,1.8999999999999997
2018-06-08,105.2,105.2,104.6,105.0,1357,17:25,17:20,True,2246.0,0.6041852181656278,1.999999999999999
2018-06-11,105.4,106.8,105.4,106.8,5079,17:25,17:20,True,2279.285714285714,2.2283296772171735,2.0714285714285703
2018-06-12,106.6,107.6,106.6,107.2,1989,17:25,17:20,True,2158.5,0.9214732453092426,2.0714285714285703
2018-06-13,107.0,107.4,107.0,107.4,2556,17:25,17:20,True,1922.7142857142858,1.3293706813284791,2.114285714285714
2018-06-14,106.0,106.0,105.0,105.0,3796,17:25,17:20,True,1740.857142857143,2.180535040210077,2.2000000000000006
2018-06-15,105.8,105.8,105.8,105.8,461,17:25,17:20,True,1950.5,0.2363496539348885,2.2285714285714286
2018-06-18,102.4,103.4,102.4,103.2,14567,17:25,17:20,True,1885.2857142857142,7.726680306130182,2.2285714285714286
2018-06-19,102.4,102.4,101.6,101.6,3718,17:25,17:20,True,2830.5714285714284,1.3135156959725447,2.2571428571428567
2018-06-20,105.0,105.0,104.2,104.2,443,17:25,17:20,True,3042.3571428571427,0.14561078111426762,2.2571428571428567
2018-06-21,104.2,104.2,103.4,103.4,993,17:25,17:20,True,2863.4285714285716,0.34678706844941126,2.2714285714285714
2018-06-25,102.0,102.4,102.0,102.4,956,17:25,17:20,True,2855.0,0.33485113835376534,2.2714285714285714
2018-06-26,103.0,103.0,103.0,103.0,1226,17:25,17:15,True,2883.5,0.4251777353910179,2.1285714285714286
2018-06-27,102.4,102.4,102.4,102.4,1229,17:25,17:20,True,2916.214285714286,0.4214367942782962,2.114285714285714
2018-06-28,103.0,103.0,103.0,103.0,506,17:25,17:20,True,2839.4285714285716,0.1782048701952103,2.171428571428571
2018-06-29,103.4,104.2,103.4,104.2,905,17:25,17:20,True,2776.8571428571427,0.32590801522790414,2.085714285714286
2018-07-02,102.8,102.8,102.4,102.4,946,17:25,17:20,True,2744.5714285714284,0.34468040807828443,2.0714285714285716
2018-07-04,103.6,103.6,103.4,103.6,540,17:25,17:20,True,2449.3571428571427,0.22046601148989534,2.057142857142857
2018-07-05,102.2,102.4,102.2,102.4,618,17:25,17:20,True,2345.8571428571427,0.26344315206138486,2.0714285714285703
2018-07-06,102.4,103.2,102.4,103.0,812,17:25,17:20,True,2207.4285714285716,0.3678488221589438,1.999999999999998
2018-07-09,102.2,102.4,102.2,102.4,2355,17:25,17:20,True,1994.2857142857142,1.1808739255014327,1.97142857142857
2018-07-10,102.6,103.6,102.6,103.0,3695,17:25,17:20,True,2129.5714285714284,1.7350908968940768,1.942857142857142
2018-07-11,103.6,103.6,103.4,103.4,276,17:25,17:20,True,1353.0,0.2039911308203991,1.8999999999999997
2018-07-12,102.4,102.4,102.4,102.4,723,17:25,17:20,True,1107.142857142857,0.6530322580645161,1.8428571428571427
2018-07-13,101.6,101.6,101.6,101.6,185,17:25,17:20,True,1127.142857142857,0.1641318124207858,1.8000000000000003
2018-07-16,102.6,102.8,102.6,102.8,2113,17:25,17:20,True,1069.4285714285713,1.9758215335292548,1.7428571428571433
2018-07-17,104.4,104.6,104.4,104.4,2591,17:25,17:20,True,1152.0714285714287,2.248992497984996,1.8142857142857147
2018-07-18,106.8,106.8,105.8,106.2,8106,17:25,17:20,True,1249.5714285714287,6.487024122556305,1.9285714285714295
2018-07-19,102.8,103.0,102.6,102.8,1604,17:25,17:20,True,1740.7857142857142,0.9214230027491691,2.1428571428571437
2018-07-20,103.0,103.2,102.8,103.2,3243,17:25,17:20,True,1819.2142857142858,1.7826377164395932,2.1142857142857148
2018-07-23,106.6,107.6,106.6,107.0,7268,17:25,17:20,True,1986.2142857142858,3.6592224979321752,2.285714285714287
2018-07-24,108.2,109.0,108.2,109.0,4586,17:25,17:20,True,2437.785714285714,1.8812153886723901,2.357142857142858
2018-07-25,108.8,109.6,108.8,109.6,1313,17:25,17:20,True,2726.785714285714,0.4815193189259987,2.4000000000000017
2018-07-26,109.0,109.8,109.0,109.8,4965,17:25,17:20,True,2776.4285714285716,1.788268587599691,2.4428571428571453
2018-07-27,110.4,110.6,110.2,110.6,663,17:25,17:20,True,3073.0714285714284,0.21574506659228784,2.4000000000000017
2018-07-30,109.8,110.4,109.8,110.4,2373,17:25,17:20,True,2952.214285714286,0.8038034405168033,2.4000000000000017
2018-07-31,109.6,110.2,109.4,110.2,1311,17:25,17:20,True,2857.785714285714,0.45874678197405583,2.342857142857144
2018-08-02,110.0,110.0,110.0,110.0,1422,17:25,17:20,True,2931.714285714286,0.4850404444011305,2.3000000000000003
2018-08-03,110.0,110.0,110.0,110.0,444,17:25,17:20,True,2981.6428571428573,0.1489111946913255,2.2999999999999994
2018-08-07,109.4,109.4,109.4,109.4,510,17:25,17:15,True,3000.1428571428573,0.16999190514737392,2.285714285714284
2018-08-08,110.2,110.2,110.2,110.2,1115,17:25,17:20,True,2885.6428571428573,0.38639570286393227,2.2142857142857113
2018-08-09,111.0,111.0,110.6,111.0,1678,17:25,17:20,True,2780.214285714286,0.6035505999023714,2.057142857142854
2018-08-13,110.6,110.6,108.6,108.8,3214,17:25,17:20,True,2321.0714285714284,1.3847053392829667,1.7714285714285682
2018-08-14,109.0,109.8,109.0,109.6,11990,17:25,17:20,True,2436.0714285714284,4.9218589649611495,1.857142857142854
2018-08-15,109.0,109.0,108.8,109.0,362,17:25,17:20,True,3060.8571428571427,0.1182675254363857,1.6857142857142822
2018-08-16,111.0,111.0,110.6,110.6,2811,17:25,17:20,True,2567.5714285714284,1.0948088799866467,1.64285714285714
2018-08-17,111.2,111.4,111.2,111.4,561,17:25,17:20,True,2440.785714285714,0.22984401978285682,1.5714285714285674
2018-08-20,112.0,112.0,111.8,112.0,4619,17:25,17:20,True,2387.0714285714284,1.9350070319279453,1.4714285714285669
2018-08-21,112.4,112.8,112.4,112.8,243,17:25,17:20,True,2362.3571428571427,0.10286336286396759,1.4285714285714246
2018-08-22,112.0,112.4,112.0,112.4,1705,17:25,17:20,True,2332.3571428571427,0.7310201206627263,1.3999999999999955
2018-08-23,112.0,112.0,112.0,112.0,1910,17:25,17:20,True,2284.6428571428573,0.8360168829138658,1.3999999999999966
2018-08-24,111.6,111.6,111.4,111.4,3053,17:25,17:20,True,2327.4285714285716,1.3117480972256321,1.357142857142854
2018-08-27,111.0,111.6,111.0,111.6,6684,17:25,17:20,True,2443.9285714285716,2.734940815431828,1.3142857142857107
2018-08-28,112.6,112.6,112.6,112.6,692,17:25,17:20,True,2889.6428571428573,0.23947596094425905,1.3714285714285686
2018-08-29,111.6,111.8,111.6,111.8,746,17:25,17:20,True,2902.6428571428573,0.25700716096168513,1.385714285714283
2018-08-30,112.0,112.0,112.0,112.0,1078,17:25,17:20,True,2876.285714285714,0.3747889142743618,1.4285714285714266
2018-08-31,112.2,112.4,112.2,112.4,2006,17:25,17:20,True,2833.4285714285716,0.7079762024805889,1.4285714285714266
2018-09-03,111.0,111.2,111.0,111.0,1908,17:25,17:20,True,2747.1428571428573,0.6945397815912636,1.3714285714285686
2018-09-04,111.2,111.6,111.2,111.4,622,17:25,17:20,True,2027.0,0.3068574247656635,1.2999999999999972
2018-09-05,110.0,110.2,105.0,108.8,11020,17:25,17:20,True,2045.5714285714287,5.387247712829108,1.242857142857139
2018-09-07,109.6,109.6,109.0,109.6,3491,17:25,17:15,True,2631.9285714285716,1.3264037777838087,1.5714285714285683
2018-09-10,108.2,108.2,108.0,108.0,1836,17:25,17:20,True,2841.214285714286,0.6462025793800438,1.6857142857142822
2018-09-11,108.2,108.6,108.2,108.6,375,17:25,17:20,True,2642.4285714285716,0.14191490511974914,1.7142857142857113
2018-09-12,107.0,107.0,106.4,106.4,2899,17:25,17:20,True,2651.8571428571427,1.0931961428648387,1.8142857142857107
2018-09-13,106.2,106.2,106.0,106.0,4320,17:25,17:15,True,2737.1428571428573,1.578288100208768,1.8428571428571385
2018-09-14,106.8,106.8,106.4,106.6,3559,17:25,17:20,True,2909.285714285714,1.2233243309599804,1.857142857142853
2018-09-17,106.6,106.8,106.4,106.6,2667,17:25,17:20,True,2945.4285714285716,0.9054709477155882,1.8714285714285677
2018-09-18,106.4,106.8,106.4,106.8,645,17:25,17:20,True,2658.5,0.24261801767914237,1.7714285714285671
2018-09-20,106.2,106.2,106.0,106.0,1950,17:25,17:20,True,2655.1428571428573,0.7344237598192187,1.7857142857142816
2018-09-21,108.4,109.2,108.4,109.2,856,17:25,17:20,True,2741.1428571428573,0.3122785074004586,1.9714285714285669
2018-09-24,109.0,109.2,109.0,109.0,4115,17:25,17:20,True,2725.285714285714,1.5099334276877916,1.9857142857142815
2018-09-25,109.4,109.4,109.4,109.4,258,17:25,17:20,True,2875.9285714285716,0.08971015572610089,1.9571428571428524
2018-09-26,109.6,109.6,109.4,109.4,1001,17:25,17:20,True,2758.0714285714284,0.3629347629036853,1.9714285714285669
2018-09-27,110.2,110.2,110.0,110.0,1239,17:25,17:20,True,2785.1428571428573,0.44486048420188756,1.9571428571428535
2018-09-28,111.6,111.6,110.8,110.8,2279,17:25,17:20,True,2086.5,1.0922597651569614,1.7571428571428538
2018-10-01,111.8,112.0,111.0,111.4,3916,17:25,17:20,True,1999.9285714285713,1.9580699310689669,1.6999999999999968
2018-10-02,111.8,111.8,111.8,111.8,1331,17:25,17:20,True,2148.5,0.6195019781242728,1.742857142857139
2018-10-03,110.8,111.8,110.8,111.8,2430,17:25,17:20,True,2216.785714285714,1.096181730304495,1.6714285714285688
2018-10-04,109.0,111.2,109.0,110.4,3207,17:25,17:20,True,2183.285714285714,1.4688869986259243,1.8428571428571405
2018-10-05,110.4,110.4,110.4,110.4,1804,17:25,17:20,True,2103.785714285714,0.8575017825009337,1.9142857142857121
2018-10-08,110.2,110.2,109.0,109.4,2164,17:25,17:20,True,1978.4285714285713,1.0937973860928587,1.9571428571428555
2018-10-09,107.8,107.8,107.8,107.8,2109,17:25,17:20,True,1942.5,1.0857142857142856,2.157142857142856
2018-10-10,107.2,107.8,107.2,107.8,1229,17:25,17:20,True,2047.0714285714287,0.6003698663596078,2.1857142857142855
2018-10-11,108.0,108.0,106.8,106.8,7737,17:25,17:20,True,1995.5714285714287,3.8770849738707134,2.028571428571428
2018-10-12,105.4,105.4,105.0,105.0,5798,17:25,17:20,True,2487.0714285714284,2.3312559234900485,2.1285714285714286
2018-10-15,105.0,105.6,105.0,105.6,6071,17:25,17:20,True,2607.285714285714,2.328475152046463,2.1285714285714294
2018-10-16,105.0,105.2,105.0,105.0,5792,17:25,17:20,True,3022.5,1.9162944582299422,2.22857142857143
2018-10-17,105.8,105.8,105.4,105.8,6490,17:25,17:20,True,3364.714285714286,1.9288413365600985,2.285714285714287
2018-10-18,104.8,105.0,104.2,105.0,3739,17:25,17:20,True,3739.785714285714,0.9997899039287965,2.2142857142857153
2018-10-19,103.8,103.8,103.4,103.4,5851,17:25,17:20,True,3844.0714285714284,1.5220840998197596,2.2142857142857153
2018-10-22,105.0,105.6,104.6,105.6,3573,17:25,17:20,True,3982.285714285714,0.8972234179939733,2.22857142857143
2018-10-23,103.8,104.2,103.4,103.4,10668,17:25,17:20,True,4142.428571428572,2.575300893195848,2.3000000000000003
2018-10-24,101.6,102.2,101.6,102.0,2715,17:25,17:20,True,4730.857142857143,0.573891774368885,2.1857142857142864
2018-10-25,102.2,102.8,102.2,102.6,2961,17:25,17:20,True,4695.714285714285,0.6305749923942805,2.2428571428571433
2018-10-26,102.0,102.0,101.4,101.6,3551,17:25,17:20,True,4778.357142857143,0.7431424428599189,2.2571428571428576
2018-10-29,100.6,101.6,100.6,101.6,3907,17:25,17:20,True,4877.428571428572,0.8010368461132915,2.1714285714285717
2018-10-30,100.6,101.2,100.6,101.2,3668,17:25,17:20,True,5005.857142857143,0.7327416455009845,2.1999999999999997
2018-10-31,101.4,102.2,101.2,102.2,3708,17:25,17:20,True,5180.071428571428,0.7158202451703645,2.157142857142856
2018-11-01,101.6,102.0,101.6,101.8,10423,17:25,17:20,True,4892.285714285715,2.1304969923494714,2.0142857142857133
2018-11-05,102.0,102.6,101.8,102.4,6512,17:25,17:20,True,5222.642857142857,1.2468782909583271,2.0142857142857133
2018-11-06,102.2,102.2,102.0,102.0,2330,17:25,17:20,True,5254.142857142857,0.443459582914163,1.942857142857141
2018-11-07,102.0,102.0,101.4,101.4,3530,17:25,17:20,True,5006.857142857143,0.7050330974663318,1.914285714285713
2018-11-08,102.2,102.8,102.2,102.6,3223,17:25,17:20,True,4795.428571428572,0.6720984270734032,1.857142857142856
2018-11-09,103.2,103.2,103.0,103.2,3974,17:25,17:20,True,4758.571428571428,0.8351245872110478,1.885714285714285
2018-11-12,103.2,103.6,103.2,103.6,1244,17:25,17:20,True,4624.5,0.26900205427613794,1.8142857142857136
2018-11-13,103.4,104.0,103.4,103.8,3117,17:25,17:20,True,4458.142857142857,0.6991700579998078,1.7142857142857142
2018-11-14,104.0,104.0,103.4,103.4,3104,17:25,17:20,True,3918.785714285714,0.7920820954012723,1.6285714285714283
2018-11-15,103.0,103.2,102.6,102.6,3122,17:25,17:20,True,3946.5714285714284,0.7910663867371317,1.5714285714285714
2018-11-16,100.2,101.2,100.2,101.0,4027,17:25,17:20,True,3958.0714285714284,1.0174146860844928,1.6428571428571428
2018-11-19,102.0,102.0,101.8,101.8,5241,17:25,17:20,True,3992.0714285714284,1.312852260731092,1.5714285714285714
2018-11-20,101.0,101.0,99.8,99.8,11148,17:25,17:20,True,4087.3571428571427,2.7274347727312445,1.5142857142857156
2018-11-21,99.1,99.1,98.7,98.7,3034,17:25,17:20,True,4621.642857142857,0.6564765157720662,1.6500000000000026
2018-11-23,98.8,98.8,98.8,98.8,1176,17:25,17:20,True,4573.5,0.25713348638898,1.664285714285717
2018-11-26,99.9,99.9,99.9,99.9,1484,17:25,17:20,True,3913.0,0.37924865831842575,1.6500000000000026
2018-11-27,101.8,101.8,101.6,101.8,901,17:25,17:20,True,3553.8571428571427,0.25352735458455605,1.750000000000003
2018-11-28,104.0,104.8,104.0,104.8,3170,17:25,17:20,True,3451.785714285714,0.9183652353854113,1.8357142857142879
2018-11-29,104.2,104.2,104.2,104.2,803,17:25,17:20,True,3426.0714285714284,0.23437923485875117,1.921428571428574
2018-11-30,105.0,105.0,104.8,104.8,2951,17:25,17:20,True,3253.214285714286,0.9071028652980568,1.8785714285714303
2018-12-03,105.0,105.8,105.0,105.8,8722,17:25,17:20,True,3180.1428571428573,2.742644086069808,1.8785714285714303
2018-12-04,105.6,106.0,105.6,105.6,2703,17:25,17:20,True,3714.285714285714,0.7277307692307693,1.9071428571428595
2018-12-05,103.8,103.8,103.2,103.2,4100,17:25,17:20,True,3684.714285714286,1.1127049974799363,1.9357142857142873
2018-12-06,102.6,102.6,101.6,102.0,5153,17:25,17:20,True,3755.8571428571427,1.3719904149709026,1.9357142857142873
2018-12-07,100.0,101.0,100.0,101.0,3191,17:25,17:20,True,3900.9285714285716,0.818010363832787,1.9357142857142873
2018-12-10,102.0,102.0,101.4,101.4,1324,17:25,17:20,True,3841.214285714286,0.34468267103036615,2.050000000000001
2018-12-11,100.4,100.6,100.4,100.6,823,17:25,17:20,True,3561.4285714285716,0.23108704372242278,2.092857142857144
2018-12-12,102.2,102.4,102.0,102.4,1078,17:25,17:20,True,2823.9285714285716,0.3817377007714683,2.057142857142857
2018-12-13,103.8,105.4,103.8,105.2,2262,17:25,17:20,True,2684.214285714286,0.8427047020942547,2.2142857142857144
2018-12-14,105.6,105.6,105.0,105.0,595,17:25,17:20,True,2761.785714285714,0.2154403207034786,2.3000000000000003
2018-12-17,105.0,105.0,105.0,105.0,1226,17:25,17:20,True,2698.285714285714,0.45436255823803473,2.2285714285714286
2018-12-18,103.4,103.6,103.4,103.6,1686,17:25,17:20,True,2721.5,0.619511298916039,2.1857142857142864
2018-12-19,102.6,103.4,102.6,103.4,689,17:25,17:20,True,2615.5,0.2634295545784745,2.142857142857143
2018-12-20,103.6,103.6,102.4,102.4,2127,17:25,17:20,True,2607.3571428571427,0.8157685669670987,2.1571428571428584
2018-12-21,102.0,102.0,101.0,101.0,2904,17:25,17:20,True,2548.5,1.1394938198940554,2.2428571428571433
2018-12-27,98.0,98.0,97.5,98.0,9033,17:25,17:20,True,2132.9285714285716,4.235022269850306,2.4285714285714284
2018-12-28,99.5,100.0,99.3,100.0,4279,17:25,17:20,True,2585.0714285714284,1.6552734105164268,2.4785714285714286
2019-01-02,101.6,101.6,101.4,101.6,1853,17:25,17:20,True,2597.8571428571427,0.7132801759692055,2.5714285714285716
2019-01-03,105.0,105.0,103.0,104.0,1365,17:25,17:20,True,2362.1428571428573,0.577865134563048,2.664285714285714
2019-01-04,103.2,104.0,103.2,103.8,719,17:25,17:20,True,2231.714285714286,0.32217385738061705,2.607142857142857
2019-01-07,106.0,106.2,106.0,106.2,1174,17:25,17:20,True,2188.5,0.5364404843500115,2.6499999999999995
2019-01-08,105.6,105.6,105.2,105.2,2106,17:25,17:20,True,2213.5714285714284,0.951403678606002,2.6357142857142852
2019-01-09,105.8,105.8,105.2,105.2,962,17:25,17:20,True,2287.0,0.4206383909051159,2.5071428571428567
2019-01-10,105.0,105.2,104.8,105.0,14726,17:25,17:20,True,2194.1428571428573,6.711504655250993,2.421428571428571
2019-01-11,106.0,106.6,106.0,106.4,2288,17:25,17:20,True,3203.5,0.7142188231621663,2.4071428571428575
2019-01-14,106.6,106.6,106.2,106.2,3030,17:25,17:20,True,3279.3571428571427,0.9239615778353772,2.3500000000000005
2019-01-15,106.8,107.0,106.8,107.0,1644,17:25,17:20,True,3375.3571428571427,0.48705957041582904,2.2928571428571436
2019-01-16,104.8,106.2,104.8,104.8,651,17:25,17:20,True,3443.5714285714284,0.18904791537025514,2.3500000000000005
2019-01-17,107.0,107.0,105.8,106.6,1921,17:25,17:20,True,3338.1428571428573,0.5754696794624898,2.3785714285714294
2019-01-18,107.4,108.0,107.4,108.0,1763,17:25,17:20,True,3267.9285714285716,0.5394854757273065,2.2357142857142867
2019-01-21,107.8,107.8,107.2,107.6,2225,17:25,17:20,True,2748.6428571428573,0.8094903978586835,2.2000000000000006
2019-01-22,107.2,107.2,106.6,106.6,1568,17:25,17:20,True,2601.9285714285716,0.6026299173689845,2.0642857142857145
2019-01-23,107.2,107.2,106.8,106.8,872,17:25,17:15,True,2581.5714285714284,0.33777876155165737,1.8285714285714292
2019-01-25,107.0,107.8,107.0,107.4,6629,17:25,17:20,True,2546.3571428571427,2.6033268815394544,1.8000000000000003
2019-01-28,107.2,107.2,106.4,106.4,5196,17:25,17:20,True,2968.5,1.750378979282466,1.6857142857142864
2019-01-29,106.0,106.0,105.6,106.0,7974,17:25,17:20,True,3255.785714285714,2.449178385730897,1.6285714285714303
2019-01-30,104.8,106.0,104.8,105.2,395,17:25,17:20,True,3674.9285714285716,0.10748508231452505,1.6571428571428584
2019-01-31,105.4,106.4,105.4,106.4,3828,17:25,17:20,True,3634.4285714285716,1.053260485043827,1.7285714285714298
2019-02-01,104.6,105.0,104.6,105.0,2961,17:25,17:20,True,2856.0,1.036764705882353,1.8000000000000012
2019-02-04,105.6,106.0,105.6,106.0,4915,17:25,17:20,True,2904.0714285714284,1.6924514843692353,1.7857142857142867
2019-02-05,106.0,106.2,105.8,105.8,4915,17:25,17:20,True,3038.714285714286,1.6174603920831179,1.7857142857142867
2019-02-06,105.8,105.8,103.8,104.4,24985,17:25,17:20,True,3272.3571428571427,7.635169056817934,1.7428571428571433
2019-02-07,104.6,104.8,104.6,104.8,4165,17:25,17:20,True,5010.5,0.8312543658317533,2.0142857142857147
2019-02-08,104.0,104.0,103.8,103.8,2740,17:25,17:20,True,5170.785714285715,0.5299001257062341,2.028571428571429
2019-02-11,103.4,103.4,103.4,103.4,2489,17:25,17:20,True,5240.571428571428,0.4749482063024752,2.028571428571429
2019-02-12,104.4,104.6,104.0,104.6,5619,17:25,17:20,True,5259.428571428572,1.0683670143415906,2.0142857142857147
2019-02-13,105.4,105.8,105.4,105.8,1549,17:25,17:20,True,5548.785714285715,0.27916017661521825,2.028571428571429
2019-02-14,106.2,107.0,105.8,106.6,4253,17:25,17:20,True,5597.142857142857,0.7598519652884125,1.9857142857142864
2019-02-15,106.2,106.2,105.6,105.6,2105,17:25,17:20,True,5427.428571428572,0.387844809433565,2.0142857142857147
2019-02-18,108.0,108.0,107.0,107.0,14099,17:25,17:20,True,5206.642857142857,2.7078869027204258,2.0142857142857133
2019-02-19,108.6,108.6,108.2,108.2,3207,17:25,17:20,True,5644.142857142857,0.5681996507124959,2.0
2019-02-20,108.0,108.0,107.8,108.0,2206,17:25,17:20,True,5845.0,0.37741659538066724,2.0142857142857147
2019-02-21,106.8,107.0,106.8,107.0,4001,17:25,17:20,True,5729.142857142857,0.6983592659086376,1.971428571428571
2019-02-22,106.0,106.0,106.0,106.0,859,17:25,17:20,True,5803.428571428572,0.14801595116187474,2.028571428571428
2019-02-25,107.8,108.0,107.8,108.0,1338,17:25,17:20,True,5513.714285714285,0.24266763395170485,2.085714285714285
2019-02-26,107.2,107.8,107.2,107.8,3225,17:25,17:20,True,5258.214285714285,0.6133260884330639,2.0142857142857133
2019-02-27,108.6,108.6,108.6,108.6,1116,17:25,17:20,True,3703.9285714285716,0.3013017066820943,1.7285714285714278
2019-02-28,109.8,110.4,109.8,110.2,1531,17:25,17:15,True,3486.1428571428573,0.4391673154939966,1.6999999999999997
2019-03-01,108.8,109.4,108.8,109.4,2281,17:25,17:20,True,3399.785714285714,0.6709246381074437,1.7000000000000008
2019-03-04,109.0,109.8,109.0,109.8,2720,17:25,17:20,True,3384.9285714285716,0.8035620080609424,1.6714285714285728
2019-03-05,109.8,109.8,109.6,109.8,2130,17:25,17:20,True,3177.8571428571427,0.6702629804450438,1.7142857142857153
2019-03-06,109.2,109.2,108.0,108.0,14848,17:25,17:20,True,3219.3571428571427,4.6121009074571235,1.7428571428571433
2019-03-07,108.0,108.0,107.4,108.0,946,17:25,17:15,True,3976.1428571428573,0.2379190169942155,1.7285714285714298
2019-03-08,107.0,107.0,106.8,107.0,1232,17:25,17:20,True,3893.3571428571427,0.3164364210101455,1.7285714285714298
2019-03-11,109.2,109.2,107.6,108.0,14025,17:25,17:20,True,2974.285714285714,4.715417867435159,1.6999999999999997
2019-03-12,107.8,108.0,107.8,107.8,1445,17:25,17:20,True,3747.0,0.38564184681078195,1.6999999999999997
2019-03-13,106.6,107.0,106.6,107.0,4795,17:25,17:20,True,3692.6428571428573,1.2985279610035398,1.6714285714285708
2019-03-14,108.0,108.0,107.8,107.8,1489,17:25,17:20,True,3749.3571428571427,0.3971347469089939,1.6428571428571428
2019-03-15,107.0,107.0,106.4,106.4,1952,17:25,17:20,True,3794.3571428571427,0.5144481466839856,1.614285714285715
2019-03-18,107.0,107.8,107.0,107.6,2723,17:25,17:20,True,3838.214285714286,0.7094444961384573,1.642857142857144
2019-03-19,108.2,108.4,108.2,108.4,390,17:25,17:20,True,3802.3571428571427,0.10256795596716323,1.5714285714285734
2019-03-20,107.4,107.4,107.4,107.4,3254,17:25,17:20,True,3750.5,0.8676176509798693,1.5428571428571445
2019-03-21,107.2,107.2,107.2,107.2,581,17:25,17:20,True,3873.5714285714284,0.149990780011064,1.5142857142857156
2019-03-22,105.8,106.8,105.8,106.2,5996,17:25,17:20,True,3752.1428571428573,1.5980201789453645,1.6142857142857159
2019-03-25,105.8,106.0,105.2,105.2,707,17:25,17:15,True,3986.1428571428573,0.17736444109952335,1.6000000000000014
2019-03-26,105.8,105.8,105.8,105.8,1034,17:25,17:20,True,3884.5,0.26618612434032696,1.6571428571428595
2019-03-27,106.4,106.8,106.4,106.6,1023,17:25,17:20,True,2897.785714285714,0.35302817422169636,1.6571428571428584
2019-03-28,103.6,103.6,102.2,102.6,5170,17:25,17:20,True,2903.285714285714,1.7807410323279045,1.7000000000000008
2019-03-29,101.4,101.4,101.4,101.4,1791,17:25,17:20,True,3184.5714285714284,0.5623990669298403,2.1000000000000014
2019-04-01,100.2,100.6,100.2,100.6,2280,17:25,17:20,True,2310.714285714286,0.9867078825347758,2.0714285714285725
2019-04-02,100.4,101.0,100.4,101.0,781,17:25,17:20,True,2370.3571428571427,0.3294862136507458,2.064285714285716
2019-04-03,102.6,104.0,102.6,103.8,3907,17:25,17:20,True,2083.6428571428573,1.8750814164752663,2.1785714285714297
2019-04-04,104.2,104.2,104.0,104.2,523,17:25,17:20,True,2256.3571428571427,0.23178954699420687,2.192857142857144
2019-04-05,105.6,105.8,105.6,105.6,3884,17:25,17:20,True,2154.285714285714,1.8029177718832892,2.27857142857143
2019-04-08,104.8,105.0,104.6,104.6,5929,17:25,17:20,True,2237.214285714286,2.6501708119153284,2.278571428571429
2019-04-09,103.2,103.4,103.2,103.4,3294,17:25,17:20,True,2632.8571428571427,1.251112316874661,2.335714285714286
2019-04-10,104.0,104.2,104.0,104.2,2414,17:25,17:20,True,2635.714285714286,0.915880758807588,2.3214285714285716
2019-04-11,104.0,104.4,104.0,104.2,1620,17:25,17:20,True,2766.6428571428573,0.5855472078072961,2.2071428571428564
2019-04-12,104.4,105.0,104.4,104.4,4106,17:25,17:20,True,2454.0714285714284,1.673137934045464,2.1785714285714284
2019-04-15,105.0,105.0,105.0,105.0,1250,17:25,17:20,True,2696.8571428571427,0.463502489670516,2.1357142857142852
2019-04-16,105.0,105.6,105.0,105.6,1092,17:25,17:20,True,2712.285714285714,0.4026124512798905,2.1214285714285714
2019-04-17,104.8,104.8,103.6,104.2,11839,17:25,17:20,True,2717.214285714286,4.357035829762625,2.092857142857144
2019-04-23,104.2,104.4,104.2,104.4,2851,17:25,17:20,True,3193.5714285714284,0.8927309326772535,1.807142857142858
2019-04-24,105.0,105.0,104.6,104.6,2806,17:25,17:20,True,3269.285714285714,0.8582914572864322,1.7928571428571445
2019-04-25,104.6,104.6,104.0,104.2,1632,17:25,17:20,True,3306.8571428571427,0.4935199585277346,1.7714285714285734
2019-04-26,104.4,104.4,104.2,104.2,1289,17:25,17:15,True,3367.6428571428573,0.3827603028824739,1.6428571428571448
2019-04-29,104.4,104.6,104.0,104.0,4375,17:25,17:20,True,3180.6428571428573,1.3755080958476498,1.6142857142857159
2019-05-02,103.4,104.0,103.2,104.0,6847,17:25,17:15,True,3455.785714285714,1.9813149790206899,1.52857142857143
2019-05-03,103.8,104.2,103.8,104.0,3022,17:25,17:20,True,3667.4285714285716,0.8240105952009972,1.5428571428571445
2019-05-06,104.0,104.0,103.4,103.4,8263,17:25,17:20,True,3459.785714285714,2.3882982017878893,1.4571428571428586
2019-05-07,104.0,104.0,104.0,104.0,1883,17:25,17:20,True,3814.714285714286,0.49361494963112756,1.5428571428571445
2019-05-08,101.4,101.4,101.2,101.2,2335,17:25,17:20,True,3776.785714285714,0.6182505910165484,1.671428571428574
2019-05-09,101.6,101.6,101.0,101.0,1503,17:25,17:20,True,3827.8571428571427,0.3926478820675499,1.6428571428571448
2019-05-10,100.8,101.0,100.8,101.0,4974,17:25,17:20,True,3641.9285714285716,1.3657598995822464,1.6571428571428595
2019-05-13,100.4,100.8,100.4,100.8,1996,17:25,17:20,True,3907.9285714285716,0.5107565206265651,1.6857142857142873
2019-05-14,100.6,100.8,100.6,100.8,1065,17:25,17:20,True,3972.5,0.2680931403398364,1.6285714285714303
2019-05-15,101.8,101.8,101.0,101.2,1755,17:25,17:20,True,3202.9285714285716,0.5479360406770589,1.471428571428573
2019-05-16,100.8,100.8,100.8,100.8,3825,17:25,17:20,True,3124.6428571428573,1.2241399017030516,1.471428571428572
2019-05-17,102.0,102.0,101.6,101.6,1802,17:25,17:20,True,3197.4285714285716,0.5635778750781878,1.4857142857142855
2019-05-20,100.4,100.8,100.4,100.8,4033,17:25,17:20,True,3209.5714285714284,1.256554057061468,1.528571428571428
2019-05-21,100.2,100.8,100.2,100.8,3081,17:25,17:20,True,3405.5714285714284,0.9046939888418138,1.528571428571428
2019-05-22,100.2,100.6,100.2,100.6,920,17:25,17:20,True,3313.1428571428573,0.27768195929630907,1.5142857142857136
2019-05-23,99.2,99.2,99.0,99.2,1613,17:25,17:20,True,2889.785714285714,0.5581728749042193,1.5357142857142847
2019-05-24,98.0,98.0,97.7,97.9,6334,17:25,17:20,True,2789.1428571428573,2.2709485761114525,1.6142857142857139
2019-05-27,99.0,99.0,98.1,98.2,3869,17:25,17:20,True,2651.3571428571427,1.4592526738328082,1.5071428571428567
2019-05-28,97.1,97.3,97.1,97.3,1677,17:25,17:20,True,2793.214285714286,0.6003835826620637,1.4571428571428566
2019-05-31,96.0,96.0,95.3,95.3,12285,17:25,17:20,True,2746.214285714286,4.4734309569017086,1.5142857142857136
2019-06-03,94.3,94.3,94.0,94.0,4688,17:25,17:20,True,3516.3571428571427,1.3331979117999553,1.5642857142857136
2019-06-04,93.6,94.1,93.6,94.0,2639,17:25,17:20,True,3495.9285714285716,0.7548781235314549,1.5714285714285714
2019-06-05,95.2,95.2,94.8,94.8,1433,17:25,17:20,True,3541.8571428571427,0.4045900052434155,1.6428571428571428
2019-06-07,94.7,94.7,94.2,94.2,3590,17:25,17:20,True,3568.1428571428573,1.0061256355847379,1.7285714285714289
2019-06-10,94.5,94.5,94.4,94.5,2714,17:25,17:20,True,3699.214285714286,0.7336693120160652,1.7071428571428575
2019-06-11,95.6,95.6,95.3,95.4,472,17:25,17:20,True,3619.8571428571427,0.1303918860254943,1.6928571428571442
2019-06-12,95.2,95.3,95.2,95.2,2043,17:25,17:20,True,3524.8571428571427,0.579597957364027,1.6142857142857159
2019-06-13,95.2,95.2,95.1,95.1,642,17:25,17:20,True,3382.714285714286,0.18978842011909286,1.5928571428571447
2019-06-14,95.2,95.2,95.0,95.0,674,17:25,17:20,True,3208.5,0.21006700950599969,1.6071428571428592
2019-06-17,94.1,94.5,94.1,94.5,10383,17:25,17:20,True,3190.9285714285716,3.2539117587804713,1.5500000000000023
2019-06-18,95.3,95.3,94.7,95.0,11003,17:25,17:15,True,3817.3571428571427,2.8823606459218234,1.4857142857142875
2019-06-19,95.0,95.0,94.7,95.0,3632,17:25,17:20,True,4150.857142857143,0.875,1.471428571428573
2019-06-20,95.9,96.4,95.7,96.4,2377,17:25,17:20,True,4133.928571428572,0.5749978401727862,1.4214285714285728
2019-06-24,94.8,95.0,94.6,94.6,3239,17:25,17:20,True,4183.928571428572,0.7741527955612463,1.4000000000000017
2019-06-25,95.3,95.3,94.3,94.3,2039,17:25,17:20,True,3537.785714285714,0.5763492095539987,1.3357142857142879
2019-06-26,94.7,94.7,94.4,94.6,1685,17:25,17:20,True,3348.5714285714284,0.5031996587030717,1.3285714285714303
2019-06-27,95.0,95.4,95.0,95.4,850,17:25,17:20,True,3280.4285714285716,0.2591124853024431,1.27857142857143
2019-06-28,95.0,95.0,94.9,94.9,1262,17:25,17:20,True,3238.785714285714,0.38965220651478727,1.2142857142857153
2019-07-01,95.4,96.0,95.2,95.8,2533,17:25,17:20,True,3072.5,0.8244100895036615,1.1714285714285728
2019-07-02,95.9,95.9,95.4,95.4,2134,17:25,17:20,True,3059.5714285714284,0.6974833076527992,1.2071428571428586
2019-07-03,95.4,95.4,95.1,95.1,2843,17:25,17:20,True,3178.285714285714,0.8945073714491191,1.2571428571428587
2019-07-04,95.6,96.0,95.6,95.7,2073,17:25,17:20,True,3235.4285714285716,0.640718827269516,1.2714285714285722
2019-07-05,97.3,98.0,97.3,98.0,569,17:25,17:20,True,3337.6428571428573,0.17047959423887687,1.3214285714285725
2019-07-08,99.4,99.4,99.4,99.4,1947,17:25,17:20,True,3330.1428571428573,0.5846596027626442,1.4000000000000017
2019-07-09,99.9,100.0,99.5,99.7,2315,17:25,17:20,True,2727.5714285714284,0.8487403760540513,1.4000000000000017
2019-07-10,99.5,99.7,99.4,99.7,346,17:25,17:20,True,2107.0,0.16421452301850972,1.4285714285714306
2019-07-11,99.5,99.7,99.2,99.2,2370,17:25,17:20,True,1872.2857142857142,1.2658324431558066,1.4142857142857161
2019-07-12,99.5,99.5,99.5,99.5,162,17:25,17:20,True,1871.7857142857142,0.08654836863194047,1.4285714285714306
2019-07-15,99.6,100.0,99.6,100.0,2992,17:25,17:20,True,1652.0,1.811138014527845,1.4214285714285728
2019-07-16,100.4,100.4,100.4,100.4,4500,17:25,17:20,True,1720.0714285714287,2.616170424816245,1.3928571428571448
2019-07-17,98.1,98.1,97.0,97.3,9038,17:25,17:20,True,1921.142857142857,4.704491374182035,1.3785714285714303
2019-07-18,95.0,95.2,94.7,94.8,7262,17:25,17:20,True,2506.0,2.8978451715881883,1.7000000000000017
2019-07-19,95.3,95.4,95.3,95.4,38,17:25,17:20,True,2934.5714285714284,0.012949079933794178,1.77857142857143
2019-07-22,96.0,96.3,95.9,95.9,11042,17:25,17:20,True,2756.3571428571427,4.006012075980202,1.7142857142857153
2019-07-23,94.9,95.0,94.4,94.4,4351,17:25,17:20,True,3392.6428571428573,1.2824809987999242,1.7642857142857145
2019-07-24,95.2,95.4,94.3,94.3,2770,17:25,17:20,True,3500.3571428571427,0.791347821650852,1.778571428571429
2019-07-25,93.5,94.0,93.4,93.7,2252,17:25,17:20,True,3550.1428571428573,0.6343406703955575,1.807142857142858
2019-07-26,93.3,93.4,93.0,93.1,5203,17:25,17:20,True,3670.3571428571427,1.4175732217573223,1.7428571428571433
2019-07-30,93.1,93.3,93.0,93.0,1218,17:25,17:20,True,3902.9285714285716,0.3120733515126004,1.7285714285714289
2019-07-31,92.1,92.1,92.0,92.1,3531,17:25,17:20,True,3824.5714285714284,0.9232406992380099,1.7714285714285702
2019-08-01,92.1,92.4,92.0,92.4,2279,17:25,17:20,True,4052.0714285714284,0.5624283875971725,1.7571428571428558
2019-08-02,92.1,92.1,91.4,91.6,8130,17:25,17:20,True,4045.5714285714284,2.0096048589286344,1.7357142857142844
2019-08-05,91.7,91.8,91.1,91.8,6635,17:25,17:20,True,4614.714285714285,1.4377921555273505,1.7428571428571422
2019-08-06,89.9,89.9,89.5,89.8,3479,17:25,17:20,True,4874.928571428572,0.7136514820729973,1.828571428571428
2019-08-07,89.3,89.6,89.0,89.5,8304,17:25,17:20,True,4802.0,1.7292794668887963,1.8357142857142859
2019-08-08,90.8,90.8,90.8,90.8,854,17:25,17:20,True,4749.571428571428,0.1798056967545944,1.5428571428571434
2019-08-09,91.2,91.2,90.6,90.8,2389,17:25,17:20,True,4291.857142857143,0.5566354891322437,1.528571428571429
2019-08-12,90.9,91.5,90.7,91.5,4528,17:25,17:20,True,4459.785714285715,1.0152954177811233,1.557142857142858
2019-08-13,90.3,90.4,89.8,90.0,3786,17:25,17:20,True,3994.5,0.9478032294404807,1.500000000000001
2019-08-14,90.0,90.0,89.3,89.3,2102,17:25,17:20,True,3954.1428571428573,0.5315943495068464,1.5214285714285722
2019-08-15,87.5,87.9,87.4,87.9,19569,17:25,17:20,True,3906.4285714285716,5.0094349972572685,1.5428571428571425
2019-08-16,88.1,88.1,88.1,88.1,1462,17:25,17:20,True,5143.357142857143,0.2842501423472718,1.5428571428571425
2019-08-19,90.3,91.2,89.7,91.1,24133,17:25,17:20,True,4876.142857142857,4.949198722643776,1.6285714285714283
2019-08-20,90.5,90.5,89.8,90.3,2733,17:25,17:20,True,6512.928571428572,0.419626895954201,1.6428571428571428
2019-08-21,89.4,89.8,89.4,89.8,2134,17:25,17:20,True,6455.928571428572,0.33054888640562935,1.671428571428572
2019-08-22,89.4,89.4,89.4,89.4,701,17:25,17:20,True,6445.571428571428,0.10875684301513774,1.635714285714285
2019-08-23,90.0,90.1,90.0,90.1,1049,17:25,17:20,True,5914.928571428572,0.17734787281575673,1.5999999999999983
2019-08-26,88.5,88.5,88.0,88.3,2624,17:25,17:20,True,5515.928571428572,0.47571319425559744,1.5857142857142839
2019-08-27,88.4,89.1,88.1,88.1,2571,17:25,17:20,True,5454.857142857143,0.4713230672532998,1.5642857142857127
2019-08-28,88.6,88.8,88.3,88.8,1463,17:25,17:20,True,5045.357142857143,0.289969561831953,1.557142857142855
2019-08-29,88.3,88.8,88.3,88.6,6779,17:25,17:20,True,5088.857142857143,1.332126214137331,1.5214285714285691
2019-08-30,89.9,90.0,89.7,89.7,2676,17:25,17:20,True,5402.428571428572,0.49533278684189647,1.557142857142855
2019-09-02,90.6,90.6,90.0,90.5,3120,17:25,17:20,True,5270.142857142857,0.592014312433927,1.5714285714285694
2019-09-03,89.8,89.8,89.3,89.3,5164,17:25,17:20,True,5222.571428571428,0.9887849444717982,1.5571428571428558
2019-09-04,89.9,90.5,89.5,89.7,3677,17:25,17:20,True,5441.285714285715,0.6757594056026673,1.4642857142857133
2019-09-05,89.7,90.1,89.7,90.1,1140,17:25,17:20,True,4306.142857142857,0.26473808181003883,1.499999999999999
2019-09-06,91.7,92.0,91.7,92.0,1909,17:25,17:20,True,4283.142857142857,0.4457007537856047,1.5214285714285702
2019-09-09,91.9,92.1,91.6,91.6,1915,17:25,17:20,True,2695.714285714286,0.710386857445681,1.4571428571428566
2019-09-10,94.5,94.6,94.4,94.6,1281,17:25,17:20,True,2637.285714285714,0.48572666702778833,1.5999999999999994
2019-09-11,95.9,96.8,95.7,95.7,4185,17:25,17:20,True,2576.3571428571427,1.6243865923646346,1.6714285714285708
2019-09-12,96.0,96.6,96.0,96.2,5345,17:25,17:20,True,2825.214285714286,1.8918918918918919,1.7071428571428566
2019-09-13,96.9,96.9,96.5,96.5,2114,17:25,17:20,True,3132.0714285714284,0.6749526785103424,1.6857142857142853
2019-09-16,96.2,96.2,95.7,95.7,5629,17:25,17:15,True,3095.6428571428573,1.8183622141719928,1.6999999999999997
2019-09-17,95.7,95.7,95.4,95.4,3399,17:25,17:20,True,3314.0714285714284,1.02562665689592,1.6500000000000006
2019-09-18,93.9,94.2,93.9,93.9,519,17:25,17:20,True,3452.3571428571427,0.15033207125566383,1.7357142857142864
2019-09-19,93.1,93.6,93.1,93.6,2495,17:25,17:20,True,3005.214285714286,0.8302236588786157,1.6928571428571442
2019-09-20,94.2,94.2,94.0,94.1,4166,17:25,17:20,True,2992.285714285714,1.392246729685859,1.6857142857142873
2019-09-23,93.9,93.9,93.8,93.8,3644,17:25,17:20,True,3067.0,1.1881317248125203,1.6357142857142872
2019-09-24,91.5,92.3,91.5,91.9,6271,17:25,17:20,True,2958.4285714285716,2.119706407842001,1.7714285714285722
2019-09-25,90.1,90.2,89.6,90.1,6639,17:25,17:20,True,3143.714285714286,2.111833136417341,1.7857142857142867
2019-09-26,90.0,90.4,90.0,90.4,1452,17:25,17:20,True,3536.5,0.4105754276827372,1.7285714285714298
2019-09-27,91.9,92.3,91.5,92.0,9856,17:25,17:20,True,3503.8571428571427,2.8129000693113713,1.7285714285714298
2019-09-30,93.0,93.2,92.7,93.2,6287,17:25,17:20,True,4071.0714285714284,1.544310904465304,1.7285714285714298
2019-10-01,93.2,93.2,92.8,92.8,1921,17:25,17:20,True,4428.642857142857,0.43376719730326935,1.7071428571428595
2019-10-02,92.5,92.8,92.5,92.7,2406,17:25,17:20,True,4266.928571428572,0.5638716373436898,1.6928571428571462
2019-10-03,90.1,90.3,90.1,90.3,4525,17:25,17:20,True,4057.0,1.115356174513187,1.7357142857142887
2019-10-04,90.2,90.2,89.8,89.8,5072,17:25,17:20,True,4229.214285714285,1.1992771369217519,1.778571428571431
2019-10-07,90.2,90.9,90.2,90.9,3721,17:25,17:20,True,4189.428571428572,0.8881879560799291,1.8000000000000023
2019-10-08,91.3,91.7,91.2,91.7,6659,17:25,17:20,True,4212.428571428572,1.5807983179028047,1.7285714285714309
2019-10-09,90.1,90.3,90.1,90.2,633,17:25,17:20,True,4651.0,0.1360997634917222,1.77857142857143
2019-10-10,90.6,91.0,90.6,91.0,1704,17:25,17:20,True,4518.0,0.37715803452855245,1.7714285714285734
2019-10-11,92.0,92.9,92.0,92.9,2499,17:25,17:20,True,4342.142857142857,0.5755222898503044,1.8428571428571447
2019-10-14,93.0,93.4,92.9,93.2,3869,17:25,17:20,True,4260.357142857143,0.9081398273115936,1.8142857142857167
2019-10-15,92.9,93.9,92.9,93.8,2926,17:25,17:20,True,4088.785714285714,0.7156158831647538,1.7928571428571456
2019-10-16,94.0,94.4,94.0,94.2,2216,17:25,17:20,True,3823.5714285714284,0.579562861946572,1.7857142857142878
2019-10-17,94.1,94.6,94.1,94.6,6521,17:25,17:20,True,3878.1428571428573,1.6814749327734186,1.7928571428571445
2019-10-18,94.4,94.4,94.2,94.2,1460,17:25,17:20,True,3639.9285714285716,0.40110677211091267,1.6500000000000017
2019-10-21,94.1,94.7,94.1,94.4,3057,17:25,17:15,True,3295.1428571428573,0.927729125119223,1.6142857142857159
2019-10-22,95.4,95.5,95.1,95.4,2797,17:25,17:20,True,3376.285714285714,0.8284251502073284,1.5928571428571436
2019-10-23,96.5,98.0,96.5,98.0,13162,17:25,17:20,True,3404.214285714286,3.8663841037369644,1.5928571428571436
2019-10-24,96.0,96.9,95.9,96.9,6531,17:25,17:20,True,4021.1428571428573,1.6241651271848798,1.8428571428571436
2019-10-25,98.0,98.3,97.8,97.8,3463,17:25,17:15,True,4125.357142857143,0.8394424725132023,1.9928571428571433
2019-10-28,99.5,99.7,98.9,99.6,14615,17:25,17:20,True,4106.928571428572,3.5586204497625964,1.9642857142857153
2019-10-29,99.2,99.2,98.3,98.3,3396,17:25,17:15,True,4675.214285714285,0.7263838173956886,1.9000000000000017
2019-10-30,98.9,99.1,98.9,99.0,7132,17:25,17:20,True,4872.571428571428,1.463703529963645,1.942857142857143
2019-10-31,98.1,98.1,97.4,97.4,3218,17:25,17:20,True,5260.285714285715,0.6117538428113627,1.971428571428571
2019-11-04,97.7,97.7,96.9,96.9,13496,17:25,17:20,True,5311.642857142857,2.540833479015102,1.8999999999999997
2019-11-05,97.0,97.1,96.5,96.5,2359,17:25,17:20,True,5999.285714285715,0.39321347779497556,1.8428571428571427
2019-11-06,97.2,97.5,97.2,97.3,2163,17:25,17:20,True,5958.785714285715,0.36299341908106875,1.8285714285714292
2019-11-07,97.0,97.0,97.0,97.0,198,17:25,17:20,True,5955.0,0.03324937027707808,1.8714285714285726
2019-11-08,97.7,97.7,96.6,96.6,5774,17:25,17:20,True,5503.357142857143,1.0491777746051112,1.8785714285714294
2019-11-11,96.3,96.3,95.8,96.3,5264,17:25,17:20,True,5811.5,0.9057902434827497,1.9071428571428573
2019-11-12,96.6,96.8,96.5,96.7,3117,17:25,17:20,True,5969.142857142857,0.522185525560023,1.9071428571428573
2019-11-13,97.5,97.5,97.0,97.0,1920,17:25,17:20,True,5992.0,0.3204272363150868,1.7928571428571434
2019-11-14,96.7,96.7,96.1,96.1,3004,17:25,17:20,True,5189.0,0.5789169396800925,1.557142857142858
2019-11-15,96.0,96.2,96.0,96.2,3431,17:25,17:20,True,4937.071428571428,0.6949463967939351,1.4357142857142873
2019-11-18,97.0,97.4,97.0,97.2,2363,17:25,17:20,True,4934.785714285715,0.4788455136277447,1.471428571428572
2019-11-19,96.0,96.4,95.9,96.0,503,17:25,17:20,True,4059.6428571428573,0.12390252485264361,1.5857142857142859
2019-11-20,95.7,95.7,95.0,95.1,6776,17:25,17:20,True,3853.0,1.758629639242149,1.5785714285714303
2019-11-21,94.6,94.6,94.4,94.4,2145,17:25,17:15,True,3827.5714285714284,0.5604075691411936,1.5857142857142879
2019-11-22,95.3,95.3,95.2,95.2,942,17:25,17:20,True,3750.9285714285716,0.25113781349380154,1.5357142857142878
2019-11-25,95.9,96.0,95.9,96.0,784,17:25,17:20,True,2854.214285714286,0.274681548587302,1.5142857142857156
2019-11-26,96.0,96.1,95.6,95.6,2583,17:25,17:20,True,2741.714285714286,0.9421112963734889,1.4857142857142864
2019-11-27,95.0,95.5,94.8,95.5,2507,17:25,17:20,True,2771.714285714286,0.9044943820224719,1.4642857142857142
2019-11-28,95.4,95.4,95.2,95.3,3380,17:25,17:20,True,2936.6428571428573,1.1509741444312018,1.4357142857142864
2019-11-29,94.4,94.4,94.2,94.2,386,17:25,17:15,True,2765.6428571428573,0.13956972029236292,1.4285714285714295
2019-12-02,94.9,95.3,94.9,95.3,4088,17:25,17:20,True,2417.214285714286,1.691202978635383,1.4285714285714295
2019-12-03,93.8,94.3,93.8,93.8,1752,17:25,17:20,True,2486.5714285714284,0.7045846259910377,1.528571428571429
2019-12-04,92.5,92.8,92.5,92.8,2656,17:25,17:20,True,2474.5714285714284,1.0733171689181389,1.528571428571428
2019-12-05,92.5,92.5,92.4,92.5,7207,17:25,17:20,True,2449.714285714286,2.94197574061115,1.528571428571427
2019-12-06,93.7,93.7,93.2,93.2,1805,17:25,17:20,True,2719.4285714285716,0.6637423828535406,1.5071428571428558
2019-12-09,93.6,93.6,93.6,93.6,2433,17:25,17:20,True,2679.5714285714284,0.9079810204190436,1.4357142857142844
2019-12-10,94.4,94.5,94.3,94.5,1677,17:25,17:20,True,2817.4285714285716,0.5952236081533313,1.39285714285714
2019-12-11,95.2,95.5,95.2,95.3,2037,17:25,17:20,True,2453.214285714286,0.8303392051244722,1.3428571428571396
2019-12-12,96.4,96.4,96.4,96.4,876,17:25,17:20,True,2445.5,0.3582089552238806,1.3714285714285686
2019-12-13,99.4,100.4,99.4,100.0,20135,17:25,17:20,True,2440.785714285714,8.249392759942642,1.5071428571428547
2019-12-16,101.0,101.2,100.8,100.8,9879,17:25,17:20,True,3823.0,2.584096259482082,1.6785714285714266
2019-12-17,100.8,100.8,100.6,100.6,2680,17:25,17:20,True,4344.142857142857,0.6169226215922918,1.692857142857142
2019-12-18,102.0,102.2,101.8,102.2,2236,17:25,17:20,True,4356.5,0.513256054171927,1.7714285714285702
2019-12-19,101.2,101.6,101.2,101.6,2720,17:25,17:20,True,4274.785714285715,0.6362892041372165,1.8428571428571416
2019-12-20,101.2,101.4,101.2,101.4,2565,17:25,17:20,True,4441.5,0.5775075987841946,1.8214285714285705
2019-12-23,103.0,103.2,102.6,103.0,6994,17:25,17:20,True,4332.714285714285,1.6142306043720533,1.8999999999999986
2019-12-27,105.0,105.0,104.4,104.8,3876,17:25,17:20,True,4707.142857142857,0.8234294385432473,1.9357142857142853
2019-12-30,103.6,104.0,103.6,104.0,5854,17:25,17:20,True,4794.285714285715,1.22103694874851,1.9785714285714289
2020-01-02,103.8,104.8,103.8,104.8,5287,17:25,17:20,True,4697.642857142857,1.1254580564720909,1.9571428571428575
2020-01-03,105.6,105.6,105.0,105.4,6389,17:25,17:20,True,4946.357142857143,1.2916576412655778,2.078571428571429
2020-01-07,105.0,106.0,105.0,105.8,12990,17:25,17:20,True,5228.928571428572,2.484256539853835,2.07857142857143
2020-01-08,105.2,105.2,104.0,104.4,6429,17:25,17:20,True,6037.0,1.064932913698857,2.0714285714285734
2020-01-09,105.6,106.2,105.6,106.2,1675,17:25,17:20,True,6350.714285714285,0.2637498594083905,2.0928571428571447
2020-01-10,106.6,106.6,106.0,106.0,11842,17:25,17:20,True,6407.785714285715,1.8480642967818166,1.971428571428573
2020-01-13,105.6,105.6,105.4,105.4,3644,17:25,17:20,True,5815.428571428572,0.6266090203399823,1.8714285714285726
2020-01-14,104.2,104.2,104.0,104.0,2988,17:25,17:15,True,5370.071428571428,0.5564171798725742,1.9142857142857141
2020-01-15,102.6,102.6,101.8,102.0,11285,17:25,17:20,True,5392.071428571428,2.0928877054935158,1.9285714285714286
2020-01-16,99.8,100.4,99.8,100.4,1829,17:25,17:20,True,6038.428571428572,0.30289337339421324,1.999999999999999
2020-01-17,101.0,102.0,101.0,101.4,5029,17:25,17:20,True,5974.785714285715,0.84170382679594,2.028571428571428
2020-01-20,102.0,102.6,102.0,102.2,8919,17:25,17:20,True,6150.785714285715,1.4500586452369615,1.9000000000000006
2020-01-21,101.8,101.8,101.2,101.4,3064,17:25,17:20,True,6288.285714285715,0.4872552137761824,1.828571428571428
2020-01-22,101.8,102.0,101.8,102.0,2916,17:25,17:20,True,6230.285714285715,0.4680363202788223,1.7714285714285711
2020-01-23,101.2,101.2,100.6,100.6,7116,17:25,17:20,True,6020.428571428572,1.1819756543198159,1.7999999999999992
2020-01-24,100.6,101.4,100.6,101.0,2682,17:25,17:15,True,6151.071428571428,0.43602159902456017,1.7285714285714278
2020-01-27,100.4,100.6,99.8,99.8,15482,17:25,17:20,True,5886.285714285715,2.6301815357732257,1.778571428571428
2020-01-28,98.4,99.2,98.4,99.0,2650,17:25,17:20,True,6064.285714285715,0.4369846878680801,1.8428571428571416
2020-01-29,102.6,102.6,101.6,102.0,3557,17:25,17:20,True,5794.357142857143,0.6138731031422197,1.9571428571428555
2020-01-30,100.4,100.4,100.0,100.2,2482,17:25,17:20,True,5928.785714285715,0.418635471007072,2.0142857142857125
2020-01-31,101.0,101.6,101.0,101.4,3262,17:25,17:20,True,5260.214285714285,0.6201268280759883,1.9642857142857122
2020-02-03,100.8,101.4,100.6,100.8,6168,17:25,17:20,True,5232.928571428572,1.1786898895728968,1.9499999999999988
2020-02-04,101.6,102.0,101.6,102.0,4192,17:25,17:20,True,5460.071428571428,0.7677555238680813,1.8928571428571408
2020-02-05,107.6,109.6,107.4,107.6,78887,17:25,17:20,True,4953.428571428572,15.925736863355828,1.778571428571427
2020-02-06,109.0,110.0,108.8,109.8,22619,17:25,17:20,True,10457.57142857143,2.162930480991216,2.164285714285712
2020-02-07,112.2,112.2,111.4,111.4,5851,17:25,17:20,True,11714.0,0.49948779238518015,2.3214285714285685
2020-02-10,114.0,114.6,113.8,114.6,7712,17:25,17:20,True,11494.857142857143,0.670908729369656,2.4214285714285686
2020-02-11,115.8,116.0,115.6,115.8,11763,17:25,17:20,True,11826.857142857143,0.9946006667632991,2.49285714285714
2020-02-12,115.6,115.6,115.2,115.2,3479,17:25,17:20,True,12458.785714285714,0.2792406964677824,2.507142857142855
2020-02-13,114.8,114.8,114.4,114.8,5919,17:25,17:20,True,12199.0,0.4852037052217395,2.4071428571428544
2020-02-14,113.0,114.0,113.0,113.8,2741,17:25,17:20,True,12430.214285714286,0.22051108186848864,2.414285714285711
2020-02-17,113.0,113.2,112.8,113.2,3776,17:25,17:20,True,11520.142857142857,0.3277737131235972,2.3642857142857108
2020-02-18,114.8,114.8,112.8,113.2,5378,17:25,17:20,True,11600.57142857143,0.46359785232254563,2.221428571428569
2020-02-19,113.8,114.2,113.6,114.0,4598,17:25,17:20,True,11730.642857142857,0.39196487831016447,2.2357142857142835
2020-02-20,116.0,117.0,115.8,117.0,6568,17:25,17:20,True,11881.785714285714,0.5527788632059876,2.299999999999998
2020-02-21,116.0,116.0,115.6,115.6,4952,17:25,17:20,True,12117.92857142857,0.408650700555847,2.3142857142857127
2020-02-24,112.0,112.2,111.0,112.0,9338,17:25,17:20,True,12031.07142857143,0.7761569745005491,2.3428571428571416
2020-02-25,110.2,111.0,110.2,110.8,5542,17:25,17:20,True,12398.642857142857,0.4469844049751989,2.5714285714285703
2020-02-26,106.0,106.6,105.4,105.8,11106,17:25,17:20,True,7159.714285714285,1.5511792170477674,2.3571428571428563
2020-02-27,105.2,106.8,105.2,106.2,5413,17:25,17:20,True,6337.357142857143,0.8541415416521082,2.4857142857142853
2020-02-28,101.0,101.2,100.6,101.2,15562,17:25,17:20,True,6306.071428571428,2.467780483660871,2.6714285714285717
2020-03-02,101.8,103.0,101.4,101.4,16099,17:25,17:20,True,6866.785714285715,2.34447391688771,2.9071428571428575
2020-03-03,103.6,104.0,103.4,103.6,7756,17:25,17:20,True,7176.5,1.0807496690587333,3.0857142857142867
2020-03-04,102.0,103.0,101.8,102.4,16393,17:25,17:20,True,7482.0,2.190991713445603,3.271428571428573
2020-03-05,105.0,105.0,103.8,103.8,2241,17:25,17:20,True,8230.142857142857,0.2722917498394404,3.357142857142858
2020-03-06,101.0,101.2,100.6,101.0,7408,17:25,17:20,True,8194.42857142857,0.9040288697895784,3.52857142857143
2020-03-09,95.8,95.9,94.2,94.8,10603,17:25,17:20,True,8453.857142857143,1.2542203896784223,3.6142857142857148
2020-03-10,96.3,97.6,96.3,97.0,12110,17:25,17:20,True,8827.07142857143,1.3719159404105874,3.942857142857143
2020-03-11,95.4,95.4,95.4,95.4,1702,17:25,17:20,True,9363.642857142857,0.18176686423934518,4.192857142857143
2020-03-12,89.1,89.9,88.9,89.8,13599,17:25,17:20,True,9016.07142857143,1.5083065953654187,4.357142857142857
2020-03-13,84.9,87.6,84.9,87.3,15536,17:25,17:20,True,9633.714285714286,1.612669790616288,4.8571428571428585
2020-03-16,81.4,82.0,80.6,81.0,23660,17:25,17:20,True,10076.42857142857,2.348054157510456,5.000000000000001
2020-03-17,84.1,86.7,84.1,86.7,8827,17:25,17:20,True,11370.57142857143,0.7763022338367213,5.214285714285715
2020-03-18,89.5,89.5,86.0,86.0,14282,17:25,17:20,True,11207.785714285714,1.2742927429274293,5.335714285714286
2020-03-19,87.1,88.9,87.1,87.8,7387,17:25,17:20,True,11841.285714285714,0.6238342844044446,5.364285714285714
2020-03-20,96.0,98.0,96.0,97.1,9523,17:25,17:20,True,11257.357142857143,0.8459356738133157,5.528571428571429
2020-03-23,87.0,89.3,86.0,87.4,13936,17:25,17:20,True,10787.642857142857,1.2918484774245664,5.678571428571429
2020-03-24,93.7,94.9,90.9,91.5,8189,17:25,17:20,True,11229.07142857143,0.7292677806967882,5.935714285714285
2020-03-25,91.4,92.3,91.0,92.3,12934,17:25,17:20,True,10643.07142857143,1.2152506996503425,6.17857142857143
2020-03-26,92.7,92.7,90.9,92.4,6488,17:25,17:20,True,11406.857142857143,0.5687806832982667,6.307142857142858
2020-03-27,91.8,92.0,91.8,92.0,2761,17:25,17:20,True,11341.142857142857,0.24344989167128533,6.385714285714287
2020-03-30,90.1,90.1,88.0,88.0,11031,17:25,17:20,True,10781.0,1.0231889435117336,6.207142857142858
2020-03-31,89.5,89.8,88.7,89.3,3185,17:25,17:20,True,10703.92857142857,0.29755430249240933,6.092857142857143
2020-04-01,89.6,89.6,88.5,88.9,4302,17:25,17:20,True,10809.857142857143,0.39797010664869364,6.085714285714286
2020-04-02,89.0,89.4,89.0,89.3,2675,17:25,17:20,True,10145.785714285714,0.26365626826057265,5.664285714285714
2020-04-03,86.5,86.8,85.8,86.8,6815,17:25,17:20,True,9227.142857142857,0.7385818238117355,5.578571428571429
2020-04-06,88.8,88.9,88.0,88.1,9486,17:25,17:20,True,8023.928571428572,1.1822139137401522,5.250000000000001
2020-04-07,89.8,92.0,89.8,90.8,13796,17:25,17:20,True,8071.0,1.7093296989220668,4.964285714285716
2020-04-08,91.2,92.9,91.2,92.7,5902,17:25,17:20,True,8036.285714285715,0.7344188857681231,4.971428571428573
2020-04-14,92.0,94.0,92.0,94.0,12594,17:25,17:20,True,7930.214285714285,1.5881033659692136,4.6071428571428585
2020-04-15,92.5,93.2,91.5,93.0,12322,17:25,17:20,True,8149.571428571428,1.5119813487124651,4.3500000000000005
2020-04-16,89.1,89.9,89.1,89.6,3442,17:25,17:20,True,8034.285714285715,0.4284139402560455,4.200000000000001
2020-04-17,89.0,89.0,88.1,88.1,3591,17:25,17:20,True,7695.214285714285,0.46665367157695414,3.9857142857142867
2020-04-20,91.0,91.5,90.7,90.7,2781,17:25,17:20,True,7027.857142857143,0.3957109462343734,3.9000000000000017
2020-04-21,89.0,90.3,88.8,90.2,11966,17:25,17:20,True,6763.071428571428,1.7693144492675559,3.8357142857142867
2020-04-22,92.0,92.0,90.6,91.7,10261,17:25,17:20,True,7420.571428571428,1.382777606653319,3.700000000000002
2020-04-23,94.0,94.2,94.0,94.1,5437,17:25,17:20,True,7365.571428571428,0.7381640450745748,3.778571428571431
2020-04-24,94.0,94.0,92.9,92.9,1965,17:25,17:20,True,7526.428571428572,0.26108000379614693,3.685714285714288
2020-04-27,94.0,94.8,94.0,94.3,1512,17:25,17:20,True,7359.5,0.20544873972416605,3.6214285714285737
2020-04-28,94.9,95.4,94.6,95.1,2307,17:25,17:20,True,7276.428571428572,0.3170511436144105,3.385714285714287
2020-04-29,97.0,97.9,97.0,97.9,1680,17:25,17:20,True,6954.428571428572,0.24157268749614838,3.4571428571428586
2020-05-04,95.0,95.0,94.2,94.2,18297,17:25,17:20,True,6396.857142857143,2.860310866943588,3.4571428571428577
2020-05-05,92.6,95.7,92.6,94.0,2214,17:25,17:20,True,6718.357142857143,0.32954485046301707,3.500000000000001
2020-05-06,95.7,95.7,94.9,95.1,2161,17:25,17:20,True,6454.928571428572,0.33478294547909127,3.52857142857143
2020-05-07,93.0,93.0,92.5,93.0,2944,17:25,17:20,True,5709.714285714285,0.5156124899919936,3.5142857142857165
2020-05-08,94.4,95.4,94.4,95.3,2030,17:25,17:20,True,5039.857142857143,0.4027891947050653,3.32857142857143
2020-05-11,94.0,95.2,94.0,94.6,1645,17:25,17:20,True,4939.0,0.33306337315246,3.164285714285716
2020-05-12,95.7,95.7,95.6,95.6,368,17:25,17:20,True,4800.0,0.07666666666666666,2.97857142857143
2020-05-13,95.5,95.5,94.6,95.1,3695,17:25,17:20,True,4627.642857142857,0.7984626545448933,2.885714285714287
2020-05-14,92.0,92.1,91.0,91.6,6140,17:25,17:20,True,4036.8571428571427,1.5209852077287849,3.021428571428573
2020-05-15,92.6,92.6,90.9,92.2,7873,17:25,17:20,True,3742.5,2.103674014696059,2.942857142857144
2020-05-18,92.0,93.5,92.0,92.8,4456,17:25,17:20,True,3916.5,1.13775054257628,2.9357142857142873
2020-05-19,94.0,94.6,93.8,94.6,6142,17:25,17:20,True,4094.4285714285716,1.500087226544782,2.9571428571428586
2020-05-22,92.6,92.9,92.0,92.0,6530,17:25,17:20,True,4425.142857142857,1.4756585743801653,2.992857142857144
2020-05-25,93.1,93.2,92.7,92.7,2008,17:25,17:20,True,4726.785714285715,0.42481299584435206,3.0142857142857156
2020-05-26,93.0,93.3,93.0,93.3,4620,17:25,17:20,True,4750.214285714285,0.9725877028103996,2.942857142857144
2020-05-27,94.6,94.8,94.5,94.5,3097,17:25,17:20,True,3773.285714285714,0.8207700753416878,2.564285714285716
2020-05-28,98.0,99.0,98.0,98.4,1393,17:25,17:20,True,3836.3571428571427,0.36310488000148955,2.7000000000000006
2020-05-29,96.6,96.6,95.6,95.6,3956,17:25,17:20,True,3781.5,1.0461457093745867,2.7071428571428577
2020-06-01,94.1,95.8,94.1,95.6,2544,17:25,17:20,True,3853.785714285714,0.6601301132467148,2.721428571428572
2020-06-02,95.5,96.5,95.5,95.9,371,17:25,17:20,True,3890.5,0.09536049350983164,2.7714285714285714
2020-06-03,99.0,99.0,98.8,98.8,3361,17:25,17:20,True,3799.5,0.884590077641795,2.857142857142857
2020-06-04,98.1,99.0,98.1,98.5,4893,17:25,17:20,True,4013.285714285714,1.2192005125832057,2.8785714285714286
2020-06-08,98.5,99.5,98.5,99.5,3133,17:25,17:20,True,4098.857142857143,0.764359403317998,2.7999999999999994
2020-06-09,102.0,102.0,101.6,101.8,5372,17:25,17:20,True,3884.0714285714284,1.3830847601007779,2.8142857142857136
2020-06-10,100.4,100.8,100.2,100.6,628,17:25,17:20,True,3705.4285714285716,0.16948107024442902,2.8857142857142852
2020-06-11,100.0,100.0,97.7,97.7,2617,17:25,17:20,True,3432.0,0.7625291375291375,2.921428571428571
2020-06-12,94.0,94.2,94.0,94.0,18038,17:25,17:20,True,3180.214285714286,5.671944837499719,3.099999999999999
2020-06-15,95.2,95.2,94.0,94.4,2617,17:25,17:20,True,4002.214285714286,0.6538880262711713,3.1285714285714286
2020-06-16,97.1,97.1,96.5,96.5,4247,17:25,17:20,True,4045.714285714286,1.049752824858757,3.1499999999999995
2020-06-17,98.0,98.3,97.7,97.7,1456,17:25,17:20,True,4019.0714285714284,0.3622727353510939,3.2857142857142856
2020-06-18,96.4,96.4,96.3,96.3,230,17:25,17:20,True,3901.8571428571427,0.05894628931278146,3.0714285714285716
2020-06-22,95.6,95.6,94.5,95.3,2960,17:25,17:20,True,3818.785714285714,0.7751155004395563,3.0
2020-06-23,95.0,97.9,95.0,96.1,1390,17:25,17:20,True,3747.6428571428573,0.3708998036861265,3.0
2020-06-24,96.1,96.1,95.2,95.2,1136,17:25,17:20,True,3665.214285714286,0.309940950636291,3.0642857142857145
2020-06-25,93.7,93.7,93.5,93.7,3157,17:25,17:20,True,3719.8571428571427,0.848688505702984,3.0142857142857147
2020-06-26,94.5,95.8,94.5,95.8,919,17:25,17:20,True,3705.285714285714,0.24802405829509966,3.085714285714286
2020-06-29,92.1,92.6,92.1,92.6,3064,17:25,17:20,True,3421.4285714285716,0.8955323590814196,3.0642857142857145
2020-06-30,94.4,95.4,94.4,94.7,882,17:25,17:20,True,3416.5,0.25815893458217476,2.9857142857142867
2020-07-01,93.0,93.0,92.5,92.9,887,17:25,17:20,True,3095.785714285714,0.28651853902771046,2.864285714285716
2020-07-02,94.0,94.2,93.8,93.8,1061,17:25,17:20,True,3114.285714285714,0.3406880733944954,2.7928571428571445
2020-07-03,94.1,95.0,94.1,94.8,433,17:25,17:20,True,3003.1428571428573,0.14418228522500237,2.507142857142859
2020-07-06,94.0,94.4,93.9,94.4,22970,17:25,17:20,True,1745.642857142857,13.158476206064078,2.3714285714285728
2020-07-07,96.4,96.4,95.5,95.5,5512,17:25,17:20,True,3199.4285714285716,1.7228076442221825,2.385714285714287
2020-07-08,95.3,95.3,95.0,95.1,3215,17:25,17:20,True,3289.785714285714,0.9772672992161886,2.2714285714285722
2020-07-09,95.3,95.8,95.3,95.8,4164,17:25,17:20,True,3415.4285714285716,1.2191734984105738,2.221428571428572
2020-07-10,94.9,94.9,93.7,94.0,12435,17:25,17:20,True,3696.4285714285716,3.3640579710144927,2.2571428571428576
2020-07-13,95.0,96.0,95.0,96.0,6227,17:25,17:20,True,4373.214285714285,1.4238954675377706,2.1857142857142864
2020-07-14,95.8,95.9,95.4,95.9,7171,17:25,17:20,True,4718.714285714285,1.5196936211437742,2.1285714285714286
2020-07-15,99.5,100.6,99.0,99.1,42937,17:25,17:20,True,5149.785714285715,8.337628472751986,2.1714285714285717
2020-07-16,97.0,97.0,96.0,96.6,11859,17:25,17:20,True,7991.214285714285,1.484004755222253,2.385714285714286
2020-07-17,97.4,98.3,97.2,97.2,2685,17:25,17:20,True,8772.642857142857,0.306065121277999,2.3714285714285714
2020-07-20,97.4,97.7,97.2,97.2,3210,17:25,17:20,True,8745.57142857143,0.3670429115143991,2.3000000000000003
2020-07-21,97.5,97.5,96.8,96.8,6766,17:25,17:20,True,8911.857142857143,0.759213247198756,2.2999999999999994
2020-07-22,96.2,96.2,95.7,95.7,988,17:25,17:20,True,9331.785714285714,0.10587469861073903,2.3285714285714283
2020-07-23,97.0,97.1,96.4,97.1,3932,17:25,17:20,True,9326.57142857143,0.42159115277394843,2.3285714285714283
2020-07-24,94.3,94.4,93.9,94.4,3512,17:25,17:20,True,9576.5,0.3667310604082911,2.385714285714286
2020-07-27,95.0,95.0,94.2,94.4,13840,17:25,17:20,True,8186.642857142857,1.6905586626298936,2.2928571428571436
2020-07-28,94.5,94.5,93.5,93.9,3944,17:25,17:20,True,8781.5,0.4491260035301486,2.300000000000001
2020-07-29,94.0,94.5,94.0,94.5,1958,17:25,17:20,True,8833.57142857143,0.22165440284628446,2.285714285714287
2020-07-30,94.6,94.8,94.5,94.6,8327,17:25,17:20,True,8676.0,0.9597740894421393,2.192857142857144
2020-07-31,92.0,93.3,92.0,93.0,1139,17:25,17:20,True,8382.57142857143,0.13587716009407272,2.328571428571429
2020-08-03,92.7,92.7,92.0,92.0,4211,17:25,17:20,True,8019.142857142857,0.5251184665265258,2.2714285714285722
2020-08-04,93.2,93.9,93.2,93.9,1504,17:25,17:20,True,7807.714285714285,0.19262999963406155,2.192857142857143
2020-08-05,93.9,93.9,93.6,93.6,169,17:25,17:20,True,4848.214285714285,0.034858195211786375,1.8714285714285717
2020-08-06,93.0,93.0,92.4,92.4,7227,17:25,17:20,True,4013.214285714286,1.8008009255139272,1.7642857142857145
2020-08-07,92.5,92.9,92.5,92.9,1675,17:25,17:20,True,4337.642857142857,0.38615442883725526,1.7000000000000008
2020-08-10,93.8,93.8,93.0,93.1,12130,17:25,17:20,True,4228.0,2.8689687795648062,1.607142857142858
2020-08-11,94.1,94.3,93.5,94.1,13597,17:25,17:20,True,4611.142857142857,2.9487266869074915,1.614285714285715
2020-08-12,95.4,95.9,95.4,95.7,3466,17:25,17:20,True,5511.785714285715,0.6288343160759411,1.692857142857143
2020-08-13,96.0,96.0,95.7,96.0,3375,17:25,17:20,True,5478.5,0.616044537738432,1.6142857142857139
2020-08-14,95.5,95.6,95.2,95.4,4527,17:25,17:20,True,5468.714285714285,0.8277996917530891,1.5928571428571427
2020-08-17,95.6,96.6,95.5,96.6,11184,17:25,17:20,True,4803.5,2.328302279587801,1.6214285714285706
2020-08-18,94.5,94.6,94.0,94.4,9821,17:25,17:20,True,5320.642857142857,1.845829585576394,1.721428571428571
2020-08-19,94.1,94.2,94.1,94.2,5953,17:25,17:20,True,5882.285714285715,1.0120215659607539,1.8142857142857136
2020-08-20,94.0,94.6,94.0,94.0,1621,17:25,17:20,True,5712.714285714285,0.2837530320838231,1.6642857142857141
2020-08-21,94.0,94.0,94.0,94.0,780,17:25,17:20,True,5747.142857142857,0.13571961222967935,1.692857142857143
2020-08-24,93.5,94.1,93.5,93.8,6532,17:25,17:20,True,5502.071428571428,1.1871892404159472,1.614285714285715
2020-08-25,94.7,95.8,94.7,95.8,7779,17:25,17:20,True,5861.214285714285,1.3271993857928026,1.6285714285714294
2020-08-26,97.0,97.0,95.3,95.5,9100,17:25,17:20,True,6404.785714285715,1.4208125620350853,1.7071428571428575
2020-08-27,95.8,96.0,95.7,95.7,8335,17:25,17:20,True,6538.571428571428,1.2747432816255189,1.7357142857142855
2020-08-28,96.4,97.0,96.3,96.6,15518,17:25,17:20,True,7014.285714285715,2.2123421588594705,1.7571428571428578
2020-08-31,96.8,97.0,96.8,96.9,6811,17:25,17:20,True,7256.285714285715,0.9386344843879197,1.721428571428572
2020-09-01,96.1,96.7,96.1,96.1,2610,17:25,17:20,True,6771.571428571428,0.3854349064365731,1.6500000000000006
2020-09-02,96.0,96.0,95.6,95.7,11029,17:25,17:20,True,6710.428571428572,1.6435611947288868,1.6357142857142861
2020-09-03,94.6,95.3,94.5,94.6,2982,17:25,17:20,True,7257.142857142857,0.41090551181102364,1.75
2020-09-04,91.8,92.8,91.8,92.8,7399,17:25,17:20,True,7146.785714285715,1.0352905901754035,1.8428571428571427
2020-09-07,93.3,93.5,93.3,93.3,6037,17:25,17:20,True,6876.428571428572,0.8779266645891762,1.778571428571429
2020-09-08,94.9,94.9,94.1,94.3,3171,17:25,17:20,True,6606.142857142857,0.4800077849620483,1.778571428571429
2020-09-09,94.5,94.5,93.8,93.9,3167,17:25,17:20,True,6407.428571428572,0.49427004369927763,1.8214285714285725
2020-09-10,94.4,94.7,94.2,94.2,4335,17:25,17:20,True,6517.857142857143,0.6650958904109588,1.7857142857142858
2020-09-11,94.5,94.8,94.3,94.6,4590,17:25,17:20,True,6771.785714285715,0.6778123516692157,1.828571428571428
2020-09-14,93.5,94.4,93.5,94.0,3166,17:25,17:20,True,6633.071428571428,0.477305277667101,1.828571428571428
2020-09-15,94.0,94.0,93.3,93.3,2831,17:25,17:20,True,6303.571428571428,0.44911048158640227,1.7571428571428578
2020-09-16,93.4,94.7,92.6,94.5,73057,17:25,17:20,True,5855.785714285715,12.47603713055464,1.921428571428572
2020-09-17,93.0,93.2,91.4,91.4,40430,17:25,17:20,True,10478.785714285714,3.858271473657662,2.085714285714285
2020-09-18,91.8,92.0,90.6,91.1,18466,17:25,17:20,True,12258.214285714286,1.5064184366168458,2.22142857142857
2020-09-21,89.8,89.8,88.9,88.9,34134,17:25,17:20,True,13090.714285714286,2.607497135374038,2.3428571428571416
2020-09-22,89.0,89.0,88.1,88.1,4188,17:25,17:20,True,15342.42857142857,0.272968518673706,2.4785714285714278
2020-09-23,88.0,88.4,88.0,88.4,9196,17:25,17:20,True,14853.785714285714,0.6191014315734805,2.392857142857142
2020-09-24,88.0,88.3,87.0,87.0,15095,17:25,17:20,True,15297.642857142857,0.9867533280103844,2.2714285714285714
2020-09-25,87.3,87.9,87.3,87.8,6712,17:25,17:20,True,15847.357142857143,0.4235406534663283,2.249999999999999
2020-09-28,87.9,88.5,87.9,88.4,6960,17:25,17:20,True,15895.57142857143,0.4378578040604301,2.214285714285713
2020-09-29,88.6,88.7,88.3,88.3,18032,17:25,17:20,True,16166.214285714286,1.115412655140571,2.242857142857141
2020-09-30,88.0,88.1,87.6,88.1,27542,17:25,17:20,True,17228.0,1.598676573020664,2.2571428571428567
2020-10-01,90.0,90.2,89.5,89.5,9292,17:25,17:20,True,18885.64285714286,0.4920139637441896,2.335714285714286
2020-10-02,89.5,89.6,88.7,89.0,13944,17:25,17:20,True,19221.5,0.7254376609525791,2.3142857142857145
2020-10-05,90.0,90.7,90.0,90.7,11622,17:25,17:20,True,19991.35714285714,0.5813512267801443,2.328571428571429
2020-10-06,90.5,91.0,90.5,90.9,17698,17:25,17:20,True,20619.285714285714,0.85832265216337,2.1785714285714297
2020-10-07,89.9,90.3,89.9,90.3,9832,17:25,17:20,True,16665.071428571428,0.5899764691763355,2.000000000000001
2020-10-08,90.2,90.7,90.2,90.6,2637,17:25,17:20,True,14479.5,0.182119548326945,1.8000000000000012
2020-10-09,90.4,90.4,90.0,90.0,6102,17:25,17:20,True,13348.857142857143,0.4571177842940006,1.6428571428571448
2020-10-12,91.2,91.7,91.1,91.7,56404,17:25,17:20,True,11346.57142857143,4.971017047314481,1.5642857142857156
2020-10-13,93.2,93.4,93.0,93.4,24376,17:25,17:20,True,15076.285714285714,1.6168438607462998,1.721428571428573
2020-10-14,94.0,94.3,93.3,93.7,17661,17:25,17:20,True,16160.57142857143,1.0928450196244828,1.7571428571428578
2020-10-15,90.5,91.0,89.4,89.5,45338,17:25,17:20,True,16343.857142857143,2.7740085833908763,2.0714285714285725
2020-10-16,89.9,89.9,89.3,89.5,6281,17:25,17:20,True,19102.85714285714,0.32879898294944665,2.192857142857144
2020-10-19,90.6,90.6,89.6,89.6,28214,17:25,17:20,True,19054.35714285714,1.4807111984135612,2.1571428571428592
2020-10-20,90.0,90.4,89.4,89.4,21003,17:25,17:20,True,19781.64285714286,1.0617419468988203,2.200000000000002
2020-10-21,89.2,89.5,88.7,88.8,52467,17:25,17:20,True,19314.571428571428,2.7164465022706765,2.1571428571428584
2020-10-22,88.6,88.6,87.8,87.8,16884,17:25,17:20,True,22398.5,0.753800477710561,2.242857142857144
2020-10-23,87.8,88.1,87.7,87.8,11124,17:25,17:20,True,22608.5,0.4920273348519362,2.2857142857142856
2020-10-26,89.5,89.5,88.6,88.9,37622,17:25,17:20,True,22572.928571428572,1.66668670752893,2.2857142857142847
2020-10-27,89.0,89.1,88.8,88.9,5797,17:25,17:20,True,23996.071428571428,0.24158121121016835,2.3285714285714283
2020-10-28,86.5,86.5,85.8,86.0,18473,17:25,17:20,True,23707.85714285714,0.7791931547708717,2.4285714285714284
2020-10-29,85.8,86.4,85.6,86.4,23890,17:25,17:20,True,24839.0,0.9617939530576916,2.5499999999999994
2020-11-02,85.9,85.9,85.4,85.5,22658,17:25,17:20,True,26109.571428571428,0.8678043629320392,2.557142857142857
2020-11-03,88.8,89.1,88.6,88.6,8508,17:25,17:20,True,23699.14285714286,0.35900032550905997,2.4857142857142853
2020-11-04,88.9,88.9,88.0,88.4,6431,17:25,17:20,True,22565.714285714286,0.2849898708533806,2.4214285714285717
2020-11-05,90.5,90.5,90.1,90.3,2530,17:25,17:20,True,21763.571428571428,0.11624930256982507,2.2142857142857153
2020-11-06,90.2,90.3,89.9,89.9,12935,17:25,17:20,True,18705.85714285714,0.6914946426253046,2.057142857142858
2020-11-09,89.5,90.5,89.5,89.8,12305,17:25,17:20,True,19181.14285714286,0.6415154765096672,2.0357142857142856
2020-11-10,92.0,92.7,91.9,92.2,9011,17:25,17:20,True,18044.785714285714,0.49936863438983164,2.221428571428572
2020-11-11,94.0,94.0,93.5,94.0,16645,17:25,17:20,True,17188.214285714286,0.9683961186028632,2.2928571428571436
2020-11-12,94.0,94.0,93.3,93.4,6613,17:25,17:20,True,14629.5,0.4520318534468027,2.2642857142857147
2020-11-13,92.3,92.3,91.9,92.0,2511,17:25,17:20,True,13895.857142857143,0.18070133955649678,2.2642857142857156
2020-11-16,92.3,92.8,92.3,92.7,8186,17:25,17:20,True,13280.642857142857,0.6163858246965239,2.242857142857145
2020-11-17,92.5,92.7,92.2,92.6,4303,17:25,17:20,True,11178.07142857143,0.3849501255647217,2.228571428571431
2020-11-18,92.5,92.5,91.9,92.0,2824,17:25,17:20,True,11071.357142857143,0.2550726133716992,2.1500000000000026
2020-11-19,92.0,92.1,92.0,92.1,7445,17:25,17:20,True,9953.57142857143,0.747972730534625,2.028571428571431
2020-11-20,92.5,92.6,92.1,92.6,2290,17:25,17:20,True,8778.92857142857,0.2608518774663358,1.9571428571428595
2020-11-23,92.1,92.7,92.1,92.3,6018,17:25,17:20,True,7324.071428571428,0.8216741273881624,1.864285714285717
2020-11-24,93.0,93.5,93.0,93.3,7199,17:25,17:20,True,7146.214285714285,1.007386528331684,1.8500000000000025
2020-11-25,94.6,95.1,94.6,94.7,9126,17:25,17:20,True,7201.071428571428,1.267311411992263,1.7642857142857156
2020-11-26,95.3,95.5,95.2,95.3,4592,17:25,17:20,True,7672.214285714285,0.598523428699109,1.8214285714285725
2020-11-27,94.9,94.9,94.5,94.6,1047,17:25,17:20,True,7076.285714285715,0.1479589776719021,1.7857142857142867
2020-11-30,94.9,94.9,93.6,93.6,7326,17:25,17:20,True,6272.142857142857,1.1680218653911856,1.5428571428571434
2020-12-01,93.0,93.0,92.1,92.2,13710,17:25,17:20,True,6151.785714285715,2.228621190130624,1.4500000000000008
2020-12-02,94.0,94.0,93.3,93.6,1707,17:25,17:20,True,5942.142857142857,0.2872701045798774,1.4357142857142873
2020-12-03,94.3,94.3,94.0,94.0,5310,17:25,17:20,True,5591.714285714285,0.9496193347299576,1.4071428571428584
2020-12-04,94.2,94.2,94.0,94.0,1240,17:20,17:20,True,5791.642857142857,0.21410159959547626,1.3857142857142861
2020-12-07,94.1,94.1,93.5,94.0,5677,17:25,17:20,True,5295.5,1.072042300066094,1.3428571428571427
2020-12-08,93.2,93.2,92.9,93.0,2491,17:25,17:20,True,5393.642857142857,0.46183999682165516,1.3428571428571416
2020-12-09,93.0,93.5,93.0,93.5,4560,17:25,17:20,True,5369.857142857143,0.849184601878209,1.335714285714285
2020-12-10,93.7,93.7,93.5,93.5,4325,17:25,17:20,True,5163.785714285715,0.8375638028578146,1.335714285714285
2020-12-11,92.7,92.9,92.6,92.7,4423,17:25,17:20,True,5309.142857142857,0.833091163491551,1.3428571428571427
2020-12-14,91.5,92.2,91.3,92.2,26061,17:25,17:20,True,5195.214285714285,5.0163474626373175,1.3857142857142861
2020-12-15,91.6,91.8,91.1,91.3,3608,17:25,17:20,True,6542.5,0.5514711501719526,1.414285714285715
2020-12-16,91.0,91.4,90.9,91.4,4890,17:25,17:20,True,6148.357142857143,0.7953344098888204,1.4428571428571442
2020-12-17,90.9,91.2,90.9,91.1,2808,17:25,17:20,True,6169.642857142857,0.4551316931982634,1.4571428571428586
2020-12-18,90.8,90.8,90.6,90.8,5174,17:25,17:20,True,6295.428571428572,0.8218662067713534,1.4214285714285728
2020-12-21,88.4,88.5,88.0,88.0,11773,17:25,17:20,True,6141.714285714285,1.9168915147004095,1.3785714285714294
2020-12-22,87.7,88.4,87.7,88.2,2671,17:25,17:20,True,6003.357142857143,0.44491772460647017,1.5428571428571425
2020-12-23,89.0,89.3,89.0,89.2,4382,17:25,17:20,True,6072.214285714285,0.7216477867570079,1.5428571428571425
2020-12-28,89.6,90.4,89.6,90.3,12780,17:25,17:20,True,6005.928571428572,2.12789743467764,1.5214285714285711
2020-12-29,92.0,92.3,91.3,91.3,8912,17:25,17:20,True,6830.214285714285,1.3047906884326994,1.614285714285715
2020-12-30,92.4,92.6,92.3,92.3,5630,17:25,17:20,True,7061.285714285715,0.7973052256772339,1.6285714285714303
2021-01-04,92.5,92.8,92.5,92.8,6489,17:25,17:20,True,7285.5,0.8906732550957381,1.6428571428571448
2021-01-07,91.3,91.5,91.3,91.5,8108,17:25,17:20,True,7423.285714285715,1.0922387083116833,1.7142857142857164
2021-01-08,94.0,94.4,94.0,94.1,9643,17:25,17:20,True,7693.5,1.2533957236628324,1.77857142857143
2021-01-11,94.5,94.7,93.8,93.8,13600,17:25,17:20,True,8066.357142857143,1.6860151068370393,1.8857142857142861
2021-01-12,94.9,94.9,94.2,94.9,9528,17:25,17:20,True,7176.285714285715,1.3277063343552176,1.8714285714285717
2021-01-13,96.7,96.7,95.9,96.2,8683,17:25,17:20,True,7599.142857142857,1.1426288679174343,1.8714285714285717
2021-01-14,95.3,95.9,95.3,95.8,5143,17:25,17:20,True,7870.071428571428,0.6534883509861047,1.9357142857142864
2021-01-15,95.6,95.6,95.3,95.4,7517,17:25,17:20,True,8036.857142857143,0.93531586618792,2.0071428571428576
2021-01-18,95.0,95.3,95.0,95.1,4858,17:25,17:20,True,8204.214285714286,0.5921347042896072,2.02857142857143
2021-01-19,96.0,96.9,95.9,96.5,8084,17:25,17:20,True,7710.285714285715,1.048469576817609,1.8357142857142879
2021-01-20,96.2,96.6,96.2,96.4,3912,17:25,17:20,True,8096.928571428572,0.4831461665358116,1.8357142857142879
2021-01-21,96.7,96.7,96.1,96.4,7250,17:25,17:20,True,8063.357142857143,0.8991292177132885,1.85714285714286
2021-01-22,96.9,97.2,96.6,96.6,22942,17:25,17:20,True,7668.357142857143,2.9917751054891624,1.8500000000000025
2021-01-25,96.8,96.8,96.4,96.7,7866,17:25,17:20,True,8670.5,0.9072141168329393,1.8142857142857167
2021-01-26,95.0,95.4,94.9,95.2,11610,17:25,17:20,True,8830.214285714286,1.3148038795369792,1.9000000000000026
2021-01-27,95.2,95.4,95.2,95.2,6929,17:25,17:20,True,9196.0,0.753479773814702,1.8571428571428592
2021-01-28,94.6,94.7,94.2,94.7,7019,17:25,17:20,True,9111.785714285714,0.7703210128169953,1.8285714285714303
2021-01-29,96.0,96.0,95.2,95.5,5897,17:25,17:20,True,8924.357142857143,0.660775886218295,1.8142857142857167
2021-02-01,95.8,96.0,95.5,95.7,8078,17:25,17:20,True,8374.142857142857,0.9646360395093742,1.8142857142857167
2021-02-02,97.1,97.1,96.1,96.4,11225,17:25,17:20,True,8270.57142857143,1.3572218191867895,1.7642857142857165
2021-02-03,97.3,97.6,95.3,95.5,44500,17:25,17:20,True,8452.142857142857,5.264937040480014,1.721428571428573
2021-02-04,97.0,97.4,97.0,97.4,3132,17:25,17:20,True,11263.357142857143,0.2780698472290043,1.7642857142857156
2021-02-05,99.0,99.0,98.3,98.4,5404,17:25,17:20,True,10950.142857142857,0.49350954325449115,1.8142857142857147
2021-02-08,97.5,97.5,97.0,97.0,36215,17:25,17:20,True,10989.142857142857,3.2955254536945557,1.8214285714285714
2021-02-09,97.9,97.9,97.1,97.1,4026,17:25,17:20,True,12998.5,0.3097280455437166,1.8571428571428572
2021-02-10,96.8,97.1,96.8,96.9,4006,17:25,17:20,True,13006.642857142857,0.30799646334565306,1.8999999999999997
2021-02-11,97.8,97.8,97.4,97.4,3590,17:25,17:20,True,12774.92857142857,0.28101918378073126,1.8714285714285717
2021-02-12,97.1,97.1,97.1,97.1,1197,17:25,17:20,True,11392.642857142857,0.10506780691799845,1.9071428571428564
2021-02-15,96.8,96.9,96.6,96.6,3592,17:25,17:20,True,10916.285714285714,0.32904965058758867,1.8071428571428558
2021-02-16,97.9,97.9,97.4,97.4,1452,17:25,17:20,True,10343.57142857143,0.14037704578413093,1.8071428571428558
2021-02-17,98.2,98.2,98.0,98.0,5155,17:25,17:20,True,9952.357142857143,0.5179677463343214,1.7142857142857133
2021-02-18,97.3,97.4,97.0,97.4,4771,17:25,17:20,True,9819.214285714286,0.4858840902312521,1.5999999999999983
2021-02-19,98.5,98.5,97.9,98.0,2441,17:25,17:20,True,9738.785714285714,0.2506472646193791,1.5785714285714272
2021-02-22,98.0,98.3,97.6,98.3,17598,17:25,17:20,True,9336.142857142857,1.884932596820345,1.5571428571428558
2021-02-23,99.6,100.4,99.6,100.0,7138,17:25,17:20,True,9791.357142857143,0.7290102787443736,1.585714285714285
2021-02-24,100.0,100.0,99.4,99.6,8573,17:25,17:20,True,7122.642857142857,1.2036262623223724,1.5357142857142858
2021-02-25,101.8,102.4,101.8,102.4,8349,17:25,17:20,True,7511.285714285715,1.1115274158884725,1.557142857142857
2021-02-26,101.4,101.4,100.6,101.2,9320,17:25,17:20,True,7721.642857142857,1.2069970306096964,1.6071428571428572
2021-03-01,101.0,101.8,101.0,101.8,3155,17:25,17:20,True,5800.571428571428,0.5439119298591272,1.6357142857142861
2021-03-02,103.0,103.0,102.2,102.8,7251,17:25,17:20,True,5738.357142857143,1.263602076253781,1.6999999999999997
2021-03-03,103.6,104.4,103.6,104.4,2085,17:25,17:20,True,5970.142857142857,0.34923787418343666,1.7071428571428566
2021-03-04,105.0,105.6,104.8,105.4,22333,17:25,17:20,True,5862.642857142857,3.8093741242979156,1.692857142857142
2021-03-05,107.0,107.0,106.4,106.4,6506,17:25,17:20,True,7372.357142857143,0.8824857333862982,1.807142857142857
2021-03-08,107.2,108.6,107.2,108.6,16596,17:25,17:20,True,7580.5,2.1893014972627136,1.8357142857142859
2021-03-09,112.0,112.6,111.6,112.6,23841,17:25,17:20,True,8662.214285714286,2.7522985709691516,2.107142857142857
2021-03-10,110.0,110.2,109.4,109.8,14474,17:25,17:20,True,9996.92857142857,1.4478446951563695,2.3142857142857145
2021-03-11,109.6,110.0,109.2,109.6,9585,17:25,17:20,True,10690.0,0.8966323666978484,2.3214285714285716
2021-03-12,109.8,110.0,109.4,110.0,8417,17:25,17:20,True,11200.285714285714,0.7514986862580036,2.335714285714286
2021-03-15,110.8,111.4,110.8,111.0,3264,17:25,17:20,True,10544.5,0.30954526056237847,2.3142857142857136
2021-03-16,111.0,111.0,110.8,110.8,1452,17:25,17:20,True,10267.785714285714,0.14141315765674892,2.3142857142857127
2021-03-17,110.0,110.6,110.0,110.2,2929,17:25,17:20,True,9759.142857142857,0.30012881693357146,2.2857142857142847
2021-03-18,112.0,112.4,111.8,112.0,4843,17:25,17:20,True,9372.0,0.5167520273154076,2.242857142857141
2021-03-19,113.2,113.6,113.2,113.6,9271,17:25,17:20,True,9052.214285714286,1.024169303485335,2.24285714285714
2021-03-22,111.2,111.2,110.4,110.4,14338,17:25,17:15,True,9489.07142857143,1.5110013775245206,2.2285714285714255
2021-03-23,111.2,111.4,110.6,110.6,8209,17:25,17:20,True,9995.285714285714,0.8212871782411709,2.2285714285714255
2021-03-24,112.2,112.2,111.0,111.0,5280,17:25,17:20,True,10432.714285714286,0.5061003163126977,2.27142857142857
2021-03-25,108.8,108.8,107.6,107.8,25736,17:25,17:20,True,9214.642857142857,2.7929460098445795,2.242857142857141
2021-03-26,109.0,109.0,108.2,108.6,7825,17:25,17:20,True,10588.214285714286,0.7390292441056431,2.5999999999999983
2021-03-29,107.2,107.2,106.8,106.8,4263,17:25,17:20,True,9961.714285714286,0.4279383927034934,2.499999999999999
2021-03-30,106.0,107.0,106.0,107.0,7696,17:25,17:20,True,8563.285714285714,0.8987204510952072,2.3428571428571416
2021-03-31,107.8,107.8,107.2,107.8,4341,17:25,17:20,True,8079.142857142857,0.5373094741309191,2.4142857142857133
2021-04-06,106.8,107.4,106.7,107.2,11098,17:25,17:20,True,7704.571428571428,1.4404435214714826,2.4571428571428555
2021-04-07,107.0,107.6,107.0,107.2,14354,17:25,17:20,True,7896.071428571428,1.8178660274096523,2.464285714285713
2021-04-08,107.0,107.3,106.8,107.3,12719,17:25,17:20,True,8688.214285714286,1.4639371891314177,2.449999999999999
2021-04-09,106.6,106.6,106.2,106.2,1802,17:25,17:20,True,9493.0,0.18982408090171707,2.421428571428571
2021-04-12,106.9,106.9,106.3,106.3,2383,17:25,17:20,True,9412.5,0.25317397078353254,2.4928571428571424
2021-04-13,107.0,107.4,107.0,107.3,8278,17:25,17:20,True,9236.785714285714,0.8961992034953409,2.4071428571428575
2021-04-14,106.6,106.6,106.6,106.6,1697,17:25,17:20,True,9165.857142857143,0.18514362307320645,2.307142857142858
2021-04-15,106.1,106.1,105.8,105.8,3819,17:25,17:20,True,8262.92857142857,0.4621848013070427,2.300000000000001
2021-04-16,105.2,105.9,105.2,105.9,22854,17:25,17:20,True,7949.357142857143,2.874949456829393,2.2928571428571423
2021-04-19,106.3,106.8,106.1,106.6,18853,17:25,17:20,True,9204.642857142857,2.0482054863616965,2.2428571428571424
2021-04-20,106.0,106.3,106.0,106.3,2506,17:25,17:20,True,8713.0,0.287616205669689,1.857142857142856
2021-04-21,105.0,105.9,105.0,105.8,10398,17:25,17:20,True,8333.07142857143,1.2477992165468057,1.8785714285714274
2021-04-22,104.5,104.5,103.8,104.1,8448,17:25,17:20,True,8771.285714285714,0.9631427221941726,1.9785714285714278
2021-04-23,103.0,103.2,102.8,103.0,5289,17:25,17:20,True,8825.0,0.5993201133144476,1.9357142857142853
2021-04-26,102.9,103.4,102.9,103.2,13126,17:25,17:20,True,8892.714285714286,1.4760397757393693,1.885714285714285
2021-04-27,102.7,103.1,102.5,102.7,13960,17:25,17:20,True,9037.57142857143,1.5446627570617895,1.8571428571428572
2021-04-28,103.1,103.6,103.1,103.3,4128,17:25,17:20,True,9009.42857142857,0.4581866615926173,1.8785714285714294
2021-04-29,103.3,103.4,103.1,103.4,3201,17:25,17:20,True,8395.785714285714,0.38126270833156095,1.8642857142857139
2021-05-03,104.0,104.1,103.7,103.8,6472,17:25,17:20,True,8495.714285714286,0.7617958634605683,1.8142857142857147
2021-05-04,103.5,103.7,103.4,103.5,4053,17:25,17:20,True,8787.785714285714,0.4612083329946598,1.8500000000000003
2021-05-05,102.4,103.1,102.4,103.1,4421,17:25,17:20,True,8486.0,0.5209757247230733,1.864285714285715
2021-05-06,104.2,104.3,104.1,104.1,4077,17:25,17:20,True,8680.57142857143,0.4696695411756961,1.8642857142857139
2021-05-07,104.8,105.1,104.8,105.1,7308,17:25,17:20,True,8699.0,0.840096562823313,1.8214285714285725
2021-05-10,104.5,104.9,104.5,104.6,1135,17:25,17:20,True,7588.571428571428,0.14956701807228917,1.857142857142858
2021-05-11,105.0,105.0,103.9,104.4,6974,17:25,17:20,True,6323.0,1.1029574569033687,1.835714285714287
2021-05-14,102.5,103.3,102.5,102.8,5259,17:25,17:20,True,6642.142857142857,0.7917625551134531,1.7285714285714298
2021-05-17,104.3,104.6,104.3,104.6,2381,17:25,17:20,True,6275.071428571428,0.37943791191904475,1.642857142857144
2021-05-18,103.7,104.6,103.7,104.6,7115,17:25,17:20,True,5841.714285714285,1.217964394013499,1.607142857142858
2021-05-19,103.0,103.1,102.6,103.1,11540,17:25,17:20,True,5972.142857142857,1.932304748235857,1.6000000000000014
2021-05-20,103.1,103.3,103.1,103.3,820,17:25,17:20,True,5858.857142857143,0.1399590363795962,1.6285714285714294
2021-05-21,103.3,103.4,103.0,103.4,1948,17:25,17:20,True,4920.285714285715,0.3959119679461123,1.642857142857144
2021-05-24,103.0,103.5,103.0,103.4,3531,17:25,17:20,True,4764.571428571428,0.7410949868073878,1.6285714285714303
2021-05-25,102.5,103.3,102.5,103.3,17949,17:25,17:20,True,4788.142857142857,3.748635021034102,1.585714285714287
2021-05-26,102.6,102.6,102.2,102.4,2530,17:25,17:20,True,5607.928571428572,0.45114697303562556,1.52857142857143
2021-05-27,101.2,101.2,100.5,100.6,3747,17:25,17:20,True,5499.142857142857,0.6813789161947317,1.607142857142858
2021-05-28,101.2,101.2,100.8,101.0,2836,17:25,17:20,True,5451.0,0.5202715098147129,1.5642857142857156
2021-05-31,100.7,101.3,100.3,100.5,11927,17:25,17:20,True,5362.357142857143,2.224208437121202,1.5500000000000012
2021-06-01,101.4,101.4,100.5,100.5,19426,17:25,17:20,True,5692.285714285715,3.41268885208051,1.52857142857143
2021-06-02,100.2,100.8,100.2,100.5,10616,17:25,17:20,True,6998.785714285715,1.5168345529326515,1.5607142857142873
2021-06-03,100.1,100.2,99.8,100.2,1384,17:25,17:20,True,7258.928571428572,0.19066174661746618,1.482142857142858
2021-06-04,100.5,100.7,100.4,100.6,3478,17:25,17:20,True,6982.142857142857,0.4981278772378517,1.3964285714285722
2021-06-07,100.5,100.9,100.5,100.9,2019,17:25,17:20,True,7060.5,0.2859570851922668,1.375000000000001
2021-06-08,100.0,100.5,100.0,100.4,13024,17:25,17:20,True,6696.5,1.9448965877697304,1.3892857142857156
2021-06-09,100.1,100.1,100.0,100.0,1052,17:25,17:20,True,6802.5,0.15464902609334805,1.3714285714285726
2021-06-10,100.0,100.1,99.8,100.1,3170,17:25,17:20,True,6819.071428571428,0.46487267851718395,1.289285714285715
2021-06-11,100.2,100.5,100.0,100.2,5455,17:25,17:20,True,6906.357142857143,0.7898519997104118,1.317857142857143
2021-06-14,100.4,100.9,100.4,100.9,3805,17:25,17:20,True,7043.785714285715,0.5401924695526958,1.2750000000000006
2021-06-15,100.0,101.0,100.0,101.0,6807,17:25,17:20,True,6033.5,1.1282008784287727,1.2821428571428573
2021-06-16,100.6,101.3,100.6,101.3,3811,17:25,17:20,True,6339.0,0.6011989272755955,1.1750000000000003
2021-06-17,101.0,101.4,101.0,101.4,3515,17:25,17:20,True,6343.571428571428,0.5541042675374395,1.1892857142857147
2021-06-18,101.1,101.1,100.5,101.0,5980,17:25,17:20,True,6392.071428571428,0.9355339762428903,1.2821428571428564
2021-06-21,100.4,100.5,99.8,99.8,6536,17:25,17:20,True,5967.285714285715,1.095305355390103,1.2535714285714274
2021-06-22,101.2,101.9,101.2,101.9,3226,17:25,17:20,True,5046.571428571428,0.6392458812206308,1.3035714285714275
2021-06-23,101.3,101.6,101.3,101.6,992,17:25,17:20,True,4518.714285714285,0.21953147228984227,1.375
2021-06-24,103.1,103.8,103.1,103.8,1458,17:25,17:20,True,4490.714285714285,0.32466995387307146,1.4464285714285714
2021-06-28,105.2,105.4,105.1,105.4,3592,17:25,17:20,True,4346.428571428572,0.8264256368118323,1.5321428571428573
2021-06-29,103.7,104.0,103.7,104.0,1420,17:25,17:20,True,4458.785714285715,0.3184723579449882,1.6321428571428578
2021-06-30,103.8,103.8,103.3,103.3,519,17:25,17:20,True,3629.9285714285716,0.14297802003187784,1.6357142857142861
2021-07-01,102.4,103.5,102.4,103.5,2609,17:25,17:20,True,3591.8571428571427,0.7263651911068687,1.7035714285714292
2021-07-02,103.8,103.9,103.8,103.9,1213,17:25,17:20,True,3551.785714285714,0.3415183509301156,1.6678571428571434
2021-07-05,104.2,104.4,103.4,103.9,3303,17:25,17:20,True,3248.785714285714,1.0166875535914517,1.7250000000000003
2021-07-06,104.3,104.8,104.2,104.2,5317,17:25,17:20,True,3212.9285714285716,1.6548765034125519,1.7464285714285717
2021-07-07,103.3,104.3,103.3,104.0,2212,17:25,17:20,True,3106.5,0.7120553677772413,1.8107142857142853
2021-07-08,103.5,103.5,102.8,102.8,4811,17:25,17:20,True,2992.285714285714,1.6078010121264203,1.817857142857142
2021-07-09,103.0,103.4,103.0,103.2,2282,17:25,17:20,True,3084.8571428571427,0.7397425210706678,1.7321428571428572
2021-07-12,105.0,105.7,105.0,105.7,7023,17:25,17:20,True,2820.714285714286,2.4897948847809572,1.8035714285714286
2021-07-13,105.6,105.7,105.3,105.3,5820,17:25,17:20,True,2855.5,2.0381719488706005,1.75
2021-07-14,104.8,105.0,104.5,104.7,2324,17:25,17:20,True,3040.785714285714,0.7642761504310446,1.692857142857143
2021-07-15,106.0,106.0,105.9,106.0,2881,17:25,17:20,True,3135.9285714285716,0.9187071498530852,1.6500000000000006
2021-07-16,106.3,107.0,106.3,106.9,8863,17:25,17:20,True,3237.5714285714284,2.7375457794643254,1.5500000000000003
2021-07-19,105.9,105.9,104.7,104.7,13751,17:25,17:20,True,3614.0714285714284,3.8048500899262803,1.635714285714285
2021-07-20,102.0,102.9,102.0,102.5,3672,17:25,17:20,True,4494.857142857143,0.8169336384439359,1.807142857142857
2021-07-21,103.3,104.1,103.3,103.7,1781,17:25,17:20,True,4720.071428571428,0.37732479835353583,1.8428571428571427
2021-07-22,103.5,103.5,103.0,103.2,1312,17:25,17:20,True,4660.928571428572,0.2814889736870335,1.8571428571428572
2021-07-23,102.5,102.6,102.1,102.1,8823,17:25,17:20,True,4668.0,1.8901028277634961,1.8714285714285717
2021-07-26,103.4,103.4,102.9,103.0,5173,17:25,17:20,True,5062.285714285715,1.021870414267976,1.9071428571428573
2021-07-27,103.9,104.2,103.9,104.1,6081,17:25,17:20,True,5052.0,1.2036817102137767,1.9000000000000006
2021-07-28,104.0,104.0,103.9,104.0,7062,17:25,17:20,True,5328.357142857143,1.3253616097162084,1.8928571428571448
2021-07-29,103.1,103.9,103.1,103.4,105,17:25,17:20,True,5489.142857142857,0.019128669581511555,1.921428571428574
2021-07-30,103.8,103.8,103.5,103.5,2796,17:25,17:20,True,5333.642857142857,0.5242195765424328,1.835714285714289
2021-08-02,103.5,103.5,102.9,103.4,1754,17:25,17:20,True,5031.714285714285,0.3485889500880132,1.778571428571432
2021-08-03,103.2,103.4,103.2,103.2,1660,17:25,17:20,True,4741.285714285715,0.3501160022899153,1.7571428571428598
2021-08-04,103.0,103.0,103.0,103.0,125,17:25,17:20,True,4693.857142857143,0.026630550567611162,1.750000000000002
2021-08-05,103.4,103.4,103.1,103.4,1105,17:25,17:20,True,4497.0,0.24571936846786746,1.750000000000002
2021-08-06,104.0,104.0,103.5,103.5,843,17:25,17:20,True,3942.8571428571427,0.21380434782608695,1.5357142857142878
2021-08-09,104.0,104.0,103.7,103.7,1713,17:25,17:20,True,3020.8571428571427,0.5670575995460134,1.3357142857142879
2021-08-10,104.0,104.0,103.7,103.7,1291,17:25,17:20,True,2880.9285714285716,0.44811940594550365,1.2357142857142875
2021-08-11,103.9,104.1,103.8,103.8,6547,17:25,17:20,True,2845.9285714285716,2.3004793815726727,1.2000000000000017
2021-08-12,103.9,104.1,103.9,104.1,696,17:25,17:20,True,3219.8571428571427,0.21615865832556902,1.1428571428571448
2021-08-13,104.1,104.9,104.0,104.9,10351,17:25,17:20,True,2639.3571428571427,3.9217883142540124,1.114285714285717
2021-08-16,105.2,107.6,105.2,107.2,26917,17:25,17:20,True,3009.214285714286,8.944859835267868,1.3142857142857167
2021-08-17,106.6,106.6,105.4,105.6,15594,17:25,17:20,True,4497.5,3.467259588660367,1.4214285714285728
2021-08-18,105.1,105.2,105.0,105.2,2146,17:25,17:20,True,5106.928571428572,0.42021343552876345,1.4785714285714289
2021-08-19,104.7,104.7,103.6,103.6,7556,17:25,17:20,True,5252.714285714285,1.4384943838559656,1.5428571428571425
2021-08-20,103.3,103.9,103.3,103.9,5708,17:25,17:20,True,5592.714285714285,1.0206135533474674,1.6857142857142853
2021-08-23,103.9,104.1,103.9,104.0,4602,17:25,17:20,True,5875.142857142857,0.7833001021251763,1.778571428571428
2021-08-24,103.9,104.0,103.6,103.6,3269,17:25,17:20,True,6085.285714285715,0.5371974552198512,1.7714285714285711
2021-08-25,104.0,104.0,103.2,103.4,552,17:25,17:20,True,6309.857142857143,0.08748217075324322,1.8142857142857147
2021-08-26,104.2,104.4,104.0,104.0,5385,17:25,17:20,True,6270.357142857143,0.8588027567352053,1.8285714285714292
2021-08-27,104.8,105.4,104.8,104.9,3124,17:25,17:20,True,6594.785714285715,0.4737075828305912,1.8500000000000003
2021-08-30,106.5,106.8,106.4,106.6,6526,17:25,17:20,True,6695.571428571428,0.9746740916170603,1.9500000000000008
2021-08-31,107.0,107.3,106.6,106.7,7950,17:25,17:20,True,7069.5,1.1245491194568216,1.9642857142857153
2021-09-01,105.6,106.3,105.6,106.3,2424,17:25,17:20,True,7169.714285714285,0.33808878616402327,2.092857142857144
2021-09-02,106.0,106.6,106.0,106.6,7326,17:25,17:20,True,7293.142857142857,1.0045052103737366,2.107142857142857
2021-09-03,106.8,106.8,106.1,106.1,1409,17:25,17:20,True,7077.071428571428,0.19909365253989242,1.8785714285714294
2021-09-06,105.0,105.2,104.8,104.9,2742,17:25,17:20,True,5255.071428571428,0.5217816802816327,1.8214285714285725
2021-09-07,106.0,106.0,105.8,105.9,2408,17:25,17:20,True,4337.071428571428,0.5552133599038193,1.750000000000002
2021-09-08,105.7,105.7,105.2,105.2,3461,17:25,17:20,True,4355.785714285715,0.7945753595382168,1.7285714285714309
2021-09-09,103.0,103.0,101.1,102.0,22399,17:25,17:20,True,4063.285714285714,5.512533839609043,1.6428571428571448
2021-09-10,103.5,103.5,102.8,102.8,1235,17:25,17:20,True,5255.5,0.23499191323375512,1.7571428571428598
2021-09-13,101.5,101.9,101.3,101.9,9028,17:25,17:20,True,5015.0,1.8001994017946161,1.8285714285714312
2021-09-14,101.2,101.9,101.2,101.7,3166,17:25,17:20,True,5426.357142857143,0.583448511893009,1.8142857142857167
2021-09-15,100.4,101.9,100.3,101.4,35068,17:25,17:20,True,5613.071428571428,6.247559904814018,1.864285714285717
2021-09-16,101.0,101.3,101.0,101.3,1759,17:25,17:20,True,7733.285714285715,0.2274582971570022,1.9071428571428595
2021-09-17,101.1,101.8,101.1,101.6,2826,17:25,17:20,True,7635.785714285715,0.3700994377975884,1.8285714285714303
2021-09-20,98.95,99.2,98.4,98.65,25225,17:25,17:20,True,7371.5,3.421962965475141,1.8714285714285726
2021-09-21,99.85,100.6,99.85,99.85,17306,17:25,17:20,True,8605.42857142857,2.011056143962283,1.9464285714285725
2021-09-23,103.0,103.4,102.9,102.9,4430,17:25,17:20,True,9668.42857142857,0.4581923491777361,2.010714285714287
2021-09-24,103.2,103.4,103.2,103.3,8189,17:25,17:15,True,9461.57142857143,0.8655010493575516,2.2357142857142875
2021-09-27,105.0,105.0,104.3,104.8,6066,17:25,17:20,True,9945.857142857143,0.6099021846856552,2.1785714285714306
2021-09-28,106.8,107.3,106.8,107.2,7330,17:25,17:20,True,10183.285714285714,0.7198069665979266,2.335714285714288
2021-09-29,107.2,108.0,107.2,107.7,6266,17:25,17:20,True,10534.857142857143,0.5947873725320025,2.3500000000000023
2021-09-30,109.0,109.0,108.6,108.9,4777,17:25,17:20,True,10735.214285714286,0.4449841309974516,2.32857142857143
2021-10-01,106.4,106.4,105.3,106.1,4156,17:25,17:20,True,9476.5,0.43855853954519075,2.221428571428572
2021-10-04,107.5,108.3,107.5,108.1,2751,17:25,17:20,True,9685.142857142857,0.2840433063897575,2.2642857142857156
2021-10-05,108.7,108.9,108.6,108.9,6503,17:25,17:20,True,9236.785714285714,0.7040327881529599,2.3357142857142867
2021-10-06,110.0,110.0,109.1,109.1,3861,17:25,17:20,True,9475.142857142857,0.4074872598980792,2.3357142857142867
2021-10-07,110.3,111.1,110.3,111.0,5857,17:25,17:20,True,7246.071428571428,0.8083000640741288,2.3357142857142867
2021-10-08,111.0,111.3,110.7,111.3,4342,17:25,17:20,True,7538.785714285715,0.5759548241001298,2.3785714285714303
2021-10-11,112.4,113.0,112.4,113.0,2126,17:25,17:20,True,7647.071428571428,0.27801492634902253,2.421428571428574
2021-10-12,113.7,113.7,111.8,111.8,13194,17:25,17:20,True,5997.142857142857,2.2000476417341592,2.289285714285716
2021-10-13,112.7,113.8,112.7,113.8,12185,17:25,17:20,True,5703.428571428572,2.136434225027552,2.3892857142857165
2021-10-14,114.1,114.5,114.1,114.3,6803,17:25,17:20,True,6257.357142857143,1.087200210038469,2.1928571428571453
2021-10-15,115.4,115.6,115.2,115.4,17328,17:25,17:20,True,6158.357142857143,2.813737429973207,2.271428571428573
2021-10-18,114.8,116.5,114.8,116.5,15360,17:25,17:20,True,6962.785714285715,2.2060136029298616,2.164285714285716
2021-10-19,120.0,120.9,120.0,120.6,26715,17:25,17:20,True,7536.357142857143,3.5448160820403944,2.4000000000000017
2021-10-20,122.4,122.4,117.1,118.1,58153,17:25,17:20,True,8997.0,6.463598977436924,2.5928571428571456
2021-10-21,114.6,114.6,112.1,112.1,41331,17:25,17:20,True,12809.57142857143,3.2265716484325333,3.057142857142861
2021-10-22,111.6,111.6,109.6,109.6,21524,17:25,17:20,True,15464.92857142857,1.391794336494095,3.200000000000003
2021-10-25,109.1,109.5,109.1,109.3,14575,17:25,17:20,True,16805.85714285714,0.8672571637439329,3.2642857142857165
2021-10-26,110.0,110.1,109.1,109.4,12058,17:25,17:20,True,17382.428571428572,0.6936890291509488,3.250000000000002
2021-10-27,110.4,110.4,110.0,110.3,3150,17:25,17:20,True,17967.928571428572,0.17531236210549747,3.285714285714288
2021-10-28,109.8,110.0,109.7,109.9,1619,17:25,17:20,True,17774.571428571428,0.0910851778624359,3.3214285714285734
2021-10-29,110.0,110.0,108.4,109.2,9012,17:25,17:20,True,17580.071428571428,0.5126259035190008,3.250000000000002
2021-11-01,108.5,109.1,108.5,108.6,4540,17:25,17:20,True,18071.928571428572,0.2512183457374697,3.2714285714285745
2021-11-02,110.2,110.2,109.9,110.0,3518,17:25,17:20,True,17453.785714285714,0.20156085662954823,3.164285714285716
2021-11-03,110.2,110.2,110.1,110.1,1461,17:25,17:20,True,16834.714285714286,0.08678495964970341,3.1142857142857148
2021-11-04,111.6,112.2,111.6,112.2,3244,17:25,17:20,True,16453.14285714286,0.19716597784183654,3.064285714285716
2021-11-08,114.2,114.2,113.4,113.4,11430,17:25,17:20,True,15447.142857142857,0.7399426616110237,3.0214285714285722
2021-11-09,113.0,114.3,112.8,113.0,2711,17:25,17:20,True,15166.42857142857,0.17875005887062592,2.8428571428571425
2021-11-10,113.8,114.1,113.7,113.8,3799,17:25,17:15,True,13451.857142857143,0.28241453649522635,2.664285714285714
2021-11-11,114.1,114.5,114.0,114.1,1668,17:25,17:20,True,9569.42857142857,0.1743050786731556,2.164285714285714
2021-11-12,114.8,114.8,114.3,114.6,2980,17:25,17:20,True,6736.357142857143,0.44237559511817537,1.9142857142857141
2021-11-15,114.7,114.7,114.4,114.7,2581,17:25,17:20,True,5411.785714285715,0.47692206163795947,1.7714285714285711
2021-11-16,117.0,117.0,116.8,116.8,1992,17:25,17:20,True,4555.071428571428,0.4373147669003152,1.8214285714285705
2021-11-17,115.2,115.8,115.2,115.7,3137,17:25,17:20,True,3836.0714285714284,0.817763709151848,1.7571428571428558
2021-11-18,115.6,115.6,115.5,115.5,4621,17:25,17:20,True,3835.1428571428573,1.2049094837219696,1.7357142857142844
2021-11-19,114.6,115.3,114.6,115.1,1118,17:25,17:20,True,4049.5714285714284,0.27607859738243906,1.749999999999999
2021-11-22,113.0,113.9,113.0,113.9,6017,17:25,17:20,True,3485.714285714286,1.7261885245901638,1.8785714285714274
2021-11-23,114.9,114.9,114.4,114.5,1699,17:25,17:20,True,3591.214285714286,0.47309903136623105,1.8785714285714283
2021-11-24,113.7,113.7,113.4,113.7,2093,17:25,17:20,True,3461.285714285714,0.6046885963102068,1.942857142857143
2021-11-25,112.2,112.6,112.1,112.6,3856,17:25,17:20,True,3506.4285714285716,1.0996944387859033,2.028571428571429
2021-11-26,111.1,111.1,108.5,108.8,22120,17:25,17:20,True,3550.1428571428573,6.230735181682829,2.028571428571429
2021-11-29,108.1,109.1,108.1,109.0,26239,17:25,17:20,True,4313.714285714285,6.082693071930057,2.135714285714286
2021-11-30,109.4,109.4,106.8,107.2,19317,17:25,17:20,True,5994.285714285715,3.2225691134413723,2.1857142857142855
2021-12-01,106.4,107.5,106.4,107.5,3404,17:25,17:20,True,7102.714285714285,0.4792534041312175,2.3142857142857136
2021-12-02,106.5,106.5,106.3,106.3,901,17:25,17:20,True,7226.714285714285,0.1246763002352383,2.364285714285714
2021-12-03,106.4,106.8,106.4,106.7,1315,17:25,17:20,True,7078.214285714285,0.1857813209546395,2.4214285714285717
2021-12-06,105.9,106.5,105.9,106.1,1297,17:25,17:15,True,6987.785714285715,0.18560958407016323,2.3714285714285728
2021-12-07,106.8,107.4,106.8,107.4,726,17:25,17:20,True,6938.142857142857,0.1046389523750695,2.4000000000000017
2021-12-08,108.2,108.2,108.2,108.2,3748,17:25,17:20,True,6765.928571428572,0.5539520496605893,2.414285714285716
2021-12-09,107.0,107.3,106.2,106.3,1539,17:25,17:20,True,6703.571428571428,0.22957911561001598,2.500000000000002
2021-12-10,104.5,104.9,104.0,104.6,3916,17:25,17:20,True,6733.642857142857,0.581557424870851,2.464285714285716
2021-12-13,104.1,104.1,103.9,104.0,3325,17:25,17:20,True,6583.571428571428,0.5050450254963654,2.3928571428571437
2021-12-14,103.4,104.0,103.1,104.0,10720,17:25,17:20,True,6699.714285714285,1.6000682331869165,2.357142857142858
2021-12-15,103.0,103.4,103.0,103.4,1574,17:25,17:20,True,7315.928571428572,0.21514698846938676,2.2857142857142856
2021-12-16,103.7,103.9,103.3,103.5,7861,17:25,17:20,True,7152.928571428572,1.098990423502861,2.307142857142858
2021-12-17,104.5,104.8,104.1,104.8,5299,17:25,17:20,True,6134.428571428572,0.8638131389581053,2.142857142857145
2021-12-20,102.4,102.4,101.6,102.2,8745,17:25,17:20,True,4638.714285714285,1.8852206584336795,2.1000000000000023
2021-12-21,103.3,104.1,103.3,104.1,2399,17:25,17:20,True,3883.5714285714284,0.6177303660106677,2.0714285714285734
2021-12-22,106.0,106.4,106.0,106.3,3578,17:25,17:20,True,3811.785714285714,0.938667666073269,2.142857142857145
2021-12-23,107.5,108.0,107.5,107.9,2240,17:25,17:20,True,4003.0,0.559580314763927,2.1571428571428584
2021-12-27,107.6,107.7,107.4,107.7,4967,17:25,17:20,True,4069.0714285714284,1.220671616901013,2.1857142857142873
2021-12-28,107.7,108.4,107.7,108.0,5543,17:25,17:20,True,4331.214285714285,1.2797796724772006,2.1285714285714303
2021-12-29,108.3,108.5,108.3,108.4,886,17:25,17:15,True,4675.285714285715,0.18950713478167872,2.050000000000001
2021-12-30,108.1,108.4,108.0,108.4,1907,17:25,17:20,True,4470.857142857143,0.42654013292433535,1.9785714285714289
2022-01-03,107.8,108.3,107.7,108.3,9406,17:25,17:20,True,4497.142857142857,2.0915501905972045,1.807142857142858
2022-01-04,110.0,110.7,109.9,110.6,12964,17:25,17:20,True,4889.285714285715,2.6515120525931333,1.8142857142857156
2022-01-07,111.0,111.3,111.0,111.2,7264,17:25,17:20,True,5577.785714285715,1.3023089039429367,1.8571428571428592
2022-01-10,112.0,112.0,111.5,111.5,3768,17:25,17:20,True,5330.928571428572,0.7068186995029009,1.8785714285714303
2022-01-11,111.8,111.8,111.2,111.2,9568,17:25,17:20,True,5487.642857142857,1.7435536985695135,1.9071428571428584
2022-01-12,111.8,112.1,111.8,112.1,3462,17:25,17:20,True,5609.571428571428,0.6171594468637788,1.8857142857142861
2022-01-13,114.5,114.9,114.5,114.9,3124,17:25,17:20,True,5478.357142857143,0.5702439469601157,2.0
2022-01-14,116.7,116.9,116.7,116.8,4113,17:25,17:20,True,5076.857142857143,0.8101468850244808,1.9642857142857153
2022-01-17,116.0,116.9,116.0,116.9,12589,17:25,17:20,True,5199.285714285715,2.4212941338095892,1.8785714285714294
2022-01-18,115.6,115.9,115.6,115.6,7331,17:25,17:20,True,5842.928571428572,1.2546790381535677,1.857142857142858
2022-01-19,114.0,114.5,114.0,114.0,13128,17:25,17:20,True,6206.571428571428,2.115177461676564,1.864285714285715
2022-01-20,118.0,118.0,116.6,116.8,3163,17:25,17:20,True,6789.5,0.46586641137049856,2.0642857142857145
2022-01-21,115.4,115.4,115.0,115.3,5085,17:25,17:20,True,6619.5,0.7681849082256968,2.221428571428572
2022-01-24,113.5,113.8,113.1,113.1,14136,17:25,17:20,True,6919.428571428572,2.04294326533983,2.3214285714285725
2022-01-25,111.4,112.7,111.4,112.0,9323,17:25,17:20,True,7792.928571428572,1.1963410051236927,2.5071428571428576
2022-01-26,116.0,116.0,115.7,116.0,3964,17:25,17:20,True,7787.0,0.5090535507897779,2.7071428571428586
2022-01-27,115.0,115.0,113.8,114.5,7864,17:25,17:20,True,7144.142857142857,1.1007618628646845,2.7357142857142867
2022-01-28,116.5,116.5,114.9,114.9,6184,17:25,17:20,True,7187.0,0.8604424655628218,2.7642857142857156
2022-01-31,115.0,115.0,114.2,114.2,8155,17:25,17:20,True,7359.571428571428,1.1080808276879477,2.914285714285715
2022-02-01,113.0,113.9,113.0,113.7,1792,17:25,17:20,True,7258.642857142857,0.2468781059033074,3.007142857142859
2022-02-02,115.9,116.1,115.6,116.1,12201,17:25,17:20,True,7139.357142857143,1.7089773989254735,3.021428571428573
2022-02-03,115.5,115.6,115.2,115.6,1009,17:25,17:20,True,7787.714285714285,0.12956304802436072,3.000000000000001
2022-02-04,115.0,115.1,114.4,114.4,2885,17:25,17:20,True,7566.0,0.3813111287338091,3.078571428571429
2022-02-07,112.6,112.6,112.4,112.4,1603,17:25,17:20,True,6872.857142857143,0.23323633340261898,3.250000000000001
2022-02-08,114.4,114.4,114.4,114.4,860,17:25,17:20,True,6463.714285714285,0.13305043539760422,3.278571428571429
2022-02-09,115.0,115.2,112.5,112.5,20323,17:25,17:20,True,5587.428571428572,3.637272448353446,3.2428571428571433
2022-02-10,114.7,114.7,113.9,113.9,8800,17:25,17:20,True,6813.142857142857,1.2916212362660404,3.414285714285715
2022-02-11,113.0,113.0,111.9,112.6,2263,17:25,17:20,True,7078.5,0.31970050151868334,3.5071428571428576
2022-02-14,110.1,110.9,108.8,109.0,17756,17:25,17:20,True,6230.428571428572,2.849884208836815,3.3785714285714286
2022-02-15,109.1,109.7,109.1,109.7,1831,17:25,17:20,True,6832.785714285715,0.2679726946758799,3.4785714285714278
2022-02-16,111.0,111.0,111.0,111.0,1382,17:25,17:20,True,6680.428571428572,0.20687295511408593,3.4285714285714284
2022-02-17,109.1,109.1,108.8,108.9,2710,17:25,17:20,True,6217.428571428572,0.43587151325766277,3.3999999999999995
2022-02-18,107.0,107.2,106.9,107.2,16435,17:25,17:20,True,5969.285714285715,2.7532607394998205,3.25
2022-02-21,106.9,106.9,106.1,106.4,7428,17:25,17:20,True,6560.714285714285,1.1321937942297224,3.1857142857142855
2022-02-22,104.0,104.0,102.9,103.0,3916,17:25,17:20,True,6963.285714285715,0.5623781876371992,3.1714285714285717
2022-02-23,104.2,104.4,104.0,104.4,3559,17:25,17:20,True,6371.5,0.5585811818253159,3.2142857142857153
2022-02-24,99.35,99.35,97.2,98.5,41553,17:20,17:20,True,6553.642857142857,6.340443155932905,3.164285714285716
2022-02-25,100.0,101.1,100.0,101.1,7770,17:25,17:20,True,9315.642857142857,0.8340809237917788,3.250000000000001
2022-02-28,101.0,101.0,100.0,100.4,5481,17:25,17:20,True,9756.142857142857,0.5617998916433602,3.335714285714288
2022-03-01,100.6,101.0,100.6,101.0,6180,17:25,17:20,True,10086.214285714286,0.6127174998406594,3.364285714285717
2022-03-02,98.85,98.9,97.9,98.15,5344,17:25,17:20,True,9076.0,0.5888056412516527,3.153571428571431
2022-03-03,99.75,100.0,99.4,100.0,5128,17:25,17:20,True,8829.142857142857,0.5808038314672189,3.103571428571431
2022-03-04,97.95,97.95,97.1,97.3,2379,17:25,17:20,True,9033.785714285714,0.2633447455188064,3.117857142857145
2022-03-07,97.0,97.0,95.9,95.9,24103,17:25,17:20,True,7935.428571428572,3.0373910851875854,2.9535714285714314
2022-03-08,96.0,96.3,95.1,96.2,5572,17:25,17:20,True,9526.285714285714,0.5849079239397756,3.1678571428571445
2022-03-09,98.0,98.5,98.0,98.05,2203,17:25,17:20,True,9825.57142857143,0.22421087832041756,3.278571428571431
2022-03-10,100.0,100.5,100.0,100.5,4153,17:25,17:20,True,9789.357142857143,0.42423623322704684,3.4000000000000026
2022-03-11,101.0,101.2,100.7,100.9,8672,17:25,17:20,True,8912.07142857143,0.9730622189806762,3.3857142857142883
2022-03-14,102.7,103.9,102.7,103.7,6921,17:25,17:20,True,9000.92857142857,0.7689206669153184,3.4678571428571447
2022-03-15,105.8,105.8,105.2,105.4,4791,17:25,17:20,True,9215.57142857143,0.5198809468446263,3.510714285714287
2022-03-16,106.6,107.5,106.6,107.5,7045,17:25,17:20,True,9303.57142857143,0.757236084452975,3.5607142857142864
2022-03-17,108.0,108.7,108.0,108.3,8580,17:25,17:20,True,6838.714285714285,1.2546217960769568,3.346428571428573
2022-03-18,106.9,107.3,106.8,106.8,7078,17:25,17:20,True,6896.571428571428,1.0263070676940924,3.2535714285714294
2022-03-21,107.8,108.0,107.1,107.9,3707,17:25,17:20,True,7010.642857142857,0.5287674861689879,3.0892857142857153
2022-03-22,111.0,111.1,110.6,111.0,12659,17:25,17:20,True,6834.0,1.8523558677202223,3.285714285714287
2022-03-23,113.0,113.4,113.0,113.3,15257,17:25,17:20,True,7356.5,2.0739482090668115,3.300000000000002
2022-03-24,104.3,104.3,102.8,103.0,27360,17:25,17:20,True,8080.0,3.386138613861386,3.471428571428574
2022-03-25,102.8,103.1,102.3,102.7,3150,17:25,17:20,True,9864.357142857143,0.31933150375449854,3.750000000000002
2022-03-28,102.8,103.1,102.8,103.1,5690,17:25,17:20,True,8367.714285714286,0.6799945368252125,3.5428571428571454
2022-03-29,102.2,102.4,102.0,102.3,3277,17:25,17:20,True,8376.142857142857,0.39123019460031044,3.43214285714286
2022-03-30,102.8,103.3,102.5,102.6,8138,17:25,17:20,True,8452.857142857143,0.9627513942876458,3.3535714285714318
2022-03-31,104.5,104.5,102.0,102.2,4167,17:25,17:20,True,8737.5,0.4769098712446352,3.5107142857142892
2022-04-01,99.5,99.9,99.5,99.9,2343,17:25,17:15,True,8415.714285714286,0.2784077406212867,3.5428571428571467
2022-04-04,100.0,100.4,100.0,100.4,3703,17:25,17:20,True,8088.714285714285,0.45779834337083414,3.3857142857142892
2022-04-05,99.6,100.2,99.6,99.6,4764,17:25,17:20,True,8011.0,0.5946823118212458,3.2642857142857187
2022-04-06,98.9,99.3,98.3,98.6,3301,17:25,17:20,True,7848.071428571428,0.4206128894268838,3.192857142857147
2022-04-07,99.2,99.2,99.2,99.2,1762,17:25,17:20,True,7471.0,0.23584526837103467,3.142857142857147
2022-04-08,100.4,100.4,99.8,100.2,5294,17:25,17:20,True,7091.285714285715,0.7465500916617981,3.1857142857142895
2022-04-11,105.0,105.0,104.0,104.2,1351,17:25,17:20,True,7204.642857142857,0.18751796956327765,3.1071428571428603
2022-04-12,105.0,105.0,103.4,103.4,4230,17:25,17:20,True,6396.928571428572,0.6612548432841654,3.021428571428573
2022-04-13,106.4,106.4,105.2,106.4,2904,17:25,17:20,True,5609.285714285715,0.5177129759327646,2.9285714285714297
2022-04-19,104.6,105.0,104.4,104.4,3391,17:25,17:20,True,3862.4285714285716,0.8779450382808743,2.607142857142858
2022-04-20,105.0,105.4,105.0,105.2,4904,17:25,17:20,True,3879.6428571428573,1.2640338764613825,2.6285714285714294
2022-04-21,106.4,106.4,106.0,106.2,4961,17:25,17:20,True,3823.5,1.297502288479142,2.721428571428572
2022-04-22,107.2,107.2,106.6,107.2,2052,17:25,17:20,True,3943.785714285714,0.5203122453045479,2.6785714285714284
2022-04-25,106.0,106.0,104.8,105.2,4379,17:25,17:20,True,3509.0714285714284,1.2479084820974211,2.5071428571428567
2022-04-26,107.0,108.0,107.0,107.8,4017,17:25,17:20,True,3524.214285714286,1.1398285332090232,2.3285714285714283
2022-04-27,108.6,108.6,107.2,107.4,12544,17:25,17:20,True,3643.785714285714,3.442573461666634,2.4499999999999997
2022-04-28,111.8,112.0,111.2,111.8,7625,17:25,17:20,True,4275.285714285715,1.7835065325625687,2.6785714285714275
2022-04-29,114.0,114.6,114.0,114.0,3671,17:25,17:20,True,4479.642857142857,0.8194849716973611,2.7928571428571414
2022-05-02,111.0,111.0,109.4,110.4,6220,17:25,17:20,True,4506.071428571428,1.3803598319727353,2.978571428571427
2022-05-03,112.0,112.0,111.6,112.0,1109,17:25,17:20,True,4824.5,0.22986838014302,3.278571428571426
2022-05-04,113.0,113.0,111.6,112.4,4091,17:25,17:20,True,4525.571428571428,0.903974241611162,3.085714285714284
2022-05-05,112.0,112.8,111.6,112.8,7302,17:25,17:20,True,4721.285714285715,1.5466126055251292,3.057142857142856
2022-05-06,110.0,110.0,109.6,109.6,4345,17:25,17:20,True,4940.714285714285,0.8794274974700015,3.0428571428571423
2022-05-09,108.2,108.2,107.4,108.2,10585,17:25,17:20,True,5043.642857142857,2.098681508546827,3.0428571428571423
2022-05-10,105.2,106.0,105.2,106.0,9442,17:25,17:20,True,5557.5,1.6989653621232568,3.085714285714285
2022-05-11,107.2,107.2,105.0,105.6,6833,17:25,17:20,True,5881.642857142857,1.161750239850382,3.0999999999999983
2022-05-12,108.2,108.2,106.8,107.4,2457,17:25,17:20,True,6015.357142857143,0.40845455085198595,3.385714285714284
2022-05-13,108.6,108.8,108.6,108.8,4005,17:25,17:20,True,6044.285714285715,0.6626093122193335,3.4285714285714275
2022-05-16,110.0,110.0,109.2,109.6,6770,17:25,17:20,True,6017.571428571428,1.1250385774992284,3.4142857142857133
2022-05-17,109.2,110.6,109.2,110.6,1919,17:25,17:20,True,6214.214285714285,0.308808147220083,3.442857142857141
2022-05-18,111.8,111.8,111.0,111.4,4707,17:25,17:20,True,5455.285714285715,0.8628329012491162,3.3142857142857136
2022-05-19,109.8,110.4,109.2,110.2,16236,17:25,17:20,True,5246.857142857143,3.094423872794598,3.3142857142857136
2022-05-20,111.8,112.6,111.8,112.6,4234,17:25,17:20,True,6144.357142857143,0.6890875483893467,3.2714285714285722
2022-05-23,114.4,114.6,114.0,114.6,11055,17:25,17:20,True,6002.5,1.8417326114119117,2.9571428571428586
2022-05-24,116.0,116.2,115.6,116.2,6592,17:25,17:20,True,6712.928571428572,0.9819857205179771,3.0428571428571436
2022-05-27,118.2,118.2,116.6,116.6,17093,17:25,17:20,True,6891.571428571428,2.4802761136792357,3.028571428571429
2022-05-30,114.4,115.0,114.4,115.0,5597,17:25,17:20,True,7590.928571428572,0.7373274491168971,3.2428571428571433
2022-05-31,113.8,113.8,113.2,113.2,4315,17:25,17:20,True,7680.357142857143,0.5618228318995582,3.2000000000000006
2022-06-01,112.0,112.8,112.0,112.8,3404,17:25,17:20,True,7232.5,0.470653301071552,3.1714285714285717
2022-06-02,112.8,112.8,112.4,112.6,1283,17:25,17:15,True,6801.214285714285,0.18864278437673945,3.0714285714285725
2022-06-03,112.4,112.8,112.4,112.8,3819,17:25,17:20,True,6404.785714285715,0.5962728763090099,2.7428571428571433
2022-06-07,111.0,111.0,111.0,111.0,2769,17:25,17:20,True,6502.071428571428,0.4258642850080744,2.6999999999999997
2022-06-08,112.0,112.8,111.8,112.8,4886,17:25,17:20,True,6413.785714285715,0.7617965765705567,2.671428571428571
2022-06-09,111.6,111.6,111.0,111.6,1881,17:25,17:20,True,6279.214285714285,0.2995597720369928,2.599999999999999
2022-06-10,112.0,112.0,111.0,111.2,2175,17:25,17:20,True,6276.5,0.34653070979048833,2.5714285714285703
2022-06-13,110.2,110.2,109.4,109.6,4655,17:25,17:20,True,6095.642857142857,0.763660225688138,2.557142857142856
2022-06-14,110.0,110.8,110.0,110.2,2841,17:25,17:20,True,5268.428571428572,0.539249979663223,2.4285714285714266
2022-06-15,112.0,112.2,111.4,111.6,7751,17:25,17:20,True,5168.928571428572,1.499537069025081,2.442857142857141
2022-06-16,112.0,112.2,111.4,112.0,9135,17:25,17:20,True,4932.928571428572,1.8518411259611067,2.4571428571428555
2022-06-17,105.8,106.2,105.6,105.8,3929,17:25,17:20,True,5114.571428571428,0.7681973074129937,2.828571428571427
2022-06-20,104.8,106.4,104.8,106.4,3363,17:25,17:20,True,4174.285714285715,0.8056468172484599,2.614285714285713
2022-06-21,107.2,107.8,107.0,107.2,3460,17:25,17:20,True,4014.714285714286,0.8618296978970217,2.6571428571428553
2022-06-22,106.0,106.0,104.0,104.0,5887,17:25,17:20,True,3953.6428571428573,1.4890065220140556,2.685714285714284
2022-06-23,103.4,103.4,102.8,103.0,6153,17:25,17:15,True,4131.0,1.4894698620188815,2.799999999999998
2022-06-27,104.6,104.6,102.2,103.0,7916,17:25,17:20,True,4478.857142857143,1.7674151569277876,2.8714285714285697
2022-06-28,103.2,103.6,103.2,103.6,2736,17:25,17:15,True,4771.5,0.5734045897516504,2.9571428571428555
2022-06-29,102.4,102.4,102.0,102.4,4249,17:25,17:20,True,4769.142857142857,0.8909357776180207,2.9571428571428564
2022-06-30,102.0,102.2,101.4,101.4,4139,17:25,17:20,True,4723.642857142857,0.8762305121652478,2.900000000000001
2022-07-01,100.6,101.0,100.4,100.6,4135,17:25,17:15,True,4884.928571428572,0.8464811592507567,2.8714285714285714
2022-07-04,103.0,103.0,102.6,102.6,2624,17:25,17:20,True,5024.928571428572,0.52219647756187,2.8857142857142852
2022-07-05,102.0,103.2,102.0,103.2,204,17:25,17:20,True,4879.857142857143,0.04180450247372581,2.8999999999999995
2022-07-06,101.6,102.8,101.6,102.6,3532,17:25,17:20,True,4691.5,0.7528509005648514,2.914285714285714
2022-07-07,103.0,104.4,103.0,104.4,8264,17:25,17:20,True,4390.142857142857,1.882398880609157,2.8571428571428563
2022-07-08,104.4,104.4,103.6,104.0,3420,17:25,17:20,True,4327.928571428572,0.7902163687676388,2.5142857142857133
2022-07-11,106.4,106.4,105.2,105.4,2768,17:25,17:20,True,4291.571428571428,0.6449851869112213,2.528571428571428
2022-07-12,104.2,104.2,104.0,104.0,1149,17:25,17:20,True,4249.071428571428,0.27041202279489635,2.5142857142857133
2022-07-13,106.4,106.4,106.0,106.0,689,17:25,17:20,True,4084.0,0.16870714985308521,2.5428571428571423
2022-07-14,104.0,105.2,104.0,105.2,1019,17:25,17:20,True,3712.714285714286,0.2744622724999038,2.442857142857143
2022-07-15,102.2,102.2,99.0,99.5,11534,17:25,17:20,True,3346.0,3.447101016138673,2.5142857142857156
2022-07-18,100.0,100.8,98.9,99.8,7933,17:25,17:20,True,3604.4285714285716,2.200903650271491,2.864285714285716
2022-07-19,100.4,100.6,99.7,99.7,4709,17:25,17:20,True,3975.6428571428573,1.1844625307677106,2.9357142857142873
2022-07-20,104.0,104.0,103.0,103.6,2405,17:25,17:20,True,4008.5,0.5999750530123488,3.0428571428571436
2022-07-21,102.0,102.2,102.0,102.0,11945,17:25,17:20,True,3884.6428571428573,3.0749287487358643,3.1285714285714294
2022-07-22,103.0,103.2,102.8,102.8,4447,17:25,17:20,True,4442.5,1.0010129431626336,3.02857142857143
2022-07-25,104.6,104.6,103.4,103.8,3856,17:25,17:20,True,4572.714285714285,0.8432628323284077,3.0142857142857156
2022-07-26,105.2,105.2,104.2,104.6,4338,17:25,17:20,True,4833.571428571428,0.897473030885178,2.9571428571428577
2022-07-27,104.4,105.2,104.4,105.2,515,17:25,17:20,True,4891.142857142857,0.10529236520824815,2.9000000000000017
2022-07-28,105.0,105.2,104.4,105.0,2033,17:25,17:20,True,4337.642857142857,0.46868773362754623,2.8428571428571447
2022-07-29,104.8,105.4,104.8,105.4,7496,17:25,17:20,True,4238.571428571428,1.768520390967307,2.714285714285716
2022-08-01,105.8,105.8,105.0,105.4,2356,17:25,17:20,True,4576.285714285715,0.5148279952550415,2.6285714285714303
2022-08-02,104.0,104.0,103.8,103.8,723,17:25,17:20,True,4662.5,0.15506702412868634,2.557142857142859
2022-08-03,104.2,104.2,104.2,104.2,259,17:25,17:20,True,4664.928571428572,0.0555206786200983,2.5142857142857156
2022-08-04,105.0,105.0,105.0,105.0,629,17:25,17:20,True,4610.642857142857,0.13642349223070846,2.3714285714285728
2022-08-05,104.0,104.4,104.0,104.4,2300,17:25,17:20,True,3831.714285714286,0.6002535232272015,1.9214285714285728
2022-08-08,107.0,107.4,107.0,107.4,7836,17:25,17:20,True,3429.3571428571427,2.2849763595842623,1.8500000000000003
2022-08-09,105.8,106.0,105.8,106.0,17,17:25,17:20,True,3652.714285714286,0.004654073291876882,1.7714285714285722
2022-08-10,106.0,106.4,105.8,106.4,1757,17:25,17:20,True,3482.1428571428573,0.504574358974359,1.6714285714285728
2022-08-11,106.2,106.6,106.0,106.4,4512,17:25,17:20,True,2754.4285714285716,1.6380893107203982,1.6428571428571448
2022-08-12,105.8,106.2,105.6,106.2,3123,17:25,17:20,True,2759.0714285714284,1.1319025552074975,1.6000000000000014
2022-08-15,106.2,106.4,106.2,106.2,2161,17:25,17:20,True,2706.714285714286,0.7983849685966116,1.5714285714285725
2022-08-16,104.0,104.8,104.0,104.8,2181,17:25,17:20,True,2551.214285714286,0.8548870285858274,1.642857142857144
2022-08-17,106.0,107.0,105.8,106.8,6321,17:25,17:20,True,2670.214285714286,2.3672257443222855,1.6857142857142864
2022-08-18,105.0,105.2,105.0,105.2,1301,17:25,17:15,True,2976.5,0.43709054258357133,1.7857142857142858
2022-08-19,105.4,105.4,105.0,105.0,670,17:25,17:20,True,2534.0,0.2644041041831097,1.8000000000000003
2022-08-22,105.4,105.6,105.2,105.6,1638,17:25,17:20,True,2413.5714285714284,0.6786623261319917,1.7142857142857142
2022-08-23,103.2,103.2,102.8,102.8,9242,17:25,17:20,True,2478.9285714285716,3.7282235989050565,1.7714285714285711
2022-08-24,102.8,102.8,102.2,102.6,9737,17:25,17:20,True,3120.5714285714284,3.1202618568027836,1.7857142857142847
2022-08-26,103.2,103.4,103.2,103.4,10130,17:25,17:20,True,3771.1428571428573,2.686188347602091,1.7714285714285702
2022-08-29,101.8,102.2,101.6,101.8,15568,17:25,17:20,True,4330.428571428572,3.5950252366971265,1.7857142857142847
2022-08-30,100.4,101.2,100.4,101.2,1771,17:25,17:20,True,4882.714285714285,0.3627080956142661,1.857142857142856
2022-08-31,100.2,100.4,100.0,100.0,13434,17:25,17:20,True,5008.0,2.6825079872204474,1.8999999999999986
2022-09-01,100.2,100.2,99.7,100.0,5819,17:25,17:20,True,5842.071428571428,0.9960508136791011,1.8928571428571408
2022-09-02,98.5,99.1,98.5,99.0,2875,17:25,17:20,True,5935.428571428572,0.4843795128526042,1.9642857142857133
2022-09-05,98.1,98.2,97.6,98.0,8041,17:25,17:20,True,5917.714285714285,1.358801660872924,2.0214285714285714
2022-09-06,99.0,99.9,99.0,99.8,10465,17:25,17:20,True,6337.714285714285,1.6512262194572176,2.0214285714285714
2022-09-07,100.0,100.0,97.9,97.9,5413,17:25,17:20,True,6929.428571428572,0.7811610934729724,2.028571428571429
2022-09-08,99.0,99.5,99.0,99.2,1527,17:20,17:20,True,6864.571428571428,0.22244651627403647,2.0428571428571436
2022-09-09,100.2,101.0,100.2,101.0,1643,17:25,17:20,True,6880.714285714285,0.2387833489048064,2.064285714285716
2022-09-12,101.6,102.8,101.6,102.6,4472,17:25,17:20,True,6950.214285714285,0.6434333987646835,2.1214285714285728
2022-09-13,104.4,104.4,104.0,104.2,6125,17:25,17:20,True,7152.642857142857,0.8563268322398314,2.107142857142859
2022-09-14,103.2,104.0,103.2,104.0,4275,17:25,17:20,True,6930.0,0.6168831168831169,2.1500000000000017
2022-09-15,102.4,103.8,102.4,103.8,2380,17:25,17:20,True,6539.857142857143,0.36392232246226436,2.2357142857142875
2022-09-16,104.0,105.0,104.0,105.0,1941,17:25,17:20,True,5986.285714285715,0.3242411225658648,2.3500000000000014
2022-09-19,105.8,106.2,105.2,105.2,11447,17:25,17:20,True,5012.928571428572,2.2834955329790114,2.307142857142859
2022-09-20,105.4,106.4,105.2,106.4,7832,17:25,17:20,True,5704.071428571428,1.373054334623139,2.464285714285716
2022-09-21,107.6,107.8,106.6,106.6,11633,17:25,17:20,True,5303.928571428572,2.193279913810518,2.728571428571431
2022-09-22,110.4,110.4,109.2,109.8,9926,17:25,17:20,True,5719.214285714285,1.7355530854637875,2.9285714285714306
2022-09-23,111.4,111.6,111.0,111.4,6402,17:25,17:20,True,6222.857142857143,1.0287878787878788,3.0142857142857165
2022-09-26,109.0,109.0,108.0,108.0,4957,17:25,17:20,True,6105.785714285715,0.811852926381301,3.1571428571428592
2022-09-27,110.0,110.0,109.0,110.0,35715,17:25,17:20,True,5712.357142857143,6.2522351293561576,3.2071428571428586
2022-09-28,109.6,110.0,109.6,109.8,70976,17:25,17:20,True,7876.785714285715,9.010782135570166,3.192857142857144
2022-09-29,107.6,108.4,107.4,107.4,5388,17:25,17:20,True,12837.42857142857,0.41971022234092276,3.285714285714287
2022-09-30,106.6,107.0,106.2,106.6,4033,17:25,17:20,True,13104.92857142857,0.3077468128130638,3.3714285714285728
2022-10-03,108.8,108.8,106.8,106.8,8269,17:25,17:20,True,13073.57142857143,0.6324974047970278,3.400000000000001
2022-10-04,107.4,108.0,107.4,107.6,4602,17:25,17:20,True,13226.714285714286,0.34793221510579236,3.6000000000000014
2022-10-05,109.4,109.4,108.4,109.0,4006,17:25,17:20,True,13250.07142857143,0.3023379927871009,3.6142857142857148
2022-10-06,109.0,109.0,108.6,109.0,1508,17:25,17:20,True,13366.214285714286,0.11282177344797918,3.471428571428572
2022-10-07,107.2,108.0,106.8,108.0,1638,17:25,17:20,True,13335.285714285714,0.12283201388368133,3.5
2022-10-10,106.2,106.2,105.4,105.4,5798,17:25,17:20,True,12634.642857142857,0.458897023489838,3.3714285714285706
2022-10-11,105.4,105.6,105.0,105.0,2592,17:25,17:20,True,12489.357142857143,0.20753670267828037,3.1285714285714272
2022-10-12,104.8,105.6,104.8,105.6,1614,17:25,17:20,True,11843.57142857143,0.1362764610095893,2.885714285714284
2022-10-13,106.6,106.6,106.0,106.0,2748,17:25,17:20,True,11249.857142857143,0.24426976850499688,2.828571428571426
2022-10-14,108.8,109.4,108.4,108.4,3543,17:25,17:20,True,10988.857142857143,0.32241751384519385,2.6857142857142833
2022-10-17,108.0,108.2,107.6,108.2,2880,17:25,17:20,True,10887.857142857143,0.26451485927966933,2.642857142857141
2022-10-18,109.2,110.6,109.2,110.6,7263,17:25,17:20,True,8542.5,0.8502194907813871,2.6142857142857117
2022-10-19,115.8,119.2,115.8,117.4,125984,17:25,17:20,True,3991.5714285714284,31.562506710568698,2.6428571428571397
2022-10-20,119.0,119.4,118.8,119.2,11601,17:25,17:20,True,12605.57142857143,0.9203073470914221,3.0999999999999974
2022-10-21,116.0,116.2,115.0,115.4,14830,17:25,17:20,True,13146.142857142857,1.1280875433315585,3.328571428571426
2022-10-24,118.6,119.8,118.6,119.8,10563,17:25,17:20,True,13614.785714285714,0.7758476866012266,3.328571428571426
2022-10-25,121.4,122.0,121.4,121.8,3158,17:25,17:20,True,14040.57142857143,0.22491962069105856,3.3714285714285697
2022-10-26,121.0,121.6,121.0,121.0,2368,17:25,17:20,True,13980.0,0.1693848354792561,3.4285714285714275
2022-10-27,119.2,119.6,119.2,119.6,2515,17:25,17:20,True,14041.42857142857,0.17911282938243972,3.442857142857142
2022-10-28,119.4,119.4,119.4,119.4,2745,17:25,17:20,True,14104.07142857143,0.19462465245597774,3.414285714285714
2022-10-31,121.4,121.4,120.8,121.0,9246,17:25,17:20,True,13886.0,0.6658504969033558,3.4571428571428564
2022-11-01,120.8,121.6,120.8,121.6,9603,17:25,17:20,True,14361.285714285714,0.6686727213043002,3.4571428571428564
2022-11-02,120.6,121.4,120.6,121.0,7120,17:25,17:20,True,14931.92857142857,0.4768305692021412,3.4285714285714284
2022-11-03,120.2,121.6,120.2,121.2,4867,17:25,17:20,True,15244.214285714286,0.31926866867523507,3.3999999999999995
2022-11-07,122.4,123.2,122.4,122.8,11516,17:25,17:20,True,15338.785714285714,0.7507765095951906,3.4142857142857133
2022-11-08,122.8,123.4,122.8,123.2,3515,17:25,17:20,True,15955.642857142857,0.22029823752456587,3.4285714285714284
2022-11-09,124.0,124.0,123.2,123.6,3146,17:25,17:20,True,15687.92857142857,0.20053635415765536,3.3000000000000003
2022-11-10,123.2,123.2,122.4,122.4,2179,17:25,17:20,True,6913.785714285715,0.3151674191315488,2.8000000000000003
2022-11-11,123.0,123.4,121.6,121.6,13010,17:25,17:20,True,6240.785714285715,2.084673404218791,2.5428571428571423
2022-11-14,122.0,122.8,122.0,122.8,6758,17:25,17:15,True,6110.785714285715,1.1059134317541583,2.385714285714286
2022-11-15,122.6,122.8,122.2,122.6,2680,17:25,17:20,True,5839.0,0.45898270251755435,2.2857142857142856
2022-11-16,123.0,124.2,123.0,124.2,9243,17:20,17:20,True,5804.857142857143,1.5922872471329428,2.2285714285714278
2022-11-17,124.4,124.4,124.0,124.2,6267,17:25,17:15,True,6295.928571428572,0.9954051938327491,2.1857142857142855
2022-11-18,123.2,123.4,123.0,123.0,6408,17:25,17:20,True,6563.928571428572,0.9762446270199684,2.1857142857142855
2022-11-21,124.2,125.2,124.2,125.2,5376,17:25,17:20,True,6825.571428571428,0.7876263630465268,2.1714285714285717
2022-11-22,123.6,124.2,123.6,124.0,3941,17:25,17:20,True,6549.142857142857,0.601758136288282,2.2285714285714286
2022-11-23,125.6,125.6,125.6,125.6,2691,17:25,17:20,True,6144.714285714285,0.4379373677725339,2.2857142857142856
2022-11-24,125.4,126.0,125.4,125.8,4386,17:25,17:20,True,5828.357142857143,0.7525276664583257,2.2714285714285722
2022-11-25,125.8,126.0,125.4,125.4,8163,17:25,17:20,True,5794.0,1.4088712461166724,2.300000000000001
2022-11-28,124.4,124.6,124.2,124.6,2759,17:25,17:20,True,5554.5,0.496714375731389,2.2571428571428576
2022-11-29,123.4,123.4,123.2,123.2,2058,17:25,17:20,True,5500.5,0.3741478047450232,2.2428571428571433
2022-11-30,125.6,127.0,125.6,127.0,13385,17:25,17:20,True,5422.785714285715,2.4682885707135234,2.2142857142857144
2022-12-01,126.0,126.8,126.0,126.6,11009,17:25,17:20,True,6223.214285714285,1.7690215208034434,2.2000000000000006
2022-12-02,126.2,126.6,126.0,126.6,4835,17:25,17:20,True,6080.285714285715,0.7951928950707203,2.1142857142857148
2022-12-05,124.6,125.0,124.4,124.4,8076,17:25,17:20,True,5942.928571428572,1.3589259744474225,2.1571428571428575
2022-12-06,125.8,125.8,125.6,125.6,1454,17:25,17:20,True,6328.357142857143,0.22975947266837476,2.1714285714285717
2022-12-07,124.2,124.2,123.6,124.0,1096,17:25,17:20,True,5772.0,0.18988218988218988,2.2000000000000006
2022-12-08,121.8,122.6,121.8,122.6,6069,17:25,17:20,True,5402.642857142857,1.1233391065219405,2.2714285714285722
2022-12-09,122.8,123.0,122.8,122.8,5014,17:25,17:20,True,5378.428571428572,0.9322425562431937,2.2571428571428576
2022-12-12,123.8,124.0,123.4,123.8,12539,17:25,17:20,True,5352.571428571428,2.3426123625493753,2.22857142857143
2022-12-13,124.0,124.4,124.0,124.4,2453,17:25,17:20,True,5966.714285714285,0.4111140373979458,2.1428571428571437
2022-12-14,124.4,124.8,124.4,124.8,1939,17:25,17:20,True,5949.714285714285,0.3258980023050327,2.142857142857143
2022-12-15,126.0,126.4,126.0,126.2,3273,17:25,17:20,True,5774.928571428572,0.5667602567749755,2.1142857142857148
2022-12-16,124.6,125.2,124.6,125.0,2016,17:25,17:20,True,5425.642857142857,0.37156887268131494,2.1571428571428575
2022-12-19,125.4,125.8,125.4,125.8,6670,17:25,17:20,True,5372.571428571428,1.2414911720910444,2.1714285714285717
2022-12-20,125.0,125.0,124.0,124.0,4982,17:25,17:20,True,5702.0,0.8737285163100666,2.142857142857143
2022-12-21,126.4,126.6,126.0,126.6,6966,17:25,17:20,True,5101.785714285715,1.3654042702135105,2.142857142857143
2022-12-22,126.4,127.0,126.4,127.0,9923,17:25,17:15,True,4813.0,2.0617078745065447,2.099999999999999
2022-12-23,128.0,128.2,127.6,127.6,3034,17:25,17:20,True,5176.428571428572,0.5861183938181316,2.1000000000000005
2022-12-27,129.0,129.6,128.8,129.6,6357,17:25,17:20,True,4816.285714285715,1.3198967787862608,2.0714285714285716
2022-12-28,128.8,128.8,128.4,128.4,2616,17:25,17:20,True,5166.5,0.5063389141585213,1.9571428571428555
2022-12-29,126.4,126.4,125.8,125.8,7752,17:25,17:20,True,5275.071428571428,1.4695535605475891,1.9285714285714266
2022-12-30,125.6,125.6,124.4,124.4,34390,17:25,17:20,True,5395.285714285715,6.374083194323086,2.028571428571426
2023-01-02,123.0,123.0,122.4,122.6,6273,17:25,17:20,True,7493.571428571428,0.8371175293108378,2.1571428571428544
2023-01-03,124.0,124.0,123.4,123.6,3054,17:25,17:20,True,7046.0,0.4334374112971899,2.199999999999998
2023-01-04,125.0,125.8,125.0,125.2,3388,17:25,17:20,True,7088.928571428572,0.4779283591112902,2.242857142857141
2023-01-09,126.0,127.6,126.0,127.4,15517,17:25,17:20,True,7192.428571428572,2.157407591316265,2.17142857142857
2023-01-10,128.4,128.6,128.2,128.2,14716,17:25,17:20,True,8067.0,1.824222139581009,2.2857142857142856
2023-01-11,130.8,131.6,130.8,131.2,10849,17:25,17:20,True,8974.142857142857,1.2089176841401488,2.3857142857142852
2023-01-12,132.4,133.4,132.4,133.4,2226,17:25,17:20,True,9272.642857142857,0.24006100895876503,2.4285714285714275
2023-01-13,133.6,133.6,132.8,133.0,10339,17:25,17:20,True,9075.785714285714,1.1391851158105162,2.4285714285714266
2023-01-16,132.6,134.4,132.6,134.4,16027,17:25,17:20,True,9316.714285714286,1.720241654783262,2.557142857142856
2023-01-17,134.4,134.6,134.0,134.0,12403,17:25,17:20,True,9752.714285714286,1.2717485242203634,2.528571428571427
2023-01-18,131.0,131.6,131.0,131.4,2386,17:25,17:20,True,10421.92857142857,0.22894035241626517,2.699999999999998
2023-01-19,130.6,130.6,130.0,130.6,4420,17:25,17:20,True,10138.285714285714,0.4359711419231203,2.728571428571427
2023-01-20,130.6,130.8,130.4,130.8,10371,17:25,17:20,True,10267.142857142857,1.0101154862946988,2.67142857142857
2023-01-23,131.0,131.4,131.0,131.0,9993,17:25,17:20,True,10454.214285714286,0.9558824534193319,2.614285714285714
2023-01-24,129.6,130.4,129.4,130.2,11932,17:25,17:20,True,8711.57142857143,1.369672520949148,2.5714285714285716
2023-01-25,129.4,130.2,129.4,130.2,4836,17:25,17:20,True,9115.785714285714,0.5305083019252318,2.5428571428571436
2023-01-26,127.4,127.6,126.8,127.6,6929,17:25,17:20,True,9243.07142857143,0.7496425894299205,2.614285714285714
2023-01-27,128.0,128.6,127.8,128.4,9818,17:25,17:20,True,9496.0,1.0339090143218197,2.671428571428571
2023-01-30,129.4,129.4,128.8,128.8,3285,17:25,17:20,True,9088.92857142857,0.3614287398326064,2.5999999999999974
2023-01-31,130.4,131.6,130.2,131.6,5282,17:25,17:20,True,8272.42857142857,0.6385065708808952,2.5428571428571414
2023-02-01,131.6,131.6,130.4,130.4,8062,17:25,17:20,True,7874.785714285715,1.0237738895389443,2.528571428571428
2023-02-02,132.0,132.0,131.4,131.8,6695,17:25,17:20,True,8291.642857142857,0.8074395044924753,2.52857142857143
2023-02-03,131.2,131.2,131.0,131.2,8922,17:25,17:20,True,8031.357142857143,1.1108956856606693,2.5428571428571436
2023-02-06,134.4,135.2,134.4,135.0,14884,17:25,17:20,True,7523.857142857143,1.9782406440465565,2.6285714285714286
2023-02-07,135.0,136.2,135.0,136.2,8230,17:25,17:20,True,7701.071428571428,1.0686824653341371,2.4857142857142875
2023-02-08,132.0,132.0,129.8,131.0,114811,17:25,17:20,True,8118.5,14.14189813389173,2.5714285714285743
2023-02-09,128.0,129.8,128.0,129.6,48335,17:25,17:20,True,16003.57142857143,3.0202633340772147,3.0714285714285756
2023-02-10,126.0,126.6,126.0,126.6,12912,17:25,17:20,True,18715.285714285714,0.6899173326616135,3.242857142857145
2023-02-13,127.4,128.2,126.6,128.2,23679,17:25,17:20,True,18923.785714285714,1.2512823997010565,3.200000000000002
2023-02-14,129.8,130.6,129.8,129.8,29241,17:25,17:20,True,19762.85714285714,1.4795937545178546,3.314285714285716
2023-02-15,125.0,125.2,124.4,124.6,60581,17:25,17:20,True,21506.071428571428,2.8169254529451817,3.500000000000002
2023-02-16,126.0,126.4,125.8,126.0,40249,17:25,17:20,True,25338.35714285714,1.5884613107738974,3.500000000000002
2023-02-17,127.6,127.6,127.2,127.2,21893,17:25,17:20,True,27512.0,0.7957618493748183,3.4285714285714315
2023-02-20,128.4,128.6,127.8,128.0,22160,17:25,17:20,True,28841.14285714286,0.7683468061499444,3.4000000000000026
2023-02-21,127.2,128.0,127.0,127.8,16310,17:25,17:20,True,30046.714285714286,0.5428214161757644,3.3857142857142883
2023-02-22,128.0,128.2,127.8,128.0,8022,17:25,17:20,True,30635.85714285714,0.26185002634634486,3.3714285714285737
2023-02-23,127.4,128.2,127.4,128.0,26099,17:25,17:20,True,30730.64285714286,0.849282591364134,3.257142857142859
2023-02-24,129.6,130.0,129.6,129.8,4551,17:25,17:20,True,31957.571428571428,0.1424075671761219,3.1857142857142873
2023-02-27,130.4,131.4,130.4,131.4,13825,17:25,17:20,True,31219.5,0.4428322042313298,3.171428571428574
2023-02-28,131.8,131.8,131.0,131.2,8318,17:25,17:20,True,31619.14285714286,0.2630684847334797,3.1571428571428606
2023-03-01,132.0,132.2,131.6,131.8,12920,17:25,17:20,True,24012.5,0.5380530973451327,2.6285714285714303
2023-03-02,129.0,129.0,128.4,128.6,12725,17:25,17:20,True,21482.85714285714,0.5923327570155607,2.5428571428571454
2023-03-03,128.6,129.0,128.6,129.0,3581,17:25,17:20,True,21469.5,0.16679475535061367,2.442857142857146
2023-03-06,129.4,130.0,129.4,130.0,5017,17:25,17:20,True,20033.928571428572,0.25042517158392014,2.3000000000000034
2023-03-07,130.6,130.6,130.2,130.2,8078,17:25,17:20,True,18303.64285714286,0.44133291187156337,1.9857142857142887
2023-03-08,129.8,129.8,129.4,129.6,12906,17:25,17:20,True,14553.42857142857,0.8868013428352671,1.9285714285714326
2023-03-09,129.8,130.2,129.8,130.2,12360,17:25,17:20,True,12600.357142857143,0.980924576967773,1.85714285714286
2023-03-10,128.4,128.4,126.2,126.4,27809,17:25,17:20,True,11919.42857142857,2.3330816434153125,1.85714285714286
2023-03-13,127.4,128.0,126.8,126.8,13093,17:25,17:20,True,12322.92857142857,1.0624909431315608,2.1000000000000036
2023-03-14,124.4,124.6,123.4,123.8,10396,17:25,17:20,True,12093.142857142857,0.8596607286301564,2.357142857142859
2023-03-15,125.0,125.0,124.0,124.2,9053,17:25,17:20,True,12262.714285714286,0.738254173510875,2.5142857142857165
2023-03-16,122.0,123.0,121.6,123.0,18911,17:25,17:20,True,11045.142857142857,1.712155310673082,2.7428571428571464
2023-03-17,118.0,119.4,118.0,119.4,26034,17:25,17:20,True,12070.857142857143,2.1567648172694565,3.1571428571428592
2023-03-20,114.4,115.0,113.0,113.0,49798,17:25,17:20,True,12942.92857142857,3.847506360340175,3.285714285714287
2023-03-21,118.6,119.6,118.2,119.6,10021,17:25,17:20,True,15905.785714285714,0.6300223189225843,3.671428571428573
2023-03-22,120.0,120.0,118.2,118.8,13595,17:25,17:20,True,15698.714285714286,0.8659944854446678,3.671428571428574
2023-03-23,112.0,112.4,110.2,112.2,21153,17:25,17:20,True,15760.857142857143,1.3421224371408371,3.8428571428571447
2023-03-24,107.6,107.6,106.8,106.8,22973,17:25,17:20,True,17016.0,1.3500822755054067,4.714285714285715
2023-03-27,107.6,108.8,107.6,107.8,23512,17:25,17:20,True,18298.571428571428,1.2849090483253962,4.842857142857144
2023-03-29,107.0,108.0,107.0,107.8,14026,17:25,17:20,True,19401.0,0.7229524251327251,5.042857142857143
2023-03-30,108.8,109.6,108.6,109.6,8406,17:25,17:20,True,19481.0,0.43149735639854214,5.271428571428571
2023-03-31,112.4,112.6,112.0,112.0,14537,17:25,17:20,True,19198.571428571428,0.7571917553389389,5.442857142857142
2023-04-03,111.2,112.0,111.2,111.8,9487,17:25,17:20,True,18250.571428571428,0.5198193402946287,5.199999999999998
2023-04-04,111.0,111.6,111.0,111.4,11437,17:25,17:20,True,17993.0,0.6356360806980492,4.928571428571428
2023-04-05,110.4,110.8,110.2,110.2,7736,17:25,17:20,True,18067.35714285714,0.42817551780440655,4.785714285714285
2023-04-11,112.0,112.2,111.0,111.0,21420,17:25,17:20,True,17973.285714285714,1.1917687361401446,4.6428571428571415
2023-04-12,111.2,111.4,110.8,111.4,6294,17:25,17:20,True,18152.5,0.3467291006748382,4.357142857142856
2023-04-13,110.8,111.0,110.6,110.8,9818,17:25,17:20,True,16742.5,0.5864118261908318,4.157142857142856
2023-04-14,111.0,111.6,111.0,111.6,14686,17:25,17:20,True,13886.785714285714,1.0575521436103181,3.785714285714284
2023-04-17,114.2,115.0,114.2,115.0,13973,17:25,17:20,True,14220.0,0.9826300984528833,3.799999999999997
2023-04-18,114.6,116.2,114.6,116.2,10612,17:25,17:20,True,14247.0,0.7448585667157999,3.6428571428571397
2023-04-19,114.8,115.2,114.8,115.2,4224,17:25,17:20,True,13494.07142857143,0.31302635548944774,2.814285714285712
2023-04-20,116.0,116.6,116.0,116.6,8856,17:25,17:20,True,12154.857142857143,0.7285976211743689,2.6714285714285677
2023-04-21,115.0,115.4,115.0,115.4,6777,17:25,17:20,True,11108.0,0.6101008282319049,2.528571428571426
2023-04-24,114.4,114.4,113.8,113.8,6391,17:25,17:20,True,10590.214285714286,0.6034816508501784,2.357142857142855
2023-04-25,115.0,115.6,114.8,115.6,5758,17:25,17:20,True,10446.285714285714,0.5512007001805154,2.157142857142856
2023-04-26,114.8,115.6,113.8,115.0,14667,17:25,17:20,True,9819.214285714286,1.4937040350915478,2.2285714285714278
2023-04-27,113.6,114.8,113.6,114.4,16295,17:25,17:20,True,10189.214285714286,1.5992400928152317,2.528571428571428
2023-04-28,113.8,113.8,113.4,113.4,4177,17:25,17:20,True,10536.214285714286,0.39644220274292064,2.557142857142857
2023-05-02,112.6,112.8,112.0,112.0,14321,17:25,17:20,True,10282.0,1.392822408091811,2.5428571428571423
2023-05-03,109.6,109.6,108.4,108.8,12955,17:25,17:20,True,9774.92857142857,1.325329377635204,2.614285714285713
2023-05-04,108.0,108.6,107.8,108.2,12873,17:25,17:20,True,10250.714285714286,1.2558149257891436,2.6285714285714272
2023-05-05,107.0,107.6,106.8,107.6,4274,17:25,17:20,True,10468.92857142857,0.4082557227168833,2.67142857142857
2023-05-08,108.6,109.2,108.6,109.2,4362,17:25,17:20,True,9725.214285714286,0.4485248213406976,2.5428571428571414
2023-05-09,108.6,108.6,107.8,107.8,13112,17:25,17:20,True,9038.714285714286,1.4506487964470294,2.499999999999999
2023-05-10,107.0,107.6,107.0,107.2,9012,17:25,17:20,True,9217.285714285714,0.9777281815222951,2.499999999999999
2023-05-11,105.8,106.8,105.8,106.2,29950,17:25,17:20,True,9559.285714285714,3.13307927968318,2.585714285714285
2023-05-12,107.4,108.0,107.0,107.8,21003,17:25,17:20,True,11066.0,1.8979757816735947,2.5714285714285703
2023-05-15,107.8,108.0,106.8,106.8,14325,17:25,17:20,True,12082.142857142857,1.1856340526160214,2.5714285714285703
2023-05-16,107.8,107.8,107.0,107.6,4422,17:25,17:20,True,12648.857142857143,0.3495968015179237,2.5999999999999983
2023-05-19,106.6,106.8,106.4,106.6,13786,17:25,17:20,True,12553.42857142857,1.0981860391014409,2.4857142857142844
2023-05-22,106.0,106.2,105.8,106.2,5694,17:25,17:20,True,12490.5,0.4558664585084664,2.157142857142856
2023-05-23,106.6,106.8,105.8,105.8,20999,17:25,17:20,True,11733.285714285714,1.7896947633716047,2.099999999999999
2023-05-24,107.0,107.2,106.6,107.0,7210,17:25,17:20,True,12934.857142857143,0.5574085527478353,2.0428571428571423
2023-05-25,106.4,106.4,105.8,105.8,3833,17:25,17:20,True,12426.92857142857,0.3084430700609851,1.828571428571428
2023-05-26,107.0,107.4,107.0,107.4,11610,17:25,17:20,True,11775.357142857143,0.985957356464772,1.8857142857142861
2023-05-29,108.6,108.6,108.2,108.6,2483,17:25,17:15,True,11685.142857142857,0.21249205340114433,1.8285714285714292
2023-05-30,106.6,107.0,106.6,107.0,2814,17:25,17:20,True,11557.214285714286,0.24348428007243464,1.8428571428571427
2023-05-31,105.4,105.4,105.0,105.0,8221,17:25,17:20,True,11446.642857142857,0.7182018433352262,1.9142857142857141
2023-06-01,105.6,106.2,105.6,106.2,2595,17:25,17:20,True,11097.285714285714,0.2338409649721296,1.971428571428571
2023-06-02,107.8,108.2,107.8,108.2,5305,17:25,17:20,True,10638.92857142857,0.49864043774547656,1.971428571428571
2023-06-05,109.6,109.6,109.4,109.4,6700,17:25,17:20,True,8878.57142857143,0.7546259050683829,1.9571428571428566
2023-06-07,109.2,109.8,109.2,109.6,10728,17:25,17:20,True,7856.928571428572,1.3654190568833695,1.914285714285713
2023-06-08,109.6,109.8,109.2,109.2,7880,17:25,17:15,True,7600.0,1.0368421052631578,1.857142857142856
2023-06-09,109.0,109.4,109.0,109.4,10907,17:25,17:20,True,7847.0,1.389957945711737,1.8714285714285697
2023-06-12,111.0,111.0,109.6,109.6,27390,17:25,17:20,True,7641.357142857143,3.584441806335823,1.9285714285714266
2023-06-13,107.2,107.8,106.4,107.6,22210,17:25,17:20,True,9191.07142857143,2.4164756168641923,2.1571428571428553
2023-06-14,106.0,106.4,105.4,106.2,11184,17:25,17:20,True,9277.57142857143,1.2054878893799177,2.1142857142857117
2023-06-15,106.8,106.8,106.4,106.8,5323,17:25,17:20,True,9561.42857142857,0.5567159719109518,2.1857142857142833
2023-06-16,107.6,108.6,107.2,108.6,12838,17:25,17:20,True,9667.857142857143,1.3279054303657185,2.0999999999999965
2023-06-19,110.0,110.4,109.6,110.0,21629,17:25,17:20,True,9755.57142857143,2.21709206460777,2.2285714285714255
2023-06-20,110.0,110.0,109.4,110.0,1602,17:25,17:20,True,11123.142857142857,0.14402404253679588,2.1857142857142833
2023-06-21,109.0,109.0,108.8,108.8,5069,17:25,17:15,True,11036.57142857143,0.4592911877394636,2.1285714285714263
2023-06-22,109.6,109.6,108.6,108.8,7380,17:25,17:20,True,10811.42857142857,0.6826109936575053,1.9857142857142835
2023-06-26,105.0,105.0,104.0,104.2,10492,17:25,17:15,True,11153.214285714286,0.9407153607224054,2.142857142857141
2023-06-27,105.0,105.8,105.0,105.6,398,17:25,17:20,True,11523.714285714286,0.03453747551632658,2.214285714285712
2023-06-28,106.0,106.4,106.0,106.4,1807,17:25,17:20,True,11073.57142857143,0.16318131974456557,2.242857142857141
2023-06-29,106.6,107.0,106.6,106.8,3584,17:25,17:20,True,10436.357142857143,0.343414847819094,2.228571428571427
2023-06-30,107.2,107.6,107.0,107.6,4306,17:25,17:20,True,10129.5,0.4250950194975073,2.228571428571427
2023-07-03,107.6,109.0,107.6,109.0,3549,17:25,17:20,True,9658.0,0.367467384551667,2.1571428571428553
2023-07-04,109.6,109.6,109.2,109.2,3378,17:25,17:20,True,7955.071428571428,0.42463477925133114,1.9857142857142835
2023-07-05,109.4,109.4,108.8,108.8,6016,17:25,17:20,True,6609.928571428572,0.9101459925004592,1.942857142857141
2023-07-06,110.6,110.6,109.8,109.8,13568,17:25,17:20,True,6240.785714285715,2.1740852227855925,1.8999999999999986
2023-07-07,110.6,110.8,110.6,110.8,4910,17:25,17:20,True,6829.714285714285,0.7189173360107095,1.8999999999999997
2023-07-10,110.4,110.4,109.6,109.6,6599,17:25,17:20,True,6263.428571428572,1.0535763160295593,1.7571428571428558
2023-07-11,108.0,108.0,107.4,107.6,2833,17:25,17:20,True,5189.857142857143,0.545872443502436,1.8285714285714272
2023-07-12,109.0,110.0,109.0,109.0,8010,17:25,17:20,True,5277.785714285715,1.517681928297852,1.999999999999999
2023-07-13,110.6,111.6,110.4,111.0,10952,17:25,17:20,True,5487.857142857143,1.995678771313289,2.0714285714285703
2023-07-14,112.4,113.0,112.2,113.0,5875,17:25,17:20,True,5743.0,1.0229845028730629,1.8857142857142841
2023-07-17,113.0,113.0,112.4,112.4,12875,17:25,17:20,True,5413.214285714285,2.3784390050801614,1.8142857142857127
2023-07-18,115.6,116.2,115.0,115.8,15450,17:25,17:20,True,6304.428571428572,2.4506582674310575,1.8571428571428552
2023-07-19,114.0,114.0,112.4,112.6,28876,17:25,17:20,True,7278.928571428572,3.967067366665031,1.97142857142857
2023-07-20,114.2,114.8,113.2,113.4,17201,17:25,17:20,True,9085.5,1.8932364757030433,2.2285714285714278
2023-07-21,111.8,111.8,111.0,111.0,9531,17:25,17:20,True,10006.57142857143,0.9524740884561573,2.4142857142857133
2023-07-24,112.2,112.4,111.8,112.0,5924,17:25,17:20,True,10433.857142857143,0.5677670221942303,2.442857142857142
2023-07-25,112.0,112.8,112.0,112.2,7779,17:25,17:20,True,10615.714285714286,0.7327815906338312,2.471428571428571
2023-07-26,113.6,113.6,112.6,113.0,6591,17:25,17:20,True,10741.642857142857,0.6135932917949503,2.4857142857142853
2023-07-27,113.4,114.2,113.4,113.6,7280,17:25,17:20,True,10243.285714285714,0.7107094542766691,2.471428571428571
2023-07-28,113.8,114.0,113.4,114.0,2711,17:25,17:20,True,10412.57142857143,0.26035835802875645,2.4571428571428564
2023-07-31,113.8,114.4,113.8,113.8,4517,17:25,17:20,True,10134.857142857143,0.44568955796120885,2.3428571428571425
2023-08-01,114.8,115.0,114.2,114.4,8786,17:25,17:20,True,10255.142857142857,0.85674086869306,2.1857142857142855
2023-08-02,114.0,114.0,113.2,113.2,4436,17:25,17:20,True,10310.57142857143,0.4302380358577881,2.1857142857142855
2023-08-03,113.2,114.4,113.2,113.6,10901,17:25,17:20,True,9845.142857142857,1.1072465029891463,2.1857142857142864
2023-08-04,114.4,115.0,114.4,115.0,295,17:25,17:20,True,10204.142857142857,0.028909826541040753,2.1714285714285717
2023-08-07,114.8,115.2,114.8,115.2,2306,17:25,17:20,True,9305.57142857143,0.247808532522759,2.1000000000000005
2023-08-08,111.8,112.4,111.6,112.0,10594,17:25,17:20,True,8366.714285714286,1.2662079327949185,2.157142857142856
2023-08-09,110.8,112.4,110.8,112.4,3005,17:25,17:20,True,7060.857142857143,0.4255857241128151,1.9571428571428555
2023-08-10,111.2,111.2,111.2,111.2,984,17:25,17:20,True,6046.857142857143,0.1627291627291627,1.7999999999999992
2023-08-11,113.6,113.6,113.0,113.4,3032,17:25,17:15,True,5436.357142857143,0.5577264186889855,1.7999999999999992
2023-08-14,112.2,112.2,111.8,112.0,4441,17:25,17:20,True,5229.785714285715,0.8491743720720597,1.7714285714285691
2023-08-15,113.0,113.2,112.8,113.0,3577,17:25,17:20,True,4991.357142857143,0.7166387612873681,1.8428571428571405
2023-08-16,111.4,111.4,111.2,111.2,2364,17:25,17:20,True,4776.071428571428,0.49496747177147987,1.914285714285711
2023-08-17,111.4,111.4,111.0,111.2,1683,17:25,17:20,True,4424.928571428572,0.3803451226008491,1.942857142857141
2023-08-18,111.4,111.4,110.2,110.4,3737,17:25,17:20,True,4351.5,0.8587843272434793,2.0142857142857125
2023-08-21,108.8,109.0,108.6,109.0,5537,17:25,17:20,True,4295.785714285715,1.2889376631582448,2.114285714285713
2023-08-22,109.4,109.4,109.2,109.2,3150,17:25,17:20,True,4063.714285714286,0.775152921324615,2.1285714285714272
2023-08-23,109.0,109.0,108.6,108.8,2317,17:25,17:20,True,3971.8571428571427,0.5833543142826314,2.057142857142856
2023-08-24,107.0,107.6,107.0,107.4,8672,17:25,17:20,True,3358.714285714286,2.5819403683382247,2.099999999999999
2023-08-25,108.0,108.0,107.4,107.8,6558,17:25,17:20,True,3957.0714285714284,1.6572862326034767,2.1142857142857148
2023-08-28,110.0,110.6,110.0,110.6,13239,17:25,17:20,True,4260.785714285715,3.107173391896196,2.0142857142857156
2023-08-29,112.0,112.2,111.6,112.2,7347,17:25,17:20,True,4449.714285714285,1.6511172466932067,2.085714285714288
2023-08-30,112.6,112.6,112.4,112.4,2041,17:25,17:20,True,4759.857142857143,0.4287943815840811,2.0857142857142867
2023-08-31,110.8,111.0,110.6,111.0,10246,17:25,17:20,True,4835.357142857143,2.1189748135017354,2.028571428571429
2023-09-01,110.4,110.8,110.0,110.4,6423,17:25,17:20,True,5350.642857142857,1.2004165053598366,2.057142857142858
2023-09-04,112.0,113.0,112.0,112.4,39730,17:25,17:20,True,5492.214285714285,7.233876526511556,1.9428571428571442
2023-09-05,115.2,115.4,114.8,115.2,12069,17:25,17:20,True,8074.571428571428,1.494692332189236,2.200000000000002
2023-09-06,116.0,116.0,115.4,115.6,10126,17:25,17:20,True,8767.785714285714,1.1549096122982672,2.285714285714287
2023-09-07,115.6,115.8,115.0,115.8,3163,17:25,17:20,True,9370.857142857143,0.3375358253552046,2.300000000000001
2023-09-08,114.4,115.0,114.4,114.4,2104,17:25,17:20,True,9329.857142857143,0.22551256335267728,2.2285714285714286
2023-09-11,115.0,115.2,114.6,114.6,4338,17:25,17:20,True,9084.642857142857,0.4775091402288006,2.2142857142857144
2023-09-12,115.6,116.2,115.4,115.6,2296,17:25,17:20,True,9169.5,0.25039533235181854,2.2714285714285714
2023-09-13,115.0,115.2,115.0,115.2,2799,17:25,17:20,True,9168.0,0.30530104712041883,2.2142857142857144
2023-09-14,115.0,115.6,114.4,115.2,7470,17:25,17:20,True,8748.5,0.8538606618277419,2.1999999999999997
2023-09-15,117.0,117.4,116.8,116.8,8319,17:25,17:20,True,8813.642857142857,0.9438775923689735,2.2285714285714278
2023-09-18,116.8,117.4,116.8,117.0,3996,17:25,17:20,True,8462.214285714286,0.4722168294350516,2.1285714285714272
2023-09-19,115.0,115.8,115.0,115.4,3993,17:25,17:20,True,8222.857142857143,0.4855976372480889,2.1857142857142855
2023-09-20,117.0,118.2,117.0,118.2,2303,17:25,17:20,True,8362.285714285714,0.27540317069837367,2.2428571428571433
2023-09-21,118.4,118.8,118.4,118.4,4049,17:25,17:20,True,7794.928571428572,0.519440295430179,2.285714285714287
2023-09-22,118.4,119.2,118.4,119.2,3937,17:25,17:20,True,7625.357142857143,0.516303686010023,2.3000000000000003
2023-09-25,117.8,118.8,117.6,118.8,5971,17:25,17:20,True,5068.714285714285,1.1780107663256392,2.000000000000001
2023-09-26,117.8,117.8,117.2,117.2,1722,17:25,17:20,True,4633.142857142857,0.371669955599408,2.0142857142857156
2023-09-27,118.2,118.2,117.6,118.0,2812,17:25,17:20,True,4032.8571428571427,0.6972724052426497,2.0142857142857156
2023-09-28,118.0,118.0,117.2,117.2,3981,17:25,17:20,True,4007.785714285714,0.9933165802277709,2.000000000000002
2023-09-29,117.0,117.0,115.4,115.8,13318,17:25,17:20,True,4141.857142857143,3.2154658020901596,2.000000000000002
2023-10-02,115.4,116.4,115.4,116.2,6790,17:25,17:20,True,4783.285714285715,1.4195263267927007,2.028571428571431
2023-10-03,115.0,115.4,114.8,115.4,5178,17:25,17:20,True,5104.285714285715,1.0144416456759024,2.0714285714285734
2023-10-04,113.6,113.6,112.8,112.8,5834,17:25,17:20,True,5274.214285714285,1.1061363236230177,2.200000000000002
2023-10-05,114.2,114.8,114.2,114.6,3946,17:25,17:20,True,5157.357142857143,0.765120562857499,2.171428571428574
2023-10-06,115.0,115.2,115.0,115.2,3431,17:25,17:20,True,4845.0,0.7081527347781218,2.1571428571428606
2023-10-09,117.0,117.0,115.8,115.8,10837,17:25,17:20,True,4804.642857142857,2.2555266483312275,2.1571428571428606
2023-10-10,117.8,118.6,117.8,118.6,2016,17:25,17:20,True,5293.5,0.3808444318503825,2.142857142857146
2023-10-11,119.6,120.4,119.6,120.4,2238,17:25,17:20,True,5273.0,0.4244263227764081,2.142857142857146
2023-10-12,121.0,121.8,121.0,121.8,2019,17:25,17:20,True,5143.642857142857,0.39252336448598135,2.171428571428575
2023-10-13,120.0,120.8,120.0,120.8,7883,17:25,17:20,True,5006.642857142857,1.5745081534532692,2.185714285714288
2023-10-16,120.0,121.2,120.0,121.0,11828,17:25,17:20,True,5143.214285714285,2.299729185473231,2.114285714285717
2023-10-17,122.6,122.6,121.6,121.8,7335,17:25,17:20,True,5865.071428571428,1.2506241551071111,2.228571428571431
2023-10-18,125.0,127.8,125.0,126.2,64750,17:25,17:20,True,6188.142857142857,10.463559341597987,2.22857142857143
2023-10-19,126.2,126.6,125.4,125.6,13334,17:25,17:20,True,10528.785714285714,1.2664328405799068,2.585714285714288
2023-10-20,122.4,123.0,121.8,121.8,11851,17:25,17:20,True,10529.92857142857,1.125458726487088,2.72857142857143
2023-10-23,120.2,120.8,119.8,120.4,6548,17:25,17:20,True,10891.42857142857,0.6012067156348374,2.785714285714287
2023-10-24,118.0,118.0,117.8,118.0,4445,17:25,17:20,True,10989.285714285714,0.40448488787780307,2.7285714285714286
2023-10-25,116.8,117.2,116.4,117.2,8005,17:25,17:20,True,10890.07142857143,0.7350732318428975,2.7285714285714286
2023-10-26,116.0,116.0,114.6,114.8,6027,17:25,17:20,True,11180.0,0.539087656529517,2.7571428571428567
2023-10-27,113.6,114.0,113.6,114.0,8279,17:25,17:20,True,11365.42857142857,0.7284371150607105,2.8571428571428563
2023-10-30,113.4,113.6,112.6,113.4,7394,17:25,17:15,True,11182.714285714286,0.6611990444435928,2.828571428571427
2023-10-31,113.4,113.8,113.4,113.8,2000,17:25,17:20,True,11566.857142857143,0.1729078154332576,2.799999999999998
2023-11-01,115.4,115.4,115.2,115.2,2289,17:25,17:15,True,11549.857142857143,0.19818426944056203,2.785714285714284
2023-11-02,114.2,114.8,114.2,114.8,2337,17:25,17:20,True,11569.142857142857,0.20200286476341006,2.8142857142857127
2023-11-06,118.6,118.8,118.4,118.8,6143,17:25,17:20,True,11173.0,0.5498075718249351,2.828571428571427
2023-11-07,116.4,116.6,116.2,116.6,4509,17:25,17:20,True,10766.92857142857,0.4187823825603535,2.757142857142856
2023-11-08,116.0,116.0,115.0,115.0,2285,17:25,17:20,True,10565.07142857143,0.21627870814205838,2.7857142857142847
2023-11-09,117.0,117.0,115.8,115.8,131,17:25,17:20,True,6103.285714285715,0.021463848512510823,2.3999999999999986
2023-11-10,116.4,116.6,116.4,116.6,2704,17:25,17:20,True,5160.214285714285,0.524009246570602,2.2571428571428567
2023-11-13,117.0,117.4,116.4,116.8,30399,17:25,17:20,True,4506.857142857143,6.74505515405097,2.157142857142856
2023-11-14,116.4,116.6,116.4,116.6,3773,17:25,17:20,True,6210.5,0.607519523387811,2.1285714285714286
2023-11-15,118.0,118.6,118.0,118.0,5786,17:25,17:20,True,6162.5,0.9389046653144016,2.142857142857143
2023-11-16,118.4,118.6,118.4,118.6,1944,17:25,17:20,True,6004.0,0.32378414390406396,2.1714285714285717
2023-11-17,117.8,118.4,117.6,118.4,3487,17:25,17:20,True,5712.357142857143,0.6104310204694084,2.0142857142857147
2023-11-20,119.6,119.6,119.4,119.4,2281,17:25,17:15,True,5370.071428571428,0.4247615753980394,2.0428571428571423
2023-11-21,120.0,120.6,120.0,120.6,4819,17:25,17:20,True,5004.857142857143,0.9628646457726779,2.057142857142857
2023-11-22,120.6,120.6,120.0,120.4,1847,17:25,17:20,True,5206.214285714285,0.3547683400332021,2.028571428571428
2023-11-23,120.8,121.0,120.6,120.6,5062,17:25,17:20,True,5174.642857142857,0.9782317620263649,1.971428571428571
2023-11-24,123.4,124.2,123.4,123.8,11494,17:25,17:20,True,5369.285714285715,2.1406944259678062,2.028571428571428
2023-11-27,124.0,124.4,124.0,124.4,4737,17:25,17:20,True,5751.5,0.8236112318525602,1.9571428571428566
2023-11-28,123.8,123.8,123.0,123.0,1639,17:25,17:20,True,5767.785714285715,0.28416450977721086,1.9142857142857141
2023-11-29,123.0,123.0,122.4,122.6,875,17:25,17:20,True,5721.642857142857,0.15292810506472918,1.971428571428571
2023-11-30,122.6,122.6,122.6,122.6,3141,17:25,17:20,True,5774.785714285715,0.5439162863186018,1.914285714285713
2023-12-01,122.0,122.4,122.0,122.4,499,17:25,17:20,True,5806.0,0.08594557354460902,1.8999999999999997
2023-12-04,123.0,123.4,123.0,123.4,5082,17:25,17:20,True,3670.285714285714,1.384633348902382,1.8999999999999997
2023-12-05,124.0,124.8,123.8,124.6,6331,17:25,17:20,True,3763.785714285714,1.6820830091283472,1.8714285714285706
2023-12-06,125.0,125.8,125.0,125.0,3992,17:25,17:20,True,3802.714285714286,1.0497764754498666,1.8428571428571416
2023-12-07,125.8,126.6,125.8,126.6,9303,17:25,17:20,True,3949.0,2.3557862750063308,1.828571428571428
2023-12-08,126.8,127.0,126.0,126.6,4023,17:25,17:20,True,4364.428571428572,0.9217701548230827,1.7857142857142867
2023-12-11,126.2,127.0,126.2,126.6,5642,17:25,17:20,True,4488.857142857143,1.2568900770161033,1.8428571428571436
2023-12-12,127.6,127.6,127.4,127.4,5038,17:25,17:20,True,4547.642857142857,1.1078266605934002,1.857142857142858
2023-12-13,127.6,127.6,126.6,126.8,3702,17:25,17:20,True,4775.571428571428,0.7751951898052589,1.8428571428571436
2023-12-14,127.2,128.2,127.2,128.0,37051,17:25,17:20,True,4678.428571428572,7.919539527924517,1.7428571428571433
2023-12-15,128.2,128.4,128.0,128.2,18557,17:25,17:20,True,6503.928571428572,2.8531986162209653,1.7714285714285711
2023-12-18,129.0,129.0,128.2,128.4,8110,17:25,17:20,True,7491.071428571428,1.082622169249106,1.8000000000000003
2023-12-19,129.6,129.8,129.2,129.6,8818,17:25,17:20,True,7953.285714285715,1.1087241571318234,1.8714285714285717
2023-12-20,130.2,130.2,129.8,129.8,4327,17:25,17:20,True,8520.642857142857,0.5078255329493918,1.857142857142858
2023-12-21,129.6,129.6,129.0,129.0,2189,17:25,17:20,True,8605.357142857143,0.254376426644532,1.9142857142857161
2023-12-22,128.8,129.0,128.6,128.6,2380,17:25,17:20,True,8726.07142857143,0.2727458764785331,1.942857142857145
2023-12-27,129.0,129.8,129.0,129.4,2792,17:25,17:20,True,8533.07142857143,0.3271975423352837,1.9000000000000037
2023-12-28,130.4,130.8,130.4,130.8,1322,17:25,17:20,True,8280.285714285714,0.1596563265587799,1.8857142857142901
2024-01-02,131.0,131.8,131.0,131.8,4021,17:25,17:20,True,8089.571428571428,0.4970597065004327,1.8714285714285748
2024-01-03,131.8,132.2,131.8,132.2,3366,17:25,17:20,True,7712.285714285715,0.43644648612603265,1.942857142857147
2024-01-04,131.2,131.8,131.2,131.8,1943,17:25,17:20,True,7665.357142857143,0.25347807855379023,1.8714285714285768
2024-01-08,135.4,135.8,135.2,135.2,7244,17:25,17:20,True,7401.142857142857,0.9787677578752316,1.9857142857142926
2024-01-09,133.6,134.0,133.2,133.4,9970,17:25,17:15,True,7558.714285714285,1.3190073897677232,2.0714285714285787
2024-01-10,133.4,133.4,132.6,132.6,548,17:25,17:20,True,8006.428571428572,0.06844499955392988,2.085714285714294
2024-01-11,133.6,134.4,133.6,134.2,2646,17:25,17:20,True,5399.071428571428,0.4900842737507773,2.057142857142867
2024-01-12,134.8,136.4,134.8,136.4,4911,17:25,17:20,True,4262.571428571428,1.152121455861653,2.085714285714296
2024-01-15,136.0,136.6,136.0,136.6,10330,17:25,17:20,True,4034.0714285714284,2.5606884218354375,2.014285714285726
2024-01-16,135.8,135.8,134.8,134.8,5621,17:25,17:20,True,4142.071428571428,1.3570504750901033,2.028571428571439
2024-01-17,132.4,132.4,131.2,131.2,6066,17:25,17:20,True,4234.5,1.4325185972369818,2.1285714285714397
2024-01-18,132.8,133.4,132.8,133.2,2441,17:25,17:20,True,4511.428571428572,0.5410702976567447,2.142857142857153
2024-01-19,134.0,134.8,134.0,134.2,4960,17:25,17:20,True,4515.785714285715,1.0983692127615823,2.2571428571428647
2024-01-22,134.6,135.0,134.4,134.4,6596,17:25,17:20,True,4670.642857142857,1.412225297832969,2.285714285714294
2024-01-23,135.2,135.2,135.2,135.2,2131,17:25,17:15,True,5047.357142857143,0.42220115194656327,2.4428571428571524
2024-01-24,135.4,136.8,135.4,136.6,5562,17:25,17:20,True,4912.357142857143,1.1322466665697293,2.3285714285714363
2024-01-25,137.4,137.6,136.6,136.8,9986,17:25,17:20,True,5069.214285714285,1.9699305330496415,2.400000000000008
2024-01-26,143.0,143.0,142.4,142.8,7186,17:25,17:20,True,5643.714285714285,1.273274945577887,2.6571428571428646
2024-01-29,142.0,142.0,141.4,141.8,6631,17:25,17:20,True,5639.571428571428,1.175798566253768,2.642857142857149
2024-01-30,140.4,142.0,140.4,141.2,7407,17:25,17:20,True,5401.071428571428,1.3713945645705217,2.6714285714285757
2024-01-31,141.8,142.4,141.6,142.4,3921,17:25,17:20,True,5891.0,0.6655915803768461,2.6857142857142895
2024-02-01,139.4,139.4,137.8,138.6,5133,17:25,17:20,True,5982.071428571428,0.858063976883306,2.7285714285714318
2024-02-02,139.6,140.4,139.6,140.4,4064,17:25,17:20,True,5997.928571428572,0.6775672553619702,2.8142857142857145
2024-02-05,139.8,139.8,139.2,139.8,6106,17:25,17:20,True,5550.357142857143,1.1001093880702657,2.8714285714285728
2024-02-06,138.0,140.0,137.6,140.0,8740,17:25,17:20,True,5585.0,1.5649059982094897,2.8285714285714283
2024-02-07,143.6,146.8,143.6,145.6,50757,17:25,17:20,True,5776.0,8.787569252077562,2.8428571428571416
2024-02-08,144.2,145.2,144.0,144.6,38815,17:25,17:20,True,9227.142857142857,4.206610930484596,3.242857142857141
2024-02-09,143.0,143.0,140.4,141.8,42551,17:25,17:20,True,11645.357142857143,3.653902536265219,3.2714285714285682
2024-02-12,144.6,145.4,144.2,144.8,13723,17:25,17:20,True,14213.57142857143,0.9654857027991356,3.357142857142853
2024-02-13,147.6,148.4,147.4,148.4,7451,17:25,17:15,True,15041.57142857143,0.4953604771537928,3.499999999999996
2024-02-14,150.0,150.0,149.2,149.6,8969,17:25,17:20,True,15176.5,0.590979474845979,3.528571428571425
2024-02-15,150.2,150.2,149.2,149.4,6967,17:25,17:20,True,15103.857142857143,0.4612729009619113,3.1428571428571366
2024-02-16,150.6,151.4,150.6,151.2,5797,17:25,17:20,True,15088.214285714286,0.38420716263876725,3.11428571428571
2024-02-19,151.6,152.4,151.4,151.6,10378,17:25,17:20,True,15028.642857142857,0.6905480487260042,3.0714285714285694
2024-02-20,151.6,152.0,151.4,152.0,3863,17:25,17:20,True,15240.857142857143,0.2534634347524511,3.0714285714285694
2024-02-21,152.8,153.0,152.4,152.4,9035,17:25,17:20,True,15236.714285714286,0.5929756134149657,3.0428571428571405
2024-02-22,153.4,153.8,153.4,153.6,5166,17:25,17:20,True,15515.42857142857,0.33295889805539186,2.9285714285714284
2024-02-23,151.2,151.2,150.2,150.2,13069,17:25,17:20,True,15594.142857142857,0.8380710706400755,3.0
2024-02-26,150.6,151.2,150.4,150.8,17062,17:25,17:20,True,16091.5,1.0603113444986483,3.057142857142856
2024-02-27,151.2,151.2,150.6,151.0,4623,17:25,17:20,True,16685.928571428572,0.2770597980334156,2.942857142857142
2024-02-28,151.8,152.2,151.8,152.2,8387,17:25,17:20,True,13390.642857142857,0.6263328870373235,2.442857142857144
2024-02-29,154.0,154.2,153.4,153.4,6322,17:25,17:20,True,11217.214285714286,0.5635980412758451,2.442857142857144
2024-03-01,155.0,155.0,154.6,155.0,3630,17:25,17:20,True,8629.42857142857,0.42065357745919285,2.2714285714285745
2024-03-04,157.0,157.0,156.0,156.2,13559,17:25,17:20,True,7908.5,1.7144844155023076,2.2285714285714318
2024-03-05,157.4,157.4,156.4,156.4,5829,17:25,17:20,True,8344.785714285714,0.698520033896274,2.1571428571428584
2024-03-06,155.8,156.2,155.6,156.2,3165,17:25,17:20,True,8120.5,0.38975432547256944,2.2714285714285745
2024-03-07,155.4,156.0,155.4,156.0,3766,17:25,17:20,True,7848.928571428572,0.4798107111980707,2.2714285714285722
2024-03-08,153.2,153.8,153.2,153.8,4584,17:25,17:20,True,7703.857142857143,0.5950266100469153,2.3714285714285706
2024-03-11,153.0,153.0,151.8,152.4,18499,17:25,17:20,True,7290.0,2.5375857338820302,2.357142857142855
2024-03-12,152.2,153.2,152.2,153.0,1835,17:25,17:20,True,8335.42857142857,0.22014464934530747,2.4142857142857133
2024-03-13,155.0,155.2,154.0,154.2,12352,17:25,17:20,True,7821.142857142857,1.5793088331993863,2.499999999999998
2024-03-14,155.2,155.4,154.8,154.8,3847,17:25,17:20,True,8334.42857142857,0.4615793352873623,2.414285714285711
2024-03-15,155.2,155.8,155.2,155.6,4613,17:25,17:20,True,7675.714285714285,0.6009864135492277,2.3142857142857127
2024-03-18,153.0,153.2,152.8,153.2,15015,17:25,17:20,True,6786.5,2.21248066013409,2.5714285714285716
2024-03-19,153.0,154.0,153.0,154.0,7977,17:25,17:20,True,7528.785714285715,1.0595334098649942,2.614285714285714
2024-03-20,153.8,154.8,153.8,154.8,5169,17:25,17:20,True,7499.5,0.689245949729982,2.6000000000000005
2024-03-21,142.0,142.0,138.4,141.4,41120,17:25,17:20,True,7417.142857142857,5.543913713405239,2.7142857142857144
2024-03-22,139.4,139.4,138.2,138.8,21533,17:25,17:20,True,10095.0,2.1330361565131253,3.614285714285714
2024-03-25,137.0,137.8,137.0,137.6,5115,17:25,17:20,True,10664.57142857143,0.47962546214434976,3.6714285714285717
2024-03-26,136.8,137.8,136.8,137.8,5972,17:25,17:20,True,10613.57142857143,0.5626758193687327,3.6714285714285717
2024-03-27,141.0,143.0,141.0,143.0,11657,17:25,17:20,True,10814.07142857143,1.0779473833695514,3.842857142857144
2024-04-02,135.4,136.0,135.1,135.5,16338,17:25,17:20,True,11377.714285714286,1.4359650444477927,4.200000000000001
2024-04-03,134.8,135.3,134.8,135.3,3727,17:25,17:20,True,12217.285714285714,0.30505957601057054,4.250000000000002
2024-04-04,133.7,133.7,133.3,133.7,12525,17:25,17:20,True,11162.142857142857,1.122096371664427,4.171428571428572
2024-04-05,133.6,133.6,132.7,132.8,2351,17:25,17:20,True,11925.714285714286,0.19713703881169142,4.1000000000000005
2024-04-08,134.3,134.5,133.4,133.4,8815,17:25,17:20,True,11211.357142857143,0.7862562834880447,4.157142857142858
2024-04-09,136.4,136.9,136.2,136.9,5436,17:25,17:20,True,11566.214285714286,0.46998956319823126,4.214285714285714
2024-04-10,135.0,136.2,135.0,135.7,5015,17:25,17:20,True,11625.0,0.4313978494623656,4.071428571428571
2024-04-11,135.0,135.0,134.2,134.2,4181,17:25,17:20,True,10910.714285714286,0.3832013093289689,4.0857142857142845
2024-04-12,131.6,133.0,131.6,132.9,3061,17:25,17:20,True,10639.57142857143,0.2876995582528834,4.214285714285713
2024-04-15,133.0,133.0,132.3,132.6,8080,17:25,17:20,True,10489.0,0.770330822766708,4.149999999999998
2024-04-16,133.0,133.0,132.0,132.0,5855,17:25,17:20,True,8129.0,0.7202607946856932,3.249999999999996
2024-04-17,130.0,131.2,130.0,131.2,8374,17:25,17:20,True,7009.142857142857,1.1947252568074351,3.278571428571425
2024-04-18,131.1,131.3,130.6,131.2,17353,17:25,17:20,True,7241.928571428572,2.3961849152258177,3.2357142857142827
2024-04-19,130.0,130.8,129.9,130.3,25667,17:25,17:20,True,8054.857142857143,3.186524545970488,3.0857142857142827
2024-04-22,133.0,133.6,133.0,133.5,1350,17:25,17:20,True,9055.57142857143,0.14907949328747888,2.7357142857142827
2024-04-23,134.0,134.1,133.5,134.1,2359,17:25,17:20,True,7985.0,0.2954289292423294,2.69285714285714
2024-04-24,128.7,128.7,125.0,127.1,77713,17:25,17:20,True,7887.285714285715,9.852945970911593,2.7928571428571405
2024-04-25,123.5,123.7,122.8,123.3,20662,17:25,17:20,True,12543.57142857143,1.6472182677524059,3.7071428571428546
2024-04-26,120.0,121.3,120.0,121.3,13199,17:25,17:20,True,13851.5,0.9528931884633434,3.814285714285712
2024-04-29,121.2,122.5,121.2,121.7,19634,17:25,17:20,True,14164.642857142857,1.3861274299689872,3.7357142857142844
2024-05-02,118.8,119.2,118.7,119.0,9430,17:25,17:20,True,15178.785714285714,0.6212618174802238,3.778571428571427
2024-05-03,120.0,120.7,120.0,120.6,5662,17:25,17:20,True,15494.142857142857,0.3654284107358541,3.77142857142857
2024-05-06,120.6,120.8,120.4,120.7,7650,17:25,17:20,True,15599.92857142857,0.4903868607456994,3.607142857142857
2024-05-07,123.1,123.3,122.2,122.2,7634,17:25,17:20,True,15927.714285714286,0.47929036540082876,3.6214285714285706
2024-05-10,119.7,120.1,119.2,119.2,30087,17:25,17:20,True,15895.857142857143,1.892757322213335,3.557142857142858
2024-05-13,121.9,121.9,121.1,121.4,5357,17:25,17:20,True,17626.714285714286,0.30391370241597576,3.585714285714286
2024-05-14,121.7,122.0,121.6,121.6,4697,17:25,17:20,True,17411.214285714286,0.26976866305377895,3.5214285714285714
2024-05-15,122.5,123.2,122.5,122.9,6256,17:25,17:20,True,16507.214285714286,0.3789858113984794,3.4571428571428577
2024-05-16,122.1,122.7,121.6,122.2,8001,17:25,17:20,True,15120.714285714286,0.5291416694222684,3.4000000000000017
2024-05-17,122.1,122.8,122.1,122.5,9298,17:25,17:15,True,15595.785714285714,0.5961866987876762,3.4000000000000017
2024-05-20,122.0,122.5,121.9,122.3,10830,17:25,17:20,True,16091.42857142857,0.6730291193181819,3.250000000000002
2024-05-21,122.6,122.6,121.7,121.8,18094,17:25,17:20,True,11314.07142857143,1.5992474604948326,2.307142857142859
2024-05-22,120.0,120.4,120.0,120.1,8246,17:25,17:20,True,11130.642857142857,0.7408377131342689,2.242857142857144
2024-05-23,120.5,120.5,120.0,120.0,1692,17:25,17:20,True,10776.857142857143,0.15700310188499164,2.2071428571428586
2024-05-24,120.0,120.6,119.5,119.6,6933,17:25,17:20,True,9495.285714285714,0.7301518046549416,2.135714285714287
2024-05-27,120.0,120.1,119.8,119.9,6318,17:25,17:20,True,9316.92857142857,0.6781204719519769,2.1571428571428592
2024-05-28,121.0,121.0,120.6,121.0,3371,17:25,17:20,True,9363.785714285714,0.3600039666496304,2.142857142857145
2024-05-29,121.7,121.7,121.3,121.3,2613,17:25,17:20,True,9058.142857142857,0.2884697273171732,2.0500000000000034
2024-05-30,120.0,120.1,119.6,120.0,1769,17:25,17:20,True,8699.5,0.2033450198287258,2.0785714285714323
2024-05-31,120.5,120.9,120.4,120.6,3548,17:25,17:20,True,6676.785714285715,0.531393420700722,1.9071428571428615
2024-06-03,121.3,121.9,121.3,121.4,9547,17:25,17:20,True,6547.571428571428,1.4580978770754696,1.9000000000000046
2024-06-04,121.6,122.0,121.6,122.0,4605,17:25,17:20,True,6894.0,0.6679721496953873,1.9142857142857193
2024-06-05,120.4,121.0,120.4,121.0,4264,17:25,17:15,True,6776.071428571428,0.6292731776735361,1.9142857142857193
2024-06-07,121.0,122.3,121.0,121.8,9150,17:25,17:20,True,6509.142857142857,1.4057150381880432,1.8714285714285757
2024-06-10,122.5,122.5,121.2,121.3,10891,17:25,17:20,True,6498.571428571428,1.6759067927016926,1.892857142857147
2024-06-11,120.0,121.0,120.0,121.0,5286,17:25,17:20,True,6502.928571428572,0.8128645335618018,1.9857142857142907
2024-06-12,120.7,121.3,120.5,121.3,3754,17:25,17:20,True,5588.071428571428,0.6717881201027699,1.8571428571428623
2024-06-13,122.7,122.7,122.7,122.7,760,17:25,17:20,True,5267.214285714285,0.14428879456476046,1.9571428571428615
2024-06-14,120.8,121.4,120.8,121.4,453,17:25,17:20,True,5200.642857142857,0.08710461618755923,1.9357142857142904
2024-06-17,121.5,122.0,121.5,122.0,6413,17:25,17:20,True,4737.785714285715,1.3535859126475598,1.864285714285719
2024-06-18,122.0,122.0,121.8,121.8,4454,17:25,17:20,True,4744.571428571428,0.938757075755751,1.9357142857142904
2024-06-19,120.7,121.2,120.5,120.5,2561,17:25,17:20,True,4821.928571428572,0.5311152917475225,1.950000000000004
2024-06-20,119.8,120.0,119.8,120.0,3635,17:25,17:20,True,4818.214285714285,0.7544288785116003,1.9285714285714326
2024-06-24,120.2,120.2,120.1,120.1,2352,17:25,17:20,True,4951.5,0.4750075734625871,1.9214285714285748
2024-06-25,121.0,121.2,120.6,121.0,4670,17:25,17:20,True,4866.071428571428,0.9597064220183487,1.9857142857142895
2024-06-26,120.4,120.5,120.2,120.5,1877,17:25,17:20,True,4517.714285714285,0.4154755881608905,2.0214285714285753
2024-06-27,120.8,121.0,120.5,120.6,4058,17:25,17:20,True,4322.857142857143,0.9387309980171843,1.9857142857142887
2024-06-28,121.1,121.6,121.1,121.3,2536,17:25,17:20,True,4308.142857142857,0.5886527174453693,1.971428571428574
2024-07-01,122.6,123.6,122.6,123.0,6725,17:25,17:20,True,3835.714285714286,1.7532588454376163,1.9928571428571453
2024-07-02,123.2,123.6,123.2,123.6,3584,17:25,17:20,True,3538.1428571428573,1.0129607946057253,1.9142857142857161
2024-07-03,122.2,122.9,122.2,122.8,3974,17:25,17:20,True,3416.5714285714284,1.1631543736410772,1.9142857142857161
2024-07-04,124.4,124.8,124.3,124.8,8007,17:25,17:20,True,3432.285714285714,2.332847748272705,1.8500000000000014
2024-07-05,126.2,126.5,126.2,126.4,4353,17:25,17:20,True,3949.9285714285716,1.1020452449411382,1.8428571428571436
2024-07-08,125.3,125.5,124.4,124.4,10889,17:25,17:20,True,4228.5,2.5751448504197705,1.864285714285715
2024-07-09,123.6,124.7,123.6,124.7,4070,17:25,17:20,True,4548.214285714285,0.8948566941499805,1.8142857142857147
2024-07-10,122.5,123.4,122.5,123.0,7387,17:25,17:15,True,4520.785714285715,1.6340079948175885,1.8428571428571436
2024-07-11,123.7,124.6,123.7,124.5,2129,17:25,17:20,True,4865.5,0.43757065049840715,1.8500000000000003
2024-07-12,126.0,126.0,125.7,126.0,596,17:25,17:20,True,4757.928571428572,0.1252645959376079,1.9071428571428584
2024-07-15,126.0,126.0,124.9,124.9,3209,17:25,17:20,True,4632.5,0.6927145169994603,1.8357142857142859
2024-07-16,124.4,124.9,124.4,124.9,4112,17:25,17:20,True,4528.142857142857,0.9080985582231758,1.885714285714285
2024-07-17,130.0,134.0,129.6,133.1,50974,17:25,17:20,True,4687.785714285715,10.873790549909337,1.8571428571428572
2024-07-18,132.5,134.1,132.5,133.4,14761,17:25,17:20,True,8038.928571428572,1.8361899684570615,2.4071428571428575
2024-07-19,131.3,131.3,131.0,131.0,4118,17:25,17:20,True,8912.142857142857,0.46206620181133284,2.5500000000000003
2024-07-22,131.4,131.5,131.0,131.0,3668,17:25,17:20,True,8725.92857142857,0.4203564090600264,2.535714285714288
2024-07-24,130.0,130.0,129.3,129.3,1062,17:25,17:20,True,8731.92857142857,0.12162261650592654,2.521428571428573
2024-07-25,129.0,129.0,128.5,128.8,3572,17:25,17:20,True,8523.92857142857,0.419055599782126,2.5357142857142887
2024-07-26,129.0,129.0,128.7,128.7,3014,17:25,17:20,True,8207.142857142857,0.36724107919930377,2.500000000000003
2024-07-29,130.7,131.0,130.5,131.0,6538,17:25,17:20,True,8111.5,0.8060161499106208,2.5357142857142896
2024-07-30,133.0,133.0,132.7,132.8,1758,17:25,17:20,True,7800.714285714285,0.22536397765772367,2.585714285714289
2024-07-31,133.2,133.5,133.2,133.5,901,17:25,17:20,True,7635.571428571428,0.11800033676963087,2.500000000000002
2024-08-01,132.0,132.0,131.8,132.0,506,17:25,17:20,True,7172.285714285715,0.07054933673266144,2.557142857142859
2024-08-02,128.8,128.8,126.7,127.0,2177,17:25,17:20,True,7056.357142857143,0.308516130338398,2.6642857142857173
2024-08-05,120.9,121.7,119.1,119.2,27068,17:25,17:20,True,7169.285714285715,3.775550463285842,2.8714285714285745
2024-08-06,124.2,125.6,124.2,125.5,10237,17:25,17:20,True,8873.5,1.1536597734828422,3.192857142857147
2024-08-07,124.0,124.0,123.3,123.7,2899,17:25,17:20,True,9311.0,0.31135216410697025,3.4071428571428606
2024-08-08,125.0,125.2,124.0,124.4,1627,17:25,17:20,True,5877.071428571428,0.276838561479843,3.028571428571432
2024-08-09,126.0,126.6,126.0,126.0,432,17:25,17:20,True,4938.928571428572,0.08746836358377323,2.9357142857142895
2024-08-12,126.4,127.3,126.4,127.3,1295,17:25,17:20,True,4675.642857142857,0.2769672619502284,2.9428571428571453
2024-08-13,127.1,128.1,127.1,128.0,929,17:25,17:20,True,4506.142857142857,0.2061630155660527,2.921428571428574
2024-08-14,128.5,129.3,128.5,128.7,2294,17:25,17:20,True,4496.642857142857,0.5101583721188824,2.8928571428571437
2024-08-15,129.0,129.1,128.7,129.0,1605,17:25,17:20,True,4405.357142857143,0.3643291447101743,2.921428571428573
2024-08-19,129.0,129.4,128.8,129.4,2845,17:25,17:20,True,4304.714285714285,0.6609033285766436,2.900000000000001
2024-08-20,131.2,131.2,130.4,130.5,3724,17:25,17:20,True,4040.9285714285716,0.9215703604192812,2.8785714285714303
2024-08-21,128.3,129.3,128.3,128.9,6231,17:25,17:20,True,4181.357142857143,1.4901860298262695,3.035714285714288
2024-08-22,129.3,129.6,129.3,129.6,730,17:25,17:15,True,4562.071428571428,0.16001503076609935,3.028571428571431
2024-08-23,128.9,128.9,128.9,128.9,5273,17:25,17:20,True,4578.071428571428,1.151795047821135,2.842857142857144
2024-08-26,131.0,131.5,131.0,131.1,4019,17:25,17:20,True,4799.214285714285,0.8374287457768386,2.7285714285714286
2024-08-27,130.9,132.0,130.9,131.4,3101,17:25,17:20,True,3152.8571428571427,0.983552333484368,2.3500000000000005
2024-08-28,132.0,132.0,132.0,132.0,1110,17:25,17:20,True,2643.1428571428573,0.41995459950275643,2.1428571428571437
2024-08-29,131.0,131.0,131.0,131.0,7048,17:25,17:20,True,2515.3571428571427,2.8019877892943352,2.035714285714287
2024-08-30,133.0,133.0,132.7,132.7,3047,17:25,17:20,True,2902.5714285714284,1.0497588345309579,2.0142857142857133
2024-09-02,133.2,134.0,133.2,134.0,6739,17:25,17:20,True,3089.3571428571427,2.1813599685556406,1.9571428571428566
2024-09-03,133.3,134.3,133.3,134.3,1046,17:25,17:15,True,3478.214285714286,0.30072902762090564,2.0142857142857156
2024-09-04,132.3,132.6,131.8,131.8,3912,17:25,17:20,True,3486.5714285714284,1.1220191756125544,2.0428571428571454
2024-09-05,132.8,132.8,132.6,132.6,2185,17:25,17:20,True,3602.1428571428573,0.6065833829069998,2.050000000000002
2024-09-06,134.1,134.1,134.0,134.0,3702,17:25,17:20,True,3643.5714285714284,1.0160360713585572,2.057142857142859
2024-09-09,133.9,133.9,133.1,133.8,2296,17:25,17:15,True,3704.785714285714,0.6197389476931382,2.02857142857143
2024-09-10,134.0,134.5,134.0,134.5,2038,17:25,17:20,True,3602.785714285714,0.565673387656377,1.921428571428574
2024-09-11,132.4,132.5,132.4,132.5,1577,17:25,17:20,True,3303.285714285714,0.4774034511092851,1.921428571428574
2024-09-12,132.2,133.8,132.2,133.8,1672,17:25,17:20,True,3363.785714285714,0.4970590108933387,2.05714285714286
2024-09-13,133.5,133.5,132.2,132.2,2086,17:25,17:20,True,3106.5714285714284,0.6714798123792882,2.092857142857148
2024-09-17,131.6,132.2,131.6,132.2,1940,17:25,17:20,True,2968.5,0.6535287182078491,2.250000000000004
2024-09-18,133.5,134.4,133.5,134.4,3408,17:25,17:20,True,2885.5714285714284,1.181048566760731,2.392857142857147
2024-09-19,133.7,134.4,133.7,134.4,1412,17:25,17:20,True,3049.714285714286,0.4629941914933483,2.3714285714285768
2024-09-20,136.1,136.1,135.7,135.7,3687,17:25,17:20,True,2647.1428571428573,1.3928224500809496,2.3785714285714357
2024-09-23,136.8,136.8,135.8,136.6,8082,17:25,17:20,True,2692.8571428571427,3.0012732095490717,2.421428571428578
2024-09-24,134.6,135.4,134.6,135.4,766,17:25,17:20,True,2788.785714285714,0.2746715160207976,2.4928571428571495
2024-09-25,134.9,135.2,134.7,135.1,3349,17:25,17:20,True,2768.785714285714,1.209555503959962,2.4571428571428635
2024-09-26,134.5,135.6,134.5,135.6,2450,17:25,17:20,True,2728.5714285714284,0.8979057591623038,2.421428571428578
2024-09-27,135.7,135.7,134.6,134.6,4493,17:25,17:20,True,2747.5,1.635304822565969,2.4000000000000057
2024-09-30,134.0,134.2,133.7,134.2,5813,17:25,17:20,True,2804.0,2.0731098430813124,2.4571428571428617
2024-10-01,133.2,134.0,133.0,134.0,6987,17:25,17:20,True,3055.214285714286,2.2869099665676944,2.4714285714285773
2024-10-02,131.7,131.7,131.0,131.4,2887,17:25,17:20,True,3408.714285714286,0.8469469008004694,2.4928571428571473
2024-10-03,132.1,132.1,131.7,132.1,2648,17:25,17:20,True,3502.285714285714,0.7560776635666504,2.4000000000000035
2024-10-04,128.8,129.6,128.2,129.6,4249,17:25,17:20,True,3572.0,1.1895296752519597,2.450000000000003
2024-10-07,129.3,130.0,129.3,129.7,4130,17:25,17:20,True,3726.5,1.1082785455521267,2.2857142857142896
2024-10-08,129.0,129.0,128.5,128.5,4660,17:25,17:20,True,3882.9285714285716,1.200125089678262,2.1571428571428606
2024-10-09,129.3,129.3,129.0,129.0,926,17:25,17:20,True,3972.3571428571427,0.23311096326398506,2.1785714285714306
2024-10-10,129.0,129.0,129.0,129.0,1210,17:25,17:20,True,3937.6428571428573,0.30729043844214265,2.114285714285716
2024-10-11,128.2,128.2,128.1,128.1,374,17:25,17:20,True,3760.714285714286,0.09944919278252612,2.1285714285714312
2024-10-14,129.8,129.9,129.5,129.5,3981,17:25,17:20,True,3210.1428571428573,1.240131725334876,2.0642857142857145
2024-10-15,128.5,128.5,128.4,128.4,768,17:25,17:20,True,3439.785714285714,0.22326972195111822,2.085714285714286
2024-10-16,128.6,128.6,128.5,128.5,411,17:25,17:20,True,3255.4285714285716,0.12625065824117956,2.1214285714285714
2024-10-17,128.0,129.6,128.0,129.6,5389,17:25,17:20,True,3109.785714285714,1.73291682936353,2.1285714285714303
2024-10-18,130.9,130.9,130.4,130.5,2133,17:25,17:20,True,3173.785714285714,0.6720680575248127,2.1928571428571453
2024-10-21,131.9,131.9,131.2,131.2,6872,17:25,17:20,True,2910.9285714285716,2.3607587171496576,2.1571428571428575
2024-10-22,132.5,132.5,131.4,131.4,4601,17:25,17:20,True,2902.714285714286,1.5850681628032874,2.064285714285716
2024-10-23,138.4,140.5,138.0,139.2,37255,17:25,17:20,True,3025.1428571428573,12.315120891575367,2.2142857142857153
2024-10-24,143.0,143.0,141.3,141.9,12222,17:25,17:20,True,5497.071428571428,2.2233656882235997,2.6214285714285714
2024-10-25,140.5,141.2,140.5,140.9,4431,17:25,17:20,True,6066.571428571428,0.7303960815711393,2.714285714285713
2024-10-28,142.9,143.5,142.7,143.2,6194,17:25,17:20,True,6088.071428571428,1.0173993640960661,2.7357142857142853
2024-10-29,143.2,143.9,143.2,143.6,2751,17:25,17:20,True,6197.642857142857,0.4438784330448212,2.7714285714285714
2024-10-30,143.0,143.0,142.8,142.8,2616,17:25,17:20,True,6328.0,0.4134007585335019,2.807142857142857
2024-10-31,142.9,142.9,142.2,142.2,1238,17:25,17:20,True,6428.428571428572,0.19258205737905287,2.771428571428569
2024-11-04,144.7,146.0,144.7,145.3,7377,17:25,17:20,True,6490.142857142857,1.1366467830336116,2.7428571428571424
2024-11-05,147.9,148.3,147.6,147.7,4305,17:25,17:20,True,6732.714285714285,0.6394152220501178,2.999999999999998
2024-11-06,146.7,148.4,146.7,148.4,3727,17:25,17:20,True,6985.357142857143,0.5335446597474308,3.035714285714284
2024-11-07,146.0,148.1,146.0,148.0,3566,17:25,17:20,True,7222.214285714285,0.49375438874108657,3.1571428571428544
2024-11-08,145.0,145.0,144.5,144.5,6199,17:25,17:20,True,7092.0,0.8740834743372814,3.1214285714285688
2024-11-11,145.5,146.4,145.5,145.7,7906,17:25,17:20,True,7382.428571428572,1.0709212996110455,3.1571428571428544
2024-11-12,146.5,146.5,145.5,145.5,5827,17:25,17:20,True,7456.285714285715,0.7814882936736023,3.221428571428567
2024-11-13,145.1,145.5,144.7,144.7,6223,17:25,17:20,True,7543.857142857143,0.8249095763819191,3.11428571428571
2024-11-14,144.0,144.6,144.0,144.6,2300,17:25,17:20,True,5327.285714285715,0.4317395618245689,2.607142857142853
2024-11-15,145.2,145.2,144.3,145.1,1667,17:25,17:20,True,4618.571428571428,0.36093411691927,2.5785714285714243
2024-11-18,144.7,146.0,144.7,146.0,6615,17:25,17:20,True,4421.142857142857,1.4962194649088796,2.5714285714285654
2024-11-19,145.4,146.0,145.4,146.0,4687,17:25,17:20,True,4451.214285714285,1.0529710993789818,2.5285714285714227
2024-11-20,143.8,144.8,143.8,144.8,1797,17:25,17:20,True,4589.5,0.39154592003486216,2.699999999999995
2024-11-21,142.7,142.9,142.4,142.7,6961,17:25,17:20,True,4531.0,1.536305451335246,2.799999999999995
2024-11-22,143.1,143.9,143.1,143.9,2496,17:25,17:20,True,4939.785714285715,0.5052850759865234,2.8214285714285654
2024-11-25,143.9,145.6,143.9,145.6,12567,17:25,17:20,True,4591.142857142857,2.737226958740432,2.549999999999995
2024-11-26,143.7,143.7,143.0,143.6,1656,17:25,17:20,True,5181.285714285715,0.3196117896826491,2.549999999999995
2024-11-27,143.2,143.2,142.5,143.0,5383,17:25,17:20,True,5033.357142857143,1.0694651397107866,2.4214285714285677
2024-11-28,143.5,144.0,143.5,144.0,582,17:25,17:20,True,5163.142857142857,0.11272204083891318,2.3428571428571416
2024-11-29,146.0,146.0,145.7,145.7,3802,17:25,17:20,True,4761.928571428572,0.7984160079199604,2.42142857142857
2024-12-02,145.7,145.7,145.2,145.7,7768,17:25,17:20,True,4468.785714285715,1.7382798139475408,2.3500000000000005
2024-12-03,147.9,148.0,147.8,148.0,6719,17:25,17:20,True,4607.428571428572,1.4582971598660548,2.4285714285714306
2024-12-04,151.3,151.4,151.2,151.4,4496,17:25,17:15,True,4642.857142857143,0.9683692307692308,2.5
2024-12-05,149.7,151.0,149.7,150.7,6146,17:25,17:20,True,4799.714285714285,1.2804928864813383,2.4285714285714284
2024-12-06,152.7,152.7,152.0,152.0,1920,17:25,17:20,True,5119.642857142857,0.37502615974886644,2.4857142857142884
2024-12-09,150.7,151.1,150.7,150.8,3083,17:25,17:20,True,4784.285714285715,0.6444013138250223,2.507142857142859
2024-12-10,150.2,151.4,150.2,151.4,3503,17:25,17:20,True,4669.714285714285,0.7501529613313755,2.3214285714285734
2024-12-11,149.4,150.0,149.4,150.0,5087,17:25,17:20,True,4791.571428571428,1.061655883843654,2.2714285714285722
2024-12-12,148.5,148.9,148.5,148.7,1396,17:25,17:20,True,4657.714285714285,0.2997178260336155,2.3500000000000005
2024-12-13,147.6,147.8,147.6,147.8,502,17:25,17:20,True,4579.142857142857,0.10962750358769577,2.342857142857144
2024-12-16,146.5,146.9,146.5,146.9,1601,17:25,17:15,True,3717.3571428571427,0.4306823203889092,2.342857142857144
2024-12-17,147.0,147.2,146.9,147.0,1485,17:25,17:20,True,3713.4285714285716,0.39989997691775026,2.335714285714285
2024-12-19,146.6,146.6,146.0,146.2,3834,17:25,17:20,True,3435.0,1.1161572052401747,2.2714285714285682
2024-12-20,145.6,145.6,144.7,144.7,3916,17:25,17:20,True,3667.285714285714,1.0678197187487828,2.164285714285711
2024-12-23,145.5,146.0,145.4,146.0,3584,17:25,17:20,True,3675.4285714285716,0.9751243781094527,2.2785714285714227
2024-12-27,147.0,147.5,147.0,147.5,3425,17:25,17:20,True,3376.5714285714284,1.0143425283465899,2.249999999999994
2024-12-30,148.3,149.0,148.1,148.7,10343,17:25,17:20,True,3141.285714285714,3.2926008458774843,2.157142857142852
2025-01-02,149.0,151.1,149.0,150.7,8200,17:25,17:20,True,3558.9285714285716,2.3040642247867535,2.192857142857138
2025-01-03,153.0,153.0,152.2,152.6,8346,17:25,17:20,True,3705.6428571428573,2.252240791071532,2.3142857142857087
2025-01-07,156.0,156.5,155.6,156.0,5333,17:25,17:20,True,4164.642857142857,1.2805419775319442,2.442857142857138
2025-01-08,154.9,155.0,154.8,154.8,1675,17:25,17:20,True,4325.357142857143,0.38725125918586406,2.471428571428567
2025-01-09,154.8,154.8,153.0,153.3,8396,17:25,17:20,True,4194.785714285715,2.00153251485688,2.471428571428569
2025-01-10,155.3,155.4,154.4,154.4,2877,17:25,17:20,True,4431.142857142857,0.6492681668708492,2.471428571428569
2025-01-13,154.0,154.6,154.0,154.1,1901,17:25,17:20,True,4536.928571428572,0.4190059354188642,2.464285714285712
2025-01-14,157.0,157.4,157.0,157.0,5387,17:25,17:20,True,4636.857142857143,1.1617782981083244,2.4857142857142844
2025-01-15,158.9,159.7,158.9,159.5,4275,17:25,17:20,True,4907.285714285715,0.871153678204419,2.5714285714285716
2025-01-16,159.9,160.1,159.0,159.0,14700,17:25,17:20,True,5106.571428571428,2.8786437643372684,2.642857142857145
2025-01-17,160.7,161.0,159.8,160.3,9679,17:25,17:20,True,5882.714285714285,1.6453289297943128,2.6571428571428606
2025-01-20,161.0,161.6,161.0,161.4,5113,17:25,17:20,True,6294.357142857143,0.812314885214648,2.557142857142862
2025-01-21,161.3,162.2,161.3,162.0,4040,17:25,17:20,True,6403.571428571428,0.6308979364194088,2.5428571428571467
2025-01-22,163.1,163.9,163.1,163.8,8195,17:25,17:20,True,6447.5,1.2710352849941837,2.5714285714285756
2025-01-23,163.1,166.0,163.1,165.8,8348,17:25,17:20,True,6294.071428571428,1.3263274963968361,2.5357142857142896
2025-01-24,168.6,169.5,168.5,168.8,11172,17:25,17:20,True,6304.642857142857,1.77202741743613,2.614285714285718
2025-01-27,166.8,166.8,166.0,166.3,14201,17:25,17:20,True,6506.5,2.182586644125106,2.585714285714289
2025-01-28,165.9,166.2,165.7,165.7,5478,17:25,17:20,True,7139.928571428572,0.7672345661721306,2.6357142857142883
2025-01-29,168.8,168.8,167.1,167.4,7762,17:25,17:20,True,7411.571428571428,1.0472812783099785,2.742857142857145
2025-01-30,169.0,169.7,169.0,169.6,4303,17:25,17:20,True,7366.285714285715,0.5841478550927003,2.692857142857146
2025-01-31,167.5,168.1,167.5,167.7,3872,17:25,17:20,True,7468.142857142857,0.518468925148727,2.7428571428571433
2025-02-03,164.8,164.9,162.7,163.6,11324,17:25,17:20,True,7608.928571428572,1.4882515841351796,2.778571428571429
2025-02-04,165.6,166.1,165.5,165.7,4181,17:25,17:20,True,8033.0,0.5204780281339475,2.8500000000000005
2025-02-05,174.4,178.3,172.3,174.0,71657,17:25,17:20,True,8026.285714285715,8.927790830129574,2.8285714285714283
2025-02-06,164.0,164.4,162.4,162.8,51795,17:25,17:20,True,12094.642857142857,4.282474531226931,3.8142857142857145
2025-02-07,169.3,169.7,168.1,169.7,11176,17:25,17:20,True,15102.92857142857,0.7399889330829877,4.228571428571428
2025-02-10,171.0,172.2,171.0,172.0,8949,17:25,17:20,True,15536.0,0.5760169927909372,4.278571428571429
2025-02-11,171.5,172.0,171.5,172.0,924,17:25,17:20,True,15886.642857142857,0.058162067864738126,4.435714285714288
2025-02-12,179.1,179.9,179.1,179.8,10458,17:25,17:20,True,15367.285714285714,0.6805365758429317,4.878571428571429
2025-02-13,180.8,181.4,180.0,180.4,24294,17:25,17:20,True,15518.0,1.5655367959788633,4.757142857142857
2025-02-14,181.1,181.7,180.8,181.5,15946,17:25,17:20,True,16455.285714285714,0.969050326859802,4.735714285714287
2025-02-17,182.0,184.0,182.0,184.0,29981,17:25,17:20,True,16579.928571428572,1.8082707576717114,4.714285714285714
2025-02-18,184.2,185.0,184.2,185.0,7331,17:25,17:20,True,18330.14285714286,0.3999423276258465,4.692857142857142
2025-02-19,184.7,184.7,183.8,183.8,12263,17:25,17:20,True,18299.35714285714,0.670132830583432,4.67142857142857
2025-02-20,182.0,183.0,182.0,182.8,9024,17:25,17:20,True,18867.928571428572,0.4782718975131648,4.735714285714285
2025-02-21,185.0,185.5,185.0,185.2,7037,17:25,17:20,True,19235.928571428572,0.3658258541494153,4.849999999999999
2025-02-24,191.0,192.7,191.0,192.5,40239,17:25,17:20,True,18929.714285714286,2.1257056177740212,4.907142857142854
2025-02-25,192.7,192.7,191.7,191.9,18921,17:25,17:20,True,21505.285714285714,0.879830207855876,5.021428571428568
2025-02-26,196.6,197.2,195.8,196.2,12464,17:25,17:20,True,17738.428571428572,0.7026552521160676,4.257142857142853
2025-02-27,199.0,200.4,199.0,200.4,17659,17:25,17:20,True,14929.07142857143,1.1828599042137344,4.1857142857142815
2025-02-28,201.0,202.0,200.0,201.0,26698,17:25,17:20,True,15392.142857142857,1.7345213234952899,4.171428571428568
2025-03-03,198.8,201.4,197.9,201.2,49423,17:25,17:20,True,16659.928571428572,2.966579345649741,4.1857142857142815
2025-03-04,204.0,204.0,201.2,202.0,28470,17:25,17:20,True,20124.14285714286,1.4147186393031823,4.107142857142853
2025-03-05,201.0,203.6,200.8,203.6,26489,17:25,17:20,True,21410.714285714286,1.237184320266889,4.3785714285714255
2025-03-06,208.0,211.0,208.0,210.8,24730,17:25,17:20,True,21567.5,1.146632664889301,4.79285714285714
2025-03-07,214.0,214.0,207.0,207.2,85515,17:25,17:20,True,22194.928571428572,3.85290719565924,5.371428571428571
2025-03-10,191.6,192.9,188.6,188.9,65874,17:25,17:20,True,26161.64285714286,2.517961137215607,7.242857142857141
2025-03-11,184.5,185.2,181.6,182.2,41652,17:25,17:20,True,30343.285714285714,1.3726924760949704,7.8999999999999995
2025-03-12,182.7,184.4,182.1,184.0,16117,17:25,17:20,True,32442.5,0.49678662248593664,8.021428571428572
2025-03-13,179.8,180.3,179.1,179.9,15919,17:25,17:20,True,32949.142857142855,0.4831385165016216,8.05
2025-03-14,179.7,180.0,179.5,179.9,6056,17:25,17:20,True,33583.57142857143,0.1803262649679903,7.928571428571431
2025-03-17,182.0,182.0,179.5,180.4,39177,17:25,17:20,True,31141.928571428572,1.2580145738290363,7.871428571428573
2025-03-18,181.0,182.6,181.0,181.9,9733,17:25,17:20,True,32588.785714285714,0.2986610205526441,7.757142857142857
2025-03-19,181.4,181.4,180.0,180.8,13647,17:25,17:20,True,32393.714285714286,0.4212854345640248,7.514285714285715
2025-03-20,181.4,182.8,181.4,182.8,6183,17:25,17:20,True,32107.14285714286,0.19257397107897664,7.535714285714286
2025-03-21,182.7,182.7,182.1,182.2,6791,17:25,17:20,True,30641.785714285714,0.2216254647598401,7.357142857142857
2025-03-24,184.6,185.2,183.9,184.2,8231,17:25,17:20,True,27596.64285714286,0.29826091682994565,7.285714285714287
2025-03-25,183.0,186.8,183.0,185.7,8332,17:25,17:20,True,26151.0,0.318611142977324,7.007142857142859
2025-03-26,188.1,189.1,187.9,188.8,9054,17:25,17:20,True,24854.071428571428,0.3642863917093204,6.821428571428571
2025-03-27,168.7,168.7,165.8,165.8,26235,17:25,17:20,True,23734.35714285714,1.1053596203213545,6.414285714285713
2025-03-28,167.9,169.0,167.0,167.5,11020,17:25,17:20,True,19500.071428571428,0.5651261350691024,5.714285714285714
2025-03-31,162.5,162.5,161.1,161.3,18700,17:25,17:20,True,15581.92857142857,1.200108183931019,5.392857142857143
2025-04-01,160.0,161.3,159.6,161.3,4087,17:25,17:20,True,13942.5,0.2931325085171239,5.342857142857142
2025-04-02,159.3,161.3,159.3,160.9,18454,17:25,17:20,True,13083.214285714286,1.4105096497693337,5.228571428571426
2025-04-03,156.4,156.4,155.1,155.5,13108,17:25,17:20,True,13264.285714285714,0.9882175551965536,5.2071428571428555
2025-04-04,155.1,155.6,151.4,151.6,17659,17:25,17:20,True,13768.0,1.2826118535735038,5.428571428571429
2025-04-07,136.8,137.9,135.4,135.4,33548,17:25,17:20,True,12231.0,2.7428664867958465,6.007142857142859
2025-04-08,147.5,149.5,147.5,148.1,22503,17:25,17:20,True,13932.07142857143,1.6151941307056175,6.857142857142859
2025-04-09,146.2,146.2,144.0,146.0,22800,17:25,17:20,True,14564.642857142857,1.5654348838920085,7.100000000000002
2025-04-10,171.8,171.8,163.0,163.7,32270,17:25,17:20,True,15751.57142857143,2.0486844849946944,7.321428571428574
2025-04-11,153.0,154.5,153.0,154.5,7053,17:25,17:20,True,17571.5,0.40138861224141364,8.535714285714288
2025-04-14,158.9,162.4,158.9,162.2,20225,17:25,17:20,True,17487.35714285714,1.1565498339616784,8.500000000000004
2025-04-15,163.7,165.8,163.7,165.8,6285,17:25,17:20,True,18336.85714285714,0.34275230215491054,8.621428571428575
2025-04-16,168.4,169.6,168.3,169.1,10586,17:25,17:20,True,18139.071428571428,0.5836020901999236,8.614285714285717
2025-04-22,166.4,166.6,165.3,165.5,7331,17:25,17:20,True,17021.285714285714,0.4306960192699897,7.607142857142861
2025-04-23,168.5,169.1,168.5,168.5,4154,17:25,17:20,True,16757.785714285714,0.24788477850380847,7.271428571428574
2025-04-24,170.3,171.1,170.2,171.1,4326,17:25,17:20,True,15718.785714285714,0.2752120983536533,7.250000000000004
2025-04-25,172.0,174.9,172.0,174.7,1803,17:25,17:20,True,15735.857142857143,0.11457907781136803,7.150000000000006
2025-04-28,173.8,175.9,173.8,175.8,12701,17:25,17:20,True,14546.5,0.873130993709827,7.214285714285718
2025-04-29,176.9,178.0,176.8,177.1,3740,17:25,17:20,True,14517.42857142857,0.2576213811969849,7.064285714285717
2025-05-02,190.5,193.0,190.5,191.7,29776,17:25,17:20,True,13523.214285714286,2.201843390994322,6.478571428571432
2025-05-05,193.0,194.0,192.8,194.0,9014,17:25,17:20,True,13253.785714285714,0.6801075703437832,6.442857142857144
2025-05-06,193.0,193.5,192.6,193.1,10731,17:25,17:20,True,12290.285714285714,0.8731286033103962,6.185714285714288
2025-05-07,190.9,193.5,190.6,193.1,11105,17:25,17:20,True,11428.214285714286,0.9717178661833182,6.092857142857143
2025-05-08,192.1,193.3,192.1,193.0,5865,17:25,17:20,True,9916.42857142857,0.5914427717352158,4.707142857142857
2025-05-09,192.0,192.9,192.0,192.6,1679,17:25,17:20,True,9831.57142857143,0.1707763618662908,4.700000000000001
2025-05-12,193.9,196.6,193.9,195.2,14939,17:25,17:20,True,8506.857142857143,1.756112715792302,4.32857142857143
2025-05-13,193.5,193.5,192.6,192.8,5221,17:25,17:20,True,9125.0,0.5721643835616438,4.371428571428573
2025-05-14,193.3,194.5,193.3,194.4,4981,17:25,17:20,True,8741.785714285714,0.5697920496792908,4.271428571428572
2025-05-15,194.5,194.9,194.3,194.9,3128,17:25,17:20,True,8573.92857142857,0.36482692548006834,4.300000000000002
2025-05-16,197.7,197.9,196.7,197.1,6995,17:25,17:20,True,8500.642857142857,0.8228789419287618,4.421428571428572
2025-05-19,200.4,202.6,200.4,201.8,16590,17:25,17:20,True,8691.285714285714,1.9088084945511925,4.621428571428573
2025-05-20,202.6,203.6,202.6,203.6,10583,17:25,17:20,True,9747.5,1.0857142857142856,4.642857142857143
2025-05-21,204.0,204.0,198.1,199.5,16943,17:25,17:20,True,9596.214285714286,1.765592086164931,4.721428571428573
2025-05-22,199.9,199.9,197.1,197.6,16877,17:25,17:20,True,10539.285714285714,1.6013419179939004,5.007142857142857
2025-05-23,195.5,197.9,195.5,197.8,6067,17:25,17:20,True,9617.92857142857,0.6308011080496989,4.3357142857142845
2025-05-26,198.8,201.0,198.8,201.0,13007,17:25,17:20,True,9407.42857142857,1.3826307477373505,4.592857142857142
2025-05-27,199.6,199.6,198.3,198.8,3400,17:25,17:20,True,9570.0,0.3552769070010449,4.6499999999999995
2025-05-30,202.4,202.4,200.4,202.0,11051,17:25,17:20,True,9019.642857142857,1.2252148089487231,4.721428571428569
2025-06-02,201.0,204.4,200.8,204.2,11195,17:25,17:20,True,9390.07142857143,1.1922167030526163,4.8142857142857105
2025-06-03,207.6,207.6,207.0,207.0,2859,17:25,17:20,True,10069.785714285714,0.2839186533973627,5.1285714285714255
2025-06-04,205.2,206.6,205.0,205.4,2179,17:25,17:20,True,9206.92857142857,0.23666958889656084,5.1857142857142815
2025-06-05,202.0,202.0,200.2,200.4,3910,17:25,17:20,True,8989.642857142857,0.43494497636168605,5.407142857142852
2025-06-09,202.4,202.4,198.9,199.1,16531,17:25,17:20,True,8913.142857142857,1.8546768816514938,5.585714285714281
2025-06-10,199.6,199.8,199.0,199.6,6321,17:25,17:20,True,9870.5,0.6403930905222633,5.457142857142854
2025-06-11,196.6,196.6,195.1,195.4,7786,17:25,17:20,True,9822.357142857143,0.7926814192112746,5.371428571428567
2025-06-12,194.2,194.2,192.1,192.6,2841,17:25,17:20,True,9193.5,0.3090226790667319,5.3285714285714265
2025-06-13,192.2,193.0,190.0,190.8,7997,17:25,17:20,True,8640.5,0.9255251432208784,5.278571428571425
2025-06-16,191.0,191.8,190.9,191.8,6870,17:25,17:20,True,8001.5,0.85858901455977,5.085714285714283
2025-06-17,192.2,192.3,191.5,191.6,5888,17:25,17:20,True,7286.714285714285,0.8080459544768366,4.892857142857143
2025-06-18,189.6,190.3,189.6,190.0,1156,17:25,17:20,True,7273.928571428572,0.15892374920214072,4.642857142857143
2025-06-19,190.7,190.7,189.5,189.6,2641,17:25,17:20,True,6427.428571428572,0.4108952702702703,4.450000000000001
2025-06-23,192.0,192.0,189.8,189.8,5966,17:25,17:20,True,6373.214285714285,0.9361053516391147,4.528571428571429
2025-06-24,190.9,193.5,190.9,193.5,8137,17:25,17:20,True,6010.0,1.353910149750416,4.535714285714286
2025-06-25,194.1,194.7,193.8,194.7,2678,17:25,17:20,True,5791.571428571428,0.4623960928442811,4.421428571428572
2025-06-26,197.2,198.9,197.2,198.8,1986,17:25,17:20,True,5778.642857142857,0.3436793117513999,4.250000000000002
2025-06-27,196.8,197.5,196.5,197.3,731,17:25,17:20,True,5764.857142857143,0.1268027952619319,4.100000000000002
2025-06-30,200.2,201.2,200.2,201.2,6214,17:25,17:20,True,5537.785714285715,1.1221091462549497,4.078571428571432
2025-07-01,198.5,199.0,198.1,198.9,2301,17:25,17:20,True,4800.857142857143,0.47928941260489194,4.164285714285717
2025-07-02,198.6,199.9,198.6,199.9,1620,17:25,17:20,True,4513.714285714285,0.3589061906570452,4.142857142857145
2025-07-03,198.5,200.4,198.5,199.9,5455,17:25,17:20,True,4073.285714285714,1.3392136920001403,4.114285714285714
2025-07-04,203.2,203.2,202.4,202.4,1812,17:25,17:20,True,4260.0,0.4253521126760563,4.207142857142857
2025-07-07,203.6,204.4,203.4,204.4,4640,17:25,17:20,True,3818.214285714286,1.2152277616686933,4.107142857142857
2025-07-08,204.0,204.0,197.1,197.7,24683,17:25,17:20,True,3658.9285714285716,6.745963884821864,4.121428571428571
2025-07-09,197.8,199.3,197.7,199.0,7790,17:25,17:20,True,5001.428571428572,1.5575549842902028,4.3999999999999995
2025-07-10,202.8,203.4,202.0,202.6,6547,17:25,17:20,True,5475.285714285715,1.195736686930884,4.6000000000000005
2025-07-11,202.6,202.6,200.4,201.2,2176,17:25,17:20,True,5754.285714285715,0.3781529294935452,4.428571428571431
2025-07-14,198.0,198.0,196.1,196.9,6421,17:25,17:20,True,5483.571428571428,1.170952194867787,4.464285714285716
2025-07-15,199.7,200.6,199.3,199.8,9016,17:25,17:20,True,5361.0,1.6817757880992352,4.371428571428573
2025-07-16,186.8,188.1,183.9,184.2,36807,17:25,17:20,True,5813.714285714285,6.331064478081385,4.4785714285714295
2025-07-17,181.1,182.0,179.3,180.6,32493,17:25,17:20,True,8300.92857142857,3.9143813514839136,5.185714285714285
2025-07-18,186.6,186.8,185.1,185.5,9936,17:25,17:20,True,10569.642857142857,0.9400506842372023,5.407142857142854
2025-07-21,183.9,184.0,183.1,183.9,14704,17:25,17:20,True,10835.5,1.3570209035116054,5.29285714285714
2025-07-22,188.8,189.7,188.6,189.6,10125,17:25,17:20,True,11721.42857142857,0.863802559414991,5.449999999999998
2025-07-23,189.2,189.9,189.2,189.7,2662,17:25,17:20,True,12328.92857142857,0.21591495032009503,5.3999999999999995
2025-07-24,191.8,193.8,191.8,193.0,10994,17:25,17:20,True,12129.42857142857,0.9063905966598357,5.242857142857141
2025-07-25,192.4,192.4,191.8,192.3,4494,17:25,17:20,True,12785.285714285714,0.351497815569237,5.25
2025-07-28,192.2,194.2,191.9,192.0,11820,17:25,17:20,True,12774.857142857143,0.9252549651100376,5.328571428571428
2025-07-29,189.7,190.8,189.7,190.8,2066,17:25,17:20,True,11856.07142857143,0.1742567099436696,5.157142857142854
2025-07-30,191.3,191.4,191.0,191.0,5917,17:25,17:20,True,11447.214285714286,0.5168943161467855,5.007142857142853
2025-07-31,192.8,193.9,192.8,193.3,3413,17:25,17:20,True,11402.214285714286,0.2993278247959356,4.928571428571424
2025-08-01,190.0,190.0,188.8,189.7,4894,17:25,17:20,True,11490.57142857143,0.4259144143024094,4.807142857142854
2025-08-04,190.7,192.3,190.7,192.3,7279,17:25,17:20,True,11381.5,0.639546632693406,4.807142857142854
2025-08-05,195.0,195.3,195.0,195.0,9742,17:25,17:20,True,11257.42857142857,0.8653841273064136,4.664285714285711
2025-08-06,193.5,194.6,193.5,194.0,2558,17:25,17:20,True,9324.214285714286,0.2743394694305916,3.7857142857142856
2025-08-07,195.4,196.4,195.4,195.8,4820,17:25,17:20,True,7186.0,0.6707486779849707,3.4071428571428584
2025-08-08,197.3,197.4,196.2,196.6,5301,17:25,17:20,True,6820.571428571428,0.7772076072386059,3.257142857142859
2025-08-11,194.7,197.0,194.7,196.5,4175,17:25,17:20,True,6148.928571428572,0.6789800778300517,3.050000000000001
2025-08-12,196.5,198.0,196.5,197.7,4033,17:25,17:20,True,5723.928571428572,0.7045860111062582,3.1357142857142883
2025-08-13,200.0,201.2,200.0,200.6,2863,17:25,17:20,True,5821.857142857143,0.4917674772409393,3.1642857142857173
2025-08-14,199.0,199.9,198.8,199.0,7873,17:25,17:20,True,5241.071428571428,1.5021737649063032,3.164285714285715
2025-08-15,203.8,204.4,203.8,204.2,2316,17:25,17:20,True,5482.428571428572,0.4224405242723506,3.2642857142857156
2025-08-18,203.0,203.0,202.0,202.0,3749,17:25,17:20,True,4803.571428571428,0.780460966542751,3.1285714285714312
2025-08-19,200.0,201.6,200.0,201.6,1069,17:25,17:20,True,4923.785714285715,0.21710936706657188,3.1500000000000035
2025-08-20,201.4,201.4,200.8,201.4,2565,17:25,17:20,True,4577.5,0.5603495357728018,3.2285714285714318
2025-08-21,207.2,208.0,207.2,207.4,6486,17:25,17:20,True,4516.928571428572,1.4359314958015086,3.464285714285716
2025-08-22,208.0,208.8,208.0,208.8,2438,17:25,17:20,True,4630.642857142857,0.5264927732959016,3.32857142857143
2025-08-25,208.0,209.8,207.2,209.8,11882,17:25,17:20,True,4284.857142857143,2.7730212709208506,3.392857142857145
2025-08-26,210.0,210.0,208.2,208.6,7091,17:25,17:20,True,4437.714285714285,1.5978946690703066,3.607142857142859
2025-08-27,208.2,209.0,205.6,206.0,7387,17:25,17:20,True,4761.5,1.5514018691588785,3.6500000000000017
2025-08-28,205.6,207.2,205.6,206.4,1240,17:25,17:20,True,4944.857142857143,0.2507655861790027,3.9071428571428584
2025-08-29,202.0,202.0,200.8,201.0,2711,17:25,17:20,True,4654.785714285715,0.5824113431644851,4.114285714285714
2025-09-01,201.4,201.4,197.5,197.5,22733,17:25,17:20,True,4550.214285714285,4.99602844450026,4.17142857142857
2025-09-02,199.9,202.4,199.9,202.0,9728,17:25,17:20,True,5885.928571428572,1.6527553608485128,4.385714285714284
2025-09-03,198.7,199.8,198.5,198.8,5861,17:25,17:20,True,6376.285714285715,0.9191871667338799,4.435714285714285
2025-09-04,197.2,197.5,197.0,197.2,10245,17:25,17:20,True,6232.571428571428,1.643783808563308,4.285714285714286
2025-09-05,197.4,198.9,197.4,198.3,9448,17:25,17:20,True,6798.928571428572,1.3896307191259127,4.228571428571428
2025-09-08,195.9,196.3,195.6,196.0,9790,17:25,17:20,True,7206.0,1.3585900638356925,4.228571428571428
2025-09-09,196.2,198.2,196.2,198.2,3265,17:25,17:20,True,7828.928571428572,0.41704301811048766,4.192857142857142
2025-09-10,196.1,197.2,196.0,197.2,10575,17:25,17:20,True,7878.928571428572,1.342187570826345,4.035714285714284
2025-09-11,196.3,196.6,195.9,196.6,5770,17:25,17:20,True,8171.0,0.7061559172683882,4.04285714285714
2025-09-12,195.0,195.8,195.0,195.6,1650,17:25,17:20,True,8409.0,0.1962183374955405,3.9285714285714266
2025-09-15,197.0,198.0,197.0,197.6,7865,17:25,17:20,True,7678.142857142857,1.0243362420228106,3.7071428571428533
2025-09-16,199.0,199.2,197.1,197.4,3614,17:25,17:20,True,7733.428571428572,0.46732183101193336,3.721428571428567
2025-09-17,198.1,199.1,198.1,198.9,3574,17:25,17:20,True,7463.928571428572,0.4788363079573185,3.571428571428567
2025-09-18,201.8,202.8,201.8,202.2,1616,17:25,17:20,True,7630.642857142857,0.21177770081157737,3.449999999999999
2025-09-19,199.4,201.0,199.4,200.0,2401,17:25,17:20,True,7552.428571428572,0.3179109841678173,3.642857142857141
2025-09-22,203.0,203.4,202.0,202.8,9544,17:25,17:20,True,6100.142857142857,1.56455352333669,3.5071428571428567
2025-09-23,201.4,202.4,201.4,202.4,4578,17:25,17:20,True,6087.0,0.7520946278955151,3.4357142857142855
2025-09-24,203.8,204.8,203.8,204.2,1312,17:25,17:20,True,5995.357142857143,0.21883600405075354,3.4357142857142855
2025-09-25,202.8,203.0,202.4,202.4,1841,17:25,17:20,True,5357.285714285715,0.3436441694888136,3.4928571428571433
2025-09-26,204.2,206.2,204.2,206.2,5812,17:25,17:20,True,4813.928571428572,1.2073299206172565,3.5
2025-09-29,210.0,211.4,210.0,211.2,11991,17:25,17:20,True,4529.785714285715,2.6471450872794358,3.8214285714285716
2025-09-30,211.2,212.6,211.2,212.6,2644,17:25,17:20,True,5153.071428571428,0.5130920532830628,3.8357142857142867
2025-10-01,209.0,209.0,207.8,208.6,4373,17:25,17:20,True,4586.571428571428,0.9534354949230673,4.042857142857146
2025-10-02,211.8,213.0,211.6,211.6,3791,17:25,17:20,True,4486.785714285715,0.8449255751014885,4.257142857142861
2025-10-03,210.4,212.6,210.4,212.6,3316,17:25,17:20,True,4639.714285714285,0.7146991809840508,4.278571428571433
2025-10-06,212.2,213.0,211.6,211.8,9635,17:25,17:20,True,4314.785714285715,2.233019352061847,4.264285714285721
2025-10-07,214.8,214.8,213.6,214.2,8486,17:25,17:20,True,4744.857142857143,1.7884626964533028,4.542857142857149
2025-10-08,212.8,213.8,212.8,213.4,4036,17:25,17:20,True,5095.714285714285,0.7920381272778245,4.592857142857148
2025-10-09,211.2,214.2,211.2,213.0,7538,17:25,17:20,True,5268.571428571428,1.4307483731019524,4.407142857142863
2025-10-10,210.8,214.0,209.8,212.8,20516,17:25,17:20,True,5635.5,3.6404933013929552,4.542857142857149
2025-10-13,212.6,213.8,211.4,212.0,10052,17:25,17:20,True,6419.214285714285,1.565923733434221,4.642857142857147
2025-10-14,210.2,210.2,208.6,209.4,3793,17:25,17:20,True,6810.214285714285,0.5569575113013017,4.742857142857147
2025-10-15,214.6,215.8,214.6,215.8,7128,17:25,17:20,True,6987.428571428572,1.0201177625122668,4.942857142857148
2025-10-16,216.0,219.2,216.0,218.6,6047,17:25,17:20,True,7365.071428571428,0.8210375226697443,5.028571428571433
2025-10-17,217.8,217.8,213.2,215.2,11747,17:25,17:20,True,7381.857142857143,1.5913339655139047,4.800000000000005
2025-10-20,215.6,217.0,215.6,215.8,7526,17:25,17:20,True,7364.428571428572,1.0219394386141878,4.885714285714292
2025-10-21,214.4,216.4,214.4,216.4,4543,17:25,17:20,True,7713.142857142857,0.5889946658764261,4.7571428571428624
2025-10-22,218.0,219.8,216.0,219.8,13821,17:25,17:20,True,7725.285714285715,1.7890600440113171,4.571428571428577
2025-10-23,219.6,219.6,214.4,214.6,22518,17:25,17:20,True,8441.714285714286,2.6674676775197996,5.057142857142864
2025-10-24,209.2,210.6,209.0,210.0,8924,17:25,17:20,True,9813.285714285714,0.9093794127494796,5.585714285714291
2025-10-27,208.4,210.2,208.4,210.0,14429,17:25,17:20,True,9762.5,1.4780025608194622,5.400000000000006
2025-10-28,211.6,212.6,211.4,212.6,4838,17:25,17:20,True,10187.0,0.4749190144301561,5.300000000000005
2025-10-29,209.8,210.8,209.8,210.8,1180,17:25,17:20,True,10244.285714285714,0.11518616650397434,5.2714285714285785
2025-10-30,207.4,209.4,207.4,208.0,5030,17:25,17:20,True,9790.142857142857,0.5137820840203704,5.057142857142864
2025-11-03,208.0,208.0,206.6,208.0,9384,17:25,17:20,True,8684.0,1.0806080147397512,4.928571428571437
2025-11-04,208.8,209.0,207.8,208.4,2275,17:25,17:20,True,8636.285714285714,0.2634234293843253,4.9000000000000075
2025-11-05,208.8,208.8,206.4,206.4,3749,17:25,17:20,True,8527.857142857143,0.43961805846385793,4.714285714285722
2025-11-06,208.4,209.8,208.4,209.8,4798,17:25,17:20,True,8286.5,0.5790140590116455,4.614285714285724
2025-11-07,211.6,211.6,211.0,211.0,3522,17:25,17:20,True,8197.285714285714,0.4296544152245517,4.6000000000000085
2025-11-10,211.8,211.8,211.0,211.2,4313,17:25,17:20,True,7609.785714285715,0.5667702300609178,4.485714285714295
2025-11-11,209.6,210.0,209.2,209.8,2571,17:25,17:20,True,7380.285714285715,0.34836049707715533,4.428571428571437
2025-11-12,212.0,214.0,212.0,213.0,21993,17:25,17:20,True,7239.428571428572,3.037946957139474,4.371428571428579
2025-11-13,216.0,216.4,215.8,216.0,8063,17:25,17:20,True,7823.142857142857,1.0306599466783537,4.128571428571433
2025-11-14,217.0,217.0,214.8,215.2,2591,17:25,17:20,True,6790.642857142857,0.38155444992584336,3.6000000000000045
2025-11-17,214.6,216.2,214.6,216.0,7853,17:25,17:20,True,6338.285714285715,1.2389785430941218,3.61428571428572
2025-11-18,210.0,210.6,208.6,210.6,9976,17:25,17:20,True,5868.571428571428,1.699902629016553,3.6857142857142913
2025-11-19,207.6,207.8,207.6,207.8,2710,17:25,17:20,True,6235.571428571428,0.43460331279067105,3.9000000000000057
2025-11-20,208.8,211.0,208.8,210.2,4701,17:25,17:20,True,6344.857142857143,0.7409150267933534,3.914285714285719
2025-11-21,208.4,208.4,205.2,206.6,9083,17:25,17:20,True,6321.357142857143,1.4368749929377733,3.9285714285714346
2025-11-24,209.6,212.0,209.6,212.0,4515,17:25,17:20,True,6299.857142857143,0.7166829179799995,3.9714285714285773
2025-11-25,213.6,215.0,213.6,214.2,5231,17:25,17:20,True,6459.857142857143,0.8097702293283796,4.171428571428576
2025-11-26,217.0,218.0,217.0,218.0,9039,17:25,17:20,True,6565.714285714285,1.376697127937337,4.200000000000003
2025-11-27,220.2,221.8,219.6,220.0,6428,17:25,17:20,True,6868.642857142857,0.935847172970331,4.1857142857142895
2025-11-28,221.0,222.0,221.0,222.0,3258,17:25,17:20,True,7076.214285714285,0.4604156782783369,4.071428571428576
2025-12-01,223.0,226.4,223.0,224.2,9402,17:25,17:20,True,7000.857142857143,1.3429784108068399,4.085714285714289
2025-12-02,226.6,228.0,226.6,227.6,10138,17:25,17:20,True,7488.785714285715,1.3537575231536678,4.200000000000003
2025-12-03,229.0,230.4,228.6,229.4,11883,17:25,17:20,True,6642.0,1.7890695573622404,4.05714285714286
2025-12-04,231.4,231.8,230.0,230.0,4641,17:25,17:20,True,6914.857142857143,0.6711635402032889,4.071428571428576
2025-12-05,229.4,230.2,229.4,229.6,5486,17:25,17:20,True,7061.285714285715,0.7769123389103563,4.071428571428576
2025-12-08,233.0,233.0,231.8,232.6,13100,17:25,17:20,True,6892.214285714285,1.9006954016436768,4.257142857142861
2025-12-09,229.6,229.6,229.0,229.4,5512,17:25,17:20,True,7115.357142857143,0.7746624504341715,4.1714285714285735
2025-12-10,228.4,228.8,227.4,227.8,4725,17:25,17:20,True,7315.5,0.6458888661062129,4.1714285714285735
2025-12-11,228.8,228.8,226.4,226.4,11350,17:25,17:20,True,7317.214285714285,1.5511367518864518,4.1000000000000005
2025-12-12,228.2,228.6,226.6,227.8,14991,17:25,17:20,True,7479.142857142857,2.0043740688390574,4.0
2025-12-15,219.8,221.2,219.8,221.2,14345,17:25,17:20,True,8227.42857142857,1.7435581330740382,4.214285714285714
2025-12-16,221.0,221.0,220.0,220.8,2998,17:25,17:20,True,8878.42857142857,0.3376723680187936,4.200000000000001
2025-12-17,219.6,220.8,219.6,220.0,1802,17:25,17:15,True,8446.92857142857,0.2133319803478864,4.171428571428572
2025-12-18,222.2,223.2,222.2,223.2,1078,17:25,17:20,True,8116.5,0.1328158689090125,4.257142857142857
2025-12-19,223.8,226.2,223.8,226.2,11342,17:25,17:20,True,7960.785714285715,1.4247337394908972,4.199999999999998
2025-12-22,225.4,225.4,224.0,225.2,7573,17:25,17:20,True,8099.357142857143,0.935012478944537,4.128571428571427
2025-12-23,225.0,226.8,225.0,226.6,1383,17:25,17:20,True,7916.142857142857,0.17470629635645066,4.071428571428571
2025-12-29,228.0,228.6,227.6,228.0,5362,17:25,17:20,True,7166.142857142857,0.7482407352032375,4.014285714285713
2025-12-30,228.4,229.8,228.4,229.6,2659,17:25,17:20,True,7217.642857142857,0.3684028224489594,3.9142857142857133
2026-01-02,232.8,232.8,230.0,230.4,24804,17:25,17:20,True,7015.714285714285,3.5354917532070864,3.785714285714284
2026-01-07,235.8,237.0,234.6,235.2,24867,17:25,17:20,True,7851.714285714285,3.1670790728139444,3.885714285714284
2026-01-08,228.0,232.2,228.0,232.0,29903,17:25,17:20,True,9234.214285714286,3.238283093155114,4.371428571428568
2026-01-09,232.0,233.8,232.0,233.6,4792,17:25,17:20,True,11032.642857142857,0.4343474235547758,4.642857142857141
2026-01-12,233.4,233.4,230.6,232.0,16708,17:25,17:20,True,10564.214285714286,1.5815657982812594,4.728571428571428
2026-01-13,233.6,237.4,233.6,235.6,18209,17:25,17:20,True,10686.857142857143,1.703868570206395,4.328571428571428
2026-01-14,236.8,238.0,236.2,237.2,6209,17:25,17:20,True,10962.857142857143,0.5663669533489706,4.5
2026-01-15,238.8,241.6,238.8,240.2,10171,17:25,17:20,True,11192.214285714286,0.9087567250193055,4.6000000000000005
2026-01-16,240.0,240.4,239.2,239.8,7337,17:25,17:20,True,11790.0,0.6223070398642918,4.642857142857143
2026-01-19,240.0,240.0,231.8,234.0,37716,17:25,17:20,True,12237.07142857143,3.0821099819634714,4.700000000000001
2026-01-20,234.2,234.2,231.4,232.0,17459,17:25,17:20,True,14120.92857142857,1.2363917791727579,5.1000000000000005
2026-01-21,231.6,231.8,230.2,231.2,6817,17:25,17:20,True,14827.07142857143,0.4597671248054957,5.314285714285712
2026-01-22,234.6,239.4,234.4,237.2,25379,17:25,17:20,True,15215.214285714286,1.668001483477534,5.514285714285713
2026-01-23,239.0,240.2,238.0,239.0,14386,17:25,17:20,True,16645.0,0.864283568639231,6.014285714285713
2026-01-26,236.4,238.0,236.4,237.8,9267,17:25,17:20,True,17482.64285714286,0.5300685986509067,6.028571428571429
2026-01-27,235.4,237.6,235.4,237.2,8969,17:25,17:20,True,16372.857142857143,0.5477968763633191,5.771428571428572
2026-01-28,237.4,237.4,236.4,237.4,7681,17:25,17:20,True,15237.285714285714,0.5040924049090109,5.200000000000001
2026-01-29,236.2,236.2,233.2,234.4,5942,17:25,17:20,True,13650.0,0.4353113553113553,5.085714285714287
2026-01-30,232.8,234.8,232.8,233.8,5861,17:25,17:20,True,13732.142857142857,0.42680884265279584,5.042857142857143
2026-02-02,231.6,232.2,230.6,232.0,10265,17:25,17:20,True,12957.357142857143,0.7922140207163056,5.042857142857143
2026-02-03,235.0,236.0,235.0,236.0,6609,17:25,17:20,True,12389.92857142857,0.5334171187427577,5.0
2026-02-04,240.2,249.0,240.2,248.8,61180,17:25,17:20,True,12418.5,4.926520916374764,4.871428571428571
2026-02-05,246.0,246.2,242.2,243.6,20481,17:25,17:20,True,16062.0,1.2751214045573402,5.614285714285714
2026-02-06,236.6,240.6,236.6,240.0,6135,17:25,17:20,True,17000.85714285714,0.36086415810967515,6.114285714285714
2026-02-09,243.0,243.6,242.4,243.4,7140,17:25,17:20,True,14745.07142857143,0.4842295972988553,5.971428571428571
2026-02-10,242.6,243.6,242.0,242.4,7314,17:25,17:20,True,14008.0,0.5221302113078241,5.7285714285714295
2026-02-11,243.6,245.2,243.4,244.6,5936,17:25,17:20,True,14043.5,0.4226866521878449,5.628571428571429
2026-02-12,242.2,243.4,242.0,243.2,4557,17:25,17:20,True,12654.714285714286,0.36010295429145545,5.32857142857143
2026-02-13,237.2,238.0,236.8,237.2,4811,17:25,17:20,True,11952.642857142857,0.4025051243897046,5.428571428571429
2026-02-16,235.2,237.2,235.2,236.6,16387,17:25,17:20,True,11634.357142857143,1.4085006845488424,5.557142857142856
2026-02-17,241.2,241.2,240.0,240.2,8827,17:25,17:20,True,12164.214285714286,0.7256531159901115,5.871428571428571
2026-02-18,241.2,242.8,241.2,241.6,3663,17:25,17:20,True,12246.07142857143,0.2991163346845927,6.0
2026-02-19,242.4,242.4,239.8,241.6,7724,17:25,17:20,True,12083.285714285714,0.6392301053403167,5.957142857142857
2026-02-20,242.0,243.0,242.0,242.6,4731,17:20,17:20,True,12216.357142857143,0.38726765636237126,5.914285714285713
2026-02-23,245.8,247.6,245.8,246.4,10633,17:25,17:20,True,11821.07142857143,0.8994954530348348,5.885714285714282
2026-02-24,242.4,242.4,240.2,240.4,8656,17:25,17:20,True,12108.5,0.7148697196184498,6.071428571428568
2026-02-25,238.6,240.0,238.6,239.4,19078,17:25,17:20,True,8356.785714285714,2.28293516816958,5.357142857142853
2026-02-26,243.0,244.2,243.0,244.0,2768,17:25,17:20,True,8256.57142857143,0.33524811405633603,5.04285714285714
2026-02-27,242.4,243.8,242.4,242.8,6168,17:25,17:20,True,8016.071428571428,0.7694542214301626,4.785714285714284
2026-03-03,235.0,235.0,232.0,232.6,15689,17:25,17:20,True,7946.642857142857,1.9742928280585692,4.799999999999997
2026-03-04,228.0,229.8,227.2,229.8,19924,17:25,17:20,True,8544.857142857143,2.331694920921523,5.614285714285712
2026-03-05,237.2,237.2,234.0,234.0,10936,17:25,17:20,True,9544.0,1.145850796311819,5.985714285714282
2026-03-06,235.0,236.4,234.6,234.8,9870,17:25,17:20,True,9999.642857142857,0.9870352512589735,5.8285714285714265
2026-03-09,230.0,230.0,225.8,227.2,41194,17:25,17:20,True,10361.0,3.975871054917479,5.928571428571426
2026-03-10,237.0,237.0,233.8,236.4,14322,17:25,17:20,True,12132.92857142857,1.1804239937360548,5.928571428571426
2026-03-11,237.2,237.8,235.4,235.4,11871,17:25,17:20,True,12525.42857142857,0.9477520016423733,6.04285714285714
2026-03-12,236.2,236.2,233.8,234.2,10440,17:25,17:20,True,13111.714285714286,0.7962345557952539,6.099999999999999
2026-03-13,231.0,231.4,229.8,229.8,6865,17:25,17:20,True,13305.714285714286,0.51594374060554,6.371428571428571
2026-03-16,230.4,231.2,230.4,231.2,6261,17:25,17:20,True,13458.142857142857,0.465220206566391,6.400000000000001
2026-03-17,231.4,231.6,231.0,231.6,3476,17:25,17:20,True,13145.857142857143,0.2644179046087306,6.300000000000003
2026-03-18,235.0,235.8,234.8,235.8,4028,17:25,17:20,True,12775.857142857143,0.31528217284834115,6.2428571428571455
2026-03-19,229.0,229.8,228.8,229.0,11588,17:25,17:20,True,11700.857142857143,0.9903547969623715,6.200000000000003
2026-03-20,227.6,229.6,227.6,229.6,6198,17:25,17:20,True,12330.857142857143,0.5026414569720562,6.471428571428575
2026-03-23,215.8,217.6,213.2,217.2,25453,17:25,17:20,True,12333.0,2.063812535473932,6.78571428571429
2026-03-24,223.0,223.8,223.0,223.8,6064,17:25,17:20,True,13030.42857142857,0.4653722605330381,6.571428571428576
2026-03-25,225.4,226.2,223.0,225.2,14530,17:25,17:20,True,12040.42857142857,1.2067676755692134,6.1714285714285735
2026-03-26,210.0,210.0,207.0,209.4,30058,17:25,17:20,True,12297.142857142857,2.444307620817844,6.28571428571429
2026-03-27,204.6,206.0,204.6,205.8,8222,17:25,17:20,True,13739.142857142857,0.5984361677792335,7.557142857142862
2026-03-30,203.0,203.0,200.4,201.0,17608,17:25,17:20,True,11384.0,1.5467322557976106,7.3142857142857185
2026-03-31,207.4,208.4,207.4,208.4,11740,17:25,17:20,True,11618.714285714286,1.0104388240646247,7.328571428571432
2026-04-01,213.6,216.0,213.6,215.8,15729,17:25,17:20,True,11609.357142857143,1.3548553814349262,7.414285714285717
2026-04-07,220.0,222.0,220.0,221.4,18031,17:25,17:20,True,11987.142857142857,1.50419497080205,7.514285714285718
2026-04-08,225.8,225.8,222.0,223.6,27837,17:25,17:20,True,12784.714285714286,2.1773658274948877,7.628571428571432
2026-04-09,222.8,222.8,220.8,220.8,8143,17:25,17:20,True,14325.857142857143,0.5684127601439953,8.085714285714289
2026-04-10,222.2,223.4,222.2,222.4,8375,17:25,17:20,True,14659.214285714286,0.5713130210642745,8.114285714285717
2026-04-13,223.0,223.0,221.0,222.2,13651,17:25,17:20,True,14969.714285714286,0.9119078520441272,7.942857142857146
2026-04-14,226.8,227.4,225.4,227.0,6537,17:25,17:20,True,15117.07142857143,0.43242502563327173,7.7428571428571455
2026-04-15,228.6,228.8,227.6,228.4,7347,17:25,17:20,True,15141.285714285714,0.4852295992980404,7.55714285714286
2026-04-16,228.0,228.4,226.8,227.0,10867,17:25,17:20,True,13848.0,0.784734257654535,6.82857142857143
2026-04-17,226.0,227.0,225.4,226.0,12401,17:25,17:20,True,14191.07142857143,0.8738593179816282,6.6857142857142895
2026-04-20,223.8,223.8,222.4,223.0,13978,17:25,17:20,True,14039.0,0.9956549611795712,6.485714285714287
2026-04-21,224.6,225.8,224.6,224.6,4686,17:25,17:20,True,12890.42857142857,0.36352553943679144,4.928571428571429
2026-04-22,226.6,228.2,223.6,223.6,12776,17:25,17:20,True,12637.857142857143,1.0109308766178715,4.871428571428571
2026-04-23,224.6,224.6,223.0,223.2,2303,17:25,17:20,True,12292.714285714286,0.1873467442968541,4.685714285714285
2026-04-24,218.6,219.8,217.8,218.2,17567,17:25,17:20,True,11618.642857142857,1.5119666053940404,4.67142857142857
2026-04-27,219.0,220.0,219.0,219.8,8135,17:25,17:20,True,11749.92857142857,0.6923446343138865,4.4571428571428555
2026-04-28,220.8,221.6,220.8,221.6,2707,17:25,17:20,True,11043.07142857143,0.24513107766343473,4.185714285714283
2026-04-29,224.2,224.2,221.6,221.6,5209,17:25,17:20,True,9248.07142857143,0.5632525700339066,3.7428571428571393
2026-05-04,222.4,223.0,221.6,222.2,8286,17:25,17:20,True,9038.5,0.91674503512751,3.771428571428566
2026-05-05,219.8,219.8,218.4,219.2,2780,17:25,17:15,True,9032.142857142857,0.3077896401739818,3.88571428571428
2026-05-06,220.6,221.4,220.2,220.8,7020,17:25,17:20,True,8255.642857142857,0.8503274816359373,3.857142857142851
2026-05-07,221.0,221.4,220.6,220.6,4288,17:25,17:20,True,8290.142857142857,0.5172407850976203,3.828571428571422
2026-05-08,216.0,216.0,214.2,215.0,8888,17:25,17:20,True,8071.642857142857,1.1011389078166067,4.042857142857138
2026-05-11,215.4,215.8,214.0,214.6,7426,17:25,17:20,True,7930.285714285715,0.9364101455541144,4.01428571428571
2026-05-12,214.8,214.8,213.0,213.4,2409,17:25,17:20,True,7574.928571428572,0.31802280078077116,3.971428571428569
2026-05-15,214.0,216.0,214.0,216.0,8461,17:25,17:20,True,6748.571428571428,1.2537468247248096,3.999999999999998
2026-05-18,217.2,217.8,216.0,217.6,4340,17:25,17:20,True,7018.214285714285,0.6183909215815989,4.099999999999999
2026-05-19,221.4,222.2,221.4,221.6,714,17:25,17:20,True,6415.642857142857,0.11129048419599417,4.199999999999998
2026-05-20,223.6,223.6,222.0,222.8,3558,17:25,17:20,True,6302.142857142857,0.5645698741924515,4.114285714285714
2026-05-21,226.0,226.4,224.4,226.0,8934,17:25,17:20,True,5301.5,1.6851834386494389,4.128571428571427
2026-05-22,230.0,230.0,229.2,229.2,4947,17:25,17:20,True,5358.571428571428,0.9231938149826713,4.314285714285712
2026-05-25,230.0,232.4,230.0,232.4,9325,17:25,17:20,True,5518.571428571428,1.6897488998187937,4.199999999999998
2026-05-26,232.8,232.8,231.4,231.6,4839,17:25,17:20,True,5812.571428571428,0.8325058985450255,4.185714285714288
2026-05-27,229.2,230.0,229.0,229.6,904,17:25,17:20,True,5566.357142857143,0.1624042397567016,4.271428571428572
2026-05-28,228.0,228.0,225.6,226.6,5419,17:25,17:20,True,5432.357142857143,0.9975411883817863,4.242857142857143
2026-05-29,226.4,227.8,226.4,227.8,1717,17:25,17:20,True,5318.0,0.3228657389996239,4.114285714285716
2026-06-01,228.8,229.0,227.8,227.8,4308,17:25,17:20,True,5134.357142857143,0.8390534355392941,3.9571428571428577
2026-06-02,227.2,227.2,227.0,227.0,2468,17:25,17:20,True,4807.214285714285,0.5133950461360158,4.085714285714287
2026-06-03,224.2,224.6,223.0,224.6,2330,17:25,17:20,True,4453.071428571428,0.5232343647241872,4.157142857142857
2026-06-04,222.4,224.0,222.0,224.0,2934,17:25,17:20,True,4447.428571428572,0.659707053835282,4.142857142857141
2026-06-05,224.4,224.4,224.4,224.4,1143,17:25,17:20,True,4052.6428571428573,0.2820381761460775,4.071428571428569
2026-06-08,223.6,223.8,222.4,223.0,4092,17:25,17:20,True,3824.285714285714,1.0700037355248413,3.785714285714284
2026-06-09,223.4,224.0,223.2,223.2,4131,17:25,17:20,True,4065.5714285714284,1.0160933272427,3.757142857142855
2026-06-10,223.0,224.2,223.0,224.2,3952,17:25,17:20,True,4106.5,0.9623767198344089,3.614285714285714
2026-06-11,223.0,224.2,223.0,223.4,980,17:25,17:20,True,3750.6428571428573,0.261288541012017,3.4857142857142867
2026-06-12,227.8,228.4,227.0,227.2,9864,17:25,17:20,True,3467.285714285714,2.844876601705739,3.5142857142857156
2026-06-15,232.4,234.4,232.4,233.2,10648,17:25,17:20,True,3505.785714285714,3.0372649294024163,3.557142857142856
2026-06-16,232.8,233.4,232.6,233.0,2922,17:25,17:20,True,3920.714285714286,0.7452723629076334,3.5142857142857133
2026-06-17,230.8,230.8,230.0,230.0,2265,17:25,17:20,True,4064.8571428571427,0.5572151542841077,3.4857142857142867
2026-06-18,232.6,235.6,232.6,235.6,10386,17:25,17:20,True,3839.5714285714284,2.704989396137962,3.557142857142858
2026-06-22,233.8,235.0,233.4,234.6,9722,17:25,17:20,True,4458.785714285715,2.1804142703811094,3.6285714285714294
2026-06-23,235.2,235.2,234.2,235.0,2798,17:25,17:20,True,4845.5,0.5774429883396967,3.5142857142857156
2026-06-24,235.0,235.0,233.0,233.0,2986,17:25,17:20,True,4869.071428571428,0.6132586148722989,3.4000000000000035
2026-06-25,231.8,232.4,230.6,232.4,2442,17:25,17:20,True,4915.928571428572,0.49675253912209577,3.4571428571428617
2026-06-26,233.4,233.4,232.6,232.6,1757,17:25,17:20,True,4880.785714285715,0.3599830238105691,3.500000000000006
2026-06-29,233.8,234.2,233.0,234.0,3326,17:25,17:20,True,4924.642857142857,0.675378925230256,3.557142857142862
