date,bar1_open,bar1_high,bar1_low,bar1_close,bar1_volume,last_available_bar_time,exit_time,is_full_day,avg_volume_14d,relative_volume,atr_14d
2009-02-02,24.3125,24.3125,24.125,24.125,108756,17:25,17:15,True,,,
2009-02-03,23.4375,23.5625,23.375,23.5,519896,17:20,17:20,True,,,
2009-02-04,23.9375,23.9375,23.75,23.75,173300,17:20,17:20,True,,,
2009-02-05,24.625,24.75,24.625,24.625,248304,17:20,17:20,True,,,
2009-02-06,25.125,25.125,24.875,25.125,176328,17:20,17:20,True,,,
2009-02-09,26.375,26.5,26.125,26.25,205852,17:20,17:20,True,,,
2009-02-10,26.375,26.375,26.0625,26.0625,199064,17:20,17:20,True,,,
2009-02-11,26.0,26.125,25.875,26.125,158624,17:20,17:20,True,,,
2009-02-12,26.3125,26.3125,25.9375,26.125,162108,17:20,17:20,True,,,
2009-02-13,26.625,26.625,26.375,26.4375,60196,17:20,17:20,True,,,
2009-02-16,26.5,26.625,26.5,26.5625,79616,17:20,17:20,True,,,
2009-02-17,26.5625,26.5625,26.375,26.375,127696,17:25,17:15,True,,,
2009-02-19,25.75,26.0,25.75,26.0,200564,17:25,17:15,True,,,
2009-02-20,25.0625,25.0625,24.875,24.9375,125816,17:25,17:15,True,,,
2009-02-23,24.75,24.875,24.75,24.8125,126104,17:20,17:20,True,181865.7142857143,0.6933907278525757,1.0758928571428572
2009-02-24,23.8125,23.8125,23.6875,23.75,187144,17:20,17:20,True,183104.85714285713,1.02205917920567,1.0669642857142858
2009-02-25,25.3125,25.4375,25.25,25.4375,110008,17:20,17:20,True,159336.85714285713,0.6904115091298041,1.1071428571428572
2009-02-26,24.75,24.9375,24.75,24.9375,210132,17:20,17:20,True,154816.0,1.3573015708970648,1.09375
2009-02-27,25.75,25.8125,25.625,25.6875,192424,17:20,17:20,True,152089.42857142858,1.2652029914730618,1.1517857142857142
2009-03-02,25.125,25.125,24.9375,25.0625,136828,17:20,17:20,True,153239.14285714287,0.8929050205374606,1.0625
2009-03-03,25.0,25.0,24.75,24.8125,100564,17:20,17:20,True,148308.85714285713,0.6780714377910192,1.0892857142857142
2009-03-04,24.25,24.25,24.125,24.25,205788,17:20,17:20,True,141273.14285714287,1.4566675295678482,1.1026785714285714
2009-03-05,24.625,24.625,24.5625,24.625,71388,17:20,17:20,True,144642.0,0.4935495914049861,1.0982142857142858
2009-03-06,24.0625,24.0625,24.0,24.0,50064,17:20,17:20,True,138162.0,0.36235723281365356,1.1116071428571428
2009-03-10,23.9375,24.0,23.875,23.875,142148,17:25,17:15,True,137438.2857142857,1.0342678480107435,1.1071428571428572
2009-03-11,25.625,25.625,25.5,25.625,96496,17:25,17:15,True,141904.85714285713,0.6800049127483808,1.2276785714285714
2009-03-12,26.0625,26.0625,26.0,26.0625,148144,17:20,17:20,True,139676.2857142857,1.0606238506587682,1.2410714285714286
2009-03-13,26.9375,27.125,26.9375,27.125,134276,17:20,17:20,True,135932.0,0.9878174381308301,1.25
2009-03-16,26.5625,26.75,26.4375,26.6875,120492,17:25,17:15,True,136536.2857142857,0.8824906827489082,1.2633928571428572
2009-03-17,26.3125,26.375,26.25,26.375,84124,17:20,17:20,True,136135.42857142858,0.6179434764541192,1.2276785714285714
2009-03-18,26.625,26.6875,26.5625,26.625,108908,17:20,17:20,True,128776.85714285714,0.8457109640374602,1.15625
2009-03-19,26.125,26.1875,26.0625,26.125,88968,17:25,17:15,True,128698.28571428571,0.691291259290833,1.1517857142857142
2009-03-20,26.375,26.6875,26.375,26.625,286840,17:20,17:20,True,120043.71428571429,2.3894628861390967,1.1339285714285714
2009-03-23,26.6875,26.6875,26.5625,26.5625,68232,17:25,17:15,True,126787.71428571429,0.5381593980489322,1.1428571428571428
2009-03-24,27.125,27.25,27.125,27.125,218152,17:20,17:20,True,121888.0,1.7897742189551062,1.125
2009-03-25,26.0625,26.1875,25.9375,26.1875,102072,17:20,17:20,True,130287.14285714286,0.7834387780835737,1.125
2009-03-26,26.4375,26.4375,26.25,26.375,256136,17:20,17:20,True,122878.85714285714,2.0844594908806817,1.1383928571428572
2009-03-27,26.3125,26.4375,26.3125,26.4375,112536,17:20,17:20,True,136075.14285714287,0.8270136458217413,1.1294642857142858
2009-03-30,26.125,26.3125,26.0625,26.1875,227604,17:20,17:20,True,140537.42857142858,1.6195258609297776,1.1294642857142858
2009-03-31,26.0,26.0625,25.875,26.0,161356,17:25,17:15,True,146641.42857142858,1.100343890344767,1.0223214285714286
2009-04-01,25.0,25.1875,25.0,25.125,253900,17:20,17:20,True,151274.2857142857,1.67840818947607,0.9598214285714286
2009-04-02,26.0,26.0625,25.875,26.0625,224344,17:20,17:20,True,158828.2857142857,1.4124939962115421,1.0
2009-04-03,26.875,27.0,26.6875,26.6875,258860,17:20,17:20,True,165261.7142857143,1.566364000995823,1.0044642857142858
2009-04-06,28.1875,28.1875,28.125,28.1875,101224,17:25,17:15,True,175145.14285714287,0.5779435178659984,1.0758928571428572
2009-04-07,27.875,28.0,27.8125,28.0,51128,17:25,17:15,True,176366.57142857142,0.28989620644015796,1.1071428571428572
2009-04-08,27.25,27.25,27.0625,27.125,128856,17:20,17:20,True,172239.42857142858,0.7481213858449534,1.0892857142857142
2009-04-14,28.25,28.25,28.125,28.25,244104,17:25,17:15,True,175088.57142857142,1.394174377049983,1.0267857142857142
2009-04-15,28.8125,28.9375,28.8125,28.9375,269520,17:20,17:20,True,172036.0,1.5666488409402684,1.1026785714285714
2009-04-16,29.0,29.125,29.0,29.0625,64876,17:20,17:20,True,186413.7142857143,0.34802160478689487,1.0803571428571428
2009-04-17,29.9375,30.1875,29.9375,30.1875,196676,17:20,17:20,True,175465.42857142858,1.1208817691397084,1.0758928571428572
2009-04-20,29.875,29.875,29.5625,29.625,199044,17:20,17:20,True,182222.85714285713,1.0923108281852678,1.0401785714285714
2009-04-21,28.75,28.875,28.75,28.8125,104692,17:20,17:20,True,178144.85714285713,0.5876790477091677,1.0892857142857142
2009-04-22,29.1875,29.25,29.125,29.1875,151224,17:20,17:20,True,177584.57142857142,0.8515604637468507,1.1205357142857142
2009-04-23,29.5625,29.5625,29.375,29.4375,91840,17:25,17:15,True,172128.85714285713,0.5335537661984129,1.1428571428571428
2009-04-24,30.3125,30.3125,30.125,30.1875,127060,17:20,17:20,True,167163.42857142858,0.7600944840976837,1.1875
2009-04-27,29.875,30.0,29.875,29.875,70944,17:25,17:15,True,158103.42857142858,0.44871892179079875,1.1294642857142858
2009-04-28,29.5,29.5,29.3125,29.3125,82676,17:25,17:15,True,147146.2857142857,0.5618626362104184,1.1026785714285714
2009-04-29,29.4375,29.4375,29.25,29.3125,155604,17:25,17:15,True,134561.7142857143,1.1563764687896791,1.0669642857142858
2009-05-04,29.5,29.625,29.5,29.625,276468,17:20,17:20,True,138446.0,1.9969374340898256,1.0267857142857142
2009-05-05,29.9375,29.9375,29.875,29.9375,155012,17:25,17:15,True,154541.7142857143,1.0030430988581909,1.0089285714285714
2009-05-06,29.875,29.9375,29.8125,29.9375,103420,17:25,17:15,True,156410.0,0.6612109200179017,0.9955357142857143
2009-05-07,30.875,30.875,30.75,30.8125,224232,17:20,17:20,True,146361.14285714287,1.5320459762934735,0.9241071428571429
2009-05-08,30.0,30.125,29.75,29.875,383960,17:20,17:20,True,143126.2857142857,2.682665857524424,1.0223214285714286
2009-05-11,30.1875,30.25,30.125,30.125,182224,17:20,17:20,True,165918.0,1.0982774623609253,1.0223214285714286
2009-05-12,29.6875,29.6875,29.5,29.6875,202748,17:20,17:20,True,164885.7142857143,1.2296274475827413,1.0401785714285714
2009-05-13,29.625,29.625,29.375,29.375,138104,17:20,17:20,True,165150.2857142857,0.8362322802088488,1.0044642857142858
2009-05-14,28.375,28.375,28.25,28.3125,131188,17:20,17:20,True,167536.85714285713,0.7830396381862244,1.0223214285714286
2009-05-15,29.0,29.125,28.9375,28.9375,149220,17:20,17:20,True,166105.7142857143,0.8983435677795552,1.0044642857142858
2009-05-18,28.8125,28.8125,28.75,28.8125,35556,17:20,17:20,True,170204.2857142857,0.20890190779147746,0.96875
2009-05-19,30.0625,30.0625,29.9375,30.0625,119248,17:20,17:20,True,163668.2857142857,0.7285956438021852,1.0089285714285714
2009-05-22,29.8125,29.875,29.6875,29.6875,262440,17:20,17:20,True,167118.57142857142,1.5703820213193371,1.0089285714285714
2009-05-25,29.875,29.875,29.8125,29.875,51804,17:20,17:20,True,179958.85714285713,0.2878657978966621,0.9821428571428571
2009-05-26,29.3125,29.4375,29.1875,29.375,106652,17:20,17:20,True,172544.57142857142,0.6181127526469351,0.9866071428571429
2009-05-27,29.875,29.875,29.75,29.8125,93324,17:20,17:20,True,160414.85714285713,0.5817665624131716,1.0
2009-05-28,29.3125,29.375,29.25,29.3125,58504,17:20,17:20,True,156008.57142857142,0.37500503635331395,1.0133928571428572
2009-05-29,29.75,29.8125,29.6875,29.6875,128852,17:20,17:20,True,152800.2857142857,0.8432706745125758,0.96875
2009-06-01,30.0,30.0,29.9375,29.9375,123408,17:20,17:20,True,145987.42857142858,0.8453330619466255,0.8616071428571429
2009-06-02,30.3125,30.3125,30.125,30.125,161888,17:20,17:20,True,127376.57142857143,1.2709401594372591,0.84375
2009-06-03,30.25,30.25,30.125,30.125,126148,17:20,17:20,True,125924.0,1.0017788507353642,0.8169642857142857
2009-06-04,29.4375,29.4375,29.3125,29.375,169848,17:20,17:20,True,120452.57142857143,1.4100819765455994,0.8214285714285714
2009-06-05,29.625,29.75,29.625,29.75,100696,17:20,17:20,True,122720.0,0.8205345501955671,0.7678571428571429
2009-06-08,29.5,29.625,29.5,29.5625,75928,17:20,17:20,True,120542.0,0.6298883376748353,0.7455357142857143
2009-06-09,29.4375,29.5,29.4375,29.5,138308,17:20,17:20,True,115306.85714285714,1.1994776670449534,0.7544642857142857
2009-06-10,29.6875,29.75,29.625,29.6875,72028,17:20,17:20,True,122646.28571428571,0.5872823590254903,0.7053571428571429
2009-06-11,29.875,30.0,29.875,30.0,96648,17:20,17:20,True,119273.42857142857,0.8103062111786364,0.6919642857142857
2009-06-12,30.1875,30.1875,30.0625,30.0625,44276,17:20,17:20,True,107431.14285714286,0.4121337521176355,0.6741071428571429
2009-06-15,29.875,30.0,29.8125,29.9375,163104,17:20,17:20,True,106893.42857142857,1.5258561932178112,0.6696428571428571
2009-06-16,29.5,29.5625,29.5,29.5625,64884,17:20,17:20,True,110925.71428571429,0.5849320008242324,0.6517857142857143
2009-06-17,29.1875,29.1875,29.0625,29.0625,254864,17:20,17:20,True,108894.28571428571,2.3404717550442107,0.6473214285714286
2009-06-18,29.0625,29.0625,29.0,29.0625,31516,17:20,17:20,True,122920.0,0.25639440286365117,0.65625
2009-06-22,28.8125,28.8125,28.6875,28.75,351816,17:20,17:20,True,115967.42857142857,3.0337483924057493,0.6473214285714286
2009-06-23,27.6875,27.6875,27.625,27.625,171076,17:20,17:20,True,132282.2857142857,1.293264620249337,0.6651785714285714
2009-06-24,28.25,28.4375,28.25,28.3125,136612,17:20,17:20,True,132938.57142857142,1.0276325263010844,0.6964285714285714
2009-06-25,28.9375,28.9375,28.75,28.8125,95484,17:20,17:20,True,133686.0,0.7142408329967237,0.6830357142857143
2009-06-26,29.125,29.1875,29.125,29.1875,82208,17:20,17:20,True,128374.28571428571,0.6403774676726537,0.6830357142857143
2009-06-29,29.0,29.0625,29.0,29.0625,40812,17:20,17:20,True,127053.71428571429,0.3212184722771921,0.6741071428571429
2009-06-30,30.0,30.0,29.5625,29.875,173624,17:20,17:20,True,124545.42857142857,1.3940616046009604,0.6919642857142857
2009-07-01,29.9375,30.0,29.875,30.0,60556,17:20,17:20,True,127068.0,0.47656372965656185,0.6785714285714286
2009-07-02,30.0,30.0,29.875,29.875,60560,17:20,17:20,True,126248.57142857143,0.47968859619345056,0.6696428571428571
2009-07-03,29.375,29.4375,29.25,29.4375,48100,17:20,17:20,True,123670.85714285714,0.38893560788082654,0.6964285714285714
2009-07-06,29.1875,29.1875,29.125,29.1875,63196,17:20,17:20,True,123944.0,0.5098754276124702,0.6875
2009-07-07,29.125,29.1875,29.0,29.0,56376,17:20,17:20,True,116807.71428571429,0.4826393560112223,0.6830357142857143
2009-07-08,28.75,28.875,28.75,28.875,70280,17:20,17:20,True,116200.0,0.6048192771084338,0.6919642857142857
2009-07-09,28.8125,29.0,28.8125,28.9375,103652,17:20,17:20,True,103015.42857142857,1.0061793795104201,0.6830357142857143
2009-07-10,28.5625,28.625,28.5625,28.5625,100244,17:20,17:20,True,108168.0,0.9267435840544338,0.6875
2009-07-13,28.0,28.0625,27.75,27.75,108564,17:20,17:20,True,90198.57142857143,1.2036110803148607,0.6517857142857143
2009-07-14,28.875,28.875,28.6875,28.6875,149200,17:20,17:20,True,85733.42857142857,1.7402780045789774,0.65625
2009-07-15,28.875,29.0,28.875,29.0,171524,17:20,17:20,True,86632.57142857143,1.9799019834176521,0.625
2009-07-16,29.8125,29.875,29.75,29.8125,249780,17:20,17:20,True,92064.0,2.7131126173096978,0.6830357142857143
2009-07-17,29.75,29.75,29.6875,29.6875,61952,17:20,17:20,True,104033.42857142857,0.5955008966898003,0.6785714285714286
2009-07-21,30.6875,30.75,30.625,30.75,46392,17:20,17:20,True,105543.42857142857,0.4395536569915702,0.6517857142857143
2009-07-22,31.0,31.125,30.9375,31.125,74724,17:20,17:20,True,96455.42857142857,0.7746997873184951,0.6830357142857143
2009-07-23,31.375,31.5,31.3125,31.4375,125812,17:20,17:20,True,97467.42857142857,1.2908107030627083,0.6830357142857143
2009-07-24,31.75,31.75,31.5625,31.6875,76844,17:20,17:20,True,102128.28571428571,0.7524262202440068,0.6651785714285714
2009-07-27,32.375,32.375,32.1875,32.1875,75448,17:20,17:20,True,104181.42857142857,0.7241981707735132,0.6875
2009-07-28,31.375,31.5625,31.375,31.5625,147660,17:20,17:20,True,105056.57142857143,1.405528449977971,0.71875
2009-07-29,31.375,31.4375,31.3125,31.375,70848,17:20,17:20,True,111576.85714285714,0.6349703855638266,0.7098214285714286
2009-07-30,31.8125,32.0,31.8125,31.875,136148,17:20,17:20,True,111617.42857142857,1.2197736656589728,0.71875
2009-07-31,32.25,32.25,32.0625,32.125,107764,17:20,17:20,True,113938.57142857143,0.9458078914703411,0.7410714285714286
2009-08-03,32.1875,32.25,32.125,32.25,69368,17:20,17:20,True,114475.71428571429,0.605962587198782,0.7321428571428571
2009-08-04,32.75,32.875,32.6875,32.75,118128,17:20,17:20,True,111676.0,1.0577742755829362,0.7321428571428571
2009-08-05,32.375,32.5,32.3125,32.5,97244,17:20,17:20,True,109456.57142857143,0.8884254159510099,0.7366071428571429
2009-08-06,32.375,32.5,32.375,32.4375,97176,17:20,17:20,True,104150.85714285714,0.9330312074792608,0.6741071428571429
2009-08-07,31.9375,31.9375,31.6875,31.6875,50244,17:20,17:20,True,93250.57142857143,0.5388063497121427,0.6964285714285714
2009-08-10,32.3125,32.3125,32.25,32.3125,61360,17:20,17:20,True,92414.28571428571,0.6639666099860875,0.71875
2009-08-11,32.125,32.125,32.0625,32.0625,69948,17:20,17:20,True,93483.42857142857,0.7482395657595541,0.6875
2009-08-12,31.5625,31.75,31.5625,31.75,58020,17:20,17:20,True,93142.28571428571,0.6229179320118529,0.7008928571428571
2009-08-13,32.25,32.25,32.1875,32.25,53644,17:20,17:20,True,88300.0,0.607519818799547,0.7053571428571429
2009-08-14,32.875,32.875,32.8125,32.8125,37348,17:20,17:20,True,86642.85714285714,0.43105688375927453,0.7098214285714286
2009-08-17,31.875,31.875,31.6875,31.8125,180320,17:20,17:20,True,83921.42857142857,2.1486764831049454,0.7098214285714286
2009-08-18,31.625,31.75,31.625,31.6875,117200,17:20,17:20,True,86254.28571428571,1.3587730630362054,0.7276785714285714
2009-08-19,31.5625,31.5625,31.4375,31.4375,87992,17:20,17:20,True,89565.14285714286,0.9824357690172836,0.7232142857142857
2009-08-20,31.9375,32.0,31.875,32.0,109928,17:20,17:20,True,86125.42857142857,1.2763710070694239,0.6919642857142857
2009-08-21,32.25,32.3125,32.25,32.3125,31284,17:20,17:20,True,86280.0,0.362586926286509,0.7142857142857143
2009-08-24,34.25,34.4375,34.1875,34.375,181668,17:20,17:20,True,83559.71428571429,2.174109875230374,0.7723214285714286
2009-08-25,33.8125,33.875,33.625,33.625,474368,17:20,17:20,True,88098.28571428571,5.384531562151364,0.7767857142857143
2009-08-26,33.75,33.875,33.6875,33.75,188288,17:20,17:20,True,115035.71428571429,1.636778640173859,0.8080357142857143
2009-08-27,33.25,33.3125,33.25,33.3125,62056,17:20,17:20,True,121543.71428571429,0.5105652757502885,0.8035714285714286
2009-08-28,33.125,33.25,33.0625,33.25,225196,17:20,17:20,True,122387.42857142857,1.8400255861946606,0.7901785714285714
2009-08-31,33.4375,33.4375,33.25,33.25,206556,17:20,17:20,True,134090.0,1.5404280706987843,0.8125
2009-09-01,33.1875,33.3125,33.1875,33.25,176620,17:20,17:20,True,143847.7142857143,1.227826252763339,0.7901785714285714
2009-09-02,32.375,32.375,32.1875,32.25,259372,17:20,17:20,True,152319.14285714287,1.7028194561418974,0.8125
2009-09-03,32.0,32.0,31.875,31.875,129992,17:20,17:20,True,167014.0,0.7783299603626044,0.7946428571428571
2009-09-04,32.0625,32.0625,32.0625,32.0625,73112,17:20,17:20,True,173631.42857142858,0.42107584209573645,0.7633928571428571
2009-09-07,32.3125,32.375,32.25,32.3125,247524,17:20,17:20,True,165973.7142857143,1.491344584684666,0.7544642857142857
2009-09-08,32.8125,32.8125,32.75,32.75,89828,17:20,17:20,True,175282.57142857142,0.5124753663064864,0.7678571428571429
2009-09-09,32.1875,32.1875,32.1875,32.1875,86932,17:20,17:20,True,175413.7142857143,0.4955826877846332,0.8035714285714286
2009-09-10,32.875,32.875,32.875,32.875,59056,17:20,17:20,True,173771.14285714287,0.3398492927479328,0.8125
2009-09-11,32.6875,32.6875,32.625,32.6875,51908,17:20,17:20,True,175754.85714285713,0.2953431890522839,0.7544642857142857
2009-09-14,32.3125,32.3125,32.25,32.3125,112572,17:20,17:20,True,166486.2857142857,0.6761638024238805,0.7321428571428571
2009-09-15,32.625,32.625,32.5,32.5625,154232,17:20,17:20,True,140643.7142857143,1.0966149520673312,0.7008928571428571
2009-09-16,32.5625,32.625,32.5,32.625,109520,17:20,17:20,True,138211.14285714287,0.7924107835010201,0.7008928571428571
2009-09-17,32.75,32.875,32.75,32.875,227976,17:20,17:20,True,141601.42857142858,1.6099837572260165,0.6741071428571429
2009-09-18,32.6875,32.75,32.6875,32.75,219644,17:20,17:20,True,141800.0,1.5489703808180535,0.65625
2009-09-21,32.5625,32.5625,32.5,32.5625,49820,17:20,17:20,True,142734.85714285713,0.34903877719327747,0.6517857142857143
2009-09-22,32.3125,32.3125,32.3125,32.3125,112440,17:20,17:20,True,133677.7142857143,0.8411274878599275,0.6160714285714286
2009-09-23,32.6875,32.6875,32.5625,32.5625,87256,17:20,17:20,True,123182.57142857143,0.7083469600291321,0.6160714285714286
2009-09-24,32.375,32.375,32.25,32.25,161272,17:20,17:20,True,120130.0,1.3424789811038043,0.6116071428571429
2009-09-25,31.875,31.9375,31.8125,31.8125,63440,17:20,17:20,True,126427.14285714286,0.5017909806890474,0.6294642857142857
2009-09-28,31.8125,31.9375,31.8125,31.875,61040,17:20,17:20,True,113278.28571428571,0.5388499624187211,0.625
2009-09-29,32.1875,32.25,32.1875,32.25,136816,17:20,17:20,True,111222.0,1.230116343888799,0.6205357142857143
2009-09-30,31.875,31.9375,31.875,31.875,47612,17:20,17:20,True,114785.14285714286,0.41479235739817,0.5982142857142857
2009-10-01,31.75,31.8125,31.6875,31.6875,87060,17:20,17:20,True,113967.71428571429,0.7639005532895281,0.5803571428571429
2009-10-02,31.3125,31.3125,31.1875,31.25,295200,17:20,17:20,True,116478.57142857143,2.5343717421966026,0.6205357142857143
2009-10-05,31.0625,31.125,31.0625,31.0625,86204,17:20,17:20,True,129523.42857142857,0.6655475457280757,0.625
2009-10-06,31.25,31.25,31.1875,31.1875,78960,17:20,17:20,True,124664.28571428571,0.633381080616513,0.6026785714285714
2009-10-07,31.5625,31.5625,31.375,31.375,164136,17:20,17:20,True,122481.42857142857,1.3400888764477414,0.6205357142857143
2009-10-08,31.5625,31.625,31.4375,31.5625,280620,17:20,17:20,True,117921.42857142857,2.3797201526440124,0.6294642857142857
2009-10-09,31.3125,31.3125,31.1875,31.3125,199076,17:20,17:20,True,122276.85714285714,1.6280758653080012,0.6339285714285714
2009-10-12,31.5625,31.625,31.5,31.5625,128272,17:20,17:20,True,132938.0,0.9649009312611895,0.6160714285714286
2009-10-13,32.0625,32.0625,31.9375,32.0,221744,17:20,17:20,True,134068.85714285713,1.6539560694824196,0.625
2009-10-14,32.0,32.0,31.9375,32.0,352608,17:20,17:20,True,143675.14285714287,2.4542032322918965,0.6473214285714286
2009-10-15,32.4375,32.5,32.375,32.5,378816,17:20,17:20,True,157342.0,2.407596191735201,0.6473214285714286
2009-10-16,32.4375,32.5,32.4375,32.4375,134244,17:20,17:20,True,179868.85714285713,0.7463437647428841,0.6294642857142857
2009-10-19,32.375,32.5,32.375,32.5,124204,17:20,17:20,True,185097.7142857143,0.6710185508194899,0.5982142857142857
2009-10-20,32.8125,32.8125,32.75,32.8125,92856,17:20,17:20,True,184196.85714285713,0.5041128358014485,0.5848214285714286
2009-10-21,32.5,32.625,32.4375,32.5625,106528,17:20,17:20,True,187428.57142857142,0.5683658536585366,0.5803571428571429
2009-10-22,31.9375,31.9375,31.8125,31.875,332840,17:20,17:20,True,188819.14285714287,1.762745000128619,0.5714285714285714
2009-10-23,32.0,32.0,31.75,31.875,109080,17:20,17:20,True,191507.7142857143,0.5695854102110023,0.5848214285714286
2009-10-26,32.0,32.0,31.875,31.975,73820,17:20,17:20,True,193141.7142857143,0.3822064035881869,0.5892857142857143
2009-10-27,31.25,31.425,31.2,31.2,246116,17:20,17:20,True,192774.57142857142,1.2767036553428062,0.6142857142857144
2009-10-28,31.5,31.625,31.475,31.5,247400,17:20,17:20,True,198630.2857142857,1.2455301018690863,0.6071428571428574
2009-10-29,30.75,30.775,30.7,30.75,287632,17:20,17:20,True,196257.42857142858,1.4655852881274012,0.6258928571428574
2009-11-02,31.5,31.5,31.35,31.425,339540,17:20,17:20,True,202582.85714285713,1.6760549475346949,0.6785714285714288
2009-11-03,31.0,31.0,30.825,30.95,346812,17:20,17:20,True,217673.42857142858,1.5932675029565915,0.6758928571428575
2009-11-04,31.125,31.125,31.025,31.025,167008,17:20,17:20,True,226606.85714285713,0.7369944674477131,0.6571428571428576
2009-11-05,30.975,31.0,30.95,30.975,141048,17:20,17:20,True,213349.7142857143,0.6611117360631237,0.6375000000000005
2009-11-06,31.525,31.575,31.5,31.575,218528,17:20,17:20,True,196366.2857142857,1.1128590593089882,0.6803571428571435
2009-11-09,31.45,31.525,31.45,31.5,186856,17:20,17:20,True,202386.57142857142,0.9232628364671287,0.708928571428572
2009-11-10,32.25,32.25,32.225,32.25,125092,17:20,17:20,True,206861.7142857143,0.6047131555103754,0.7580357142857148
2009-11-11,32.275,32.3,32.25,32.275,63640,17:20,17:20,True,209164.2857142857,0.3042584434654919,0.7491071428571436
2009-11-12,32.2,32.225,32.175,32.225,96292,17:20,17:20,True,206100.85714285713,0.4672081491308694,0.7169642857142868
2009-11-13,32.375,32.375,32.35,32.35,5036,17:20,17:20,True,189204.57142857142,0.026616693042753423,0.6973214285714298
2009-11-16,32.4,32.475,32.4,32.425,143096,17:20,17:20,True,181772.85714285713,0.7872242437579082,0.6964285714285724
2009-11-17,32.4,32.4,32.35,32.35,99572,17:20,17:20,True,186721.14285714287,0.5332658020210428,0.6482142857142864
2009-11-18,32.45,32.525,32.45,32.5,151732,17:20,17:20,True,176253.7142857143,0.8608726381450117,0.6339285714285722
2009-11-19,32.425,32.425,32.375,32.425,38040,17:20,17:20,True,169420.2857142857,0.22453037332348463,0.5964285714285721
2009-11-20,32.025,32.125,32.0,32.1,48624,17:20,17:20,True,151592.2857142857,0.3207551081566533,0.5625000000000008
2009-11-23,32.05,32.125,32.025,32.1,135820,17:20,17:20,True,130812.57142857143,1.0382794139488558,0.5553571428571435
2009-11-24,32.125,32.125,32.025,32.075,75444,17:20,17:20,True,115741.71428571429,0.6518306771728183,0.5553571428571435
2009-11-25,32.45,32.525,32.4,32.525,200120,17:20,17:20,True,109201.42857142857,1.8325767585458066,0.5482142857142863
2009-11-26,32.625,32.625,32.525,32.55,88772,17:20,17:20,True,113420.85714285714,0.7826779151226909,0.516071428571429
2009-11-27,31.4,31.55,31.4,31.5,188856,17:20,17:20,True,104152.57142857143,1.8132629603822963,0.5232142857142862
2009-11-30,32.375,32.425,32.325,32.425,53088,17:20,17:20,True,104295.42857142857,0.5090155985469847,0.5089285714285722
2009-12-01,32.05,32.125,32.05,32.125,196244,17:20,17:20,True,99152.28571428571,1.979218114703789,0.5196428571428575
2009-12-02,32.5,32.5,32.375,32.375,173040,17:20,17:20,True,108624.0,1.5930181175430844,0.5464285714285716
2009-12-03,32.65,32.675,32.625,32.65,73408,17:20,17:20,True,114106.0,0.6433316390023311,0.5446428571428574
2009-12-04,32.5,32.525,32.5,32.525,64612,17:20,17:20,True,118989.71428571429,0.5430049175919167,0.541071428571429
2009-12-07,33.0,33.0,32.925,32.95,138556,17:20,17:20,True,113383.71428571429,1.2220097116491913,0.5767857142857148
2009-12-08,33.2,33.225,33.125,33.225,51476,17:20,17:20,True,116168.28571428571,0.44311577538989005,0.5875000000000004
2009-12-09,32.75,32.85,32.75,32.75,127540,17:20,17:20,True,109007.14285714286,1.1700150710962585,0.6303571428571433
2009-12-10,32.5,32.625,32.5,32.575,52032,17:20,17:20,True,115400.0,0.4508838821490468,0.6285714285714287
2009-12-11,32.7,32.85,32.7,32.85,214256,17:20,17:20,True,115643.42857142857,1.852729572676602,0.6142857142857144
2009-12-14,32.95,33.0,32.925,32.975,90912,17:20,17:20,True,121246.0,0.7498144268676905,0.6000000000000002
2009-12-15,33.075,33.075,32.975,32.975,121996,17:20,17:20,True,122350.85714285714,0.9970996758736,0.5839285714285715
2009-12-16,32.875,32.95,32.875,32.95,142148,17:20,17:20,True,116770.57142857143,1.217327262005838,0.5803571428571431
2009-12-17,32.7,32.725,32.6,32.7,136852,17:20,17:20,True,120583.14285714286,1.1349181714572756,0.5428571428571433
2009-12-18,32.5,32.55,32.5,32.55,153116,17:20,17:20,True,116868.57142857143,1.3101554860160374,0.5035714285714287
2009-12-21,32.625,32.625,32.6,32.625,73444,17:20,17:20,True,124013.42857142857,0.5922261874866086,0.4696428571428576
2009-12-22,32.95,33.1,32.95,33.05,121456,17:20,17:20,True,115242.0,1.0539213134100416,0.4625000000000001
2009-12-23,33.15,33.225,33.125,33.2,44864,17:20,17:20,True,111557.42857142857,0.4021605784080461,0.4535714285714282
2009-12-28,33.625,33.8,33.625,33.8,280320,17:20,17:20,True,109518.57142857143,2.5595658922818045,0.46785714285714264
2009-12-29,33.5,33.5,33.4,33.45,99972,17:20,17:20,True,124926.28571428571,0.800247917629139,0.4375
2009-12-30,33.575,33.575,33.525,33.525,35516,17:20,17:20,True,122170.28571428571,0.2907089869877174,0.4250000000000002
2010-01-04,33.375,33.55,33.375,33.475,112352,17:20,17:20,True,121030.28571428571,0.9282965774800168,0.3982142857142864
2010-01-07,33.725,33.8,33.675,33.675,951704,17:20,17:20,True,119945.42857142857,7.934474963614406,0.4053571428571437
2010-01-08,34.05,34.05,33.95,34.0,72664,17:20,17:20,True,184207.7142857143,0.39446773595645906,0.41964285714285815
2010-01-11,34.125,34.125,34.025,34.025,107404,17:20,17:20,True,174094.0,0.6169310832079221,0.41964285714285815
2010-01-12,34.025,34.025,33.975,34.0,95968,17:20,17:20,True,175272.0,0.5475375416495504,0.4250000000000012
2010-01-13,33.5,33.575,33.45,33.575,148952,17:20,17:20,True,173412.85714285713,0.8589443854055969,0.4285714285714296
2010-01-14,33.8,33.85,33.8,33.85,107236,17:20,17:20,True,173898.85714285713,0.6166573016170319,0.4267857142857154
2010-01-15,34.0,34.0,33.85,33.9,102060,17:20,17:20,True,171783.42857142858,0.5941201712455217,0.4214285714285729
2010-01-18,33.7,33.725,33.7,33.725,69792,17:20,17:20,True,168136.57142857142,0.41509113339835985,0.4535714285714297
2010-01-19,33.725,33.725,33.65,33.65,93256,17:20,17:20,True,167875.7142857143,0.5555061993141184,0.4285714285714301
2010-01-20,34.025,34.025,33.875,33.875,210572,17:20,17:20,True,165861.42857142858,1.2695658165594341,0.4535714285714302
2010-01-21,33.95,33.975,33.85,33.9,367772,17:20,17:20,True,177697.7142857143,2.0696495814722273,0.46250000000000163
2010-01-22,33.5,33.575,33.45,33.575,152132,17:20,17:20,True,183944.2857142857,0.8270547759026413,0.4839285714285734
2010-01-25,33.15,33.175,33.025,33.075,200608,17:20,17:20,True,187670.0,1.0689401609207652,0.5089285714285735
2010-01-26,33.05,33.05,32.9,32.9,169308,17:20,17:20,True,199462.2857142857,0.8488221188968055,0.5000000000000016
2010-01-27,33.075,33.075,33.025,33.075,82892,17:20,17:20,True,203530.57142857142,0.4072705118360597,0.4910714285714301
2010-01-28,33.2,33.275,33.2,33.25,91788,17:20,17:20,True,141472.57142857142,0.6488042104072673,0.500000000000001
2010-01-29,32.425,32.475,32.425,32.475,94984,17:20,17:20,True,142838.57142857142,0.6649744466780682,0.5517857142857149
2010-02-01,32.625,32.625,32.575,32.575,142256,17:20,17:20,True,141951.42857142858,1.002145603123805,0.5750000000000003
2010-02-02,33.375,33.375,33.325,33.375,69264,17:20,17:20,True,145257.7142857143,0.4768352602861515,0.591071428571429
2010-02-03,33.3,33.475,33.3,33.4,134772,17:20,17:20,True,139565.7142857143,0.965652636750737,0.591071428571429
2010-02-04,32.825,32.825,32.825,32.825,59600,17:20,17:20,True,141532.57142857142,0.421104480745472,0.6357142857142861
2010-02-05,31.975,31.975,31.875,31.925,137764,17:20,17:20,True,138499.7142857143,0.9946879725383652,0.6642857142857146
2010-02-08,31.2,31.225,31.125,31.15,191432,17:25,17:20,True,143354.85714285713,1.3353715654659168,0.7160714285714287
2010-02-09,31.225,31.25,31.075,31.075,137844,17:25,17:20,True,150367.42857142858,0.9167144860399098,0.708928571428572
2010-02-10,31.175,31.35,31.125,31.225,250256,17:25,17:20,True,145172.57142857142,1.723851809865697,0.6839285714285717
2010-02-11,31.25,31.25,31.125,31.175,93292,17:25,17:20,True,136778.57142857142,0.6820659042247638,0.6857142857142858
2010-02-12,31.4,31.4,31.25,31.325,193776,17:25,17:20,True,132575.7142857143,1.461625162979645,0.6803571428571425
2010-02-15,31.0,31.175,31.0,31.05,121376,17:25,17:20,True,132087.7142857143,0.9189045374610377,0.7124999999999996
2010-02-16,30.9,30.95,30.8,30.875,54936,17:20,17:20,True,128664.0,0.42697257974258535,0.7303571428571427
2010-02-17,31.225,31.225,31.025,31.125,53636,17:25,17:20,True,126667.14285714286,0.42344051338152866,0.7214285714285715
2010-02-18,31.125,31.2,31.05,31.2,262812,17:25,17:20,True,123942.0,2.120443433218764,0.6696428571428577
2010-02-19,31.35,31.375,31.225,31.3,162908,17:25,17:20,True,135929.7142857143,1.198472319728263,0.6589285714285721
2010-02-22,31.975,32.075,31.975,32.075,61488,17:25,17:20,True,137404.85714285713,0.44749509790670744,0.6660714285714293
2010-02-23,32.2,32.2,32.025,32.025,87548,17:25,17:20,True,136849.42857142858,0.6397396095395773,0.6625000000000006
2010-02-24,31.75,31.75,31.65,31.65,81424,17:25,17:20,True,133476.2857142857,0.6100259650189332,0.6535714285714292
2010-02-25,31.175,31.225,31.125,31.175,109988,17:25,17:20,True,135035.14285714287,0.8145138937377148,0.6232142857142863
2010-02-26,31.35,31.375,31.225,31.225,128164,17:25,17:20,True,133051.14285714287,0.9632686893761582,0.5910714285714292
2010-03-01,31.9,32.0,31.9,32.0,5764,17:25,17:20,True,128532.0,0.04484486353592879,0.5875000000000006
2010-03-02,32.125,32.25,32.125,32.25,55288,17:25,17:20,True,119097.71428571429,0.46422385460198345,0.6125000000000007
2010-03-03,32.25,32.25,32.175,32.25,94372,17:25,17:20,True,105171.42857142857,0.8973159467535996,0.5928571428571432
2010-03-04,32.625,32.625,32.425,32.525,154420,17:25,17:20,True,105248.57142857143,1.4671933110731057,0.5928571428571434
2010-03-05,32.875,32.95,32.775,32.8,86588,17:25,17:20,True,102437.42857142857,0.8452769774440705,0.5642857142857152
2010-03-08,33.225,33.225,33.15,33.15,170572,17:25,17:20,True,99952.57142857143,1.706529382507132,0.5428571428571437
2010-03-09,33.1,33.125,33.1,33.1,62864,17:25,17:20,True,108212.28571428571,0.5809321888457345,0.5196428571428581
2010-03-10,33.075,33.125,32.975,33.025,126532,17:25,17:20,True,108871.42857142857,1.1622149324235664,0.5160714285714297
2010-03-11,33.425,33.525,33.375,33.425,146724,17:25,17:20,True,99137.14285714286,1.4800103752377658,0.5178571428571439
2010-03-12,33.4,33.4,33.3,33.35,48288,17:25,17:20,True,97981.14285714286,0.49282952404835917,0.4892857142857154
2010-03-15,33.15,33.225,33.15,33.15,176876,17:25,17:20,True,97038.28571428571,1.8227444837678208,0.4964285714285724
2010-03-16,33.3,33.475,33.25,33.375,351664,17:25,17:20,True,103418.85714285714,3.4003856715824137,0.45892857142857196
2010-03-17,34.0,34.075,34.0,34.05,145304,17:25,17:20,True,122721.71428571429,1.1840121436187798,0.4642857142857148
2010-03-18,33.95,34.0,33.95,34.0,78260,17:25,17:20,True,125244.28571428571,0.6248588472813131,0.4500000000000003
2010-03-19,34.05,34.2,34.05,34.15,225360,17:25,17:20,True,121679.71428571429,1.8520753547369089,0.4410714285714286
2010-03-22,33.95,34.025,33.875,33.95,144272,17:25,17:20,True,137365.14285714287,1.0502810028745075,0.4232142857142855
2010-03-23,34.275,34.35,34.225,34.35,79244,17:25,17:20,True,143721.14285714287,0.5513732943159769,0.44464285714285723
2010-03-24,34.75,34.775,34.7,34.75,138844,17:25,17:20,True,142640.57142857142,0.9733836496128131,0.44642857142857145
2010-03-25,34.725,34.775,34.725,34.775,82592,17:25,17:20,True,141528.0,0.5835735684811486,0.457142857142857
2010-03-26,35.075,35.075,35.0,35.05,104336,17:25,17:20,True,141242.57142857142,0.7387007964009232,0.4571428571428565
2010-03-29,35.075,35.15,35.075,35.15,100980,17:25,17:20,True,136511.42857142858,0.7397182862763976,0.4607142857142849
2010-03-30,35.15,35.225,35.125,35.125,46448,17:25,17:20,True,139234.0,0.33359667897209017,0.4696428571428563
2010-03-31,34.85,34.85,34.775,34.8,176468,17:25,17:20,True,133513.7142857143,1.321721899087948,0.4624999999999996
2010-04-06,35.0,35.125,34.8,34.9,309456,17:25,17:20,True,135638.2857142857,2.28147973391415,0.47142857142857103
2010-04-07,35.45,35.5,35.45,35.475,160684,17:25,17:20,True,154293.14285714287,1.0414202279149523,0.514285714285714
2010-04-08,35.4,35.425,35.2,35.325,145824,17:25,17:20,True,153136.57142857142,0.9522480400314939,0.5196428571428571
2010-04-09,35.4,35.5,35.325,35.45,104060,17:25,17:20,True,138433.7142857143,0.7516954994448091,0.5142857142857145
2010-04-12,35.625,35.75,35.625,35.675,170832,17:25,17:20,True,135487.7142857143,1.2608670896886802,0.523214285714286
2010-04-13,35.775,35.8,35.75,35.75,244896,17:25,17:20,True,142100.0,1.7234060520760028,0.528571428571429
2010-04-14,35.9,35.925,35.775,35.85,253984,17:25,17:20,True,143495.42857142858,1.7699797305638407,0.5250000000000006
2010-04-15,34.95,34.975,34.825,34.825,436492,17:25,17:20,True,151332.0,2.8843337826764994,0.5053571428571436
2010-04-16,34.825,34.875,34.775,34.875,271568,17:25,17:20,True,176849.7142857143,1.5355863089564343,0.5500000000000007
2010-04-19,34.5,34.5,34.125,34.125,182760,17:25,17:20,True,186330.0,0.9808404443728869,0.5446428571428577
2010-04-20,34.5,34.55,34.4,34.5,81392,17:25,17:20,True,193484.85714285713,0.42066341109012595,0.5517857142857149
2010-04-21,34.425,34.6,34.425,34.5,123672,17:25,17:20,True,191846.0,0.6446420566496044,0.5607142857142863
2010-04-22,33.8,33.85,33.75,33.825,245420,17:25,17:20,True,193466.85714285713,1.2685376897334946,0.585714285714286
2010-04-23,33.7,33.725,33.55,33.55,210772,17:25,17:20,True,207679.14285714287,1.0148924783697928,0.6071428571428571
2010-04-26,34.55,34.55,34.4,34.525,166144,17:25,17:20,True,210129.42857142858,0.7906745910343692,0.6285714285714283
2010-04-27,34.75,34.75,34.55,34.6,130596,17:25,17:20,True,199892.85714285713,0.6533299982133286,0.6071428571428571
2010-04-28,33.575,33.6,33.45,33.575,138512,17:25,17:20,True,197743.7142857143,0.7004622144391803,0.6571428571428568
2010-04-29,33.4,33.55,33.4,33.4,152952,17:25,17:20,True,197221.42857142858,0.775534388468364,0.6767857142857139
2010-05-03,34.375,34.375,34.15,34.275,337096,17:25,17:20,True,200713.7142857143,1.6794866319904114,0.726785714285714
2010-05-04,34.25,34.4,34.25,34.375,135528,17:25,17:20,True,212589.7142857143,0.6375096765869602,0.7178571428571426
2010-05-05,33.35,33.4,33.325,33.375,137504,17:25,17:20,True,204777.7142857143,0.6714793183410025,0.7607142857142856
2010-05-06,32.2,32.2,31.9,31.925,281712,17:25,17:20,True,196457.7142857143,1.4339574346787822,0.8142857142857142
2010-05-07,31.05,31.125,30.75,30.9,547216,17:25,17:20,True,185402.0,2.951510771189092,0.819642857142857
2010-05-10,31.625,31.7,31.375,31.5,571912,17:25,17:20,True,205091.14285714287,2.7885748357176388,0.9089285714285713
2010-05-11,32.225,32.3,32.1,32.175,199924,17:25,17:20,True,232887.7142857143,0.8584566198057433,1.0017857142857145
2010-05-14,32.975,32.975,32.8,32.95,263296,17:25,17:20,True,241354.2857142857,1.0909108127944693,1.0339285714285718
2010-05-17,31.5,31.625,31.4,31.55,148320,17:25,17:20,True,251327.42857142858,0.5901464907474143,1.0660714285714292
2010-05-18,32.225,32.325,32.15,32.325,81060,17:25,17:20,True,244391.7142857143,0.33168063916125284,1.0732142857142863
2010-05-19,31.7,31.7,31.55,31.625,185764,17:25,17:20,True,235126.57142857142,0.7900595788529704,1.0482142857142862
2010-05-20,31.625,31.625,31.5,31.625,112768,17:25,17:20,True,236528.0,0.4767638503686667,1.055357142857143
2010-05-21,30.75,30.825,30.5,30.75,167488,17:25,17:20,True,235254.57142857142,0.7119436573875595,1.0875000000000004
2010-05-24,31.2,31.2,31.025,31.05,165752,17:25,17:20,True,237324.2857142857,0.6984198835830419,1.0750000000000004
2010-05-25,30.25,30.3,30.15,30.2,275724,17:25,17:20,True,238238.57142857142,1.1573440788645235,1.0589285714285717
2010-05-26,30.825,30.825,30.375,30.475,331452,17:25,17:20,True,233854.85714285713,1.4173406704036204,1.0964285714285715
2010-05-27,31.25,31.45,31.175,31.25,204556,17:25,17:20,True,247849.42857142858,0.8253236700162425,1.1035714285714289
2010-05-28,31.825,31.95,31.8,31.9,144492,17:25,17:20,True,252638.85714285713,0.5719310229395772,1.0767857142857142
2010-05-31,31.75,31.75,31.65,31.725,63564,17:25,17:20,True,242837.42857142858,0.26175536602383015,1.0178571428571428
2010-06-01,31.65,31.65,31.5,31.525,60064,17:25,17:20,True,208290.85714285713,0.2883659937066026,0.9142857142857144
2010-06-02,31.5,31.625,31.5,31.6,101804,17:25,17:20,True,171730.2857142857,0.5928133152318587,0.8374999999999998
2010-06-03,32.55,32.625,32.55,32.575,217988,17:20,17:20,True,164721.7142857143,1.3233713657319877,0.8357142857142856
2010-06-04,32.725,32.825,32.725,32.825,27640,17:25,17:20,True,161485.42857142858,0.17116095392950093,0.796428571428571
2010-06-07,31.925,31.975,31.925,31.925,311528,17:25,17:20,True,152865.42857142858,2.037923177995959,0.7857142857142855
2010-06-08,32.15,32.35,32.15,32.25,59644,17:25,17:20,True,169327.42857142858,0.35224062931328315,0.8071428571428572
2010-06-09,32.05,32.125,32.0,32.1,42736,17:25,17:20,True,160318.85714285713,0.26656876652955896,0.8125
2010-06-10,32.375,32.4,32.15,32.4,84832,17:25,17:20,True,155316.57142857142,0.5461876940736707,0.7678571428571429
2010-06-11,33.1,33.25,33.05,33.15,147332,17:25,17:20,True,149412.57142857142,0.986074990821197,0.7803571428571429
2010-06-14,33.475,33.65,33.475,33.6,54752,17:25,17:20,True,148096.85714285713,0.3697039968051797,0.7589285714285712
2010-06-15,33.375,33.475,33.35,33.475,95756,17:25,17:20,True,132313.14285714287,0.7237073954428455,0.7249999999999996
2010-06-16,34.0,34.15,33.925,33.925,123932,17:25,17:20,True,115477.71428571429,1.0732114050453767,0.6928571428571423
2010-06-17,33.725,33.8,33.7,33.75,126032,17:25,17:20,True,109718.85714285714,1.1486813049456273,0.6928571428571421
2010-06-18,33.925,33.925,33.9,33.9,30288,17:25,17:20,True,108400.28571428571,0.27940885764665885,0.6946428571428562
2010-06-21,34.025,34.15,34.025,34.05,171420,17:25,17:20,True,106023.42857142857,1.6168124565459927,0.7017857142857132
2010-06-22,33.85,33.85,33.6,33.75,113204,17:25,17:20,True,113977.42857142857,0.9932141952917997,0.6749999999999989
2010-06-23,33.725,33.8,33.7,33.8,90284,17:25,17:20,True,114791.71428571429,0.7865027590343753,0.6499999999999988
2010-06-24,33.625,33.675,33.575,33.6,81004,17:25,17:20,True,105670.0,0.7665751869026214,0.6464285714285705
2010-06-28,32.95,33.05,32.95,32.975,71288,17:25,17:20,True,109481.71428571429,0.6511406992948594,0.6642857142857134
2010-06-29,32.425,32.425,32.225,32.275,121772,17:25,17:20,True,92321.71428571429,1.3189963048470255,0.6589285714285703
2010-06-30,31.7,32.0,31.575,31.675,174100,17:25,17:20,True,96759.42857142857,1.7993078563034095,0.6892857142857132
2010-07-01,31.425,31.475,31.375,31.375,170868,17:25,17:20,True,106142.57142857143,1.6097970654025986,0.6732142857142845
2010-07-02,31.575,31.575,31.45,31.475,149520,17:25,17:20,True,112288.0,1.3315759475634084,0.6696428571428559
2010-07-05,31.5,31.5,31.45,31.45,55468,17:25,17:20,True,112444.28571428571,0.49329318646694875,0.6714285714285706
2010-07-06,31.25,31.275,31.25,31.25,55956,17:25,17:20,True,112495.42857142857,0.4974068787557082,0.6767857142857133
2010-07-07,31.7,31.7,31.575,31.65,61096,17:25,17:20,True,109652.57142857143,0.5571779959560585,0.6857142857142848
2010-07-08,32.65,32.65,32.425,32.475,121748,17:25,17:20,True,105164.28571428571,1.1576934048767236,0.6874999999999994
2010-07-09,32.2,32.2,32.1,32.1,30672,17:25,17:20,True,104858.28571428571,0.2925090734705889,0.7107142857142852
2010-07-12,32.2,32.225,32.175,32.225,51112,17:25,17:20,True,104885.71428571429,0.4873113593026423,0.6999999999999995
2010-07-13,32.325,32.425,32.3,32.425,81132,17:25,17:20,True,96292.28571428571,0.842559706607561,0.7000000000000001
2010-07-14,33.425,33.55,33.4,33.55,102652,17:25,17:20,True,94001.42857142857,1.0920259570523245,0.751785714285714
2010-07-15,33.7,33.725,33.575,33.725,60868,17:25,17:20,True,94884.85714285714,0.6414932986446731,0.7392857142857137
2010-07-16,33.75,33.95,33.75,33.95,91940,17:25,17:20,True,93446.57142857143,0.9838777238635981,0.7178571428571419
2010-07-19,33.0,33.0,32.725,32.95,151800,17:25,17:20,True,94921.71428571429,1.599212584204728,0.7339285714285706
2010-07-20,33.375,33.375,33.325,33.35,52404,17:25,17:20,True,97066.57142857143,0.5398769033329114,0.6946428571428565
2010-07-21,33.05,33.25,33.05,33.25,44752,17:25,17:20,True,88374.0,0.5063932830923122,0.703571428571428
2010-07-22,33.35,33.35,33.25,33.3,66296,17:25,17:20,True,79365.71428571429,0.8353229174166606,0.7089285714285707
2010-07-23,34.275,34.275,34.05,34.1,46540,17:25,17:20,True,73421.14285714286,0.6338773572423669,0.7428571428571418
2010-07-26,34.35,34.4,34.275,34.275,62184,17:25,17:20,True,72783.42857142857,0.8543703040723556,0.7499999999999992
2010-07-27,34.45,34.475,34.4,34.45,61600,17:25,17:20,True,73228.28571428571,0.8412049988490006,0.7249999999999991
2010-07-28,34.525,34.675,34.525,34.6,33948,17:25,17:20,True,73264.28571428571,0.4633635565954958,0.6928571428571418
2010-07-29,34.425,34.475,34.375,34.4,81608,17:25,17:20,True,66992.85714285714,1.218159718520098,0.6732142857142845
2010-07-30,34.025,34.125,33.95,34.125,80972,17:25,17:20,True,70631.14285714286,1.1464064819646533,0.6946428571428562
2010-08-02,34.0,34.175,33.95,34.175,138928,17:25,17:20,True,72764.0,1.9092958056181628,0.7035714285714276
2010-08-03,35.0,35.025,34.875,34.925,100704,17:25,17:20,True,76892.28571428571,1.3096762446910892,0.6928571428571421
2010-08-04,34.85,34.85,34.675,34.75,46712,17:25,17:20,True,76753.14285714286,0.6086004854152087,0.6821428571428564
2010-08-05,34.675,34.825,34.65,34.825,64764,17:25,17:20,True,75742.0,0.8550606004594544,0.6660714285714278
2010-08-06,34.5,34.6,34.5,34.6,77920,17:25,17:20,True,73800.85714285714,1.0558142956140657,0.6392857142857135
2010-08-09,34.55,34.75,34.5,34.5,224272,17:25,17:20,True,68523.71428571429,3.272910733718879,0.6321428571428562
2010-08-10,34.4,34.475,34.4,34.425,17892,17:25,17:20,True,80800.0,0.22143564356435644,0.6124999999999992
2010-08-11,34.025,34.05,34.0,34.05,88904,17:25,17:20,True,78881.42857142857,1.1270586956915443,0.5749999999999993
2010-08-12,33.25,33.35,33.2,33.35,125324,17:25,17:20,True,80496.28571428571,1.5568917110638647,0.5553571428571428
2010-08-13,33.475,33.475,33.275,33.4,61280,17:25,17:20,True,86123.71428571429,0.7115345698712483,0.5642857142857142
2010-08-16,33.25,33.325,33.175,33.175,370880,17:25,17:20,True,86059.14285714286,4.309594398536555,0.5767857142857145
2010-08-17,34.0,34.1,33.95,34.1,122104,17:25,17:20,True,108150.57142857143,1.1290185376472484,0.6035714285714288
2010-08-18,34.2,34.225,34.125,34.125,63996,17:25,17:20,True,114447.42857142857,0.5591737691166999,0.5946428571428574
2010-08-19,34.05,34.05,33.975,34.05,87320,17:25,17:20,True,113189.42857142857,0.7714501354240553,0.5785714285714286
2010-08-20,33.375,33.425,33.375,33.425,27864,17:25,17:20,True,113642.85714285714,0.2451891891891892,0.5857142857142854
2010-08-23,32.7,32.775,32.6,32.65,81356,17:25,17:20,True,105709.71428571429,0.769617064521709,0.5821428571428571
2010-08-24,32.3,32.35,32.25,32.3,76084,17:25,17:20,True,104327.71428571429,0.7292788931580979,0.5946428571428574
2010-08-25,31.875,32.0,31.85,31.85,48944,17:25,17:20,True,106425.71428571429,0.4598888560766732,0.6285714285714289
2010-08-26,31.9,31.975,31.875,31.975,150004,17:25,17:20,True,105295.71428571429,1.4245973923779287,0.6553571428571432
2010-08-27,32.0,32.1,31.95,32.0,87164,17:25,17:20,True,110444.57142857143,0.7892103602065418,0.6607142857142863
2010-08-30,32.625,32.625,32.325,32.625,104352,17:25,17:20,True,100651.14285714286,1.0367691517234918,0.6696428571428574
2010-08-31,31.6,31.6,31.475,31.6,209788,17:25,17:20,True,106826.85714285714,1.9638132732806624,0.7017857142857145
2010-09-01,32.05,32.125,32.025,32.025,74380,17:25,17:20,True,115461.42857142857,0.6441978149784097,0.6857142857142858
2010-09-02,33.05,33.05,32.8,32.875,178888,17:25,17:20,True,111822.57142857143,1.5997485812984344,0.7196428571428571
2010-09-03,33.075,33.075,32.95,33.075,162248,17:25,17:20,True,120223.14285714286,1.3495571330454559,0.7071428571428567
2010-09-06,33.225,33.325,33.2,33.3,43376,17:25,17:20,True,105320.85714285714,0.41184624942013925,0.6982142857142853
2010-09-07,33.125,33.125,33.0,33.125,53852,17:25,17:20,True,99697.42857142857,0.540154352741581,0.6892857142857144
2010-09-08,32.75,32.95,32.75,32.85,88700,17:25,17:20,True,98972.85714285714,0.8962053088148265,0.6946428571428575
2010-09-09,33.425,33.425,33.2,33.225,148848,17:25,17:20,True,99071.42857142857,1.5024311463590485,0.703571428571429
2010-09-10,33.475,33.475,33.35,33.425,39720,17:25,17:20,True,107713.14285714286,0.36875722819340256,0.6589285714285718
2010-09-13,33.675,33.8,33.675,33.725,256512,17:25,17:20,True,104739.14285714286,2.4490557493855483,0.6500000000000004
2010-09-14,33.65,33.7,33.6,33.7,143060,17:25,17:20,True,117626.85714285714,1.216218842149752,0.608928571428572
2010-09-15,33.575,33.65,33.575,33.65,102052,17:25,17:20,True,124349.42857142857,0.8206873258076894,0.5625000000000008
2010-09-16,33.45,33.525,33.425,33.5,187244,17:25,17:20,True,120924.28571428571,1.548439991966638,0.5482142857142863
2010-09-17,33.475,33.525,33.35,33.5,453988,17:25,17:20,True,128072.85714285714,3.5447635832282964,0.5357142857142867
2010-09-20,33.4,33.5,33.4,33.475,65060,17:25,17:20,True,153046.85714285713,0.42509856925236716,0.507142857142858
2010-09-21,33.725,33.775,33.7,33.775,161752,17:25,17:20,True,142709.14285714287,1.1334382420187312,0.48928571428571516
2010-09-22,34.025,34.025,33.875,33.875,82324,17:25,17:20,True,148950.0,0.5526955354145686,0.43214285714285794
2010-09-23,33.8,33.85,33.8,33.8,45472,17:25,17:20,True,142052.57142857142,0.32010684173263826,0.437500000000001
2010-09-24,33.4,33.45,33.35,33.45,119260,17:25,17:20,True,133711.42857142858,0.8919207675377678,0.43571428571428683
2010-09-27,33.975,34.075,33.975,34.025,139180,17:25,17:20,True,139131.7142857143,1.0003470503798044,0.4607142857142869
2010-09-28,33.95,33.95,33.825,33.925,95320,17:25,17:20,True,145226.57142857142,0.6563537172457619,0.4571428571428581
2010-09-29,34.15,34.35,34.15,34.2,192256,17:25,17:20,True,145699.42857142858,1.319538462745221,0.4392857142857152
2010-09-30,34.075,34.175,34.075,34.15,92888,17:25,17:20,True,148800.0,0.624247311827957,0.43392857142857216
2010-10-01,34.25,34.3,34.2,34.3,31596,17:25,17:20,True,152597.7142857143,0.2070542153786239,0.4500000000000003
2010-10-04,34.35,34.375,34.325,34.325,75420,17:25,17:20,True,136532.2857142857,0.5523968166608422,0.4535714285714287
2010-10-05,33.775,33.775,33.575,33.575,147860,17:25,17:20,True,131700.85714285713,1.1226958062969545,0.4767857142857141
2010-10-06,34.5,34.5,34.425,34.425,98984,17:25,17:20,True,134972.85714285713,0.7333622633122004,0.5053571428571431
2010-10-07,34.525,34.675,34.525,34.625,162896,17:25,17:20,True,128668.57142857143,1.266012346227295,0.49464285714285694
2010-10-08,34.3,34.325,34.275,34.325,68800,17:25,17:20,True,107876.28571428571,0.6377676015117847,0.4892857142857139
2010-10-11,34.25,34.375,34.25,34.375,100368,17:25,17:20,True,108143.42857142857,0.9281007762178272,0.4892857142857134
2010-10-12,34.55,34.6,34.5,34.525,64648,17:25,17:20,True,103758.85714285714,0.6230600623423542,0.4982142857142848
2010-10-13,34.825,34.85,34.775,34.8,173916,17:25,17:20,True,102496.28571428571,1.6968029503508142,0.5053571428571421
2010-10-14,35.3,35.35,35.2,35.3,235000,17:25,17:20,True,111670.85714285714,2.104398640903881,0.4999999999999995
2010-10-15,34.9,35.025,34.9,34.975,173940,17:25,17:20,True,119938.0,1.4502492954693258,0.49107142857142805
2010-10-18,34.6,34.675,34.6,34.675,100204,17:25,17:20,True,122420.85714285714,0.8185206535767715,0.49821428571428533
2010-10-19,35.2,35.2,35.0,35.075,210844,17:25,17:20,True,122769.71428571429,1.7173942386907892,0.5107142857142856
2010-10-20,34.9,34.925,34.8,34.875,112300,17:25,17:20,True,124097.42857142857,0.904934141607631,0.5267857142857143
2010-10-21,34.7,34.8,34.625,34.625,101364,17:25,17:20,True,125484.0,0.8077842593478053,0.5267857142857147
2010-10-22,35.15,35.225,35.1,35.175,209980,17:25,17:20,True,130467.42857142857,1.6094438458641018,0.5446428571428577
2010-10-25,34.975,34.975,34.925,34.95,100736,17:25,17:20,True,140078.85714285713,0.7191377917744292,0.5357142857142863
2010-10-26,34.6,34.65,34.525,34.6,109972,17:25,17:20,True,136712.85714285713,0.80440129990909,0.5
2010-10-27,34.675,34.7,34.575,34.675,212860,17:25,17:20,True,137497.7142857143,1.5480984618965095,0.5071428571428572
2010-10-28,34.8,34.9,34.75,34.75,247956,17:25,17:20,True,141066.57142857142,1.7577233038909694,0.5053571428571431
2010-10-29,34.175,34.225,34.125,34.125,135964,17:25,17:20,True,153863.42857142858,0.8836667768447714,0.5303571428571432
2010-11-01,34.375,34.5,34.375,34.45,124768,17:25,17:20,True,156406.0,0.7977187575924197,0.528571428571429
2010-11-02,34.325,34.375,34.3,34.375,27600,17:25,17:20,True,160700.2857142857,0.17174829451810025,0.5178571428571433
2010-11-03,34.675,34.725,34.6,34.625,147356,17:25,17:20,True,150249.14285714287,0.9807443636474275,0.5000000000000006
2010-11-04,34.7,34.7,34.5,34.5,154328,17:25,17:20,True,143988.85714285713,1.0718051595262332,0.5071428571428572
2010-11-08,34.725,34.725,34.65,34.675,80752,17:25,17:20,True,142588.0,0.5663309675428507,0.5339285714285715
2010-11-09,34.725,34.75,34.65,34.75,139616,17:25,17:20,True,141198.57142857142,0.9887918736531127,0.5071428571428572
2010-11-10,34.575,34.65,34.575,34.65,218304,17:25,17:20,True,136110.85714285713,1.6038691150910604,0.4892857142857144
2010-11-11,34.85,34.9,34.85,34.875,108624,17:25,17:20,True,143682.57142857142,0.7559998329651275,0.4857142857142855
2010-11-12,34.575,34.6,34.425,34.525,108612,17:25,17:20,True,144201.14285714287,0.7531979140248541,0.4535714285714287
2010-11-15,34.25,34.35,34.25,34.325,64140,17:25,17:20,True,136960.57142857142,0.4683099619911466,0.4482142857142861
2010-11-16,34.475,34.475,34.4,34.425,72176,17:25,17:20,True,134346.57142857142,0.5372373796556029,0.44642857142857195
2010-11-17,33.8,33.8,33.625,33.65,200140,17:25,17:20,True,131646.85714285713,1.5202793621029422,0.4767857142857146
2010-11-18,34.175,34.175,34.075,34.1,73168,17:25,17:20,True,130738.28571428571,0.5596524353998392,0.48571428571428654
2010-11-19,34.625,34.65,34.575,34.65,73904,17:25,17:20,True,118253.42857142857,0.6249628521794597,0.4875000000000012
2010-11-22,34.85,34.85,34.7,34.725,71100,17:25,17:20,True,113820.57142857143,0.624667396302953,0.4750000000000009
2010-11-23,34.15,34.175,34.125,34.125,99732,17:25,17:20,True,109987.14285714286,0.9067605304516112,0.4875000000000007
2010-11-24,33.75,33.9,33.725,33.85,53828,17:25,17:20,True,115139.42857142857,0.4675027544244494,0.5107142857142861
2010-11-25,34.025,34.15,34.025,34.1,88860,17:25,17:20,True,108458.85714285714,0.8192968498917298,0.5053571428571436
2010-11-26,34.15,34.225,34.15,34.225,35808,17:25,17:20,True,103782.57142857143,0.3450290304730494,0.4732142857142862
2010-11-29,34.75,34.775,34.675,34.725,63900,17:25,17:20,True,100572.28571428571,0.6353639031485527,0.4892857142857144
2010-11-30,34.175,34.4,34.175,34.4,54684,17:25,17:20,True,95164.0,0.5746290614097768,0.5178571428571433
2010-12-01,34.175,34.3,34.125,34.25,131336,17:25,17:20,True,83476.85714285714,1.5733222894968322,0.5267857142857147
2010-12-02,34.9,34.95,34.85,34.95,70964,17:25,17:20,True,85099.14285714286,0.8338979408891142,0.5678571428571431
2010-12-03,35.35,35.375,35.325,35.325,117344,17:25,17:20,True,82410.0,1.4239048659143307,0.5785714285714286
2010-12-06,35.525,35.575,35.5,35.525,68192,17:25,17:20,True,86210.28571428571,0.7909961025532254,0.5875000000000001
2010-12-07,35.4,35.45,35.375,35.4,110580,17:25,17:20,True,85925.71428571429,1.2869255835605506,0.5517857142857149
2010-12-08,35.5,35.575,35.5,35.575,57224,17:25,17:20,True,79528.57142857143,0.719540147296569,0.5464285714285718
2010-12-09,35.75,35.75,35.675,35.7,83576,17:25,17:20,True,78389.71428571429,1.0661602834191075,0.5142857142857145
2010-12-10,35.15,35.225,35.15,35.225,49960,17:25,17:20,True,79080.57142857143,0.6317607358860041,0.5392857142857146
2010-12-13,35.425,35.625,35.4,35.575,76356,17:25,17:20,True,77570.57142857143,0.9843423684239604,0.5107142857142861
2010-12-14,35.6,35.625,35.575,35.625,44288,17:25,17:20,True,75900.85714285714,0.5834980218555785,0.49285714285714327
2010-12-15,35.75,35.85,35.75,35.85,73308,17:25,17:20,True,75219.42857142857,0.9745886321163226,0.48214285714285765
2010-12-16,35.675,35.725,35.625,35.7,108080,17:25,17:20,True,74108.57142857143,1.458400801912252,0.4750000000000004
2010-12-17,35.6,35.675,35.5,35.675,664204,17:25,17:20,True,79270.85714285714,8.37891785127303,0.4482142857142861
2010-12-20,35.55,35.675,35.475,35.5,134984,17:25,17:20,True,122149.71428571429,1.1050701247181445,0.4339285714285716
2010-12-21,35.875,35.95,35.8,35.925,84900,17:25,17:20,True,127885.42857142857,0.6638754778272516,0.4142857142857146
2010-12-22,36.575,36.75,36.5,36.75,136508,17:25,17:20,True,124568.57142857143,1.09584623500539,0.43571428571428583
2010-12-23,36.3,36.35,36.225,36.25,50248,17:25,17:20,True,129250.28571428571,0.38876509806002085,0.4232142857142855
2010-12-27,36.25,36.325,36.25,36.275,88952,17:25,17:20,True,124457.71428571429,0.7147166450108126,0.40357142857142797
2010-12-28,36.3,36.4,36.2,36.4,42088,17:25,17:20,True,125940.57142857143,0.33418936822809847,0.3946428571428565
2010-12-29,36.25,36.3,36.25,36.25,41444,17:25,17:20,True,121048.28571428571,0.34237576976365985,0.3839285714285709
2010-12-30,36.275,36.325,36.25,36.275,56340,17:25,17:20,True,119921.14285714286,0.4698087314520971,0.37321428571428533
2011-01-03,36.15,36.2,36.125,36.2,105672,17:25,17:20,True,117975.71428571429,0.8957097707760677,0.3499999999999999
2011-01-04,36.975,37.0,36.875,36.975,213348,17:25,17:20,True,121955.14285714286,1.7493973193890962,0.38928571428571396
2011-01-07,36.675,36.7,36.525,36.55,252572,17:25,17:20,True,131740.2857142857,1.9171963885653809,0.38035714285714256
2011-01-10,36.875,36.875,36.775,36.825,113496,17:25,17:20,True,146617.7142857143,0.7740947303190805,0.40535714285714214
2011-01-11,36.6,36.6,36.425,36.425,157324,17:25,17:20,True,149488.2857142857,1.0524169117885969,0.42857142857142805
2011-01-12,37.05,37.1,37.025,37.075,50880,17:25,17:20,True,153005.7142857143,0.332536599940245,0.46785714285714264
2011-01-13,37.375,37.375,37.275,37.35,103892,17:25,17:20,True,109196.85714285714,0.9514193239470523,0.4642857142857143
2011-01-14,37.225,37.225,37.0,37.2,93592,17:25,17:20,True,106976.0,0.8748878253066108,0.46785714285714264
2011-01-17,37.5,37.525,37.425,37.45,164148,17:20,17:20,True,107596.85714285714,1.525583593785267,0.4214285714285713
2011-01-18,37.675,37.675,37.575,37.675,53264,17:25,17:20,True,109571.14285714286,0.486113392733749,0.4107142857142857
2011-01-19,38.025,38.05,37.975,37.975,125512,17:25,17:20,True,109786.57142857143,1.1432363572958442,0.4285714285714291
2011-01-20,37.375,37.375,37.25,37.275,207384,17:25,17:20,True,112398.0,1.8450862114984252,0.480357142857143
2011-01-21,36.275,36.375,36.275,36.375,239652,17:25,17:20,True,124204.85714285714,1.9294897600047847,0.5482142857142855
2011-01-24,37.225,37.275,37.1,37.225,295928,17:25,17:20,True,138362.57142857142,2.1387865008910336,0.6053571428571425
2011-01-25,37.25,37.3,37.25,37.25,61184,17:25,17:20,True,155476.0,0.39352697522447194,0.6249999999999994
2011-01-26,37.25,37.325,37.225,37.3,121600,17:25,17:20,True,152298.2857142857,0.7984331499838663,0.596428571428571
2011-01-27,37.575,37.65,37.525,37.55,138500,17:25,17:20,True,145744.85714285713,0.9502908213374842,0.6142857142857139
2011-01-28,37.85,37.85,37.775,37.825,194388,17:25,17:20,True,137596.85714285713,1.4127357560077163,0.5982142857142853
2011-01-31,37.475,37.475,37.25,37.25,208180,17:25,17:20,True,143374.85714285713,1.4519979593951522,0.5892857142857137
2011-02-01,37.45,37.45,37.275,37.3,144924,17:25,17:20,True,147007.42857142858,0.9858277327093286,0.5749999999999993
2011-02-02,37.475,37.475,37.15,37.4,225328,17:25,17:20,True,153724.85714285713,1.465787668877791,0.5999999999999989
2011-02-03,36.775,36.9,36.775,36.825,165100,17:25,17:20,True,162398.85714285713,1.016632770110979,0.6517857142857133
2011-02-04,37.25,37.3,37.225,37.3,48620,17:25,17:20,True,167506.57142857142,0.2902572692244057,0.6696428571428567
2011-02-07,37.0,37.05,36.925,37.0,77336,17:25,17:20,True,159254.57142857142,0.48561243364173445,0.6874999999999994
2011-02-08,37.0,37.05,36.975,37.025,68800,17:25,17:20,True,160974.0,0.42739821337607314,0.6767857142857139
2011-02-09,36.55,36.625,36.55,36.55,125760,17:25,17:20,True,156923.14285714287,0.8014114279783915,0.6428571428571423
2011-02-10,36.675,36.675,36.475,36.5,77324,17:25,17:20,True,151092.85714285713,0.511764761499551,0.5839285714285712
2011-02-11,36.375,36.425,36.225,36.225,96628,17:25,17:20,True,139498.0,0.6926837660754993,0.5517857142857139
2011-02-14,36.9,36.9,36.775,36.8,82064,17:25,17:20,True,125262.28571428571,0.6551373346897253,0.5589285714285711
2011-02-15,36.475,36.5,36.325,36.35,78832,17:25,17:20,True,126753.71428571429,0.6219304928793296,0.5749999999999998
2011-02-16,36.15,36.25,36.125,36.125,75580,17:25,17:20,True,123698.85714285714,0.6109999861414588,0.5839285714285712
2011-02-17,36.5,36.55,36.3,36.4,190100,17:25,17:20,True,119204.57142857143,1.594737498082528,0.5785714285714282
2011-02-18,36.275,36.3,36.125,36.225,137972,17:25,17:20,True,118898.28571428571,1.1604204313891346,0.5946428571428568
2011-02-21,36.5,36.525,36.425,36.425,106680,17:25,17:20,True,113883.42857142857,0.9367473506743739,0.5910714285714279
2011-02-22,36.15,36.175,35.9,36.075,246448,17:25,17:20,True,111151.71428571429,2.2172217638183076,0.5857142857142854
2011-02-23,35.85,35.925,35.8,35.825,133812,17:25,17:20,True,112660.28571428571,1.1877477422643548,0.5446428571428571
2011-02-24,35.425,35.725,35.375,35.5,321012,17:25,17:20,True,110425.42857142857,2.907047807311463,0.5267857142857137
2011-02-25,35.95,36.0,35.675,35.85,265312,17:25,17:20,True,129882.0,2.042715695785405,0.5428571428571425
2011-02-28,36.0,36.075,35.95,36.05,60732,17:25,17:20,True,143308.85714285713,0.4237839950077854,0.5446428571428567
2011-03-01,36.425,36.675,36.425,36.55,99352,17:25,17:20,True,142732.57142857142,0.6960709738892314,0.5642857142857142
2011-03-02,35.775,35.8,35.75,35.75,84492,17:25,17:20,True,140846.2857142857,0.5998880238233373,0.5857142857142854
2011-03-03,35.625,35.725,35.625,35.65,181300,17:25,17:20,True,141358.2857142857,1.2825565836759278,0.5928571428571432
2011-03-04,35.875,35.875,35.725,35.875,95304,17:25,17:20,True,147406.2857142857,0.6465395931943201,0.5678571428571431
2011-03-07,36.05,36.2,35.95,36.2,614664,17:25,17:20,True,148352.0,4.143280845556514,0.5571428571428569
2011-03-08,37.025,37.275,36.85,37.275,549248,17:25,17:20,True,186625.7142857143,2.943045668182305,0.5999999999999999
2011-03-09,38.25,38.25,37.975,38.125,558848,17:25,17:20,True,220459.14285714287,2.5349277546730393,0.6374999999999998
2011-03-10,37.75,37.775,37.7,37.75,227096,17:25,17:20,True,246798.2857142857,0.92016846609261,0.6303571428571425
2011-03-11,37.075,37.225,37.0,37.1,282560,17:25,17:20,True,253164.2857142857,1.116113195835567,0.6428571428571429
2011-03-14,36.5,36.75,36.5,36.7,215552,17:25,17:20,True,265727.14285714284,0.8111779537549259,0.633928571428571
2011-03-15,36.25,36.325,36.025,36.225,427032,17:25,17:20,True,263520.28571428574,1.6204900463070882,0.633928571428571
2011-03-16,35.825,35.875,35.625,35.7,319408,17:25,17:20,True,284464.5714285714,1.1228392990942382,0.7339285714285708
2011-03-17,35.3,35.475,35.275,35.375,186164,17:25,17:20,True,284350.0,0.6547001934235976,0.741071428571428
2011-03-18,36.05,36.075,35.875,36.05,492904,17:25,17:20,True,278696.5714285714,1.7686044628156787,0.7624999999999993
2011-03-21,36.35,36.425,36.275,36.325,161584,17:25,17:20,True,309566.0,0.5219694669311229,0.7517857142857132
2011-03-22,36.575,36.625,36.4,36.625,185888,17:25,17:20,True,314011.14285714284,0.5919789925562241,0.7410714285714276
2011-03-23,36.8,36.825,36.75,36.75,62316,17:25,17:20,True,321253.71428571426,0.19397752377293248,0.7410714285714276
2011-03-24,37.0,37.075,36.95,37.025,155712,17:25,17:20,True,312754.85714285716,0.49787236374997484,0.7464285714285701
2011-03-25,37.625,37.725,37.575,37.675,144680,17:25,17:20,True,317069.71428571426,0.45630343574734356,0.7553571428571421
2011-03-28,37.75,37.775,37.65,37.7,127820,17:25,17:20,True,283499.4285714286,0.4508651063040691,0.6928571428571421
2011-03-29,38.225,38.225,38.025,38.125,108952,17:25,17:20,True,253397.42857142858,0.4299648998580434,0.6660714285714283
2011-03-30,38.625,38.625,38.525,38.575,103528,17:25,17:20,True,221262.0,0.4678977863347525,0.6517857142857143
2011-03-31,38.425,38.575,38.425,38.525,145864,17:25,17:20,True,212435.7142857143,0.6866265424834403,0.6375000000000003
2011-04-01,38.475,38.5,38.375,38.475,73308,17:25,17:20,True,202671.7142857143,0.36170809655586583,0.6178571428571438
2011-04-04,39.25,39.25,39.125,39.125,361024,17:25,17:20,True,192511.42857142858,1.8753380133275945,0.6321428571428578
2011-04-05,39.25,39.25,39.125,39.15,163384,17:25,17:20,True,187796.57142857142,0.8700052336266599,0.5428571428571439
2011-04-06,39.225,39.225,39.125,39.2,129540,17:25,17:20,True,176652.0,0.7333061612662183,0.5089285714285724
2011-04-07,39.375,39.675,39.35,39.65,445604,17:25,17:20,True,172607.42857142858,2.581603837610035,0.5035714285714299
2011-04-08,39.0,39.225,39.0,39.15,125160,17:25,17:20,True,169228.85714285713,0.7395901745902844,0.5267857142857159
2011-04-11,38.8,38.9,38.775,38.85,86308,17:25,17:20,True,166627.14285714287,0.517970833083274,0.52857142857143
2011-04-12,38.5,38.55,38.475,38.525,122260,17:25,17:20,True,159514.2857142857,0.7664517284614007,0.5178571428571439
2011-04-13,37.0,37.0,36.9,36.9,493472,17:25,17:20,True,163796.0,3.012723143422306,0.5464285714285724
2011-04-14,36.5,36.6,36.45,36.475,214348,17:25,17:20,True,187921.7142857143,1.1406239072197237,0.6107142857142865
2011-04-15,36.4,36.4,36.3,36.325,78268,17:25,17:20,True,192898.0,0.4057481155844021,0.6285714285714293
2011-04-18,36.375,36.4,36.25,36.275,106108,17:25,17:20,True,189358.57142857142,0.5603548822717294,0.6071428571428577
2011-04-19,35.95,36.025,35.925,36.0,208432,17:25,17:20,True,189155.42857142858,1.1019086344714248,0.625
2011-04-20,36.125,36.15,36.1,36.15,57224,17:25,17:20,True,196648.57142857142,0.2909962660002615,0.6214285714285711
2011-04-26,36.875,36.975,36.75,36.775,256792,17:25,17:20,True,190317.14285714287,1.349284652684992,0.6589285714285705
2011-04-27,37.225,37.3,37.15,37.3,659376,17:25,17:20,True,203423.14285714287,3.241401104804763,0.6428571428571418
2011-04-28,37.45,37.5,37.4,37.4,187200,17:25,17:20,True,224734.0,0.8329847731095429,0.6446428571428555
2011-04-29,37.375,37.4,37.35,37.375,59264,17:25,17:20,True,226435.14285714287,0.2617261581051906,0.6464285714285697
2011-05-02,37.675,37.725,37.625,37.625,187100,17:25,17:20,True,221415.42857142858,0.8450178978365167,0.6232142857142838
2011-05-03,37.6,37.625,37.5,37.55,111476,17:25,17:20,True,202950.85714285713,0.54927582750504,0.587499999999998
2011-05-04,37.2,37.225,37.05,37.125,45892,17:25,17:20,True,201973.42857142858,0.2272180074606702,0.587499999999998
2011-05-05,36.95,37.125,36.95,37.0,34632,17:25,17:20,True,199086.57142857142,0.17395447493767965,0.6017857142857126
2011-05-06,37.05,37.075,37.025,37.025,135672,17:25,17:20,True,192827.42857142858,0.703592849861312,0.5857142857142839
2011-05-09,37.475,37.55,37.45,37.475,300100,17:25,17:20,True,167270.2857142857,1.7941022741636292,0.5392857142857126
2011-05-10,37.55,37.625,37.525,37.575,84500,17:25,17:20,True,173395.42857142858,0.4873254196848162,0.5232142857142839
2011-05-11,37.675,37.775,37.675,37.775,67344,17:25,17:20,True,173840.57142857142,0.38738943070991155,0.5232142857142844
2011-05-12,37.675,37.8,37.675,37.7,78176,17:25,17:20,True,171071.7142857143,0.4569779424167976,0.5107142857142846
2011-05-13,38.0,38.0,37.85,37.85,79444,17:25,17:20,True,161767.7142857143,0.49109923046625936,0.5160714285714276
2011-05-16,37.625,37.625,37.5,37.6,72848,17:25,17:20,True,163354.85714285713,0.4459493967558794,0.4839285714285708
2011-05-17,37.925,38.025,37.9,38.0,121656,17:25,17:20,True,150216.0,0.8098737817542738,0.485714285714285
2011-05-18,37.525,37.75,37.475,37.75,185476,17:25,17:20,True,111807.42857142857,1.6588879859758872,0.49464285714285644
2011-05-19,37.45,37.45,37.35,37.35,131760,17:25,17:20,True,111684.28571428571,1.1797541539288046,0.5035714285714279
2011-05-20,37.875,37.925,37.825,37.9,122800,17:25,17:20,True,116862.57142857143,1.0508069307293793,0.5249999999999996
2011-05-23,37.675,37.675,37.525,37.625,89988,17:25,17:20,True,112269.71428571429,0.8015340608330958,0.5214285714285712
2011-05-24,37.05,37.2,37.0,37.025,182156,17:25,17:20,True,110734.85714285714,1.6449743531524466,0.5571428571428569
2011-05-25,36.575,36.6,36.5,36.575,228884,17:25,17:20,True,120468.0,1.8999568350101272,0.5535714285714286
2011-05-26,37.15,37.375,37.125,37.375,206888,17:25,17:20,True,134343.14285714287,1.5399967248049238,0.5625000000000006
2011-05-27,36.95,37.0,36.925,36.975,87652,17:25,17:20,True,139430.0,0.6286451983073944,0.553571428571429
2011-05-30,36.95,36.975,36.9,36.975,42152,17:25,17:20,True,124255.14285714286,0.3392374676069746,0.5553571428571432
2011-05-31,36.975,37.125,36.975,37.025,168196,17:25,17:20,True,121230.28571428571,1.3874090868382725,0.5678571428571431
2011-06-03,36.5,36.725,36.5,36.525,322784,17:25,17:20,True,128434.0,2.513228584331252,0.5660714285714289
2011-06-07,36.0,36.125,36.0,36.1,182116,17:25,17:20,True,145906.0,1.2481734815566186,0.6035714285714288
2011-06-08,36.0,36.1,35.95,36.05,156312,17:25,17:20,True,153239.7142857143,1.0200488869912498,0.6071428571428571
2011-06-09,35.2,35.325,35.2,35.325,148352,17:25,17:20,True,159201.42857142858,0.931850934575246,0.6375000000000003
2011-06-10,35.725,35.725,35.625,35.625,111756,17:25,17:20,True,161108.2857142857,0.6936700958893663,0.6357142857142861
2011-06-13,35.225,35.225,35.125,35.225,115540,17:25,17:20,True,155842.57142857142,0.7413892041235753,0.6428571428571433
2011-06-14,35.275,35.325,35.15,35.225,260132,17:25,17:20,True,154684.0,1.6816994647151613,0.625
2011-06-15,35.45,35.45,35.4,35.45,99984,17:25,17:20,True,164493.42857142858,0.6078297526431798,0.6535714285714285
2011-06-16,34.9,35.075,34.8,35.075,308676,17:25,17:20,True,165207.42857142858,1.8684147720787372,0.6160714285714286
2011-06-17,34.8,34.825,34.65,34.775,340176,17:25,17:20,True,174244.57142857142,1.9522903767446742,0.639285714285714
2011-06-20,34.725,34.8,34.525,34.625,282032,17:25,17:20,True,182194.0,1.5479763329198546,0.6428571428571423
2011-06-21,34.85,34.975,34.8,34.975,269712,17:25,17:20,True,187561.42857142858,1.4379928861401596,0.6303571428571421
2011-06-22,35.425,35.5,35.375,35.375,96684,17:25,17:20,True,200565.7142857143,0.48205646884526626,0.6624999999999989
2011-06-23,34.65,34.65,34.525,34.6,182552,17:25,17:20,True,204460.85714285713,0.8928457140940704,0.6821428571428559
2011-06-27,34.15,34.525,34.1,34.525,280964,17:25,17:20,True,205486.2857142857,1.3673126604208554,0.6928571428571415
2011-06-28,34.875,34.925,34.8,34.875,88100,17:25,17:20,True,202499.14285714287,0.43506356993398204,0.6749999999999987
2011-06-29,34.9,35.025,34.85,35.025,90984,17:25,17:20,True,195783.7142857143,0.46471689605001437,0.6749999999999992
2011-06-30,35.875,36.125,35.85,36.125,140172,17:25,17:20,True,191117.42857142858,0.7334338947931788,0.6821428571428564
2011-07-01,36.325,36.325,36.1,36.2,204952,17:25,17:20,True,190533.14285714287,1.0756763727645433,0.6803571428571422
2011-07-04,37.0,37.0,36.725,36.825,276880,17:25,17:20,True,197190.0,1.4041279983771997,0.6946428571428568
2011-07-05,36.85,36.85,36.8,36.85,51332,17:25,17:20,True,208714.2857142857,0.2459438740588638,0.7089285714285712
2011-07-06,36.875,37.0,36.825,36.925,97844,17:25,17:20,True,193800.0,0.5048710010319918,0.6875
2011-07-07,37.125,37.125,37.05,37.125,73112,17:25,17:20,True,193647.14285714287,0.37755269156713606,0.6875
2011-07-08,37.425,37.625,37.425,37.625,138532,17:25,17:20,True,176821.14285714287,0.7834583453174636,0.6750000000000002
2011-07-11,36.675,36.85,36.675,36.8,71068,17:25,17:20,True,162418.0,0.43756233914960163,0.6696428571428571
2011-07-12,36.2,36.2,35.925,35.925,248960,17:25,17:20,True,147349.14285714287,1.6895924548497057,0.6892857142857147
2011-07-13,36.75,36.75,36.575,36.675,48308,17:25,17:20,True,145866.85714285713,0.331178726588239,0.7142857142857147
2011-07-14,36.5,36.575,36.45,36.5,94708,17:25,17:20,True,142411.42857142858,0.6650308963967578,0.7000000000000003
2011-07-15,36.25,36.275,36.15,36.15,95064,17:25,17:20,True,136136.85714285713,0.6982973016649213,0.7035714285714286
2011-07-18,35.1,35.475,35.1,35.475,172776,17:25,17:20,True,122858.28571428571,1.4063031971795612,0.7089285714285717
2011-07-19,34.8,34.875,34.45,34.5,214008,17:25,17:20,True,128906.57142857143,1.660179133059824,0.7589285714285714
2011-07-20,35.45,35.5,35.275,35.425,265120,17:25,17:20,True,137694.0,1.9254288494778276,0.7303571428571425
2011-07-21,35.725,35.75,35.45,35.575,220708,17:25,17:20,True,146618.85714285713,1.50531796728544,0.7446428571428569
2011-07-22,35.85,35.9,35.8,35.875,150396,17:25,17:20,True,147744.2857142857,1.0179479989557247,0.7499999999999994
2011-07-25,35.225,35.25,35.125,35.2,112780,17:25,17:20,True,138709.7142857143,0.8130649001820863,0.7678571428571423
2011-07-26,35.25,35.4,35.25,35.4,73676,17:25,17:20,True,143098.85714285713,0.5148608554326081,0.7696428571428561
2011-07-27,34.75,34.9,34.7,34.75,79032,17:25,17:20,True,141372.57142857142,0.5590334758813591,0.7803571428571416
2011-07-28,34.5,34.6,34.425,34.475,219996,17:25,17:20,True,141795.42857142858,1.5515027685760572,0.7660714285714276
2011-07-29,34.25,34.325,34.175,34.3,171988,17:25,17:20,True,147614.2857142857,1.1651175844382078,0.7517857142857137
2011-08-01,34.9,34.9,34.775,34.8,166332,17:25,17:20,True,154822.85714285713,1.0743374916955784,0.749999999999999
2011-08-02,33.3,33.3,32.975,33.15,220504,17:25,17:20,True,148920.85714285713,1.480679095128189,0.7874999999999994
2011-08-03,32.1,32.175,31.725,31.85,375040,17:25,17:20,True,161220.57142857142,2.326254005160632,0.8303571428571423
2011-08-04,32.125,32.15,32.0,32.05,220316,17:25,17:20,True,181244.2857142857,1.2155748752670035,0.8607142857142852
2011-08-08,29.825,30.225,29.775,30.05,495084,17:25,17:20,True,190190.85714285713,2.6030904294633364,0.9321428571428564
2011-08-09,29.3,29.675,29.25,29.675,737948,17:25,17:20,True,213212.85714285713,3.461085836421015,0.9624999999999994
2011-08-11,29.525,29.725,29.525,29.725,269576,17:25,17:20,True,250637.14285714287,1.0755628512476774,1.108928571428571
2011-08-12,30.65,30.65,30.075,30.125,140468,17:25,17:20,True,250955.42857142858,0.5597328609292032,1.141071428571428
2011-08-15,31.65,31.875,31.625,31.8,278072,17:25,17:20,True,245224.0,1.1339509999021302,1.1910714285714281
2011-08-16,31.725,31.725,31.575,31.575,254604,17:25,17:20,True,254343.7142857143,1.0010233620870745,1.2053571428571423
2011-08-17,31.075,31.075,30.9,30.95,173652,17:25,17:20,True,264474.0,0.6565938428730235,1.2464285714285712
2011-08-18,30.575,30.675,30.5,30.55,145032,17:25,17:20,True,271615.14285714284,0.533961392853123,1.257142857142857
2011-08-19,29.275,29.3,29.0,29.025,284412,17:25,17:20,True,276329.4285714286,1.0292497670999314,1.3571428571428565
2011-08-22,28.9,29.05,28.875,29.05,210896,17:25,17:20,True,280930.5714285714,0.7507050547313673,1.4392857142857138
2011-08-23,29.75,29.925,29.725,29.8,158696,17:25,17:20,True,283709.71428571426,0.5593604730791232,1.4749999999999996
2011-08-24,30.0,30.025,29.875,29.975,83116,17:25,17:20,True,283164.28571428574,0.29352571702444313,1.4071428571428566
2011-08-25,30.825,30.825,30.7,30.75,177332,17:25,17:20,True,273350.85714285716,0.6487340184462042,1.4232142857142853
2011-08-26,29.75,29.925,29.75,29.925,93536,17:25,17:20,True,259228.85714285713,0.36082402642562944,1.4178571428571425
2011-08-29,30.3,30.425,30.15,30.25,162028,17:25,17:20,True,250173.14285714287,0.6476634468014152,1.3410714285714282
2011-08-30,31.2,31.225,30.775,31.05,458096,17:25,17:20,True,226383.42857142858,2.0235403399037284,1.2982142857142853
2011-08-31,30.975,30.975,30.875,30.9,78220,17:25,17:20,True,206394.0,0.37898388519046095,1.1553571428571423
2011-09-01,31.3,31.375,31.15,31.15,165552,17:25,17:20,True,192725.7142857143,0.8590031725323924,1.1267857142857136
2011-09-02,31.25,31.25,31.0,31.025,217268,17:25,17:20,True,194517.42857142858,1.1169590385584252,1.078571428571428
2011-09-05,30.225,30.3,30.125,30.25,179900,17:25,17:20,True,190174.2857142857,0.9459743693754601,1.0678571428571424
2011-09-06,29.25,29.425,29.175,29.425,58012,17:25,17:20,True,184838.2857142857,0.3138527268624002,1.1035714285714282
2011-09-07,29.825,29.95,29.825,29.85,112960,17:25,17:20,True,176578.2857142857,0.6397162569738393,1.1232142857142855
2011-09-08,30.425,30.425,30.225,30.225,145964,17:25,17:20,True,174287.42857142858,0.83749012304797,1.0607142857142855
2011-09-09,30.325,30.35,30.0,30.325,135196,17:25,17:20,True,164398.2857142857,0.8223686725965165,0.9892857142857139
2011-09-12,28.725,28.775,28.5,28.675,226096,17:25,17:20,True,158991.14285714287,1.4220666380337448,0.9803571428571425
2011-09-13,29.1,29.3,29.05,29.1,103024,17:25,17:20,True,163805.42857142858,0.628941304927972,0.9821428571428569
2011-09-14,29.125,29.375,29.1,29.375,251912,17:25,17:20,True,165227.42857142858,1.5246379016974005,0.9696428571428568
2011-09-15,30.5,30.55,30.325,30.45,475836,17:25,17:20,True,170554.57142857142,2.7899340135792317,0.9821428571428569
2011-09-16,31.075,31.1,31.0,31.0,188996,17:25,17:20,True,197861.7142857143,0.9551923710065905,0.9821428571428569
2011-09-19,30.175,30.275,30.125,30.15,238412,17:25,17:20,True,199788.0,1.1933249244198851,0.9678571428571426
2011-09-20,29.325,29.5,29.275,29.5,71088,17:25,17:20,True,184096.2857142857,0.3861457591291514,1.019642857142857
2011-09-21,30.025,30.025,29.925,29.925,69176,17:25,17:20,True,183586.85714285713,0.37680257223517405,1.0125
2011-09-22,29.025,29.1,28.85,28.875,339804,17:25,17:20,True,176702.85714285713,1.9230249328978433,0.9749999999999999
2011-09-23,28.65,28.8,28.6,28.775,102996,17:25,17:20,True,185455.42857142858,0.5553679436260387,1.005357142857143
2011-09-26,28.325,28.45,28.225,28.325,190544,17:25,17:20,True,179962.2857142857,1.0587996215079984,0.992857142857143
2011-09-27,30.025,30.125,30.0,30.1,213548,17:25,17:20,True,189428.85714285713,1.1273255998105585,1.0285714285714285
2011-09-28,30.95,31.0,30.725,30.75,129628,17:25,17:20,True,196613.7142857143,0.6593029406464889,1.0714285714285712
2011-09-29,30.25,30.275,30.125,30.2,130000,17:25,17:20,True,195446.85714285713,0.6651424428123685,1.094642857142857
2011-09-30,30.925,30.925,30.75,30.775,209716,17:25,17:20,True,195075.7142857143,1.0750492482772256,1.0839285714285716
2011-10-03,29.95,29.975,29.575,29.6,156596,17:25,17:20,True,193905.7142857143,0.8075883713734215,1.082142857142857
2011-10-04,29.775,29.8,29.65,29.775,115780,17:25,17:20,True,197732.2857142857,0.5855391777916172,1.055357142857143
2011-10-05,29.9,29.9,29.625,29.625,182672,17:25,17:20,True,188008.57142857142,0.9716152758992751,1.0642857142857145
2011-10-06,30.4,30.425,30.4,30.425,56736,17:25,17:20,True,167068.2857142857,0.33959766665127517,1.078571428571429
2011-10-07,30.875,31.025,30.875,30.875,206772,17:25,17:20,True,157621.14285714287,1.3118290874683236,1.0767857142857147
2011-10-10,31.025,31.2,31.025,31.125,67172,17:25,17:20,True,155361.14285714287,0.4323603622159613,1.0178571428571435
2011-10-11,31.85,31.85,31.675,31.675,63052,17:25,17:20,True,155081.42857142858,0.40657350516318613,1.0392857142857148
2011-10-12,31.475,31.625,31.4,31.4,94156,17:25,17:20,True,154644.0,0.608856470344792,1.0464285714285722
2011-10-13,31.625,31.65,31.6,31.65,92220,17:25,17:20,True,137097.7142857143,0.6726589168934775,1.023214285714286
2011-10-14,31.125,31.25,31.125,31.25,91920,17:25,17:20,True,136328.0,0.6742562056217358,0.991071428571429
2011-10-17,31.825,32.125,31.825,32.05,126768,17:25,17:20,True,129283.42857142857,0.9805433024230263,0.9446428571428578
2011-10-18,30.95,31.125,30.9,30.975,153168,17:25,17:20,True,123084.85714285714,1.2444097800123957,0.9017857142857151
2011-10-19,31.9,32.0,31.875,31.875,102176,17:25,17:20,True,124766.28571428571,0.8189391822882556,0.9125000000000006
2011-10-20,31.75,31.975,31.75,31.85,320272,17:25,17:20,True,122778.85714285714,2.6085272941362634,0.883928571428572
2011-10-21,31.85,31.975,31.825,31.975,196284,17:25,17:20,True,130675.71428571429,1.502069463120265,0.8750000000000006
2011-10-24,32.5,32.625,32.5,32.5,129212,17:25,17:20,True,133510.57142857142,0.9678035126164435,0.8821428571428572
2011-10-25,32.5,32.525,32.5,32.525,119492,17:25,17:20,True,134470.0,0.8886145608685952,0.8267857142857142
2011-10-26,32.05,32.2,32.025,32.1,73320,17:25,17:20,True,129957.14285714286,0.5641859953830933,0.8160714285714281
2011-10-27,32.925,33.0,32.8,32.85,395180,17:25,17:20,True,131141.7142857143,3.0133813802298928,0.8196428571428565
2011-10-28,33.65,33.7,33.575,33.625,243352,17:25,17:20,True,144599.42857142858,1.6829388774506122,0.8874999999999993
2011-10-31,33.2,33.25,33.175,33.225,70928,17:25,17:20,True,157183.7142857143,0.45124267690400494,0.8410714285714275
2011-11-01,31.3,31.4,31.025,31.4,320916,17:25,17:20,True,157746.2857142857,2.034380705364129,0.9124999999999989
2011-11-02,30.8,30.95,30.725,30.8,137576,17:25,17:20,True,173943.42857142858,0.7909238143107282,0.9678571428571422
2011-11-03,30.5,30.625,30.475,30.625,131844,17:25,17:20,True,177183.14285714287,0.7441114198222661,0.9571428571428563
2011-11-07,31.925,31.925,31.7,31.825,439520,17:25,17:20,True,180034.85714285713,2.441305017123668,0.9767857142857134
2011-11-08,31.7,31.725,31.625,31.725,54060,17:25,17:20,True,202374.2857142857,0.2671287995369259,0.9589285714285702
2011-11-09,32.175,32.275,32.125,32.2,309292,17:25,17:20,True,195295.14285714287,1.5837157825591448,0.9482142857142846
2011-11-10,30.325,30.65,30.3,30.65,220384,17:25,17:20,True,210089.14285714287,1.0490023282633765,1.0214285714285705
2011-11-11,31.0,31.05,30.925,30.925,119252,17:25,17:20,True,202954.2857142857,0.5875805952079286,1.0571428571428563
2011-11-14,32.0,32.175,32.0,32.175,116760,17:25,17:20,True,197452.0,0.5913335899357819,1.0767857142857138
2011-11-15,31.15,31.175,31.0,31.175,111564,17:25,17:20,True,196562.57142857142,0.5675749924778588,1.1089285714285713
2011-11-16,31.0,31.15,31.0,31.05,67932,17:25,17:20,True,195996.2857142857,0.3465984049260409,1.0946428571428573
2011-11-17,30.725,30.9,30.725,30.875,146584,17:25,17:20,True,195611.42857142858,0.7493631689647113,1.0892857142857146
2011-11-18,30.45,30.625,30.45,30.475,199648,17:25,17:20,True,177854.57142857142,1.122535104925212,1.0285714285714287
2011-11-21,30.15,30.45,30.1,30.175,300320,17:25,17:20,True,174732.85714285713,1.7187379918733088,1.0250000000000004
2011-11-22,29.65,29.825,29.6,29.8,270032,17:25,17:20,True,191118.0,1.4129072091587396,0.9946428571428575
2011-11-23,29.25,29.25,29.15,29.225,73880,17:25,17:20,True,187483.42857142858,0.3940614941968204,0.9232142857142858
2011-11-24,29.05,29.15,29.05,29.1,133368,17:25,17:20,True,182933.7142857143,0.7290509599105375,0.9392857142857144
2011-11-25,29.25,29.25,29.125,29.175,203656,17:25,17:20,True,183042.57142857142,1.1126154883563386,0.9125000000000004
2011-11-28,29.6,29.7,29.575,29.7,169592,17:25,17:20,True,166195.14285714287,1.020438967616382,0.9125000000000006
2011-11-29,30.35,30.45,30.225,30.225,170420,17:25,17:20,True,174447.42857142858,0.9769132247783204,0.9214285714285718
2011-11-30,30.1,30.15,30.0,30.1,248524,17:25,17:20,True,164528.0,1.510527083535933,0.8553571428571435
2011-12-01,31.35,31.5,31.35,31.5,336204,17:25,17:20,True,166538.0,2.0187825000900697,0.8964285714285722
2011-12-02,31.4,31.525,31.35,31.475,160584,17:25,17:20,True,182034.57142857142,0.8821621010765617,0.8500000000000006
2011-12-05,32.125,32.125,32.075,32.1,134132,17:25,17:20,True,185164.85714285713,0.7243923175795469,0.8250000000000005
2011-12-06,32.0,32.0,31.975,31.975,100440,17:25,17:20,True,186776.85714285713,0.537753989099292,0.8285714285714292
2011-12-07,32.225,32.45,32.225,32.275,199952,17:25,17:20,True,189098.85714285713,1.0573940161306408,0.8160714285714291
2011-12-08,32.05,32.05,31.925,32.0,231384,17:25,17:20,True,192910.85714285713,1.199434824078627,0.8392857142857151
2011-12-09,30.75,30.825,30.675,30.75,207320,17:25,17:20,True,195177.7142857143,1.0622114351462841,0.8875000000000011
2011-12-12,31.3,31.3,31.15,31.15,67100,17:25,17:20,True,188534.85714285713,0.35590235682071675,0.8839285714285724
2011-12-13,30.65,30.85,30.625,30.85,96328,17:25,17:20,True,174039.7142857143,0.5534828668005168,0.8964285714285725
2011-12-14,31.175,31.175,31.0,31.0,167792,17:25,17:20,True,175643.14285714287,0.9553006013816976,0.8946428571428583
2011-12-15,30.625,30.7,30.5,30.5,124512,17:25,17:20,True,178102.0,0.6991050072430405,0.9000000000000011
2011-12-16,30.975,31.075,30.95,30.95,97116,17:25,17:20,True,172448.85714285713,0.5631582696981797,0.8928571428571439
2011-12-19,30.625,30.65,30.55,30.65,143724,17:25,17:20,True,167272.0,0.8592233009708737,0.8535714285714298
2011-12-20,30.55,30.65,30.425,30.45,171756,17:25,17:20,True,165365.14285714287,1.0386469423509532,0.8535714285714295
2011-12-21,31.7,31.875,31.7,31.825,329724,17:25,17:20,True,159881.7142857143,2.0622996286540407,0.8214285714285722
2011-12-22,31.675,31.875,31.6,31.875,156112,17:25,17:20,True,159418.85714285713,0.9792568005935847,0.8357142857142866
2011-12-23,32.325,32.45,32.3,32.375,185612,17:25,17:20,True,159099.42857142858,1.1666415251558773,0.826785714285715
2011-12-27,32.425,32.475,32.425,32.45,75324,17:25,17:20,True,162776.57142857142,0.4627447263382937,0.8089285714285724
2011-12-28,32.05,32.075,32.0,32.025,69204,17:25,17:20,True,160982.57142857142,0.4298850452311608,0.8035714285714298
2011-12-29,31.85,31.9,31.825,31.825,101804,17:25,17:20,True,151643.42857142858,0.6713380260460629,0.7571428571428582
2011-12-30,32.25,32.275,32.15,32.15,145992,17:25,17:20,True,142387.7142857143,1.0253131791065442,0.7089285714285722
2012-01-02,32.1,32.175,32.075,32.075,33496,17:25,17:20,True,138007.14285714287,0.24271207494436103,0.6732142857142865
2012-01-03,32.825,32.825,32.7,32.725,75920,17:25,17:20,True,135606.85714285713,0.5598536947141317,0.6767857142857149
2012-01-04,33.15,33.15,33.075,33.1,123908,17:25,17:20,True,134149.14285714287,0.9236585293127904,0.6500000000000006
2012-01-09,32.975,33.0,32.875,32.875,216040,17:25,17:20,True,131014.57142857143,1.6489768858861935,0.6250000000000008
2012-01-10,32.7,32.75,32.575,32.625,148780,17:25,17:20,True,137552.2857142857,1.0816250651700237,0.6160714285714296
2012-01-11,33.025,33.075,33.025,33.05,42028,17:25,17:20,True,141242.57142857142,0.29755901195309387,0.6267857142857155
2012-01-12,33.25,33.325,33.25,33.325,42784,17:25,17:20,True,133978.57142857142,0.31933464839793146,0.6053571428571445
2012-01-13,33.75,33.75,33.65,33.675,67816,17:25,17:20,True,124766.28571428571,0.543544272491195,0.5571428571428585
2012-01-16,33.6,33.65,33.425,33.6,123100,17:25,17:20,True,106058.57142857143,1.1606794089519268,0.5589285714285729
2012-01-17,34.175,34.25,34.125,34.175,124500,17:25,17:20,True,103700.57142857143,1.2005719764596972,0.5553571428571445
2012-01-18,34.15,34.15,34.075,34.15,91180,17:25,17:20,True,99335.42857142857,0.9179001018195206,0.5589285714285729
2012-01-19,34.125,34.125,34.075,34.125,25332,17:25,17:20,True,100468.0,0.25213998487080463,0.5589285714285729
2012-01-20,34.15,34.2,34.15,34.175,102812,17:25,17:20,True,97334.28571428571,1.0562773358382012,0.5446428571428586
2012-01-23,34.075,34.15,34.025,34.1,61536,17:25,17:20,True,97406.28571428571,0.631745677896997,0.5321428571428589
2012-01-24,34.275,34.3,34.225,34.225,232828,17:25,17:20,True,91373.71428571429,2.5480851010606362,0.52857142857143
2012-01-25,34.2,34.2,34.025,34.2,449904,17:25,17:20,True,105611.71428571429,4.259981982518173,0.480357142857144
2012-01-26,34.35,34.6,34.35,34.5,97824,17:25,17:20,True,132324.85714285713,0.7392715330452977,0.46607142857142997
2012-01-27,35.175,35.275,35.1,35.225,192372,17:25,17:20,True,130461.71428571429,1.4745475410410498,0.5089285714285724
2012-01-30,34.975,34.975,34.875,34.9,110312,17:25,17:20,True,128771.14285714286,0.8566515568039867,0.5125000000000008
2012-01-31,34.75,34.9,34.75,34.825,80280,17:25,17:20,True,126023.42857142857,0.637024408159934,0.5160714285714292
2012-02-01,34.475,34.525,34.45,34.5,60992,17:25,17:20,True,128755.71428571429,0.47370324756737564,0.523214285714286
2012-02-02,35.475,35.55,35.4,35.525,175996,17:25,17:20,True,130056.28571428571,1.3532294808621324,0.5500000000000007
2012-02-03,35.5,35.5,35.375,35.375,73100,17:25,17:20,True,137783.42857142858,0.5305427565413215,0.5303571428571432
2012-02-06,35.7,35.725,35.55,35.55,122756,17:25,17:20,True,134212.0,0.9146425058862099,0.5446428571428571
2012-02-07,35.925,35.925,35.75,35.85,113700,17:25,17:20,True,134087.42857142858,0.8479542132425325,0.5607142857142858
2012-02-08,35.425,35.6,35.425,35.6,97728,17:25,17:20,True,135696.0,0.7201980898478954,0.5803571428571423
2012-02-09,35.6,35.75,35.6,35.65,114748,17:25,17:20,True,140867.14285714287,0.8145831431845608,0.5928571428571426
2012-02-10,35.725,35.775,35.625,35.625,127260,17:25,17:20,True,141719.7142857143,0.8979696342277211,0.6232142857142858
2012-02-13,35.875,35.9,35.8,35.9,77528,17:25,17:20,True,146414.2857142857,0.5295111718216412,0.6232142857142863
2012-02-14,35.75,35.775,35.675,35.675,97832,17:25,17:20,True,135321.42857142858,0.7229601477962523,0.6464285714285722
2012-02-15,35.65,35.825,35.6,35.75,185716,17:25,17:20,True,110173.42857142857,1.685669606620212,0.6714285714285718
2012-02-16,35.725,35.775,35.6,35.675,273140,17:25,17:20,True,116451.42857142857,2.3455272584523286,0.6357142857142867
2012-02-17,36.225,36.25,36.175,36.175,142168,17:25,17:20,True,122220.57142857143,1.1632084381399437,0.639285714285715
2012-02-20,36.55,36.6,36.5,36.55,92880,17:25,17:20,True,124496.0,0.7460480658013109,0.6178571428571438
2012-02-21,36.75,36.75,36.65,36.65,46904,17:25,17:20,True,125396.0,0.37404701904366966,0.6160714285714296
2012-02-22,36.375,36.4,36.325,36.35,61832,17:25,17:20,True,124389.71428571429,0.4970829007451236,0.576785714285715
2012-02-23,36.2,36.325,36.15,36.275,71092,17:25,17:20,True,116235.14285714286,0.6116222534124177,0.5839285714285722
2012-02-24,36.475,36.625,36.45,36.6,125336,17:25,17:20,True,116091.71428571429,1.0796291601960026,0.576785714285715
2012-02-27,36.725,36.875,36.675,36.725,125352,17:25,17:20,True,116276.0,1.0780556606694416,0.5678571428571431
2012-02-28,36.675,36.675,36.575,36.625,28076,17:25,17:20,True,117108.28571428571,0.2397439244264771,0.5696428571428578
2012-02-29,36.85,36.875,36.8,36.8,57608,17:25,17:20,True,112133.14285714286,0.5137464137020786,0.5750000000000003
2012-03-01,36.775,36.8,36.65,36.65,80496,17:25,17:20,True,108051.71428571429,0.7449766117282465,0.5589285714285711
2012-03-02,37.375,37.375,37.225,37.275,23972,17:25,17:20,True,104711.42857142857,0.2289339408987967,0.5946428571428568
2012-03-05,36.95,36.95,36.875,36.875,59572,17:25,17:20,True,100886.0,0.5904882738933053,0.5892857142857143
2012-03-06,36.525,36.575,36.5,36.55,97652,17:25,17:20,True,98153.14285714286,0.9948942760001863,0.5714285714285714
2012-03-07,35.5,35.575,35.425,35.55,135580,17:25,17:20,True,91862.85714285714,1.4758957452102512,0.6089285714285708
2012-03-08,35.85,35.975,35.8,35.9,148888,17:25,17:20,True,82037.14285714286,1.8148852436178735,0.5982142857142857
2012-03-09,36.275,36.375,36.275,36.35,163348,17:25,17:20,True,82517.14285714286,1.9795644195145599,0.616071428571428
2012-03-12,36.2,36.275,36.2,36.25,44956,17:25,17:20,True,87550.57142857143,0.5134860831454147,0.6124999999999997
2012-03-13,36.675,36.85,36.65,36.75,124668,17:25,17:20,True,87411.42857142857,1.4262208276132575,0.6142857142857139
2012-03-14,37.225,37.25,37.15,37.175,239784,17:25,17:20,True,91899.71428571429,2.6091920074366777,0.6089285714285708
2012-03-15,37.275,37.375,37.275,37.35,180196,17:25,17:20,True,103949.14285714286,1.7335015474600217,0.5999999999999999
2012-03-16,37.375,37.45,37.375,37.4,138344,17:25,17:20,True,107867.71428571429,1.2825338973398632,0.5892857142857143
2012-03-19,37.725,37.85,37.725,37.85,48104,17:25,17:20,True,108795.71428571429,0.4421497695549982,0.5821428571428571
2012-03-20,37.7,37.725,37.575,37.575,58472,17:25,17:20,True,110226.28571428571,0.5304723788984738,0.576785714285714
2012-03-21,37.375,37.475,37.35,37.475,76164,17:25,17:20,True,110288.0,0.690591904830988,0.5928571428571432
2012-03-22,36.5,36.675,36.5,36.65,150808,17:25,17:20,True,109978.57142857143,1.3712489445995972,0.5928571428571426
2012-03-23,36.4,36.6,36.375,36.5,204908,17:25,17:20,True,119038.28571428571,1.7213621547929359,0.6178571428571422
2012-03-26,36.85,36.85,36.7,36.7,93356,17:25,17:20,True,129419.42857142857,0.7213445541406899,0.6249999999999994
2012-03-27,37.45,37.55,37.45,37.5,140952,17:25,17:20,True,129112.57142857143,1.0916984956649125,0.6035714285714283
2012-03-28,37.275,37.275,37.125,37.175,71756,17:25,17:20,True,129496.28571428571,0.554116279121078,0.6124999999999997
2012-03-29,36.775,36.775,36.65,36.7,174076,17:25,17:20,True,123986.85714285714,1.4039875194145002,0.6035714285714283
2012-03-30,36.45,36.45,36.3,36.375,139876,17:25,17:20,True,124753.14285714286,1.1212222537766012,0.6446428571428565
2012-04-02,36.725,36.725,36.625,36.65,125692,17:25,17:20,True,131533.14285714287,0.9555918551760989,0.6678571428571429
2012-04-03,37.325,37.775,37.325,37.45,942180,17:25,17:20,True,131606.2857142857,7.159080547607366,0.7017857142857145
2012-04-04,36.575,36.7,36.575,36.7,107448,17:25,17:20,True,181777.42857142858,0.5910964900561283,0.7410714285714286
2012-04-10,35.125,35.325,35.025,35.275,453912,17:25,17:20,True,176581.14285714287,2.5705576068630527,0.8125
2012-04-11,34.525,34.725,34.525,34.7,153960,17:25,17:20,True,199121.7142857143,0.7731954325136384,0.835714285714286
2012-04-12,34.8,34.9,34.8,34.9,129644,17:25,17:20,True,206682.85714285713,0.6272605371929388,0.8392857142857147
2012-04-13,35.625,35.625,35.5,35.5,28512,17:25,17:20,True,211766.57142857142,0.1346388138961633,0.8750000000000006
2012-04-16,34.575,34.65,34.525,34.525,111464,17:25,17:20,True,208362.85714285713,0.5349513897459103,0.8750000000000006
2012-04-17,34.95,34.975,34.925,34.975,64172,17:25,17:20,True,205552.57142857142,0.3121926403255893,0.875000000000001
2012-04-18,34.125,34.15,34.0,34.0,3022352,17:25,17:20,True,195500.0,15.459601023017903,0.8910714285714297
2012-04-19,33.4,33.55,33.4,33.55,76424,17:25,17:20,True,404714.0,0.1888345844225799,0.9839285714285728
2012-04-20,33.55,33.55,33.375,33.425,65512,17:25,17:20,True,400104.85714285716,0.1637370774946853,0.9696428571428578
2012-04-23,33.625,33.625,33.5,33.55,120740,17:25,17:20,True,399658.85714285716,0.30210765467119816,0.96607142857143
2012-04-24,32.875,32.875,32.65,32.725,86348,17:25,17:20,True,395849.14285714284,0.2181336035661493,0.9875000000000013
2012-04-25,33.125,33.3,33.025,33.2,279104,17:25,17:20,True,392025.71428571426,0.7119532975242149,0.9785714285714293
2012-04-26,33.2,33.25,33.175,33.225,140564,17:25,17:20,True,402983.71428571426,0.3488081404211301,0.9500000000000008
2012-04-27,32.875,32.875,32.725,32.75,121320,17:25,17:20,True,345725.4285714286,0.35091430937349954,0.9303571428571438
2012-05-02,34.05,34.05,33.825,33.975,438352,17:25,17:20,True,346716.28571428574,1.2642959620340055,0.8946428571428581
2012-05-03,33.3,33.45,33.3,33.45,34148,17:25,17:20,True,345604.85714285716,0.09880648172107369,0.903571428571429
2012-05-04,33.375,33.45,33.3,33.3,116352,17:25,17:20,True,337046.85714285716,0.34521016153752254,0.903571428571429
2012-05-07,32.6,32.625,32.45,32.6,336640,17:25,17:20,True,336097.4285714286,1.0016143278182092,0.875
2012-05-08,33.35,33.35,33.025,33.2,161180,17:25,17:20,True,358106.5714285714,0.4500894785510778,0.8660714285714286
2012-05-09,33.125,33.3,33.075,33.275,219116,17:25,17:20,True,361657.71428571426,0.6058656883146022,0.851785714285714
2012-05-10,33.075,33.075,32.925,32.925,93744,17:25,17:20,True,372725.14285714284,0.2515097298813833,0.860714285714285
2012-05-11,32.9,32.925,32.825,32.925,133012,17:25,17:20,True,163538.85714285713,0.813335755940921,0.7482142857142848
2012-05-14,32.925,32.975,32.775,32.85,160196,17:25,17:20,True,167580.85714285713,0.9559325732737971,0.7571428571428568
2012-05-15,32.5,32.55,32.475,32.5,101900,17:25,17:20,True,174344.0,0.584476666819621,0.7946428571428561
2012-05-18,31.875,32.025,31.75,31.925,741912,17:25,17:20,True,172998.2857142857,4.288551166485547,0.7374999999999992
2012-05-21,31.25,31.325,31.075,31.3,99568,17:25,17:20,True,219824.2857142857,0.45294358481124536,0.7714285714285707
2012-05-22,32.2,32.225,32.1,32.1,148632,17:25,17:20,True,207000.2857142857,0.7180279944403114,0.7874999999999991
2012-05-23,32.175,32.175,32.1,32.15,59832,17:25,17:20,True,207576.57142857142,0.28824062170517456,0.7892857142857134
2012-05-24,31.95,31.95,31.9,31.9,70752,17:25,17:20,True,203184.57142857142,0.34821541568116815,0.8017857142857133
2012-05-25,31.75,31.95,31.7,31.95,78300,17:25,17:20,True,176927.42857142858,0.4425543322040029,0.7624999999999995
2012-05-28,32.125,32.225,32.125,32.15,110764,17:25,17:20,True,180081.14285714287,0.6150782821712116,0.7624999999999993
2012-05-29,32.075,32.275,32.075,32.275,117008,17:25,17:20,True,179682.0,0.6511948887478991,0.7571428571428565
2012-05-30,32.15,32.2,32.1,32.125,82372,17:25,17:20,True,163994.0,0.5022866690244765,0.7374999999999995
2012-05-31,32.075,32.1,31.975,32.025,89072,17:25,17:20,True,158364.85714285713,0.5624480178683222,0.7303571428571425
2012-06-01,31.75,31.75,31.675,31.675,94616,17:25,17:20,True,149076.0,0.6346829804931713,0.7107142857142856
2012-06-04,30.825,30.825,30.75,30.8,122140,17:25,17:20,True,149138.2857142857,0.8189714627268269,0.7374999999999999
2012-06-05,30.925,31.2,30.925,31.2,151100,17:25,17:20,True,148361.7142857143,1.0184568217445393,0.7321428571428569
2012-06-07,31.7,32.0,31.675,31.725,551700,17:25,17:20,True,147712.0,3.73497075389948,0.6803571428571428
2012-06-08,31.8,31.9,31.8,31.9,85972,17:25,17:20,True,179840.57142857142,0.478045634069541,0.7446428571428572
2012-06-11,32.375,32.5,32.35,32.45,181692,17:25,17:20,True,132987.7142857143,1.3662314671387474,0.7017857142857142
2012-06-12,31.975,32.05,31.95,32.025,95016,17:25,17:20,True,138853.7142857143,0.6842885009506408,0.7071428571428571
2012-06-13,32.2,32.3,32.15,32.3,35676,17:25,17:20,True,135024.0,0.26421969427657305,0.6892857142857142
2012-06-14,31.725,31.75,31.65,31.75,17760,17:25,17:20,True,133298.57142857142,0.1332347361990805,0.6624999999999999
2012-06-15,31.75,31.875,31.7,31.775,201988,17:25,17:20,True,129513.42857142857,1.5595911731160808,0.6642857142857144
2012-06-18,32.25,32.25,32.075,32.125,158272,17:25,17:20,True,138348.2857142857,1.1440112841503536,0.6589285714285715
2012-06-19,31.875,31.95,31.85,31.925,32572,17:25,17:20,True,141741.7142857143,0.22979826485196414,0.6625000000000002
2012-06-20,32.5,32.5,32.25,32.25,168496,17:25,17:20,True,135710.57142857142,1.241583453862948,0.6571428571428576
2012-06-21,32.275,32.45,32.275,32.425,64320,17:25,17:20,True,141862.2857142857,0.453397459910819,0.6553571428571432
2012-06-25,32.1,32.1,31.825,31.925,239740,17:25,17:20,True,140094.2857142857,1.7112760793751147,0.6357142857142859
2012-06-26,31.75,31.775,31.65,31.75,73560,17:25,17:20,True,150460.2857142857,0.4888997761155768,0.6178571428571428
2012-06-27,31.75,31.85,31.75,31.8,19396,17:25,17:20,True,146990.2857142857,0.13195429824322696,0.6160714285714286
2012-06-28,31.925,31.925,31.825,31.9,47004,17:25,17:20,True,137582.85714285713,0.34164140050670766,0.6125000000000002
2012-06-29,32.3,32.4,32.225,32.225,102348,17:25,17:20,True,101533.14285714286,1.0080255286099402,0.5571428571428572
2012-07-02,33.05,33.25,33.0,33.05,105404,17:25,17:20,True,102702.85714285714,1.0263005619540422,0.625
2012-07-03,33.275,33.325,33.225,33.225,13764,17:25,17:20,True,97253.71428571429,0.14152672832179747,0.5999999999999999
2012-07-04,33.85,33.85,33.7,33.825,36856,17:25,17:20,True,91450.0,0.4030180426462548,0.6107142857142855
2012-07-05,33.9,33.9,33.825,33.85,16952,17:25,17:20,True,91534.28571428571,0.1851983643911727,0.5910714285714282
2012-07-06,33.575,33.575,33.45,33.5,41920,17:25,17:20,True,91476.57142857143,0.4582594138077509,0.5946428571428566
2012-07-09,33.4,33.425,33.3,33.375,78816,17:25,17:20,True,80043.14285714286,0.9846689820846615,0.5946428571428566
2012-07-10,33.425,33.5,33.425,33.45,13112,17:25,17:20,True,74367.71428571429,0.17631306980371667,0.5624999999999992
2012-07-11,33.6,33.6,33.425,33.45,62088,17:25,17:20,True,72977.71428571429,0.8507802773449429,0.5642857142857134
2012-07-12,33.625,33.625,33.375,33.475,39748,17:25,17:20,True,65377.142857142855,0.6079800716720567,0.5589285714285709
2012-07-13,33.625,33.7,33.525,33.625,42756,17:25,17:20,True,63622.0,0.6720316871522429,0.5535714285714278
2012-07-16,33.75,34.0,33.75,33.875,124376,17:25,17:20,True,49551.71428571428,2.5100241594639945,0.5357142857142847
2012-07-17,33.95,33.95,33.825,33.85,67380,17:25,17:20,True,53181.42857142857,1.2669836409057942,0.5374999999999989
2012-07-18,33.725,33.975,33.65,33.85,155140,17:25,17:20,True,56608.857142857145,2.740560538229757,0.5482142857142848
2012-07-19,34.075,34.075,33.925,33.975,97992,17:25,17:20,True,64332.857142857145,1.5232029844780495,0.5285714285714277
2012-07-20,34.125,34.15,34.0,34.05,138356,17:25,17:20,True,64021.71428571428,2.161079276673986,0.44464285714285673
2012-07-23,33.375,33.5,33.25,33.5,54160,17:25,17:20,True,66375.42857142857,0.8159645996366987,0.4410714285714284
2012-07-24,33.55,33.6,33.5,33.6,44840,17:25,17:20,True,69260.85714285714,0.6474075235239034,0.42857142857142855
2012-07-25,33.6,33.65,33.575,33.65,38056,17:25,17:20,True,69831.14285714286,0.5449717481762129,0.43035714285714327
2012-07-26,34.4,34.4,34.35,34.35,51360,17:25,17:20,True,71338.57142857143,0.7199471333880689,0.451785714285715
2012-07-27,35.225,35.225,35.2,35.2,29452,17:25,17:20,True,72012.85714285714,0.4089825229621694,0.49285714285714377
2012-07-30,35.4,35.5,35.4,35.4,50192,17:25,17:20,True,68486.85714285714,0.7328705403330774,0.5071428571428582
2012-07-31,35.55,35.55,35.475,35.475,45428,17:25,17:20,True,71135.42857142857,0.6386128672070177,0.500000000000001
2012-08-01,35.5,35.575,35.375,35.525,151572,17:25,17:20,True,69945.42857142857,2.1670036640809776,0.49642857142857216
2012-08-02,35.3,35.425,35.3,35.375,22928,17:25,17:20,True,77932.85714285714,0.29420196872765936,0.5053571428571441
2012-08-03,35.15,35.15,35.05,35.075,35256,17:25,17:20,True,76516.57142857143,0.4607629346397419,0.5339285714285731
2012-08-06,35.975,35.975,35.9,35.9,22236,17:25,17:20,True,70150.85714285714,0.31697403147502523,0.5660714285714304
2012-08-07,35.55,35.6,35.55,35.55,31712,17:25,17:20,True,66926.28571428571,0.4738347520939883,0.5696428571428588
2012-08-08,35.5,35.5,35.4,35.4,40008,17:25,17:20,True,58110.0,0.6884873515746,0.5946428571428584
2012-08-09,35.875,35.875,35.75,35.8,47800,17:25,17:20,True,53968.28571428572,0.8857053613497874,0.6035714285714298
2012-08-10,35.575,35.625,35.5,35.6,55168,17:25,17:20,True,47500.0,1.1614315789473684,0.5946428571428584
2012-08-13,35.7,35.7,35.625,35.65,49220,17:25,17:20,True,47572.0,1.0346422265198016,0.585714285714287
2012-08-14,35.675,35.7,35.625,35.625,63488,17:25,17:20,True,47884.857142857145,1.3258471213685208,0.5750000000000013
2012-08-15,35.575,35.575,35.4,35.425,25308,17:25,17:20,True,49701.42857142857,0.5092006553418987,0.5410714285714298
2012-08-16,35.35,35.35,35.325,35.325,53924,17:25,17:20,True,47840.57142857143,1.1271604495885144,0.49642857142857266
2012-08-17,35.5,35.575,35.45,35.45,41864,17:25,17:20,True,49588.57142857143,0.8442267803641392,0.4875000000000012
2012-08-20,35.8,35.8,35.775,35.775,34956,17:25,17:20,True,48993.71428571428,0.7134792801408928,0.494642857142859
2012-08-21,35.625,35.75,35.625,35.75,48108,17:25,17:20,True,48245.71428571428,0.9971455643728533,0.49642857142857366
2012-08-22,35.575,35.675,35.575,35.675,58604,17:25,17:20,True,40855.42857142857,1.4344238219785446,0.4910714285714306
2012-08-23,35.375,35.375,35.35,35.35,39248,17:25,17:20,True,43403.71428571428,0.9042544087734428,0.4946428571428595
2012-08-24,34.9,34.95,34.825,34.85,36200,17:25,17:20,True,43688.857142857145,0.8285865634257836,0.4714285714285736
2012-08-27,34.825,34.825,34.775,34.775,67300,17:25,17:20,True,44686.28571428572,1.5060549097837623,0.46250000000000213
2012-08-28,34.85,34.85,34.8,34.8,32264,17:25,17:20,True,47228.28571428572,0.6831499283117259,0.4285714285714306
2012-08-29,34.5,34.5,34.375,34.4,48552,17:25,17:20,True,46675.142857142855,1.0402110637047557,0.4392857142857162
2012-08-30,34.375,34.375,34.275,34.3,21696,17:25,17:20,True,46728.857142857145,0.46429554084047175,0.4392857142857162
2012-08-31,34.25,34.25,34.125,34.2,48032,17:25,17:20,True,44338.0,1.0833145383192746,0.4410714285714304
2012-09-03,34.2,34.225,34.15,34.175,59300,17:25,17:20,True,44253.142857142855,1.3400178195576102,0.4446428571428588
2012-09-04,34.325,34.325,34.175,34.275,63872,17:25,17:20,True,43954.0,1.4531555717340856,0.44285714285714456
2012-09-05,33.75,33.8,33.75,33.8,21952,17:25,17:20,True,46708.57142857143,0.4699779789576707,0.45892857142857324
2012-09-06,34.0,34.0,33.9,33.975,53656,17:25,17:20,True,44424.857142857145,1.207792291316959,0.46250000000000213
2012-09-07,34.575,34.65,34.55,34.65,79920,17:25,17:20,True,45267.142857142855,1.7655189825480482,0.4767857142857161
2012-09-10,34.8,34.925,34.8,34.875,53880,17:25,17:20,True,48478.857142857145,1.1114123388104387,0.5017857142857157
2012-09-11,34.9,34.95,34.775,34.8,135788,17:25,17:20,True,48891.142857142855,2.7773537713521,0.49642857142857316
2012-09-12,35.5,35.5,35.425,35.45,87504,17:25,17:20,True,54404.28571428572,1.6084026993671716,0.48571428571428704
2012-09-13,35.75,35.775,35.75,35.75,120976,17:25,17:20,True,57851.142857142855,2.0911600709209353,0.48214285714285815
2012-09-14,36.3,36.575,36.3,36.575,408092,17:25,17:20,True,63906.57142857143,6.385759568656029,0.48214285714285815
2012-09-17,36.975,36.975,36.875,36.9,79236,17:25,17:20,True,88248.85714285714,0.8978699845566596,0.5553571428571443
2012-09-18,36.85,36.85,36.775,36.85,100780,17:25,17:20,True,91604.0,1.1001702982402515,0.5410714285714298
2012-09-19,36.5,36.65,36.425,36.65,153380,17:25,17:20,True,95334.57142857143,1.6088602245924877,0.5500000000000013
2012-09-20,36.475,36.5,36.425,36.5,114724,17:25,17:20,True,104740.57142857143,1.0953157733938548,0.5553571428571443
2012-09-21,36.625,36.7,36.6,36.65,84472,17:25,17:20,True,109504.28571428571,0.7714035980326928,0.5553571428571443
2012-09-24,36.575,36.7,36.575,36.675,68692,17:25,17:20,True,111302.28571428571,0.6171661216044851,0.5607142857142868
2012-09-25,36.75,36.875,36.725,36.875,106588,17:25,17:20,True,111646.57142857143,0.9546912066905003,0.5446428571428577
2012-09-26,36.75,36.9,36.75,36.75,112344,17:25,17:20,True,117692.0,0.9545593583251198,0.5428571428571429
2012-09-27,36.35,36.45,36.35,36.45,81588,17:25,17:20,True,121884.0,0.6693905680811263,0.548214285714286
2012-09-28,36.65,36.675,36.6,36.625,320608,17:25,17:20,True,122003.14285714286,2.627866729428516,0.5321428571428574
2012-10-01,35.95,36.025,35.775,36.0,126116,17:25,17:20,True,141055.14285714287,0.8940900519148539,0.5500000000000002
2012-10-02,36.65,36.725,36.65,36.725,36140,17:25,17:20,True,140364.2857142857,0.2574729021423846,0.5785714285714292
2012-10-03,36.625,36.675,36.575,36.675,72504,17:25,17:20,True,136695.42857142858,0.5304054477733605,0.5607142857142868
2012-10-04,36.725,36.825,36.7,36.825,54240,17:25,17:20,True,133233.14285714287,0.4071059110131327,0.5571428571428579
2012-10-05,36.8,36.925,36.8,36.9,60800,17:25,17:20,True,107958.0,0.5631819781766984,0.4875000000000007
2012-10-08,37.125,37.175,37.075,37.075,79940,17:25,17:20,True,106641.14285714286,0.7496168726088028,0.5107142857142867
2012-10-09,36.85,36.85,36.85,36.85,40980,17:25,17:20,True,105152.57142857143,0.38971942809631716,0.5142857142857155
2012-10-10,36.5,36.55,36.475,36.5,98756,17:25,17:20,True,97124.0,1.0168032618096454,0.514285714285715
2012-10-11,36.025,36.05,35.9,36.025,104576,17:25,17:20,True,95983.42857142857,1.089521405480708,0.5303571428571436
2012-10-12,36.275,36.4,36.275,36.375,84732,17:25,17:20,True,97419.42857142857,0.869764904624481,0.5464285714285724
2012-10-15,36.225,36.3,36.225,36.3,21716,17:25,17:20,True,98565.14285714286,0.22032129585074992,0.5500000000000013
2012-10-16,36.5,36.5,36.35,36.375,146192,17:25,17:20,True,92502.85714285714,1.5804052384482332,0.5535714285714296
2012-10-17,36.625,36.625,36.5,36.625,53092,17:25,17:20,True,94920.57142857143,0.559330808916929,0.5214285714285722
2012-10-18,36.625,36.625,36.525,36.6,31276,17:25,17:20,True,92885.14285714286,0.3367169284338876,0.5053571428571436
2012-10-19,36.6,36.7,36.55,36.7,25476,17:25,17:20,True,72218.57142857143,0.3527624473325025,0.49642857142857216
2012-10-22,36.35,36.425,36.325,36.425,124916,17:25,17:20,True,65030.0,1.9208980470552053,0.44642857142857195
2012-10-23,36.525,36.525,36.45,36.45,35148,17:25,17:20,True,71371.14285714286,0.49246794422715867,0.46607142857142847
2012-10-24,36.0,36.075,35.7,35.975,190652,17:25,17:20,True,68702.85714285714,2.775022872827081,0.49285714285714277
2012-10-25,36.325,36.375,36.325,36.325,51636,17:25,17:20,True,78446.57142857143,0.6582314441494301,0.5303571428571426
2012-10-26,36.45,36.45,36.35,36.425,43988,17:25,17:20,True,77792.0,0.5654566022213081,0.5196428571428565
2012-10-29,36.525,36.525,36.525,36.525,13368,17:25,17:20,True,75224.0,0.17770924173136232,0.5142857142857135
2012-10-30,36.425,36.6,36.425,36.55,38344,17:25,17:20,True,73251.71428571429,0.5234553262527254,0.5071428571428568
2012-10-31,36.875,36.975,36.775,36.95,90220,17:25,17:20,True,68936.57142857143,1.3087392965790499,0.49464285714285694
2012-11-01,36.4,36.475,36.4,36.475,32292,17:25,17:20,True,67911.14285714286,0.47550370442048223,0.4749999999999999
2012-11-05,36.975,36.975,36.825,36.95,159436,17:25,17:20,True,64165.42857142857,2.4847648266311633,0.49464285714285694
2012-11-06,37.0,37.075,36.975,37.0,102788,17:25,17:20,True,74002.57142857143,1.388978761355783,0.49821428571428583
2012-11-07,37.5,37.65,37.5,37.55,144192,17:25,17:20,True,70902.28571428571,2.033672096003353,0.5107142857142856
2012-11-08,36.675,36.75,36.625,36.625,58180,17:25,17:20,True,77409.42857142857,0.7515880309892115,0.5696428571428572
2012-11-09,36.375,36.45,36.375,36.45,18344,17:25,17:20,True,79331.14285714286,0.23123327534853905,0.576785714285714
2012-11-12,36.2,36.25,36.2,36.25,26872,17:25,17:20,True,78821.71428571429,0.34092128347518447,0.5946428571428568
2012-11-13,36.15,36.15,36.1,36.125,35120,17:25,17:20,True,71818.57142857143,0.48901000537067607,0.5750000000000003
2012-11-14,36.075,36.075,36.0,36.0,59768,17:25,17:20,True,71816.57142857143,0.8322313194726246,0.5571428571428579
2012-11-15,35.75,35.9,35.7,35.85,153836,17:25,17:20,True,62467.71428571428,2.462648133664476,0.5267857142857153
2012-11-16,35.65,35.725,35.625,35.65,23572,17:25,17:20,True,69767.71428571429,0.33786401405480226,0.508928571428573
2012-11-19,35.525,35.65,35.525,35.625,73220,17:25,17:20,True,68309.42857142857,1.0718871688911382,0.5125000000000013
2012-11-20,35.95,35.975,35.875,35.875,67940,17:25,17:20,True,72584.57142857143,0.9360115884524849,0.5428571428571439
2012-11-21,36.025,36.05,36.0,36.0,71928,17:25,17:20,True,74698.57142857143,0.9629099810667635,0.5375000000000009
2012-11-22,36.25,36.25,36.1,36.125,88424,17:25,17:20,True,73392.0,1.2048179638107697,0.5303571428571436
2012-11-23,36.45,36.5,36.45,36.5,20832,17:25,17:20,True,77401.42857142857,0.26914231926321036,0.5178571428571439
2012-11-26,37.0,37.2,37.0,37.2,192332,17:25,17:20,True,67501.14285714286,2.8493147205973233,0.5500000000000007
2012-11-27,37.925,37.95,37.825,37.9,133140,17:25,17:20,True,73897.14285714286,1.8016934735539747,0.5714285714285724
2012-11-28,37.875,37.9,37.75,37.75,130900,17:25,17:20,True,73107.71428571429,1.7905087209870367,0.5178571428571439
2012-11-29,38.225,38.225,38.125,38.2,158264,17:25,17:20,True,78302.0,2.021199969349442,0.5089285714285724
2012-11-30,38.625,38.625,38.575,38.6,47544,17:25,17:20,True,88296.28571428571,0.538459796076198,0.5035714285714293
2012-12-03,38.625,38.65,38.55,38.625,95016,17:25,17:20,True,89772.85714285714,1.0584045448035517,0.5000000000000006
2012-12-04,38.6,38.625,38.55,38.55,65960,17:25,17:20,True,94051.14285714286,0.7013205581157972,0.5
2012-12-05,39.3,39.375,39.25,39.325,108548,17:25,17:20,True,94493.42857142857,1.1487359665222374,0.5500000000000002
2012-12-06,39.575,39.575,39.475,39.55,96344,17:25,17:20,True,91258.57142857143,1.055725489582192,0.5678571428571425
2012-12-07,39.75,39.8,39.725,39.8,30868,17:25,17:20,True,96456.57142857143,0.3200196683629642,0.5607142857142853
2012-12-10,39.75,39.775,39.725,39.725,112468,17:25,17:20,True,93431.42857142857,1.2037491208219933,0.5267857142857143
2012-12-11,40.7,40.75,40.575,40.6,73100,17:25,17:20,True,96612.0,0.7566347865689562,0.5785714285714282
2012-12-12,41.175,41.2,41.1,41.1,170228,17:25,17:20,True,96695.71428571429,1.7604503080355163,0.5910714285714279
2012-12-13,41.5,41.5,41.4,41.4,111072,17:25,17:20,True,102538.85714285714,1.0832186265276438,0.5910714285714279
2012-12-14,41.025,41.175,41.0,41.175,246016,17:25,17:20,True,108984.57142857143,2.2573470425695903,0.5678571428571425
2012-12-17,41.2,41.2,41.175,41.175,105160,17:25,17:20,True,112819.14285714286,0.9321113184945817,0.5285714285714279
2012-12-18,41.3,41.35,41.3,41.325,136152,17:25,17:20,True,110820.57142857143,1.2285805626598465,0.5410714285714278
2012-12-19,41.4,41.425,41.375,41.375,146264,17:25,17:20,True,111195.71428571429,1.3153744363220576,0.5357142857142847
2012-12-20,41.075,41.2,41.075,41.175,205572,17:25,17:20,True,110338.57142857143,1.86310188122273,0.508928571428571
2012-12-21,41.45,41.625,41.325,41.6,148932,17:25,17:20,True,121626.28571428571,1.2245050412034992,0.5357142857142853
2012-12-27,41.475,41.55,41.375,41.45,125600,17:25,17:20,True,125477.42857142857,1.0009768404562231,0.5410714285714283
2012-12-28,42.15,42.2,42.075,42.125,39692,17:25,17:20,True,129737.42857142857,0.305941010524554,0.5267857142857137
2013-01-02,43.175,43.175,42.925,43.025,247004,17:25,17:20,True,124819.14285714286,1.978895178624158,0.5232142857142854
2013-01-03,42.95,42.975,42.875,42.875,173512,17:25,17:20,True,135580.57142857142,1.2797703842944206,0.5374999999999999
2013-01-04,42.825,42.85,42.8,42.8,52904,17:25,17:20,True,145769.42857142858,0.3629293228248917,0.5303571428571426
2013-01-07,43.1,43.175,43.05,43.05,86484,17:25,17:20,True,141514.85714285713,0.6111301791634195,0.48214285714285715
2013-01-08,42.625,42.775,42.575,42.725,62552,17:25,17:20,True,142470.85714285713,0.43905119442973806,0.47142857142857153
2013-01-09,42.5,42.6,42.45,42.6,160320,17:25,17:20,True,134779.7142857143,1.1894965117684093,0.46607142857142897
2013-01-10,43.0,43.0,42.95,43.0,35480,17:25,17:20,True,138297.42857142858,0.25654851551831354,0.46250000000000063
2013-01-11,42.9,42.925,42.9,42.9,52200,17:25,17:20,True,123259.14285714286,0.42349799609185756,0.4767857142857151
2013-01-14,43.15,43.225,43.125,43.175,67048,17:25,17:20,True,119476.28571428571,0.5611824940753336,0.46964285714285836
2013-01-15,43.125,43.225,43.0,43.0,108408,17:25,17:20,True,114540.28571428571,0.9464617564375354,0.46250000000000163
2013-01-16,43.0,43.1,43.0,43.05,43088,17:25,17:20,True,111836.28571428571,0.38527745914308414,0.46964285714285836
2013-01-17,43.15,43.15,43.05,43.075,25632,17:25,17:20,True,100230.28571428571,0.2557310878377223,0.4482142857142871
2013-01-18,43.75,43.75,43.65,43.75,90524,17:25,17:20,True,91423.14285714286,0.9901650410493124,0.4535714285714302
2013-01-21,43.725,43.75,43.7,43.7,88052,17:25,17:20,True,88917.71428571429,0.9902638715730755,0.40892857142857303
2013-01-23,43.425,43.575,43.4,43.475,158772,17:25,17:20,True,92372.0,1.7188325466591607,0.41071428571428725
2013-01-24,43.675,43.7,43.55,43.575,72500,17:25,17:20,True,86069.71428571429,0.8423404283570792,0.40000000000000163
2013-01-25,44.0,44.025,43.975,43.975,70676,17:25,17:20,True,78854.57142857143,0.8962828498030733,0.42321428571428704
2013-01-28,44.275,44.45,44.25,44.375,108344,17:25,17:20,True,80124.0,1.352204083670311,0.4214285714285729
2013-01-29,44.55,44.575,44.425,44.55,176264,17:25,17:20,True,81685.42857142857,2.157838957114226,0.4214285714285729
2013-01-30,44.625,44.675,44.4,44.45,309936,17:25,17:20,True,89807.71428571429,3.4511066500809666,0.4642857142857153
2013-01-31,45.0,45.2,45.0,45.175,177824,17:25,17:20,True,100494.57142857143,1.7694886148789841,0.4803571428571435
2013-02-01,45.0,45.025,44.875,45.025,210508,17:25,17:20,True,110662.0,1.902260938714283,0.46785714285714314
2013-02-04,45.425,45.5,45.375,45.4,206032,17:25,17:20,True,121969.71428571429,1.689206219811007,0.48214285714285715
2013-02-05,44.625,44.75,44.625,44.725,149592,17:25,17:20,True,131897.14285714287,1.1341564855731738,0.5321428571428574
2013-02-06,45.575,45.675,45.55,45.575,87204,17:25,17:20,True,134838.85714285713,0.6467275223759155,0.5732142857142861
2013-02-07,45.675,45.675,45.575,45.575,36228,17:25,17:20,True,137990.0,0.2625407638234655,0.5928571428571432
2013-02-08,45.525,45.65,45.525,45.65,32712,17:25,17:20,True,138746.85714285713,0.23576750258435714,0.6053571428571429
2013-02-11,45.9,46.025,45.9,46.0,55472,17:25,17:20,True,134617.42857142858,0.4120714575272571,0.6375000000000003
2013-02-12,46.225,46.3,46.05,46.05,140276,17:25,17:20,True,132290.2857142857,1.060365084575911,0.6392857142857145
2013-02-13,46.6,46.625,46.45,46.45,93716,17:25,17:20,True,130969.14285714286,0.7155578631389727,0.6464285714285712
2013-02-14,46.825,46.85,46.8,46.825,60316,17:25,17:20,True,132484.57142857142,0.4552681066905904,0.6428571428571429
2013-02-15,46.5,46.6,46.45,46.575,74156,17:25,17:20,True,131744.57142857142,0.5628770824929626,0.6464285714285712
2013-02-18,46.575,46.65,46.575,46.65,35284,17:25,17:20,True,129302.57142857143,0.2728793372797801,0.6464285714285712
2013-02-19,46.775,46.8,46.775,46.8,48452,17:25,17:20,True,119232.57142857143,0.4063654706048683,0.6035714285714283
2013-02-20,46.95,47.125,46.9,46.9,83108,17:25,17:20,True,100555.14285714286,0.8264917898636995,0.5660714285714283
2013-02-21,46.725,46.8,46.7,46.775,158536,17:25,17:20,True,93789.71428571429,1.690334608729559,0.5678571428571431
2013-02-22,46.325,46.5,46.325,46.45,86940,17:25,17:20,True,90077.42857142857,0.9651696476999154,0.5785714285714286
2013-02-25,47.025,47.125,47.0,47.075,129476,17:25,17:20,True,81570.85714285714,1.5872825729076911,0.5642857142857142
2013-02-26,45.75,45.95,45.75,45.85,191704,17:25,17:20,True,80134.0,2.3922929093767937,0.5410714285714283
2013-02-27,46.225,46.325,46.2,46.325,93392,17:25,17:20,True,87598.28571428571,1.0661395852495483,0.5678571428571425
2013-02-28,47.125,47.15,47.025,47.025,179440,17:25,17:20,True,91681.42857142857,1.957212085326519,0.5821428571428571
2013-03-01,47.35,47.35,47.125,47.225,67556,17:25,17:20,True,102162.0,0.6612634834870108,0.5678571428571425
2013-03-04,47.0,47.075,46.75,46.85,118296,17:25,17:20,True,103025.14285714286,1.1482245665413158,0.5678571428571425
2013-03-05,47.375,47.475,47.35,47.475,91588,17:25,17:20,True,101455.14285714286,0.9027437882470226,0.5750000000000003
2013-03-06,47.5,47.65,47.5,47.65,44436,17:25,17:20,True,101303.14285714286,0.4386438440776058,0.5732142857142861
2013-03-07,46.775,46.975,46.775,46.85,107696,17:25,17:20,True,100168.85714285714,1.075144541645393,0.6035714285714293
2013-03-08,47.575,47.75,47.575,47.7,169140,17:25,17:20,True,102564.57142857143,1.6491074612230343,0.6375000000000008
2013-03-11,47.5,47.5,47.4,47.5,75668,17:25,17:20,True,112125.71428571429,0.6748496585465293,0.6357142857142867
2013-03-12,47.65,47.675,47.6,47.675,50092,17:25,17:20,True,114069.71428571429,0.4391349650840088,0.6428571428571439
2013-03-13,47.65,47.7,47.575,47.575,88744,17:25,17:20,True,111711.42857142857,0.794403948950101,0.639285714285715
2013-03-14,47.475,47.575,47.4,47.55,242004,17:25,17:20,True,106726.28571428571,2.267520118219638,0.6142857142857154
2013-03-15,47.7,47.75,47.65,47.75,134168,17:25,17:20,True,117802.28571428571,1.1389252694587542,0.6142857142857154
2013-03-18,47.225,47.525,47.175,47.525,282828,17:25,17:20,True,118137.42857142857,2.394059219166056,0.6035714285714298
2013-03-19,47.45,47.5,47.425,47.425,50604,17:25,17:20,True,124646.28571428571,0.40598080969692524,0.5946428571428584
2013-03-20,47.175,47.25,47.175,47.175,210772,17:25,17:20,True,121590.0,1.7334649231022288,0.5785714285714297
2013-03-21,47.35,47.375,47.275,47.35,64040,17:25,17:20,True,123828.0,0.517168976321995,0.5767857142857155
2013-03-22,47.0,47.0,46.85,46.925,85904,17:25,17:20,True,123576.85714285714,0.6951463403919828,0.5750000000000013
2013-03-25,47.55,47.75,47.5,47.7,144960,17:25,17:20,True,121263.14285714286,1.1954168149078392,0.5678571428571441
2013-03-26,47.1,47.15,47.025,47.125,42472,17:25,17:20,True,125075.42857142857,0.339571093100392,0.6071428571428582
2013-03-27,47.25,47.3,47.225,47.3,49244,17:25,17:20,True,124935.14285714286,0.39415651092109505,0.571428571428572
2013-04-02,46.975,47.125,46.975,47.125,171480,17:25,17:20,True,120760.0,1.420006624710169,0.5553571428571432
2013-04-03,48.35,48.35,48.2,48.2,111840,17:25,17:20,True,120927.14285714286,0.9248543987524956,0.6321428571428572
2013-04-04,47.925,47.975,47.85,47.9,68376,17:25,17:20,True,123510.85714285714,0.5536031534532534,0.658928571428571
2013-04-05,47.35,47.475,47.275,47.475,123476,17:25,17:20,True,124816.85714285714,0.9892574034184943,0.701785714285714
2013-04-08,46.75,46.775,46.675,46.775,125120,17:25,17:20,True,127297.71428571429,0.9828927463628568,0.758928571428571
2013-04-09,46.175,46.375,46.175,46.325,110328,17:25,17:20,True,118948.85714285714,0.9275246744699402,0.7696428571428565
2013-04-10,46.7,46.825,46.7,46.75,60700,17:25,17:20,True,117246.0,0.5177148900602153,0.7785714285714279
2013-04-11,47.425,47.5,47.4,47.4,58076,17:25,17:20,True,101379.71428571429,0.5728562208838623,0.7821428571428568
2013-04-12,48.0,48.0,47.85,47.9,53148,17:25,17:20,True,101913.42857142857,0.5215014424006931,0.7874999999999994
2013-04-15,47.925,48.1,47.825,47.825,99332,17:25,17:20,True,90654.57142857143,1.0957197021031166,0.798214285714285
2013-04-16,46.225,46.275,46.05,46.225,317456,17:25,17:20,True,93175.42857142857,3.407078506289212,0.8053571428571422
2013-04-17,46.075,46.075,45.925,46.0,57832,17:25,17:20,True,109714.85714285714,0.5271118379591773,0.9178571428571419
2013-04-18,45.175,45.25,45.075,45.125,114448,17:25,17:20,True,103491.42857142857,1.105869361161725,0.9196428571428567
2013-04-19,45.1,45.225,45.075,45.075,66000,17:25,17:20,True,108632.57142857143,0.6075525888052518,0.9535714285714286
2013-04-22,44.625,44.8,44.6,44.775,35568,17:25,17:20,True,109829.42857142857,0.3238476286605464,0.985714285714286
2013-04-23,44.45,44.45,44.275,44.425,117236,17:25,17:20,True,100121.42857142857,1.1709381465363489,0.9357142857142863
2013-04-24,45.0,45.125,45.0,45.125,157900,17:25,17:20,True,100506.85714285714,1.5710370863110974,0.9410714285714293
2013-04-25,45.25,45.375,45.125,45.325,90156,17:25,17:20,True,106901.42857142857,0.8433563630046371,0.9017857142857153
2013-04-26,46.475,46.525,46.45,46.525,34048,17:25,17:20,True,104521.42857142857,0.32575138385840224,0.9250000000000013
2013-04-29,47.3,47.4,47.3,47.375,86096,17:25,17:20,True,98016.28571428571,0.8783846416193227,0.9267857142857154
2013-05-02,47.775,47.875,47.65,47.775,329820,17:25,17:20,True,96285.42857142857,3.425440431573981,0.9107142857142867
2013-05-03,48.375,48.45,48.325,48.325,47664,17:25,17:20,True,115508.28571428571,0.41264572238478875,0.8982142857142864
2013-05-06,48.375,48.4,48.3,48.3,52712,17:25,17:20,True,114764.57142857143,0.4593055099134626,0.9071428571428578
2013-05-07,48.875,48.975,48.825,48.825,125896,17:25,17:20,True,114733.42857142857,1.0972913610929185,0.9000000000000006
2013-05-10,49.75,49.85,49.675,49.725,244240,17:25,17:20,True,116630.85714285714,2.0941284835182064,0.903571428571429
2013-05-13,49.875,49.925,49.775,49.875,93452,17:25,17:20,True,111401.14285714286,0.8388782879888383,0.8607142857142865
2013-05-14,49.575,49.75,49.575,49.725,88576,17:25,17:20,True,113945.42857142857,0.7773545732418276,0.8357142857142864
2013-05-15,50.0,50.1,49.925,49.925,89744,17:25,17:20,True,112097.42857142857,0.8005892833020256,0.821428571428572
2013-05-16,50.1,50.15,50.0,50.0,90092,17:25,17:20,True,113793.42857142857,0.7917153137138223,0.773214285714286
2013-05-21,50.25,50.45,50.25,50.45,65156,17:25,17:20,True,117688.0,0.5536333355992115,0.7875000000000004
2013-05-22,50.55,50.575,50.5,50.5,31544,17:25,17:20,True,113968.0,0.2767794468622771,0.778571428571429
2013-05-23,49.725,49.775,49.5,49.7,170372,17:25,17:20,True,104942.57142857143,1.6234784194892988,0.778571428571429
2013-05-24,49.25,49.3,49.125,49.15,119572,17:25,17:20,True,110672.28571428571,1.0804150219567166,0.8017857142857144
2013-05-27,48.925,49.05,48.925,49.025,37664,17:25,17:20,True,116781.14285714286,0.32251782332764095,0.7803571428571432
2013-05-28,49.8,49.875,49.8,49.85,53112,17:25,17:20,True,113321.71428571429,0.4686833440066965,0.798214285714286
2013-05-29,49.925,49.925,49.75,49.925,73136,17:25,17:20,True,93556.85714285714,0.7817278415875449,0.7892857142857146
2013-05-30,48.7,48.7,48.6,48.6,51204,17:25,17:20,True,95376.28571428571,0.5368630117699219,0.826785714285715
2013-05-31,48.8,48.85,48.8,48.8,39068,17:25,17:20,True,95268.57142857143,0.41008277351247596,0.8303571428571439
2013-06-03,47.6,47.675,47.55,47.55,127872,17:25,17:20,True,89066.57142857143,1.4356901579236077,0.84107142857143
2013-06-04,48.65,48.65,48.425,48.6,78352,17:25,17:20,True,80754.57142857143,0.9702484777509278,0.8285714285714297
2013-06-05,47.95,48.0,47.875,48.0,42760,17:25,17:20,True,79676.0,0.5366735277875395,0.8250000000000008
2013-06-07,46.975,46.975,46.75,46.825,331744,17:25,17:20,True,76403.42857142857,4.342004098544568,0.8678571428571432
2013-06-10,47.8,47.825,47.575,47.725,72752,17:25,17:20,True,93689.14285714286,0.7765254092561419,0.9392857142857147
2013-06-11,47.65,47.65,47.4,47.45,114152,17:25,17:20,True,92450.57142857143,1.2347354725459472,0.9142857142857146
2013-06-12,47.375,47.45,47.25,47.375,142740,17:25,17:20,True,95950.28571428571,1.4876453877901057,0.9053571428571436
2013-06-13,46.4,46.575,46.275,46.425,149392,17:25,17:20,True,103892.85714285714,1.437942935716741,0.9500000000000003
2013-06-14,46.95,46.95,46.65,46.65,84416,17:25,17:20,True,102394.28571428571,0.8244210056364752,0.8982142857142864
2013-06-17,46.325,46.5,46.325,46.5,54040,17:25,17:20,True,99883.14285714286,0.541032234811537,0.9250000000000007
2013-06-18,46.825,46.95,46.825,46.825,48128,17:25,17:20,True,101052.85714285714,0.47626560357380154,0.9428571428571436
2013-06-19,47.3,47.35,47.175,47.25,50004,17:25,17:20,True,100696.85714285714,0.49657954993630105,0.9500000000000008
2013-06-20,45.575,45.675,45.425,45.6,141424,17:25,17:20,True,99044.57142857143,1.427882396381427,0.9232142857142865
2013-06-24,44.95,44.975,44.375,44.425,450468,17:25,17:20,True,105488.85714285714,4.270289888437777,0.9928571428571438
2013-06-25,43.525,43.8,43.525,43.75,122676,17:25,17:20,True,134874.57142857142,0.9095561802394183,1.058928571428572
2013-06-26,44.0,44.05,43.875,43.95,63232,17:25,17:20,True,134503.42857142858,0.4701144102540137,1.0232142857142865
2013-06-27,44.85,44.875,44.825,44.825,89468,17:25,17:20,True,133423.42857142858,0.6705568951265787,1.0607142857142864
2013-06-28,45.25,45.375,45.225,45.375,77888,17:25,17:20,True,136759.7142857143,0.5695244422438521,1.0125000000000008
2013-07-01,45.125,45.325,45.125,45.2,208220,17:25,17:20,True,118627.14285714286,1.7552475342911162,0.9464285714285724
2013-07-02,45.725,45.725,45.525,45.575,74248,17:25,17:20,True,128303.42857142857,0.5786906930446131,0.9553571428571439
2013-07-03,45.625,45.675,45.5,45.55,143336,17:25,17:20,True,125453.14285714286,1.1425461071407423,0.9589285714285717
2013-07-04,46.275,46.35,46.275,46.35,41268,17:25,17:20,True,125495.71428571429,0.3288399148519585,0.9571428571428575
2013-07-05,47.025,47.1,47.0,47.1,33476,17:25,17:20,True,117772.57142857143,0.2842427535880292,0.9392857142857147
2013-07-08,46.55,46.8,46.55,46.775,50888,17:25,17:20,True,114134.0,0.4458618816478876,0.9446428571428572
2013-07-09,47.55,47.675,47.55,47.55,111668,17:25,17:20,True,113908.85714285714,0.9803276303611158,0.9553571428571429
2013-07-10,48.175,48.25,48.125,48.25,34676,17:25,17:20,True,118447.42857142857,0.292754350332637,0.9732142857142857
2013-07-11,49.05,49.25,49.0,49.2,76880,17:25,17:20,True,117352.57142857143,0.6551198585946135,0.9499999999999998
2013-07-12,49.35,49.35,49.25,49.275,51412,17:25,17:20,True,112742.28571428571,0.45601346180163105,0.8803571428571421
2013-07-15,49.725,49.775,49.65,49.75,57416,17:25,17:20,True,84238.28571428571,0.6815903186199692,0.7892857142857136
2013-07-16,49.325,49.55,49.325,49.5,78268,17:25,17:20,True,79576.85714285714,0.9835522890718407,0.7821428571428564
2013-07-17,49.5,49.825,49.5,49.65,35052,17:25,17:20,True,80650.85714285714,0.434614103826724,0.7303571428571425
2013-07-18,49.4,49.875,49.2,49.25,63644,17:25,17:20,True,76764.0,0.829086550987442,0.7464285714285711
2013-07-19,49.45,49.525,49.4,49.4,32632,17:25,17:20,True,75746.57142857143,0.4308049775001603,0.7714285714285712
2013-07-22,49.5,49.725,49.5,49.7,115320,17:25,17:20,True,63204.57142857143,1.8245515695067265,0.7607142857142851
2013-07-23,49.6,49.825,49.6,49.8,111736,17:25,17:20,True,66138.28571428571,1.6894299390022638,0.7553571428571425
2013-07-24,49.8,49.8,49.65,49.7,70528,17:25,17:20,True,63881.142857142855,1.1040503792757979,0.7285714285714283
2013-07-25,49.45,49.45,49.35,49.375,49044,17:25,17:20,True,65971.14285714286,0.7434159524294172,0.7035714285714282
2013-07-26,49.775,49.875,49.775,49.8,73252,17:25,17:20,True,67083.14285714286,1.091958380006048,0.6678571428571429
2013-07-29,49.325,49.575,49.325,49.525,38196,17:25,17:20,True,68680.57142857143,0.5561398108011415,0.6392857142857145
2013-07-30,49.5,49.65,49.5,49.625,23208,17:25,17:20,True,63432.57142857143,0.36586881908348123,0.5982142857142857
2013-07-31,49.325,49.4,49.25,49.25,57492,17:25,17:20,True,62613.42857142857,0.9182055880299524,0.5821428571428571
2013-08-01,49.425,49.45,49.375,49.375,72440,17:25,17:20,True,61228.57142857143,1.1831077928138125,0.5839285714285717
2013-08-02,49.75,49.825,49.65,49.675,76208,17:25,17:20,True,62730.57142857143,1.2148462586025497,0.6000000000000004
2013-08-05,49.8,49.875,49.775,49.875,34536,17:25,17:20,True,64072.857142857145,0.5390113932799715,0.5732142857142861
2013-08-06,49.7,49.975,49.7,49.95,211492,17:25,17:20,True,60949.142857142855,3.469974967420144,0.5660714285714289
2013-08-07,50.0,50.1,50.0,50.075,78580,17:25,17:20,True,73552.0,1.06835979986948,0.5767857142857145
2013-08-08,49.725,49.825,49.725,49.8,51824,17:25,17:20,True,74618.85714285714,0.6945161315025692,0.5571428571428569
2013-08-09,49.75,49.85,49.7,49.85,95412,17:25,17:20,True,75989.71428571429,1.2555909822381977,0.5696428571428572
2013-08-12,49.975,50.2,49.975,50.1,128872,17:25,17:20,True,74567.71428571429,1.728254664025411,0.5946428571428574
2013-08-13,49.75,49.775,49.65,49.65,74732,17:25,17:20,True,75791.71428571429,0.9860180720847737,0.6000000000000004
2013-08-14,49.5,49.55,49.45,49.55,34144,17:25,17:20,True,76092.0,0.44871997056195134,0.616071428571429
2013-08-15,49.525,49.525,49.4,49.525,19540,17:25,17:20,True,75027.71428571429,0.2604370956256164,0.6035714285714288
2013-08-16,49.025,49.125,49.0,49.125,53228,17:25,17:20,True,71191.14285714286,0.7476772792763144,0.610714285714286
2013-08-19,49.25,49.325,49.225,49.225,37624,17:25,17:20,True,72264.85714285714,0.520640342865728,0.6142857142857149
2013-08-20,49.175,49.275,49.0,49.1,145832,17:25,17:20,True,73294.57142857143,1.9896698644608253,0.6089285714285724
2013-08-21,49.6,49.65,49.525,49.575,47864,17:25,17:20,True,79604.57142857143,0.6012720016079478,0.6142857142857154
2013-08-22,48.225,48.35,48.2,48.35,74552,17:25,17:20,True,77849.14285714286,0.957647024281394,0.6660714285714293
2013-08-23,48.45,48.45,48.25,48.325,181692,17:25,17:20,True,77730.85714285714,2.337450102551662,0.6910714285714293
2013-08-26,48.825,48.925,48.8,48.9,36992,17:25,17:20,True,88242.0,0.41921080664536164,0.716071428571429
2013-08-27,48.95,48.95,48.65,48.7,72356,17:25,17:20,True,75777.71428571429,0.9548453748180769,0.7053571428571433
2013-08-28,48.125,48.125,48.0,48.125,152316,17:25,17:20,True,75333.14285714286,2.0218989175699558,0.7285714285714293
2013-08-29,48.1,48.1,47.975,48.0,53084,17:25,17:20,True,82511.14285714286,0.6433555294696128,0.741071428571429
2013-08-30,48.375,48.375,48.275,48.3,77776,17:25,17:20,True,79487.71428571429,0.9784656748392384,0.7232142857142863
2013-09-02,48.0,48.1,47.95,48.025,65100,17:25,17:20,True,75838.0,0.8584087133099502,0.7267857142857146
2013-09-03,48.675,48.675,48.4,48.5,104856,17:25,17:20,True,75150.0,1.3952894211576847,0.7196428571428568
2013-09-04,48.75,48.775,48.725,48.725,36556,17:25,17:20,True,80200.85714285714,0.4558056023626395,0.7374999999999997
2013-09-05,49.0,49.1,48.975,49.0,54572,17:25,17:20,True,81416.28571428571,0.6702835866464063,0.7428571428571422
2013-09-06,48.825,48.875,48.8,48.8,23476,17:25,17:20,True,81512.28571428571,0.2880056643520872,0.749999999999999
2013-09-09,49.0,49.05,48.875,48.875,86220,17:25,17:20,True,80501.71428571429,1.071033092462982,0.7678571428571414
2013-09-10,49.175,49.25,49.175,49.175,103000,17:25,17:20,True,76243.71428571429,1.3509310369379395,0.7571428571428557
2013-09-11,49.5,49.5,49.35,49.45,70188,17:25,17:20,True,80182.0,0.8753585592776434,0.7196428571428558
2013-09-12,49.5,49.575,49.475,49.55,66160,17:25,17:20,True,79870.28571428571,0.8283430991679366,0.6928571428571415
2013-09-13,49.675,49.675,49.575,49.6,39400,17:25,17:20,True,71618.0,0.5501410259990506,0.6821428571428559
2013-09-16,50.05,50.2,50.025,50.125,228716,17:25,17:20,True,71790.0,3.1859033291544785,0.6553571428571416
2013-09-17,50.25,50.25,50.175,50.225,141696,17:25,17:20,True,82958.57142857143,1.7080332696182259,0.6267857142857126
2013-09-18,50.1,50.1,49.875,49.925,97616,17:25,17:20,True,82200.0,1.1875425790754257,0.6178571428571418
2013-09-19,50.675,50.675,50.55,50.625,195248,17:25,17:20,True,85380.85714285714,2.286788942318954,0.6071428571428557
2013-09-20,50.5,50.6,50.45,50.45,254752,17:25,17:20,True,93771.71428571429,2.71672542131194,0.6107142857142845
2013-09-23,50.5,50.5,50.425,50.425,47376,17:25,17:20,True,107318.28571428571,0.44145319397040583,0.5839285714285707
2013-09-24,49.875,49.975,49.875,49.95,68316,17:25,17:20,True,103212.57142857143,0.6618961145375425,0.5964285714285705
2013-09-25,50.25,50.25,50.025,50.15,68680,17:25,17:20,True,105481.14285714286,0.6511116408078357,0.5678571428571421
2013-09-26,49.75,49.8,49.6,49.6,70136,17:25,17:20,True,106488.85714285714,0.6586229008534763,0.5821428571428565
2013-09-27,49.225,49.325,49.2,49.275,86492,17:20,17:20,True,109821.71428571429,0.7875673819385185,0.5821428571428565
2013-09-30,48.75,48.75,48.525,48.6,180936,17:25,17:20,True,109841.14285714286,1.6472516153197865,0.5874999999999991
2013-10-01,48.7,48.725,48.625,48.65,112568,17:25,17:20,True,115408.0,0.9753916539581311,0.5928571428571422
2013-10-02,48.775,48.85,48.65,48.7,92144,17:25,17:20,True,118435.14285714286,0.7780123177724758,0.6142857142857133
2013-10-03,48.3,48.7,48.3,48.7,119140,17:25,17:20,True,120291.14285714286,0.990430360625055,0.6464285714285707
2013-10-04,48.975,49.0,48.95,49.0,28884,17:25,17:20,True,125986.85714285714,0.22926200918916712,0.7017857142857135
2013-10-07,48.775,48.775,48.575,48.6,97352,17:25,17:20,True,111713.14285714286,0.8714462552046568,0.7053571428571423
2013-10-08,48.55,48.6,48.5,48.55,54948,17:25,17:20,True,108545.71428571429,0.506219894185465,0.6982142857142851
2013-10-09,48.125,48.225,48.025,48.05,76300,17:25,17:20,True,105498.0,0.7232364594589471,0.6928571428571425
2013-10-10,48.625,48.9,48.625,48.8,123944,17:25,17:20,True,97001.71428571429,1.2777506141275854,0.7035714285714282
2013-10-11,49.675,49.675,49.55,49.625,102392,17:25,17:20,True,87658.28571428571,1.1680812505703968,0.7607142857142851
2013-10-15,50.35,50.475,50.35,50.425,72064,17:25,17:20,True,91588.0,0.7868279687295279,0.7714285714285712
2013-10-16,50.525,50.75,50.4,50.4,165408,17:25,17:20,True,91855.71428571429,1.800737180982597,0.8017857142857144
2013-10-17,50.925,50.925,50.55,50.575,176464,17:25,17:20,True,98764.85714285714,1.7867084011953356,0.8196428571428572
2013-10-18,51.325,51.875,51.2,51.775,255868,17:25,17:20,True,106359.71428571429,2.4056852890057727,0.8553571428571435
2013-10-21,52.475,52.475,52.35,52.375,139704,17:25,17:20,True,118458.0,1.1793547079977713,0.9017857142857147
2013-10-22,52.5,52.5,52.325,52.325,54920,17:25,17:20,True,115512.85714285714,0.4754449102759124,0.8553571428571435
2013-10-23,52.55,52.6,52.5,52.575,141676,17:25,17:20,True,111395.14285714286,1.2718328319008523,0.8732142857142868
2013-10-24,52.375,52.525,52.3,52.45,113888,17:25,17:20,True,114933.14285714286,0.9909065145948204,0.8410714285714295
2013-10-25,53.125,53.125,52.9,52.9,107816,17:25,17:20,True,114558.0,0.9411477155676601,0.8303571428571439
2013-10-28,53.05,53.25,53.05,53.15,65068,17:25,17:20,True,120196.0,0.5413491297547339,0.8232142857142867
2013-10-29,52.3,52.45,52.3,52.375,24264,17:25,17:20,True,117890.0,0.2058189837984562,0.8303571428571433
2013-10-30,52.575,52.575,52.5,52.525,38940,17:25,17:20,True,115698.28571428571,0.3365650559089652,0.8321428571428581
2013-10-31,52.4,52.45,52.375,52.375,66124,17:25,17:20,True,113029.71428571429,0.5850143072365295,0.8035714285714296
2013-11-04,52.475,52.475,52.25,52.35,166000,17:25,17:20,True,108899.71428571429,1.5243382509202437,0.7535714285714299
2013-11-05,52.55,52.55,52.4,52.4,26340,17:25,17:20,True,113443.14285714286,0.2321867971620774,0.7392857142857154
2013-11-06,52.05,52.075,52.025,52.05,49768,17:25,17:20,True,110177.14285714286,0.45170893625849284,0.7285714285714293
2013-11-07,51.75,51.825,51.575,51.6,115944,17:25,17:20,True,101917.14285714286,1.1376300075691739,0.6928571428571436
2013-11-08,51.55,51.675,51.55,51.6,32308,17:25,17:20,True,97594.28571428571,0.3310439721295158,0.6571428571428578
2013-11-11,51.775,51.925,51.775,51.875,43540,17:25,17:20,True,81625.71428571429,0.5334103398788896,0.6017857142857151
2013-11-12,51.85,51.85,51.725,51.725,45600,17:25,17:20,True,74756.85714285714,0.6099774889260039,0.6125000000000007
2013-11-13,51.2,51.2,51.025,51.1,66392,17:25,17:20,True,74091.14285714286,0.8960855162946024,0.5875000000000006
2013-11-14,51.2,51.5,51.2,51.425,182776,17:25,17:20,True,68713.71428571429,2.659963908223769,0.6035714285714293
2013-11-15,51.375,51.375,51.35,51.35,64148,17:25,17:20,True,73634.28571428571,0.8711702623001708,0.5821428571428581
2013-11-18,51.4,51.525,51.375,51.5,61728,17:25,17:20,True,70515.14285714286,0.8753864418179682,0.5767857142857155
2013-11-19,51.725,51.8,51.725,51.775,73452,17:25,17:20,True,70276.57142857143,1.045184739478306,0.5732142857142871
2013-11-20,51.775,51.95,51.775,51.925,27856,17:25,17:20,True,73790.0,0.37750372679224825,0.5714285714285724
2013-11-21,51.45,51.525,51.45,51.45,84660,17:25,17:20,True,72998.28571428571,1.1597532623075297,0.5589285714285721
2013-11-22,51.75,51.75,51.625,51.7,33052,17:25,17:20,True,74322.28571428571,0.44471183417394516,0.5553571428571432
2013-11-25,52.125,52.175,52.1,52.175,158980,17:25,17:20,True,64826.0,2.452411069632555,0.548214285714286
2013-11-26,52.525,52.65,52.5,52.575,66332,17:25,17:20,True,74300.28571428571,0.8927556517759978,0.5410714285714288
2013-11-27,52.8,52.875,52.75,52.875,55220,17:25,17:20,True,75483.42857142857,0.7315512960271319,0.5357142857142857
2013-11-28,53.25,53.3,53.225,53.3,61988,17:25,17:20,True,71146.0,0.8712787788491272,0.5357142857142857
2013-11-29,53.575,53.575,53.525,53.525,41572,17:25,17:20,True,73266.0,0.567411896377583,0.5339285714285715
2013-12-02,53.575,53.575,53.525,53.525,143168,17:25,17:20,True,73125.42857142857,1.9578415169239547,0.5249999999999996
2013-12-03,53.375,53.4,53.25,53.25,74420,17:25,17:20,True,80094.57142857143,0.9291516100609636,0.5089285714285704
2013-12-04,52.45,52.45,52.325,52.325,66164,17:25,17:20,True,80668.0,0.820201318986463,0.5464285714285703
2013-12-05,52.175,52.2,51.975,51.975,62336,17:25,17:20,True,72338.57142857143,0.8617256156565357,0.5678571428571415
2013-12-06,51.875,51.975,51.825,51.825,46652,17:25,17:20,True,72209.14285714286,0.6460677713942041,0.601785714285713
2013-12-09,52.25,52.35,52.25,52.3,61116,17:25,17:20,True,71132.28571428571,0.8591879114567226,0.6035714285714272
2013-12-10,52.5,52.5,52.4,52.4,66512,17:25,17:20,True,70251.14285714286,0.9467746330512162,0.6196428571428559
2013-12-11,51.9,51.9,51.75,51.75,72868,17:25,17:20,True,73012.28571428571,0.9980238159526968,0.6499999999999991
2013-12-12,51.6,51.6,51.5,51.525,132108,17:25,17:20,True,72170.0,1.830511292780934,0.6696428571428561
2013-12-13,51.175,51.25,51.175,51.2,42460,17:25,17:20,True,79245.42857142857,0.5358037777753742,0.6839285714285707
2013-12-16,51.2,51.2,51.0,51.0,92912,17:25,17:20,True,70922.57142857143,1.3100483827433538,0.6982142857142851
2013-12-17,51.775,51.85,51.775,51.775,72604,17:25,17:20,True,72821.14285714286,0.9970181344507483,0.7303571428571425
2013-12-18,51.7,51.775,51.7,51.75,55116,17:25,17:20,True,74062.85714285714,0.7441786899159015,0.7178571428571422
2013-12-19,52.5,52.725,52.5,52.6,313556,17:25,17:20,True,73572.0,4.2618931115098135,0.7160714285714275
2013-12-20,53.275,53.45,53.275,53.45,88824,17:25,17:20,True,92999.42857142857,0.955102642719771,0.7910714285714278
2013-12-23,53.975,54.275,53.975,54.2,184600,17:25,17:20,True,89117.71428571429,2.0714175793172434,0.826785714285714
2013-12-27,55.25,55.475,55.225,55.475,136384,17:25,17:20,True,96987.71428571429,1.4061987232550808,0.8125
2013-12-30,55.225,55.225,55.125,55.15,93592,17:25,17:20,True,102003.42857142857,0.9175377858447336,0.7946428571428571
2014-01-02,55.325,55.35,55.1,55.1,75840,17:25,17:20,True,104236.0,0.7275797229364135,0.7803571428571426
2014-01-03,54.6,54.675,54.55,54.675,93100,17:25,17:20,True,106320.85714285714,0.8756513303396994,0.7910714285714288
2014-01-07,54.4,54.475,54.4,54.45,179220,17:25,17:20,True,108605.42857142857,1.6501937551135304,0.7839285714285715
2014-01-08,54.95,54.975,54.875,54.925,83964,17:25,17:20,True,116656.0,0.7197572349471951,0.7732142857142854
2014-01-09,54.675,54.725,54.625,54.65,55904,17:25,17:20,True,117448.57142857143,0.475987058165276,0.7624999999999998
2014-01-10,54.9,55.225,54.9,55.0,64840,17:25,17:20,True,112005.42857142857,0.5789005124751607,0.7482142857142853
2014-01-13,55.425,55.45,55.4,55.425,53396,17:25,17:20,True,113604.0,0.47001866131474246,0.7535714285714283
2014-01-14,54.625,54.65,54.025,54.1,230632,17:25,17:20,True,110781.42857142857,2.0818651914322928,0.7249999999999999
2014-01-15,54.5,54.6,54.475,54.5,167044,17:25,17:20,True,122069.14285714286,1.3684375599777177,0.7589285714285714
2014-01-16,54.625,54.775,54.625,54.725,46560,17:25,17:20,True,130064.0,0.35797761102226594,0.7589285714285714
2014-01-17,54.425,54.65,54.425,54.575,116008,17:25,17:20,True,110992.85714285714,1.0451843747988931,0.6839285714285717
2014-01-20,55.0,55.025,54.975,55.0,48804,17:25,17:20,True,112934.57142857143,0.43214402270847085,0.6803571428571432
2014-01-21,55.0,55.225,55.0,55.2,66168,17:25,17:20,True,103234.85714285714,0.640946302743813,0.6357142857142861
2014-01-22,55.3,55.3,55.125,55.175,103984,17:25,17:20,True,98219.42857142857,1.0586907449209932,0.6125000000000002
2014-01-23,55.425,55.45,55.275,55.35,93680,17:25,17:20,True,98961.71428571429,0.9466287106702158,0.6053571428571429
2014-01-24,54.5,54.65,54.5,54.65,95256,17:25,17:20,True,100236.0,0.9503172512869628,0.6285714285714283
2014-01-27,53.25,53.3,53.175,53.2,112416,17:25,17:20,True,100390.0,1.1197928080486104,0.6875
2014-01-28,53.425,53.45,53.35,53.4,133300,17:25,17:20,True,95618.28571428571,1.3940848134248083,0.7196428571428574
2014-01-29,54.075,54.125,54.025,54.1,60940,17:25,17:20,True,99142.28571428571,0.6146721306751047,0.7535714285714289
2014-01-30,53.125,53.15,53.0,53.075,82848,17:25,17:20,True,99502.0,0.8326264798697514,0.8071428571428575
2014-01-31,53.225,53.275,53.125,53.125,68380,17:25,17:20,True,100788.28571428571,0.6784518609022023,0.7839285714285715
2014-02-03,53.0,53.1,52.75,53.1,67720,17:25,17:20,True,101858.57142857143,0.6648434103308508,0.8017857142857144
2014-02-04,51.5,51.525,51.25,51.25,244520,17:25,17:20,True,90222.0,2.7102037197135953,0.8142857142857147
2014-02-05,52.075,52.2,52.0,52.125,110472,17:25,17:20,True,95756.0,1.153682275784285,0.8500000000000004
2014-02-06,53.9,53.975,53.85,53.925,132608,17:25,17:20,True,100321.14285714286,1.3218350212460555,0.9928571428571432
2014-02-07,54.525,54.55,54.25,54.25,80172,17:25,17:20,True,101506.85714285714,0.7898185625742384,0.9892857142857144
2014-02-10,54.5,54.5,54.3,54.3,107824,17:25,17:20,True,103747.42857142857,1.0392932286101413,1.0035714285714283
2014-02-11,54.45,54.5,54.425,54.475,59236,17:25,17:20,True,106722.85714285714,0.5550451101651809,1.0124999999999997
2014-02-12,55.375,55.425,55.325,55.425,57692,17:25,17:20,True,103526.57142857143,0.5572675613990059,1.0553571428571427
2014-02-13,55.275,55.3,55.075,55.075,51048,17:25,17:20,True,100956.0,0.50564602401046,1.0
2014-02-14,55.3,55.45,55.3,55.3,56240,17:25,17:20,True,97798.28571428571,0.5750612046953788,0.9571428571428571
2014-02-17,55.25,55.325,55.25,55.325,57104,17:25,17:20,True,93785.71428571429,0.6088773800456968,0.9107142857142857
2014-02-18,55.6,55.6,55.5,55.575,77392,17:25,17:20,True,88343.14285714286,0.8760385639115009,0.8714285714285711
2014-02-19,54.675,54.675,54.55,54.55,154404,17:25,17:20,True,89518.28571428571,1.72483195771654,0.8589285714285714
2014-02-20,54.65,54.725,54.525,54.625,99708,17:25,17:20,True,94629.42857142857,1.0536679921377525,0.8714285714285711
2014-02-21,55.225,55.475,55.225,55.475,54676,17:25,17:20,True,96867.14285714286,0.564443199079741,0.8714285714285711
2014-02-24,55.4,55.475,55.3,55.325,135420,17:25,17:20,True,95935.42857142857,1.4115744518634559,0.821428571428571
2014-02-25,56.25,56.25,56.075,56.125,90992,17:25,17:20,True,88142.57142857143,1.0323274953889638,0.8285714285714282
2014-02-26,56.6,56.6,56.475,56.475,43896,17:25,17:20,True,86751.14285714286,0.5059990975829055,0.7017857142857135
2014-02-27,56.525,56.675,56.525,56.625,68240,17:25,17:20,True,80414.57142857143,0.8486024210253293,0.6749999999999992
2014-02-28,56.8,56.875,56.7,56.775,40136,17:25,17:20,True,79562.28571428571,0.5044601175000359,0.6678571428571425
2014-03-03,55.925,56.075,55.6,55.625,267560,17:25,17:20,True,74727.42857142857,3.5804791508950626,0.6857142857142858
2014-03-04,55.25,55.25,55.15,55.25,363648,17:25,17:20,True,89607.71428571429,4.05822202807794,0.7624999999999998
2014-03-05,56.475,56.475,56.25,56.325,91244,17:25,17:20,True,111461.71428571429,0.8186129253862954,0.8392857142857137
2014-03-06,56.45,56.725,56.45,56.725,91632,17:25,17:20,True,114332.85714285714,0.8014494021216249,0.8017857142857139
2014-03-07,56.45,56.625,56.45,56.575,46372,17:25,17:20,True,116860.85714285714,0.39681379320461696,0.8178571428571425
2014-03-10,56.175,56.2,55.95,56.2,89272,17:25,17:20,True,116094.28571428571,0.7689611891812074,0.8410714285714285
2014-03-11,56.325,56.45,56.325,56.375,81712,17:25,17:20,True,116942.85714285714,0.6987344246274126,0.8107142857142853
2014-03-12,56.075,56.075,56.0,56.0,37448,17:25,17:20,True,111750.57142857143,0.3351034318776254,0.8053571428571428
2014-03-13,55.675,55.75,55.65,55.65,30204,17:25,17:20,True,107303.42857142857,0.281482152081414,0.8142857142857142
2014-03-14,54.775,54.9,54.625,54.65,151436,17:25,17:20,True,105555.42857142857,1.4346585680103074,0.8321428571428571
2014-03-17,54.7,54.725,54.625,54.625,38756,17:25,17:20,True,106699.42857142857,0.3632259377476918,0.8339285714285712
2014-03-18,55.75,55.75,55.7,55.75,57128,17:25,17:20,True,102968.28571428571,0.5548116063475855,0.8892857142857145
2014-03-19,56.0,56.125,55.9,55.975,52252,17:25,17:20,True,103913.42857142857,0.5028416511546699,0.9178571428571429
2014-03-20,55.95,55.975,55.85,55.95,81512,17:25,17:20,True,102771.42857142857,0.7931387267167084,0.9303571428571428
2014-03-21,56.3,56.425,56.3,56.35,134436,17:25,17:20,True,105726.85714285714,1.2715406816486687,0.9196428571428567
2014-03-24,56.725,56.825,56.675,56.825,151864,17:25,17:20,True,96218.0,1.578332536531626,0.8214285714285714
2014-03-25,56.325,56.5,56.325,56.475,47044,17:25,17:20,True,81090.57142857143,0.5801414291603392,0.7642857142857145
2014-03-26,56.75,57.05,56.75,56.9,71540,17:25,17:20,True,77933.42857142857,0.9179629500636075,0.7767857142857147
2014-03-27,57.025,57.15,57.0,57.025,57180,17:25,17:20,True,76498.28571428571,0.747467730369308,0.7803571428571432
2014-03-28,57.475,57.65,57.425,57.625,85624,17:25,17:20,True,77270.28571428571,1.1081103066785976,0.7500000000000006
2014-03-31,57.875,57.975,57.85,57.925,71184,17:25,17:20,True,77009.71428571429,0.9243509167674578,0.7357142857142865
2014-04-01,58.6,58.8,58.6,58.8,120644,17:25,17:20,True,76257.71428571429,1.5820563352841117,0.7785714285714295
2014-04-02,59.85,59.95,59.8,59.875,132336,17:25,17:20,True,82200.28571428571,1.6099214114653755,0.8267857142857155
2014-04-03,59.275,59.525,59.275,59.4,104128,17:25,17:20,True,89495.42857142857,1.16350076939285,0.8392857142857153
2014-04-04,59.1,59.25,59.1,59.225,61108,17:25,17:20,True,86116.28571428571,0.7095986490028434,0.8035714285714296
2014-04-07,58.75,58.9,58.725,58.8,138668,17:25,17:20,True,87712.85714285714,1.5809312855258228,0.7357142857142865
2014-04-08,58.75,58.825,58.65,58.825,77060,17:25,17:20,True,93537.14285714286,0.8238438511821126,0.7232142857142863
2014-04-09,58.775,58.875,58.775,58.825,67908,17:25,17:20,True,95309.14285714286,0.7125024731550264,0.7125000000000006
2014-04-10,59.75,59.875,59.75,59.825,62496,17:25,17:20,True,94337.42857142857,0.6624730072293682,0.7250000000000009
2014-04-11,58.95,59.0,58.825,58.875,175592,17:25,17:20,True,89198.85714285714,1.9685454009660597,0.7142857142857153
2014-04-14,58.45,58.675,58.325,58.5,446040,17:25,17:20,True,90893.71428571429,4.90727002967359,0.7607142857142871
2014-04-15,58.8,58.85,58.75,58.775,95484,17:25,17:20,True,119393.42857142857,0.7997425079628695,0.8107142857142868
2014-04-16,58.15,58.275,58.15,58.275,84168,17:25,17:20,True,121103.71428571429,0.6950075849979828,0.8482142857142873
2014-04-22,59.8,60.0,59.7,59.875,268528,17:25,17:20,True,123031.42857142857,2.1825967813102345,0.889285714285716
2014-04-23,60.5,60.525,60.2,60.425,109504,17:25,17:20,True,136096.0,0.8046085116388432,1.0017857142857156
2014-04-24,60.375,60.475,60.35,60.4,52836,17:25,17:20,True,138833.14285714287,0.38057195070752964,0.9642857142857159
2014-04-25,60.625,60.65,60.6,60.6,72044,17:25,17:20,True,133989.7142857143,0.5376830630922629,0.9321428571428579
2014-04-28,61.375,61.775,61.375,61.7,277512,17:25,17:20,True,129683.14285714286,2.1399234618003002,0.9142857142857151
2014-04-29,62.15,62.45,62.15,62.325,119336,17:25,17:20,True,142067.7142857143,0.8399938057706888,0.9982142857142868
2014-05-02,62.85,62.9,62.675,62.7,246020,17:25,17:20,True,146226.85714285713,1.6824542687096764,1.0214285714285727
2014-05-05,62.8,62.85,62.75,62.8,44708,17:25,17:20,True,153894.85714285713,0.29051003282389465,1.0446428571428592
2014-05-06,63.45,63.7,63.45,63.5,76452,17:25,17:20,True,151584.0,0.5043540215326155,1.0803571428571448
2014-05-07,61.425,61.425,61.175,61.225,331460,17:25,17:20,True,152194.2857142857,2.1778741458286404,1.082142857142859
2014-05-08,60.925,61.15,60.925,61.125,61556,17:25,17:20,True,171406.0,0.35912395132025715,1.2410714285714302
2014-05-09,62.275,62.325,62.15,62.25,44240,17:25,17:20,True,163260.57142857142,0.2709778583578924,1.2732142857142865
2014-05-12,62.3,62.4,62.2,62.35,69124,17:25,17:20,True,134560.57142857142,0.5137017423911059,1.239285714285715
2014-05-13,62.525,62.725,62.525,62.725,68428,17:25,17:20,True,132677.7142857143,0.5157459967439897,1.1982142857142861
2014-05-14,63.575,63.575,63.475,63.5,42852,17:25,17:20,True,131553.42857142858,0.325738374631057,1.1999999999999997
2014-05-15,63.325,63.35,63.0,63.0,90144,17:25,17:20,True,115433.71428571429,0.7809157017756634,1.0964285714285715
2014-05-16,63.2,63.2,62.975,63.1,145568,17:25,17:20,True,114050.85714285714,1.2763428846279103,1.1053571428571425
2014-05-19,63.125,63.25,62.75,62.95,485568,17:25,17:20,True,120674.57142857143,4.023780604743336,1.0714285714285714
2014-05-20,63.425,63.5,63.4,63.5,116608,17:25,17:20,True,150212.0,0.7762895108247011,1.130357142857143
2014-05-21,63.5,63.675,63.45,63.625,111744,17:25,17:20,True,138718.85714285713,0.8055429687178178,1.057142857142857
2014-05-22,64.275,64.475,64.275,64.475,62620,17:25,17:20,True,138176.57142857142,0.45318826015574276,1.0839285714285711
2014-05-23,64.225,64.225,64.125,64.15,27284,17:25,17:20,True,125076.57142857143,0.2181383746642057,1.062499999999999
2014-05-26,64.725,64.95,64.725,64.95,84556,17:25,17:20,True,123832.0,0.6828283480845015,1.0517857142857134
2014-05-27,64.65,64.65,64.55,64.6,57504,17:25,17:20,True,124410.85714285714,0.46221046394664683,1.0267857142857133
2014-05-30,65.125,65.325,65.025,65.325,145640,17:25,17:20,True,104842.57142857143,1.389130369615396,0.8857142857142846
2014-06-02,65.875,65.875,65.775,65.85,77344,17:25,17:20,True,110848.57142857143,0.6977446709797149,0.8535714285714272
2014-06-03,65.025,65.075,64.95,65.0,86312,17:25,17:20,True,113213.14285714286,0.7623849830660752,0.8785714285714269
2014-06-04,64.75,64.775,64.625,64.775,46996,17:25,17:20,True,114440.85714285714,0.4106575323997673,0.8821428571428557
2014-06-05,65.175,65.175,65.1,65.1,36956,17:25,17:20,True,112910.0,0.32730493313258346,0.8553571428571415
2014-06-09,65.5,65.775,65.4,65.75,631812,17:25,17:20,True,112488.85714285714,5.616662983762201,0.8499999999999979
2014-06-10,65.475,65.675,65.45,65.5,175708,17:25,17:20,True,151179.42857142858,1.16224807607989,0.8874999999999987
2014-06-11,65.475,65.5,65.375,65.4,112500,17:25,17:20,True,153332.2857142857,0.7337006650355996,0.889285714285713
2014-06-12,65.4,65.4,65.275,65.35,52328,17:25,17:20,True,126684.57142857143,0.41305740241229055,0.8374999999999986
2014-06-13,64.95,64.95,64.9,64.95,34108,17:25,17:20,True,122093.14285714286,0.27936048824550813,0.8321428571428561
2014-06-16,64.525,64.55,64.4,64.45,74656,17:25,17:20,True,116547.71428571429,0.6405616828913725,0.826785714285713
2014-06-17,63.875,63.9,63.775,63.9,69136,17:25,17:20,True,117407.42857142857,0.5888554143568429,0.8857142857142846
2014-06-18,63.8,63.85,63.775,63.825,47856,17:25,17:20,True,120396.85714285714,0.39748545880409786,0.8874999999999983
2014-06-19,63.525,63.8,63.525,63.8,76380,17:25,17:20,True,117775.42857142857,0.6485223694488785,0.9303571428571408
2014-06-23,63.75,63.75,63.25,63.375,428016,17:25,17:20,True,119123.71428571429,3.593037730282803,0.9321428571428554
2014-06-24,63.9,63.9,63.725,63.85,102148,17:25,17:20,True,139293.42857142858,0.7333296412301267,0.8928571428571418
2014-06-25,63.225,63.3,63.125,63.275,54032,17:25,17:20,True,141065.14285714287,0.3830287121654028,0.8732142857142848
2014-06-26,62.9,62.925,62.75,62.925,38100,17:25,17:20,True,138759.42857142858,0.2745759361526012,0.9053571428571416
2014-06-27,62.05,62.075,61.275,61.7,585628,17:25,17:20,True,138124.0,4.239871419883583,0.9196428571428561
2014-06-30,63.25,63.3,63.175,63.25,81764,17:25,17:20,True,177314.85714285713,0.46112323195864663,1.008928571428571
2014-07-01,62.7,62.875,62.7,62.725,106904,17:25,17:20,True,138025.7142857143,0.7745223457326792,0.9714285714285705
2014-07-02,63.3,63.525,63.3,63.475,85780,17:25,17:20,True,133111.14285714287,0.6444238863763686,1.017857142857142
2014-07-03,63.425,63.55,63.425,63.45,68576,17:25,17:20,True,131202.57142857142,0.5226726828089171,1.0107142857142846
2014-07-04,65.1,65.1,64.8,64.85,95020,17:25,17:20,True,132363.14285714287,0.717873555651012,1.1142857142857128
2014-07-07,64.475,64.475,64.275,64.375,68092,17:25,17:20,True,136714.0,0.4980616469417909,1.0857142857142843
2014-07-08,63.975,64.05,63.925,63.975,33440,17:25,17:20,True,136245.14285714287,0.2454399422888994,1.0410714285714278
2014-07-09,63.125,63.2,63.1,63.1,76468,17:25,17:20,True,133695.42857142858,0.5719567289404061,1.0339285714285704
2014-07-10,62.975,62.975,62.75,62.75,33860,17:25,17:20,True,135739.14285714287,0.24944904827957826,1.014285714285714
2014-07-11,61.8,61.85,61.675,61.8,74816,17:25,17:20,True,132702.0,0.5637895434884177,1.0428571428571425
2014-07-14,62.15,62.25,62.125,62.2,170148,17:25,17:20,True,107473.42857142857,1.5831634131492969,1.0499999999999992
2014-07-15,62.875,62.875,62.675,62.7,89928,17:25,17:20,True,112330.57142857143,0.8005656773248345,1.0857142857142854
2014-07-16,62.675,62.8,62.675,62.8,60720,17:25,17:20,True,114894.57142857143,0.52848449883247,1.071428571428571
2014-07-17,63.25,63.925,63.25,63.575,124888,17:25,17:20,True,116510.28571428571,1.0719053621262133,1.091071428571428
2014-07-18,62.75,62.775,62.225,62.3,93880,17:25,17:20,True,83600.28571428571,1.122962669300515,1.0464285714285708
2014-07-21,62.975,63.025,62.925,62.975,53336,17:25,17:20,True,84465.71428571429,0.6314514765077969,1.0624999999999996
2014-07-22,62.875,63.125,62.85,63.0,62724,17:25,17:20,True,80639.42857142857,0.7778328928067801,1.0410714285714282
2014-07-23,62.775,62.925,62.625,62.75,66952,17:25,17:20,True,78992.57142857143,0.8475733703711741,1.0553571428571427
2014-07-24,63.0,63.125,62.975,63.1,94512,17:25,17:20,True,78876.57142857143,1.1982265238999086,0.9500000000000003
2014-07-25,63.05,63.1,63.025,63.1,38804,17:25,17:20,True,78840.28571428571,0.4921849235887382,0.9339285714285717
2014-07-28,63.5,63.625,63.4,63.625,80896,17:25,17:20,True,76748.28571428571,1.054043087048943,0.9089285714285715
2014-07-29,63.55,63.6,63.5,63.5,28164,17:25,17:20,True,80138.0,0.3514437595148369,0.9000000000000001
2014-07-30,63.475,63.475,63.325,63.425,22760,17:25,17:20,True,76687.71428571429,0.29678808674885526,0.875
2014-07-31,63.375,63.375,63.2,63.275,20616,17:25,17:20,True,75894.85714285714,0.2716389591615468,0.8160714285714289
2014-08-01,62.25,62.525,62.25,62.5,91080,17:25,17:20,True,72023.42857142857,1.264588506914417,0.8375000000000006
2014-08-04,61.725,61.875,61.625,61.65,114420,17:25,17:20,True,66375.71428571429,1.7238232572154186,0.8678571428571432
2014-08-05,61.5,61.85,61.475,61.725,75012,17:25,17:20,True,68125.14285714286,1.1010912690091346,0.8714285714285717
2014-08-06,61.2,61.2,60.875,60.925,133636,17:25,17:20,True,69146.0,1.9326642177421687,0.8535714285714288
2014-08-07,59.925,60.0,59.875,59.925,76060,17:25,17:20,True,69770.85714285714,1.0901399683863093,0.8821428571428578
2014-08-08,58.875,58.875,58.425,58.575,147932,17:25,17:20,True,68498.0,2.1596542964758094,0.8750000000000006
2014-08-11,59.875,60.075,59.7,60.05,191004,17:25,17:20,True,75254.85714285714,2.5380953104118573,0.8732142857142858
2014-08-12,59.95,60.0,59.7,59.7,89736,17:25,17:20,True,84417.71428571429,1.062999641239821,0.8803571428571431
2014-08-13,60.175,60.65,60.075,60.525,143416,17:25,17:20,True,86045.14285714286,1.6667530000863335,0.8696428571428575
2014-08-14,60.65,60.7,60.375,60.575,66724,17:25,17:20,True,89538.28571428571,0.7452007760447247,0.9321428571428579
2014-08-15,60.55,60.675,60.525,60.65,56144,17:25,17:20,True,91532.57142857143,0.6133772833402005,0.9410714285714293
2014-08-18,60.95,61.0,60.825,60.85,50016,17:25,17:20,True,89764.57142857143,0.5571908739050723,0.9553571428571443
2014-08-19,61.425,61.425,61.25,61.275,82944,17:25,17:20,True,91325.42857142857,0.9082245908665714,0.9892857142857159
2014-08-20,61.4,61.575,61.375,61.575,69004,17:25,17:20,True,95624.28571428571,0.7216158477374248,0.9714285714285725
2014-08-21,61.775,61.8,61.7,61.8,142360,17:25,17:20,True,99080.57142857143,1.4368104457555466,0.9285714285714296
2014-08-22,62.875,63.0,62.8,62.875,75732,17:25,17:20,True,102743.42857142857,0.7370982363835574,0.898214285714287
2014-08-25,63.55,63.65,63.5,63.55,240616,17:25,17:20,True,99980.0,2.406641328265653,0.8732142857142874
2014-08-26,63.85,63.95,63.775,63.775,85012,17:25,17:20,True,111808.85714285714,0.7603333239636011,0.8982142857142874
2014-08-27,64.575,64.6,64.475,64.525,95516,17:25,17:20,True,108335.71428571429,0.8816667765543614,0.84107142857143
2014-08-28,64.7,64.725,64.6,64.65,83044,17:25,17:20,True,109725.42857142857,0.7568345923200509,0.8017857142857159
2014-08-29,64.125,64.425,64.125,64.375,77756,17:25,17:20,True,105090.57142857143,0.739895110883945,0.8089285714285731
2014-09-01,64.8,64.875,64.675,64.8,161996,17:25,17:20,True,97001.42857142857,1.670037260128717,0.7910714285714303
2014-09-02,64.625,64.8,64.625,64.7,94032,17:25,17:20,True,102162.85714285714,0.9204127863075762,0.8053571428571448
2014-09-03,64.75,64.825,64.725,64.725,88432,17:25,17:20,True,98635.42857142857,0.8965541213820593,0.7607142857142877
2014-09-04,65.0,65.0,64.8,64.825,69372,17:25,17:20,True,100186.0,0.6924320763380113,0.7589285714285724
2014-09-05,64.675,64.7,64.6,64.65,54600,17:25,17:20,True,101130.85714285714,0.5398945637618022,0.7428571428571438
2014-09-08,63.725,63.825,63.7,63.75,72408,17:25,17:20,True,101458.28571428571,0.7136726142200595,0.7607142857142867
2014-09-09,63.5,63.625,63.35,63.375,76472,17:25,17:20,True,100705.71428571429,0.7593610803756348,0.773214285714287
2014-09-10,62.75,62.825,62.75,62.75,32168,17:25,17:20,True,101239.14285714286,0.3177427138571473,0.7928571428571439
2014-09-11,63.125,63.25,63.125,63.2,39364,17:25,17:20,True,93368.28571428571,0.42159925823696637,0.7589285714285724
2014-09-12,62.95,63.1,62.95,63.075,64068,17:25,17:20,True,90770.57142857143,0.705823473309474,0.7642857142857155
2014-09-15,62.5,62.75,62.2,62.2,210752,17:25,17:20,True,78160.0,2.696417604912999,0.710714285714287
2014-09-16,62.7,62.7,62.525,62.525,70460,17:25,17:20,True,87141.42857142857,0.8085706323054477,0.7142857142857153
2014-09-17,62.8,62.825,62.675,62.825,46684,17:25,17:20,True,85351.71428571429,0.5469603087727755,0.7214285714285721
2014-09-18,63.025,63.125,62.95,63.125,145280,17:25,17:20,True,82754.57142857143,1.7555525633456588,0.6928571428571436
2014-09-19,64.2,64.2,64.0,64.125,71348,17:25,17:20,True,87577.71428571429,0.8146821435329274,0.7053571428571433
2014-09-22,63.725,63.725,63.525,63.525,100728,17:25,17:20,True,81102.85714285714,1.2419784400760938,0.6999999999999998
2014-09-23,64.175,64.225,64.1,64.1,76372,17:25,17:20,True,81581.14285714286,0.9361477092045081,0.701785714285714
2014-09-24,64.025,64.2,64.025,64.2,74708,17:25,17:20,True,80719.71428571429,0.9255235931034727,0.6910714285714289
2014-09-25,64.25,64.45,64.2,64.45,111524,17:25,17:20,True,81100.85714285714,1.3751272665781231,0.6821428571428575
2014-09-26,63.625,63.725,63.6,63.65,94616,17:25,17:20,True,85166.85714285714,1.110948591672146,0.6732142857142855
2014-09-29,64.175,64.35,64.175,64.225,96560,17:25,17:20,True,86753.14285714286,1.1130432491535918,0.6839285714285711
2014-09-30,63.825,64.075,63.825,64.075,41132,17:25,17:20,True,88188.0,0.46641266385449265,0.6892857142857142
2014-10-01,63.575,63.65,63.525,63.525,49248,17:25,17:20,True,88828.28571428571,0.554417994268235,0.6821428571428569
2014-10-02,63.15,63.3,63.125,63.15,152368,17:25,17:20,True,89534.28571428571,1.7017838338066822,0.6874999999999994
2014-10-03,61.925,61.925,61.625,61.9,130700,17:25,17:20,True,95841.42857142857,1.3637108915023328,0.7999999999999992
2014-10-06,62.375,62.6,62.375,62.475,58384,17:25,17:20,True,90123.42857142857,0.647822668594182,0.7928571428571419
2014-10-07,61.625,61.65,61.325,61.375,88420,17:25,17:20,True,89260.85714285714,0.9905797774100309,0.8357142857142849
2014-10-08,60.0,60.175,59.8,59.85,202748,17:25,17:20,True,92242.0,2.198000910648078,0.8892857142857135
2014-10-09,60.9,61.0,60.8,60.875,269788,17:25,17:20,True,96346.85714285714,2.8001743699846386,0.8857142857142846
2014-10-10,59.05,59.2,58.9,59.05,204052,17:25,17:20,True,110521.14285714286,1.8462711724194982,0.9892857142857133
2014-10-13,57.95,57.95,57.75,57.925,207268,17:25,17:20,True,117901.42857142857,1.7579770025808485,1.0482142857142844
2014-10-14,57.5,57.725,57.5,57.725,120188,17:25,17:20,True,127251.14285714286,0.9444944642652662,1.1089285714285704
2014-10-15,58.15,58.175,57.675,57.725,122416,17:25,17:20,True,130499.71428571429,0.9380556936085246,1.144642857142856
2014-10-16,56.275,56.725,56.2,56.7,300180,17:25,17:20,True,131277.7142857143,2.2866028833095378,1.2089285714285707
2014-10-17,56.2,56.225,55.95,56.125,157292,17:25,17:20,True,145960.85714285713,1.077631380624551,1.3214285714285705
2014-10-20,57.925,58.0,57.575,57.6,239668,17:25,17:20,True,150298.85714285713,1.5946095968793605,1.4107142857142847
2014-10-21,57.475,57.625,57.45,57.6,132480,17:25,17:20,True,164480.0,0.8054474708171206,1.462499999999999
2014-10-22,58.75,59.075,58.75,58.8,127352,17:25,17:20,True,170425.14285714287,0.7472606322340097,1.4696428571428564
2014-10-23,60.425,60.425,59.6,60.1,494680,17:25,17:20,True,168638.2857142857,2.933378964952883,1.4392857142857136
2014-10-24,61.775,61.775,61.65,61.7,235936,17:25,17:20,True,194636.85714285713,1.2121856233366461,1.533928571428571
2014-10-27,62.375,62.375,61.975,62.275,287272,17:25,17:20,True,207319.14285714287,1.3856511079536449,1.516071428571428
2014-10-28,62.35,62.525,62.325,62.475,123064,17:25,17:20,True,221522.85714285713,0.5555363522629074,1.4999999999999996
2014-10-29,63.525,63.675,63.5,63.575,139192,17:25,17:20,True,215831.14285714287,0.6449115644637541,1.5250000000000001
2014-10-30,64.4,64.4,63.925,64.35,357904,17:25,17:20,True,206502.85714285713,1.733167303115834,1.4499999999999997
2014-11-03,66.0,66.025,65.675,65.675,378160,17:25,17:20,True,217492.2857142857,1.738728335849022,1.4392857142857143
2014-11-04,65.275,65.475,65.25,65.475,155544,17:25,17:20,True,229698.85714285713,0.677164884208641,1.4482142857142861
2014-11-05,65.75,65.95,65.75,65.95,158420,17:25,17:20,True,232224.2857142857,0.6821853257626556,1.437500000000001
2014-11-06,66.325,66.525,66.325,66.4,161124,17:25,17:20,True,234796.0,0.6862297483773148,1.3839285714285718
2014-11-07,66.525,66.8,66.525,66.7,56320,17:25,17:20,True,224863.42857142858,0.2504631382604298,1.31607142857143
2014-11-10,66.25,66.25,66.025,66.075,120936,17:25,17:20,True,217651.14285714287,0.5556414655694105,1.2285714285714302
2014-11-11,66.95,67.2,66.85,67.1,354216,17:25,17:20,True,209170.2857142857,1.6934336480461578,1.1982142857142872
2014-11-12,67.15,67.25,67.025,67.025,112416,17:25,17:20,True,225008.57142857142,0.49960763399489544,1.1982142857142866
2014-11-13,66.55,66.875,66.55,66.7,94828,17:25,17:20,True,223941.7142857143,0.42344946899448327,1.169642857142858
2014-11-14,67.2,67.225,67.1,67.1,49696,17:25,17:20,True,195380.85714285713,0.25435449883231726,1.0678571428571446
2014-11-17,66.45,66.45,66.3,66.325,162540,17:25,17:20,True,182078.0,0.8926943397884424,1.062500000000002
2014-11-18,66.925,66.925,66.75,66.775,83732,17:25,17:20,True,173168.57142857142,0.48352884885083075,1.0303571428571447
2014-11-19,68.0,68.125,67.85,68.125,161012,17:25,17:20,True,170359.14285714287,0.9451327196158703,1.0285714285714305
2014-11-20,67.825,67.95,67.825,67.95,131768,17:25,17:20,True,171917.7142857143,0.7664597016512883,0.9910714285714312
2014-11-21,67.425,67.675,67.425,67.675,100556,17:25,17:20,True,155765.14285714287,0.6455616330813055,0.9678571428571446
2014-11-24,68.45,68.725,68.45,68.65,115644,17:25,17:20,True,135936.2857142857,0.8507220819837865,0.9357142857142874
2014-11-25,69.425,69.55,69.4,69.55,112168,17:25,17:20,True,133086.2857142857,0.842821628073731,0.9392857142857157
2014-11-26,70.125,70.225,69.975,70.225,100684,17:25,17:20,True,129782.57142857143,0.7757898375084482,0.9142857142857161
2014-11-27,69.75,69.9,69.75,69.85,62872,17:25,17:20,True,125465.42857142857,0.5011101521420813,0.898214285714287
2014-11-28,70.15,70.175,70.075,70.175,57744,17:25,17:20,True,125933.42857142857,0.4585279750979543,0.8892857142857155
2014-12-01,69.825,69.825,69.625,69.75,191820,17:25,17:20,True,121419.71428571429,1.5798093507997053,0.875000000000001
2014-12-02,69.8,69.825,69.65,69.675,65408,17:25,17:20,True,109820.0,0.5955927881988708,0.9000000000000016
2014-12-03,69.375,69.65,69.375,69.6,78052,17:25,17:20,True,106462.28571428571,0.733142252923906,0.875000000000002
2014-12-04,70.45,70.625,70.4,70.6,57692,17:25,17:20,True,105264.0,0.5480696154430764,0.9000000000000016
2014-12-05,69.925,69.925,69.75,69.825,87364,17:25,17:20,True,105835.14285714286,0.8254725003576991,0.9571428571428585
2014-12-08,70.8,70.9,70.7,70.7,103196,17:25,17:20,True,100465.42857142857,1.0271792144561456,1.0392857142857161
2014-12-09,70.075,70.225,70.075,70.2,132688,17:25,17:20,True,101855.71428571429,1.3027055077911331,0.9982142857142863
2014-12-10,69.625,69.925,69.625,69.925,60888,17:25,17:20,True,99832.57142857143,0.6099011487805297,1.0732142857142861
2014-12-11,69.325,69.475,69.275,69.45,106728,17:25,17:20,True,94769.71428571429,1.126182565858894,1.1178571428571433
2014-12-12,69.2,69.225,69.025,69.1,141852,17:25,17:20,True,95210.57142857143,1.4898765743299813,1.0999999999999994
2014-12-15,67.65,67.85,67.275,67.425,160112,17:25,17:20,True,97082.57142857143,1.6492352607059086,1.148214285714285
2014-12-16,67.175,67.375,67.15,67.225,77720,17:25,17:20,True,100507.14285714286,0.7732783739606283,1.1803571428571422
2014-12-17,67.45,67.45,67.075,67.175,88408,17:25,17:20,True,98866.85714285714,0.894212707421814,1.2196428571428564
2014-12-18,68.625,68.675,68.275,68.5,213812,17:25,17:20,True,100690.85714285714,2.123449994041167,1.2196428571428553
2014-12-19,70.5,70.575,70.425,70.5,110712,17:25,17:20,True,111838.57142857143,0.9899268077714052,1.3321428571428555
2014-12-22,70.5,70.55,70.375,70.55,103220,17:25,17:20,True,106045.14285714286,0.9733590546344145,1.3374999999999986
2014-12-23,70.875,70.875,70.725,70.725,45368,17:25,17:20,True,108746.0,0.417192356500469,1.3714285714285697
2014-12-29,71.3,71.575,71.3,71.475,85880,17:25,17:20,True,106411.42857142857,0.8070561701213619,1.3374999999999975
2014-12-30,71.975,71.975,71.5,71.5,89060,17:25,17:20,True,108424.85714285714,0.821398361472198,1.2928571428571394
2015-01-02,71.425,71.55,71.325,71.55,70100,17:25,17:20,True,108546.0,0.645809150037772,1.232142857142853
2015-01-07,69.55,69.6,67.5,68.8,810252,17:25,17:20,True,106182.0,7.6307848787930155,1.2357142857142824
2015-01-08,69.2,69.25,69.0,69.1,240836,17:25,17:20,True,154579.42857142858,1.5580080883059655,1.3964285714285682
2015-01-09,69.225,69.25,69.075,69.075,135460,17:25,17:20,True,167432.85714285713,0.8090407242135441,1.3624999999999972
2015-01-12,69.575,69.575,69.225,69.225,153420,17:25,17:20,True,169485.14285714287,0.9052120877009024,1.4339285714285697
2015-01-13,68.95,69.225,68.875,69.225,104680,17:25,17:20,True,170311.42857142858,0.6146387290509822,1.4071428571428544
2015-01-14,69.575,69.85,69.35,69.75,205268,17:25,17:20,True,166352.0,1.2339376743291335,1.403571428571426
2015-01-15,68.525,69.1,68.525,68.875,134428,17:25,17:20,True,175462.57142857142,0.7661349021932232,1.4285714285714266
2015-01-16,68.875,68.925,68.825,68.925,121484,17:25,17:20,True,178749.7142857143,0.6796318555554135,1.5499999999999983
2015-01-19,69.4,69.475,69.275,69.275,112464,17:25,17:20,True,172154.85714285713,0.6532723030095828,1.47142857142857
2015-01-20,69.5,69.8,69.5,69.8,86788,17:25,17:20,True,172280.0,0.5037613187833759,1.4392857142857127
2015-01-21,70.025,70.2,69.975,70.2,93544,17:25,17:20,True,171106.2857142857,0.546701131460479,1.4196428571428552
2015-01-22,71.35,71.475,71.125,71.475,243196,17:25,17:20,True,174547.42857142858,1.393294659167545,1.4678571428571416
2015-01-23,72.925,73.075,72.75,72.85,448432,17:25,17:20,True,185784.2857142857,2.413724057855116,1.5482142857142855
2015-01-26,73.075,73.075,72.925,72.925,125112,17:25,17:20,True,211453.7142857143,0.5916755845250835,1.5553571428571433
2015-01-27,74.5,74.5,74.4,74.475,62064,17:25,17:20,True,215383.14285714287,0.2881562557621567,1.6571428571428573
2015-01-28,74.525,74.575,74.275,74.475,158864,17:25,17:20,True,161941.14285714287,0.9809983874211794,1.4732142857142867
2015-01-29,74.925,74.975,74.8,74.9,82984,17:25,17:20,True,156086.0,0.5316556257447818,1.4892857142857159
2015-01-30,76.075,76.25,75.925,76.125,139512,17:25,17:20,True,152337.7142857143,0.915807360338496,1.4892857142857159
2015-02-02,75.625,75.775,75.575,75.675,131092,17:25,17:20,True,151344.2857142857,0.8661840080799691,1.476785714285717
2015-02-03,75.275,75.5,75.275,75.325,56096,17:25,17:20,True,153230.85714285713,0.36608814338029644,1.4535714285714312
2015-02-04,75.725,76.125,75.725,75.95,140272,17:25,17:20,True,142575.7142857143,0.983842169073074,1.3839285714285745
2015-02-05,75.05,75.3,75.05,75.175,100616,17:25,17:20,True,142993.14285714287,0.7036421326896793,1.2803571428571467
2015-02-06,75.5,75.5,75.225,75.275,95600,17:25,17:20,True,141502.57142857142,0.6756060970118666,1.2428571428571462
2015-02-09,75.325,75.5,75.2,75.375,165856,17:25,17:20,True,140298.0,1.1821693823147872,1.3053571428571462
2015-02-10,75.575,75.75,75.45,75.575,290772,17:25,17:20,True,145945.7142857143,1.9923298290949667,1.3178571428571462
2015-02-11,76.175,76.175,75.95,76.0,56200,17:25,17:20,True,160033.42857142858,0.3511766291685487,1.330357142857146
2015-02-12,75.825,76.125,75.825,76.125,96076,17:25,17:20,True,146676.57142857142,0.6550194012871858,1.2642857142857165
2015-02-13,78.25,78.325,78.025,78.25,162856,17:25,17:20,True,121508.28571428571,1.34028719969714,1.341071428571431
2015-02-16,78.55,78.675,78.525,78.575,199196,17:25,17:20,True,124204.28571428571,1.6037771873526334,1.2821428571428595
2015-02-17,78.625,78.625,78.3,78.3,81800,17:25,17:20,True,133999.42857142858,0.610450364393878,1.2517857142857156
2015-02-18,77.75,78.225,77.75,78.225,167320,17:25,17:20,True,128494.85714285714,1.3021532823992956,1.2517857142857156
2015-02-19,78.75,78.775,78.625,78.625,79152,17:25,17:20,True,134518.85714285713,0.5884082104261538,1.2267857142857161
2015-02-20,79.875,79.875,79.525,79.625,69084,17:25,17:20,True,130207.42857142857,0.5305688066952511,1.2553571428571442
2015-02-23,80.225,80.725,80.175,80.725,201304,17:25,17:20,True,125778.28571428571,1.6004670349640184,1.2410714285714295
2015-02-24,81.3,81.3,81.1,81.175,142688,17:25,17:20,True,136150.2857142857,1.0480183662591338,1.2803571428571427
2015-02-25,81.775,81.775,81.625,81.7,114448,17:25,17:20,True,136322.85714285713,0.8395363946932702,1.2696428571428566
2015-02-26,81.825,81.825,81.575,81.6,52700,17:25,17:20,True,137310.85714285713,0.3838006775033917,1.266071428571428
2015-02-27,82.0,82.475,81.95,82.425,114356,17:25,17:20,True,134246.57142857142,0.8518355350389369,1.1946428571428558
2015-03-02,82.975,83.325,82.975,83.325,182248,17:25,17:20,True,130568.0,1.3958090803259604,1.2196428571428564
2015-03-03,83.2,83.95,83.175,83.95,274484,17:25,17:20,True,122816.28571428571,2.2349153323081863,1.2624999999999988
2015-03-04,81.75,81.75,81.45,81.6,242728,17:25,17:20,True,138408.0,1.7537136581700479,1.357142857142856
2015-03-05,81.825,82.375,81.825,82.125,146812,17:25,17:20,True,148883.14285714287,0.9860888021478014,1.3196428571428567
2015-03-06,82.575,82.725,82.525,82.65,81384,17:25,17:20,True,147737.14285714287,0.5508702715247157,1.335714285714285
2015-03-09,81.7,81.7,80.8,80.925,204036,17:25,17:20,True,139322.0,1.4644923271270869,1.3660714285714275
2015-03-10,81.45,81.775,81.275,81.775,95540,17:25,17:20,True,148053.14285714287,0.6453088273322706,1.4285714285714275
2015-03-11,79.85,80.2,79.75,80.2,200948,17:25,17:20,True,142926.0,1.4059583280858625,1.5249999999999986
2015-03-12,81.6,81.65,81.25,81.3,107704,17:25,17:20,True,151625.7142857143,0.7103280634645461,1.5660714285714274
2015-03-13,81.725,81.75,81.55,81.675,95556,17:25,17:20,True,154384.2857142857,0.6189490048024873,1.591071428571427
2015-03-16,81.75,82.1,81.75,81.95,116376,17:25,17:20,True,146830.85714285713,0.7925854433089192,1.5482142857142844
2015-03-17,82.7,82.8,82.6,82.8,119360,17:25,17:20,True,144951.42857142858,0.8234482486744328,1.5535714285714275
2015-03-18,81.7,82.125,81.7,82.075,48860,17:25,17:20,True,145302.2857142857,0.33626449687154664,1.6410714285714272
2015-03-19,83.725,84.6,83.725,84.6,192888,17:25,17:20,True,145028.0,1.3300052403673774,1.7928571428571414
2015-03-20,85.0,85.15,84.75,85.1,151488,17:25,17:20,True,150637.42857142858,1.005646481333609,1.7803571428571416
2015-03-23,86.125,86.15,85.75,85.85,187824,17:25,17:20,True,148440.2857142857,1.265316885481608,1.760714285714285
2015-03-24,85.95,85.975,85.775,85.85,92328,17:25,17:20,True,142250.2857142857,0.6490531778997181,1.6660714285714289
2015-03-25,86.65,86.65,86.1,86.25,105760,17:25,17:20,True,131507.42857142858,0.8042131242993333,1.630357142857142
2015-03-26,85.675,85.75,85.2,85.35,176304,17:25,17:20,True,128575.14285714286,1.3712137204925192,1.6017857142857141
2015-03-27,85.425,85.75,85.375,85.75,111148,17:25,17:20,True,135355.14285714287,0.8211583073522986,1.6785714285714286
2015-03-30,85.7,86.025,85.7,85.925,91688,17:25,17:20,True,128720.28571428571,0.7123041989163658,1.6089285714285708
2015-03-31,86.925,86.95,86.625,86.875,196872,17:25,17:20,True,128445.14285714286,1.5327321502453521,1.5589285714285706
2015-04-01,85.725,85.75,85.05,85.05,162676,17:25,17:20,True,128154.0,1.2693790283565085,1.5535714285714275
2015-04-07,87.675,87.975,87.5,87.7,261324,17:25,17:20,True,132080.57142857142,1.9785196049164797,1.5874999999999986
2015-04-08,87.5,87.575,87.375,87.55,123424,17:25,17:20,True,143921.14285714287,0.8575807386584716,1.7035714285714272
2015-04-09,87.5,87.975,87.375,87.925,213672,17:25,17:20,True,144424.57142857142,1.4794712415378468,1.6839285714285697
2015-04-10,87.875,87.9,87.65,87.75,222872,17:25,17:20,True,151161.14285714287,1.474400072581011,1.6089285714285697
2015-04-13,88.55,88.55,88.2,88.25,179520,17:25,17:20,True,163590.57142857142,1.0973737571323532,1.4678571428571416
2015-04-14,87.55,87.825,87.5,87.725,148828,17:25,17:20,True,162635.7142857143,0.9151003557468488,1.4642857142857122
2015-04-15,87.475,87.7,87.45,87.575,75028,17:25,17:20,True,162445.7142857143,0.4618650626143239,1.403571428571426
2015-04-16,88.25,88.35,88.1,88.1,64652,17:25,17:20,True,154388.85714285713,0.4187607913968625,1.414285714285711
2015-04-17,87.375,87.45,87.05,87.225,185164,17:25,17:20,True,152412.0,1.2148912159147573,1.4107142857142827
2015-04-20,85.95,86.75,85.95,86.525,171280,17:25,17:20,True,158083.7142857143,1.0834765666654014,1.50535714285714
2015-04-21,88.0,88.575,88.0,88.45,219820,17:25,17:20,True,157724.85714285713,1.3936928140686222,1.4696428571428544
2015-04-22,90.1,90.7,90.0,90.7,197400,17:25,17:20,True,165487.14285714287,1.1928419126216105,1.5642857142857116
2015-04-23,88.9,89.85,88.875,89.425,155868,17:25,17:20,True,173038.0,0.9007732405598771,1.6374999999999968
2015-04-24,87.975,88.425,87.95,88.275,65324,17:25,17:20,True,170109.14285714287,0.38401228119089925,1.6714285714285677
2015-04-27,87.675,88.45,87.675,88.4,137892,17:25,17:20,True,163155.42857142858,0.8451572908567465,1.6517857142857113
2015-04-28,88.725,89.475,88.7,89.475,291476,17:25,17:20,True,154338.85714285713,1.8885457971883761,1.58035714285714
2015-04-29,87.475,88.25,87.475,87.975,206732,17:25,17:20,True,166342.57142857142,1.2428087303482143,1.7357142857142824
2015-05-04,85.25,85.55,85.1,85.475,270824,17:25,17:20,True,165846.85714285713,1.6329763775186747,1.966071428571426
2015-05-05,85.825,85.875,85.275,85.375,172596,17:25,17:20,True,169272.0,1.0196370338862895,2.044642857142855
2015-05-06,82.5,83.325,82.5,83.125,171532,17:25,17:20,True,168777.42857142858,1.016320733476548,2.239285714285713
2015-05-07,81.375,81.925,81.35,81.475,206132,17:25,17:20,True,170399.14285714287,1.2097009206954428,2.3053571428571424
2015-05-08,82.7,82.85,82.125,82.85,332712,17:25,17:20,True,179763.7142857143,1.8508295810532238,2.3821428571428567
2015-05-11,83.775,84.0,83.775,84.0,231832,17:25,17:20,True,198910.85714285713,1.1655070182192167,2.4732142857142847
2015-05-12,84.075,84.5,83.875,84.275,282868,17:25,17:20,True,202244.2857142857,1.3986452027604523,2.3714285714285706
2015-05-15,81.85,82.2,81.85,82.175,388656,17:25,17:20,True,210214.85714285713,1.848851243353739,2.4178571428571423
2015-05-18,81.625,81.75,80.9,81.1,189492,17:25,17:20,True,222274.57142857142,0.8525131722541361,2.3624999999999994
2015-05-19,82.35,82.425,82.125,82.425,61280,17:25,17:20,True,221709.7142857143,0.2763974514938452,2.233928571428571
2015-05-20,83.325,83.375,83.15,83.325,202148,17:25,17:20,True,214953.42857142858,0.9404269629168843,2.1910714285714286
2015-05-21,83.475,83.7,83.45,83.475,82940,17:25,17:20,True,224726.57142857142,0.3690707310344126,2.1571428571428575
2015-05-22,83.75,83.8,83.625,83.625,67292,17:25,17:20,True,220801.42857142858,0.3047625209464224,2.1089285714285717
2015-05-25,84.75,84.85,84.0,84.075,123824,17:25,17:20,True,204788.2857142857,0.604643959824711,1.9571428571428575
2015-05-26,83.875,84.25,83.825,84.075,54228,17:25,17:20,True,198866.2857142857,0.2726857385867317,1.7946428571428572
2015-05-27,83.75,84.225,83.75,84.125,93388,17:25,17:20,True,183395.14285714287,0.5092174118959374,1.7624999999999997
2015-05-28,85.0,85.25,84.95,85.15,111576,17:25,17:20,True,177737.42857142858,0.6277574785277158,1.6035714285714278
2015-05-29,85.325,85.35,85.125,85.275,87772,17:25,17:20,True,173454.85714285713,0.5060221515025729,1.53392857142857
2015-06-01,84.525,84.525,84.175,84.5,125124,17:25,17:20,True,165000.57142857142,0.7583246464947307,1.4499999999999988
2015-06-02,84.6,84.6,84.275,84.275,74284,17:25,17:20,True,150172.85714285713,0.4946566337839252,1.3589285714285708
2015-06-03,83.75,83.75,83.425,83.425,51676,17:25,17:20,True,138919.42857142858,0.37198540572335864,1.40892857142857
2015-06-04,83.125,83.15,82.5,82.65,104848,17:25,17:20,True,122405.71428571429,0.8565613183324774,1.317857142857141
2015-06-05,81.6,81.6,80.775,80.95,263704,17:25,17:20,True,102133.71428571429,2.581948594000022,1.3142857142857127
2015-06-08,79.925,79.975,79.55,79.675,205940,17:25,17:20,True,107434.57142857143,1.9168876206382088,1.385714285714285
2015-06-09,79.275,79.75,79.275,79.425,176172,17:25,17:20,True,117767.42857142857,1.49593144842377,1.3321428571428566
2015-06-10,78.525,78.6,78.275,78.325,115048,17:25,17:20,True,115912.0,0.9925460694319829,1.4124999999999994
2015-06-11,80.75,80.975,80.625,80.925,141724,17:25,17:20,True,118205.42857142857,1.1989635477220046,1.5517857142857139
2015-06-12,80.95,81.025,80.5,80.5,85420,17:25,17:20,True,123522.0,0.691536730299056,1.6053571428571425
2015-06-15,79.075,79.175,78.675,79.05,100096,17:25,17:20,True,120778.85714285714,0.8287543231312955,1.5982142857142858
2015-06-16,76.75,76.925,76.65,76.65,183772,17:25,17:20,True,124055.14285714286,1.48137349059059,1.7232142857142858
2015-06-17,78.375,78.425,77.875,78.175,176924,17:25,17:20,True,130511.14285714286,1.3556237124799415,1.8214285714285725
2015-06-18,76.675,76.775,76.675,76.725,44948,17:25,17:20,True,135178.85714285713,0.332507619534754,1.9160714285714298
2015-06-22,78.425,78.9,78.05,78.75,513000,17:25,17:20,True,132120.0,3.88283378746594,1.976785714285715
2015-06-23,79.675,79.7,79.45,79.625,138248,17:25,17:20,True,159825.42857142858,0.8649937699883266,2.1000000000000014
2015-06-24,80.625,80.75,80.6,80.725,66668,17:25,17:20,True,164394.2857142857,0.4055372101915256,2.1000000000000023
2015-06-25,79.475,79.65,79.35,79.625,83328,17:25,17:20,True,165465.14285714287,0.5035985136273846,2.146428571428573
2015-06-26,79.35,79.625,79.175,79.4,147360,17:25,17:20,True,163928.0,0.8989312381045337,2.096428571428573
2015-06-29,77.125,77.475,76.75,77.375,448124,17:25,17:20,True,155617.7142857143,2.879646459639189,2.0839285714285722
2015-06-30,77.525,77.925,77.525,77.85,174728,17:25,17:20,True,172916.57142857142,1.0104757372671875,2.2821428571428584
2015-07-01,77.65,77.725,77.4,77.65,117000,17:25,17:20,True,172813.42857142858,0.6770307201655955,2.2732142857142867
2015-07-02,79.25,79.25,78.95,79.05,83572,17:25,17:20,True,172952.85714285713,0.4832068193644842,2.2535714285714294
2015-07-03,79.625,79.775,79.35,79.35,99424,17:25,17:20,True,168799.14285714287,0.5890077302355969,2.237500000000001
2015-07-06,77.4,77.7,77.05,77.45,176088,17:25,17:20,True,169799.42857142858,1.0370352920588661,2.2053571428571437
2015-07-07,77.5,77.8,77.5,77.675,101072,17:25,17:20,True,175227.42857142858,0.576804675067178,2.1142857142857148
2015-07-08,76.475,76.65,76.3,76.3,129700,17:25,17:20,True,169320.2857142857,0.7660039046878191,2.025000000000001
2015-07-09,77.15,77.25,77.025,77.175,118656,17:25,17:20,True,165947.14285714287,0.7150228558146742,1.9750000000000003
2015-07-10,80.675,80.7,80.3,80.3,225444,17:25,17:20,True,171212.0,1.3167534985865477,2.0035714285714294
2015-07-13,82.125,82.725,81.9,82.575,221868,17:25,17:20,True,150672.2857142857,1.4725203042364412,1.9785714285714289
2015-07-14,82.625,82.875,82.625,82.725,77116,17:25,17:20,True,156645.14285714287,0.4922974220166418,2.0035714285714286
2015-07-15,82.475,82.75,82.325,82.325,113296,17:25,17:20,True,157391.42857142858,0.719835895946412,1.9625000000000006
2015-07-16,81.75,82.7,81.75,82.55,148400,17:25,17:20,True,159532.0,0.9302208961211543,1.9732142857142867
2015-07-17,84.3,84.65,84.2,84.6,146616,17:25,17:20,True,159606.2857142857,0.9186104378273681,1.9875000000000012
2015-07-20,84.275,84.8,84.275,84.7,112040,17:25,17:20,True,138070.0,0.8114724415151735,1.783928571428572
2015-07-21,85.55,85.925,85.55,85.775,128356,17:25,17:20,True,133592.2857142857,0.9608039814103895,1.7357142857142864
2015-07-22,84.25,84.5,84.0,84.125,464884,17:25,17:20,True,134403.42857142858,3.4588700968512707,1.6571428571428573
2015-07-23,84.45,84.625,84.375,84.6,87140,17:25,17:20,True,161640.0,0.5390992328631526,1.6232142857142864
2015-07-24,83.9,83.95,83.775,83.825,54792,17:25,17:20,True,160762.57142857142,0.3408256008417027,1.614285714285715
2015-07-27,83.3,83.425,83.125,83.15,115428,17:25,17:20,True,152098.57142857142,0.7589025913646226,1.544642857142858
2015-07-28,81.85,82.375,81.85,82.025,87940,17:25,17:20,True,153124.0,0.57430579138476,1.5589285714285717
2015-07-29,82.45,82.825,82.25,82.75,111672,17:25,17:20,True,150141.14285714287,0.743780138307954,1.5375000000000003
2015-07-30,83.3,83.55,83.25,83.55,108988,17:25,17:20,True,149642.2857142857,0.7283235449109113,1.4410714285714283
2015-07-31,82.75,82.925,82.725,82.775,35264,17:25,17:20,True,141324.0,0.24952591208853414,1.3499999999999994
2015-08-03,83.175,83.175,82.875,82.95,69416,17:25,17:20,True,127995.14285714286,0.5423330796034671,1.255357142857142
2015-08-04,83.275,83.275,83.05,83.2,54852,17:25,17:20,True,127445.14285714286,0.4303969438951885,1.22142857142857
2015-08-05,83.3,83.55,83.3,83.55,100204,17:25,17:20,True,123270.57142857143,0.8128785227385982,1.1767857142857128
2015-08-06,84.425,84.525,84.25,84.4,131164,17:25,17:20,True,119828.0,1.0946022632439831,1.1285714285714274
2015-08-07,83.725,83.725,83.025,83.25,163396,17:25,17:20,True,118724.28571428571,1.3762643339309566,1.1160714285714275
2015-08-10,82.775,83.175,82.775,83.1,98272,17:25,17:20,True,122392.57142857143,0.8029245472414291,1.1267857142857127
2015-08-11,84.5,84.8,84.275,84.8,115060,17:25,17:20,True,120243.71428571429,0.9568899354406407,1.1785714285714275
2015-08-12,84.0,84.0,83.4,83.425,174164,17:25,17:20,True,95256.28571428571,1.8283727807988674,1.205357142857142
2015-08-13,82.625,82.725,82.525,82.725,127844,17:25,17:20,True,101472.28571428571,1.2598908076237565,1.4053571428571416
2015-08-14,82.85,82.975,82.75,82.95,54676,17:25,17:20,True,106690.28571428571,0.512474023609058,1.4571428571428566
2015-08-17,83.0,83.025,82.625,83.0,123344,17:25,17:20,True,102350.85714285714,1.205109595006532,1.3999999999999997
2015-08-18,82.25,82.4,82.1,82.4,52808,17:25,17:20,True,104879.71428571429,0.5035101435930684,1.4464285714285714
2015-08-19,81.225,81.225,80.9,81.125,140248,17:25,17:20,True,100675.14285714286,1.3930747552949658,1.4571428571428575
2015-08-20,79.4,79.575,79.35,79.35,72248,17:25,17:20,True,102908.0,0.7020639794768142,1.5410714285714298
2015-08-21,76.75,76.875,76.4,76.475,132028,17:25,17:20,True,105549.71428571429,1.2508607995149206,1.6232142857142873
2015-08-24,72.9,73.2,72.525,72.6,543768,17:25,17:20,True,110022.0,4.942356983148825,1.7589285714285734
2015-08-26,75.0,75.2,74.325,74.325,264084,17:25,17:20,True,144944.57142857142,1.821965440976452,2.0321428571428592
2015-08-27,77.1,77.175,76.65,76.675,516920,17:25,17:20,True,156650.2857142857,3.29983438997877,2.108928571428573
2015-08-28,76.125,76.225,75.975,76.125,180168,17:25,17:20,True,184204.2857142857,0.9780879923687211,2.2732142857142867
2015-08-31,76.0,76.0,75.55,75.725,157008,17:25,17:20,True,185402.2857142857,0.846850400981341,2.2464285714285728
2015-09-01,75.4,75.475,75.125,75.3,372944,17:25,17:20,True,189597.7142857143,1.9670279328261944,2.1857142857142873
2015-09-02,74.625,75.175,74.625,74.8,159516,17:25,17:20,True,208018.0,0.7668374852176254,2.2428571428571433
2015-09-03,75.05,75.325,75.025,75.05,122848,17:25,17:20,True,206971.7142857143,0.593549705204714,2.0589285714285714
2015-09-04,75.775,75.825,75.55,75.7,161220,17:25,17:20,True,206614.85714285713,0.7802923866628316,2.1392857142857147
2015-09-07,75.075,75.75,75.075,75.6,265496,17:25,17:20,True,214225.14285714287,1.2393316510800385,2.2178571428571425
2015-09-08,75.45,75.45,75.2,75.225,59404,17:25,17:20,True,224378.85714285713,0.2647486521520999,2.1660714285714278
2015-09-09,77.5,77.7,77.45,77.6,432712,17:25,17:20,True,224850.0,1.9244474093840338,2.182142857142856
2015-09-10,76.8,76.9,76.325,76.475,152812,17:25,17:20,True,245740.2857142857,0.6218435026061196,2.214285714285712
2015-09-11,76.5,76.75,76.475,76.6,107148,17:25,17:20,True,251494.85714285713,0.426044497359787,2.192857142857141
2015-09-14,76.025,76.125,75.9,75.9,142900,17:25,17:20,True,249717.7142857143,0.5722461476501467,2.0714285714285694
2015-09-15,75.25,75.3,75.15,75.15,62960,17:25,17:20,True,221084.2857142857,0.28477826814595597,1.8589285714285688
2015-09-16,75.35,75.6,75.35,75.575,134872,17:25,17:20,True,206718.2857142857,0.6524434910727367,1.7821428571428553
2015-09-17,75.4,75.65,75.4,75.625,78144,17:25,17:20,True,179429.14285714287,0.43551453657790895,1.6517857142857122
2015-09-18,74.775,74.875,74.275,74.275,162112,17:25,17:20,True,172141.7142857143,0.9417357127682175,1.6482142857142839
2015-09-21,73.375,73.4,73.0,73.025,228164,17:25,17:20,True,172506.2857142857,1.322641659434356,1.7303571428571405
2015-09-22,74.15,74.25,74.1,74.2,133828,17:25,17:20,True,162164.85714285713,0.8252589516488512,1.7035714285714272
2015-09-23,72.0,72.375,72.0,72.375,113572,17:25,17:20,True,160330.0,0.7083639992515437,1.78392857142857
2015-09-24,72.475,72.75,72.45,72.475,55092,17:25,17:20,True,159667.42857142858,0.3450421948478623,1.6714285714285697
2015-09-25,71.4,71.85,71.4,71.675,176112,17:25,17:20,True,152086.85714285713,1.157969881872013,1.6821428571428558
2015-09-28,72.475,72.475,72.225,72.35,134700,17:25,17:20,True,145702.2857142857,0.9244878990034474,1.789285714285713
2015-09-29,70.075,70.375,69.9,70.25,296596,17:25,17:20,True,151080.57142857142,1.9631644042346375,1.8035714285714275
2015-09-30,72.125,72.175,71.8,72.075,257188,17:25,17:20,True,141358.0,1.8194088767526422,1.744642857142857
2015-10-01,72.75,72.95,72.5,72.5,164404,17:25,17:20,True,148813.42857142858,1.1047658909430216,1.7964285714285708
2015-10-02,72.5,72.85,72.475,72.475,66088,17:25,17:20,True,152903.14285714287,0.43222133152453185,1.8624999999999992
2015-10-05,73.875,74.15,73.875,74.025,150188,17:25,17:20,True,147416.57142857142,1.0187999798433207,1.8857142857142861
2015-10-06,75.05,75.075,74.8,75.0,179616,17:25,17:20,True,153647.14285714287,1.1690162059635714,1.9678571428571427
2015-10-07,75.675,75.875,75.65,75.7,71536,17:25,17:20,True,156843.14285714287,0.4560989960852608,1.9982142857142864
2015-10-08,75.1,75.3,75.075,75.275,81608,17:25,17:20,True,156371.14285714287,0.5218865738837454,2.044642857142857
2015-10-09,76.625,76.875,76.6,76.75,188024,17:25,17:20,True,150620.85714285713,1.2483264507097291,1.9625000000000006
2015-10-12,76.9,77.075,76.775,77.075,79072,17:25,17:20,True,147753.7142857143,0.5351608274773851,1.9071428571428584
2015-10-13,76.7,76.75,76.375,76.425,62660,17:25,17:20,True,143842.57142857142,0.43561512685495457,1.8875000000000008
2015-10-14,75.0,75.1,74.775,74.85,150624,17:25,17:20,True,140206.0,1.074304951285965,1.9375
2015-10-15,75.35,75.375,75.15,75.225,131172,17:25,17:20,True,147029.7142857143,0.8921461939666229,1.8392857142857142
2015-10-16,76.5,76.6,76.35,76.475,112736,17:25,17:20,True,143819.7142857143,0.7838702820396171,1.755357142857142
2015-10-19,76.35,76.575,76.325,76.35,115356,17:25,17:20,True,142250.85714285713,0.8109336022077699,1.7357142857142855
2015-10-20,76.3,76.575,76.225,76.425,86952,17:25,17:20,True,129305.14285714286,0.6724558519382723,1.6660714285714289
2015-10-21,75.575,75.875,75.575,75.675,116152,17:25,17:20,True,117145.42857142857,0.9915196983480851,1.608928571428572
2015-10-22,75.55,75.55,75.3,75.35,66820,17:25,17:20,True,113698.85714285714,0.5876928025410483,1.5714285714285725
2015-10-23,77.725,77.9,77.35,77.65,203644,17:25,17:20,True,113751.14285714286,1.7902589361739536,1.641071428571428
2015-10-26,79.5,79.625,78.8,78.8,177636,17:25,17:20,True,117569.42857142857,1.5109029801235987,1.6517857142857142
2015-10-27,79.25,79.25,78.8,78.8,76596,17:25,17:20,True,117428.0,0.6522805463773547,1.6017857142857141
2015-10-28,78.875,79.125,78.825,78.85,87704,17:25,17:20,True,117789.42857142857,0.7445829482636085,1.5696428571428567
2015-10-29,79.825,79.825,79.6,79.8,91812,17:25,17:20,True,118224.85714285714,0.7765879546723314,1.5696428571428558
2015-11-02,78.9,78.9,78.4,78.725,218468,17:25,17:20,True,111352.57142857143,1.961948405835775,1.585714285714283
2015-11-03,80.375,80.55,80.025,80.075,162672,17:25,17:20,True,121309.42857142857,1.340967490455341,1.5928571428571405
2015-11-04,80.225,80.25,80.025,80.1,184048,17:25,17:20,True,128453.14285714286,1.4328026228574733,1.505357142857141
2015-11-05,80.325,80.675,80.325,80.625,188544,17:25,17:20,True,130840.57142857143,1.4410209153124194,1.4696428571428553
2015-11-06,80.25,80.425,80.225,80.375,120404,17:25,17:20,True,134938.57142857142,0.8922874958976043,1.4589285714285702
2015-11-09,81.175,81.85,81.175,81.525,84088,17:25,17:20,True,135486.2857142857,0.6206384620899954,1.47142857142857
2015-11-10,80.65,80.975,80.575,80.625,104376,17:25,17:20,True,133252.85714285713,0.7832927731380727,1.4892857142857119
2015-11-11,80.125,80.175,79.925,79.975,63616,17:25,17:20,True,134497.42857142858,0.4729904554733919,1.5035714285714252
2015-11-12,80.7,80.8,80.325,80.325,68588,17:25,17:20,True,130744.85714285714,0.5245942479026763,1.4910714285714255
2015-11-13,79.175,79.225,79.025,79.2,77920,17:25,17:20,True,130871.14285714286,0.5953948158384802,1.374999999999997
2015-11-16,78.225,78.375,77.625,77.825,131600,17:25,17:20,True,121890.85714285714,1.079654398079781,1.249999999999997
2015-11-17,80.0,80.275,79.925,80.05,205244,17:25,17:20,True,118602.57142857143,1.7305189721253935,1.3107142857142822
2015-11-18,81.5,81.5,81.3,81.425,152956,17:25,17:20,True,127791.71428571429,1.1969164108560582,1.4249999999999972
2015-11-19,82.05,82.25,82.05,82.175,113936,17:25,17:20,True,132452.57142857142,0.8602022502933665,1.3839285714285694
2015-11-20,81.5,81.625,81.425,81.55,97536,17:25,17:20,True,134032.85714285713,0.7277021625827357,1.4017857142857133
2015-11-23,81.95,81.975,81.65,81.7,80068,17:25,17:20,True,125394.85714285714,0.6385269844741867,1.3249999999999988
2015-11-24,81.075,81.25,81.0,81.225,117608,17:25,17:20,True,119494.57142857143,0.9842120741886661,1.3285714285714272
2015-11-25,80.55,80.775,80.55,80.65,63892,17:25,17:20,True,114748.85714285714,0.5567985737797575,1.3982142857142839
2015-11-26,81.475,81.5,81.375,81.375,33516,17:25,17:20,True,105845.14285714286,0.31665128030707934,1.4053571428571416
2015-11-27,82.075,82.425,82.075,82.125,140540,17:25,17:20,True,99638.85714285714,1.410493897962929,1.385714285714285
2015-11-30,82.6,82.6,82.125,82.275,102884,17:25,17:20,True,103671.14285714286,0.9924073099278212,1.3642857142857139
2015-12-01,83.25,83.6,83.25,83.55,88032,17:25,17:20,True,103564.57142857143,0.8500204151447268,1.3553571428571434
2015-12-02,83.45,83.625,83.225,83.55,88376,17:25,17:20,True,105308.57142857143,0.8392099408540886,1.3232142857142861
2015-12-03,84.2,84.2,83.85,84.025,129692,17:25,17:20,True,106722.0,1.2152320983489815,1.3339285714285734
2015-12-04,82.525,82.525,82.025,82.25,138148,17:25,17:20,True,110420.0,1.2511139286361166,1.4000000000000026
2015-12-07,81.75,82.175,81.55,81.75,234196,17:25,17:20,True,110887.71428571429,2.112010347661856,1.4535714285714312
2015-12-08,81.525,81.675,81.275,81.45,119788,17:25,17:20,True,112955.71428571429,1.060486410603397,1.3446428571428595
2015-12-09,79.975,80.175,79.975,80.1,118288,17:25,17:20,True,110586.57142857143,1.0696416253071284,1.4517857142857156
2015-12-10,79.025,79.025,78.7,78.725,117284,17:25,17:20,True,110897.42857142857,1.0575898964551542,1.476785714285715
2015-12-11,78.0,78.0,77.7,77.775,126832,17:25,17:20,True,112308.0,1.1293229333618264,1.4785714285714298
2015-12-14,76.225,76.5,76.0,76.35,305336,17:25,17:20,True,115648.28571428571,2.6402120715766277,1.6375000000000008
2015-12-15,75.15,75.575,75.075,75.575,163084,17:25,17:20,True,129057.42857142857,1.2636544971120276,1.6571428571428584
2015-12-16,76.45,76.675,76.325,76.5,122264,17:25,17:20,True,136142.57142857142,0.8980585478668371,1.6839285714285726
2015-12-17,77.7,78.175,77.65,77.9,195156,17:25,17:20,True,142481.7142857143,1.3696915493918016,1.6625000000000003
2015-12-18,77.375,77.6,77.15,77.6,132844,17:25,17:20,True,146382.85714285713,0.907510637467307,1.7624999999999997
2015-12-21,77.95,78.025,77.85,77.85,150508,17:25,17:20,True,148522.85714285713,1.0133659080853357,1.726785714285713
2015-12-22,77.575,77.65,77.45,77.45,39280,17:25,17:20,True,152985.42857142858,0.25675647914180433,1.7857142857142836
2015-12-23,77.2,77.375,77.2,77.2,77748,17:25,17:20,True,149478.57142857142,0.5201280642232523,1.7999999999999972
2015-12-28,78.25,78.375,78.125,78.375,69172,17:25,17:20,True,145768.2857142857,0.4745339472234799,1.7714285714285682
2015-12-29,77.7,77.975,77.7,77.85,29172,17:25,17:20,True,140841.42857142858,0.20712655570094027,1.6749999999999972
2015-12-30,78.575,78.75,78.475,78.5,69860,17:25,17:20,True,126196.85714285714,0.5535795548451512,1.6607142857142836
2016-01-04,76.725,76.725,75.825,75.9,239452,17:25,17:20,True,122630.57142857143,1.9526289179813003,1.5607142857142844
2016-01-07,72.925,72.925,71.425,72.3,690760,17:25,17:20,True,131285.14285714287,5.26152453329503,1.6910714285714263
2016-01-08,73.625,74.4,73.55,74.175,343796,17:25,17:20,True,172247.7142857143,1.9959394028865405,1.9267857142857119
2016-01-11,72.7,72.95,72.25,72.725,134176,17:25,17:20,True,187745.14285714287,0.7146709521113728,1.8535714285714266
2016-01-12,73.0,73.675,72.875,73.575,277564,17:25,17:20,True,175519.42857142858,1.5813861876096744,1.7982142857142844
2016-01-13,74.4,74.625,74.3,74.575,101252,17:25,17:20,True,183696.57142857142,0.5511915612391863,1.8053571428571413
2016-01-14,73.45,73.5,72.875,73.0,190904,17:25,17:20,True,182195.7142857143,1.0477963257721288,1.869642857142855
2016-01-15,71.975,72.45,71.725,72.225,167232,17:25,17:20,True,181892.0,0.9194027224946671,1.8785714285714263
2016-01-18,70.075,70.575,70.05,70.55,171068,17:25,17:20,True,184348.2857142857,0.9279608938980408,2.0142857142857125
2016-01-19,71.05,71.225,70.975,71.125,119352,17:25,17:20,True,185816.85714285713,0.6423098627065975,2.017857142857141
2016-01-20,69.925,69.925,69.175,69.325,320156,17:25,17:20,True,191536.2857142857,1.6715161767184734,2.010714285714284
2016-01-21,68.475,69.025,68.45,68.8,177840,17:25,17:20,True,208851.14285714287,0.8515155702147393,2.039285714285712
2016-01-22,71.25,71.375,71.0,71.15,158656,17:25,17:20,True,216613.14285714287,0.7324393982161747,2.1053571428571405
2016-01-25,72.5,72.6,72.15,72.275,176968,17:25,17:20,True,225862.0,0.7835226819916586,2.205357142857141
2016-01-26,70.375,70.7,70.225,70.275,195632,17:25,17:20,True,233512.57142857142,0.8377793058556652,2.262499999999998
2016-01-27,71.8,71.8,71.5,71.7,131796,17:25,17:20,True,230382.57142857142,0.5720745244865993,2.137499999999998
2016-01-28,71.95,71.95,71.275,71.325,55156,17:25,17:20,True,190456.57142857142,0.289598828679354,1.8874999999999977
2016-01-29,71.65,72.0,71.525,71.7,135340,17:25,17:20,True,169839.42857142858,0.7968703212109589,1.8767857142857116
2016-02-01,72.5,72.7,72.05,72.3,201772,17:25,17:20,True,169922.57142857142,1.1874349493634917,1.908928571428568
2016-02-02,70.325,70.625,70.225,70.4,112276,17:25,17:20,True,164508.85714285713,0.6824921280834206,1.966071428571425
2016-02-03,69.625,69.825,69.375,69.375,150908,17:25,17:20,True,165296.2857142857,0.9129545733462164,1.9178571428571394
2016-02-04,69.5,69.8,69.225,69.275,157072,17:25,17:20,True,162439.42857142858,0.9669573537740661,1.8785714285714263
2016-02-05,68.925,68.925,68.625,68.875,95168,17:25,17:20,True,161713.7142857143,0.5884967791405623,1.8160714285714263
2016-02-08,68.35,68.6,68.25,68.35,143504,17:25,17:20,True,156292.2857142857,0.9181771150390386,1.8089285714285706
2016-02-09,65.0,65.475,64.775,65.425,294524,17:25,17:20,True,158017.42857142858,1.8638703506484817,1.9624999999999986
2016-02-10,65.5,65.7,65.375,65.425,104052,17:25,17:20,True,156186.57142857142,0.6662032404468649,1.9124999999999983
2016-02-11,66.225,66.225,65.575,65.8,126628,17:25,17:20,True,150916.0,0.8390627898963662,1.9303571428571413
2016-02-12,64.875,65.075,64.45,65.025,188784,17:25,17:20,True,148628.2857142857,1.2701754520866053,1.9571428571428544
2016-02-15,68.125,68.25,67.6,67.775,284448,17:25,17:20,True,149472.2857142857,1.9030149879671914,1.9696428571428544
2016-02-16,69.0,69.125,68.75,69.1,157240,17:25,17:20,True,155816.2857142857,1.0091371340241346,2.023214285714284
2016-02-17,68.325,68.7,67.975,68.1,274984,17:25,17:20,True,157633.7142857143,1.7444491569968716,2.074999999999999
2016-02-18,71.25,71.25,71.0,71.05,184056,17:25,17:20,True,173335.7142857143,1.0618469526517493,2.14642857142857
2016-02-19,70.05,70.125,69.775,69.975,225876,17:25,17:20,True,176815.42857142858,1.2774677064380289,2.130357142857142
2016-02-22,71.325,71.85,71.3,71.75,139180,17:25,17:20,True,178537.14285714287,0.7795576750736141,2.0303571428571425
2016-02-23,71.75,71.8,70.825,70.9,254648,17:25,17:20,True,180458.85714285713,1.4111138906216851,2.0535714285714284
2016-02-24,70.55,70.625,70.1,70.325,118312,17:25,17:20,True,187868.85714285713,0.6297584485226017,2.0089285714285703
2016-02-25,69.75,69.75,69.175,69.275,296804,17:25,17:20,True,185100.2857142857,1.6034767253581457,2.0107142857142852
2016-02-26,70.975,71.2,70.9,71.175,274884,17:25,17:20,True,199502.85714285713,1.3778449288230745,2.012499999999999
2016-02-29,71.225,71.275,70.0,70.475,260232,17:25,17:20,True,208887.14285714287,1.2458019025994898,1.8392857142857133
2016-03-01,71.425,71.425,70.875,71.125,157404,17:25,17:20,True,206437.7142857143,0.7624769560379333,1.8517857142857141
2016-03-02,72.625,73.2,72.5,73.15,257144,17:25,17:20,True,210248.57142857142,1.2230475491594983,1.7857142857142858
2016-03-03,72.525,72.75,72.425,72.475,133012,17:25,17:20,True,219571.14285714287,0.6057808793505262,1.7035714285714292
2016-03-04,72.5,72.675,72.5,72.625,88944,17:25,17:20,True,215587.42857142858,0.4125658002852008,1.625000000000001
2016-03-07,72.825,72.85,72.275,72.35,154672,17:25,17:20,True,201622.85714285713,0.7671352454370254,1.5125000000000008
2016-03-08,71.875,72.0,71.3,71.3,114356,17:25,17:20,True,201439.42857142858,0.5676942235737648,1.4964285714285717
2016-03-09,71.575,71.6,71.35,71.5,86028,17:25,17:20,True,189966.0,0.4528599854710843,1.375
2016-03-10,72.425,72.425,72.275,72.375,96932,17:25,17:20,True,182964.0,0.529787280557924,1.3607142857142855
2016-03-11,72.775,72.95,72.55,72.75,171012,17:25,17:20,True,173753.7142857143,0.9842206867520201,1.4392857142857136
2016-03-14,73.475,73.475,73.175,73.425,235092,17:25,17:20,True,176027.42857142858,1.3355418636056717,1.4321428571428558
2016-03-15,73.175,73.2,72.825,72.975,87552,17:25,17:20,True,174630.57142857142,0.5013555145801668,1.4214285714285697
2016-03-16,72.7,72.875,72.625,72.7,55660,17:25,17:20,True,172433.42857142858,0.3227912386892167,1.3392857142857133
2016-03-17,72.825,72.875,72.6,72.675,164188,17:25,17:20,True,155208.85714285713,1.0578520003460776,1.3107142857142844
2016-03-18,72.125,72.225,71.95,72.05,103648,17:25,17:20,True,147302.0,0.7036428561730322,1.3874999999999988
2016-03-21,72.5,72.5,72.175,72.35,56604,17:25,17:20,True,136117.42857142858,0.4158468213370388,1.369642857142855
2016-03-22,72.775,72.775,72.35,72.35,178708,17:25,17:20,True,128917.42857142857,1.3862206373514832,1.3499999999999974
2016-03-23,72.75,72.8,72.6,72.6,113364,17:25,17:20,True,123314.85714285714,0.9193052858883879,1.3553571428571405
2016-03-29,70.95,71.625,70.95,71.4,302672,17:25,17:20,True,121911.42857142857,2.4827204762239568,1.3982142857142839
2016-03-30,71.475,71.5,71.175,71.175,154044,17:25,17:20,True,137177.7142857143,1.1229520830122344,1.4410714285714274
2016-03-31,72.5,72.525,72.35,72.375,57664,17:25,17:20,True,137132.85714285713,0.4204973279301616,1.460714285714285
2016-04-01,71.25,71.4,71.075,71.325,224312,17:25,17:20,True,133083.42857142858,1.6854991068974992,1.4410714285714283
2016-04-04,71.75,72.075,71.575,71.625,149724,17:25,17:20,True,142960.85714285713,1.0473076546427296,1.4410714285714283
2016-04-05,71.5,71.675,71.375,71.5,84120,17:25,17:20,True,146731.7142857143,0.5732911961772797,1.3517857142857141
2016-04-06,70.425,70.5,69.9,70.0,99716,17:25,17:20,True,140525.14285714287,0.7095954358955591,1.3821428571428578
2016-04-07,71.35,71.475,70.925,70.925,105312,17:25,17:20,True,130855.42857142857,0.8047965693873719,1.3964285714285722
2016-04-08,70.7,70.85,70.625,70.85,40248,17:25,17:20,True,132124.0,0.3046229299748721,1.4178571428571425
2016-04-11,72.025,72.025,71.775,71.825,37392,17:25,17:20,True,131023.14285714286,0.2853846975779633,1.4589285714285722
2016-04-12,72.9,73.0,72.375,72.8,170008,17:25,17:20,True,121966.28571428571,1.3938933944274998,1.4250000000000012
2016-04-13,73.75,73.925,73.625,73.825,210884,17:25,17:20,True,126706.28571428571,1.6643531045928492,1.4232142857142875
2016-04-14,75.725,75.925,75.55,75.8,109508,17:25,17:20,True,137726.2857142857,0.7951132888835413,1.4821428571428592
2016-04-15,75.475,75.5,75.15,75.375,79156,17:25,17:20,True,132783.42857142858,0.5961286046881925,1.4357142857142873
2016-04-18,74.825,75.45,74.75,75.125,358700,17:25,17:20,True,130340.0,2.7520331440847015,1.3964285714285722
2016-04-19,76.1,76.3,76.05,76.225,129668,17:25,17:20,True,134342.0,0.9652081999672477,1.3517857142857141
2016-04-20,77.25,77.25,76.875,76.925,105968,17:25,17:20,True,132600.85714285713,0.7991501886434693,1.3535714285714278
2016-04-21,77.75,77.75,77.55,77.65,83844,17:25,17:20,True,136051.14285714287,0.6162682520648747,1.374999999999999
2016-04-22,77.5,77.5,77.35,77.35,97952,17:25,17:20,True,126017.71428571429,0.777287546875496,1.3660714285714275
2016-04-25,76.825,77.45,76.8,77.3,143088,17:25,17:20,True,122319.71428571429,1.1697869050427567,1.3642857142857139
2016-04-26,76.775,77.125,76.775,77.0,96484,17:25,17:20,True,126531.71428571429,0.7625281973350554,1.2982142857142855
2016-04-27,77.025,77.125,77.0,77.125,71292,17:25,17:20,True,126300.85714285714,0.5644617274399224,1.2517857142857147
2016-04-28,76.625,76.7,76.25,76.325,111916,17:25,17:20,True,123870.85714285714,0.9034893483535849,1.210714285714287
2016-04-29,75.4,75.4,74.975,74.975,87428,17:25,17:20,True,128990.0,0.6777889758896039,1.2642857142857145
2016-05-02,73.8,74.025,73.8,73.925,174504,17:25,17:20,True,132564.0,1.3163754865574364,1.3035714285714275
2016-05-03,73.6,74.1,73.425,73.575,343576,17:25,17:20,True,132885.14285714287,2.5855110105827155,1.2910714285714278
2016-05-06,70.5,70.75,70.175,70.25,359784,17:25,17:20,True,142363.14285714287,2.5272271514898517,1.3249999999999988
2016-05-09,70.25,70.725,70.25,70.45,167008,17:25,17:20,True,160240.0,1.0422366450324514,1.4321428571428558
2016-05-10,72.275,72.4,72.1,72.2,109728,17:25,17:20,True,166515.14285714287,0.6589670952277185,1.5321428571428564
2016-05-11,68.8,69.025,68.525,68.75,591112,17:25,17:20,True,148731.42857142858,3.974358383279545,1.546428571428572
2016-05-12,67.825,67.925,67.575,67.625,180576,17:25,17:20,True,181691.7142857143,0.9938593001331926,1.6750000000000003
2016-05-13,67.4,67.7,67.25,67.325,110548,17:25,17:20,True,187020.85714285713,0.5910998467703373,1.6928571428571442
2016-05-16,68.025,68.025,67.575,67.575,80088,17:25,17:20,True,188928.2857142857,0.42390687925425974,1.7303571428571445
2016-05-17,69.0,69.35,68.925,69.325,132896,17:25,17:20,True,187652.2857142857,0.7082034705526787,1.7607142857142872
2016-05-18,68.875,68.975,68.65,68.875,106592,17:25,17:20,True,186924.2857142857,0.5702415798604477,1.7589285714285725
2016-05-19,69.325,69.325,69.1,69.125,111928,17:25,17:20,True,187646.2857142857,0.5964839622268037,1.7928571428571445
2016-05-20,69.35,69.475,69.15,69.4,50112,17:25,17:20,True,190548.85714285713,0.26298767020381725,1.8142857142857147
2016-05-23,69.7,69.775,69.6,69.625,41688,17:25,17:20,True,186134.2857142857,0.2239673354106866,1.7232142857142867
2016-05-24,69.575,69.625,69.25,69.45,70148,17:25,17:20,True,182867.14285714287,0.38360089682595483,1.6339285714285734
2016-05-25,72.15,72.225,71.95,71.95,89636,17:25,17:20,True,175413.14285714287,0.5109993387040553,1.7267857142857161
2016-05-26,72.4,72.55,72.325,72.325,83716,17:25,17:20,True,157274.57142857142,0.5322920243214324,1.6464285714285734
2016-05-27,73.0,73.025,72.625,72.675,58404,17:25,17:20,True,137555.42857142858,0.42458520617143425,1.5500000000000023
2016-05-30,73.425,73.425,73.275,73.425,54848,17:25,17:20,True,129798.0,0.42256429220789227,1.4517857142857165
2016-05-31,72.875,73.05,72.85,72.925,115708,17:25,17:20,True,125878.0,0.9192074866140231,1.4303571428571442
2016-06-01,72.575,72.65,72.45,72.475,268992,17:25,17:20,True,91920.57142857143,2.9263525652582043,1.2196428571428584
2016-06-02,71.775,72.15,71.65,71.65,89512,17:25,17:20,True,98236.0,0.9111934525021377,1.2053571428571428
2016-06-03,71.8,71.8,71.575,71.675,50296,17:25,17:20,True,96733.42857142857,0.5199443537025168,1.1625000000000003
2016-06-07,71.6,71.875,71.4,71.425,200780,17:25,17:20,True,94605.42857142857,2.122288361586016,1.1803571428571422
2016-06-08,71.425,71.475,71.175,71.425,119560,17:25,17:20,True,99454.28571428571,1.2021603608262232,1.2124999999999997
2016-06-09,71.475,71.5,71.325,71.325,49184,17:25,17:20,True,100380.57142857143,0.48997529402388623,1.1749999999999992
2016-06-10,70.5,70.8,70.5,70.8,110496,17:25,17:20,True,95898.85714285714,1.1522139396864552,1.1660714285714289
2016-06-13,68.25,68.4,68.025,68.1,147032,17:25,17:20,True,100212.0,1.467209515826448,1.2249999999999994
2016-06-14,66.975,67.25,66.775,67.025,181108,17:25,17:20,True,107736.57142857143,1.6810262067794992,1.2910714285714278
2016-06-15,66.3,66.325,66.025,66.075,227500,17:25,17:20,True,115662.28571428571,1.9669332885395412,1.2482142857142844
2016-06-16,66.275,66.4,66.1,66.15,197112,17:25,17:20,True,125509.71428571429,1.5704919824077361,1.2303571428571414
2016-06-17,66.6,66.9,66.425,66.775,75204,17:25,17:20,True,133609.42857142858,0.5628644685041474,1.266071428571426
2016-06-20,68.95,69.25,68.9,69.175,253556,17:25,17:20,True,134809.42857142858,1.880847672799486,1.3160714285714263
2016-06-21,69.625,69.625,69.375,69.375,60908,17:25,17:20,True,149002.85714285713,0.4087706851258845,1.4267857142857119
2016-06-22,70.25,70.35,70.175,70.325,86732,17:25,17:20,True,145088.57142857142,0.5977865737185168,1.4553571428571408
2016-06-23,70.775,70.85,70.55,70.55,69800,17:25,17:20,True,132070.0,0.5285076096009692,1.4357142857142844
2016-06-27,66.5,67.225,66.45,67.225,625828,17:25,17:20,True,130662.0,4.789671059680703,1.4696428571428553
2016-06-28,67.35,67.375,66.8,67.275,206612,17:25,17:20,True,171771.42857142858,1.2028310046573518,1.8017857142857128
2016-06-29,68.15,68.4,68.075,68.275,120740,17:25,17:20,True,172188.0,0.7012103050154482,1.885714285714285
2016-06-30,69.0,69.075,68.775,68.8,101940,17:25,17:20,True,172272.2857142857,0.5917376644614091,1.9499999999999988
2016-07-01,70.75,70.925,70.5,70.725,132856,17:25,17:20,True,176040.57142857142,0.7546896656939472,2.0357142857142847
2016-07-04,71.375,71.375,71.075,71.2,163468,17:25,17:20,True,177637.7142857143,0.9202325117574774,1.9892857142857139
2016-07-05,69.925,70.25,69.925,70.025,120976,17:25,17:20,True,178811.7142857143,0.6765552272861637,1.937499999999999
2016-07-06,68.4,68.675,68.1,68.2,130388,17:25,17:20,True,174516.57142857142,0.7471382169192283,1.9178571428571425
2016-07-07,68.025,68.175,68.0,68.125,77564,17:25,17:20,True,167580.0,0.4628475951784222,1.9875000000000003
2016-07-08,68.25,68.375,68.2,68.375,55536,17:25,17:20,True,159040.85714285713,0.34919328905600183,1.9696428571428573
2016-07-11,69.525,69.525,69.125,69.325,297068,17:25,17:20,True,157636.0,1.884518764749169,1.9464285714285714
2016-07-12,69.75,69.8,69.5,69.725,208464,17:25,17:20,True,160744.0,1.2968695565619868,1.8500000000000003
2016-07-13,70.0,70.2,69.75,69.975,131180,17:25,17:20,True,171283.7142857143,0.7658638215959152,1.8321428571428575
2016-07-14,70.55,70.75,70.45,70.725,98808,17:25,17:20,True,174458.57142857142,0.5663694204927899,1.8160714285714294
2016-07-15,70.65,70.65,70.375,70.6,144760,17:25,17:20,True,176530.57142857142,0.8200279352665747,1.7767857142857153
2016-07-18,70.75,71.075,70.55,71.025,56364,17:25,17:20,True,142168.57142857142,0.39645893205249305,1.3821428571428578
2016-07-19,71.5,71.5,70.3,70.325,191040,17:25,17:20,True,131436.57142857142,1.453476744893789,1.2874999999999994
2016-07-20,71.525,71.975,71.525,71.925,198260,17:25,17:20,True,136458.0,1.4529012589954418,1.266071428571428
2016-07-21,73.9,74.1,73.825,74.0,108940,17:25,17:20,True,143338.0,0.7600217667331761,1.3214285714285705
2016-07-22,73.8,73.85,73.525,73.625,68676,17:25,17:20,True,141629.7142857143,0.48489824572728885,1.2821428571428564
2016-07-25,74.0,74.3,74.0,74.15,58904,17:25,17:20,True,134858.85714285713,0.43678258327224656,1.2410714285714275
2016-07-26,74.5,74.725,74.5,74.575,53512,17:25,17:20,True,130425.14285714286,0.4102889889767091,1.2142857142857133
2016-07-27,74.375,74.6,74.35,74.6,74460,17:25,17:20,True,124934.0,0.5959946851937823,1.1446428571428566
2016-07-28,74.2,74.25,74.05,74.05,83048,17:25,17:20,True,124712.28571428571,0.6659167500967943,1.1107142857142864
2016-07-29,73.75,73.775,73.5,73.75,65284,17:25,17:20,True,126677.42857142857,0.5153562140960957,1.0928571428571436
2016-08-01,74.125,74.35,74.1,74.2,176024,17:25,17:20,True,110121.42857142857,1.598453655056107,1.062500000000001
2016-08-02,72.725,72.925,72.6,72.6,91908,17:25,17:20,True,107804.28571428571,0.8525449558061567,1.1267857142857147
2016-08-03,71.625,71.825,71.425,71.5,99488,17:25,17:20,True,104999.14285714286,0.9475124967006534,1.1732142857142855
2016-08-04,71.075,71.525,71.05,71.4,82412,17:25,17:20,True,105047.71428571429,0.7845196876521418,1.1946428571428567
2016-08-05,71.475,71.725,71.425,71.425,60328,17:25,17:20,True,100594.28571428571,0.5997159736423541,1.1857142857142853
2016-08-08,73.0,73.125,72.775,72.95,113768,17:25,17:20,True,100877.42857142857,1.1277844966026664,1.2107142857142859
2016-08-09,72.925,73.0,72.825,72.975,47792,17:25,17:20,True,95358.0,0.5011850080748338,1.1517857142857142
2016-08-10,74.25,74.25,74.0,74.075,115552,17:25,17:20,True,84610.28571428571,1.3656968419915174,1.0785714285714292
2016-08-11,74.1,74.225,73.975,74.075,99896,17:25,17:20,True,85082.57142857143,1.1741064982252534,1.057142857142857
2016-08-12,74.3,74.45,74.15,74.35,78584,17:25,17:20,True,87312.57142857143,0.9000307597662257,1.057142857142857
2016-08-15,74.35,74.375,74.15,74.3,77600,17:25,17:20,True,88718.28571428571,0.874678758445674,1.0035714285714283
2016-08-16,74.25,74.25,74.125,74.25,67236,17:25,17:20,True,90438.85714285714,0.7434415042838729,0.9607142857142849
2016-08-17,74.125,74.3,74.125,74.15,60952,17:25,17:20,True,89922.85714285714,0.6778254376767388,0.9285714285714265
2016-08-18,74.325,74.625,74.25,74.425,94176,17:25,17:20,True,88344.57142857143,1.0660077747521068,0.9339285714285696
2016-08-19,74.275,74.475,74.2,74.2,84196,17:25,17:20,True,90408.28571428571,0.9312863233142348,0.9357142857142833
2016-08-22,73.5,73.7,73.425,73.7,66176,17:25,17:20,True,83849.14285714286,0.7892269109148403,0.8946428571428555
2016-08-23,73.375,73.5,73.375,73.475,60200,17:25,17:20,True,82011.14285714286,0.7340465929716868,0.8696428571428549
2016-08-24,73.9,73.975,73.575,73.75,99824,17:25,17:20,True,79204.85714285714,1.260326747638132,0.8571428571428541
2016-08-25,73.625,74.0,73.6,73.875,92832,17:25,17:20,True,80448.57142857143,1.153929751038818,0.8624999999999972
2016-08-26,73.675,73.725,73.55,73.55,58376,17:25,17:20,True,82770.28571428571,0.7052772561581796,0.8178571428571401
2016-08-29,74.125,74.175,74.025,74.175,63628,17:25,17:20,True,78813.71428571429,0.8073214233925929,0.8660714285714265
2016-08-30,75.25,75.45,75.125,75.45,220732,17:25,17:20,True,79944.85714285714,2.7610531544957775,0.8142857142857116
2016-08-31,75.55,75.825,75.5,75.75,68772,17:25,17:20,True,87457.71428571429,0.7863457278946233,0.8714285714285696
2016-09-01,75.65,75.925,75.6,75.875,89112,17:25,17:20,True,85234.57142857143,1.0454912661193814,0.8767857142857126
2016-09-02,75.575,75.625,75.5,75.525,123516,17:25,17:20,True,85986.57142857143,1.4364568553893797,0.9249999999999982
2016-09-05,76.0,76.125,75.875,76.1,140224,17:25,17:20,True,89266.28571428571,1.5708506170942798,0.9267857142857119
2016-09-06,76.475,76.55,76.425,76.55,113508,17:25,17:20,True,94479.71428571429,1.2014007542057403,0.9535714285714272
2016-09-07,76.25,76.375,76.175,76.275,142688,17:25,17:20,True,98233.71428571429,1.452535934709643,0.9285714285714276
2016-09-08,77.0,77.1,76.875,77.025,99768,17:25,17:20,True,101698.85714285714,0.9810139740297685,0.9517857142857135
2016-09-09,76.75,76.925,76.675,76.875,78316,17:25,17:20,True,102811.14285714286,0.7617462253952462,0.9321428571428569
2016-09-12,75.025,75.075,74.8,75.025,288708,17:25,17:20,True,103678.28571428571,2.784652524016601,0.914285714285714
2016-09-13,75.85,76.1,75.85,76.1,105504,17:25,17:20,True,120000.28571428571,0.8791979066716508,0.9589285714285722
2016-09-14,75.3,75.525,75.3,75.45,119324,17:25,17:20,True,120406.0,0.9910137368569673,0.9696428571428584
2016-09-15,75.025,75.1,75.0,75.05,48644,17:25,17:20,True,122298.28571428571,0.397748829559578,0.9446428571428588
2016-09-16,75.75,76.05,75.75,75.875,77788,17:25,17:20,True,121603.14285714286,0.6396874140940906,0.9517857142857155
2016-09-19,76.5,76.725,76.475,76.725,67496,17:25,17:20,True,122614.57142857143,0.5504729104674112,0.9678571428571446
2016-09-20,77.25,77.35,77.05,77.25,78668,17:25,17:20,True,111669.14285714286,0.7044739306420498,0.9678571428571446
2016-09-21,77.475,77.575,77.375,77.5,96336,17:25,17:20,True,112376.0,0.8572648964191643,0.9625000000000016
2016-09-22,77.7,77.875,77.575,77.875,90016,17:25,17:20,True,112892.0,0.7973638521773022,0.9446428571428588
2016-09-23,78.725,78.775,78.625,78.7,101304,17:25,17:20,True,110499.14285714286,0.9167853920004551,1.0107142857142881
2016-09-26,78.25,78.25,78.125,78.225,87968,17:25,17:20,True,107719.14285714286,0.8166422203773305,1.0017857142857167
2016-09-27,77.5,77.95,77.475,77.925,129732,17:25,17:20,True,105894.85714285714,1.2251019879557081,1.0517857142857159
2016-09-28,77.4,77.525,77.4,77.5,93000,17:25,17:20,True,104969.42857142857,0.8859722422582902,1.1053571428571445
2016-09-29,78.05,78.275,78.05,78.275,88872,17:25,17:20,True,104486.0,0.8505637118848458,1.125000000000001
2016-09-30,77.125,77.175,76.75,76.825,181816,17:25,17:20,True,105240.0,1.7276320790573927,1.1410714285714303
2016-10-03,78.425,78.425,78.15,78.175,112128,17:25,17:20,True,97604.85714285714,1.148795288290688,1.1678571428571434
2016-10-04,78.825,79.125,78.8,79.125,122212,17:25,17:20,True,98078.0,1.2460694549236322,1.1625000000000003
2016-10-05,79.175,79.325,79.0,79.1,111528,17:25,17:20,True,98284.28571428571,1.1347490515850522,1.1946428571428578
2016-10-06,79.9,80.0,79.8,79.975,121552,17:20,17:20,True,102776.0,1.1826885654238344,1.1660714285714298
2016-10-07,79.8,79.9,79.4,79.525,87552,17:20,17:20,True,105902.0,0.8267265962871334,1.1446428571428586
2016-10-10,79.4,79.425,79.275,79.4,36468,17:20,17:20,True,107334.57142857143,0.3397600560064524,1.1214285714285726
2016-10-11,80.25,80.25,80.025,80.025,36696,17:20,17:20,True,104320.28571428571,0.3517628402639125,1.182142857142859
2016-10-12,79.75,80.125,79.75,79.8,117940,17:20,17:20,True,100060.28571428571,1.1786894186647479,1.1678571428571445
2016-10-13,79.375,79.375,79.025,79.3,221972,17:20,17:20,True,102054.85714285714,2.175026316378866,1.1089285714285728
2016-10-14,78.4,78.6,78.35,78.6,152984,17:20,17:20,True,110674.0,1.3822939443771798,1.1928571428571442
2016-10-17,79.0,79.075,78.8,78.825,61432,17:20,17:20,True,115318.0,0.5327182226538788,1.1732142857142875
2016-10-18,79.35,79.85,79.35,79.8,180556,17:20,17:20,True,110439.42857142857,1.6348871262333846,1.1125000000000023
2016-10-19,80.25,80.7,80.25,80.5,62040,17:20,17:20,True,116693.42857142857,0.5316494746919278,1.1375000000000017
2016-10-20,79.65,79.875,79.65,79.725,114760,17:20,17:20,True,114776.85714285714,0.999853131168802,1.1732142857142875
2016-10-21,80.05,80.375,80.0,80.325,57068,17:20,17:20,True,109987.14285714286,0.5188606460495383,1.0982142857142878
2016-10-24,81.0,81.25,81.0,81.225,87792,17:20,17:20,True,106054.28571428571,0.8278024731269701,1.1053571428571456
2016-10-25,81.5,81.625,81.45,81.525,25900,17:20,17:20,True,103595.71428571429,0.2500103424024711,1.1017857142857161
2016-10-26,81.725,81.8,81.575,81.625,142704,17:20,17:20,True,97479.42857142857,1.4639396444084907,1.0767857142857156
2016-10-27,80.9,80.9,80.4,80.4,30676,17:20,17:20,True,98990.28571428571,0.30988899343658544,1.1178571428571433
2016-10-28,80.0,80.2,79.825,79.925,93552,17:20,17:20,True,94927.71428571429,0.9855077698218494,1.1267857142857147
2016-10-31,80.275,80.3,80.075,80.125,41932,17:20,17:20,True,99005.14285714286,0.42353355381250035,1.0874999999999997
2016-11-01,80.475,80.8,80.475,80.7,60560,17:20,17:20,True,99379.14285714286,0.6093834003685741,1.096428571428571
2016-11-02,78.775,78.8,78.35,78.45,69088,17:20,17:20,True,95280.57142857143,0.7251006051301119,1.1732142857142855
2016-11-03,77.75,77.8,77.55,77.8,53616,17:20,17:20,True,84360.28571428571,0.6355597251245508,1.1232142857142853
2016-11-07,77.425,77.7,77.425,77.6,198300,17:20,17:20,True,77262.57142857143,2.5665726150899157,1.119642857142857
2016-11-08,78.25,78.35,78.1,78.35,38936,17:20,17:20,True,87038.85714285714,0.4473404325161832,1.1053571428571425
2016-11-09,75.775,75.95,75.75,75.85,306928,17:20,17:20,True,76923.14285714286,3.9900605799480746,1.0696428571428567
2016-11-10,78.625,78.975,78.625,78.975,135324,17:20,17:20,True,94415.14285714286,1.4332870332543508,1.153571428571429
2016-11-11,78.75,79.225,78.75,79.025,72524,17:20,17:20,True,95884.0,0.7563722831755038,1.2392857142857159
2016-11-14,78.075,78.25,78.075,78.2,119196,17:20,17:20,True,96988.0,1.2289767806326557,1.2982142857142864
2016-11-15,77.45,77.625,77.425,77.525,18152,17:20,17:20,True,99231.14285714286,0.18292644302335961,1.3428571428571436
2016-11-16,78.225,78.5,78.125,78.425,148012,17:20,17:20,True,98677.71428571429,1.4999536731408452,1.3857142857142861
2016-11-17,76.85,76.9,76.325,76.475,104904,17:20,17:20,True,99056.85714285714,1.0590281483361648,1.403571428571429
2016-11-18,77.375,77.55,77.35,77.425,38180,17:20,17:20,True,104358.85714285714,0.36585299077907,1.3964285714285711
2016-11-21,77.65,77.65,77.475,77.5,71580,17:20,17:20,True,100403.71428571429,0.712921832715352,1.3821428571428578
2016-11-22,77.3,77.65,77.3,77.4,40200,17:20,17:20,True,102521.42857142857,0.3921131470772661,1.4053571428571447
2016-11-23,77.025,77.35,77.025,77.075,36680,17:20,17:20,True,101067.14285714286,0.36292704991024355,1.3482142857142878
2016-11-24,77.5,77.775,77.475,77.575,88432,17:20,17:20,True,98752.28571428571,0.8954931965408396,1.3285714285714303
2016-11-25,77.875,78.0,77.8,77.8,13180,17:20,17:20,True,101239.14285714286,0.1301867995721587,1.2928571428571434
2016-11-28,78.275,78.275,77.875,78.0,62688,17:20,17:20,True,88016.28571428571,0.7122318272267795,1.3000000000000003
2016-11-29,77.3,77.35,77.225,77.275,26208,17:20,17:20,True,89712.85714285714,0.29213204031911333,1.3107142857142864
2016-11-30,77.175,77.2,76.9,77.025,55748,17:20,17:20,True,69661.42857142857,0.8002706970448906,1.2232142857142858
2016-12-01,77.6,77.675,77.375,77.475,57612,17:20,17:20,True,63977.42857142857,0.9005050888482992,1.1446428571428555
2016-12-02,77.8,77.8,77.525,77.625,64184,17:20,17:20,True,62912.28571428572,1.020214084916414,1.0874999999999986
2016-12-05,77.35,77.5,77.25,77.475,112420,17:20,17:20,True,58982.857142857145,1.9059775237357102,1.028571428571427
2016-12-06,79.025,79.025,78.8,78.975,36176,17:20,17:20,True,65716.28571428571,0.5504875938558392,1.0839285714285702
2016-12-07,79.95,80.2,79.95,80.2,137680,17:20,17:20,True,57728.0,2.3849778270509976,1.0035714285714274
2016-12-08,81.05,81.45,81.05,81.45,111948,17:20,17:20,True,60069.142857142855,1.8636523625155774,1.0607142857142853
2016-12-09,81.725,81.725,81.55,81.675,112232,17:20,17:20,True,65338.28571428572,1.7177065295342042,1.0535714285714286
2016-12-12,83.4,83.4,82.875,83.075,75436,17:20,17:20,True,68242.0,1.1054189502066176,1.142857142857142
2016-12-13,83.5,83.575,83.35,83.575,29944,17:20,17:20,True,70758.85714285714,0.4231837710372452,1.1624999999999994
2016-12-14,84.375,84.375,83.875,84.0,98356,17:20,17:20,True,70277.71428571429,1.3995332802107556,1.203571428571428
2016-12-15,84.35,84.675,84.3,84.425,155508,17:20,17:20,True,70986.57142857143,2.190667852672336,1.2410714285714286
2016-12-16,85.275,85.6,85.275,85.6,49284,17:20,17:20,True,81152.85714285714,0.6072983963243966,1.2750000000000006
2016-12-19,85.55,85.675,85.475,85.475,105088,17:20,17:20,True,80195.42857142857,1.3103988827293327,1.2750000000000006
2016-12-20,85.9,86.225,85.875,86.175,48688,17:20,17:20,True,85829.71428571429,0.567262752826194,1.2410714285714295
2016-12-21,86.025,86.125,86.025,86.075,32076,17:20,17:20,True,85325.42857142857,0.37592544845114,1.2071428571428595
2016-12-22,85.225,85.225,84.9,84.95,54160,17:20,17:20,True,83501.42857142857,0.6486116576277566,1.2125000000000026
2016-12-23,85.225,85.775,85.225,85.675,26740,17:20,17:20,True,82785.42857142857,0.32300370320518795,1.1964285714285734
2016-12-27,85.65,86.0,85.625,86.0,27768,17:20,17:20,True,76665.42857142857,0.3621971534944043,1.119642857142859
2016-12-28,85.775,86.05,85.775,85.9,47600,17:20,17:20,True,76064.85714285714,0.6257817576729633,1.1178571428571453
2016-12-29,85.2,85.275,84.925,85.275,44636,17:20,17:20,True,69630.57142857143,0.641040265564797,1.0464285714285728
2016-12-30,85.175,85.425,85.0,85.275,74388,17:20,17:20,True,64822.57142857143,1.1475632385544718,1.0607142857142873
2017-01-02,84.75,84.875,84.75,84.825,32272,17:20,17:20,True,62119.42857142857,0.5195154035084492,0.9321428571428589
2017-01-03,85.625,86.125,85.625,86.05,74844,17:20,17:20,True,59036.28571428572,1.2677626834827975,0.9892857142857149
2017-01-04,86.0,86.125,85.85,86.125,43328,17:20,17:20,True,62243.42857142857,0.6961056129849622,0.9482142857142861
2017-01-09,84.875,85.625,84.875,85.625,86532,17:20,17:20,True,58312.857142857145,1.483926602807516,0.9250000000000002
2017-01-10,85.375,85.425,85.25,85.425,38828,17:20,17:20,True,53386.0,0.7273067845502567,0.8999999999999996
2017-01-11,84.925,85.15,84.825,85.05,84764,17:20,17:20,True,52639.142857142855,1.6102845791019178,0.8892857142857145
2017-01-12,84.8,84.975,84.75,84.875,66176,17:20,17:20,True,51187.42857142857,1.2928174328518163,0.8625000000000002
2017-01-13,84.875,85.275,84.875,85.225,34424,17:20,17:20,True,52436.57142857143,0.6564883832439737,0.8696428571428569
2017-01-16,85.5,85.7,85.325,85.425,23220,17:20,17:20,True,52604.28571428572,0.44140890204491756,0.8714285714285707
2017-01-17,84.875,84.95,84.75,84.75,27220,17:20,17:20,True,50394.28571428572,0.5401406055108289,0.8928571428571429
2017-01-18,85.2,85.275,85.175,85.225,19376,17:20,17:20,True,50428.57142857143,0.38422662889518416,0.9071428571428574
2017-01-19,85.375,85.4,85.2,85.25,102744,17:20,17:20,True,49829.142857142855,2.061925895345237,0.9267857142857139
2017-01-20,85.45,85.625,85.425,85.575,23528,17:20,17:20,True,53768.0,0.4375836929028418,0.9785714285714288
2017-01-23,86.225,86.225,85.95,86.025,47012,17:20,17:20,True,52260.28571428572,0.8995741098129691,1.0124999999999997
2017-01-24,86.0,86.275,85.825,86.225,28808,17:20,17:20,True,50304.857142857145,0.5726683592041666,1.0535714285714286
2017-01-25,87.75,88.2,87.675,88.125,115848,17:20,17:20,True,50057.42857142857,2.314301859007654,1.0107142857142861
2017-01-26,89.3,89.425,89.2,89.425,158232,17:20,17:20,True,52986.28571428572,2.986282164657162,1.0607142857142864
2017-01-27,89.1,89.1,88.925,89.0,29192,17:20,17:20,True,61193.71428571428,0.4770424600098983,1.0660714285714294
2017-01-30,88.625,88.625,88.45,88.5,31328,17:20,17:20,True,57098.0,0.5486707065046061,1.0464285714285728
2017-01-31,87.85,88.225,87.85,88.2,28016,17:20,17:20,True,56562.28571428572,0.49531237371696435,1.0500000000000012
2017-02-01,87.425,87.575,87.175,87.575,167512,17:20,17:20,True,52508.857142857145,3.1901665569346123,1.1285714285714294
2017-02-02,87.825,87.825,87.425,87.475,88756,17:20,17:20,True,59747.142857142855,1.485527102312125,1.1857142857142864
2017-02-03,88.0,88.225,87.875,88.125,62000,17:20,17:20,True,63628.0,0.9744137800968127,1.1857142857142864
2017-02-06,88.55,88.575,88.475,88.5,39468,17:20,17:20,True,66398.0,0.5944154944426037,1.250000000000001
2017-02-07,88.2,88.275,88.15,88.175,25256,17:20,17:20,True,67272.85714285714,0.37542630226582574,1.2357142857142864
2017-02-08,88.825,88.925,88.65,88.725,20880,17:20,17:20,True,67692.85714285714,0.3084520417853751,1.2357142857142864
2017-02-09,88.925,89.0,88.9,89.0,3068,17:20,17:20,True,61845.42857142857,0.04960754692574575,1.2035714285714292
2017-02-10,89.25,89.45,89.2,89.4,195512,17:20,17:20,True,60384.0,3.237811340752517,1.1660714285714298
2017-02-13,89.125,89.15,89.025,89.1,63720,17:20,17:20,True,70991.14285714286,0.8975767600787221,1.1678571428571434
2017-02-14,89.05,89.05,88.8,88.95,73056,17:20,17:20,True,73484.85714285714,0.9941640065786148,1.1178571428571442
2017-02-15,89.825,89.825,89.525,89.525,13200,17:20,17:20,True,70428.28571428571,0.18742469543486992,1.0767857142857165
2017-02-16,89.625,89.85,89.625,89.75,35208,17:20,17:20,True,60068.857142857145,0.586127349089854,1.09107142857143
2017-02-17,89.975,90.175,89.925,90.075,40644,17:20,17:20,True,60498.57142857143,0.6718175163522161,1.101785714285715
2017-02-20,90.3,90.625,90.3,90.5,80808,17:20,17:20,True,61164.0,1.3211693152835,1.0750000000000008
2017-02-21,89.775,89.8,89.625,89.75,65120,17:20,17:20,True,64934.857142857145,1.0028512091238693,1.017857142857144
2017-02-22,90.75,91.225,90.675,91.2,130676,17:20,17:20,True,57621.142857142855,2.267848111308349,1.0214285714285722
2017-02-23,90.325,90.6,90.325,90.425,29604,17:20,17:20,True,60615.42857142857,0.4883905087813569,1.0357142857142878
2017-02-24,91.325,91.325,91.0,91.025,67984,17:20,17:20,True,58301.42857142857,1.1660777731493959,1.0250000000000017
2017-02-27,89.975,90.075,89.85,90.0,78304,17:20,17:20,True,60338.28571428572,1.2977498295325403,1.1017857142857161
2017-02-28,89.55,90.0,89.525,89.65,64272,17:20,17:20,True,64127.42857142857,1.002254439820714,1.096428571428574
2017-03-01,89.775,89.95,89.75,89.9,32660,17:20,17:20,True,67226.85714285714,0.4858177429088714,1.0982142857142887
2017-03-02,91.0,91.15,90.875,90.9,23464,17:20,17:20,True,69340.57142857143,0.3383877507293194,1.1625000000000014
2017-03-03,90.325,90.325,89.75,89.825,66012,17:20,17:20,True,57051.42857142857,1.157061298076923,1.1517857142857164
2017-03-06,90.225,90.225,89.65,89.65,80128,17:20,17:20,True,57215.142857142855,1.4004684074645575,1.1750000000000012
2017-03-07,89.875,90.05,89.875,89.925,27024,17:20,17:20,True,57720.28571428572,0.4681889506536449,1.1660714285714289
2017-03-08,89.925,89.925,89.825,89.825,36040,17:20,17:20,True,58707.71428571428,0.6138886590713316,1.1500000000000006
2017-03-09,89.75,89.825,89.5,89.5,63132,17:20,17:20,True,58767.142857142855,1.0742737681406034,1.1607142857142858
2017-03-10,91.0,91.525,91.0,91.525,128756,17:20,17:20,True,60373.42857142857,2.1326600633201926,1.1999999999999997
2017-03-13,91.45,91.5,91.325,91.425,84132,17:20,17:20,True,63798.28571428572,1.3187188191353103,1.2517857142857136
2017-03-14,91.9,91.95,91.6,91.6,39440,17:20,17:20,True,65156.28571428572,0.6053138168886238,1.2178571428571427
2017-03-15,91.75,91.925,91.625,91.825,72484,17:20,17:20,True,58639.42857142857,1.2360966292791784,1.182142857142857
2017-03-16,92.875,92.95,92.35,92.35,228264,17:20,17:20,True,61702.28571428572,3.699441558080738,1.158928571428572
2017-03-17,92.775,92.825,92.775,92.825,51700,17:20,17:20,True,73150.85714285714,0.7067586357742122,1.0750000000000008
2017-03-20,93.0,93.0,92.75,92.75,26280,17:20,17:20,True,71250.57142857143,0.3688391471547095,1.0767857142857145
2017-03-21,93.25,93.375,93.075,93.15,39848,17:20,17:20,True,68536.85714285714,0.5814097941045276,1.0500000000000003
2017-03-22,91.725,91.725,91.375,91.5,70084,17:20,17:20,True,69050.28571428571,1.0149704563134114,1.044642857142858
2017-03-23,91.2,91.2,90.875,90.925,25816,17:20,17:20,True,72380.28571428571,0.3566717061867675,1.0928571428571436
2017-03-24,91.625,91.625,91.375,91.625,43908,17:20,17:20,True,69509.14285714286,0.6316866845882556,1.101785714285715
2017-03-27,90.35,90.425,89.275,90.05,200148,17:20,17:20,True,66922.0,2.990765368638116,1.1107142857142875
2017-03-28,91.375,91.625,91.325,91.525,40412,17:20,17:20,True,79288.0,0.5096862072444759,1.2089285714285734
2017-03-29,91.775,92.25,91.775,92.125,111160,17:20,17:20,True,79600.28571428571,1.3964773995786088,1.2375000000000023
2017-03-30,92.9,93.2,92.825,93.175,74200,17:20,17:20,True,83030.85714285714,0.8936436711996917,1.2660714285714303
2017-03-31,93.4,93.475,93.0,93.45,155684,17:20,17:20,True,79134.0,1.9673465261455254,1.2339285714285728
2017-04-03,94.6,94.675,94.5,94.55,73460,17:20,17:20,True,84244.85714285714,0.8719820116191916,1.283928571428572
2017-04-04,93.7,93.85,93.6,93.7,48812,17:20,17:20,True,86674.85714285714,0.5631621626967122,1.3053571428571422
2017-04-05,94.275,94.3,93.85,93.85,53284,17:20,17:20,True,84984.0,0.6269886096206345,1.2464285714285697
2017-04-06,95.025,95.05,94.6,94.725,59332,17:20,17:20,True,72485.42857142857,0.8185369276189501,1.34642857142857
2017-04-07,95.225,95.35,95.075,95.225,73432,17:20,17:20,True,73030.57142857143,1.0054967195734075,1.3857142857142841
2017-04-10,95.4,95.575,95.25,95.525,43700,17:20,17:20,True,76398.57142857143,0.5720002243871426,1.4071428571428553
2017-04-11,96.075,96.15,95.775,95.975,116896,17:20,17:20,True,76673.71428571429,1.524590286110345,1.3821428571428558
2017-04-12,96.225,96.35,96.15,96.35,9064,17:20,17:20,True,80017.42857142857,0.11327532216195758,1.3607142857142835
2017-04-18,96.75,96.925,96.45,96.875,55820,17:20,17:20,True,78820.85714285714,0.7081881880430487,1.3624999999999983
2017-04-19,96.35,96.425,96.125,96.2,19324,17:20,17:20,True,79671.71428571429,0.24254530197130367,1.357142857142854
2017-04-20,96.2,96.2,95.775,95.95,38584,17:20,17:20,True,66755.71428571429,0.5779879732072161,1.2624999999999977
2017-04-21,96.925,97.1,96.85,96.95,35704,17:20,17:20,True,66625.14285714286,0.5358937852719694,1.2732142857142839
2017-04-24,98.0,98.45,97.95,98.35,99148,17:20,17:20,True,61235.42857142857,1.6191280491218902,1.2071428571428555
2017-04-25,99.875,100.075,99.425,99.825,119120,17:20,17:20,True,63017.42857142857,1.890270718758076,1.3267857142857125
2017-04-26,101.3,101.425,101.05,101.15,68260,17:20,17:20,True,60405.71428571428,1.1300255415760099,1.341071428571428
2017-04-27,101.2,101.225,100.85,101.1,85964,17:20,17:20,True,60034.28571428572,1.4319150961355416,1.3053571428571433
2017-04-28,101.125,101.125,100.925,101.1,69512,17:20,17:20,True,62688.0,1.1088565594691169,1.3375000000000006
2017-05-02,101.75,101.825,101.6,101.7,61828,17:20,17:20,True,63847.142857142855,0.9683753607947554,1.2196428571428573
2017-05-03,102.375,102.375,102.0,102.15,68012,17:25,17:20,True,64025.42857142857,1.0622654391781836,1.2196428571428584
2017-05-04,99.875,99.875,99.35,99.45,255776,17:25,17:20,True,63638.28571428572,4.019215746136647,1.210714285714287
2017-05-05,100.725,100.75,100.275,100.35,158120,17:25,17:20,True,78786.57142857143,2.0069409942956193,1.341071428571429
2017-05-08,101.75,101.95,101.4,101.4,109496,17:25,17:20,True,81731.14285714286,1.3397096403189552,1.3625000000000012
2017-05-09,101.85,102.05,101.675,101.975,95164,17:25,17:20,True,88904.85714285714,1.0704027097989182,1.3607142857142864
2017-05-10,103.25,103.25,102.75,102.825,107120,17:25,17:20,True,91715.14285714286,1.167964162328701,1.4214285714285728
2017-05-11,102.375,102.625,102.375,102.5,86600,17:25,17:20,True,97986.28571428571,0.8837971494553174,1.4785714285714298
2017-05-12,102.6,102.825,102.6,102.75,95468,17:25,17:20,True,101416.0,0.9413504772422497,1.4482142857142861
2017-05-15,103.0,103.0,102.7,102.8,63512,17:25,17:20,True,105684.85714285714,0.600956482480258,1.494642857142858
2017-05-16,103.5,103.575,103.325,103.45,161012,17:25,17:20,True,103139.42857142857,1.5611100646004854,1.3767857142857156
2017-05-17,102.55,102.65,102.175,102.275,106888,17:25,17:20,True,106131.71428571429,1.0071259163142294,1.3232142857142861
2017-05-18,100.0,100.4,99.85,100.275,298328,17:25,17:20,True,108890.85714285714,2.7396974165481556,1.4375
2017-05-19,99.75,99.85,99.5,99.775,162188,17:25,17:20,True,124059.71428571429,1.3073381712493293,1.5446428571428572
2017-05-22,99.95,100.325,99.95,100.15,100128,17:25,17:20,True,130679.42857142857,0.7662108802784569,1.578571428571428
2017-05-23,99.025,99.375,99.0,99.25,82888,17:25,17:20,True,133415.14285714287,0.6212788010784811,1.5839285714285702
2017-05-26,99.925,100.075,99.55,100.05,217312,17:25,17:20,True,134477.7142857143,1.6159703572764048,1.5660714285714274
2017-05-29,99.45,99.45,99.375,99.4,49328,17:25,17:20,True,131730.2857142857,0.374462104386452,1.4678571428571427
2017-05-30,99.325,99.4,99.125,99.35,68816,17:25,17:20,True,123959.42857142857,0.5551493806729391,1.380357142857142
2017-05-31,99.875,99.9,99.65,99.7,84516,17:25,17:20,True,121053.71428571429,0.6981694076773475,1.3482142857142847
2017-06-01,100.25,100.425,100.1,100.275,63500,17:25,17:20,True,120293.14285714286,0.527877138228993,1.335714285714285
2017-06-02,101.25,101.375,101.15,101.375,70956,17:25,17:20,True,117177.42857142857,0.605543242116351,1.323214285714285
2017-06-05,101.425,101.675,101.3,101.65,48656,17:25,17:20,True,116060.0,0.4192314320179218,1.3125
2017-06-07,101.375,101.375,100.925,100.975,291060,17:25,17:20,True,112716.28571428571,2.582235549686064,1.2749999999999997
2017-06-08,100.7,101.0,100.575,100.975,88700,17:25,17:20,True,128969.71428571429,0.6877583663052677,1.2482142857142853
2017-06-09,100.95,101.0,100.875,100.95,63876,17:25,17:20,True,123804.57142857143,0.5159421761485844,1.2321428571428572
2017-06-12,102.175,102.175,101.75,101.975,101764,17:25,17:20,True,120732.28571428571,0.8428896992874435,1.1803571428571422
2017-06-13,101.25,101.675,101.25,101.6,138224,17:25,17:20,True,106692.0,1.2955423087016833,1.101785714285713
2017-06-14,102.475,103.05,102.45,103.025,200604,17:25,17:20,True,104980.28571428571,1.9108730618810064,1.1267857142857136
2017-06-15,102.375,102.425,102.15,102.25,118208,17:25,17:20,True,112157.14285714286,1.0539498153101516,1.1196428571428558
2017-06-16,101.8,102.3,101.8,102.2,97092,17:25,17:20,True,114680.0,0.8466341123125218,1.1767857142857139
2017-06-19,103.35,103.95,103.35,103.925,166676,17:25,17:20,True,106092.85714285714,1.5710388473709014,1.1624999999999983
2017-06-20,104.825,104.95,104.725,104.95,105652,17:25,17:20,True,114474.85714285714,0.922927554896646,1.2821428571428564
2017-06-21,105.175,105.25,104.525,104.525,78288,17:25,17:20,True,117106.0,0.6685225351391048,1.3357142857142859
2017-06-22,104.7,104.7,104.375,104.475,97328,17:25,17:20,True,116661.14285714286,0.8342795005804357,1.3107142857142853
2017-06-26,104.85,105.675,104.85,105.675,177852,17:25,17:20,True,119077.42857142857,1.493582806865161,1.323214285714285
2017-06-27,105.15,105.325,104.75,104.875,121204,17:25,17:20,True,126712.85714285714,0.9565248762669252,1.3678571428571433
2017-06-28,104.425,104.425,103.825,103.825,212612,17:25,17:20,True,131894.85714285713,1.6119809718563707,1.3964285714285722
2017-06-29,104.375,104.475,104.0,104.475,131548,17:25,17:20,True,126291.42857142857,1.0416225510157913,1.4250000000000003
2017-06-30,101.55,101.75,101.55,101.675,79984,17:25,17:20,True,129352.0,0.6183437442018678,1.5982142857142858
2017-07-03,101.75,102.35,101.75,102.225,72648,17:25,17:20,True,130502.57142857143,0.5566786861342633,1.5928571428571427
2017-07-04,102.5,102.625,102.175,102.625,97120,17:25,17:20,True,128422.85714285714,0.7562516685948206,1.5946428571428573
2017-07-05,102.075,102.175,101.775,101.875,45068,17:25,17:20,True,125486.85714285714,0.3591451808271327,1.567857142857143
2017-07-06,102.55,102.775,102.55,102.775,75792,17:25,17:20,True,114377.14285714286,0.6626498800959233,1.567857142857143
2017-07-07,101.9,101.975,101.45,101.625,104764,17:25,17:20,True,111347.42857142857,0.9408748935121987,1.624999999999999
2017-07-10,101.825,102.075,101.725,102.025,77224,17:25,17:20,True,111895.42857142857,0.6901443694878382,1.578571428571428
2017-07-11,101.6,101.75,101.475,101.675,62800,17:25,17:20,True,105506.0,0.5952268117453036,1.4839285714285708
2017-07-12,101.975,102.2,101.85,101.95,63924,17:25,17:20,True,102445.14285714286,0.6239827308273697,1.442857142857141
2017-07-13,103.425,103.5,102.975,103.0,59172,17:25,17:20,True,101419.14285714286,0.583440150774579,1.4410714285714263
2017-07-14,102.825,102.875,102.35,102.475,89584,17:25,17:20,True,98693.71428571429,0.907697117778524,1.3999999999999975
2017-07-17,102.75,102.975,102.7,102.8,80660,17:25,17:20,True,92388.85714285714,0.8730490071468111,1.3482142857142827
2017-07-18,102.025,102.175,101.9,102.1,55360,17:25,17:20,True,89492.85714285714,0.618596855295714,1.3714285714285677
2017-07-19,100.0,101.5,99.875,101.1,89264,17:25,17:20,True,78260.57142857143,1.1405999006980343,1.5410714285714258
2017-07-20,100.725,101.2,100.725,101.075,104460,17:25,17:20,True,75240.28571428571,1.3883519846890535,1.499999999999997
2017-07-21,99.5,99.9,99.35,99.8,67984,17:25,17:20,True,76988.57142857143,0.8830401543828397,1.5517857142857119
2017-07-24,98.85,99.3,98.825,99.15,113364,17:25,17:20,True,76655.42857142857,1.4788776491460862,1.567857142857141
2017-07-25,97.75,98.425,97.75,98.225,148020,17:25,17:20,True,77815.71428571429,1.9021864845514125,1.6053571428571405
2017-07-26,97.975,98.15,97.85,97.925,68412,17:25,17:20,True,85169.42857142857,0.8032459668626906,1.5749999999999977
2017-07-27,98.075,98.35,97.825,97.95,217696,17:25,17:20,True,84642.28571428571,2.5719532283762256,1.4732142857142836
2017-07-28,97.35,97.525,96.825,96.9,91552,17:25,17:20,True,92708.85714285714,0.9875216114348759,1.4892857142857128
2017-07-31,95.95,96.15,95.8,96.0,122168,17:25,17:20,True,93732.28571428571,1.3033716085020255,1.5785714285714272
2017-08-01,96.025,96.4,95.975,96.15,80280,17:25,17:20,True,97972.85714285714,0.8194106239337425,1.5982142857142847
2017-08-02,97.675,98.175,97.5,97.5,99120,17:25,17:20,True,99141.14285714286,0.9997867398283544,1.6607142857142847
2017-08-03,97.225,97.375,97.05,97.05,49812,17:25,17:20,True,101994.57142857143,0.4883789333325863,1.687499999999999
2017-08-04,96.725,96.975,96.55,96.75,61004,17:25,17:20,True,99153.71428571429,0.6152467453131933,1.6910714285714274
2017-08-07,97.45,97.9,97.45,97.875,79640,17:25,17:20,True,97749.71428571429,0.8147338391928073,1.6839285714285706
2017-08-08,97.825,98.025,97.8,97.9,47076,17:25,17:20,True,99484.0,0.47320172087973944,1.4767857142857121
2017-08-09,97.65,97.65,97.225,97.375,131784,17:25,17:20,True,96470.57142857143,1.366053896525069,1.3357142857142839
2017-08-10,97.05,97.1,96.925,96.925,41080,17:25,17:20,True,98422.28571428571,0.4173851450600619,1.2982142857142844
2017-08-11,95.575,95.7,95.425,95.55,114152,17:25,17:20,True,96500.57142857143,1.1829152751131007,1.2732142857142839
2017-08-14,95.075,95.65,95.075,95.425,196876,17:25,17:20,True,96556.85714285714,2.0389644591343665,1.2642857142857125
2017-08-15,96.5,96.65,96.325,96.525,76840,17:25,17:20,True,100046.57142857143,0.7680423117233973,1.2874999999999983
2017-08-16,95.25,95.725,95.25,95.65,45184,17:25,17:20,True,100648.57142857143,0.44892837880035197,1.3624999999999992
2017-08-17,95.25,95.25,94.825,95.0,72816,17:25,17:20,True,88326.28571428571,0.8243978495319304,1.34642857142857
2017-08-18,93.4,93.425,93.0,93.3,127120,17:25,17:20,True,86988.0,1.4613509909412792,1.2982142857142844
2017-08-21,92.9,93.375,92.625,93.375,127596,17:25,17:20,True,87341.71428571429,1.4608827070030357,1.3160714285714274
2017-08-22,94.0,94.475,94.0,94.375,124952,17:25,17:20,True,90721.42857142857,1.3773151720336982,1.249999999999999
2017-08-23,94.5,94.5,93.925,94.2,191724,17:25,17:20,True,92566.57142857143,2.071201266733131,1.2428571428571413
2017-08-24,93.95,94.275,93.925,94.15,65228,17:25,17:20,True,102703.14285714286,0.6351120149334698,1.2410714285714275
2017-08-25,92.975,93.075,92.65,93.0,152996,17:25,17:20,True,103004.85714285714,1.4853280150450603,1.2357142857142844
2017-08-28,92.75,92.8,92.55,92.65,116724,17:25,17:20,True,108244.57142857143,1.078335832083958,1.283928571428571
2017-08-29,92.25,92.425,92.1,92.125,124464,17:25,17:20,True,113219.42857142857,1.09931662410288,1.2946428571428572
2017-08-30,91.875,92.125,91.825,91.925,102948,17:25,17:20,True,112696.57142857143,0.9134971782637575,1.3196428571428567
2017-08-31,92.1,92.325,92.075,92.325,79176,17:25,17:20,True,117115.71428571429,0.6760493285029457,1.2767857142857142
2017-09-01,93.025,93.425,93.025,93.375,51428,17:25,17:20,True,114617.42857142857,0.4486926695266988,1.2875000000000003
2017-09-04,93.025,93.05,92.75,92.825,51976,17:25,17:20,True,104228.28571428571,0.49867461259488105,1.2642857142857145
2017-09-05,93.75,93.75,93.475,93.5,119484,17:25,17:20,True,102452.28571428571,1.1662404520013498,1.2124999999999997
2017-09-06,92.725,92.725,92.5,92.6,67628,17:25,17:20,True,107759.42857142857,0.6275831349195828,1.2053571428571428
2017-09-07,91.85,91.95,91.725,91.725,60800,17:25,17:20,True,107388.85714285714,0.5661667478136865,1.2267857142857141
2017-09-08,91.5,91.575,91.35,91.45,76764,17:25,17:20,True,102651.71428571429,0.7478102098357553,1.1892857142857136
2017-09-11,92.075,92.8,92.075,92.75,128156,17:25,17:20,True,99020.85714285714,1.2942323839421996,1.1374999999999997
2017-09-12,94.075,94.2,94.0,94.15,118916,17:25,17:20,True,99249.71428571429,1.198149544870946,1.1982142857142861
2017-09-13,94.75,94.9,94.725,94.75,83608,17:25,17:20,True,94049.14285714286,0.8889820519363737,1.2392857142857139
2017-09-14,94.9,95.05,94.85,95.05,108432,17:25,17:20,True,95362.0,1.1370566892472893,1.1910714285714294
2017-09-15,95.325,95.6,95.3,95.525,108560,17:25,17:20,True,92178.85714285714,1.1777104139158034,1.176785714285715
2017-09-18,95.65,95.825,95.5,95.725,56836,17:25,17:20,True,91595.71428571429,0.620509381287334,1.2392857142857139
2017-09-19,96.225,96.375,96.175,96.3,65368,17:25,17:20,True,86765.14285714286,0.7533901039917281,1.210714285714285
2017-09-20,96.55,96.7,96.55,96.55,75604,17:25,17:20,True,84080.85714285714,0.8991820798347169,1.2124999999999986
2017-09-21,96.875,96.95,96.675,96.775,131452,17:25,17:20,True,83825.71428571429,1.5681584239408295,1.1499999999999986
2017-09-22,97.0,97.05,96.9,96.95,66436,17:25,17:20,True,89541.71428571429,0.7419558641463196,1.1553571428571416
2017-09-25,97.3,97.425,97.25,97.3,45748,17:25,17:20,True,90574.57142857143,0.5050865742829113,1.1160714285714275
2017-09-26,97.75,97.95,97.75,97.825,74644,17:25,17:20,True,85307.71428571429,0.8749970694326756,1.1446428571428555
2017-09-27,98.675,98.7,98.4,98.7,110104,17:25,17:20,True,85808.85714285714,1.2831309455234392,1.0999999999999983
2017-09-28,98.85,99.05,98.85,98.9,71068,17:25,17:20,True,89330.57142857143,0.7955619096965684,1.0821428571428555
2017-09-29,99.3,99.55,99.3,99.45,55560,17:25,17:20,True,88923.71428571429,0.6248052102444149,1.091071428571427
2017-10-02,100.75,100.875,100.7,100.775,89764,17:25,17:20,True,83738.28571428571,1.071958892331209,1.0357142857142847
2017-10-03,101.475,101.875,101.325,101.825,117664,17:25,17:20,True,81656.0,1.440971882041736,0.9910714285714276
2017-10-04,103.25,103.25,102.875,102.9,141928,17:25,17:20,True,84088.57142857143,1.6878393530630966,1.080357142857142
2017-10-05,102.55,102.6,102.275,102.275,133128,17:25,17:20,True,86481.14285714286,1.5393876121631802,1.0767857142857136
2017-10-06,103.65,103.725,103.5,103.525,118532,17:25,17:20,True,88236.0,1.3433519198513078,1.0553571428571422
2017-10-09,103.75,104.0,103.75,104.0,136588,17:25,17:20,True,92642.85714285714,1.474350038550501,0.9910714285714286
2017-10-10,103.675,103.75,103.3,103.3,126456,17:25,17:20,True,97730.0,1.2939322623554692,0.9964285714285727
2017-10-11,103.55,103.625,103.4,103.425,165476,17:25,17:20,True,101362.28571428571,1.6325204077030624,1.0232142857142859
2017-10-12,103.45,103.55,103.4,103.475,85364,17:25,17:20,True,103792.57142857143,0.8224480695012579,1.0125000000000008
2017-10-13,103.425,103.425,103.075,103.15,183764,17:25,17:20,True,105144.57142857143,1.7477269392346864,1.0303571428571436
2017-10-16,103.25,103.25,102.825,102.975,206160,17:25,17:20,True,115002.85714285714,1.7926511142580308,0.9767857142857151
2017-10-17,102.875,102.875,102.5,102.8,132284,17:25,17:20,True,124396.85714285714,1.06340307173585,0.9428571428571441
2017-10-18,101.85,101.95,101.825,101.875,73104,17:25,17:20,True,125981.14285714286,0.5802773204153002,0.9946428571428589
2017-10-19,102.75,102.775,102.5,102.7,104416,17:25,17:20,True,126126.57142857143,0.8278667914090834,1.0321428571428595
2017-10-20,102.75,103.0,102.375,102.775,242416,17:25,17:20,True,129616.28571428571,1.8702588078658546,1.0196428571428586
2017-10-23,103.55,103.575,103.4,103.475,123104,17:25,17:20,True,140520.0,0.8760603472815257,1.0607142857142873
2017-10-24,103.125,103.525,103.075,103.4,119596,17:25,17:20,True,140908.57142857142,0.8487489354799466,0.9785714285714298
2017-10-25,103.1,103.15,102.825,102.875,125004,17:25,17:20,True,139313.42857142858,0.8972860784623367,0.9785714285714298
2017-10-26,102.675,102.95,102.6,102.85,137964,17:25,17:20,True,138733.14285714287,0.9944559544943425,0.9178571428571445
2017-10-27,104.45,104.725,104.3,104.675,238560,17:25,17:20,True,140121.14285714287,1.7025267931422605,1.005357142857145
2017-10-30,104.275,104.45,103.675,103.675,393980,17:25,17:20,True,147404.85714285713,2.67277488433217,1.0196428571428586
2017-10-31,103.25,103.475,103.15,103.45,125844,17:25,17:20,True,166513.7142857143,0.7557575695180835,1.067857142857145
2017-11-01,103.75,104.05,103.75,103.95,201168,17:25,17:20,True,163682.85714285713,1.2290108048665538,1.1017857142857161
2017-11-02,103.85,103.925,103.7,103.825,128268,17:25,17:20,True,171954.57142857142,0.7459412037398583,1.0821428571428586
2017-11-06,104.2,104.725,104.175,104.7,214844,17:25,17:20,True,167990.57142857142,1.2789051086200416,1.1017857142857161
2017-11-07,104.5,104.625,104.05,104.175,178476,17:25,17:20,True,168610.85714285713,1.0585083488946654,1.1517857142857164
2017-11-08,103.05,103.175,103.05,103.15,94156,17:25,17:20,True,171910.2857142857,0.5477042842944659,1.15357142857143
2017-11-09,102.5,102.5,102.275,102.35,165684,17:25,17:20,True,173414.0,0.9554245908634827,1.1839285714285726
2017-11-10,100.75,101.25,100.725,101.225,150840,17:25,17:20,True,177790.2857142857,0.8484153079229783,1.244642857142858
2017-11-13,101.25,101.425,101.15,101.175,129872,17:25,17:20,True,171249.14285714287,0.7583804381919742,1.221428571428573
2017-11-14,100.075,100.125,99.975,100.1,137112,17:25,17:20,True,171732.57142857142,0.7984041632837768,1.307142857142858
2017-11-15,99.5,99.8,99.5,99.625,69476,17:25,17:20,True,172983.7142857143,0.4016331842964573,1.3250000000000008
2017-11-16,100.3,100.525,100.25,100.525,134032,17:25,17:20,True,169017.42857142858,0.7930069764572039,1.3714285714285726
2017-11-17,100.75,100.85,100.45,100.5,141712,17:25,17:20,True,168736.57142857142,0.8398416466580199,1.2946428571428572
2017-11-20,99.975,99.975,99.425,99.45,110188,17:25,17:20,True,161818.85714285713,0.6809342368715636,1.3107142857142864
2017-11-21,100.55,100.55,100.3,100.35,64364,17:25,17:20,True,141548.0,0.4547150083363947,1.289285714285715
2017-11-22,101.85,101.85,101.6,101.8,130672,17:25,17:20,True,137156.57142857142,0.952721394527214,1.3321428571428586
2017-11-23,99.625,99.625,99.125,99.3,145636,17:25,17:20,True,132121.14285714287,1.1022914035603688,1.4589285714285734
2017-11-24,99.625,99.7,99.475,99.475,57208,17:25,17:20,True,133361.7142857143,0.4289686909500692,1.4875000000000023
2017-11-27,99.0,99.15,98.8,98.825,94388,17:25,17:20,True,122102.0,0.7730258308627214,1.4839285714285728
2017-11-28,98.75,99.3,98.75,99.275,159040,17:25,17:20,True,116095.71428571429,1.369904143133129,1.4535714285714303
2017-11-30,98.65,98.9,98.625,98.625,90964,17:25,17:20,True,120730.28571428571,0.7534480636885998,1.3892857142857156
2017-12-01,97.75,97.95,97.65,97.775,108404,17:25,17:20,True,115393.14285714286,0.9394319048420803,1.3160714285714303
2017-12-04,96.775,96.925,96.525,96.875,239752,17:25,17:20,True,112362.0,2.1337462843310018,1.392857142857144
2017-12-05,98.35,98.6,98.15,98.6,155272,17:25,17:20,True,120210.57142857143,1.2916667656992373,1.4785714285714298
2017-12-06,96.975,97.025,96.45,96.675,243076,17:25,17:20,True,121507.71428571429,2.0004984986256016,1.4785714285714298
2017-12-07,96.85,97.125,96.625,97.075,219096,17:25,17:20,True,133907.7142857143,1.636171606458179,1.5160714285714292
2017-12-08,97.475,97.475,97.25,97.35,151772,17:25,17:20,True,139983.7142857143,1.084211836887148,1.523214285714287
2017-12-11,97.125,97.175,97.025,97.025,78424,17:25,17:20,True,140702.2857142857,0.5573754513075226,1.539285714285715
2017-12-12,97.375,97.65,97.375,97.575,77216,17:25,17:20,True,138433.42857142858,0.557784350187919,1.5035714285714294
2017-12-13,96.75,97.125,96.625,97.075,256488,17:25,17:20,True,139351.42857142858,1.8405839296331985,1.419642857142858
2017-12-14,97.0,97.375,97.0,97.05,46608,17:25,17:20,True,148338.2857142857,0.31420074578569446,1.3428571428571436
2017-12-15,96.4,96.45,96.05,96.1,172916,17:25,17:20,True,141264.85714285713,1.2240553206034461,1.341071428571429
2017-12-18,96.275,96.925,96.275,96.725,131880,17:25,17:20,True,149529.7142857143,0.8819651708021721,1.364285714285715
2017-12-19,97.075,97.1,96.825,96.925,96128,17:25,17:20,True,152207.7142857143,0.6315580025040969,1.4160714285714289
2017-12-20,96.25,96.55,96.1,96.4,177392,17:25,17:20,True,147714.0,1.2009152822345885,1.4303571428571433
2017-12-21,95.125,95.2,94.875,94.925,101472,17:25,17:20,True,153887.42857142858,0.6593910947891408,1.4696428571428573
2017-12-22,95.675,95.8,95.45,95.75,107524,17:25,17:20,True,153392.2857142857,0.7009739733605527,1.4071428571428573
2017-12-27,95.0,95.025,94.8,94.85,75556,17:25,17:20,True,143947.42857142858,0.5248860695174429,1.2660714285714292
2017-12-28,94.45,94.475,94.05,94.05,123948,17:25,17:20,True,138253.42857142858,0.8965274950556638,1.2196428571428584
2017-12-29,94.075,94.125,93.85,93.975,63092,17:25,17:20,True,129744.28571428571,0.48627960493718414,1.1357142857142872
2018-01-02,93.9,94.0,93.55,93.55,75532,17:25,17:20,True,118601.14285714286,0.6368572695035462,1.1321428571428587
2018-01-03,93.85,94.225,93.65,94.15,130652,17:25,17:20,True,113155.42857142857,1.1546242336710064,1.1107142857142875
2018-01-04,94.925,95.325,94.925,95.275,82832,17:25,17:20,True,116886.0,0.7086562975891039,1.169642857142858
2018-01-08,98.1,98.45,98.0,98.4,264776,17:25,17:20,True,117287.14285714286,2.257502344673025,1.3160714285714283
2018-01-09,98.55,98.725,98.5,98.675,74460,17:25,17:20,True,117879.14285714286,0.6316639075857355,1.346428571428571
2018-01-10,98.625,98.65,98.125,98.45,139432,17:25,17:20,True,119868.57142857143,1.163207322305382,1.330357142857142
2018-01-11,98.525,98.7,98.525,98.625,69008,17:25,17:20,True,117476.85714285714,0.5874178257602105,1.2696428571428566
2018-01-12,99.0,99.0,98.575,98.575,90060,17:25,17:20,True,112986.0,0.7970899049439754,1.1803571428571433
2018-01-15,98.05,98.225,97.95,98.15,99444,17:25,17:20,True,112552.57142857143,0.8835337899242004,1.2250000000000003
2018-01-16,98.425,98.425,98.25,98.4,78080,17:25,17:20,True,106984.85714285714,0.7298229121878397,1.164285714285715
2018-01-17,97.5,97.575,97.075,97.125,131396,17:25,17:20,True,105314.0,1.2476593805192093,1.1732142857142864
2018-01-18,98.45,98.5,98.2,98.25,75096,17:25,17:20,True,107019.14285714286,0.7017062368014267,1.1964285714285725
2018-01-19,97.9,98.05,97.9,97.975,78708,17:25,17:20,True,106986.28571428571,0.7356830782049502,1.216071428571429
2018-01-22,98.275,98.425,98.1,98.225,68220,17:25,17:20,True,103754.85714285714,0.6575113867302598,1.2089285714285722
2018-01-23,99.0,99.3,98.875,99.275,172984,17:25,17:20,True,104121.14285714286,1.6613724672359669,1.1999999999999997
2018-01-24,100.0,100.425,100.0,100.225,159128,17:25,17:20,True,111082.0,1.4325273221584054,1.25
2018-01-25,100.0,100.0,99.475,99.6,201332,17:25,17:20,True,113116.0,1.7798719898157644,1.21607142857143
2018-01-26,97.5,97.55,97.025,97.05,128352,17:25,17:20,True,121580.28571428571,1.05569746974956,1.2428571428571453
2018-01-29,97.55,97.9,97.375,97.9,243024,17:20,17:20,True,111835.71428571429,2.173044644567925,1.192857142857145
2018-01-30,97.375,97.425,97.175,97.2,120996,17:25,17:20,True,123876.0,0.97675094449288,1.2410714285714317
2018-01-31,96.85,97.15,96.725,97.15,72888,17:25,17:20,True,122559.14285714286,0.5947169529813011,1.2928571428571456
2018-02-01,96.775,96.95,96.7,96.95,78472,17:25,17:20,True,122836.28571428571,0.6388340346151788,1.346428571428574
2018-02-02,97.25,97.275,96.65,96.95,110376,17:25,17:20,True,122008.57142857143,0.9046577523827365,1.3785714285714314
2018-02-05,94.875,94.925,94.0,94.05,313880,17:25,17:20,True,122789.42857142857,2.556246117045907,1.48214285714286
2018-02-06,87.5,87.5,87.0,87.0,752820,17:25,17:20,True,139632.2857142857,5.391446513597961,1.68214285714286
2018-02-07,91.2,91.2,90.575,90.775,330824,17:25,17:20,True,184019.7142857143,1.7977639041779685,1.875000000000002
2018-02-08,92.25,92.35,92.025,92.275,172652,17:25,17:20,True,202286.0,0.8535044442027624,2.046428571428573
2018-02-09,88.925,89.5,88.875,89.325,334144,17:25,17:20,True,208996.2857142857,1.5988035330771428,2.2142857142857153
2018-02-12,89.1,89.45,89.075,89.225,185084,17:25,17:20,True,227990.85714285713,0.8118044833878051,2.305357142857145
2018-02-13,89.25,89.325,89.025,89.275,120216,17:25,17:20,True,228855.14285714287,0.5252929800884651,2.3607142857142875
2018-02-14,89.525,89.55,89.275,89.5,64560,17:25,17:20,True,226075.7142857143,0.2855680461033914,2.3500000000000014
2018-02-15,91.45,91.5,90.925,91.075,136596,17:25,17:20,True,216306.2857142857,0.6314934378764503,2.3214285714285725
2018-02-16,91.575,91.575,91.075,91.325,142272,17:25,17:20,True,216895.14285714287,0.6559482989146829,2.3500000000000014
2018-02-19,91.7,91.7,91.3,91.35,146408,17:25,17:20,True,209698.57142857142,0.6981831063635558,2.342857142857144
2018-02-20,90.95,91.075,90.825,91.075,79240,17:25,17:20,True,211513.7142857143,0.3746329180951455,2.3303571428571437
2018-02-21,91.925,91.925,91.525,91.675,70680,17:25,17:20,True,211967.42857142858,0.33344745688690713,2.3660714285714297
2018-02-22,91.25,91.25,90.675,90.675,118852,17:25,17:20,True,211410.85714285713,0.5621849398192822,2.3339285714285722
2018-02-23,91.65,91.875,91.425,91.475,129440,17:25,17:20,True,212016.2857142857,0.6105191380176994,2.273214285714286
2018-02-26,92.55,92.925,92.55,92.875,84356,17:25,17:20,True,198842.0,0.4242363283410949,2.0428571428571423
2018-02-27,93.5,94.075,93.5,93.975,72128,17:25,17:20,True,151094.57142857142,0.4773698969992304,1.8553571428571425
2018-02-28,93.225,93.4,93.0,93.3,144164,17:25,17:20,True,132616.2857142857,1.0870761401853253,1.6857142857142864
2018-03-01,93.35,93.4,93.125,93.2,140964,17:25,17:20,True,130581.42857142857,1.0795103219665891,1.5785714285714292
2018-03-02,90.75,90.95,90.45,90.45,157992,17:25,17:20,True,116782.85714285714,1.3528697949796937,1.580357142857142
2018-03-05,90.025,90.175,90.0,90.075,130928,17:25,17:20,True,114847.71428571429,1.1400139812472168,1.5321428571428564
2018-03-06,91.475,91.7,91.35,91.5,159224,17:25,17:20,True,115612.85714285714,1.3772170668116497,1.539285714285713
2018-03-07,91.6,91.6,91.075,91.225,181696,17:25,17:20,True,122374.57142857143,1.4847529015131526,1.4589285714285702
2018-03-08,92.5,92.7,92.25,92.6,78208,17:25,17:20,True,125596.0,0.6226949902863148,1.4732142857142836
2018-03-09,93.875,93.875,93.25,93.6,172328,17:25,17:20,True,121020.0,1.4239629813254007,1.4982142857142844
2018-03-12,94.5,94.6,94.3,94.425,153160,17:25,17:20,True,122871.42857142857,1.2465062202069528,1.4803571428571414
2018-03-13,93.975,94.4,93.975,94.325,76076,17:25,17:20,True,128151.42857142857,0.5936414509620316,1.4249999999999983
2018-03-14,93.875,93.925,93.55,93.875,80748,17:25,17:20,True,128536.85714285714,0.6282089183980581,1.4499999999999988
2018-03-15,94.225,94.35,93.975,94.3,67112,17:25,17:20,True,125815.14285714286,0.5334175082263548,1.460714285714285
2018-03-16,95.25,95.375,94.825,95.3,63636,17:25,17:20,True,121363.14285714286,0.524343705196447,1.5071428571428567
2018-03-19,95.0,95.0,94.775,94.875,84964,17:25,17:20,True,119883.14285714286,0.7087234950225338,1.4571428571428566
2018-03-20,93.675,93.85,93.375,93.4,147812,17:25,17:20,True,120800.0,1.2236092715231788,1.5571428571428558
2018-03-21,93.65,93.65,93.325,93.4,32928,17:25,17:20,True,121060.57142857143,0.2719960728041689,1.5374999999999983
2018-03-22,92.75,92.75,92.175,92.3,120788,17:25,17:20,True,113343.71428571429,1.0656788579869574,1.4696428571428564
2018-03-23,90.5,90.675,90.25,90.625,234488,17:25,17:20,True,110686.28571428571,2.118491902468237,1.5017857142857136
2018-03-26,90.775,90.975,90.65,90.725,65224,17:25,17:20,True,118083.42857142857,0.5523552355235524,1.528571428571428
2018-03-27,91.8,92.05,91.75,91.825,224436,17:25,17:20,True,111369.14285714286,2.0152440275839423,1.528571428571428
2018-03-28,90.5,90.5,90.025,90.35,97504,17:25,17:20,True,114422.0,0.8521438184964429,1.5482142857142855
2018-04-03,91.8,92.0,91.25,91.475,224800,17:25,17:20,True,115800.28571428571,1.9412732759109896,1.5535714285714275
2018-04-04,91.975,92.0,91.675,91.675,123476,17:25,17:20,True,119548.28571428571,1.032854626582445,1.5732142857142841
2018-04-05,92.1,92.35,92.075,92.275,173600,17:25,17:20,True,117428.0,1.478352692713833,1.6660714285714266
2018-04-06,92.75,92.75,92.3,92.325,109656,17:25,17:20,True,124394.0,0.8815216167982378,1.6964285714285694
2018-04-09,93.425,93.55,93.275,93.275,73056,17:25,17:20,True,126458.85714285714,0.5777056795434314,1.6964285714285683
2018-04-10,93.225,93.25,92.95,92.95,64648,17:25,17:20,True,126883.42857142857,0.509507039081992,1.7232142857142836
2018-04-11,93.725,93.725,93.325,93.35,86920,17:25,17:20,True,126955.71428571429,0.6846481900325198,1.7517857142857127
2018-04-12,92.1,92.25,91.975,92.1,59064,17:25,17:20,True,127095.42857142857,0.46472167145496973,1.7232142857142836
2018-04-13,93.025,93.075,92.9,93.0,105228,17:25,17:20,True,120756.28571428571,0.8714080544757209,1.7178571428571416
2018-04-16,93.25,93.55,93.225,93.45,57248,17:25,17:20,True,125920.57142857143,0.4546358021609994,1.7464285714285697
2018-04-17,93.1,93.325,93.1,93.225,36372,17:25,17:20,True,121382.0,0.29964904186782226,1.6428571428571408
2018-04-19,93.1,93.575,93.05,93.5,56604,17:25,17:20,True,107230.85714285714,0.5278704424099673,1.6142857142857119
2018-04-20,94.725,94.925,94.375,94.65,206016,17:25,17:20,True,106615.14285714286,1.9323333860373628,1.585714285714283
2018-04-23,95.75,96.075,95.65,95.7,127824,17:25,17:20,True,105299.42857142857,1.213909721393143,1.596428571428569
2018-04-24,96.6,96.95,96.5,96.9,106036,17:25,17:20,True,107465.14285714286,0.9867013357155011,1.5660714285714263
2018-04-25,95.8,95.925,95.35,95.425,227560,17:25,17:20,True,98982.0,2.2990038592875472,1.6107142857142844
2018-04-26,94.25,94.25,93.975,94.05,90588,17:25,17:20,True,106416.57142857143,0.8512583969199211,1.6196428571428558
2018-04-27,95.225,95.25,94.975,95.05,92972,17:25,17:20,True,100487.14285714286,0.9252128914857622,1.5607142857142844
2018-05-02,96.425,96.725,96.125,96.7,294052,17:25,17:20,True,99295.42857142857,2.9613850731151485,1.5357142857142858
2018-05-03,96.5,96.5,96.25,96.4,74048,17:25,17:20,True,115080.85714285714,0.6434432436324273,1.4749999999999994
2018-05-04,95.375,95.575,95.3,95.525,101996,17:25,17:20,True,115752.28571428571,0.8811575457936036,1.528571428571428
2018-05-07,96.125,96.25,96.1,96.225,80468,17:25,17:20,True,116829.14285714286,0.688766501508919,1.4696428571428573
2018-05-08,98.125,98.125,97.55,97.8,153588,17:25,17:20,True,118358.0,1.2976562632014734,1.567857142857143
2018-05-11,96.525,97.0,96.525,96.9,327136,17:25,17:20,True,121812.28571428571,2.685574760228267,1.5410714285714289
2018-05-14,95.425,95.7,95.325,95.625,85612,17:25,17:20,True,141090.0,0.606789992203558,1.6892857142857147
2018-05-15,93.9,93.95,93.7,93.75,84528,17:25,17:20,True,144607.14285714287,0.5845354408495924,1.7696428571428586
2018-05-16,94.7,94.75,94.45,94.7,93388,17:25,17:20,True,146601.7142857143,0.6370184718167397,1.7607142857142872
2018-05-17,94.3,94.525,94.225,94.225,82588,17:25,17:20,True,138556.85714285713,0.5960585546108973,1.7125000000000017
2018-05-18,95.575,95.775,95.3,95.3,48952,17:25,17:20,True,135325.7142857143,0.36173465078962924,1.721428571428573
2018-05-21,95.875,96.125,95.85,95.85,40916,17:25,17:20,True,131248.2857142857,0.31174502415269645,1.6446428571428575
2018-05-22,96.225,96.4,96.0,96.05,114428,17:25,17:20,True,117916.57142857143,0.970414918053442,1.5446428571428572
2018-05-23,95.35,95.45,95.025,95.05,95712,17:25,17:20,True,119619.42857142857,0.8001375791796842,1.5178571428571428
2018-05-24,93.525,93.85,93.5,93.6,77080,17:25,17:20,True,119815.14285714286,0.6433243591914211,1.6196428571428558
2018-05-25,93.55,94.1,93.5,94.0,73500,17:25,17:20,True,104317.14285714286,0.704582180712662,1.6607142857142847
2018-05-28,94.2,94.3,94.025,94.2,92708,17:25,17:20,True,104278.0,0.889046587007806,1.6035714285714278
2018-05-29,93.175,93.175,92.825,92.9,101728,17:25,17:20,True,103614.57142857143,0.9817924119883855,1.6160714285714275
2018-05-30,92.55,92.55,92.075,92.375,137404,17:25,17:20,True,105133.14285714286,1.3069522727643315,1.5892857142857122
2018-05-31,91.95,92.175,91.875,91.95,92508,17:25,17:20,True,103977.14285714286,0.889695537480765,1.607142857142856
2018-06-01,92.05,92.125,91.8,91.825,139264,17:25,17:20,True,87218.0,1.596734619000665,1.5107142857142841
2018-06-04,93.525,94.1,93.525,93.85,90684,17:25,17:20,True,91050.28571428571,0.9959771052730674,1.4982142857142833
2018-06-05,93.175,93.275,92.825,92.85,119600,17:25,17:20,True,91490.0,1.307246693627719,1.510714285714283
2018-06-07,92.625,92.8,92.1,92.75,310620,17:25,17:20,True,93362.28571428571,3.327039367379915,1.544642857142854
2018-06-08,91.3,91.5,90.875,90.925,96652,17:25,17:20,True,109650.28571428571,0.8814568915200534,1.5499999999999972
2018-06-11,91.9,92.175,91.825,91.9625,72700,17:25,17:20,True,113057.42857142857,0.643036029729518,1.5928571428571405
2018-06-12,92.55,92.575,92.275,92.4,158424,17:25,17:20,True,115327.71428571429,1.3736854231543898,1.5857142857142839
2018-06-13,91.6,91.875,91.575,91.725,88692,17:25,17:20,True,118470.28571428571,0.7486434211351369,1.5928571428571405
2018-06-14,91.5,91.65,91.45,91.6,130680,17:25,17:20,True,117968.85714285714,1.1077499872847798,1.4732142857142847
2018-06-15,93.5,93.5,93.0,93.25,121808,17:25,17:20,True,121797.42857142857,1.0000867951704353,1.5196428571428555
2018-06-18,92.75,92.925,92.525,92.525,70880,17:25,17:20,True,125248.0,0.5659172202350536,1.505357142857141
2018-06-19,91.2,91.225,90.6,90.6,153136,17:25,17:20,True,123688.85714285714,1.2380743386053947,1.516071428571426
2018-06-20,91.25,91.6,91.25,91.525,124100,17:25,17:20,True,127360.85714285714,0.9743967085648652,1.4303571428571413
2018-06-21,90.875,91.125,90.825,90.85,83044,17:25,17:20,True,126410.57142857143,0.6569387279996926,1.4214285714285688
2018-06-25,90.0,90.275,89.875,90.1,221872,17:25,17:20,True,125734.57142857143,1.7646061658232421,1.432142857142855
2018-06-26,89.475,89.525,89.175,89.2,122224,17:25,17:20,True,131635.14285714287,0.9285058484165105,1.3589285714285688
2018-06-27,88.6,88.725,88.475,88.725,82128,17:25,17:20,True,133888.0,0.6134082217973231,1.346428571428569
2018-06-28,89.175,89.25,88.975,89.125,31160,17:25,17:20,True,131211.42857142858,0.23747931364863686,1.3857142857142841
2018-06-29,89.75,90.35,89.75,90.35,150012,17:25,17:20,True,111250.0,1.3484224719101123,1.374999999999998
2018-07-02,90.55,90.575,89.825,89.825,127744,17:25,17:20,True,115061.42857142857,1.1102243522093789,1.4285714285714266
2018-07-03,90.2,90.475,90.15,90.15,53064,17:25,17:20,True,118993.14285714286,0.4459416629049453,1.4874999999999983
2018-07-04,89.825,89.9,89.575,89.575,63656,17:25,17:20,True,111467.42857142857,0.5710726515881641,1.5017857142857127
2018-07-05,89.1,89.375,89.1,89.225,38552,17:25,17:20,True,109679.14285714286,0.35149800587167246,1.5214285714285691
2018-07-06,89.55,89.7,89.45,89.45,39500,17:25,17:20,True,103098.57142857143,0.3831284900719145,1.4285714285714266
2018-07-09,89.625,90.35,89.575,89.75,106716,17:25,17:20,True,97219.42857142857,1.0976818272655673,1.4357142857142844
2018-07-10,90.6,90.675,90.45,90.625,54292,17:25,17:20,True,99779.14285714286,0.5441217317103202,1.4124999999999994
2018-07-11,90.4,90.475,89.95,90.125,79792,17:25,17:20,True,92718.85714285714,0.8605800638489319,1.3874999999999997
2018-07-12,89.475,89.475,89.05,89.175,97984,17:25,17:20,True,89554.0,1.0941331487147419,1.4303571428571433
2018-07-13,90.075,90.35,90.075,90.225,30196,17:25,17:20,True,90621.14285714286,0.3332114233827489,1.3875000000000008
2018-07-16,90.75,91.0,90.725,90.8,71696,17:25,17:20,True,76930.0,0.9319641232289094,1.3839285714285725
2018-07-17,91.5,91.775,91.325,91.775,187920,17:25,17:20,True,73320.85714285714,2.5629814942542173,1.3446428571428584
2018-07-18,93.75,93.925,93.35,93.775,99328,17:25,17:20,True,80877.42857142857,1.2281300451123571,1.330357142857144
2018-07-19,94.65,94.7,94.425,94.45,165816,17:25,17:20,True,85746.57142857143,1.9337916051620554,1.3232142857142872
2018-07-20,94.025,94.075,93.675,93.875,68312,17:25,17:20,True,86875.42857142857,0.7863213007787835,1.2375000000000012
2018-07-23,94.25,94.375,93.875,94.025,103840,17:25,17:20,True,82630.28571428571,1.2566820882001066,1.2178571428571447
2018-07-24,94.05,94.35,94.05,94.225,80008,17:25,17:20,True,86257.14285714286,0.9275521695925804,1.1714285714285728
2018-07-25,95.05,95.15,94.825,94.875,91644,17:25,17:20,True,87425.14285714286,1.0482567943840935,1.1946428571428578
2018-07-26,95.275,95.525,95.15,95.35,87976,17:25,17:20,True,91217.42857142857,0.9644648109227247,1.2035714285714292
2018-07-27,95.775,95.9,95.725,95.725,65524,17:25,17:20,True,94680.0,0.69205745669624,1.2125000000000006
2018-07-30,95.675,95.675,95.325,95.35,70516,17:25,17:20,True,91737.71428571429,0.7686696856254788,1.176785714285715
2018-07-31,95.5,95.6,95.45,95.45,42660,17:25,17:20,True,92896.57142857143,0.4592203925717695,1.1785714285714286
2018-08-01,96.05,96.175,95.925,96.1,71180,17:25,17:20,True,90244.28571428571,0.7887480014563645,1.1160714285714286
2018-08-02,96.25,96.25,96.0,96.025,94308,17:25,17:20,True,88329.71428571429,1.0676814791333769,1.1339285714285714
2018-08-03,95.675,95.8,95.575,95.625,50572,17:25,17:20,True,92909.14285714286,0.5443167210977238,1.158928571428572
2018-08-06,96.3,96.4,96.175,96.275,34724,17:25,17:20,True,91400.28571428571,0.37991128505381355,1.169642857142858
2018-08-07,96.55,96.75,96.475,96.675,73660,17:25,17:20,True,80457.71428571429,0.9155119636934397,1.0821428571428575
2018-08-08,98.375,98.375,98.0,98.35,65496,17:25,17:20,True,78624.28571428571,0.8330250558715047,1.125000000000001
2018-08-09,98.6,98.625,98.4,98.45,37592,17:25,17:20,True,71458.57142857143,0.5260670518382279,1.1375000000000008
2018-08-10,98.925,98.925,98.7,98.725,76068,17:25,17:20,True,69264.28571428571,1.0982283180365062,1.1374999999999997
2018-08-13,98.25,98.475,97.875,98.225,93576,17:25,17:20,True,67280.57142857143,1.3908324203123805,1.1803571428571433
2018-08-14,98.95,99.425,98.875,99.225,86712,17:25,17:20,True,68249.71428571429,1.2705108132320804,1.1616071428571442
2018-08-15,99.0,99.375,99.0,99.2625,116172,17:25,17:20,True,67897.42857142857,1.7109926317428392,1.150892857142858
2018-08-16,99.25,99.5,99.2,99.3,63348,17:25,17:20,True,69911.42857142857,0.9061179451550943,1.1419642857142864
2018-08-17,99.75,99.825,99.55,99.825,93020,17:25,17:20,True,69756.0,1.3335053615459602,1.174107142857144
2018-08-20,100.775,100.825,100.625,100.675,94472,17:25,17:20,True,71363.42857142857,1.3238153195714493,1.2223214285714294
2018-08-21,101.2,101.3,101.0,101.3,35828,17:25,17:20,True,75064.28571428571,0.47729755447711486,1.2294642857142872
2018-08-22,101.475,101.7,101.45,101.525,139264,17:25,17:20,True,72539.14285714286,1.9198462308034678,1.1973214285714298
2018-08-23,101.95,102.05,101.85,102.0,107716,17:25,17:20,True,75750.28571428571,1.4219880358772812,1.1526785714285726
2018-08-24,102.075,102.4,101.975,102.4,102960,17:25,17:20,True,79832.0,1.2897083876139894,1.1401785714285728
2018-08-27,102.5,102.975,102.5,102.9,106772,17:25,17:20,True,84706.0,1.2605010270819068,1.1366071428571445
2018-08-28,103.65,103.7,103.45,103.7,137964,17:25,17:20,True,87071.14285714286,1.584497406062038,1.093750000000001
2018-08-29,103.5,103.75,103.475,103.7,82732,17:25,17:20,True,92247.42857142857,0.8968488475094931,1.0580357142857164
2018-08-30,103.475,103.55,103.375,103.4,81776,17:25,17:20,True,95471.71428571429,0.8565468904776583,1.0205357142857159
2018-08-31,103.525,103.625,103.275,103.375,86020,17:25,17:20,True,95879.42857142857,0.8971684675395885,0.9812500000000008
2018-09-03,103.15,103.4,103.125,103.375,67428,17:25,17:20,True,95339.71428571429,0.7072393755862494,0.9464285714285724
2018-09-04,103.625,103.7,103.4,103.4,106680,17:25,17:20,True,93962.28571428571,1.135349137039785,0.9160714285714298
2018-09-05,103.025,103.2,102.75,102.9,50600,17:25,17:20,True,93284.28571428571,0.5424279085437755,0.9482142857142871
2018-09-06,101.625,101.9,101.55,101.65,66124,17:25,17:20,True,92373.71428571429,0.7158313434867062,0.9589285714285722
2018-09-07,102.15,102.25,101.7,101.75,104100,17:25,17:20,True,90452.57142857143,1.1508793874611476,0.9571428571428585
2018-09-10,101.15,101.3,100.975,101.175,62136,17:25,17:20,True,91140.28571428571,0.681762181378158,0.9767857142857151
2018-09-11,102.05,102.075,101.85,102.05,49824,17:25,17:20,True,93019.42857142857,0.5356300373501082,1.0375000000000014
2018-09-12,101.5,101.725,101.45,101.475,68944,17:25,17:20,True,86630.85714285714,0.7958365214638136,1.1410714285714303
2018-09-13,101.675,101.85,101.675,101.825,61492,17:25,17:20,True,83861.42857142857,0.733257244093147,1.1750000000000012
2018-09-14,102.325,102.5,102.25,102.25,37432,17:25,17:20,True,80899.42857142857,0.46269795301397154,1.1767857142857159
2018-09-17,102.15,102.35,101.925,102.275,59920,17:25,17:20,True,75946.57142857143,0.7889757084867933,1.125000000000001
2018-09-18,102.0,102.0,101.65,101.725,74452,17:25,17:20,True,70372.0,1.0579776047291536,1.1375000000000008
2018-09-19,101.475,101.75,101.35,101.725,53376,17:25,17:20,True,69780.57142857143,0.764912050836909,1.1803571428571453
2018-09-20,101.85,102.0,101.75,101.75,44996,17:25,17:20,True,67752.0,0.6641279962215138,1.1964285714285745
2018-09-21,103.0,103.45,102.9,103.35,119436,17:25,17:20,True,64821.71428571428,1.8425307216276734,1.226785714285717
2018-09-24,104.25,104.375,103.775,104.175,202620,17:25,17:20,True,68536.57142857143,2.956377825394575,1.2750000000000037
2018-09-25,102.75,103.225,102.675,103.225,38248,17:25,17:20,True,75389.42857142857,0.5073390357875109,1.29464285714286
2018-09-26,103.275,103.275,102.95,102.95,60820,17:25,17:20,True,74507.14285714286,0.8162975745374366,1.2714285714285742
2018-09-27,102.9,103.05,102.75,102.9,66508,17:25,17:20,True,74128.28571428571,0.8972013767638342,1.2464285714285737
2018-09-28,104.2,104.225,103.825,104.05,100708,17:25,17:20,True,71443.14285714286,1.4096244366149306,1.250000000000002
2018-10-01,103.1,103.25,103.05,103.2,120852,17:25,17:20,True,74198.28571428571,1.628770784076644,1.2589285714285725
2018-10-02,102.625,102.625,102.125,102.15,86344,17:25,17:20,True,79271.71428571429,1.0892157534123141,1.1982142857142861
2018-10-03,103.3,103.625,103.0,103.4,188196,17:25,17:20,True,80514.57142857143,2.3374154101653293,1.1732142857142855
2018-10-04,104.2,104.25,103.9,104.0,88092,17:25,17:20,True,89564.85714285714,0.9835554123588014,1.2642857142857136
2018-10-05,103.45,103.65,103.25,103.3,61436,17:25,17:20,True,93183.42857142857,0.659301776526789,1.3017857142857139
2018-10-08,102.275,102.275,101.6,101.75,92108,17:25,17:20,True,93291.71428571429,0.9873116889878445,1.3428571428571427
2018-10-09,100.95,101.325,100.95,101.1,74956,17:25,17:20,True,94552.85714285714,0.7927417770861347,1.3607142857142844
2018-10-10,101.125,101.25,100.975,101.025,92072,17:25,17:20,True,96094.28571428571,0.9581423007165581,1.3892857142857125
2018-10-11,97.15,97.225,96.05,96.25,659128,17:25,17:20,True,99456.85714285714,6.627275573902827,1.5249999999999986
2018-10-12,96.4,97.025,96.35,96.725,358028,17:25,17:20,True,138006.2857142857,2.594287630791144,1.641071428571426
2018-10-15,95.425,95.5,95.175,95.225,249236,17:25,17:20,True,149106.85714285713,1.6715260771757168,1.6428571428571408
2018-10-16,94.5,94.55,94.075,94.1,103856,17:25,17:20,True,164177.42857142858,0.6325839118305805,1.7089285714285702
2018-10-17,96.975,97.075,96.5,96.825,263104,17:25,17:20,True,167251.42857142858,1.573104649970959,1.8017857142857139
2018-10-18,95.5,95.6,95.325,95.35,133892,17:25,17:20,True,181294.0,0.7385351969728728,1.841071428571428
2018-10-19,97.3,98.075,97.25,97.975,235040,17:25,17:20,True,183664.2857142857,1.2797262085326488,1.8785714285714283
2018-10-22,97.475,97.775,97.325,97.675,132540,17:25,17:20,True,191820.57142857142,0.690958216905084,1.9642857142857142
2018-10-23,96.25,96.25,95.375,95.6,156120,17:25,17:20,True,195120.2857142857,0.8001218296113314,2.062500000000001
2018-10-24,95.425,95.725,95.325,95.5,130388,17:25,17:20,True,192829.14285714287,0.6761840978393899,2.0428571428571445
2018-10-25,94.25,94.4,93.85,94.075,199068,17:25,17:20,True,195850.2857142857,1.0164294592370848,2.0821428571428586
2018-10-26,95.25,95.5,94.65,94.675,83328,17:25,17:20,True,205681.14285714287,0.4051319379233321,2.1464285714285722
2018-10-29,94.65,95.275,94.65,95.125,131132,17:25,17:20,True,205054.0,0.6394998390667824,2.198214285714287
2018-10-30,96.075,96.575,96.075,96.45,80952,17:25,17:20,True,209066.57142857142,0.3872068090410027,2.296428571428574
2018-10-31,98.225,98.675,98.0,98.25,206316,17:25,17:20,True,208272.2857142857,0.990607076176379,2.1857142857142873
2018-11-01,99.2,99.2,98.1,98.525,145168,17:25,17:20,True,175928.57142857142,0.8251530653674382,2.137500000000003
2018-11-05,99.35,99.35,98.575,98.625,254644,17:25,17:20,True,160724.2857142857,1.5843529735927542,2.13214285714286
2018-11-06,98.35,98.4,98.025,98.4,85316,17:25,17:20,True,161110.57142857142,0.529549360066822,2.117857142857144
2018-11-07,98.625,98.75,98.25,98.275,128796,17:25,17:20,True,159786.2857142857,0.8060516547102201,2.0267857142857153
2018-11-08,99.025,99.4,98.75,99.4,118228,17:25,17:20,True,150192.85714285713,0.7871745850573073,1.9410714285714303
2018-11-09,97.5,97.85,97.275,97.825,193012,17:25,17:20,True,149074.0,1.29473952533641,1.8875000000000017
2018-11-12,98.625,99.075,98.525,99.025,169376,17:25,17:20,True,146072.0,1.1595377621994634,1.8000000000000012
2018-11-13,97.5,97.6,97.2,97.275,68836,17:25,17:20,True,148703.14285714287,0.462908844274595,1.796428571428572
2018-11-14,96.975,96.975,96.325,96.35,102700,17:25,17:20,True,142468.57142857142,0.7208607412161079,1.739285714285715
2018-11-15,96.5,97.025,96.475,97.0,103708,17:25,17:20,True,140490.85714285713,0.7381832676452764,1.7232142857142867
2018-11-16,95.7,96.1,95.7,95.725,146616,17:25,17:20,True,133679.42857142858,1.0967730904210071,1.7571428571428587
2018-11-19,96.425,96.45,96.25,96.25,108560,17:25,17:20,True,138200.0,0.7855282199710565,1.6553571428571436
2018-11-20,95.075,95.3,94.875,95.0,143376,17:25,17:20,True,136587.7142857143,1.0496990944594473,1.5428571428571434
2018-11-21,92.9,93.275,92.825,93.125,254908,17:25,17:20,True,141046.57142857142,1.8072612288139887,1.6750000000000003
2018-11-22,93.75,93.85,93.6,93.675,49656,17:25,17:20,True,144517.42857142858,0.34359869595560394,1.6178571428571422
2018-11-23,93.25,93.325,92.975,93.2,36736,17:25,17:20,True,137695.14285714287,0.26679227195481525,1.5535714285714275
2018-11-26,94.025,94.425,94.025,94.35,55072,17:25,17:20,True,122130.28571428571,0.4509282826770475,1.5089285714285705
2018-11-27,95.325,95.7,95.025,95.6875,143108,17:25,17:20,True,119970.0,1.1928648828873885,1.5749999999999988
2018-11-28,95.75,96.1,95.65,96.0,36988,17:25,17:20,True,120992.28571428571,0.30570544048853177,1.5982142857142847
2018-11-29,97.0,97.6,97.0,97.35,147724,17:25,17:20,True,115189.42857142857,1.2824440734888867,1.5607142857142844
2018-11-30,98.375,98.4,98.0,98.05,50124,17:25,17:20,True,111954.57142857143,0.4477173139104892,1.6107142857142855
2018-12-03,100.75,101.025,100.575,100.85,305504,17:25,17:20,True,103436.57142857143,2.9535395052316393,1.608928571428572
2018-12-04,99.375,99.425,98.8,99.325,175236,17:25,17:20,True,120341.42857142857,1.4561568869525991,1.6571428571428564
2018-12-05,97.9,97.9,97.325,97.375,161756,17:25,17:20,True,125522.57142857143,1.2886606620550884,1.6267857142857136
2018-12-06,96.95,96.95,96.425,96.425,196012,17:25,17:20,True,129668.85714285714,1.5116351321277717,1.567857142857142
2018-12-07,94.875,95.775,94.875,95.725,164536,17:25,17:20,True,133197.14285714287,1.235281752075334,1.721428571428571
2018-12-10,94.25,94.25,93.8,94.05,131520,17:25,17:20,True,137195.42857142858,0.958632524199057,1.7535714285714283
2018-12-11,94.15,94.325,93.95,94.125,72788,17:25,17:20,True,136348.57142857142,0.5338376430157998,1.619642857142858
2018-12-12,95.425,95.725,95.25,95.6,101064,17:25,17:20,True,123340.0,0.8193935462947949,1.6660714285714289
2018-12-13,98.0,98.0,97.025,97.75,123704,17:25,17:20,True,127012.0,0.9739552168299058,1.7660714285714292
2018-12-14,97.0,97.0,96.275,96.85,80780,17:25,17:20,True,133224.0,0.6063472047078604,1.7750000000000017
2018-12-17,97.05,97.075,96.6,96.675,50640,17:25,17:20,True,135060.2857142857,0.37494367594576816,1.7589285714285725
2018-12-18,95.5,95.625,95.25,95.475,63632,17:25,17:20,True,128455.42857142857,0.4953624825954083,1.812500000000001
2018-12-19,95.425,95.725,95.275,95.475,145664,17:25,17:20,True,130358.57142857143,1.1174102201619707,1.7928571428571445
2018-12-20,95.3,95.5,95.175,95.45,126948,17:25,17:20,True,130211.42857142857,0.9749374643437048,1.767857142857144
2018-12-21,94.75,94.85,94.45,94.55,125428,17:25,17:20,True,135698.85714285713,0.9243113954007404,1.7607142857142861
2018-12-27,94.0,94.3,93.875,94.25,234272,17:25,17:20,True,122836.28571428571,1.9071888948588946,1.7767857142857153
2018-12-28,92.575,93.325,92.575,93.075,49868,17:25,17:20,True,127053.14285714286,0.3924971777838745,1.9053571428571436
2019-01-02,92.75,92.95,92.4,92.575,139564,17:25,17:20,True,119061.14285714286,1.1722044375758913,1.9500000000000008
2019-01-03,92.775,93.1,92.625,93.075,74604,17:25,17:20,True,115029.14285714286,0.6485660776647906,1.875
2019-01-04,93.15,93.725,93.1,93.675,70516,17:25,17:20,True,108605.42857142857,0.6492861446020852,1.828571428571428
2019-01-07,95.575,96.15,95.575,95.85,140176,17:25,17:20,True,104248.0,1.3446397053180876,1.9410714285714283
2019-01-08,96.15,96.65,96.0,96.6,174052,17:25,17:20,True,109061.42857142857,1.5959079417890312,1.8625000000000012
2019-01-09,98.025,98.1,97.825,97.825,86320,17:25,17:20,True,114274.85714285714,0.7553717603172301,1.857142857142858
2019-01-10,97.375,97.5625,97.125,97.3,77020,17:25,17:20,True,111604.57142857143,0.6901151002519098,1.846428571428572
2019-01-11,98.75,99.325,98.75,99.075,79904,17:25,17:20,True,111336.0,0.717683408780628,1.851785714285715
2019-01-14,98.15,98.35,97.775,98.125,121080,17:25,17:20,True,113426.28571428571,1.067477430275673,1.8053571428571433
2019-01-15,98.725,99.225,98.725,99.15,93480,17:25,17:20,True,117529.71428571429,0.7953733280823816,1.8142857142857136
2019-01-16,98.625,98.85,98.45,98.575,41376,17:25,17:20,True,113802.28571428571,0.36357793466362714,1.812499999999999
2019-01-17,97.65,97.65,97.325,97.4,70904,17:25,17:20,True,107690.0,0.6584083944655957,1.78392857142857
2019-01-18,99.05,99.425,98.775,99.025,210632,17:25,17:20,True,103795.42857142857,2.0292993911099857,1.72142857142857
2019-01-21,100.25,100.25,99.625,99.8,111952,17:25,17:20,True,102106.85714285714,1.0964199969779558,1.6714285714285697
2019-01-22,99.75,99.95,99.6,99.925,64232,17:25,17:20,True,106541.42857142857,0.6028828490593867,1.5535714285714266
2019-01-23,99.75,99.875,99.3,99.375,83304,17:25,17:20,True,101160.57142857143,0.82348289282668,1.4696428571428553
2019-01-24,98.75,99.625,98.75,99.5,153744,17:25,17:20,True,101782.0,1.5105224892417126,1.4839285714285697
2019-01-25,100.325,100.5,100.05,100.2,230452,17:25,17:20,True,107726.85714285714,2.139225130223528,1.3624999999999983
2019-01-28,99.575,99.575,98.775,99.025,148824,17:25,17:20,True,114175.14285714286,1.3034711082972776,1.4017857142857113
2019-01-29,97.625,97.625,97.2,97.275,151040,17:25,17:20,True,112373.14285714286,1.3440934031008935,1.4160714285714258
2019-01-30,98.75,98.825,98.575,98.575,44392,17:25,17:20,True,116996.0,0.37943177544531437,1.4589285714285682
2019-01-31,99.5,99.8,99.2,99.8,164732,17:25,17:20,True,114665.42857142857,1.4366317908748185,1.4178571428571405
2019-02-01,99.5,99.75,99.325,99.7,116564,17:25,17:20,True,120724.57142857143,0.9655366643315598,1.4517857142857125
2019-02-04,100.625,100.675,100.525,100.65,54744,17:25,17:20,True,120402.0,0.454676832610754,1.4678571428571416
2019-02-05,101.075,101.375,101.075,101.3125,119480,17:25,17:20,True,117635.14285714286,1.0156828741653976,1.4303571428571422
2019-02-06,101.65,101.725,101.425,101.625,59848,17:25,17:20,True,123214.0,0.48572402486730404,1.3821428571428567
2019-02-07,101.825,102.075,101.725,101.95,82096,17:25,17:20,True,122424.28571428571,0.6705859014901339,1.3821428571428567
2019-02-08,100.75,100.875,100.625,100.775,95740,17:25,17:20,True,113243.14285714286,0.8454375036268358,1.341071428571428
2019-02-11,100.725,101.05,100.725,100.875,40208,17:25,17:20,True,112085.14285714286,0.35872729404687254,1.3428571428571427
2019-02-12,102.275,102.475,102.15,102.25,75932,17:25,17:20,True,110369.14285714286,0.6879821482194817,1.3857142857142861
2019-02-13,102.5,102.7,102.4,102.625,148708,17:25,17:20,True,109842.57142857143,1.3538284661944757,1.351785714285715
2019-02-14,103.125,103.35,102.9,103.2,92080,17:25,17:20,True,109482.85714285714,0.841044912445523,1.3535714285714298
2019-02-15,101.725,101.9,101.725,101.85,76404,17:25,17:20,True,99599.14285714286,0.7671150354133857,1.375000000000001
2019-02-18,103.0,103.05,102.775,102.9,156116,17:25,17:20,True,94426.28571428571,1.6533108214419714,1.3535714285714298
2019-02-19,103.375,103.475,103.225,103.425,54120,17:25,17:20,True,94788.85714285714,0.5709531861792073,1.3000000000000012
2019-02-20,103.75,104.025,103.625,103.725,95912,17:25,17:20,True,95483.71428571429,1.0044854320706897,1.2928571428571434
2019-02-21,104.75,104.975,104.625,104.9,96856,17:25,17:20,True,90568.0,1.0694284957159261,1.2857142857142847
2019-02-22,104.5,104.925,104.5,104.75,47564,17:25,17:20,True,89160.28571428571,0.5334662133364951,1.2749999999999997
2019-02-25,105.025,105.45,105.025,105.325,80752,17:25,17:20,True,88647.42857142857,0.9109344884711829,1.2642857142857136
2019-02-26,103.35,103.65,103.025,103.275,93816,17:25,17:20,True,85881.14285714286,1.0923934740372077,1.3553571428571425
2019-02-27,103.5,103.5,103.0,103.05,162000,17:25,17:20,True,88307.42857142857,1.8345002523651142,1.3482142857142847
2019-02-28,102.35,102.85,102.325,102.6,83788,17:25,17:20,True,94014.85714285714,0.8912208404750617,1.3446428571428564
2019-03-01,103.5,103.725,103.325,103.325,83024,17:25,17:20,True,93161.14285714286,0.8911870062319054,1.3821428571428558
2019-03-04,103.5,103.95,103.5,103.925,101108,17:25,17:20,True,96219.42857142857,1.0508064899277842,1.3535714285714266
2019-03-05,104.25,104.35,103.875,103.875,71924,17:25,17:20,True,98017.71428571429,0.733785729693175,1.4142857142857121
2019-03-06,104.475,104.475,104.025,104.175,55224,17:25,17:20,True,92533.14285714286,0.596802381231744,1.391071428571426
2019-03-07,102.7,102.7,102.475,102.65,78092,17:25,17:20,True,89900.57142857143,0.8686485387030751,1.3928571428571408
2019-03-08,101.25,101.45,101.15,101.375,226360,17:25,17:20,True,90021.14285714286,2.514520398382602,1.3446428571428544
2019-03-11,101.75,102.0,101.75,101.9,39956,17:25,17:20,True,95038.57142857143,0.4204187773385242,1.3339285714285691
2019-03-12,102.275,102.625,102.275,102.375,98096,17:25,17:20,True,94026.85714285714,1.0432763891167873,1.3160714285714263
2019-03-13,102.2,102.2,101.95,102.025,51968,17:25,17:20,True,94182.85714285714,0.5517776968814464,1.2642857142857125
2019-03-14,102.475,102.875,102.425,102.725,30952,17:25,17:20,True,90976.57142857143,0.3402194599551533,1.2535714285714263
2019-03-15,103.925,103.925,103.325,103.375,59676,17:25,17:20,True,89790.0,0.6646174406949549,1.2857142857142836
2019-03-18,104.475,104.725,104.4,104.6,111004,17:25,17:20,True,88284.57142857143,1.2573431371279886,1.2428571428571402
2019-03-19,105.025,105.225,104.875,105.175,64568,17:25,17:20,True,89512.28571428571,0.7213311500735733,1.2285714285714266
2019-03-20,105.5,105.525,105.275,105.5,69796,17:25,17:20,True,82552.85714285714,0.8454704345267967,1.2357142857142844
2019-03-21,105.525,105.65,105.4,105.575,111916,17:25,17:20,True,81553.42857142857,1.3723028198867002,1.1973214285714278
2019-03-22,105.325,105.625,105.25,105.5,37128,17:25,17:20,True,83617.14285714286,0.4440237818629126,1.2026785714285708
2019-03-25,103.875,103.95,103.6,103.95,295128,17:25,17:20,True,79047.14285714286,3.733569479334213,1.2133928571428558
2019-03-26,104.0,104.0,103.675,103.775,69352,17:25,17:20,True,94990.28571428571,0.7300957090349088,1.218749999999998
2019-03-27,103.625,103.825,103.575,103.675,56492,17:25,17:20,True,95999.42857142857,0.5884618360823577,1.1687499999999988
2019-03-28,104.2,104.5,104.1,104.5,48964,17:25,17:20,True,94456.57142857143,0.5183757917470765,1.1866071428571416
2019-03-29,105.0,105.25,104.725,105.1,106220,17:25,17:20,True,81785.42857142857,1.2987643624955896,1.224107142857142
2019-04-01,105.1,105.4875,105.0125,105.3875,115980,17:25,17:20,True,86518.57142857143,1.3405214404834633,1.258035714285713
2019-04-02,106.95,107.075,106.6,106.65,124016,17:25,17:20,True,87796.0,1.4125472686682765,1.3821428571428558
2019-04-03,107.825,108.225,107.825,108.225,86064,17:25,17:20,True,92942.28571428571,0.9259940116447074,1.4249999999999983
2019-04-04,108.15,108.3,107.975,108.05,116056,17:25,17:20,True,96878.85714285714,1.1979497221861766,1.4178571428571414
2019-04-05,108.175,108.325,107.975,108.2125,82472,17:25,17:20,True,100906.0,0.8173151249677918,1.3714285714285706
2019-04-08,108.175,108.325,107.9,107.95,71660,17:25,17:20,True,98868.0,0.7248047902253509,1.3767857142857136
2019-04-09,107.875,107.875,107.175,107.375,79472,17:25,17:20,True,99374.57142857143,0.7997216879282139,1.3392857142857133
2019-04-10,107.5,107.55,107.325,107.425,41624,17:25,17:20,True,100065.71428571429,0.4159666504868229,1.3633928571428566
2019-04-11,107.725,107.725,107.35,107.475,70556,17:25,17:20,True,95044.85714285714,0.7423442164151063,1.3330357142857139
2019-04-12,107.275,107.425,107.175,107.25,79932,17:25,17:20,True,97432.57142857143,0.8203827408845384,1.2830357142857136
2019-04-15,107.75,108.25,107.75,108.075,50148,17:25,17:20,True,82061.42857142857,0.6111031805441917,1.2830357142857147
2019-04-16,108.75,108.825,108.5,108.825,46512,17:25,17:20,True,80689.71428571429,0.5764303469374747,1.28125
2019-04-17,109.15,109.375,108.925,108.975,66596,17:25,17:20,True,79976.85714285714,0.8326908855776135,1.2437500000000006
2019-04-23,109.675,109.675,109.275,109.525,108232,17:25,17:20,True,81236.28571428571,1.332311036236446,1.2276785714285714
2019-04-24,109.15,109.475,109.0,109.175,102768,17:25,17:20,True,81380.0,1.262816416810027,1.2223214285714294
2019-04-25,110.375,110.375,109.575,109.925,144912,17:25,17:20,True,80436.28571428571,1.8015749821509128,1.1732142857142875
2019-04-26,111.025,111.6,111.0,111.525,91196,17:25,17:20,True,81928.85714285714,1.1131120728436867,1.255357142857145
2019-04-29,112.675,112.675,112.425,112.6,89852,17:25,17:20,True,82295.42857142857,1.0918224931778888,1.2857142857142878
2019-05-02,113.2,113.275,112.8,113.025,274208,17:25,17:20,True,80423.71428571429,3.409541606420281,1.2928571428571445
2019-05-03,112.5,112.75,112.3,112.5,81384,17:25,17:20,True,94119.14285714286,0.8646912575853706,1.3232142857142872
2019-05-06,111.825,111.825,110.925,111.45,240800,17:25,17:20,True,94813.71428571429,2.5397169788577902,1.312500000000001
2019-05-07,110.75,111.225,110.75,111.225,57804,17:25,17:20,True,106337.14285714286,0.5435918104143157,1.5107142857142861
2019-05-08,109.375,109.475,109.05,109.375,143500,17:25,17:20,True,107492.85714285714,1.3349724234168383,1.608928571428572
2019-05-09,108.5,108.55,107.375,107.375,405196,17:25,17:20,True,112703.14285714286,3.5952502275256615,1.6660714285714298
2019-05-10,107.35,107.75,107.35,107.6,129304,17:25,17:20,True,135936.2857142857,0.9512103359346922,1.8964285714285722
2019-05-13,107.625,107.65,107.375,107.525,94632,17:25,17:20,True,141590.2857142857,0.6683509361013468,1.926785714285715
2019-05-14,105.35,106.225,105.35,106.225,186336,17:25,17:20,True,145027.42857142858,1.2848328198015744,1.9875000000000012
2019-05-15,108.275,108.475,108.15,108.275,103824,17:25,17:20,True,153580.2857142857,0.6760242665074201,2.096428571428573
2019-05-16,108.25,108.25,107.95,108.05,79680,17:25,17:20,True,153265.42857142858,0.519882407550673,2.141071428571429
2019-05-17,109.8,109.85,109.675,109.675,55572,17:25,17:20,True,151616.2857142857,0.36653054609663116,2.182142857142857
2019-05-20,109.825,109.95,109.675,109.825,67896,17:25,17:20,True,145234.85714285713,0.46749107848961885,2.0928571428571425
2019-05-21,109.15,109.525,109.15,109.3,57832,17:25,17:20,True,143570.57142857142,0.40281235509863744,2.1107142857142853
2019-05-22,108.7,108.925,108.65,108.85,48328,17:25,17:20,True,141283.42857142858,0.3420641789958179,2.1160714285714297
2019-05-23,108.0,108.075,107.325,107.75,67252,17:25,17:20,True,125149.14285714286,0.5373748350539471,2.096428571428572
2019-05-24,106.75,107.25,106.75,107.15,81420,17:25,17:20,True,124139.71428571429,0.6558739116525389,2.192857142857144
2019-05-27,108.55,108.75,108.125,108.45,56920,17:25,17:20,True,112755.42857142857,0.5048093978370379,2.067857142857144
2019-05-28,107.525,107.75,107.475,107.75,65784,17:25,17:20,True,112692.28571428571,0.5837489193074441,2.0089285714285725
2019-05-31,104.55,104.75,104.2,104.275,342156,17:25,17:20,True,107141.14285714286,3.193507096113538,1.9696428571428573
2019-06-03,102.275,102.275,101.75,101.8,147024,17:25,17:20,True,102638.28571428571,1.4324479308751399,1.9821428571428572
2019-06-04,103.7,103.725,103.1,103.2,101412,17:25,17:20,True,103904.0,0.9760163227594703,2.0625
2019-06-05,105.2,105.2,104.525,104.875,104680,17:25,17:20,True,104388.28571428571,1.0027945116994519,2.1178571428571424
2019-06-07,105.775,106.475,105.75,106.375,205252,17:25,17:20,True,98555.71428571429,2.082598675151111,2.0249999999999986
2019-06-10,107.075,107.35,106.925,107.25,91040,17:25,17:20,True,105800.57142857143,0.8604868458717478,2.0196428571428564
2019-06-11,108.5,108.725,108.3,108.7,48324,17:25,17:20,True,106612.0,0.45326980077289614,2.0357142857142856
2019-06-12,108.975,109.05,108.7,108.75,164688,17:25,17:20,True,106094.28571428571,1.552279643443837,2.0839285714285714
2019-06-13,109.375,109.475,109.175,109.225,31696,17:25,17:20,True,113008.0,0.2804757185332012,2.0410714285714286
2019-06-14,110.025,110.025,109.475,109.525,35788,17:25,17:20,True,111141.14285714286,0.32200496665758344,2.091071428571428
2019-06-17,109.85,109.85,109.6,109.6,72500,17:25,17:20,True,110245.42857142857,0.6576236397233186,2.099999999999999
2019-06-18,110.525,110.55,110.15,110.375,40428,17:25,17:20,True,110620.28571428571,0.36546642181361727,2.0357142857142847
2019-06-19,112.5,112.5,111.925,112.25,108728,17:25,17:20,True,107692.28571428571,1.0096173489015,2.0874999999999986
2019-06-20,113.75,114.3,113.75,114.175,192020,17:25,17:20,True,111392.85714285714,1.7238089131131773,2.078571428571427
2019-06-24,113.75,114.0,113.65,113.95,122444,17:25,17:20,True,120409.71428571429,1.0168946976276236,2.108928571428571
2019-06-25,112.425,112.675,112.375,112.65,54308,17:25,17:20,True,104716.0,0.5186217960961076,1.932142857142857
2019-06-26,111.875,111.875,111.275,111.475,55352,17:25,17:20,True,98093.42857142857,0.5642783701835277,1.7964285714285708
2019-06-27,111.95,112.2,111.9,112.125,52372,17:25,17:20,True,94803.42857142857,0.5524272780972358,1.692857142857142
2019-06-28,111.275,111.35,110.875,110.925,75688,17:25,17:20,True,91067.14285714286,0.83112303324078,1.7178571428571427
2019-07-01,112.75,113.225,112.75,113.075,108600,17:25,17:20,True,81812.57142857143,1.327424356717794,1.671428571428572
2019-07-02,112.325,112.575,112.225,112.25,73616,17:25,17:20,True,83066.85714285714,0.8862258972118844,1.6357142857142861
2019-07-03,112.9,113.1,112.675,112.875,44460,17:25,17:20,True,84873.42857142857,0.5238388592088388,1.5678571428571442
2019-07-04,114.025,114.325,114.025,114.175,27916,17:25,17:20,True,76285.71428571429,0.36594007490636704,1.5839285714285722
2019-07-05,114.75,115.0,114.225,114.25,107344,17:25,17:20,True,76015.71428571429,1.4121290710567362,1.533928571428572
2019-07-08,114.05,114.5,114.05,114.425,71820,17:25,17:20,True,81126.85714285714,0.8852801960950046,1.5482142857142864
2019-07-09,115.0,115.275,114.9,114.95,75632,17:25,17:20,True,81078.28571428571,0.932826826982035,1.5660714285714294
2019-07-10,115.2,115.2,114.775,114.9,39760,17:25,17:20,True,83592.85714285714,0.4756387251132188,1.452678571428572
2019-07-11,115.075,115.6,115.0,115.075,66116,17:25,17:20,True,78666.57142857143,0.8404586446230564,1.4562500000000003
2019-07-12,114.225,114.65,114.125,114.4,38076,17:25,17:20,True,69673.42857142857,0.5464924115362693,1.4723214285714283
2019-07-15,114.075,114.325,113.875,114.125,78372,17:25,17:20,True,63647.142857142855,1.2313514241465222,1.4080357142857136
2019-07-16,113.85,113.925,113.4,113.825,28208,17:25,17:20,True,65366.0,0.431539332374629,1.4473214285714278
2019-07-17,113.525,113.9,113.1,113.8,43784,17:25,17:20,True,63427.142857142855,0.6903038356719746,1.424107142857142
2019-07-18,114.125,114.25,113.125,113.25,54160,17:25,17:20,True,62813.71428571428,0.8622320876241768,1.4312499999999997
2019-07-19,114.075,114.5,114.075,114.35,70068,17:25,17:20,True,61276.0,1.1434819505189633,1.4669642857142844
2019-07-22,115.025,115.025,114.55,114.7,66512,17:25,17:20,True,58523.71428571428,1.136496560612792,1.4223214285714272
2019-07-23,114.325,114.725,114.25,114.3,33416,17:25,17:20,True,58016.28571428572,0.5759762037260473,1.434821428571426
2019-07-24,116.0,116.0,115.425,115.475,64204,17:25,17:20,True,57227.42857142857,1.1219095738307305,1.4776785714285694
2019-07-25,115.425,116.1,115.425,115.95,122284,17:25,17:20,True,59819.42857142857,2.044218791792442,1.4776785714285694
2019-07-26,114.625,114.95,114.45,114.5,33920,17:25,17:20,True,60886.57142857143,0.5571014955209452,1.5866071428571413
2019-07-29,114.925,114.925,114.3,114.65,37376,17:25,17:20,True,58179.42857142857,0.6424263853693991,1.5455357142857136
2019-07-30,115.575,115.775,115.4,115.775,50672,17:25,17:20,True,55446.857142857145,0.9138840794789348,1.5535714285714286
2019-07-31,115.0,115.125,114.7,114.7,35788,17:25,17:20,True,56226.28571428572,0.6364994511972031,1.5714285714285714
2019-08-01,114.35,114.625,114.0,114.625,67520,17:25,17:20,True,54060.0,1.2489826119126897,1.5178571428571428
2019-08-02,114.45,115.275,114.25,115.15,205852,17:25,17:20,True,56163.142857142855,3.6652507236571013,1.6482142857142859
2019-08-05,112.5,112.5,111.475,112.15,184872,17:25,17:20,True,65268.857142857145,2.8324687774961586,1.7875000000000003
2019-08-06,110.425,110.425,109.5,110.175,149568,17:25,17:20,True,76459.14285714286,1.9561820131760381,1.966071428571429
2019-08-07,110.375,110.725,110.25,110.575,75964,17:25,17:20,True,84015.14285714286,0.9041703366399935,1.9732142857142858
2019-08-08,111.3,111.85,111.3,111.525,52588,17:25,17:20,True,85572.57142857143,0.6145427106148832,2.0142857142857147
2019-08-09,111.3,111.45,110.975,111.025,65676,17:25,17:20,True,84324.0,0.7788529955884446,2.0535714285714284
2019-08-12,110.425,111.25,110.325,111.1375,107788,17:25,17:20,True,84264.28571428571,1.2791658896329576,2.0803571428571437
2019-08-13,109.475,109.6,109.025,109.6,81396,17:25,17:20,True,89576.57142857143,0.9086750999942587,2.0642857142857136
2019-08-14,110.125,110.225,109.5,109.5,65712,17:25,17:20,True,90804.57142857143,0.7236640068467288,2.1553571428571425
2019-08-15,107.775,108.65,107.75,108.65,266784,17:25,17:20,True,86763.71428571429,3.0748337850253398,2.1267857142857136
2019-08-16,107.45,107.975,107.45,107.9,171648,17:25,17:20,True,103396.85714285714,1.660089143356112,2.267857142857142
2019-08-19,109.75,110.5,109.75,110.25,119488,17:25,17:20,True,112987.71428571429,1.0575309072794261,2.2999999999999994
2019-08-20,110.15,110.475,110.025,110.45,57704,17:25,17:20,True,117903.14285714286,0.4894186753776102,2.283928571428571
2019-08-21,110.8,111.35,110.725,111.325,60972,17:25,17:20,True,119468.57142857143,0.5103601664514277,2.330357142857143
2019-08-22,111.625,111.725,111.4,111.425,80880,17:25,17:20,True,119000.85714285714,0.679658970043433,2.2303571428571423
2019-08-23,111.75,112.325,111.75,112.125,96588,17:25,17:20,True,110074.28571428571,0.877480143279863,2.0785714285714283
2019-08-26,109.775,110.025,108.925,109.1,236496,17:25,17:20,True,103768.28571428571,2.279077835507133,1.9339285714285717
2019-08-27,110.375,110.375,109.85,109.875,60964,17:25,17:20,True,109977.42857142857,0.5543319278501303,1.9589285714285722
2019-08-28,111.0,111.3,110.875,111.3,94560,17:25,17:20,True,108906.0,0.8682717205663599,1.8839285714285725
2019-08-29,111.25,111.4,111.1,111.25,85892,17:25,17:20,True,111904.0,0.7675507577923935,1.8196428571428587
2019-08-30,113.125,113.125,112.825,112.875,55316,17:25,17:20,True,113348.0,0.4880191975156156,1.8267857142857156
2019-09-02,115.25,116.25,115.25,115.775,105288,17:25,17:20,True,109600.0,0.9606569343065693,1.8892857142857165
2019-09-03,115.55,115.775,115.325,115.5,79392,17:25,17:20,True,111306.57142857143,0.7132732504562688,1.8321428571428595
2019-09-04,116.5,116.6,116.25,116.5,80456,17:25,17:20,True,112283.71428571429,0.7165420249215635,1.767857142857146
2019-09-05,116.575,116.825,116.5,116.8,131916,17:25,17:20,True,98974.57142857143,1.3328271908224623,1.6410714285714312
2019-09-06,115.475,115.525,115.25,115.275,31188,17:25,17:20,True,96136.57142857143,0.3244134831994959,1.7071428571428595
2019-09-09,116.025,116.15,115.7,115.875,71996,17:25,17:20,True,89829.42857142857,0.8014745406373349,1.6803571428571453
2019-09-10,115.25,115.45,114.775,114.875,43240,17:25,17:20,True,90850.28571428571,0.47594787027951796,1.6500000000000026
2019-09-11,115.375,115.625,115.175,115.25,40228,17:25,17:20,True,89583.71428571429,0.4490548345840921,1.6339285714285745
2019-09-12,116.3,116.475,116.025,116.325,122340,17:25,17:20,True,86680.0,1.4113982464236272,1.6357142857142892
2019-09-13,117.5,118.0,117.5,117.675,118036,17:25,17:20,True,88519.42857142857,1.3334473787836731,1.6750000000000032
2019-09-16,117.8,117.95,117.625,117.75,94196,17:25,17:20,True,80058.0,1.1765969671987808,1.633035714285717
2019-09-17,116.55,116.55,116.05,116.325,81356,17:25,17:20,True,82431.71428571429,0.9869502375992596,1.6580357142857167
2019-09-18,117.075,117.525,117.05,117.525,39740,17:25,17:20,True,81488.57142857143,0.4876757476946811,1.684821428571431
2019-09-19,117.85,117.85,117.4,117.8,53912,17:25,17:20,True,78192.0,0.6894822999795376,1.6437500000000023
2019-09-20,119.025,119.425,119.0,119.275,72596,17:25,17:20,True,78091.71428571429,0.9296248733174545,1.5848214285714306
2019-09-23,119.55,119.675,119.3,119.6,56744,17:25,17:20,True,75756.57142857143,0.7490307300073921,1.5473214285714303
2019-09-24,118.0,118.55,118.0,118.375,104584,17:25,17:20,True,74138.85714285714,1.410650285564539,1.6205357142857153
2019-09-25,117.6,117.6,117.175,117.35,85212,17:25,17:20,True,75862.28571428571,1.1232458816351434,1.6133928571428575
2019-09-26,116.675,117.075,116.675,116.925,76716,17:25,17:20,True,72526.28571428571,1.057768218025386,1.5955357142857147
2019-09-27,118.75,119.175,118.725,119.15,63720,17:25,17:20,True,75778.28571428571,0.8408741290380961,1.6687500000000008
2019-09-30,119.325,119.525,119.075,119.075,105804,17:25,17:20,True,75187.14285714286,1.4072086792954723,1.6526785714285717
2019-10-01,120.4,120.4,119.975,120.25,81436,17:25,17:20,True,79656.0,1.0223460881791704,1.679464285714285
2019-10-02,119.325,119.4,118.875,119.025,131160,17:25,17:20,True,82599.42857142857,1.5879044476267565,1.7151785714285706
2019-10-03,115.65,115.675,115.125,115.25,308168,17:25,17:20,True,83229.42857142857,3.7026326539719814,1.843749999999999
2019-10-04,115.25,115.275,115.0,115.075,55756,17:25,17:20,True,96810.28571428571,0.5759305386676741,1.8785714285714274
2019-10-07,115.8,116.1,115.525,115.675,62352,17:25,17:20,True,94064.57142857143,0.662863807840207,1.8374999999999997
2019-10-08,117.0,117.25,117.0,117.1,32928,17:25,17:20,True,92707.14285714286,0.3551829879035365,1.8392857142857133
2019-10-09,116.5,116.575,116.075,116.15,41036,17:25,17:20,True,92220.57142857143,0.4449766398572367,1.8732142857142844
2019-10-10,117.65,117.65,117.25,117.275,34960,17:25,17:20,True,91300.85714285714,0.3829098772347623,1.8696428571428558
2019-10-11,117.875,118.2,117.725,117.825,77508,17:25,17:20,True,88612.57142857143,0.8746840177465951,1.8964285714285702
2019-10-14,118.575,118.725,118.25,118.725,93712,17:25,17:20,True,90095.71428571429,1.040138265653987,1.8214285714285705
2019-10-15,119.5,119.9,119.5,119.75,67488,17:25,17:20,True,89319.14285714286,0.7555827098334383,1.8249999999999997
2019-10-16,119.75,119.925,119.65,119.8,100388,17:25,17:20,True,88053.14285714286,1.140084234845191,1.7285714285714289
2019-10-17,119.65,120.225,119.625,120.1,83164,17:25,17:20,True,89744.0,0.9266803351756107,1.6321428571428567
2019-10-18,120.45,120.95,120.2,120.725,94560,17:25,17:20,True,91132.85714285714,1.03760600692866,1.635714285714285
2019-10-21,121.05,121.25,120.775,120.875,89644,17:25,17:20,True,90329.71428571429,0.9924087628181202,1.6125000000000003
2019-10-22,122.125,122.5,122.025,122.15,98404,17:25,17:20,True,90916.0,1.0823617405077215,1.6232142857142864
2019-10-23,122.25,122.25,121.725,122.025,129900,17:25,17:20,True,88576.28571428571,1.4665324804768771,1.460714285714287
2019-10-24,122.5,122.725,122.475,122.625,48612,17:25,17:20,True,75842.85714285714,0.6409568656997551,1.3910714285714303
2019-10-25,123.125,123.225,122.725,123.0,55740,17:25,17:20,True,75332.57142857143,0.7399189878026579,1.3937500000000012
2019-10-28,123.45,123.5,123.2,123.325,97008,17:25,17:20,True,74860.28571428571,1.2958539908629791,1.343750000000002
2019-10-29,123.575,123.575,123.175,123.35,112740,17:25,17:20,True,79437.42857142857,1.419230229722585,1.2776785714285737
2019-10-30,123.5,123.7,123.3,123.55,52532,17:25,17:20,True,84559.14285714286,0.621245653929456,1.2330357142857165
2019-10-31,124.75,124.925,124.65,124.8,108460,17:25,17:20,True,85814.28571428571,1.2638921258531715,1.2598214285714309
2019-11-04,124.5,124.5,124.05,124.45,218300,17:25,17:20,True,88025.14285714286,2.4799732543948485,1.2794642857142884
2019-11-05,126.3,126.3,125.7,125.85,93596,17:25,17:20,True,96924.28571428571,0.9656609724822026,1.3705357142857164
2019-11-06,126.05,126.15,125.8,126.05,48936,17:25,17:20,True,98789.14285714286,0.49535807867839726,1.3330357142857159
2019-11-07,126.95,127.35,126.9,127.3,65816,17:25,17:20,True,95114.0,0.6919696364362765,1.3848214285714309
2019-11-08,125.7,125.75,125.3,125.5,97132,17:25,17:20,True,93874.85714285714,1.0346966478168504,1.3794642857142887
2019-11-11,127.3,127.55,127.15,127.3,136920,17:25,17:20,True,94058.57142857143,1.455688704606552,1.4526785714285748
2019-11-12,126.9,126.95,126.7,126.85,61656,17:25,17:20,True,97435.42857142857,0.6327883081542648,1.4187500000000028
2019-11-13,128.0,128.15,127.65,128.15,87952,17:25,17:20,True,94810.57142857143,0.927660266938286,1.4544642857142887
2019-11-14,127.8,128.2,127.75,128.2,40072,17:25,17:20,True,91814.28571428571,0.4364462424148125,1.4794642857142881
2019-11-15,129.15,129.35,128.95,129.0,135400,17:25,17:20,True,91204.28571428571,1.4845793587394076,1.4875000000000023
2019-11-18,127.35,127.55,127.25,127.35,224264,17:25,17:20,True,96894.28571428571,2.3145224545159673,1.6178571428571442
2019-11-19,127.05,127.4,126.85,126.9,92712,17:25,17:20,True,105984.0,0.8747735507246377,1.6357142857142872
2019-11-20,125.4,125.45,125.15,125.35,97520,17:25,17:20,True,104553.42857142857,0.9327288576995494,1.6660714285714298
2019-11-21,124.9,124.9,124.65,124.775,138212,17:25,17:20,True,107766.85714285714,1.2825093323152625,1.619642857142858
2019-11-22,124.65,124.75,124.425,124.65,93860,17:25,17:20,True,109892.0,0.8541113092854803,1.596428571428572
2019-11-25,125.7,126.25,125.7,126.0,84364,17:25,17:20,True,101003.42857142857,0.8352587748082102,1.4857142857142875
2019-11-26,126.25,126.5,126.15,126.15,120456,17:25,17:20,True,100344.0,1.2004305190145899,1.5107142857142872
2019-11-27,126.75,127.2,126.75,126.95,66176,17:25,17:20,True,105452.57142857143,0.6275427815890149,1.4964285714285726
2019-11-28,126.55,126.55,126.05,126.15,44432,17:25,17:20,True,105478.28571428571,0.4212430994598753,1.500000000000001
2019-11-29,126.0,126.05,125.55,125.75,41516,17:25,17:20,True,101714.0,0.40816406787659515,1.3857142857142872
2019-12-02,126.75,126.9,126.6,126.9,33488,17:25,17:20,True,94899.42857142857,0.35287883714488727,1.3892857142857156
2019-12-03,124.8,125.45,124.8,125.4,82500,17:25,17:20,True,92887.42857142857,0.8881718577940734,1.489285714285715
2019-12-04,123.1,123.5,123.1,123.475,69308,17:25,17:20,True,92498.0,0.7492918765811153,1.5982142857142858
2019-12-05,124.95,125.15,124.7,124.875,49348,17:25,17:20,True,94586.28571428571,0.5217246837354856,1.6660714285714289
2019-12-06,125.45,125.95,125.45,125.7,32936,17:25,17:20,True,88439.71428571429,0.37241187701711254,1.5839285714285722
2019-12-09,127.65,127.9,127.45,127.85,70932,17:25,17:20,True,74773.42857142857,0.9486257532278465,1.6839285714285726
2019-12-10,128.25,128.25,127.5,127.8,67856,17:25,17:20,True,73217.71428571429,0.9267702585635014,1.6767857142857159
2019-12-11,128.3,128.45,128.2,128.45,28096,17:25,17:20,True,71098.85714285714,0.39516809593081664,1.7517857142857167
2019-12-12,129.4,129.5,129.0,129.4,55140,17:25,17:20,True,63233.42857142857,0.8720071210074237,1.7750000000000017
2019-12-13,131.25,131.4,130.15,130.15,194260,17:25,17:20,True,60467.71428571428,3.2126235015616365,1.8732142857142864
2019-12-16,128.8,129.25,128.75,128.9,118004,17:25,17:20,True,68317.42857142857,1.7272898361012252,2.0375000000000014
2019-12-17,130.0,130.0,129.4,129.55,119880,17:25,17:20,True,68142.28571428571,1.7592600357235701,2.091071428571429
2019-12-18,129.65,130.05,129.6,129.65,78412,17:25,17:20,True,71978.28571428571,1.0893840999666566,2.080357142857142
2019-12-19,128.75,128.95,128.65,128.9,40792,17:25,17:20,True,74405.42857142857,0.5482395677734728,2.123214285714284
2019-12-20,128.75,129.05,128.5,128.85,44036,17:25,17:20,True,74353.71428571429,0.5922501709973178,2.098214285714284
2019-12-23,130.3,130.4,130.05,130.25,109396,17:25,17:20,True,75107.14285714286,1.456532572515454,1.9839285714285697
2019-12-27,130.0,130.25,129.55,129.7,67572,17:25,17:20,True,77028.28571428571,0.8772361915289004,1.8321428571428555
2019-12-30,129.45,129.5,129.2,129.4,84308,17:25,17:20,True,76904.28571428571,1.0962718035405792,1.7607142857142841
2020-01-02,128.2,129.35,128.2,129.3,132376,17:25,17:20,True,79401.42857142857,1.6671740342922943,1.778571428571426
2020-01-03,129.75,129.75,129.3,129.55,98380,17:25,17:20,True,86504.28571428571,1.1372846927485014,1.846428571428568
2020-01-07,129.3,129.65,129.05,129.65,300840,17:25,17:20,True,88464.85714285714,3.4006724219787032,1.9035714285714238
2020-01-08,128.7,128.85,128.05,128.45,377800,17:25,17:20,True,105106.57142857143,3.5944469966537365,1.8499999999999932
2020-01-09,130.25,130.65,130.25,130.35,120332,17:25,17:20,True,130085.42857142857,0.925022897041285,1.846428571428566
2020-01-10,130.75,130.95,130.7,130.7,46556,17:25,17:20,True,134742.0,0.3455195855783646,1.7857142857142807
2020-01-13,130.0,130.35,130.0,130.25,90648,17:25,17:20,True,124191.71428571429,0.7299037662968084,1.6321428571428516
2020-01-14,130.15,130.35,130.05,130.05,82736,17:25,17:20,True,122237.71428571429,0.6768451167748087,1.5785714285714232
2020-01-15,130.6,130.6,130.05,130.1,55868,17:25,17:20,True,119584.57142857143,0.4671840132267421,1.6285714285714243
2020-01-16,130.95,131.35,130.95,131.35,56336,17:25,17:20,True,117974.28571428571,0.47752779055968614,1.60178571428571
2020-01-17,134.0,134.05,133.7,133.75,180500,17:25,17:20,True,119084.57142857143,1.51572951755775,1.7017857142857105
2020-01-20,134.65,134.65,134.25,134.55,120728,17:25,17:20,True,128832.0,0.9370963735717834,1.6910714285714243
2020-01-21,133.8,133.8,132.925,133.15,106020,17:25,17:20,True,129641.42857142857,0.8177941354725672,1.7089285714285671
2020-01-22,134.65,134.75,134.175,134.7,113212,17:25,17:20,True,132387.7142857143,0.8551548805780423,1.7303571428571374
2020-01-23,134.1,134.25,133.65,133.7,147400,17:25,17:20,True,134452.2857142857,1.0962996963341218,1.6946428571428538
2020-01-24,133.6,134.1,133.5,134.05,111496,17:25,17:20,True,135525.42857142858,0.8226943177769485,1.5732142857142821
2020-01-27,133.25,133.3,132.8,133.2,195432,17:25,17:20,True,136462.2857142857,1.4321319548258231,1.641071428571426
2020-01-28,131.8,132.95,131.8,132.65,165884,17:25,17:20,True,128933.14285714286,1.2865892843688644,1.783928571428571
2020-01-29,134.7,134.7,134.1,134.25,109264,17:25,17:20,True,113796.28571428571,0.9601719363172788,1.8696428571428558
2020-01-30,133.9,134.0,132.75,133.35,148016,17:25,17:20,True,113005.71428571429,1.3098098705501617,1.8660714285714286
2020-01-31,134.35,134.55,134.15,134.4,113500,17:25,17:20,True,120252.85714285714,0.943844518098768,1.9303571428571433
2020-02-03,132.05,132.4,132.05,132.4,132768,17:25,17:20,True,121885.14285714286,1.0892878072564804,2.033928571428573
2020-02-04,133.5,134.1,133.5,134.05,86264,17:25,17:20,True,125458.85714285714,0.6875879628153566,2.080357142857143
2020-02-05,136.8,136.8,135.95,136.35,175324,17:25,17:20,True,127630.0,1.3736895714173785,2.285714285714284
2020-02-06,139.9,140.35,139.6,140.05,164660,17:25,17:20,True,136129.14285714287,1.209586694987113,2.3535714285714278
2020-02-07,138.55,138.8,138.35,138.5,90444,17:25,17:20,True,134997.7142857143,0.6699668989104577,2.3892857142857133
2020-02-10,138.3,138.35,137.7,138.35,134952,17:25,17:20,True,132834.57142857142,1.0159403425528208,2.4178571428571423
2020-02-11,139.85,140.0,139.6,139.65,93980,17:25,17:20,True,134901.14285714287,0.6966582936923121,2.432142857142858
2020-02-12,140.5,140.85,140.3,140.4,140148,17:25,17:20,True,133527.42857142858,1.0495821083308725,2.4357142857142855
2020-02-13,139.55,139.7,139.25,139.4,101836,17:25,17:20,True,133009.42857142858,0.7656299338607574,2.4107142857142856
2020-02-14,140.4,140.7,140.35,140.6,42696,17:25,17:20,True,132319.42857142858,0.32267370303032916,2.27142857142857
2020-02-17,140.95,141.3,140.9,141.25,91632,17:25,17:20,True,121409.71428571429,0.754733676288553,2.1107142857142844
2020-02-18,140.45,140.5,139.8,140.05,136232,17:25,17:20,True,116106.0,1.1733416016398808,1.971428571428571
2020-02-19,140.7,141.15,140.7,140.95,106832,17:25,17:20,True,118032.28571428571,0.905108287562967,1.9928571428571413
2020-02-20,141.75,142.05,141.65,141.95,69048,17:25,17:20,True,115090.57142857143,0.599944888125377,1.9107142857142836
2020-02-21,140.15,140.25,139.8,140.25,131204,17:25,17:20,True,111915.42857142857,1.1723495292363622,1.8392857142857122
2020-02-24,137.3,137.3,136.5,136.5,271152,17:25,17:20,True,111803.71428571429,2.4252503750194854,1.8035714285714286
2020-02-25,132.7,134.0,132.55,133.85,362448,17:25,17:20,True,125010.0,2.8993520518358533,2.0464285714285717
2020-02-26,128.5,128.5,127.1,127.15,403484,17:25,17:20,True,138376.0,2.9158524599641558,2.1749999999999994
2020-02-27,126.9,127.0,125.55,126.35,438464,17:25,17:20,True,155434.85714285713,2.820885920054704,2.4250000000000003
2020-02-28,119.1,119.35,117.675,118.6,847048,17:25,17:20,True,180293.42857142858,4.698163470025847,2.880357142857143
2020-03-02,121.15,123.1,120.975,122.65,785804,17:25,17:20,True,231157.42857142858,3.3994321742387066,3.221428571428572
2020-03-03,123.75,124.2,123.625,123.75,455956,17:25,17:20,True,280573.4285714286,1.6250861755567934,3.4910714285714284
2020-03-04,124.225,124.725,123.65,123.65,355108,17:25,17:20,True,303131.14285714284,1.1714665693961783,3.7196428571428575
2020-03-05,127.35,127.5,126.8,127.15,291600,17:25,17:20,True,321222.0,0.9077834021331042,3.8589285714285717
2020-03-06,121.875,122.375,121.65,122.125,198992,17:25,17:20,True,339000.85714285716,0.586995565961485,4.126785714285714
2020-03-09,112.15,113.65,110.6,113.575,967908,17:25,17:20,True,346669.4285714286,2.7920200635764165,4.416071428571428
2020-03-10,115.75,117.825,115.6,117.8,574216,17:25,17:20,True,406074.85714285716,1.414064401918858,5.021428571428571
2020-03-11,115.375,116.5,115.375,115.975,228252,17:25,17:20,True,439459.4285714286,0.5193926564324481,5.483928571428571
2020-03-12,107.15,107.7,106.275,107.225,784420,17:25,17:20,True,450831.14285714284,1.7399419104650522,5.689285714285714
2020-03-13,101.675,103.5,101.5,103.5,637608,17:25,17:20,True,497489.4285714286,1.2816513545442172,6.5214285714285705
2020-03-16,97.0,97.0,95.45,95.875,645468,17:25,17:20,True,523664.85714285716,1.2325975119310224,6.6625000000000005
2020-03-17,101.625,103.6,101.25,102.425,730660,17:25,17:20,True,543880.5714285715,1.343419931476553,6.9750000000000005
2020-03-18,94.7,95.7,94.5,95.275,742260,17:25,17:20,True,567250.2857142857,1.3085229195880277,7.255357142857142
2020-03-19,97.875,99.55,97.85,98.05,450804,17:25,17:20,True,588950.0,0.7654367942949316,7.0214285714285705
2020-03-20,106.575,109.225,106.3,107.25,422368,17:25,17:20,True,560646.8571428572,0.7533583656429512,7.026785714285713
2020-03-23,94.425,96.25,94.175,95.925,531984,17:25,17:20,True,534687.1428571428,0.9949444401398949,7.407142857142856
2020-03-24,100.75,101.425,100.0,100.5,560832,17:25,17:20,True,540117.7142857143,1.0383514281542858,7.5767857142857125
2020-03-25,108.75,109.825,107.5,108.75,541544,17:25,17:20,True,554812.2857142857,0.9760850902982373,7.9017857142857135
2020-03-26,106.35,106.5,105.275,106.2,259856,17:25,17:20,True,572665.4285714285,0.45376582387422426,8.207142857142857
2020-03-27,109.425,109.45,107.95,108.95,277320,17:25,17:20,True,577012.8571428572,0.48061320743038655,8.18392857142857
2020-03-30,108.9,109.225,108.0,108.25,231104,17:25,17:20,True,527685.1428571428,0.43795813304253944,7.710714285714283
2020-03-31,114.6,115.9,113.75,114.95,404060,17:25,17:20,True,503177.14285714284,0.8030173980194422,7.541071428571426
2020-04-01,111.425,111.9,110.325,111.575,300520,17:25,17:20,True,515734.85714285716,0.5827025182374996,7.546428571428569
2020-04-02,110.85,111.35,110.25,111.175,247640,17:25,17:20,True,481170.5714285714,0.5146615664062105,6.998214285714283
2020-04-03,109.75,109.75,108.3,109.05,142804,17:25,17:20,True,453315.71428571426,0.3150210669952509,6.635714285714282
2020-04-06,111.25,112.75,111.25,112.4,345740,17:25,17:20,True,417411.14285714284,0.8282960479527208,6.15535714285714
2020-04-07,115.75,116.25,115.45,115.95,423216,17:25,17:20,True,389916.85714285716,1.0854006238692644,5.90535714285714
2020-04-08,117.5,117.575,116.5,117.0,274024,17:25,17:20,True,367128.0,0.7463990760715609,5.96785714285714
2020-04-14,119.25,119.45,117.5,118.925,489972,17:25,17:20,True,354500.85714285716,1.3821461644662556,5.751785714285711
2020-04-15,121.075,121.75,120.725,121.05,345056,17:25,17:20,True,359329.71428571426,0.9602768328968063,5.253571428571426
2020-04-16,118.225,119.3,118.225,118.9,177396,17:25,17:20,True,345977.71428571426,0.512738227565442,5.0749999999999975
2020-04-17,120.025,120.7,119.925,120.175,488536,17:25,17:20,True,318589.4285714286,1.5334344337494832,4.719642857142854
2020-04-20,122.9,123.175,122.325,122.575,369712,17:25,17:20,True,314803.14285714284,1.174422836584496,4.36785714285714
2020-04-21,120.625,120.75,119.5,120.15,207192,17:25,17:20,True,322650.0,0.6421571362157136,4.323214285714284
2020-04-22,120.725,121.3,120.375,120.4,88916,17:25,17:20,True,317640.85714285716,0.27992620596666673,4.216071428571427
2020-04-23,120.75,121.175,120.75,120.925,94852,17:25,17:20,True,307484.5714285714,0.30847726622288135,3.97142857142857
2020-04-24,120.3,120.3,119.55,119.9,277384,17:25,17:20,True,285398.28571428574,0.9719189423502392,3.851785714285712
2020-04-27,120.825,121.075,120.65,120.725,245488,17:25,17:20,True,283745.71428571426,0.8651690145099737,3.5982142857142825
2020-04-28,120.525,120.525,119.775,120.3,136148,17:25,17:20,True,283592.0,0.48008406443059043,3.437499999999998
2020-04-29,121.125,121.2,120.375,120.925,96648,17:25,17:20,True,283116.5714285714,0.34137175196890124,3.401785714285712
2020-05-04,119.5,119.7,117.9,118.7,623216,17:25,17:20,True,265324.28571428574,2.348884114856752,3.2535714285714263
2020-05-05,117.675,117.75,116.875,117.15,224884,17:25,17:20,True,279610.0,0.8042773863595722,3.466071428571427
2020-05-06,118.425,118.45,117.825,118.05,75292,17:25,17:20,True,276100.0,0.272698297718218,3.403571428571427
2020-05-07,117.125,117.2,116.775,117.125,146076,17:25,17:20,True,246480.0,0.5926484907497566,3.2982142857142835
2020-05-08,119.5,119.75,119.25,119.65,152008,17:25,17:20,True,232267.14285714287,0.6544533080750613,3.1624999999999983
2020-05-11,121.5,121.6,121.075,121.2,109300,17:25,17:20,True,230453.7142857143,0.47428178946376587,3.15892857142857
2020-05-12,118.175,118.8,117.925,118.8,147904,17:25,17:20,True,203365.42857142858,0.7272819231812121,3.123214285714284
2020-05-13,118.675,119.0,118.175,118.7,162712,17:25,17:20,True,187522.0,0.8676955237252162,3.041071428571427
2020-05-14,115.425,115.675,115.05,115.5,216856,17:25,17:20,True,184344.85714285713,1.1763604548617732,3.1732142857142835
2020-05-15,113.275,114.6,113.0,114.5,221224,17:25,17:20,True,193483.42857142858,1.1433744048955097,3.4392857142857127
2020-05-18,116.5,117.075,116.5,116.8,133196,17:25,17:20,True,202510.0,0.6577255444175596,3.505357142857141
2020-05-19,120.75,120.925,120.125,120.125,166044,17:25,17:20,True,192210.85714285713,0.8638637924422287,3.7357142857142844
2020-05-22,119.1,119.5,118.8,119.025,284992,17:25,17:20,True,186536.2857142857,1.5278099856481389,3.766071428571427
2020-05-25,121.25,121.575,120.85,120.925,124872,17:25,17:20,True,197168.0,0.6333279233952771,3.755357142857142
2020-05-26,124.125,124.5,123.975,124.175,176044,17:25,17:20,True,199184.0,0.8838260101212949,3.7428571428571424
2020-05-27,124.125,124.475,123.925,124.1,92860,17:25,17:20,True,167243.14285714287,0.5552395058691281,3.2696428571428564
2020-05-28,123.5,124.0,123.4,123.775,147664,17:25,17:20,True,157812.85714285713,0.9356905557215147,3.267857142857142
2020-05-29,124.2,124.325,123.65,124.0,120932,17:25,17:20,True,162982.2857142857,0.7419947478954768,3.3428571428571425
2020-06-01,127.0,127.25,126.55,126.7,235096,17:25,17:20,True,161186.2857142857,1.458535997390774,3.3482142857142847
2020-06-02,125.7,125.85,125.35,125.6,35572,17:25,17:20,True,167121.14285714287,0.2128515841374264,3.3785714285714272
2020-06-03,127.05,127.35,127.0,127.35,101116,17:25,17:20,True,161854.85714285713,0.6247325646258024,3.2857142857142847
2020-06-04,129.4,129.4,128.95,129.1,119620,17:25,17:20,True,158512.85714285713,0.7546391009291721,3.310714285714284
2020-06-05,129.9,130.2,129.7,129.85,71120,17:25,17:20,True,155434.85714285713,0.4575550253482396,3.182142857142856
2020-06-08,131.6,131.75,130.65,130.75,158520,17:25,17:20,True,145025.14285714287,1.093051845197286,3.017857142857141
2020-06-09,130.35,130.75,130.1,130.15,115804,17:25,17:20,True,140546.2857142857,0.8239563173901023,2.892857142857141
2020-06-10,129.35,129.95,129.3,129.9,73312,17:25,17:20,True,139304.0,0.5262734738413829,2.72142857142857
2020-06-11,126.2,126.65,125.8,126.25,112904,17:25,17:20,True,132680.2857142857,0.8509478208626107,2.755357142857141
2020-06-12,119.75,120.1,119.175,119.7,479060,17:25,17:20,True,120388.28571428571,3.9792908185181757,3.132142857142856
2020-06-15,118.95,119.75,118.525,119.725,290208,17:25,17:20,True,145687.42857142858,1.9919906806352543,3.1392857142857133
2020-06-16,126.0,126.5,125.5,125.8,220452,17:25,17:20,True,153842.0,1.43297669037064,3.4196428571428563
2020-06-17,128.2,128.8,128.15,128.6,105800,17:25,17:20,True,162955.7142857143,0.6492561519781886,3.6232142857142855
2020-06-18,126.55,126.95,126.2,126.8,149328,17:25,17:20,True,159965.42857142858,0.9335017030465511,3.601785714285714
2020-06-22,125.0,125.15,124.575,124.7,253860,17:25,17:20,True,161993.7142857143,1.567097841538825,3.6839285714285706
2020-06-23,123.75,124.05,123.725,123.9,96264,17:25,17:20,True,163334.0,0.5893690229835796,3.6803571428571424
2020-06-24,122.9,123.025,122.525,122.6,101828,17:25,17:20,True,167669.14285714287,0.6073150865139169,3.6107142857142853
2020-06-25,120.25,120.4,120.0,120.4,138732,17:25,17:20,True,167720.0,0.8271643214881946,3.6160714285714284
2020-06-26,122.5,123.225,122.275,123.225,74632,17:25,17:20,True,169085.14285714287,0.44138709492090206,3.6892857142857145
2020-06-29,121.625,122.0,121.4,121.475,128880,17:25,17:20,True,169336.0,0.7610903765295035,3.6678571428571436
2020-06-30,123.575,123.9,123.3,123.3,68996,17:25,17:20,True,167218.85714285713,0.41260896754638066,3.7089285714285722
2020-07-01,122.925,123.075,122.675,122.75,66988,17:25,17:20,True,163875.42857142858,0.40877391189126233,3.6107142857142867
2020-07-02,124.225,124.3,123.95,124.175,89552,17:25,17:20,True,163423.7142857143,0.5479743279083469,3.5821428571428586
2020-07-03,125.55,125.65,125.0,125.1,86220,17:25,17:20,True,161755.7142857143,0.5330259915745966,3.232142857142858
2020-07-06,126.25,126.85,126.15,126.25,155900,17:25,17:20,True,133695.7142857143,1.1660807590797866,3.064285714285716
2020-07-07,126.9,126.9,126.25,126.4,57428,17:25,17:20,True,124102.28571428571,0.4627473190317664,2.869642857142858
2020-07-08,126.2,126.3,125.75,126.1,95860,17:25,17:20,True,112457.71428571429,0.8524092865381782,2.607142857142857
2020-07-09,127.5,127.7,127.0,127.4,52516,17:25,17:20,True,111747.71428571429,0.46995144675378464,2.5892857142857144
2020-07-10,125.2,125.7,124.95,125.05,74832,17:25,17:20,True,104832.57142857143,0.7138239478460893,2.4964285714285728
2020-07-13,127.75,128.3,127.65,127.9,87664,17:25,17:20,True,92044.85714285714,0.9524051937409399,2.39107142857143
2020-07-14,127.8,127.95,127.4,127.6,105260,17:25,17:20,True,91430.57142857143,1.1512560662735503,2.47857142857143
2020-07-15,128.75,128.9,128.45,128.65,69700,17:25,17:20,True,91675.71428571429,0.7602885948919327,2.419642857142858
2020-07-16,129.5,129.55,128.8,129.2,62316,17:25,17:20,True,86744.85714285714,0.7183826459864232,2.3714285714285728
2020-07-17,130.25,130.35,129.0,129.2,147684,17:25,17:20,True,85865.14285714286,1.7199528829260502,2.2928571428571436
2020-07-20,130.1,130.45,129.85,130.0,94480,17:25,17:20,True,87208.28571428571,1.0833832958205152,2.2232142857142856
2020-07-21,131.75,132.25,131.65,132.25,141292,17:25,17:20,True,89028.57142857143,1.5870410783055198,2.2428571428571433
2020-07-22,132.5,132.5,131.6,131.85,189376,17:25,17:20,True,94336.0,2.0074626865671643,2.1999999999999997
2020-07-23,133.25,133.5,132.8,133.2,139832,17:25,17:20,True,101466.28571428571,1.3781129270243178,2.137499999999999
2020-07-24,132.0,132.0,131.35,131.6,158952,17:25,17:20,True,105295.71428571429,1.5095771093654604,2.1499999999999977
2020-07-27,130.7,130.85,130.35,130.75,90308,17:25,17:20,True,105513.71428571429,0.8558887402585446,2.1624999999999974
2020-07-28,131.3,131.35,131.15,131.15,42664,17:25,17:20,True,107862.28571428571,0.3955414046482552,2.1624999999999974
2020-07-29,130.75,131.15,130.45,131.0,79360,17:25,17:20,True,104062.57142857143,0.7626180951570346,2.119642857142853
2020-07-30,131.6,131.6,131.05,131.1,56608,17:25,17:20,True,105980.0,0.5341385167012644,2.044642857142853
2020-07-31,128.7,129.7,128.7,129.45,81340,17:25,17:20,True,104678.28571428571,0.7770474979119698,2.1964285714285663
2020-08-03,129.3,129.7,129.25,129.6,112672,17:25,17:20,True,104226.57142857143,1.08102951536899,2.1678571428571383
2020-08-04,133.75,134.3,133.6,134.2,94456,17:25,17:20,True,104756.0,0.9016762762992095,2.3285714285714243
2020-08-05,132.0,132.35,132.0,132.2,63312,17:25,17:20,True,106524.28571428571,0.5943433422291362,2.3892857142857093
2020-08-06,133.05,133.25,132.55,132.55,55124,17:25,17:20,True,106595.42857142857,0.5171328708816245,2.4285714285714244
2020-08-07,132.4,132.45,132.15,132.45,22172,17:25,17:20,True,99984.0,0.2217554808769403,2.4678571428571394
2020-08-10,134.0,134.05,133.55,133.65,87648,17:25,17:20,True,94819.14285714286,0.9243703049715699,2.446428571428567
2020-08-11,134.45,134.7,134.35,134.6,106312,17:25,17:20,True,90987.42857142857,1.1684251513552895,2.4285714285714244
2020-08-12,135.5,135.6,135.25,135.4,82484,17:25,17:20,True,85054.28571428571,0.9697806442944003,2.549999999999997
2020-08-13,135.8,136.1,135.65,136.05,57508,17:25,17:20,True,80958.0,0.7103436349712197,2.56785714285714
2020-08-14,135.5,135.55,134.9,134.95,106904,17:25,17:20,True,73712.0,1.4502930323420882,2.4249999999999994
2020-08-17,134.05,134.55,134.05,134.55,73000,17:25,17:20,True,74897.42857142857,0.9746663055378595,2.5357142857142856
2020-08-18,135.65,135.65,134.8,134.8,69828,17:25,17:20,True,77064.28571428571,0.9061006580776717,2.5428571428571423
2020-08-19,136.05,136.15,135.5,136.05,78924,17:25,17:20,True,76383.42857142857,1.0332607671073009,2.625
2020-08-20,136.65,136.65,136.3,136.4,87872,17:25,17:20,True,77977.42857142857,1.1268901989953137,2.5214285714285722
2020-08-21,137.5,137.6,137.35,137.35,60804,17:25,17:20,True,78444.0,0.7751262046810463,2.4785714285714278
2020-08-24,138.45,139.4,138.45,139.15,140644,17:25,17:20,True,74739.14285714286,1.8817984074132126,2.2749999999999995
2020-08-25,139.85,140.7,139.85,140.65,115172,17:25,17:20,True,78038.28571428571,1.4758396977307842,2.2714285714285722
2020-08-26,139.05,139.3,138.85,139.0,69588,17:25,17:20,True,81742.57142857143,0.851306715507569,2.25
2020-08-27,140.75,141.35,140.75,140.95,138584,17:25,17:20,True,82775.71428571429,1.6742108623992544,2.2250000000000005
2020-08-28,140.75,140.9,140.3,140.4,75136,17:25,17:20,True,91090.85714285714,0.824846777785445,2.1892857142857145
2020-08-31,138.5,139.2,138.5,138.95,74680,17:25,17:20,True,90197.14285714286,0.8279641420380753,2.300000000000001
2020-09-01,138.5,138.8,138.25,138.55,102824,17:25,17:20,True,87937.71428571429,1.1692821542520355,2.2250000000000023
2020-09-02,139.25,139.75,139.25,139.75,68032,17:25,17:20,True,89390.57142857143,0.7610646057270342,2.200000000000003
2020-09-03,142.1,142.15,141.75,142.1,128376,17:25,17:20,True,90142.28571428571,1.4241484890553981,2.364285714285716
2020-09-04,137.9,137.9,137.0,137.5,124320,17:25,17:20,True,91676.0,1.3560801082071643,2.471428571428573
2020-09-07,138.2,138.95,138.2,138.6,73836,17:25,17:20,True,95341.71428571429,0.774435414269275,2.5785714285714323
2020-09-08,140.6,140.6,139.65,139.85,69716,17:25,17:20,True,95628.0,0.7290333375162087,2.596428571428573
2020-09-09,139.0,140.2,139.0,140.0,91956,17:25,17:20,True,94970.28571428571,0.9682607492268259,2.5535714285714306
2020-09-10,143.15,143.25,142.7,142.95,85060,17:25,17:20,True,95262.0,0.8929058806239634,2.7571428571428607
2020-09-11,142.2,142.5,141.4,141.5,71656,17:25,17:20,True,96994.57142857143,0.738762994099817,2.7428571428571473
2020-09-14,142.5,143.2,142.35,143.1,94744,17:25,17:20,True,92066.85714285714,1.029078247484747,2.6035714285714318
2020-09-15,142.25,142.5,141.6,142.05,124324,17:25,17:20,True,90607.71428571429,1.3721127497816332,2.585714285714291
2020-09-16,143.0,143.4,142.75,143.4,72972,17:25,17:20,True,94517.42857142857,0.7720480878809955,2.607142857142861
2020-09-17,143.85,144.45,143.15,143.9,116324,17:25,17:20,True,89830.85714285714,1.2949225210554438,2.7071428571428617
2020-09-18,144.0,144.6,144.0,144.5,86160,17:25,17:20,True,92772.85714285714,0.928719914999769,2.642857142857147
2020-09-21,145.75,145.75,144.85,144.85,162376,17:25,17:20,True,93592.85714285714,1.7349187209036099,2.6500000000000017
2020-09-22,141.4,142.9,141.4,142.65,129372,17:25,17:20,True,97846.57142857143,1.3221924704274621,2.903571428571431
2020-09-23,142.15,142.7,141.9,142.2,52972,17:25,17:20,True,102228.0,0.5181750596705403,2.864285714285716
2020-09-24,140.8,141.0,140.3,140.9,118848,17:25,17:20,True,96842.0,1.2272361165609962,2.721428571428573
2020-09-25,141.75,143.05,141.75,142.6,135784,17:25,17:20,True,96451.14285714286,1.4078008406921048,2.692857142857144
2020-09-28,144.8,145.3,144.4,144.95,152312,17:25,17:20,True,100876.0,1.5098933343907373,2.653571428571431
2020-09-29,147.1,147.15,146.75,147.1,43760,17:25,17:20,True,106775.71428571429,0.409831020965174,2.85357142857143
2020-09-30,146.5,146.95,146.3,146.85,104404,17:25,17:20,True,103333.14285714286,1.0103631527431387,2.635714285714286
2020-10-01,146.7,146.75,145.8,146.15,155364,17:25,17:20,True,104714.85714285714,1.4836863100337787,2.635714285714284
2020-10-02,144.15,144.15,142.7,143.05,210336,17:25,17:20,True,110694.0,1.9001571900916039,2.699999999999999
2020-10-05,144.2,145.3,144.1,145.3,115916,17:25,17:20,True,118950.57142857143,0.9744888032724276,2.8499999999999965
2020-10-06,145.0,145.3,144.85,145.1,90544,17:25,17:20,True,118350.0,0.7650528094634559,2.839285714285712
2020-10-07,142.65,143.25,142.5,143.2,99816,17:25,17:20,True,119605.14285714286,0.8345460539202806,2.8428571428571416
2020-10-08,142.85,143.2,142.8,142.8,63712,17:25,17:20,True,118426.0,0.5379899684190972,2.8499999999999983
2020-10-09,142.0,142.5,142.0,142.35,34788,17:25,17:20,True,116822.57142857143,0.2977849192548407,2.8535714285714278
2020-10-12,141.5,142.2,141.5,142.1,103060,17:25,17:20,True,107709.14285714286,0.9568361354123008,2.596428571428571
2020-10-13,143.05,143.05,142.65,142.9,64576,17:25,17:20,True,105829.71428571429,0.6101877949482187,2.539285714285715
2020-10-14,141.3,141.35,141.05,141.3,62872,17:25,17:20,True,106658.57142857143,0.5894697365425055,2.517857142857145
2020-10-15,140.2,140.2,139.15,139.45,150276,17:25,17:20,True,102660.28571428571,1.4638182521548186,2.4178571428571445
2020-10-16,139.7,141.05,139.55,140.9,96524,17:25,17:20,True,103695.42857142857,0.9308414202031224,2.4964285714285728
2020-10-19,141.9,143.25,141.9,143.25,104944,17:25,17:20,True,99710.57142857143,1.0524861957608735,2.3892857142857173
2020-10-20,142.25,143.45,142.25,143.1,166856,17:25,17:20,True,104080.85714285714,1.603138219461243,2.4107142857142896
2020-10-21,142.5,142.75,141.85,142.0,105200,17:25,17:20,True,108541.71428571429,0.9692126266135995,2.4821428571428634
2020-10-22,139.0,139.15,138.3,138.35,104012,17:25,17:20,True,104958.57142857143,0.9909814756842835,2.6107142857142924
2020-10-23,141.2,141.2,140.65,141.15,63684,17:25,17:20,True,97364.0,0.6540815907316873,2.592857142857152
2020-10-26,140.2,140.35,139.85,140.0,89336,17:25,17:20,True,93633.14285714286,0.9541066044990174,2.564285714285723
2020-10-27,137.75,138.15,137.55,137.7,109780,17:25,17:20,True,93546.85714285714,1.1735295375274117,2.642857142857151
2020-10-28,135.0,135.4,134.05,134.85,173504,17:25,17:20,True,94258.57142857143,1.8407238447431835,2.642857142857151
2020-10-29,133.15,134.45,133.15,134.45,366144,17:25,17:20,True,102100.85714285714,3.5861011380903474,2.767857142857151
2020-11-02,134.6,134.65,134.2,134.45,136880,17:25,17:20,True,125769.14285714286,1.0883432683919745,2.8428571428571496
2020-11-03,136.1,136.45,136.0,136.35,108324,17:25,17:20,True,128184.85714285714,0.8450608161873365,2.875000000000006
2020-11-04,137.5,137.6,136.85,136.95,201316,17:25,17:20,True,131309.7142857143,1.5331386645314022,2.9464285714285756
2020-11-05,143.0,143.5,142.85,143.275,104188,17:25,17:20,True,141198.57142857142,0.7378828195347991,3.239285714285718
2020-11-06,143.2,143.25,142.85,143.15,71972,17:25,17:20,True,137906.57142857142,0.5218895608413978,3.250000000000004
2020-11-09,146.25,146.75,145.8,146.4,140064,17:25,17:20,True,136152.85714285713,1.0287261166546005,3.192857142857146
2020-11-10,148.6,149.25,148.4,148.55,164728,17:25,17:20,True,138661.42857142858,1.1879871835817972,3.500000000000002
2020-11-11,147.4,147.8,147.35,147.55,79148,17:25,17:20,True,138509.42857142858,0.5714268033326251,3.47857142857143
2020-11-12,148.5,148.5,147.75,148.15,128748,17:25,17:20,True,136648.57142857142,0.9421832855918206,3.3821428571428567
2020-11-13,148.25,148.6,148.0,148.45,68488,17:25,17:20,True,138415.42857142858,0.4948003319200584,3.267857142857143
2020-11-16,149.0,149.3,148.2,148.5,177940,17:25,17:20,True,138758.57142857142,1.2823712306060888,3.2571428571428567
2020-11-17,148.4,148.6,147.75,148.6,78072,17:25,17:20,True,145087.42857142858,0.5381031338739597,3.096428571428571
2020-11-18,148.75,148.9,148.3,148.9,94596,17:25,17:20,True,142822.57142857142,0.662332284412828,3.0607142857142855
2020-11-19,148.5,149.4,148.5,149.35,222432,17:25,17:20,True,137186.2857142857,1.6213865609223745,2.9910714285714284
2020-11-20,149.15,149.75,149.1,149.7,112996,17:25,17:20,True,126921.14285714286,0.8902850814003745,2.9125000000000005
2020-11-23,149.9,150.25,149.55,149.85,117680,17:25,17:20,True,125215.14285714286,0.9398224313353246,2.8267857142857156
2020-11-24,149.5,149.85,149.35,149.45,69660,17:25,17:20,True,125883.42857142857,0.5533691033881687,2.755357142857144
2020-11-25,149.85,149.85,149.4,149.8,65588,17:25,17:20,True,116479.42857142857,0.5630865536035793,2.5017857142857145
2020-11-26,149.3,149.6,149.0,149.25,33588,17:25,17:20,True,113722.28571428571,0.29535108082848444,2.3910714285714283
2020-11-27,148.8,149.3,148.8,149.25,73208,17:25,17:20,True,110980.57142857143,0.6596469909791159,2.3089285714285706
2020-11-30,148.25,148.25,147.55,147.7,93760,17:25,17:20,True,106205.14285714286,0.882819771977682,1.9839285714285697
2020-12-01,148.55,148.7,147.25,147.8,146360,17:25,17:20,True,101136.0,1.4471602594526183,1.9517857142857136
2020-12-02,147.9,147.9,147.3,147.6,79560,17:25,17:20,True,105936.85714285714,0.7510134069081582,1.9160714285714278
2020-12-03,148.6,148.95,148.15,148.15,49620,17:25,17:20,True,102423.42857142857,0.4844594707684068,1.9017857142857122
2020-12-04,147.65,147.95,147.55,147.7,58228,17:25,17:20,True,101075.71428571429,0.5760829929472955,1.9124999999999963
2020-12-07,147.95,148.025,147.6,147.85,85780,17:25,17:20,True,92524.85714285714,0.9271022150032269,1.891071428571424
2020-12-08,147.7,147.7,147.25,147.4,51508,17:25,17:20,True,93075.42857142857,0.5534006213086775,1.8839285714285674
2020-12-09,149.6,149.85,149.5,149.55,92848,17:25,17:20,True,89997.71428571429,1.031670645603698,1.81785714285714
2020-12-10,148.15,148.55,148.15,148.4,58036,17:25,17:20,True,80741.71428571429,0.7187858285326049,1.8321428571428535
2020-12-11,146.85,146.85,146.25,146.4,41652,17:25,17:20,True,76816.0,0.5422307852530722,1.9642857142857102
2020-12-14,147.5,148.0,147.25,147.9,87576,17:25,17:20,True,71385.42857142857,1.2268049902140894,1.9678571428571396
2020-12-15,146.75,147.15,146.15,147.15,96064,17:25,17:20,True,72665.14285714286,1.3220093737221226,1.9249999999999992
2020-12-16,147.55,147.75,147.3,147.4,54496,17:25,17:20,True,74842.0,0.7281472969722883,1.9535714285714303
2020-12-17,147.4,147.9,147.4,147.9,47680,17:25,17:20,True,76335.42857142857,0.6246116762858662,2.0464285714285717
2020-12-18,148.45,148.9,148.05,148.85,81264,17:25,17:20,True,74512.0,1.090616276572901,2.092857142857144
2020-12-21,146.5,146.5,145.1,145.25,142604,17:25,17:20,True,73619.42857142857,1.9370430165949983,2.10357142857143
2020-12-22,144.3,145.0,144.3,144.95,75616,17:25,17:20,True,73351.14285714286,1.030876916904596,2.2357142857142884
2020-12-23,145.7,146.0,145.6,145.9,53932,17:25,17:20,True,73069.42857142857,0.7380925382121897,2.214285714285716
2020-12-28,146.95,147.1,146.55,146.9,95932,17:25,17:20,True,73377.42857142857,1.3073775119635855,2.18214285714286
2020-12-29,149.25,149.5,149.05,149.15,53268,17:25,17:20,True,76070.57142857143,0.7002445097972935,2.3000000000000034
2020-12-30,150.5,150.6,150.1,150.5,49912,17:25,17:20,True,73748.28571428571,0.6767886130040796,2.3500000000000023
2021-01-04,150.7,151.4,150.7,151.4,94768,17:25,17:20,True,73634.28571428571,1.2870091572248954,2.2535714285714294
2021-01-07,152.45,152.7,151.5,151.8,244252,17:25,17:20,True,73771.42857142857,3.3109295120061972,2.32857142857143
2021-01-08,153.3,154.0,153.3,153.6,98528,17:25,17:20,True,87072.57142857143,1.1315618498854814,2.2821428571428584
2021-01-11,155.25,156.2,155.25,155.5,149940,17:25,17:20,True,91135.14285714286,1.6452489709160336,2.3678571428571433
2021-01-12,153.5,154.0,153.5,153.8,68252,17:25,17:20,True,95589.71428571429,0.7140098755395081,2.4678571428571416
2021-01-13,154.0,154.2,153.55,153.95,69460,17:25,17:20,True,93603.14285714286,0.7420691002438868,2.464285714285712
2021-01-14,153.95,154.25,153.65,153.75,62324,17:25,17:20,True,94672.0,0.6583150245056617,2.3642857142857117
2021-01-15,155.05,155.35,154.55,154.9,61716,17:25,17:20,True,95718.0,0.6447690089638313,2.357142857142857
2021-01-18,154.5,155.35,154.35,155.1,130068,17:25,17:20,True,94321.71428571429,1.3789825702913432,2.3142857142857127
2021-01-19,156.4,156.65,156.15,156.4,85288,17:25,17:20,True,93426.28571428571,0.9128908352497921,2.153571428571425
2021-01-20,155.5,155.95,155.5,155.6,32840,17:25,17:20,True,94117.14285714286,0.3489268692510853,2.19285714285714
2021-01-21,156.5,156.8,156.4,156.65,69180,17:25,17:20,True,92610.57142857143,0.7469989541459321,2.192857142857142
2021-01-22,157.0,157.15,156.35,156.45,244564,17:25,17:20,True,90699.71428571429,2.6964142271671983,2.2107142857142827
2021-01-25,157.5,157.75,157.25,157.7,111084,17:25,17:20,True,104363.71428571429,1.0643929335045295,2.17142857142857
2021-01-26,155.9,156.45,155.9,156.3,74148,17:25,17:20,True,108733.14285714286,0.6819263938449572,2.328571428571426
2021-01-27,159.25,159.4,158.55,158.8,136140,17:25,17:20,True,107260.28571428571,1.2692489032020906,2.403571428571427
2021-01-28,156.75,157.0,155.1,155.2,154584,17:25,17:20,True,99538.0,1.55301492897185,2.4071428571428544
2021-01-29,153.65,153.9,152.8,153.05,145844,17:25,17:20,True,103542.0,1.4085491877692145,2.482142857142853
2021-02-01,154.25,154.9,154.0,154.8,107924,17:25,17:20,True,103249.42857142857,1.0452745501185756,2.4928571428571393
2021-02-02,159.25,159.65,158.85,159.65,147928,17:25,17:20,True,106083.14285714286,1.394453407165808,2.682142857142852
2021-02-03,161.2,161.7,161.05,161.5,100204,17:25,17:20,True,111688.0,0.8971778525893561,2.807142857142854
2021-02-04,159.85,160.05,159.4,159.9,142172,17:25,17:20,True,114393.71428571429,1.2428305251537297,2.8214285714285654
2021-02-05,160.55,161.1,160.35,160.5,81360,17:25,17:20,True,120140.57142857143,0.6772067007220113,2.8642857142857077
2021-02-08,160.1,160.3,159.7,160.0,55704,17:25,17:20,True,116661.42857142857,0.4774842952132545,2.88571428571428
2021-02-09,159.05,159.25,158.4,158.45,105464,17:25,17:20,True,114548.28571428571,0.920694703917749,2.8714285714285666
2021-02-10,159.55,159.75,159.1,159.25,51852,17:25,17:20,True,119735.71428571429,0.4330537493288791,2.91071428571428
2021-02-11,159.5,159.8,159.45,159.55,45864,17:25,17:20,True,118498.0,0.38704450708028826,2.8321428571428515
2021-02-12,162.0,162.0,161.15,161.75,90008,17:25,17:20,True,104305.14285714286,0.862929645983762,2.9035714285714227
2021-02-15,163.55,164.05,163.3,163.35,57740,17:25,17:20,True,102799.71428571429,0.5616747128257722,2.824999999999995
2021-02-16,162.7,162.8,162.1,162.45,83700,17:25,17:20,True,101627.71428571429,0.8235942389168308,2.6535714285714227
2021-02-17,161.05,161.35,160.2,160.25,221832,17:25,17:20,True,97882.0,2.2663206718293454,2.5642857142857105
2021-02-18,158.45,159.05,158.25,159.0,88508,17:25,17:20,True,102685.42857142857,0.8619333943611418,2.510714285714282
2021-02-19,157.9,158.575,157.9,158.15,77836,17:25,17:20,True,98590.0,0.7894918348716908,2.4571428571428533
2021-02-22,158.5,158.55,157.15,157.35,160584,17:25,17:20,True,96440.85714285714,1.6651034090471435,2.1946428571428527
2021-02-23,157.65,157.85,157.25,157.55,50948,17:25,17:20,True,97344.85714285714,0.5233763908578338,2.1517857142857104
2021-02-24,156.9,156.9,156.25,156.85,49836,17:25,17:20,True,93826.57142857143,0.5311501767699067,2.226785714285711
2021-02-25,158.75,159.3,158.75,159.3,53476,17:25,17:20,True,87231.14285714286,0.6130379386130117,2.2196428571428544
2021-02-26,155.6,155.95,155.0,155.45,185240,17:25,17:20,True,85239.42857142857,2.173172710147551,2.216071428571427
2021-03-01,157.5,158.75,157.25,158.65,97448,17:25,17:20,True,94492.0,1.0312830715827794,2.305357142857141
2021-03-02,160.65,160.7,160.3,160.7,60864,17:25,17:20,True,93919.42857142857,0.6480448286981547,2.4910714285714266
2021-03-03,162.25,162.4,162.15,162.4,51084,17:25,17:20,True,94563.14285714286,0.5402104716123165,2.494642857142856
2021-03-04,160.15,160.75,159.9,160.75,98612,17:25,17:20,True,94936.0,1.0387208224488076,2.494642857142856
2021-03-05,161.75,161.85,161.25,161.7,57972,17:25,17:20,True,95550.57142857143,0.6067153668812625,2.544642857142855
2021-03-08,161.85,162.35,161.65,161.9,64632,17:25,17:20,True,95567.14285714286,0.6762993856226737,2.580357142857139
2021-03-09,165.35,165.35,164.45,164.7,56220,17:25,17:20,True,94205.14285714286,0.5967827052208251,2.812499999999996
2021-03-10,166.5,166.5,165.75,166.1,60888,17:25,17:20,True,82375.71428571429,0.7391498881431767,2.744642857142854
2021-03-11,168.0,168.55,167.95,168.45,64880,17:25,17:20,True,80402.85714285714,0.8069364983476067,2.7482142857142833
2021-03-12,170.35,170.5,170.0,170.3,78956,17:25,17:20,True,79477.42857142857,0.9934392873448348,2.8821428571428567
2021-03-15,170.75,170.75,170.3,170.7,84880,17:25,17:20,True,73646.85714285714,1.1525271178287115,2.8821428571428567
2021-03-16,169.75,170.4,169.75,170.2,59584,17:25,17:20,True,76070.57142857143,0.7832726753728679,2.82857142857143
2021-03-17,171.25,171.35,170.95,171.05,74400,17:25,17:20,True,76766.85714285714,0.9691682422473984,2.85357142857143
2021-03-18,171.35,171.55,170.7,170.8,154952,17:25,17:20,True,78261.42857142857,1.9799280798787946,2.8035714285714284
2021-03-19,169.4,169.4,168.75,168.95,344216,17:25,17:20,True,76098.0,4.52332518594444,2.75
2021-03-22,167.95,168.1,167.0,167.65,215096,17:25,17:20,True,93724.28571428571,2.2949868154312805,2.596428571428571
2021-03-23,169.85,169.95,169.3,169.45,68116,17:25,17:20,True,104740.85714285714,0.6503288387939758,2.7071428571428577
2021-03-24,169.4,170.2,169.15,170.0,64728,17:25,17:20,True,105957.42857142857,0.6108868521319883,2.6499999999999995
2021-03-25,170.85,170.85,170.4,170.6,102288,17:25,17:20,True,103537.14285714286,0.9879353165185717,2.6464285714285722
2021-03-26,172.0,172.3,171.2,172.3,178208,17:25,17:20,True,106702.57142857143,1.6701378196803396,2.6500000000000017
2021-03-29,173.5,173.7,173.1,173.55,123348,17:25,17:20,True,114815.14285714286,1.0743182208419497,2.507142857142859
2021-03-30,172.5,173.0,172.3,172.85,98524,17:25,17:20,True,119610.0,0.8237103921076833,2.535714285714288
2021-03-31,174.15,174.2,173.65,173.9,66940,17:25,17:20,True,122298.28571428571,0.5473502724019026,2.5714285714285734
2021-04-06,177.5,177.875,177.0,177.675,233504,17:25,17:20,True,122445.42857142857,1.907004636467791,2.464285714285716
2021-04-07,177.45,177.725,177.05,177.1875,78888,17:25,17:20,True,133484.57142857142,0.5909896488839802,2.5589285714285728
2021-04-08,177.4,177.875,177.4,177.75,88916,17:25,17:20,True,133056.57142857142,0.6682571108314831,2.533928571428571
2021-04-09,177.0,177.225,176.5,176.8,92988,17:25,17:20,True,135151.7142857143,0.6880267889419509,2.5142857142857156
2021-04-12,178.675,178.7,177.775,177.875,134820,17:25,17:20,True,136479.42857142858,0.9878411817165538,2.596428571428573
2021-04-13,178.25,178.5,178.125,178.35,158428,17:25,17:20,True,135041.42857142858,1.1731807170286366,2.5142857142857156
2021-04-14,180.6,180.6,180.1,180.125,59408,17:25,17:20,True,121770.85714285714,0.48786714156331096,2.575000000000003
2021-04-15,178.95,179.55,178.775,179.325,108176,17:25,17:20,True,110650.28571428571,0.9776386866214276,2.466071428571431
2021-04-16,180.0,180.0,179.375,179.875,110080,17:25,17:20,True,113511.71428571429,0.9697677521011047,2.466071428571431
2021-04-19,182.775,183.6,182.775,182.975,87604,17:25,17:20,True,116751.14285714286,0.7503481152830562,2.489285714285716
2021-04-20,181.975,182.175,181.275,181.525,222908,17:25,17:20,True,115702.28571428571,1.926565224047926,2.510714285714286
2021-04-21,177.5,179.425,177.5,179.125,124912,17:25,17:20,True,118895.14285714286,1.0506064166985074,2.72857142857143
2021-04-22,179.25,179.5,178.8,179.25,178924,17:25,17:20,True,119006.85714285714,1.5034763903160442,2.755357142857146
2021-04-23,177.55,178.25,177.15,178.25,127008,17:25,17:20,True,124749.71428571429,1.0181025321558137,2.6750000000000034
2021-04-26,178.525,179.2,178.425,178.875,147612,17:25,17:20,True,129040.28571428571,1.1439218317203266,2.651785714285716
2021-04-27,179.0,179.125,178.275,178.575,84648,17:25,17:20,True,122905.14285714286,0.6887262650871288,2.507142857142859
2021-04-28,180.875,181.0,179.775,180.0,158768,17:25,17:20,True,123316.57142857143,1.2874830865044207,2.47857142857143
2021-04-29,180.5,180.775,180.25,180.3,48860,17:25,17:20,True,128306.0,0.38080837996664224,2.5142857142857156
2021-05-03,179.875,180.175,179.325,179.55,208716,17:25,17:20,True,125154.0,1.6676734263387507,2.476785714285715
2021-05-04,181.15,181.3,180.7,180.7,100796,17:25,17:20,True,130432.28571428571,0.7727841266294717,2.5875000000000017
2021-05-05,177.95,179.7,177.95,179.3,107704,17:25,17:20,True,126315.71428571429,0.8526571742006989,2.664285714285715
2021-05-06,181.1,181.1,180.375,180.95,152012,17:25,17:20,True,129765.42857142857,1.1714368123581231,2.9107142857142856
2021-05-07,183.1,183.125,182.45,182.65,158100,17:25,17:20,True,132896.57142857142,1.1896469434877393,3.0267857142857144
2021-05-10,182.0,182.125,181.775,181.825,94060,17:25,17:20,True,136326.57142857142,0.6899608712692002,2.9589285714285722
2021-05-11,181.25,181.275,180.025,180.1,156220,17:25,17:20,True,136787.7142857143,1.142061630430469,2.930357142857145
2021-05-14,179.575,180.35,179.3,180.15,270092,17:25,17:20,True,132024.2857142857,2.0457751279526493,2.925000000000001
2021-05-17,182.925,183.175,182.625,183.175,146980,17:25,17:20,True,142394.2857142857,1.0322043420683014,3.050000000000001
2021-05-18,184.075,185.0,183.75,185.0,178068,17:25,17:20,True,140112.57142857142,1.270892384490838,3.112500000000001
2021-05-19,187.0,187.5,185.0,185.4,130478,17:25,17:20,True,143759.7142857143,0.9076117092211408,3.2928571428571445
2021-05-20,185.5,187.36,185.5,187.34,149518,17:25,17:20,True,142535.85714285713,1.048985167642027,3.4285714285714306
2021-05-21,191.25,191.3,190.35,190.7,129692,17:25,17:20,True,147169.42857142858,0.8812428046974041,3.6578571428571434
2021-05-24,189.0,190.4,189.0,190.15,197663,17:25,17:20,True,145092.57142857142,1.3623233640001262,3.6739285714285717
2021-05-25,189.0,189.5,188.75,189.25,93934,17:25,17:20,True,155721.35714285713,0.6032184776929855,3.76857142857143
2021-05-26,188.5,188.9,188.45,188.7,71679,17:25,17:20,True,147522.64285714287,0.4858847334331727,3.7221428571428583
2021-05-27,188.0,188.8,187.75,188.8,88021,17:25,17:20,True,145442.85714285713,0.605193006580886,3.5882142857142867
2021-05-28,189.0,189.1,188.2,188.4,103105,17:25,17:20,True,144036.92857142858,0.715823372676749,3.3007142857142884
2021-05-31,191.0,191.1,189.85,190.35,135759,17:25,17:20,True,140543.57142857142,0.9659566682421822,3.241785714285718
2021-06-01,192.2,192.2,191.65,191.7,104088,17:25,17:20,True,138947.7857142857,0.7491159320381912,3.279285714285718
2021-06-02,192.5,193.05,191.95,193.05,106719,17:25,17:20,True,139664.07142857142,0.7641120504966765,3.382857142857148
2021-06-03,192.55,192.8,192.1,192.75,99506,17:25,17:20,True,136128.2857142857,0.7309722551626722,3.13821428571429
2021-06-04,194.2,194.8,193.95,194.775,92052,17:25,17:20,True,123943.57142857143,0.7426928152788423,2.950714285714288
2021-06-07,194.75,194.9,194.0,194.35,118336,17:25,17:20,True,120020.14285714286,0.9859678315901735,2.9578571428571445
2021-06-08,194.2,194.35,193.5,194.0,106841,17:25,17:20,True,115753.57142857143,0.9230039184227576,2.7935714285714317
2021-06-09,194.95,195.0,194.5,194.95,82605,17:25,17:20,True,114065.21428571429,0.724190985983582,2.682857142857145
2021-06-10,195.0,195.5,194.75,195.1,83307,17:25,17:20,True,109285.71428571429,0.7622862745098039,2.4392857142857167
2021-06-11,195.0,195.65,194.25,194.95,80381,17:25,17:20,True,105972.5,0.7585081035174219,2.3785714285714312
2021-06-14,196.0,196.55,195.5,196.55,164124,17:25,17:20,True,97595.21428571429,1.681680820122181,2.32857142857143
2021-06-15,196.0,196.45,195.35,196.1,120503,17:25,17:20,True,102608.78571428571,1.1743926132752487,2.407142857142856
2021-06-16,195.7,196.45,195.65,195.95,80138,17:25,17:20,True,106096.21428571429,0.7553332655601688,2.3499999999999983
2021-06-17,196.15,196.25,194.75,195.6,146304,17:25,17:20,True,105533.14285714286,1.3863322558113091,2.39642857142857
2021-06-18,195.35,196.0,195.0,195.95,104717,17:25,17:20,True,108618.78571428571,0.9640781685356979,2.382142857142855
2021-06-21,193.55,194.2,193.2,193.55,131709,17:25,17:20,True,106401.5,1.2378490904733486,2.471428571428567
2021-06-22,197.35,198.0,197.35,197.9,142072,17:25,17:20,True,108374.42857142857,1.310936554616864,2.539285714285707
2021-06-23,197.2,197.95,197.1,197.6,110583,17:25,17:20,True,110899.64285714286,0.9971447801905842,2.5249999999999937
2021-06-24,195.05,195.95,194.6,195.9,92931,17:25,17:20,True,111690.85714285714,0.8320376651880957,2.578571428571422
2021-06-28,197.1,197.4,196.0,196.4,204614,17:25,17:20,True,111753.64285714286,1.8309380774420265,2.5749999999999926
2021-06-29,196.95,197.6,196.6,197.25,80341,17:25,17:20,True,117916.35714285714,0.6813388909450948,2.6321428571428487
2021-06-30,198.8,199.3,198.6,198.9,58131,17:25,17:20,True,116023.5,0.5010278090214483,2.7071428571428493
2021-07-01,198.15,199.1,197.95,198.65,80343,17:25,17:20,True,114275.35714285714,0.7030649652624769,2.839285714285708
2021-07-02,199.0,200.45,199.0,200.1,155093,17:25,17:20,True,114063.64285714286,1.359705828387786,2.8678571428571353
2021-07-05,200.0,200.7,199.95,200.1,66283,17:25,17:20,True,119400.21428571429,0.5551330070596906,2.8678571428571353
2021-07-06,201.4,201.8,200.5,200.7,147471,17:25,17:20,True,112411.57142857143,1.311884516210202,2.874999999999994
2021-07-07,202.2,203.5,202.0,203.1,138757,17:25,17:20,True,114337.85714285714,1.213570058660736,2.971428571428565
2021-07-08,205.5,205.5,204.3,205.1,100744,17:25,17:20,True,118524.92857142857,0.8499815289007918,3.185714285714277
2021-07-09,203.4,203.8,203.0,203.3,85797,17:25,17:20,True,115270.64285714286,0.7443092002733939,3.321428571428563
2021-07-12,205.5,206.6,205.3,206.5,80022,17:25,17:20,True,113919.21428571429,0.7024451538026006,3.242857142857137
2021-07-13,208.5,208.9,208.1,208.4,104441,17:25,17:20,True,110227.28571428571,0.947505867745995,3.2428571428571393
2021-07-14,208.9,209.3,208.1,209.2,105635,17:25,17:20,True,107539.35714285714,0.9822915331330523,3.257142857142855
2021-07-15,209.2,209.9,208.6,209.6,61503,17:25,17:20,True,107185.92857142857,0.5737973334719443,3.1285714285714255
2021-07-16,209.1,210.85,209.1,209.3,117275,17:25,17:20,True,104941.07142857143,1.1175319482022223,3.174999999999997
2021-07-19,211.0,211.1,209.2,210.0,137265,17:25,17:20,True,98702.57142857143,1.390693251587019,3.2642857142857116
2021-07-20,204.0,205.3,203.5,205.0,190287,17:25,17:20,True,102768.57142857143,1.8516069393088492,3.6499999999999955
2021-07-21,207.0,207.7,206.0,207.2,83108,17:25,17:20,True,112208.28571428571,0.7406583165490708,3.635714285714282
2021-07-22,211.8,212.9,211.8,212.0,99676,17:25,17:20,True,112405.78571428571,0.886751508088361,3.8249999999999966
2021-07-23,214.7,215.3,214.5,214.8,60812,17:25,17:20,True,108447.42857142857,0.5607509629418863,3.9678571428571394
2021-07-26,216.2,216.2,214.9,216.0,228467,17:25,17:20,True,108056.64285714286,2.1143262825779865,4.064285714285712
2021-07-27,212.6,213.5,210.0,212.7,263361,17:25,17:20,True,113842.07142857143,2.3133890370682693,4.007142857142857
2021-07-28,213.6,213.85,212.7,213.0,97601,17:25,17:20,True,122742.35714285714,0.795169673060819,4.0
2021-07-29,214.3,214.8,213.6,214.0,94859,17:25,17:20,True,122517.85714285714,0.7742463197784579,3.767857142857143
2021-07-30,214.2,214.3,213.3,213.6,146590,17:25,17:20,True,123165.14285714286,1.190190638353152,3.710714285714285
2021-08-02,214.1,215.6,214.1,215.5,122735,17:25,17:20,True,127920.0,0.9594668542839274,3.567857142857142
2021-08-03,214.8,215.1,213.3,213.6,97167,17:25,17:20,True,129226.71428571429,0.7519110931286874,3.617857142857141
2021-08-04,215.1,215.9,215.1,215.3,37772,17:25,17:20,True,128621.85714285714,0.2936670394834026,3.625
2021-08-05,218.1,220.3,218.0,220.2,126880,17:25,17:20,True,126926.78571428571,0.9996313960522799,3.6607142857142856
2021-08-06,218.6,219.1,218.3,218.5,77063,17:25,17:20,True,127612.85714285714,0.6038811584144007,3.6607142857142856
2021-08-09,215.3,216.6,214.6,216.0,159542,17:25,17:20,True,123312.71428571429,1.2938000831799292,3.3035714285714306
2021-08-10,216.2,216.55,215.8,216.5,64318,17:25,17:20,True,121116.64285714286,0.5310417997290687,3.239285714285714
2021-08-11,218.0,218.3,217.7,217.8,58089,17:25,17:20,True,119774.5,0.4849863702207064,3.0607142857142855
2021-08-12,218.7,219.0,218.4,218.75,61416,17:25,17:20,True,116804.0,0.5258039108249718,2.882142857142859
2021-08-13,218.0,218.5,218.0,218.2,34100,17:25,17:20,True,116847.14285714286,0.2918342645458658,2.7035714285714283
2021-08-16,216.4,216.4,213.8,214.0,246190,17:25,17:20,True,102963.78571428571,2.391034850672185,2.6607142857142856
2021-08-17,208.5,209.2,208.3,209.1,163365,17:25,17:20,True,101737.28571428571,1.6057534742846071,3.039285714285715
2021-08-18,213.4,213.9,213.3,213.7,109743,17:25,17:20,True,106434.71428571429,1.0310827697193317,3.3785714285714294
2021-08-19,206.6,207.0,204.3,205.7,174546,17:25,17:20,True,107497.85714285714,1.6237160873638676,3.6464285714285722
2021-08-20,206.7,207.6,206.2,206.65,134225,17:25,17:20,True,109494.71428571429,1.2258582606074917,3.9607142857142867
2021-08-23,210.0,211.2,210.0,210.9,119966,17:25,17:20,True,110315.42857142857,1.0874816111721195,4.175000000000002
2021-08-24,209.3,210.2,208.5,208.5,74839,17:25,17:20,True,111943.92857142857,0.6685400535344544,4.346428571428573
2021-08-25,206.9,206.9,205.7,206.9,70325,17:25,17:20,True,114591.57142857143,0.6137013318107415,4.410714285714286
2021-08-26,204.1,204.1,203.0,203.8,85023,17:25,17:20,True,110551.92857142857,0.7690774923484568,4.367857142857143
2021-08-27,205.0,205.0,203.7,204.1,75180,17:25,17:20,True,111120.5,0.6765628304408278,4.303571428571429
2021-08-30,204.8,205.2,204.1,204.4,111447,17:25,17:20,True,105094.64285714286,1.060444157477104,4.253571428571432
2021-08-31,207.1,207.9,206.5,207.4,142409,17:25,17:20,True,108461.0,1.3129972985681488,4.353571428571432
2021-09-01,207.8,208.8,207.6,208.05,341516,17:25,17:20,True,114483.85714285714,2.9830930624030585,4.3535714285714295
2021-09-02,208.5,210.0,208.5,210.0,139352,17:25,17:20,True,134491.0,1.0361436824768944,4.339285714285716
2021-09-03,209.1,210.2,209.1,209.3,77513,17:25,17:20,True,142009.0,0.5458316022223944,4.460714285714287
2021-09-06,206.2,207.1,206.1,207.0,87275,17:25,17:20,True,129960.64285714286,0.671549463601343,4.003571428571429
2021-09-07,208.1,208.2,207.5,208.2,67510,17:25,17:20,True,124525.64285714286,0.5421373337333275,3.7535714285714294
2021-09-08,204.0,204.3,201.5,201.7,191237,17:25,17:20,True,121509.0,1.5738504966710285,3.6714285714285717
2021-09-09,201.1,201.3,200.7,200.8,79971,17:25,17:20,True,122701.21428571429,0.6517539411939688,3.5428571428571423
2021-09-10,203.7,204.5,203.5,204.3,100235,17:25,17:20,True,118825.92857142857,0.8435448492182142,3.407142857142856
2021-09-13,203.6,203.9,203.1,203.1,116288,17:25,17:20,True,117416.57142857143,0.9903883121876201,3.242857142857141
2021-09-14,200.8,201.8,200.8,201.1,102297,17:25,17:20,True,120377.21428571429,0.8498036825906183,3.1714285714285717
2021-09-15,202.4,203.0,202.1,202.95,62039,17:25,17:20,True,122660.92857142857,0.5057763765735159,3.135714285714286
2021-09-16,201.0,202.25,201.0,201.5,88688,17:25,17:20,True,121019.21428571429,0.7328423054426422,3.2057142857142855
2021-09-17,202.5,203.15,201.9,202.4,38144,17:25,17:20,True,121984.07142857143,0.3126965640127487,3.23785714285714
2021-09-20,195.52,195.52,194.04,194.66,166407,17:25,17:20,True,116748.14285714286,1.4253502961809121,3.359999999999997
2021-09-21,192.6,194.18,192.3,193.58,250836,17:25,17:20,True,118462.28571428571,2.1174333965240293,3.63285714285714
2021-09-22,194.66,195.78,194.62,195.44,119291,17:25,17:20,True,111985.14285714286,1.0652395215691877,3.6885714285714237
2021-09-23,195.88,196.2,195.66,195.88,94359,17:25,17:20,True,110552.21428571429,0.8535242881353413,3.655714285714282
2021-09-24,197.8,197.8,196.42,196.66,83296,17:25,17:20,True,111755.5,0.7453413925936531,3.6471428571428532
2021-09-27,196.68,196.98,196.08,196.2,77967,17:25,17:20,True,111471.28571428571,0.6994357291243485,3.7571428571428527
2021-09-28,194.2,194.2,193.28,193.7,74867,17:25,17:20,True,112218.21428571429,0.6671555101508222,3.6885714285714237
2021-09-29,189.0,189.98,188.64,189.4,157231,17:25,17:20,True,103906.07142857143,1.5132032020678015,3.7728571428571382
2021-09-30,190.7,191.5,190.3,191.42,70889,17:25,17:20,True,109424.64285714286,0.6478339627075385,3.69428571428571
2021-10-01,185.54,185.9,181.0,185.2,208894,17:25,17:20,True,107328.5,1.9463050354752,3.787142857142854
2021-10-04,190.0,190.02,187.66,187.9,113223,17:25,17:20,True,113943.21428571429,0.9936791822994536,4.151428571428568
2021-10-05,186.74,186.88,186.12,186.74,109814,17:25,17:20,True,114723.64285714286,0.9572046115790057,4.229999999999998
2021-10-06,188.28,188.28,187.1,187.16,110970,17:25,17:20,True,118136.14285714286,0.9393399624887993,4.212857142857142
2021-10-07,188.0,189.2,188.0,188.66,98234,17:25,17:20,True,119727.71428571429,0.8204783711612301,4.427857142857145
2021-10-08,189.5,189.86,189.2,189.52,56433,17:25,17:20,True,124019.85714285714,0.4550319706867218,4.352857142857145
2021-10-11,187.68,187.7,186.56,186.78,119473,17:25,17:20,True,116164.57142857143,1.028480530085396,4.137142857142861
2021-10-12,185.26,185.9,185.02,185.16,96350,17:25,17:20,True,106781.5,0.9023098570445255,4.091428571428578
2021-10-13,191.44,191.5,189.54,189.82,256793,17:25,17:20,True,105142.85714285714,2.4423247282608695,4.301428571428575
2021-10-14,194.0,194.22,193.5,194.22,126648,17:25,17:20,True,116745.28571428571,1.0848232476808486,4.3300000000000045
2021-10-15,197.22,197.38,196.24,197.21,164798,17:25,17:20,True,119841.85714285714,1.37512889009683,4.268571428571434
2021-10-18,196.98,197.4,196.62,197.28,161432,17:25,17:20,True,126044.07142857143,1.2807583741967803,4.187142857142864
2021-10-19,195.5,196.62,195.5,196.6,85833,17:25,17:20,True,132227.2857142857,0.6491322841298155,4.112857142857147
2021-10-20,197.7,197.74,196.02,196.42,115377,17:25,17:20,True,127127.42857142857,0.9075696826131711,4.177142857142862
2021-10-21,196.04,196.26,195.12,196.06,63459,17:25,17:20,True,130305.14285714286,0.487003034635186,4.19571428571429
2021-10-22,197.5,197.62,197.1,197.1,47481,17:25,17:20,True,119916.92857142857,0.395949100478486,3.697857142857148
2021-10-25,199.56,199.86,198.6,198.98,104072,17:25,17:20,True,115221.07142857143,0.903237565053515,3.68214285714286
2021-10-26,199.5,199.5,199.06,199.34,75594,17:25,17:20,True,114810.92857142857,0.6584216410458686,3.5821428571428595
2021-10-27,200.9,201.5,200.7,201.3,88929,17:25,17:20,True,112284.07142857143,0.7920001374065905,3.4878571428571417
2021-10-28,200.6,200.9,200.2,200.25,85265,17:25,17:20,True,111619.42857142857,0.7638903109545702,3.290714285714285
2021-10-29,200.5,200.95,199.58,199.64,75684,17:25,17:20,True,113678.85714285714,0.6657702399742633,3.1949999999999994
2021-11-01,198.46,199.0,198.2,198.3,76720,17:25,17:20,True,110551.07142857143,0.6939778964473433,3.3957142857142832
2021-11-02,201.0,201.15,200.1,200.45,163839,17:25,17:20,True,109148.92857142857,1.5010591688289592,3.1957142857142844
2021-11-03,202.35,202.55,201.7,202.55,66706,17:25,17:20,True,102509.35714285714,0.6507308392056196,3.1042857142857128
2021-11-04,207.0,207.6,206.5,206.9,81350,17:25,17:20,True,98227.78571428571,0.8281770723878682,3.1199999999999983
2021-11-08,209.15,209.2,208.25,208.65,166093,17:25,17:20,True,92267.21428571429,1.800130211861356,3.2164285714285716
2021-11-09,208.25,208.3,207.4,207.4,53544,17:25,17:20,True,92600.14285714286,0.5782280496327529,2.9921428571428583
2021-11-10,206.1,207.0,206.0,206.9,71829,17:25,17:20,True,90293.78571428571,0.7955032501050144,2.945714285714286
2021-11-11,207.2,207.75,207.1,207.55,51476,17:25,17:20,True,87183.21428571429,0.5904347576737002,2.8414285714285716
2021-11-12,216.0,220.45,213.5,219.9,709173,17:25,17:20,True,86327.28571428571,8.214934526577428,2.8607142857142867
2021-11-15,216.85,216.85,214.25,214.75,401969,17:25,17:20,True,133591.0,3.008952698909358,3.5585714285714283
2021-11-16,218.5,219.95,218.5,219.9,148339,17:25,17:20,True,154869.35714285713,0.9578331229409489,3.7807142857142844
2021-11-17,217.4,217.75,216.8,217.6,83977,17:25,17:20,True,160065.42857142858,0.5246417090154204,3.7635714285714306
2021-11-18,218.0,218.1,217.4,217.7,81947,17:25,17:20,True,159711.7142857143,0.5130932340592246,3.827857142857145
2021-11-19,216.4,217.0,215.85,216.95,130519,17:25,17:20,True,159474.7142857143,0.8184306871756651,3.9557142857142873
2021-11-22,215.5,216.95,215.2,216.55,131070,17:25,17:20,True,163391.5,0.8021837121270078,3.891428571428573
2021-11-23,214.25,214.25,212.4,212.45,162735,17:25,17:20,True,167273.64285714287,0.9728669575216998,3.882142857142859
2021-11-24,211.7,213.25,211.6,213.15,91534,17:25,17:20,True,167194.7857142857,0.5474692264411869,4.014285714285715
2021-11-25,212.0,213.0,211.9,212.9,112866,17:25,17:20,True,168968.2142857143,0.6679717867477188,4.132142857142859
2021-11-26,207.25,207.25,205.5,205.65,240469,17:25,17:20,True,171219.35714285713,1.404449847334518,4.114285714285714
2021-11-29,206.8,209.45,206.8,208.7,299230,17:25,17:20,True,176531.92857142858,1.6950474762355818,4.625
2021-11-30,210.35,210.35,208.8,209.7,182897,17:25,17:20,True,194080.92857142858,0.9423749223906227,4.928571428571429
2021-12-01,211.85,212.25,210.55,211.25,88452,17:25,17:20,True,202014.35714285713,0.4378500679407157,5.192857142857144
2021-12-02,210.3,210.85,209.55,210.65,91478,17:25,17:20,True,204655.5,0.44698529968654643,5.392857142857143
2021-12-03,214.6,215.25,214.35,214.55,108459,17:25,17:20,True,160534.42857142858,0.6756120849911145,4.760714285714286
2021-12-06,212.45,213.5,212.45,212.65,84967,17:25,17:20,True,139569.42857142858,0.6087794502684787,4.753571428571429
2021-12-07,215.4,216.55,215.1,216.55,127178,17:25,17:20,True,135042.85714285713,0.9417602877393421,4.760714285714286
2021-12-08,220.45,221.7,219.9,221.4,133211,17:25,17:20,True,138128.64285714287,0.9643980947367385,5.067857142857142
2021-12-09,219.95,220.5,219.15,220.5,134381,17:25,17:20,True,141790.35714285713,0.9477442804139916,5.185714285714285
2021-12-10,219.1,219.45,218.45,219.25,49254,17:25,17:20,True,142066.2142857143,0.3466974906570226,5.1035714285714295
2021-12-13,219.45,220.0,219.15,219.25,67107,17:25,17:20,True,136222.2142857143,0.4926289030895422,5.053571428571429
2021-12-14,219.0,219.85,218.95,219.65,68577,17:25,17:20,True,129391.64285714286,0.5299955892492505,5.021428571428572
2021-12-15,216.2,217.65,216.05,217.2,108263,17:25,17:20,True,127751.85714285714,0.8474475629652574,5.035714285714286
2021-12-16,221.55,222.2,220.65,220.7,96850,17:25,17:20,True,127423.07142857143,0.7600664378451312,4.982142857142857
2021-12-17,216.35,217.0,215.85,216.5,101892,17:25,17:20,True,117164.57142857143,0.8696485529511603,4.664285714285713
2021-12-20,213.0,213.3,211.0,211.75,190645,17:25,17:20,True,103069.0,1.8496832219192967,4.403571428571427
2021-12-21,215.6,216.65,215.2,216.5,89302,17:25,17:20,True,103622.42857142857,0.8618018437817516,4.346428571428569
2021-12-22,216.3,216.35,215.65,215.9,65508,17:25,17:20,True,103683.14285714286,0.6318095516284504,4.239285714285712
2021-12-23,217.0,217.95,217.0,217.65,45920,17:25,17:20,True,101828.14285714286,0.450955882249785,4.114285714285712
2021-12-27,221.2,221.7,220.9,221.55,142489,17:25,17:20,True,97361.07142857143,1.4635110101940125,4.1464285714285705
2021-12-28,225.7,226.0,225.4,225.55,86647,17:25,17:20,True,101469.78571428571,0.8539192173321123,4.260714285714282
2021-12-29,227.55,227.85,225.7,225.85,78166,17:25,17:20,True,98574.71428571429,0.7929619737313104,3.94285714285714
2021-12-30,227.7,228.35,227.3,227.4,76084,17:25,17:20,True,94642.92857142857,0.8039058083729749,3.7392857142857117
2022-01-03,227.9,228.3,227.8,227.95,143324,17:25,17:20,True,90478.85714285714,1.5840606803167907,3.6464285714285682
2022-01-04,231.95,232.4,231.65,231.95,93786,17:25,17:20,True,97198.14285714286,0.9648949788870158,3.767857142857139
2022-01-07,224.0,225.6,223.2,225.5,439869,17:25,17:20,True,99103.78571428571,4.438468185949362,3.674999999999995
2022-01-10,225.45,226.4,225.45,226.4,143002,17:25,17:20,True,125624.64285714286,1.1383276142931467,3.9678571428571394
2022-01-11,219.0,220.4,219.0,219.7,233927,17:25,17:20,True,128106.0,1.826042496057952,4.385714285714282
2022-01-12,219.7,220.35,219.5,219.9,116462,17:25,17:20,True,137897.2142857143,0.844556582257696,4.3321428571428555
2022-01-13,219.5,219.65,218.25,218.9,100014,17:25,17:20,True,138937.92857142858,0.7198466324376096,4.292857142857143
2022-01-14,215.0,215.0,212.6,212.75,142789,17:25,17:20,True,132464.2857142857,1.0779433809652197,4.292857142857143
2022-01-17,209.0,210.25,209.0,209.5,214709,17:25,17:20,True,136284.7857142857,1.5754436482009575,4.6464285714285705
2022-01-18,209.6,209.65,207.25,207.95,148774,17:25,17:20,True,146942.0,1.0124675041853248,4.753571428571429
2022-01-19,201.0,201.45,200.2,201.3,207253,17:25,17:20,True,154288.7142857143,1.3432803621411065,4.914285714285713
2022-01-20,205.85,206.7,205.6,206.15,137289,17:25,17:20,True,158914.7142857143,0.863916224605651,5.1035714285714295
2022-01-21,206.1,206.45,204.9,206.0,228478,17:25,17:20,True,162532.0,1.4057416385696355,5.307142857142858
2022-01-24,202.0,202.4,201.05,202.3,213272,17:25,17:20,True,173268.57142857142,1.2308752720796783,5.557142857142858
2022-01-25,196.0,199.46,196.0,199.24,618891,17:25,17:20,True,183067.7142857143,3.380667106784843,6.2942857142857145
2022-01-26,198.5,198.5,197.34,198.28,123839,17:25,17:20,True,217036.7857142857,0.5705899098737377,6.406428571428573
2022-01-27,196.8,197.08,196.04,197.0,238377,17:25,17:20,True,219183.42857142858,1.087568533596127,6.530000000000003
2022-01-28,198.42,198.96,198.1,198.38,140243,17:25,17:20,True,204791.14285714287,0.6848098899366463,6.170000000000002
2022-01-31,201.4,201.4,200.3,200.85,243927,17:25,17:20,True,204594.07142857142,1.1922486233192766,5.852857142857147
2022-02-01,202.1,204.2,202.0,203.65,213252,17:25,17:20,True,205308.35714285713,1.0386912786585474,5.948571428571431
2022-02-02,204.2,204.5,203.5,203.75,156824,17:25,17:20,True,212221.92857142858,0.7389622790427944,6.020000000000002
2022-02-03,206.1,206.1,203.7,204.3,196981,17:25,17:20,True,216279.7857142857,0.9107693506790312,5.95214285714286
2022-02-04,201.0,201.9,201.0,201.25,107540,17:25,17:20,True,220150.64285714287,0.48848369736436964,5.727142857142861
2022-02-07,199.54,200.15,199.38,199.94,95536,17:25,17:20,True,212495.7142857143,0.4495902438368505,5.723571428571432
2022-02-08,199.2,199.3,198.08,198.18,73804,17:25,17:20,True,208693.0,0.3536486609517329,5.431428571428575
2022-02-09,200.45,202.75,200.4,202.55,196536,17:25,17:20,True,199160.92857142858,0.9868200625983367,5.069285714285718
2022-02-10,204.75,204.8,203.85,204.5,104363,17:25,17:20,True,203392.85714285713,0.5131104477611941,5.160000000000005
2022-02-11,200.3,201.15,199.86,201.05,113126,17:25,17:20,True,194527.5,0.581542455436892,5.027857142857148
2022-02-14,195.0,195.42,193.12,193.16,435810,17:25,17:20,True,187374.2142857143,2.3258803334351157,4.397142857142861
2022-02-15,193.54,195.5,193.34,195.46,249845,17:25,17:20,True,174297.0,1.4334440638679955,4.78428571428572
2022-02-16,201.2,201.65,200.35,200.4,105799,17:25,17:20,True,183297.42857142858,0.5771984954975597,5.007857142857148
2022-02-17,200.4,201.1,200.35,200.8,103590,17:25,17:20,True,173827.57142857142,0.5959353809563336,4.891428571428577
2022-02-18,196.5,197.06,196.18,196.56,144598,17:25,17:20,True,171209.5,0.8445676203715331,5.010714285714291
2022-02-21,194.26,195.72,194.24,194.34,283858,17:25,17:20,True,164114.57142857142,1.7296331308615411,4.931428571428577
2022-02-22,183.46,185.5,182.0,185.46,357009,17:25,17:20,True,169157.85714285713,2.110507936373886,5.242857142857147
2022-02-23,194.0,195.84,194.0,195.72,107975,17:25,17:20,True,183456.7857142857,0.5885582241049372,5.8664285714285755
2022-02-24,178.62,181.22,178.02,181.16,561972,17:25,17:20,True,177099.2142857143,3.1732043660756744,5.9950000000000045
2022-02-25,189.0,191.54,189.0,191.5,275257,17:25,17:20,True,209558.64285714287,1.313508220167488,6.586428571428576
2022-02-28,187.72,189.26,187.12,188.82,201844,17:25,17:20,True,222395.85714285713,0.9075888489700797,6.79785714285715
2022-03-01,194.02,194.34,192.94,194.34,205902,17:25,17:20,True,231541.57142857142,0.8892657967621982,7.143571428571434
2022-03-02,188.22,189.28,187.8,188.56,222966,17:25,17:20,True,232210.57142857142,0.960188843377378,6.994285714285719
2022-03-03,191.96,191.96,190.26,191.04,130551,17:25,17:20,True,240682.2142857143,0.5424206370522363,7.2242857142857195
2022-03-04,184.46,185.1,184.0,184.14,201560,17:25,17:20,True,241926.85714285713,0.8331443742146387,7.519285714285721
2022-03-07,174.68,176.74,174.5,175.98,489189,17:25,17:20,True,225194.7142857143,2.1722934374887,7.186428571428577
2022-03-08,181.0,182.32,180.34,182.32,250087,17:25,17:20,True,242290.7142857143,1.032177401999369,7.420714285714291
2022-03-09,187.2,187.66,185.86,186.26,156453,17:25,17:20,True,252597.0,0.6193779023503843,7.733571428571433
2022-03-10,191.7,192.5,191.1,191.14,253484,17:25,17:20,True,256372.92857142858,0.9887315381248466,7.871428571428576
2022-03-11,190.18,190.98,189.94,190.44,150165,17:25,17:20,True,264150.5,0.5684827399531707,7.970000000000005
2022-03-14,193.86,194.38,192.82,193.68,216045,17:25,17:20,True,254601.0,0.8485630457068118,7.867142857142862
2022-03-15,195.5,195.5,194.12,194.12,189976,17:25,17:20,True,244532.14285714287,0.7768958214666492,7.505714285714291
2022-03-16,201.0,201.45,200.0,201.45,214846,17:25,17:20,True,250389.35714285713,0.8580476520710174,7.317142857142861
2022-03-17,206.0,207.0,205.5,206.45,281094,17:25,17:20,True,225594.64285714287,1.2460136306428249,7.107857142857147
2022-03-18,207.2,207.8,206.6,207.15,184726,17:25,17:20,True,226011.57142857142,0.8173298333018347,6.949285714285717
2022-03-21,208.55,208.85,208.0,208.4,222486,17:25,17:20,True,224788.85714285713,0.9897554657640631,6.626428571428574
2022-03-22,209.0,209.0,207.45,207.5,111902,17:25,17:20,True,225973.42857142858,0.49519981489606235,6.5028571428571444
2022-03-23,210.05,210.9,208.95,209.0,100259,17:25,17:20,True,218040.2857142857,0.4598186966759747,6.219285714285716
2022-03-24,206.7,207.15,206.0,206.0,62623,17:25,17:20,True,215876.57142857142,0.29008706033077103,6.125000000000002
2022-03-25,203.1,203.75,202.8,203.7,59664,17:25,17:20,True,205952.5,0.28969786722666635,6.030000000000003
2022-03-28,203.6,204.8,203.25,204.8,90565,17:25,17:20,True,175272.14285714287,0.5167107477759076,5.512857142857145
2022-03-29,209.0,209.0,207.4,207.7,64570,17:25,17:20,True,163877.7142857143,0.39401330608886065,5.251428571428574
2022-03-30,210.2,210.8,208.4,208.65,130016,17:25,17:20,True,157314.64285714287,0.8264710623159681,5.1328571428571435
2022-03-31,209.1,210.25,209.1,209.55,111963,17:25,17:20,True,148495.5,0.7539824439124418,5.150000000000001
2022-04-01,205.3,206.05,204.8,204.8,104037,17:25,17:20,True,145766.7857142857,0.713722261832134,4.966428571428573
2022-04-04,210.25,210.7,209.05,209.95,168490,17:25,17:20,True,137766.2142857143,1.2230139361350776,4.8328571428571445
2022-04-05,210.9,211.3,209.9,210.05,157146,17:25,17:20,True,136231.5,1.1535217625879477,4.810714285714288
2022-04-06,209.5,210.15,208.1,208.1,176609,17:25,17:20,True,132110.07142857142,1.336832219453367,4.400000000000001
2022-04-07,208.35,208.8,207.25,207.85,168636,17:25,17:20,True,124646.85714285714,1.352910164487558,4.442857142857144
2022-04-08,211.65,211.65,210.4,210.45,59336,17:25,17:20,True,123497.57142857143,0.4804628893801266,4.521428571428574
2022-04-11,210.0,210.45,209.3,209.6,119144,17:25,17:20,True,111844.0,1.065269482493473,4.553571428571432
2022-04-12,205.3,205.55,203.0,203.05,183051,17:25,17:20,True,112361.28571428571,1.6291287415975761,4.650000000000001
2022-04-13,206.4,206.7,205.75,205.95,85418,17:25,17:20,True,118275.0,0.7221982667512153,4.592857142857143
2022-04-19,209.7,209.7,206.75,208.0,224496,17:25,17:20,True,119903.21428571429,1.8723101072591286,4.485714285714287
2022-04-20,208.55,209.2,207.85,208.4,71997,17:25,17:20,True,131676.92857142858,0.5467700437813978,4.4142857142857155
2022-04-21,209.4,209.55,206.4,206.85,170926,17:25,17:20,True,130350.64285714286,1.3112785349844842,4.467857142857143
2022-04-22,202.9,203.5,201.7,203.05,205008,17:25,17:20,True,137947.5,1.4861305931604414,4.535714285714287
2022-04-25,194.96,194.96,193.34,193.6,213935,17:25,17:20,True,143304.07142857142,1.4928745419953675,4.6678571428571445
2022-04-26,192.92,192.92,190.86,190.96,123640,17:25,17:20,True,150587.7857142857,0.8210493262354327,4.945714285714287
2022-04-27,187.86,188.64,187.28,187.64,147020,17:25,17:20,True,151988.0,0.9673132089375477,4.939285714285715
2022-04-28,190.8,191.28,190.58,190.88,87866,17:25,17:20,True,150454.42857142858,0.5840040790709289,5.005714285714286
2022-04-29,190.14,190.74,189.44,189.78,101837,17:25,17:20,True,145505.85714285713,0.6998824789576463,5.1242857142857146
2022-05-02,189.92,189.92,189.0,189.54,162459,17:25,17:20,True,140165.0,1.1590553989940426,5.2057142857142855
2022-05-03,187.3,187.8,186.74,186.88,161030,17:25,17:20,True,139723.7857142857,1.152488097690699,5.605714285714285
2022-05-04,180.0,180.3,178.1,179.3,194127,17:25,17:20,True,146987.64285714287,1.3207028579175994,5.718571428571429
2022-05-05,181.98,181.98,179.66,181.14,199749,17:25,17:20,True,152343.57142857142,1.311174459984715,5.8971428571428595
2022-05-06,175.0,175.5,174.62,175.0,224368,17:25,17:20,True,153536.2857142857,1.4613353381331915,5.988571428571431
2022-05-09,172.0,172.0,170.78,171.36,164160,17:25,17:20,True,163461.2857142857,1.0042744940042596,6.139285714285715
2022-05-10,170.14,170.64,169.12,169.22,311108,17:25,17:20,True,159151.57142857142,1.9547906263660608,6.322142857142858
2022-05-11,170.86,171.0,169.1,169.78,141939,17:25,17:20,True,176230.92857142858,0.8054148108427538,6.351428571428575
2022-05-12,170.04,170.04,169.08,169.84,131399,17:25,17:20,True,174160.42857142858,0.7544710418883082,6.189285714285717
2022-05-13,173.0,173.38,171.8,172.12,93932,17:25,17:20,True,168902.64285714287,0.556131025607736,5.974285714285718
2022-05-16,176.0,176.6,175.8,176.54,137145,17:25,17:20,True,160331.0,0.8553866688288603,5.692857142857146
2022-05-17,176.92,176.92,175.64,176.54,87346,17:25,17:20,True,161295.64285714287,0.5415273373339727,5.51571428571429
2022-05-18,178.5,179.22,178.06,178.84,173258,17:25,17:20,True,157033.2142857143,1.1033207260520408,5.501428571428574
2022-05-19,172.56,172.92,172.02,172.4,121038,17:25,17:20,True,163132.64285714287,0.7419606393920459,5.49571428571429
2022-05-20,174.02,175.2,173.56,173.6,146428,17:25,17:20,True,164504.14285714287,0.8901174004302106,5.368571428571433
2022-05-23,177.18,178.1,177.18,177.3,94311,17:25,17:20,True,163359.07142857142,0.5773233110059479,4.981428571428574
2022-05-24,176.0,176.42,175.6,176.0,87245,17:25,17:20,True,158593.42857142858,0.5501173711034685,4.937142857142858
2022-05-27,178.88,179.32,177.96,179.02,202182,17:25,17:20,True,150959.0,1.3393172980743115,4.638571428571429
2022-05-30,184.0,185.46,183.6,185.28,167636,17:25,17:20,True,151132.7857142857,1.1091967848519206,4.664285714285713
2022-05-31,186.02,186.34,185.74,186.18,83486,17:25,17:20,True,147080.5,0.5676211326450481,4.609999999999999
2022-06-01,184.0,184.5,183.78,183.78,73294,17:25,17:20,True,141318.07142857142,0.5186456286805904,4.4971428571428556
2022-06-02,181.32,182.0,181.24,181.9,46738,17:25,17:20,True,124331.35714285714,0.3759148220854525,4.465714285714283
2022-06-03,185.88,186.34,185.24,185.6,89616,17:25,17:20,True,117531.28571428571,0.7624863410228766,4.377142857142853
2022-06-07,183.92,184.98,183.92,184.7,140054,17:25,17:20,True,114546.78571428571,1.2226794416504798,4.245714285714281
2022-06-08,186.44,186.78,185.12,185.36,157279,17:25,17:20,True,117841.21428571429,1.334668867368135,4.155714285714282
2022-06-09,183.76,183.86,183.52,183.66,90553,17:25,17:20,True,119279.35714285714,0.7591674047299527,4.167142857142854
2022-06-10,179.22,179.35,178.16,178.32,97677,17:25,17:20,True,119508.42857142857,0.8173231057223699,4.222857142857139
2022-06-13,175.0,175.16,173.5,173.86,202730,17:25,17:20,True,114109.78571428571,1.776622388088664,4.159999999999997
2022-06-14,175.1,176.0,175.1,175.72,133456,17:25,17:20,True,119944.92857142857,1.1126439574352278,4.105714285714283
2022-06-15,173.04,173.4,172.4,172.44,142430,17:25,17:20,True,119018.35714285714,1.1967061503717613,4.174285714285712
2022-06-16,175.32,175.32,174.3,174.76,94713,17:25,17:20,True,122455.42857142857,0.7734487650317083,4.2542857142857144
2022-06-17,169.1,169.48,168.78,169.4,96377,17:25,17:20,True,122988.85714285714,0.7836238358411098,4.651428571428572
2022-06-20,168.1,169.5,168.1,169.06,80405,17:25,17:20,True,115431.35714285714,0.6965611597244868,4.535714285714286
2022-06-21,168.3,168.54,167.72,168.4,118814,17:25,17:20,True,109200.57142857143,1.0880345995049738,4.514285714285713
2022-06-22,166.0,166.0,164.66,165.08,173697,17:25,17:20,True,111724.0,1.5546972897497404,4.468571428571429
2022-06-23,166.5,166.5,164.5,164.86,162029,17:25,17:20,True,118895.64285714286,1.3627833291980542,4.54
2022-06-27,169.5,170.22,169.02,169.78,233009,17:25,17:20,True,127130.71428571429,1.8328301017512907,4.552857142857143
2022-06-28,173.06,173.66,172.88,173.2,55180,17:25,17:20,True,137373.07142857142,0.4016798883956775,4.844285714285713
2022-06-29,169.0,169.0,168.26,168.58,107473,17:25,17:20,True,131310.64285714287,0.8184637411068301,4.904285714285714
2022-06-30,168.26,168.46,167.78,167.96,86168,17:25,17:20,True,127753.07142857143,0.6744886759781565,4.912857142857143
2022-07-01,167.46,167.46,166.16,166.16,112459,17:25,17:20,True,127439.85714285714,0.8824476307591592,4.767142857142858
2022-07-04,171.34,172.3,171.25,171.88,108036,17:25,17:20,True,128495.71428571429,0.8407751231280642,4.8342857142857145
2022-07-05,173.0,173.54,172.74,173.02,109333,17:25,17:20,True,121731.85714285714,0.8981461596506607,4.812857142857142
2022-07-06,172.12,173.2,171.76,172.86,107048,17:25,17:20,True,120008.78571428571,0.8920013594242803,4.757142857142859
2022-07-07,177.26,177.8,176.78,177.4,117706,17:25,17:20,True,117481.5,1.0019109391691459,4.761428571428572
2022-07-08,178.36,178.72,177.96,178.3,85196,17:25,17:20,True,119123.85714285714,0.7151883933528967,4.3828571428571435
2022-07-11,178.0,178.16,177.26,178.0,123550,17:25,17:20,True,118325.21428571429,1.0441561483393529,4.288571428571432
2022-07-12,177.0,177.28,176.5,177.12,49563,17:25,17:20,True,121407.0,0.4082384047048358,4.174285714285721
2022-07-13,180.72,180.72,179.42,179.8,87774,17:25,17:20,True,116460.5,0.753680432421293,4.30428571428572
2022-07-14,177.66,177.66,176.8,176.82,48066,17:25,17:20,True,110323.14285714286,0.4356837446358878,4.262857142857148
2022-07-15,177.08,177.18,175.48,175.6,76220,17:25,17:20,True,102182.92857142857,0.7459171611696391,4.26428571428572
2022-07-18,174.94,175.8,174.06,174.22,128386,17:25,17:20,True,90983.71428571429,1.41108769858342,4.2242857142857195
2022-07-19,175.98,176.12,174.78,175.96,109474,17:25,17:20,True,96212.71428571429,1.1378329861363734,4.147142857142861
2022-07-20,178.8,178.8,177.56,178.5,157846,17:25,17:20,True,96355.64285714286,1.6381604161369452,4.200000000000003
2022-07-21,176.5,176.72,175.86,176.32,97537,17:25,17:20,True,101475.5,0.9611876758429374,4.28714285714286
2022-07-22,182.48,182.5,181.0,181.44,114965,17:25,17:20,True,100409.64285714286,1.1449597541499643,4.378571428571429
2022-07-25,182.98,183.02,182.02,183.02,100733,17:25,17:20,True,100904.57142857143,0.9982996664458073,4.508571428571429
2022-07-26,182.5,183.0,182.36,182.78,81587,17:25,17:20,True,100290.28571428571,0.8135085010369898,4.324285714285712
2022-07-27,179.62,180.02,179.28,180.02,72523,17:25,17:20,True,98471.64285714286,0.7364861385039784,4.227142857142856
2022-07-28,180.88,180.88,180.5,180.62,166518,17:25,17:20,True,95244.28571428571,1.7483253588516747,4.162857142857139
2022-07-29,183.7,183.74,182.72,183.62,106427,17:25,17:20,True,101053.0,1.053180014447864,4.108571428571423
2022-08-01,189.0,189.24,188.72,189.24,136374,17:25,17:20,True,99829.92857142857,1.366063283341168,4.458571428571422
2022-08-02,184.34,184.84,184.04,184.54,60696,17:25,17:20,True,106030.71428571429,0.5724379054586609,4.461428571428564
2022-08-03,182.5,183.12,182.44,182.8,68962,17:25,17:20,True,104096.57142857143,0.6624809929241529,4.429999999999994
2022-08-04,185.18,185.76,184.92,185.64,105923,17:25,17:20,True,105589.14285714286,1.003161851056115,4.394285714285709
2022-08-05,184.9,185.5,184.9,185.36,66561,17:25,17:20,True,107710.78571428571,0.617960397917439,4.115714285714282
2022-08-08,183.12,184.36,183.04,184.3,134377,17:25,17:20,True,103294.71428571429,1.3009087728178594,4.222857142857139
2022-08-09,185.68,185.86,185.5,185.56,65887,17:25,17:20,True,105073.5,0.6270562986861578,4.221428571428569
2022-08-10,180.0,180.06,179.12,179.6,127423,17:25,17:20,True,98505.0,1.2935688543728745,4.278571428571425
2022-08-11,184.96,185.68,184.96,185.68,111856,17:25,17:20,True,100639.71428571429,1.1114498962352266,4.219999999999997
2022-08-12,184.04,184.38,183.4,183.98,82637,17:25,17:20,True,100417.64285714286,0.8229330787774203,4.058571428571426
2022-08-15,183.58,184.36,183.58,184.36,75188,17:25,17:20,True,99125.07142857143,0.7585164773795875,4.068571428571427
2022-08-16,185.88,186.18,185.58,186.06,56968,17:25,17:20,True,98668.0,0.5773705760732963,4.008571428571427
2022-08-17,186.8,187.22,186.76,186.88,56511,17:25,17:20,True,97556.92857142857,0.579261779019869,4.04142857142857
2022-08-18,183.8,184.24,183.56,183.92,35679,17:25,17:20,True,89699.28571428571,0.3977623647265865,4.107142857142857
2022-08-19,185.0,185.22,184.7,185.02,94108,17:25,17:20,True,84645.85714285714,1.1117850675334713,3.7757142857142845
2022-08-22,183.0,183.3,181.96,183.02,118456,17:25,17:20,True,81626.85714285714,1.451189034421444,3.6214285714285728
2022-08-23,180.1,180.1,178.7,179.22,85750,17:25,17:20,True,85752.57142857143,0.9999700133940173,3.5528571428571434
2022-08-24,175.64,176.02,175.24,176.0,121216,17:25,17:20,True,86951.71428571429,1.3940610716621047,3.6685714285714295
2022-08-25,178.0,178.5,177.84,178.32,45823,17:25,17:20,True,88044.07142857143,0.5204552590139516,3.7828571428571416
2022-08-26,180.0,180.74,178.72,178.84,121721,17:25,17:20,True,86562.78571428571,1.4061585356293822,3.67285714285714
2022-08-29,172.42,172.5,171.4,171.54,170452,17:25,17:20,True,85658.78571428571,1.989895123759301,3.8442857142857116
2022-08-30,173.82,174.54,173.64,174.46,48574,17:25,17:20,True,93127.71428571429,0.5215847975284326,3.692857142857142
2022-08-31,174.18,174.34,172.6,173.1,77940,17:25,17:20,True,87495.64285714286,0.8907872147102835,3.587142857142857
2022-09-01,167.6,167.62,166.82,167.36,192836,17:25,17:20,True,85073.07142857143,2.2667102146642004,3.8142857142857145
2022-09-02,168.0,168.34,167.32,167.92,137835,17:25,17:20,True,92944.42857142857,1.4829829191329382,3.837142857142857
2022-09-05,166.88,167.3,166.0,167.1,155742,17:25,17:20,True,97419.21428571429,1.5986784654537936,3.9571428571428577
2022-09-06,170.2,171.08,169.96,171.0,72646,17:25,17:20,True,104474.5,0.6953467113984753,4.147142857142858
2022-09-07,167.78,168.26,167.66,167.84,59422,17:25,17:20,True,105627.0,0.5625644958201975,4.115714285714284
2022-09-08,169.68,170.5,169.68,170.38,62684,17:25,17:20,True,107322.92857142857,0.5840690412979254,4.208571428571427
2022-09-09,170.8,171.32,170.78,171.04,30306,17:25,17:20,True,105078.35714285714,0.28841334052071343,4.308571428571426
2022-09-12,174.14,174.56,174.06,174.38,92497,17:25,17:20,True,98781.92857142857,0.9363757251724036,4.339999999999997
2022-09-13,177.72,177.88,177.28,177.82,55945,17:25,17:20,True,99263.85714285714,0.5635988929937094,4.2585714285714245
2022-09-14,172.04,172.26,171.14,171.76,129217,17:25,17:20,True,94601.64285714286,1.3659065117413394,4.337142857142853
2022-09-15,171.6,172.88,171.6,172.76,43353,17:25,17:20,True,100558.35714285714,0.43112279507919,4.3128571428571405
2022-09-16,170.68,171.04,170.3,170.46,71658,17:25,17:20,True,94960.64285714286,0.7546073598912031,4.021428571428568
2022-09-19,169.56,169.78,168.62,168.66,151017,17:25,17:20,True,87903.92857142857,1.717977824816866,3.9771428571428538
2022-09-20,169.98,170.04,169.52,169.84,75143,17:25,17:20,True,95221.28571428571,0.789140783348261,3.9557142857142815
2022-09-21,165.0,165.0,163.6,163.64,174114,17:25,17:20,True,95021.5,1.8323642544055818,3.9214285714285677
2022-09-22,164.7,164.94,163.86,163.98,100638,17:25,17:20,True,93684.21428571429,1.074225799589655,4.011428571428567
2022-09-23,162.52,163.4,162.2,163.16,163927,17:25,17:20,True,91027.28571428571,1.80085563041537,4.008571428571423
2022-09-26,159.92,160.44,159.16,159.74,170597,17:25,17:20,True,91611.92857142857,1.8621701634300587,3.9585714285714237
2022-09-27,160.96,161.06,160.42,161.02,60502,17:25,17:20,True,98608.42857142857,0.61355809920624,3.971428571428567
2022-09-28,160.0,160.38,159.88,159.98,80819,17:25,17:20,True,98685.57142857143,0.818954572893128,3.8828571428571377
2022-09-29,164.02,164.08,162.86,163.02,95142,17:25,17:20,True,99980.92857142857,0.9516014839973053,4.029999999999995
2022-09-30,160.0,160.44,159.6,160.2,183914,17:25,17:20,True,104612.07142857143,1.7580571485536016,4.231428571428566
2022-10-03,162.76,162.78,160.64,160.76,204878,17:25,17:20,True,111141.85714285714,1.8433919071251283,4.312857142857139
2022-10-04,169.0,169.78,167.28,167.86,178154,17:25,17:20,True,121779.92857142857,1.4629175931525193,4.3699999999999966
2022-10-05,170.68,170.68,169.6,170.2,113725,17:25,17:20,True,125275.42857142857,0.9077997281418771,4.611428571428568
2022-10-06,170.5,170.88,170.22,170.28,57847,17:25,17:20,True,130302.0,0.4439456032908167,4.6842857142857115
2022-10-07,169.38,169.38,168.28,168.8,84723,17:25,17:20,True,129315.5,0.655165080752114,4.662857142857141
2022-10-10,162.16,162.46,161.46,162.18,121156,17:25,17:20,True,124580.21428571429,0.9725139798053233,4.801428571428569
2022-10-11,160.0,160.2,159.52,160.2,111328,17:25,17:20,True,127866.85714285714,0.8706556373370514,4.635714285714282
2022-10-12,162.0,162.2,161.44,161.58,81294,17:25,17:20,True,123382.14285714286,0.6588797869568993,4.548571428571425
2022-10-13,160.62,160.78,160.18,160.64,70694,17:25,17:20,True,122000.42857142857,0.5794569808302782,4.388571428571426
2022-10-14,166.66,166.84,166.04,166.58,92392,17:25,17:20,True,115340.92857142857,0.8010339533792057,4.529999999999997
2022-10-17,164.6,164.6,164.06,164.24,90235,17:25,17:20,True,109754.85714285714,0.8221504027156624,4.507142857142853
2022-10-18,171.0,171.52,170.74,170.86,143309,17:25,17:20,True,111878.64285714286,1.2809325921390589,4.838571428571423
2022-10-19,175.1,175.62,174.02,174.2,118685,17:25,17:20,True,116342.21428571429,1.0201370218769628,4.752857142857138
2022-10-20,170.0,170.18,169.1,169.88,104984,17:25,17:20,True,118023.85714285714,0.8895150738288989,4.561428571428566
2022-10-21,169.8,169.8,168.66,169.6,99374,17:25,17:20,True,112386.0,0.8842204545050095,4.5257142857142805
2022-10-24,172.74,173.38,172.5,172.98,147709,17:25,17:20,True,104850.0,1.4087649022412971,4.34428571428571
2022-10-25,177.04,177.36,176.34,176.6,72729,17:25,17:20,True,102675.35714285714,0.7083393914939946,4.307857142857139
2022-10-26,181.44,181.58,180.48,180.92,105316,17:25,17:20,True,99747.07142857143,1.0558304969927508,4.530714285714282
2022-10-27,180.0,180.0,179.18,179.54,84676,17:25,17:20,True,103137.71428571429,0.820999385010887,4.5849999999999955
2022-10-28,178.66,178.98,177.84,178.92,71788,17:25,17:20,True,103134.35714285714,0.6960629026907342,4.362142857142852
2022-10-31,182.0,182.2,180.82,180.9,110629,17:25,17:20,True,99608.07142857143,1.1106429269572962,4.433571428571424
2022-11-01,181.28,181.96,181.14,181.9,56811,17:25,17:20,True,99558.14285714286,0.5706313754919954,4.42785714285714
2022-11-02,180.52,180.8,180.16,180.56,120979,17:25,17:20,True,97809.35714285714,1.2368857493184628,4.513571428571424
2022-11-03,178.0,178.18,177.04,178.04,223073,17:25,17:20,True,101401.14285714286,2.1999061718098414,4.256428571428567
2022-11-07,180.0,180.2,179.42,179.7,110937,17:25,17:20,True,110735.5,1.0018196513313256,4.182142857142856
2022-11-08,180.86,180.96,180.46,180.68,80903,17:25,17:20,True,112214.21428571429,0.7209692685991524,3.965000000000001
2022-11-09,183.8,184.16,183.32,184.06,84348,17:25,17:20,True,107756.64285714286,0.7827638070705618,3.9478571428571416
2022-11-10,183.0,183.06,182.5,182.84,75352,17:25,17:20,True,105304.0,0.7155663602522221,3.8478571428571433
2022-11-11,195.0,196.0,195.0,195.38,230928,17:25,17:20,True,103187.42857142857,2.2379470367375873,4.443571428571427
2022-11-14,193.3,194.16,193.2,193.3,168701,17:25,17:20,True,112584.14285714286,1.4984437036933647,4.576428571428571
2022-11-15,192.8,193.32,192.58,193.26,69382,17:25,17:20,True,114083.57142857143,0.6081681974993269,4.418571428571427
2022-11-16,191.62,193.0,191.6,192.76,81173,17:25,17:20,True,113844.5,0.7130164390901624,4.238571428571427
2022-11-17,189.56,190.8,189.2,190.56,155672,17:25,17:20,True,112120.0,1.3884409561184445,4.295714285714283
2022-11-18,190.0,190.84,190.0,190.18,54780,17:25,17:20,True,117191.14285714286,0.4674414692480417,4.394285714285713
2022-11-21,191.2,191.8,190.9,191.74,104322,17:25,17:20,True,115976.28571428571,0.8995114764841089,4.391428571428571
2022-11-22,190.74,190.76,190.12,190.56,68104,17:25,17:20,True,115525.78571428571,0.5895134110442876,4.3999999999999995
2022-11-23,192.8,193.18,192.18,192.28,74084,17:25,17:20,True,116332.42857142857,0.6368301677336009,4.312857142857142
2022-11-24,193.34,193.9,193.28,193.48,69629,17:25,17:20,True,112982.78571428571,0.6162797240287553,4.231428571428572
2022-11-25,194.1,194.66,194.04,194.62,67569,17:25,17:20,True,102022.5,0.6622950819672131,4.289999999999998
2022-11-28,194.94,194.94,193.86,193.92,132416,17:25,17:20,True,98924.78571428571,1.338552305611695,4.1028571428571405
2022-11-29,193.7,194.52,193.7,193.82,66702,17:25,17:20,True,102604.28571428571,0.6500898041017502,3.9357142857142855
2022-11-30,193.0,193.58,192.86,193.18,66378,17:25,17:20,True,101343.85714285714,0.654978030946974,3.9957142857142833
2022-12-01,196.0,198.16,195.86,198.08,234837,17:25,17:20,True,100702.85714285714,2.3319795154060037,3.4028571428571417
2022-12-02,193.68,193.76,192.8,192.98,102809,17:25,17:20,True,100982.07142857143,1.0180916131505662,3.4457142857142844
2022-12-05,193.5,193.54,192.68,192.98,100525,17:25,17:20,True,96275.5,1.044138955393636,3.4457142857142844
2022-12-06,194.86,194.98,194.34,194.96,61971,17:25,17:20,True,98500.0,0.6291472081218275,3.3914285714285706
2022-12-07,192.42,192.42,191.58,192.06,76317,17:25,17:20,True,97128.42857142857,0.7857328809131945,3.3300000000000005
2022-12-08,190.58,191.82,190.3,191.66,203942,17:25,17:20,True,91460.21428571429,2.2298438899662067,3.2057142857142855
2022-12-09,191.5,192.6,191.5,191.54,76150,17:25,17:20,True,102114.64285714286,0.7457304640092893,3.142857142857141
2022-12-12,192.34,193.9,192.18,193.38,179673,17:25,17:20,True,100102.35714285714,1.794892799013581,3.2185714285714266
2022-12-13,194.62,195.58,194.62,194.92,66338,17:25,17:20,True,108071.57142857143,0.6138339539537951,3.154285714285712
2022-12-14,197.18,197.32,196.64,196.72,69643,17:25,17:20,True,107518.28571428571,0.6477316815212828,3.5642857142857127
2022-12-15,196.08,196.36,195.66,196.1,117436,17:25,17:20,True,107519.28571428571,1.0922319583862032,3.6571428571428584
2022-12-16,192.22,194.12,192.22,193.86,97347,17:25,17:20,True,111081.21428571429,0.8763588031150953,3.901428571428574
2022-12-19,189.86,190.32,189.5,189.76,81583,17:25,17:20,True,108576.28571428571,0.7513887536610204,4.077142857142858
2022-12-20,187.36,187.44,186.74,186.74,71082,17:25,17:20,True,109639.21428571429,0.6483264264806192,4.048571428571431
2022-12-21,188.92,189.74,188.92,189.46,75916,17:25,17:20,True,109975.21428571429,0.6903009963933432,3.881428571428574
2022-12-22,191.12,191.48,190.98,191.48,48936,17:25,17:20,True,98623.71428571429,0.4961889780203544,3.662857142857145
2022-12-23,188.32,189.38,188.16,189.18,53568,17:25,17:20,True,94775.64285714286,0.5652085112283973,3.731428571428574
2022-12-27,190.64,191.0,190.56,190.96,48352,17:25,17:20,True,91421.57142857143,0.5288904931783839,3.6685714285714317
2022-12-28,190.94,190.98,190.3,190.68,67846,17:25,17:20,True,90448.78571428571,0.7501040446724785,3.6128571428571457
2022-12-29,189.78,189.98,188.88,188.98,64374,17:25,17:20,True,89843.71428571429,0.7165108935198583,3.6028571428571445
2022-12-30,191.54,191.54,190.82,191.16,58495,17:25,17:20,True,79874.57142857143,0.7323356977546939,3.622857142857145
2023-01-02,190.0,190.16,189.36,190.16,72013,17:25,17:20,True,78613.5,0.9160385938801859,3.6100000000000017
2023-01-03,190.5,191.46,190.0,191.12,99952,17:25,17:20,True,70923.5,1.4092931115920675,3.6271428571428594
2023-01-04,193.2,193.62,193.0,193.18,41262,17:25,17:20,True,73324.5,0.5627314199210359,3.412857142857143
2023-01-09,195.2,196.04,195.2,195.98,312400,17:25,17:20,True,71297.28571428571,4.3816534790945765,3.3028571428571416
2023-01-10,197.98,197.98,196.8,197.2,189074,17:25,17:20,True,85223.28571428571,2.218572053580259,3.2142857142857104
2023-01-11,199.12,199.96,198.74,199.9,176750,17:25,17:20,True,91775.21428571429,1.9259012509602265,3.058571428571426
2023-01-12,204.0,204.95,203.75,204.45,192156,17:25,17:20,True,98572.85714285714,1.9493804437616846,3.423571428571425
2023-01-13,206.6,207.95,206.35,207.75,103573,17:25,17:20,True,107221.0,0.9659768142434785,3.576428571428567
2023-01-16,206.95,207.1,206.6,206.95,65720,17:25,17:20,True,109196.5,0.6018507919209864,3.6135714285714227
2023-01-17,206.7,207.15,206.5,207.15,79062,17:25,17:20,True,110395.35714285714,0.7161714228406345,3.528571428571421
2023-01-18,206.0,206.5,205.8,206.05,52909,17:25,17:20,True,112216.35714285714,0.47149097820600383,3.5157142857142776
2023-01-19,203.45,203.7,202.65,203.0,87666,17:25,17:20,True,112541.85714285714,0.7789635094498174,3.5678571428571337
2023-01-20,203.0,203.5,202.7,202.8,115642,17:25,17:20,True,113957.57142857143,1.0147811904932036,3.697142857142848
2023-01-23,204.0,204.3,203.3,203.6,186369,17:25,17:20,True,117619.57142857143,1.5845067086745768,3.743571428571422
2023-01-24,206.35,206.45,205.5,205.6,93321,17:25,17:20,True,126753.42857142857,0.7362404398190413,3.7757142857142787
2023-01-25,204.0,204.0,203.25,203.75,64341,17:25,17:20,True,128275.42857142857,0.5015847595798327,3.810714285714277
2023-01-26,203.4,204.15,203.1,203.3,193017,17:25,17:20,True,125731.78571428571,1.5351488003090479,3.6978571428571354
2023-01-27,204.8,205.45,204.75,204.9,109805,17:25,17:20,True,136571.42857142858,0.8040115062761506,3.735714285714278
2023-01-30,203.75,203.75,202.4,203.15,102386,17:25,17:20,True,122100.35714285714,0.8385397258110278,3.6121428571428504
2023-01-31,202.85,203.0,202.15,203.0,121762,17:25,17:20,True,115908.35714285714,1.0505023365133908,3.53714285714285
2023-02-01,202.5,202.55,202.05,202.55,61172,17:25,17:20,True,111980.64285714286,0.546272984680388,3.1285714285714215
2023-02-02,203.9,204.7,203.4,204.55,195086,17:25,17:20,True,102624.64285714286,1.9009664206243975,3.0071428571428505
2023-02-03,209.6,209.85,209.15,209.35,88464,17:25,17:20,True,109161.28571428571,0.8103971973318641,3.38571428571428
2023-02-06,209.0,209.0,208.1,208.3,103792,17:25,17:20,True,110785.85714285714,0.9368704875944712,3.414285714285711
2023-02-07,206.3,206.55,205.75,206.3,65929,17:25,17:20,True,112552.28571428571,0.5857633150814987,3.567857142857138
2023-02-08,206.6,207.1,206.6,206.9,202693,17:25,17:20,True,113482.28571428571,1.7861201748290483,3.4928571428571393
2023-02-09,205.7,206.8,205.6,206.45,133109,17:25,17:20,True,121698.5,1.093760399676249,3.3642857142857117
2023-02-10,203.9,203.9,203.0,203.1,84428,17:25,17:20,True,122946.14285714286,0.6867071877000731,3.2749999999999955
2023-02-13,203.15,203.75,203.0,203.75,71284,17:25,17:20,True,115664.64285714286,0.6162989677670359,3.2821428571428544
2023-02-14,205.0,205.1,204.8,204.9,54948,17:25,17:20,True,114090.57142857143,0.48161736164500885,3.267857142857141
2023-02-15,203.65,203.65,202.4,202.45,84696,17:25,17:20,True,113419.64285714286,0.7467489569393057,3.278571428571427
2023-02-16,206.0,206.7,205.9,206.35,53048,17:20,17:20,True,105682.42857142857,0.5019566707264487,3.2357142857142844
2023-02-17,203.95,203.95,202.65,202.85,108109,17:25,17:20,True,101628.35714285714,1.0637680568626444,3.39642857142857
2023-02-20,204.9,204.9,204.4,204.6,59715,17:25,17:20,True,102037.14285714286,0.5852280682104556,3.4500000000000006
2023-02-21,202.15,202.7,202.05,202.6,50828,17:25,17:20,True,97605.21428571429,0.5207508673790114,3.4571428571428577
2023-02-22,200.3,200.4,199.84,200.2,102014,17:25,17:20,True,96866.35714285714,1.0531416996465675,3.4589285714285722
2023-02-23,200.6,201.9,200.6,201.3,71225,17:25,17:20,True,90218.35714285714,0.789473475860551,3.063214285714287
2023-02-24,202.4,203.4,202.4,203.3,100082,17:25,17:20,True,88987.0,1.1246811331992312,3.006071428571427
2023-02-27,200.75,201.95,200.75,201.7,74510,17:25,17:20,True,88722.0,0.8398142512567345,3.006071428571429
2023-02-28,202.5,202.5,201.95,202.4,75247,17:25,17:20,True,89334.92857142857,0.842302123069764,3.0989285714285706
2023-03-01,203.15,203.85,202.9,203.7,110364,17:25,17:20,True,80231.64285714286,1.375566996633854,3.0953571428571416
2023-03-02,200.5,200.75,199.9,200.3,93323,17:25,17:20,True,78607.0,1.1872097904766752,3.1667857142857128
2023-03-03,203.05,204.25,203.05,204.0,128860,17:25,17:20,True,79242.35714285714,1.6261505165437316,3.0674999999999977
2023-03-06,206.4,207.35,206.4,207.15,67942,17:25,17:20,True,83354.92857142857,0.815092774529572,3.160357142857141
2023-03-07,206.2,206.3,205.9,206.05,48814,17:25,17:20,True,84283.07142857143,0.5791673128733698,3.1174999999999966
2023-03-08,203.35,204.2,203.35,204.15,131863,17:25,17:20,True,81720.07142857143,1.6135937927471917,3.2139285714285677
2023-03-09,203.55,203.65,203.1,203.4,96074,17:25,17:20,True,87349.71428571429,1.0998776674386046,2.988928571428567
2023-03-10,201.0,201.15,200.4,200.5,133025,17:25,17:20,True,86490.07142857143,1.5380378094595497,3.03178571428571
2023-03-13,200.6,201.2,199.66,199.66,179495,17:25,17:20,True,91726.5,1.9568499833744883,3.263928571428567
2023-03-14,196.52,196.76,196.14,196.18,108462,17:25,17:20,True,100917.0,1.074764410357026,3.576428571428567
2023-03-15,201.4,201.5,200.1,200.1,115726,17:25,17:20,True,101377.57142857143,1.1415345462436746,3.7585714285714227
2023-03-16,196.06,197.16,196.04,196.58,119175,17:25,17:20,True,104556.21428571429,1.1398174734438822,4.15428571428571
2023-03-17,197.7,198.64,197.2,197.88,220258,17:25,17:20,True,105920.0,2.079475075528701,4.197857142857138
2023-03-20,188.58,189.5,187.68,188.76,245833,17:25,17:20,True,116330.57142857143,2.1132278212090174,4.51071428571428
2023-03-21,196.68,196.94,195.9,196.24,96532,17:25,17:20,True,128515.28571428571,0.7511324389427828,4.910714285714282
2023-03-22,199.14,199.24,198.5,199.22,85957,17:25,17:20,True,127527.28571428571,0.674028303186657,4.977857142857139
2023-03-23,198.68,198.68,197.66,197.66,78149,17:25,17:20,True,127001.14285714286,0.6153409193168116,4.919285714285711
2023-03-24,200.1,201.6,199.56,199.82,250323,17:25,17:20,True,123378.92857142857,2.028895881155905,4.885714285714282
2023-03-27,198.6,199.48,198.56,199.22,91518,17:25,17:20,True,136406.14285714287,0.670922863758754,5.144999999999996
2023-03-28,200.45,201.6,200.3,200.7,150728,17:25,17:20,True,139456.42857142858,1.0808250400790824,5.19428571428571
2023-03-29,200.9,201.0,200.1,200.9,98934,17:25,17:20,True,140803.92857142858,0.702636645182891,5.35928571428571
2023-03-30,202.5,203.35,202.3,203.35,73175,17:25,17:20,True,141008.2142857143,0.5189413990572991,5.3678571428571376
2023-03-31,204.65,205.0,204.4,204.85,94107,17:25,17:20,True,136733.2142857143,0.6882526713908471,5.2428571428571376
2023-04-03,206.35,206.45,205.65,206.1,95488,17:25,17:20,True,130634.07142857143,0.73095785009052,4.939285714285709
2023-04-04,206.75,207.5,206.65,207.35,96388,17:25,17:20,True,129707.35714285714,0.7431189881838403,4.665357142857139
2023-04-05,208.15,208.15,207.3,207.65,66350,17:25,17:20,True,128326.07142857143,0.5170422445054869,4.301785714285712
2023-04-11,210.45,211.8,210.45,211.7,158842,17:25,17:20,True,124552.85714285714,1.2752979228554715,4.051071428571427
2023-04-12,212.0,212.95,211.95,212.75,134456,17:25,17:20,True,120166.0,1.1189188289532812,3.7882142857142855
2023-04-13,211.6,211.9,211.35,211.6,52965,17:25,17:20,True,112210.5,0.4720146510353309,3.4989285714285705
2023-04-14,211.35,212.25,211.35,212.2,95512,17:25,17:20,True,109098.57142857143,0.8754651756602809,3.3567857142857145
2023-04-17,212.4,212.4,211.5,212.1,102357,17:25,17:20,True,109781.07142857143,0.9323738479506289,3.3789285714285717
2023-04-18,209.5,210.3,209.45,210.1,58397,17:25,17:20,True,111510.21428571429,0.5236919359725534,3.426785714285714
2023-04-19,210.15,210.15,209.6,210.05,78677,17:25,17:20,True,97801.21428571429,0.8044583144965334,3.1567857142857156
2023-04-20,209.35,210.0,209.1,209.65,79539,17:25,17:20,True,96884.0,0.8209714710375294,2.9396428571428594
2023-04-21,209.0,210.3,209.0,210.2,66149,17:25,17:20,True,91799.07142857143,0.7205846308747287,2.7996428571428607
2023-04-24,210.1,212.0,209.65,211.75,157482,17:25,17:20,True,89457.28571428571,1.7604155854110741,2.7196428571428606
2023-04-25,216.0,216.9,215.85,216.75,137725,17:25,17:20,True,95479.21428571429,1.4424605505012684,2.9767857142857173
2023-04-26,220.0,220.0,218.2,218.2,185425,17:25,17:20,True,98594.78571428571,1.8806775495951322,3.0267857142857184
2023-04-27,218.6,218.9,218.25,218.8,166095,17:25,17:20,True,105018.85714285714,1.581573105238243,3.1035714285714318
2023-04-28,220.8,221.9,220.65,221.9,134586,17:25,17:20,True,109997.92857142857,1.2235321314492287,3.07857142857143
2023-05-02,220.5,220.55,218.9,219.35,244697,17:25,17:20,True,114871.92857142857,2.1301722974716566,3.221428571428571
2023-05-03,219.05,219.5,218.45,218.5,121504,17:25,17:20,True,121004.42857142857,1.0041285383887957,3.135714285714286
2023-05-04,215.35,215.9,214.15,215.9,154290,17:25,17:20,True,120079.28571428571,1.284901047522173,3.153571428571429
2023-05-05,218.2,218.4,217.45,217.6,57416,17:25,17:20,True,127316.78571428571,0.45096960057449503,3.3607142857142867
2023-05-08,218.0,218.2,216.9,217.4,107134,17:25,17:20,True,124595.64285714286,0.8598535032467887,3.4214285714285717
2023-05-09,218.55,218.6,216.95,216.95,76515,17:25,17:20,True,124936.85714285714,0.6124293643188902,3.2642857142857156
2023-05-10,216.75,217.95,216.1,217.65,149842,17:25,17:20,True,126231.0,1.1870459712748849,3.414285714285715
2023-05-11,215.35,217.1,215.35,217.0,99131,17:25,17:20,True,131314.2142857143,0.7549144663372859,3.6285714285714294
2023-05-12,216.95,217.6,216.6,216.85,133202,17:25,17:20,True,132713.64285714287,1.0036797810107798,3.717857142857144
2023-05-15,215.15,216.2,215.1,216.1,130177,17:25,17:20,True,137503.14285714287,0.9467201788634441,3.800000000000001
2023-05-16,216.3,216.3,215.3,215.75,109336,17:25,17:20,True,135552.7857142857,0.8065935305118355,3.4071428571428584
2023-05-19,216.4,218.6,216.4,217.85,192395,17:25,17:20,True,133525.0,1.4408912188728702,3.346428571428571
2023-05-22,219.2,219.75,219.0,219.35,78820,17:25,17:20,True,134022.85714285713,0.5881086381853842,3.482142857142857
2023-05-23,218.85,218.85,217.75,218.4,120650,17:25,17:20,True,127788.92857142857,0.9441349993991208,3.392857142857143
2023-05-24,217.5,217.5,215.8,216.15,100631,17:25,17:20,True,126793.5,0.7936605583093771,3.2821428571428584
2023-05-25,215.0,215.3,214.6,215.0,76820,17:25,17:20,True,116503.07142857143,0.6593817575624922,3.324999999999999
2023-05-26,213.75,214.25,212.8,214.15,78480,17:25,17:20,True,113311.35714285714,0.6926048895615683,3.1964285714285694
2023-05-29,218.6,219.2,218.5,219.1,87955,17:25,17:20,True,107896.35714285714,0.8151804410184641,3.2178571428571394
2023-05-30,219.0,219.4,218.8,218.95,119001,17:25,17:20,True,110077.71428571429,1.0810635083784963,3.0999999999999965
2023-05-31,218.6,219.65,218.15,219.3,179338,17:25,17:20,True,110925.35714285714,1.6167448509454556,3.1785714285714244
2023-06-01,221.75,222.75,221.65,222.75,130589,17:25,17:20,True,118269.85714285714,1.1041613066485967,3.0999999999999943
2023-06-02,222.25,222.85,222.25,222.45,152932,17:25,17:20,True,116894.64285714286,1.308289210369533,2.992857142857137
2023-06-05,221.8,222.25,220.05,220.15,101126,17:25,17:20,True,120737.57142857143,0.8375686110253288,2.974999999999992
2023-06-07,220.35,222.25,220.35,222.25,206559,17:25,17:20,True,118446.42857142857,1.7439023066485755,2.93214285714285
2023-06-08,218.65,219.3,217.9,218.2,114615,17:25,17:20,True,123902.28571428571,0.9250434674328619,3.0357142857142776
2023-06-09,219.4,219.65,217.6,217.6,94869,17:25,17:20,True,124279.35714285714,0.7633528381624117,3.0464285714285637
2023-06-12,217.9,218.5,217.85,218.35,93448,17:25,17:20,True,117313.21428571429,0.7965684050938117,2.9678571428571354
2023-06-13,215.9,216.6,215.55,216.5,119346,17:25,17:20,True,118358.07142857143,1.0083469471874993,3.099999999999992
2023-06-14,216.25,216.35,215.35,215.4,89308,17:25,17:20,True,118264.92857142857,0.7551520224870434,3.071428571428563
2023-06-15,214.5,214.95,214.05,214.85,127900,17:25,17:20,True,117456.14285714286,1.0889170790799727,2.953571428571422
2023-06-16,216.0,216.35,215.4,215.7,111380,17:25,17:20,True,121104.71428571429,0.9196999526973705,2.924999999999993
2023-06-19,217.8,217.8,216.2,216.5,157540,17:25,17:20,True,123454.71428571429,1.2760954566336065,2.7785714285714227
2023-06-20,213.0,213.05,212.5,212.9,72170,17:25,17:20,True,128425.07142857143,0.5619619222103382,3.124999999999996
2023-06-21,212.55,212.75,211.8,212.2,61552,17:25,17:20,True,125080.0,0.49210105532459225,3.0999999999999943
2023-06-22,208.8,208.8,208.1,208.2,80015,17:25,17:20,True,116666.71428571429,0.6858425772071113,3.107142857142853
2023-06-26,208.95,208.95,208.15,208.3,120631,17:25,17:20,True,113054.28571428571,1.0670183729687381,3.017857142857139
2023-06-27,208.9,209.0,208.35,208.65,80781,17:25,17:20,True,110747.07142857143,0.7294188366154797,3.0321428571428544
2023-06-28,211.3,212.4,211.25,212.3,76208,17:25,17:20,True,109293.85714285714,0.6972761506658981,3.0249999999999977
2023-06-29,212.5,212.55,211.65,212.0,68327,17:25,17:20,True,99983.07142857143,0.6833856874342299,2.989285714285714
2023-06-30,212.9,213.5,212.6,213.1,42743,17:25,17:20,True,96676.78571428571,0.4421226842017769,2.960714285714285
2023-07-03,215.65,216.4,215.6,216.35,90512,17:25,17:20,True,92953.5,0.9737341789174156,2.942857142857142
2023-07-04,215.1,215.5,215.05,215.25,64625,17:25,17:20,True,92743.78571428571,0.696812185337023,2.839285714285712
2023-07-05,213.8,214.2,212.65,213.45,161978,17:25,17:20,True,88835.14285714286,1.8233549785638246,2.8428571428571416
2023-07-06,209.0,209.0,208.3,208.5,112059,17:25,17:20,True,94025.85714285714,1.191789188688218,3.0714285714285694
2023-07-07,207.95,208.1,207.35,207.6,97758,17:25,17:20,True,92894.35714285714,1.0523567093495607,3.14642857142857
2023-07-10,207.85,207.9,207.1,207.55,174810,17:25,17:20,True,91921.35714285714,1.9017343241388796,3.074999999999999
2023-07-11,207.95,208.0,207.25,207.3,84785,17:25,17:20,True,93154.92857142857,0.9101504482931277,2.7392857142857117
2023-07-12,207.0,207.0,205.95,206.1,59404,17:25,17:20,True,94056.0,0.6315811856766181,2.760714285714284
2023-07-13,209.7,209.7,208.25,208.25,63800,17:25,17:20,True,93902.57142857143,0.6794276134230312,2.757142857142855
2023-07-14,207.9,207.9,207.5,207.85,54986,17:25,17:20,True,92744.35714285714,0.5928770406516838,2.7535714285714255
2023-07-17,207.75,207.75,205.75,206.4,82488,17:25,17:20,True,88055.42857142857,0.9367735906604282,2.7428571428571393
2023-07-18,212.0,213.1,210.3,211.4,641167,17:25,17:20,True,88177.35714285714,7.271333829627463,2.821428571428567
2023-07-19,211.05,211.55,210.75,211.5,94559,17:25,17:20,True,128531.57142857143,0.7356869518439605,3.124999999999996
2023-07-20,210.35,210.95,210.2,210.5,113646,17:25,17:20,True,130405.28571428571,0.8714830796735891,3.1392857142857093
2023-07-21,211.6,211.6,209.6,210.05,121874,17:25,17:20,True,135469.7857142857,0.8996397193470131,3.017857142857139
2023-07-24,213.0,213.3,212.5,212.8,69360,17:25,17:20,True,137709.92857142858,0.5036673878167307,3.1642857142857133
2023-07-25,215.2,215.45,214.5,214.9,61331,17:25,17:20,True,138048.14285714287,0.44427254674094024,3.2642857142857133
2023-07-26,216.0,216.2,215.2,216.0,72298,17:25,17:20,True,130859.07142857143,0.5524874906319612,3.1035714285714278
2023-07-27,216.6,217.85,216.5,217.6,122869,17:25,17:20,True,128019.0,0.9597715964036588,3.1000000000000005
2023-07-28,215.8,216.2,215.25,215.55,97094,17:25,17:20,True,129812.64285714286,0.7479548822286185,3.1178571428571433
2023-07-31,216.2,216.35,215.4,215.6,80082,17:25,17:20,True,124261.5,0.6444634903006965,3.142857142857143
2023-08-01,214.7,215.5,214.45,215.45,72272,17:25,17:20,True,123925.57142857143,0.5831887573070933,3.057142857142858
2023-08-02,212.55,213.05,212.2,212.25,119829,17:25,17:20,True,124844.71428571429,0.9598243761106654,2.942857142857144
2023-08-03,210.7,210.7,209.6,210.15,153800,17:25,17:20,True,128846.78571428571,1.1936657879929373,3.114285714285716
2023-08-04,210.05,210.05,208.7,208.9,88906,17:25,17:20,True,135904.92857142858,0.6541778943158268,3.1500000000000017
2023-08-07,209.55,209.85,209.25,209.65,51774,17:25,17:20,True,136363.35714285713,0.37967677743340145,3.046428571428574
2023-08-08,210.0,210.1,209.6,210.1,43614,17:25,17:20,True,94263.85714285714,0.46267998490559176,2.6500000000000035
2023-08-09,211.65,212.0,211.35,212.0,70307,17:25,17:20,True,90624.92857142857,0.7758019907798943,2.6107142857142907
2023-08-10,213.75,215.1,213.75,215.1,90177,17:25,17:20,True,87529.28571428571,1.030249467525155,2.796428571428574
2023-08-11,214.5,214.5,213.4,213.45,109287,17:25,17:20,True,85265.21428571429,1.2817301981297011,2.7035714285714283
2023-08-14,209.05,209.15,208.4,208.7,97882,17:25,17:20,True,88117.14285714286,1.110816769884245,2.9178571428571423
2023-08-15,210.05,210.15,209.15,209.35,49013,17:25,17:20,True,90727.92857142857,0.5402195417854481,2.8499999999999983
2023-08-16,206.0,206.3,205.7,206.1,94183,17:25,17:20,True,89064.71428571429,1.0574670424234063,2.953571428571426
2023-08-17,207.05,207.05,205.7,206.1,96189,17:25,17:20,True,87015.71428571429,1.1054210241171545,2.9464285714285694
2023-08-18,205.0,205.35,204.35,204.35,124679,17:25,17:20,True,86951.07142857143,1.4338983747017,3.039285714285711
2023-08-21,204.3,204.3,203.65,204.1,81812,17:25,17:20,True,90136.57142857143,0.907644907093363,3.0785714285714243
2023-08-22,206.5,206.7,205.7,206.2,119000,17:25,17:20,True,90818.0,1.3103129335594266,3.2535714285714232
2023-08-23,207.85,208.3,207.3,208.2,93839,17:25,17:20,True,90758.78571428571,1.0339384695539118,3.1607142857142816
2023-08-24,212.0,212.25,211.55,212.0,137548,17:25,17:20,True,86475.85714285714,1.5905942368720585,3.1714285714285677
2023-08-25,209.5,209.6,208.75,209.15,97625,17:25,17:20,True,89950.28571428571,1.0853217332748883,3.1678571428571383
2023-08-28,211.0,211.45,210.3,210.3,96855,17:25,17:20,True,93225.35714285714,1.0389340729645138,3.242857142857137
2023-08-29,211.2,211.2,210.05,210.45,79793,17:25,17:20,True,97028.28571428571,0.8223684404253252,3.324999999999995
2023-08-30,211.85,211.85,210.9,211.15,99575,17:25,17:20,True,97705.85714285714,1.0191303050994165,3.13571428571428
2023-08-31,210.75,211.35,210.2,210.35,104993,17:25,17:20,True,98377.14285714286,1.067249941914498,3.135714285714282
2023-09-01,211.1,211.15,210.15,210.2,96139,17:25,17:20,True,98070.42857142857,0.9803056986742764,2.892857142857139
2023-09-04,209.85,210.45,209.75,210.4,79362,17:25,17:20,True,97945.92857142857,0.8102633887647923,2.8999999999999977
2023-09-05,210.0,210.15,209.8,210.15,46207,17:25,17:20,True,100113.71428571429,0.461545157221217,2.7107142857142827
2023-09-06,212.45,212.5,211.85,212.45,103224,17:25,17:20,True,96686.85714285714,1.0676114939539723,2.710714285714281
2023-09-07,214.45,215.05,214.0,214.8,89567,17:25,17:20,True,97189.35714285714,0.921572100413699,2.757142857142855
2023-09-08,214.0,214.25,213.7,213.7,59504,17:25,17:20,True,94681.35714285714,0.6284658542675847,2.8142857142857127
2023-09-11,212.2,213.0,212.1,212.4,101475,17:25,17:20,True,93087.92857142857,1.090098378568343,2.739285714285714
2023-09-12,213.35,213.75,213.3,213.4,54935,17:25,17:20,True,91836.14285714286,0.5981849660808926,2.6892857142857127
2023-09-13,211.35,211.75,211.25,211.3,49572,17:25,17:20,True,89057.28571428571,0.5566304834288043,2.6642857142857133
2023-09-14,211.85,212.05,211.35,211.8,68809,17:25,17:20,True,82773.28571428571,0.8312947759197671,2.658928571428571
2023-09-15,214.85,215.45,214.45,215.35,131945,17:25,17:20,True,80715.0,1.6347023477668339,2.6553571428571416
2023-09-18,215.1,215.45,214.35,214.6,88699,17:25,17:20,True,83221.42857142857,1.065819242983435,2.6160714285714266
2023-09-19,214.3,214.75,214.1,214.25,71308,17:25,17:20,True,83857.57142857143,0.8503465910736401,2.637499999999999
2023-09-20,215.25,215.7,215.2,215.6,50362,17:25,17:20,True,81838.5,0.6153827355095707,2.6624999999999983
2023-09-21,216.15,216.15,215.2,215.3,74085,17:25,17:20,True,77936.28571428571,0.9505841768184268,2.6767857142857117
2023-09-22,215.0,215.3,214.15,214.5,82554,17:25,17:20,True,76361.0,1.0811016094603265,2.75535714285714
2023-09-25,214.1,214.55,213.75,214.4,76925,17:25,17:20,True,76589.0,1.0043870529710532,2.805357142857141
2023-09-26,212.9,212.95,212.6,212.65,60949,17:25,17:20,True,78783.14285714286,0.7736299643506044,2.7874999999999983
2023-09-27,212.85,212.85,212.05,212.6,59942,17:25,17:20,True,75763.5,0.79117253030813,2.705357142857141
2023-09-28,210.25,210.65,209.95,210.4,62069,17:25,17:20,True,73647.42857142857,0.8427857048641016,2.7410714285714284
2023-09-29,210.55,211.5,210.55,211.0,53619,17:25,17:20,True,73830.64285714286,0.7262431684869523,2.6482142857142867
2023-10-02,209.8,210.45,209.5,209.7,56032,17:25,17:20,True,70412.35714285714,0.7957694114162185,2.6732142857142884
2023-10-03,209.0,209.2,208.5,209.15,41076,17:25,17:20,True,70490.71428571429,0.5827150485879599,2.6660714285714318
2023-10-04,206.85,206.85,205.8,206.15,98504,17:25,17:20,True,69883.85714285714,1.4095386835709043,2.6857142857142895
2023-10-05,207.15,207.7,206.95,207.7,47766,17:25,17:20,True,72004.92857142857,0.6633712573246475,2.7142857142857184
2023-10-06,209.75,209.75,208.8,208.85,28705,17:25,17:20,True,65992.14285714286,0.43497602528439533,2.8107142857142895
2023-10-09,210.85,210.85,210.35,210.5,45179,17:25,17:20,True,61706.857142857145,0.7321552594293758,2.857142857142861
2023-10-10,214.2,215.45,214.0,215.3,103623,17:25,17:20,True,59840.5,1.7316533117203232,2.8714285714285745
2023-10-11,216.1,216.1,215.6,216.05,46823,17:25,17:20,True,63644.857142857145,0.7356918076648545,3.017857142857147
2023-10-12,217.8,219.35,217.55,219.15,129889,17:25,17:20,True,61697.57142857143,2.105253043069535,2.928571428571433
2023-10-13,219.8,219.85,218.9,219.4,79904,17:25,17:20,True,65078.642857142855,1.2278067963924966,3.1214285714285745
2023-10-16,218.55,219.35,218.45,218.9,112357,17:25,17:20,True,65291.42857142857,1.7208537545947837,3.085714285714291
2023-10-17,219.0,219.5,218.25,218.45,101621,17:25,17:20,True,68963.42857142857,1.4735491274878612,3.1357142857142923
2023-10-18,217.35,218.15,216.9,216.9,62820,17:25,17:20,True,71940.5,0.8732216206448384,3.182142857142862
2023-10-19,211.65,211.65,210.6,210.75,104957,17:25,17:20,True,71994.14285714286,1.457854706434452,3.51071428571429
2023-10-20,208.55,208.55,207.0,207.25,130471,17:25,17:20,True,75661.14285714286,1.7244122289607045,3.5892857142857184
2023-10-23,201.05,201.5,200.75,201.25,142653,17:25,17:20,True,80978.21428571429,1.761621952994412,4.115000000000003
2023-10-24,199.58,199.68,198.96,199.68,79194,17:25,17:20,True,88233.71428571429,0.8975480703844982,4.191428571428574
2023-10-25,200.95,201.2,200.5,201.0,95715,17:25,17:20,True,86854.42857142857,1.1020163459055465,4.19714285714286
2023-10-26,200.05,200.95,199.9,200.2,210971,17:25,17:20,True,90279.35714285714,2.3368686560999943,4.180000000000002
2023-10-27,204.0,204.0,202.75,202.95,71858,17:25,17:20,True,103298.35714285714,0.6956354581769728,4.360000000000004
2023-10-30,201.45,202.05,201.05,201.85,96830,17:25,17:20,True,105204.0,0.9204022660735334,4.402857142857148
2023-10-31,202.6,202.85,201.8,202.5,88165,17:25,17:20,True,104718.78571428571,0.8419215272467827,4.2100000000000035
2023-11-01,204.95,205.35,204.7,205.0,58999,17:25,17:20,True,107671.78571428571,0.5479522755994574,4.263571428571432
2023-11-02,206.8,207.3,206.65,207.0,84042,17:25,17:20,True,102608.21428571429,0.8190572322600181,4.09571428571429
2023-11-06,207.9,208.2,207.15,207.3,127279,17:25,17:20,True,102903.78571428571,1.2368738342959755,4.260000000000003
2023-11-07,205.65,205.85,205.15,205.75,58126,17:25,17:20,True,103969.64285714286,0.5590670353640315,4.277857142857144
2023-11-08,205.4,205.85,205.1,205.2,86297,17:25,17:20,True,100862.85714285714,0.8555875021245255,4.102857142857142
2023-11-09,207.1,207.5,206.65,207.0,78311,17:25,17:20,True,102539.78571428571,0.7637133182451132,3.8492857142857133
2023-11-10,207.95,208.0,207.35,207.9,59466,17:25,17:20,True,100636.5,0.5908989283212354,3.7385714285714267
2023-11-13,207.2,207.6,207.2,207.35,66605,17:25,17:20,True,95564.71428571429,0.6969622679022293,3.2057142857142855
2023-11-14,206.5,206.6,206.15,206.3,56267,17:25,17:20,True,90132.71428571429,0.6242683408117237,3.1328571428571417
2023-11-15,210.0,210.35,209.7,209.8,113496,17:25,17:20,True,88495.07142857143,1.2825121011581757,3.2271428571428555
2023-11-16,211.05,211.15,209.75,210.65,104434,17:25,17:20,True,89765.14285714286,1.1634137336159758,3.176428571428571
2023-11-17,210.0,210.8,209.95,210.7,65934,17:25,17:20,True,82155.35714285714,0.8025526550307561,2.999999999999998
2023-11-20,211.55,211.75,211.15,211.2,80757,17:25,17:20,True,81732.21428571429,0.9880681773492004,2.9607142857142827
2023-11-21,213.0,213.65,212.95,213.0,76098,17:25,17:20,True,80584.14285714286,0.9443297068370416,2.9499999999999966
2023-11-22,212.3,212.65,212.15,212.55,58025,17:25,17:20,True,79722.21428571429,0.7278397937122741,2.9392857142857105
2023-11-23,213.85,214.1,213.45,213.9,54380,17:25,17:20,True,79652.64285714286,0.6827143211999961,2.9571428571428533
2023-11-24,214.75,214.95,214.3,214.5,93247,17:25,17:20,True,77533.92857142857,1.202660586379235,2.8499999999999983
2023-11-27,215.95,216.3,215.45,215.75,102824,17:25,17:20,True,75103.07142857143,1.3691051250519524,2.714285714285712
2023-11-28,215.0,215.85,214.9,215.2,69379,17:25,17:20,True,78295.78571428571,0.8861141039337093,2.749999999999998
2023-11-29,214.25,214.45,214.05,214.25,46955,17:25,17:20,True,77087.35714285714,0.6091141497169723,2.7285714285714255
2023-11-30,216.0,216.45,215.95,216.35,54689,17:25,17:20,True,74847.64285714286,0.7306709725566317,2.7285714285714255
2023-12-01,218.3,219.05,217.8,218.9,48175,17:25,17:20,True,74506.42857142857,0.6465885014715893,2.696428571428567
2023-12-04,219.0,219.0,218.5,218.85,106735,17:25,17:20,True,73190.0,1.4583276403880312,2.749999999999996
2023-12-05,219.5,220.45,219.4,220.4,120938,17:25,17:20,True,76794.85714285714,1.5748189982960168,2.574999999999995
2023-12-06,222.25,223.0,222.05,222.2,111674,17:25,17:20,True,77326.42857142857,1.4441892902999345,2.6035714285714215
2023-12-07,222.75,223.45,222.5,223.35,111537,17:25,17:20,True,77843.57142857143,1.4328350813444544,2.607142857142851
2023-12-08,224.75,224.75,224.2,224.4,84033,17:25,17:20,True,81100.92857142857,1.0361533644585716,2.5249999999999937
2023-12-11,224.6,224.95,224.05,224.9,140465,17:25,17:20,True,81334.92857142857,1.726994815968188,2.510714285714282
2023-12-12,227.9,228.55,227.85,228.35,95616,17:25,17:20,True,85932.57142857143,1.1126863587397426,2.5821428571428533
2023-12-13,228.75,229.3,228.55,229.3,106377,17:25,17:20,True,88617.64285714286,1.2004043051730267,2.5071428571428527
2023-12-14,229.55,230.4,229.35,229.95,302351,17:25,17:20,True,92331.71428571429,3.2746169865794448,2.464285714285708
2023-12-15,230.3,230.9,230.05,230.9,161002,17:25,17:20,True,107267.71428571429,1.5009362422989743,2.585714285714281
2023-12-18,231.3,231.3,230.4,230.6,140731,17:25,17:20,True,111423.28571428571,1.2630304258022496,2.6499999999999977
2023-12-19,231.15,232.1,231.15,232.1,77565,17:25,17:20,True,116519.85714285714,0.6656805277825116,2.5999999999999983
2023-12-20,232.9,233.8,232.9,233.6,140149,17:25,17:20,True,118706.28571428571,1.180636721608195,2.6285714285714272
2023-12-21,232.0,232.25,231.4,231.45,150731,17:25,17:20,True,124810.57142857143,1.2076781499735598,2.6285714285714272
2023-12-22,231.0,231.1,230.35,231.0,63472,17:25,17:20,True,132136.0,0.4803535751044378,2.6035714285714278
2023-12-27,232.0,232.65,232.0,232.25,145508,17:25,17:20,True,129045.78571428571,1.1275687864938302,2.635714285714286
2023-12-28,232.6,232.95,232.4,232.65,45583,17:25,17:20,True,130800.78571428571,0.34849179040536565,2.5107142857142883
2024-01-02,233.15,234.6,233.15,234.55,166000,17:25,17:20,True,126080.0,1.3166243654822336,2.421428571428574
2024-01-03,235.0,235.4,234.7,234.85,86347,17:25,17:20,True,129970.21428571429,0.6643599110345612,2.5214285714285745
2024-01-04,231.2,232.0,231.2,231.8,50962,17:25,17:20,True,130135.5,0.39160720940865484,2.7642857142857156
2024-01-08,229.0,230.0,228.45,229.9,131790,17:25,17:20,True,123742.42857142857,1.0650348592756613,2.6500000000000017
2024-01-09,231.0,231.1,230.3,230.7,82746,17:25,17:20,True,126326.28571428571,0.6550180711174238,2.796428571428574
2024-01-10,228.4,228.4,227.9,228.0,115326,17:25,17:20,True,124638.35714285714,0.9252849816354402,2.892857142857145
2024-01-11,230.0,231.05,230.0,230.9,107879,17:25,17:20,True,111279.42857142857,0.96944243320547,2.732142857142859
2024-01-12,229.0,229.85,229.0,229.65,26798,17:25,17:20,True,107484.92857142857,0.24931867524284138,2.75
2024-01-15,232.5,232.8,232.35,232.7,69706,17:25,17:20,True,99346.85714285714,0.7016427293695393,2.8714285714285706
2024-01-16,229.5,229.75,228.6,228.7,92091,17:25,17:20,True,98785.5,0.9322319571192128,2.9285714285714266
2024-01-17,227.35,227.55,226.45,226.6,124994,17:25,17:20,True,95352.78571428571,1.3108583987732774,2.874999999999998
2024-01-18,227.0,227.55,226.7,226.7,45123,17:25,17:20,True,93514.42857142857,0.4825244691040802,3.035714285714284
2024-01-19,228.45,230.25,228.45,229.85,133891,17:25,17:20,True,92203.78571428571,1.4521204195985136,3.0249999999999977
2024-01-22,232.95,234.4,232.45,234.15,183391,17:25,17:20,True,91374.0,2.007037012716965,3.2464285714285688
2024-01-23,240.0,240.0,238.05,238.35,146787,17:25,17:20,True,101217.42857142857,1.4502146722331841,3.8428571428571416
2024-01-24,240.0,240.9,239.35,240.45,221874,17:25,17:20,True,99845.07142857143,2.222182796060468,3.8285714285714283
2024-01-25,241.8,241.9,240.7,241.25,116838,17:25,17:20,True,109525.57142857143,1.0667645781350474,3.7339285714285717
2024-01-26,242.85,242.85,241.3,241.6,141098,17:25,17:20,True,114231.0,1.2351988514501318,3.794642857142857
2024-01-29,244.2,244.45,243.35,243.55,130907,17:25,17:20,True,114895.85714285714,1.1393535263611394,3.7589285714285716
2024-01-30,245.05,246.3,245.05,246.0,64678,17:25,17:20,True,118335.92857142857,0.5465626608993888,3.7089285714285722
2024-01-31,247.0,247.15,246.75,247.1,87032,17:25,17:20,True,114718.21428571429,0.7586589500359576,3.7732142857142867
2024-02-01,245.0,245.35,244.3,244.45,100196,17:25,17:20,True,113229.14285714286,0.8848958622464687,3.6625000000000023
2024-02-02,248.3,248.9,248.05,248.45,83437,17:25,17:20,True,118471.85714285714,0.7042769651140777,3.6625000000000023
2024-02-05,247.2,247.7,246.65,247.15,109848,17:25,17:20,True,119452.64285714286,0.9195945554036059,3.6160714285714306
2024-02-06,247.65,248.15,247.45,248.05,93727,17:25,17:20,True,120721.0,0.7763935023732408,3.676785714285716
2024-02-07,247.7,248.35,247.35,248.25,71048,17:25,17:20,True,118487.64285714286,0.5996237100071315,3.51607142857143
2024-02-08,248.4,249.15,248.15,249.1,78992,17:25,17:20,True,120339.42857142857,0.6564099641965109,3.473214285714288
2024-02-09,248.55,249.1,248.5,248.5,83767,17:25,17:20,True,116418.07142857143,0.7195360563191895,3.276785714285716
2024-02-12,248.35,248.75,248.35,248.6,47546,17:25,17:20,True,109302.07142857143,0.4349963306145681,2.801785714285716
2024-02-13,249.6,250.0,249.15,249.35,71343,17:25,17:20,True,102213.42857142857,0.6979806958548919,2.7517857142857145
2024-02-14,249.4,250.05,249.35,249.95,147303,17:25,17:20,True,91461.21428571429,1.6105515452686032,2.64642857142857
2024-02-15,251.6,252.5,251.55,252.45,66502,17:25,17:20,True,93637.28571428571,0.7102085402487716,2.5999999999999983
2024-02-16,252.5,254.45,252.5,254.45,137172,17:25,17:20,True,88309.0,1.5533184613119841,2.557142857142856
2024-02-19,254.8,254.8,254.05,254.1,171130,17:25,17:20,True,88756.5,1.928084140316484,2.6607142857142816
2024-02-20,256.2,256.8,256.1,256.55,86111,17:25,17:20,True,96360.21428571429,0.8936364519144312,2.7732142857142787
2024-02-21,255.6,256.05,255.55,255.95,71227,17:25,17:20,True,96294.42857142857,0.739679346527985,2.86964285714285
2024-02-22,256.0,256.55,255.8,256.4,152952,17:25,17:20,True,94225.21428571429,1.6232597735061816,2.8732142857142793
2024-02-23,258.0,258.5,257.85,258.0,64838,17:25,17:20,True,99190.57142857143,0.6536709998358139,2.9624999999999955
2024-02-26,260.0,260.15,259.1,259.7,126503,17:25,17:20,True,95975.57142857143,1.318074986343251,2.9732142857142816
2024-02-27,261.0,261.15,260.0,260.55,86873,17:25,17:20,True,98316.71428571429,0.8836035727103515,2.8767857142857087
2024-02-28,259.1,259.6,258.85,259.3,74601,17:25,17:20,True,99447.07142857143,0.750157837011648,2.919642857142851
2024-02-29,259.5,259.6,258.9,259.25,46665,17:25,17:20,True,99133.42857142857,0.4707292047946923,2.901785714285708
2024-03-01,261.0,262.0,260.95,261.75,88047,17:25,17:20,True,96483.28571428571,0.9125622054449105,2.908928571428565
2024-03-04,260.1,260.3,259.4,259.7,142298,17:25,17:20,True,99376.21428571429,1.4319120628894382,2.9410714285714232
2024-03-05,259.5,259.9,258.95,259.25,75449,17:25,17:20,True,104444.42857142857,0.7223841523380171,2.9017857142857104
2024-03-06,259.5,259.55,258.45,258.7,57110,17:25,17:20,True,99312.0,0.5750563879490898,3.0482142857142827
2024-03-07,259.9,259.9,259.05,259.45,56643,17:25,17:20,True,98641.14285714286,0.5742330062216867,3.07321428571428
2024-03-08,262.1,262.25,261.65,261.95,110073,17:25,17:20,True,92889.07142857143,1.184994082803836,3.033928571428569
2024-03-11,262.7,262.7,261.75,262.55,165602,17:25,17:20,True,88527.85714285714,1.870620224465261,2.9607142857142867
2024-03-12,264.0,264.5,263.9,264.5,87230,17:25,17:20,True,94205.78571428571,0.9259516211091069,2.8714285714285728
2024-03-13,269.2,269.65,268.5,268.9,147118,17:25,17:20,True,95348.85714285714,1.5429445554819745,3.0500000000000034
2024-03-14,269.5,269.75,269.15,269.55,58846,17:25,17:20,True,94932.14285714286,0.6198743463376096,2.903571428571431
2024-03-15,267.9,268.05,267.0,267.6,139901,17:25,17:20,True,94504.14285714286,1.4803689634165698,2.9464285714285756
2024-03-18,270.85,271.15,269.25,269.6,154404,17:25,17:20,True,95461.14285714286,1.6174539229125389,3.1464285714285762
2024-03-19,262.95,263.25,262.6,263.0,107680,17:25,17:20,True,100284.78571428571,1.0737421357890067,3.8214285714285756
2024-03-20,265.5,265.65,265.05,265.2,45371,17:25,17:20,True,102647.57142857143,0.4420075347965925,3.971428571428573
2024-03-21,267.55,267.95,266.0,266.6,198417,17:25,17:20,True,102555.14285714286,1.9347347629010734,3.9357142857142873
2024-03-22,266.05,266.45,265.55,266.25,98006,17:25,17:20,True,110438.71428571429,0.8874243116091536,4.0392857142857155
2024-03-25,269.45,269.5,268.8,269.05,127155,17:25,17:20,True,107275.0,1.1853181076672104,4.214285714285714
2024-03-26,269.55,270.45,269.55,270.15,92526,17:25,17:20,True,110968.28571428571,0.8338057977955091,4.060714285714288
2024-03-27,269.55,270.0,269.35,269.35,105285,17:25,17:20,True,113498.0,0.9276374914095402,4.075000000000005
2024-04-02,269.0,269.85,268.9,269.7,128350,17:25,17:20,True,116972.42857142857,1.0972671215561176,3.921428571428578
2024-04-03,268.4,270.5,268.4,270.45,108383,17:25,17:20,True,118277.92857142857,0.9163417157288735,4.15714285714286
2024-04-04,268.35,268.6,267.5,267.5,63824,17:25,17:20,True,114190.85714285714,0.5589239068426795,4.210714285714289
2024-04-05,263.95,264.0,262.9,263.3,167102,17:25,17:20,True,112519.0,1.4851002941725397,3.885714285714284
2024-04-08,262.15,263.25,262.15,262.5,97128,17:25,17:20,True,113946.42857142857,0.8524005641748943,4.314285714285712
2024-04-09,262.65,262.75,261.9,262.25,90954,17:25,17:20,True,116680.85714285714,0.7795109003068198,4.374999999999996
2024-04-10,262.2,263.35,262.0,262.75,60273,17:25,17:20,True,113184.64285714286,0.5325192400533894,4.285714285714282
2024-04-11,261.65,262.3,261.1,261.3,88864,17:25,17:20,True,106461.0,0.8347094241083589,3.789285714285711
2024-04-12,262.0,263.6,262.0,263.35,100022,17:25,17:20,True,105117.0,0.9515301996822588,3.892857142857143
2024-04-15,261.55,262.45,261.5,261.9,97615,17:25,17:20,True,109020.64285714286,0.8953808878921358,4.0785714285714265
2024-04-16,260.0,260.0,258.2,258.45,117929,17:25,17:20,True,101820.5,1.1582048801567464,4.01428571428571
2024-04-17,260.35,261.15,260.0,261.15,53300,17:25,17:20,True,103243.57142857143,0.5162549034529995,3.992857142857141
2024-04-18,265.5,267.25,265.2,266.1,155946,17:25,17:20,True,97968.21428571429,1.5918020057525946,4.149999999999998
2024-04-19,259.85,259.95,259.175,259.35,98807,17:25,17:20,True,102498.21428571429,0.9639875259150856,4.457142857142851
2024-04-22,262.3,264.05,262.3,263.55,109085,17:25,17:20,True,102035.5,1.069088699521245,4.535714285714278
2024-04-23,266.2,266.85,266.0,266.8,68207,17:25,17:20,True,100659.42857142857,0.6776017007845409,4.396428571428564
2024-04-24,270.0,270.3,269.2,269.9,97600,17:25,17:20,True,97789.71428571429,0.9980599770937054,4.535714285714278
2024-04-25,270.4,271.1,269.75,271.0,84362,17:25,17:20,True,100202.28571428571,0.8419169223399524,4.624999999999992
2024-04-26,268.0,268.9,267.9,268.75,79918,17:25,17:20,True,94292.28571428571,0.8475560794247674,4.489285714285708
2024-04-29,271.6,272.2,271.6,271.95,68905,17:25,17:20,True,93063.0,0.7404124087983409,4.603571428571423
2024-05-02,273.05,273.3,270.75,272.1,374019,17:25,17:20,True,91488.07142857143,4.088172306616085,4.5821428571428555
2024-05-03,270.9,271.35,270.7,271.15,81644,17:25,17:20,True,113898.5,0.7168136542623477,4.5785714285714265
2024-05-06,274.5,274.55,273.65,273.7,79076,17:25,17:20,True,113382.78571428571,0.6974250941343452,4.457142857142851
2024-05-07,277.5,277.5,276.25,276.8,155091,17:25,17:20,True,111886.64285714286,1.3861440118282982,4.303571428571424
2024-05-10,282.5,282.5,281.2,281.7,235089,17:25,17:20,True,115992.07142857143,2.0267678394274484,4.346428571428569
2024-05-13,282.4,282.8,282.15,282.6,79401,17:25,17:20,True,124360.64285714286,0.6384737017740454,4.299999999999995
2024-05-14,282.4,282.45,281.9,282.1,61198,17:25,17:20,True,126225.0,0.48483264012675775,4.157142857142852
2024-05-15,282.85,283.8,282.5,283.6,72858,17:25,17:20,True,119457.28571428571,0.6099083832714862,3.828571428571426
2024-05-16,282.45,282.75,281.65,281.7,67726,17:25,17:20,True,117603.78571428571,0.5758828220422934,3.8892857142857133
2024-05-17,277.65,277.7,276.45,276.8,110599,17:25,17:20,True,114649.57142857143,0.9646699819449827,4.07857142857143
2024-05-20,277.6,279.7,277.45,279.55,125740,17:25,17:20,True,117677.57142857143,1.0685128735540088,4.003571428571429
2024-05-21,283.7,283.8,282.6,283.55,193234,17:25,17:20,True,119687.57142857143,1.6144867649463543,4.2892857142857155
2024-05-22,287.0,287.85,286.75,287.8,96376,17:25,17:20,True,127464.14285714286,0.7561028367641768,4.153571428571427
2024-05-23,286.6,287.4,286.6,286.85,76870,17:25,17:20,True,128639.71428571429,0.597560406806163,3.907142857142856
2024-05-24,284.05,284.15,282.25,282.6,114904,17:25,17:20,True,129208.64285714286,0.8892903559635827,3.953571428571422
2024-05-27,284.85,285.0,284.2,284.6,124022,17:25,17:20,True,110700.42857142857,1.1203389327438402,3.8499999999999943
2024-05-28,286.6,287.65,286.55,287.4,89778,17:25,17:20,True,113727.42857142857,0.7894137863463018,3.7642857142857093
2024-05-29,283.5,283.95,283.05,283.1,107402,17:25,17:20,True,114491.85714285714,0.9380754464135316,3.946428571428567
2024-05-30,282.2,282.55,281.5,281.9,102232,17:25,17:20,True,111085.5,0.9203001291797759,3.857142857142853
2024-05-31,282.15,282.5,281.2,281.75,67943,17:25,17:20,True,101595.71428571429,0.6687585246846746,3.7285714285714238
2024-06-03,286.9,288.85,286.9,288.65,180877,17:25,17:20,True,100777.28571428571,1.7948191273260274,3.8249999999999926
2024-06-04,285.0,285.0,284.1,284.5,82720,17:25,17:20,True,109325.78571428571,0.7566375988934777,3.9285714285714204
2024-06-05,285.75,286.8,285.7,286.55,45157,17:25,17:20,True,110030.21428571429,0.4104054535669748,3.8821428571428465
2024-06-07,289.0,289.0,287.6,287.7,243465,17:25,17:20,True,108418.14285714286,2.2456112379715045,3.771428571428556
2024-06-10,288.55,288.55,286.45,287.05,295625,17:25,17:20,True,117908.57142857143,2.5072392652902975,3.7571428571428425
2024-06-11,287.9,289.35,287.75,289.2,126530,17:25,17:20,True,130043.21428571429,0.972984255233837,3.4821428571428448
2024-06-12,286.15,287.05,285.95,286.9,62091,17:25,17:20,True,125278.64285714286,0.49562318511706194,3.6321428571428465
2024-06-13,292.75,293.2,292.75,292.8,56761,17:25,17:20,True,122829.71428571429,0.4621113085712159,4.028571428571415
2024-06-14,287.55,287.95,287.1,287.3,40232,17:25,17:20,True,121393.35714285714,0.3314184642958223,4.282142857142849
2024-06-17,284.6,285.3,284.4,284.7,65943,17:25,17:20,True,116059.64285714286,0.5681820000184634,4.4571428571428475
2024-06-18,284.65,285.2,284.4,284.55,89473,17:25,17:20,True,111911.14285714286,0.7995003689151342,4.5428571428571365
2024-06-19,284.85,285.45,284.45,284.7,61554,17:25,17:20,True,111889.35714285714,0.5501327523171807,4.289285714285711
2024-06-20,285.0,286.05,284.85,285.95,44925,17:25,17:20,True,108614.5,0.4136188078019049,4.267857142857139
2024-06-24,286.7,287.0,285.05,285.95,338101,17:25,17:20,True,104521.14285714286,3.234761798023093,4.474999999999994
2024-06-25,288.85,289.05,288.1,288.15,94985,17:25,17:20,True,123818.14285714286,0.7671331341933504,4.685714285714279
2024-06-26,288.45,289.4,288.3,288.95,96245,17:25,17:20,True,117683.0,0.8178326521247758,4.585714285714281
2024-06-27,289.1,290.35,289.1,290.3,96410,17:25,17:20,True,118649.07142857143,0.8125643027728228,4.707142857142851
2024-06-28,290.65,291.25,289.9,291.2,55392,17:25,17:20,True,122310.0,0.4528820210939416,4.557142857142854
2024-07-01,292.6,292.75,291.2,291.2,91598,17:25,17:20,True,108876.21428571429,0.8413040497498141,4.539285714285711
2024-07-02,290.05,290.35,289.3,289.8,71113,17:25,17:20,True,94302.85714285714,0.7540916803005514,4.585714285714281
2024-07-03,291.3,291.45,290.0,290.4,102886,17:25,17:20,True,90344.5,1.138818633120998,4.299999999999991
2024-07-04,290.0,290.0,289.25,289.4,63891,17:25,17:20,True,93258.42857142857,0.6850962532685672,3.960714285714277
2024-07-05,291.7,291.95,290.65,290.65,70412,17:25,17:20,True,93767.71428571429,0.7509194453162373,3.642857142857131
2024-07-08,289.05,289.15,287.6,288.2,110342,17:25,17:20,True,95923.42857142857,1.15031334516817,3.5071428571428465
2024-07-09,287.7,287.9,287.05,287.45,47552,17:25,17:20,True,99094.78571428571,0.4798637956300137,3.446428571428559
2024-07-10,287.35,287.5,286.6,286.65,38552,17:25,17:20,True,96100.42857142857,0.40116366360786265,3.5928571428571274
2024-07-11,287.5,287.95,287.3,287.45,42870,17:25,17:20,True,94457.42857142857,0.45385525149651695,3.5857142857142725
2024-07-12,288.3,289.0,288.15,288.6,53615,17:25,17:20,True,94310.64285714286,0.5684936331227577,3.4107142857142736
2024-07-15,295.95,295.95,294.55,295.2,84306,17:25,17:20,True,73990.21428571429,1.1394209465923582,3.5249999999999937
2024-07-16,295.85,295.9,294.15,294.75,79323,17:25,17:20,True,73227.42857142857,1.0832416424758873,3.4785714285714198
2024-07-17,296.15,296.75,293.65,293.95,136033,17:25,17:20,True,72018.71428571429,1.8888562695013795,3.3714285714285626
2024-07-18,295.0,295.75,294.75,295.1,54575,17:25,17:20,True,74848.92857142857,0.7291353535931901,3.5071428571428505
2024-07-19,293.05,294.2,292.8,293.2,93254,17:25,17:20,True,74790.57142857143,1.2468683982320155,3.732142857142853
2024-07-22,295.1,296.4,295.1,295.55,54553,17:25,17:20,True,74908.85714285714,0.7282583406120199,3.7357142857142867
2024-07-23,299.5,299.95,298.6,299.35,84661,17:25,17:20,True,73726.0,1.1483194531101646,3.9464285714285756
2024-07-24,298.5,298.55,296.65,298.2,136574,17:25,17:20,True,72424.21428571429,1.8857505234535805,4.017857142857147
2024-07-25,294.2,294.4,293.3,293.7,167442,17:25,17:20,True,77615.85714285714,2.157316895847866,4.121428571428579
2024-07-26,296.3,297.5,296.15,297.05,71342,17:25,17:20,True,84546.57142857143,0.8438189603025212,4.200000000000009
2024-07-29,301.0,302.1,300.9,301.7,104256,17:25,17:20,True,81760.85714285714,1.2751334029906032,4.35000000000001
2024-07-30,301.1,303.2,301.1,302.9,72138,17:25,17:20,True,85811.14285714286,0.8406600541388232,4.325000000000009
2024-07-31,303.25,303.45,302.2,302.35,112810,17:25,17:20,True,88210.14285714286,1.2788778744264913,4.339285714285722
2024-08-01,304.0,304.2,303.1,303.75,65109,17:25,17:20,True,93205.85714285714,0.6985505202769292,4.471428571428581
2024-08-02,296.15,296.15,292.55,294.75,221331,17:25,17:20,True,94026.85714285714,2.353912559937282,4.36071428571429
2024-08-05,272.0,272.0,266.15,267.0,661840,17:25,17:20,True,103814.35714285714,6.3752261075917795,5.357142857142861
2024-08-06,280.25,280.85,278.45,280.0,475274,17:25,17:20,True,145422.7142857143,3.2682239657982297,6.285714285714294
2024-08-07,280.0,280.75,279.4,280.3,153986,17:25,17:20,True,169654.2142857143,0.9076461828450222,6.550000000000003
2024-08-08,282.6,282.6,281.2,281.2,137636,17:25,17:20,True,176755.0,0.7786823569347402,6.646428571428572
2024-08-09,285.2,285.25,283.95,284.75,117976,17:25,17:20,True,179925.14285714287,0.6556949080411218,6.746428571428571
2024-08-12,286.1,287.8,285.5,287.35,104125,17:25,17:20,True,184455.35714285713,0.5644997337722059,6.682142857142858
2024-08-13,287.0,287.8,286.95,287.65,65232,17:25,17:20,True,185845.64285714287,0.35100096508661754,6.61428571428572
2024-08-14,288.9,289.85,288.55,289.35,70403,17:25,17:20,True,180749.7857142857,0.38950530271326145,6.550000000000003
2024-08-15,290.5,291.65,290.35,291.4,60154,17:25,17:20,True,173818.42857142858,0.3460737764941906,6.396428571428572
2024-08-16,293.9,295.45,292.9,294.85,202948,17:25,17:20,True,173019.2857142857,1.1729790650918355,6.392857142857139
2024-08-19,296.7,297.4,296.55,297.1,74643,17:25,17:20,True,180068.7142857143,0.41452509002515703,6.385714285714284
2024-08-20,298.0,298.25,297.6,297.85,47081,17:25,17:20,True,180247.64285714287,0.2612017513999588,6.357142857142853
2024-08-21,296.0,296.0,295.3,295.65,33043,17:25,17:20,True,175552.7142857143,0.18822266653321063,6.310714285714283
2024-08-22,295.8,297.0,295.8,296.9,61506,17:25,17:20,True,173262.2857142857,0.3549878136862692,6.028571428571427
2024-08-23,300.55,301.1,300.55,300.8,73686,17:25,17:20,True,161846.2142857143,0.4552840505117954,5.275000000000001
2024-08-26,302.2,303.3,302.05,302.65,152778,17:25,17:20,True,119835.21428571429,1.2749007118704077,4.310714285714283
2024-08-27,304.2,304.6,303.6,304.55,98998,17:25,17:20,True,96799.78571428571,1.0227088755361766,3.9285714285714284
2024-08-28,301.4,301.85,300.9,301.55,63506,17:25,17:20,True,92872.07142857143,0.6838008350965114,3.7464285714285745
2024-08-29,302.95,304.2,302.95,303.8,50730,17:25,17:20,True,87577.07142857143,0.5792612058439953,3.7249999999999983
2024-08-30,306.0,306.25,305.15,306.0,59939,17:25,17:20,True,82773.78571428571,0.7241302241133969,3.6892857142857127
2024-09-02,305.35,305.7,304.8,305.1,110967,17:25,17:20,True,79617.64285714286,1.3937488729615743,3.6214285714285666
2024-09-03,307.1,308.0,306.8,307.7,62003,17:25,17:20,True,82884.42857142857,0.7480657231842618,3.6035714285714238
2024-09-04,297.5,300.15,297.0,299.8,327887,17:25,17:20,True,82284.42857142857,3.984800109723937,3.757142857142855
2024-09-05,299.9,299.95,298.75,299.05,87774,17:25,17:20,True,101408.21428571429,0.8655511845687338,3.95357142857143
2024-09-06,292.85,293.85,292.5,293.1,99454,17:25,17:20,True,93181.5,1.0673148640019747,4.314285714285717
2024-09-09,296.0,297.55,295.9,297.0,69683,17:25,17:20,True,94953.71428571429,0.7338628143636899,4.66071428571429
2024-09-10,298.45,298.8,298.1,298.75,82535,17:25,17:20,True,96568.14285714286,0.8546814462622249,4.7928571428571445
2024-09-11,298.4,299.45,298.4,298.65,52644,17:25,17:20,True,100103.28571428571,0.5258968237092261,4.882142857142859
2024-09-12,299.55,301.45,299.2,301.25,159660,17:25,17:20,True,99470.28571428571,1.6051024570151604,4.849999999999999
2024-09-13,300.0,300.75,299.9,300.4,57108,17:25,17:20,True,105611.28571428571,0.5407376646705777,5.135714285714288
2024-09-16,300.05,300.85,299.6,300.7,77404,17:25,17:20,True,98777.71428571429,0.7836180514980244,5.050000000000003
2024-09-17,304.2,305.9,304.2,305.25,70298,17:25,17:20,True,97235.28571428571,0.7229679995651197,5.057142857142858
2024-09-18,305.45,305.85,304.15,304.25,78629,17:25,17:20,True,97720.42857142857,0.8046321649369996,4.942857142857146
2024-09-19,304.95,305.9,304.55,304.6,124575,17:25,17:20,True,99713.21428571429,1.2493329083048885,5.021428571428577
2024-09-20,308.2,310.0,307.95,309.7,116932,17:25,17:20,True,104330.07142857143,1.1207890342532387,5.357142857142861
2024-09-23,310.35,312.0,310.15,311.95,139633,17:25,17:20,True,104756.14285714286,1.3329337659025793,5.428571428571432
2024-09-24,311.25,311.35,310.6,310.7,75679,17:25,17:20,True,110301.14285714286,0.6861125645635067,5.378571428571433
2024-09-25,307.0,307.3,306.55,307.05,64224,17:25,17:20,True,92286.28571428571,0.6959213874836688,5.267857142857147
2024-09-26,312.95,314.75,312.35,313.3,150324,17:25,17:20,True,90604.14285714286,1.6591294311676066,5.014285714285718
2024-09-27,314.05,315.35,313.45,313.5,222518,17:25,17:20,True,94237.71428571429,2.3612414805112905,4.78214285714286
2024-09-30,311.3,312.5,311.25,311.65,139667,17:25,17:20,True,105154.5,1.3282075422354727,4.789285714285719
2024-10-01,312.7,314.15,312.65,314.1,97650,17:25,17:20,True,109235.35714285714,0.8939413259050739,4.700000000000005
2024-10-02,310.7,311.3,310.65,311.3,65418,17:25,17:20,True,112450.07142857143,0.5817515201984881,4.7035714285714345
2024-10-03,309.25,309.75,308.8,309.2,56386,17:25,17:20,True,105718.5,0.5333598187639818,4.482142857142861
2024-10-04,307.3,307.65,306.95,307.45,74159,17:25,17:20,True,105666.92857142857,0.7018184497514766,4.603571428571432
2024-10-07,308.0,308.4,307.85,307.9,64954,17:25,17:20,True,105435.14285714286,0.6160564517658791,4.478571428571432
2024-10-08,304.55,305.35,303.8,304.9,134174,17:25,17:20,True,105053.42857142857,1.27719772523913,4.5071428571428624
2024-10-09,305.35,305.5,304.25,304.35,73726,17:25,17:20,True,109020.92857142857,0.6762554765041837,4.360714285714287
2024-10-10,307.1,307.95,306.85,307.4,54983,17:25,17:20,True,105388.85714285714,0.521715497165599,4.1678571428571445
2024-10-11,305.3,306.25,305.25,305.8,60265,17:25,17:20,True,100963.92857142857,0.5968963455831114,4.232142857142857
2024-10-14,312.0,313.0,312.0,312.7,96211,17:25,17:20,True,95294.78571428571,1.0096145269528314,4.432142857142854
2024-10-15,313.4,313.85,313.05,313.4,100819,17:25,17:20,True,96761.35714285714,1.0419345385074767,4.2535714285714255
2024-10-16,310.65,310.95,310.05,310.85,98315,17:25,17:20,True,99375.28571428571,0.989330488897067,4.26071428571428
2024-10-17,311.65,315.3,311.3,314.05,203659,17:25,17:20,True,95660.35714285714,2.128980134329417,4.192857142857138
2024-10-18,308.5,308.6,306.75,307.55,69503,17:25,17:20,True,94313.28571428571,0.7369375319035495,4.585714285714281
2024-10-21,307.3,308.35,306.75,308.3,143772,17:25,17:20,True,89301.57142857143,1.6099604710203468,4.742857142857141
2024-10-22,308.4,309.25,308.2,308.3,70707,17:25,17:20,True,92596.0,0.7636074992440278,4.7571428571428545
2024-10-23,306.0,307.7,305.85,307.4,53478,17:25,17:20,True,92973.78571428571,0.575194390431097,4.874999999999996
2024-10-24,306.9,307.1,306.25,306.9,70222,17:25,17:20,True,92766.07142857143,0.7569793451269514,4.853571428571423
2024-10-25,303.9,305.65,303.9,304.95,78527,17:25,17:20,True,92484.85714285714,0.8490795404344186,4.935714285714279
2024-10-28,306.7,307.7,306.5,307.4,78658,17:25,17:20,True,93454.35714285714,0.8416729022035967,4.9178571428571365
2024-10-29,310.1,311.75,310.05,311.45,88111,17:25,17:20,True,89488.92857142857,0.9846022452897206,4.9928571428571376
2024-10-30,306.6,307.3,306.3,306.8,66681,17:25,17:20,True,90516.42857142857,0.7366729007362516,4.996428571428567
2024-10-31,301.45,302.1,300.15,301.2,119184,17:25,17:20,True,91352.0,1.3046676591645503,5.010714285714284
2024-11-04,302.15,303.0,301.7,302.85,125079,17:25,17:20,True,95560.5,1.3088985511796192,4.817857142857142
2024-11-05,303.85,304.45,303.85,304.15,79619,17:25,17:20,True,97622.5,0.8155804245947399,4.864285714285712
2024-11-06,307.0,308.2,306.8,307.65,114630,17:25,17:20,True,96108.21428571429,1.192718029899332,4.71785714285714
2024-11-07,303.85,305.7,303.7,305.05,87692,17:25,17:20,True,97273.57142857143,0.901498718635953,5.192857142857138
2024-11-08,304.0,304.8,303.55,303.9,96332,17:25,17:20,True,88990.21428571429,1.0825010454600545,4.828571428571422
2024-11-11,304.5,305.65,303.85,305.6,101968,17:25,17:20,True,90906.57142857143,1.121679086534684,4.924999999999991
2024-11-12,302.45,302.8,301.7,302.75,84763,17:25,17:20,True,87920.57142857143,0.9640860906922482,4.882142857142851
2024-11-13,298.15,299.0,297.3,297.9,143436,17:25,17:20,True,88924.57142857143,1.6130074927064992,5.110714285714279
2024-11-14,298.5,300.55,298.5,300.15,152029,17:25,17:20,True,95350.14285714286,1.59442865468776,5.274999999999993
2024-11-15,299.0,299.35,297.2,298.35,136175,17:25,17:20,True,101193.5,1.3456891994051001,5.285714285714282
2024-11-18,297.05,298.75,296.95,298.1,210195,17:25,17:20,True,105311.21428571429,1.9959412815213682,5.360714285714282
2024-11-19,298.2,298.9,297.9,298.6,117476,17:25,17:20,True,114706.71428571429,1.0241423157443765,5.34285714285714
2024-11-20,297.2,298.5,296.85,297.9,91258,17:25,17:20,True,116804.21428571429,0.7812903032485985,5.521428571428564
2024-11-21,295.05,295.65,294.7,295.15,56058,17:25,17:20,True,118559.71428571429,0.47282502608691457,5.439285714285709
2024-11-22,297.7,299.3,297.7,298.85,80009,17:25,17:20,True,114050.71428571429,0.7015212530766388,5.482142857142849
2024-11-25,299.35,300.7,299.35,299.75,130340,17:25,17:20,True,110831.42857142857,1.1760202108736564,5.535714285714278
2024-11-26,295.5,296.05,294.85,295.95,91074,17:25,17:20,True,114454.35714285714,0.7957233107895162,5.624999999999992
2024-11-27,296.25,296.45,295.5,296.4,68154,17:25,17:20,True,112771.78571428571,0.6043532925218758,5.160714285714278
2024-11-28,298.7,298.7,297.75,298.2,47718,17:25,17:20,True,111376.21428571429,0.4284397733037382,4.992857142857133
2024-11-29,297.2,297.55,297.0,297.2,31605,17:25,17:20,True,107903.78571428571,0.2928998254397271,4.749999999999988
2024-12-02,297.7,298.4,296.5,297.75,83754,17:25,17:20,True,102877.85714285714,0.8141110470807962,4.614285714285704
2024-12-03,303.55,304.1,303.2,304.0,122985,17:25,17:20,True,102805.78571428571,1.196284811652485,4.542857142857132
2024-12-04,305.5,306.5,305.25,306.4,73113,17:25,17:20,True,101345.0,0.7214268094133899,4.342857142857135
2024-12-05,305.45,306.65,305.45,306.5,94355,17:25,17:20,True,95708.14285714286,0.9858617791888137,4.160714285714278
2024-12-06,305.25,305.95,305.15,305.2,57230,17:25,17:20,True,92721.0,0.6172280281705331,4.014285714285701
2024-12-09,308.5,309.45,308.5,308.95,102000,17:25,17:20,True,81794.92857142857,1.2470210779746214,4.078571428571418
2024-12-10,304.65,305.45,304.45,304.55,96348,17:25,17:20,True,80689.5,1.1940587065231536,3.9214285714285615
2024-12-11,302.45,304.1,302.25,304.0,62786,17:25,17:20,True,81053.07142857143,0.7746282638447648,3.8249999999999846
2024-12-12,300.0,301.7,300.0,300.35,59083,17:25,17:20,True,81533.64285714286,0.724645654598321,3.8642857142857037
2024-12-13,297.2,297.75,297.05,297.5,55175,17:25,17:20,True,80038.92857142857,0.6893520563654294,3.9178571428571325
2024-12-16,296.9,297.25,296.25,296.35,89290,17:25,17:20,True,74670.0,1.1957948305879202,3.789285714285707
2024-12-17,295.4,296.0,294.2,294.25,102160,17:25,17:20,True,74542.57142857143,1.3704920294826732,3.7071428571428515
2024-12-18,295.5,296.0,295.0,295.15,78953,17:25,17:20,True,76971.57142857143,1.025742342720225,3.632142857142855
2024-12-19,291.35,291.6,289.8,290.9,172597,17:25,17:20,True,79202.64285714286,2.1791823324798867,3.6464285714285682
2024-12-20,288.5,288.5,286.8,287.2,157707,17:25,17:20,True,89273.5,1.766560065416949,3.8785714285714255
2024-12-23,290.5,290.7,289.05,289.3,133374,17:25,17:20,True,94555.85714285714,1.4105313412631384,3.75
2024-12-27,291.5,292.75,291.25,291.35,132862,17:25,17:20,True,95297.92857142857,1.3941751094874646,3.782142857142852
2024-12-30,292.8,292.8,291.9,292.1,111224,17:25,17:20,True,99565.71428571429,1.117091368227732,3.8785714285714255
2025-01-02,292.7,295.1,292.2,294.75,139036,17:25,17:20,True,100770.64285714286,1.379727230648949,3.95357142857143
2025-01-03,296.3,296.95,296.2,296.2,76372,17:25,17:20,True,106613.92857142857,0.7163416733943233,3.9392857142857127
2025-01-07,299.1,299.65,298.35,298.95,225562,17:25,17:20,True,104783.35714285714,2.1526510139628225,3.757142857142859
2025-01-08,297.55,298.7,296.7,297.85,110969,17:25,17:20,True,114012.92857142857,0.9733018999724969,3.9625000000000057
2025-01-09,300.3,300.35,299.05,299.1,63286,17:25,17:20,True,117454.57142857143,0.5388125743448531,3.919642857142861
2025-01-10,300.4,300.8,299.8,299.9,59215,17:25,17:20,True,117754.78571428571,0.5028670354313777,3.6910714285714374
2025-01-13,298.3,298.45,297.15,297.5,127272,17:25,17:20,True,118043.35714285714,1.078180111787013,3.7839285714285773
2025-01-14,299.0,299.65,298.75,298.9,62911,17:25,17:20,True,120756.35714285714,0.5209746425654017,4.021428571428577
2025-01-15,296.6,297.6,296.6,296.95,53272,17:25,17:20,True,117952.85714285714,0.4516380636331706,4.110714285714287
2025-01-16,304.9,305.3,304.65,304.8,90609,17:25,17:20,True,116118.5,0.7803149368963602,4.464285714285718
2025-01-17,305.55,306.5,305.55,305.8,64070,17:25,17:20,True,110262.21428571429,0.5810694118111955,4.185714285714288
2025-01-20,312.9,313.2,312.6,312.95,101878,17:25,17:20,True,103573.85714285714,0.9836265908247669,4.34285714285714
2025-01-21,311.85,312.2,311.6,312.0,63960,17:25,17:20,True,101324.14285714286,0.6312414612791479,4.321428571428571
2025-01-22,314.0,315.5,314.0,314.85,72949,17:25,17:20,True,96402.57142857143,0.7567121801730243,4.29285714285714
2025-01-23,316.15,316.2,310.05,312.05,279419,17:25,17:20,True,93668.64285714286,2.983058059527468,4.374999999999996
2025-01-24,317.5,320.6,317.25,320.0,251117,17:25,17:20,True,103696.0,2.4216652522758833,4.821428571428568
2025-01-27,313.65,313.7,311.65,312.5,256598,17:25,17:20,True,116177.78571428571,2.2086666433034594,5.324999999999993
2025-01-28,312.2,312.95,312.2,312.35,74498,17:25,17:20,True,118394.64285714286,0.6292345515150601,5.366071428571421
2025-01-29,314.5,315.7,314.35,315.7,84996,17:25,17:20,True,115789.57142857143,0.7340557439789174,5.358928571428562
2025-01-30,315.0,316.1,315.0,315.9,71661,17:25,17:20,True,117340.28571428571,0.6107109724829617,5.323214285714272
2025-01-31,317.9,318.1,316.9,317.25,114991,17:25,17:20,True,118229.28571428571,0.9726101219784801,5.251785714285701
2025-02-03,309.7,310.85,305.9,307.9,553077,17:25,17:20,True,117352.07142857143,4.7129717717564175,5.0035714285714175
2025-02-04,306.9,307.3,304.3,304.3,202902,17:25,17:20,True,152363.92857142858,1.331693150094112,5.671428571428562
2025-02-05,305.45,305.8,304.4,305.75,94118,17:25,17:20,True,163051.7857142857,0.5772276555432652,5.471428571428561
2025-02-06,309.85,311.3,309.8,311.2,103549,17:25,17:20,True,163302.42857142858,0.6340934480022604,5.674999999999991
2025-02-07,313.15,313.95,313.05,313.3,60308,17:25,17:20,True,166122.35714285713,0.3630336159276747,5.607142857142849
2025-02-10,310.95,311.6,310.9,311.45,82066,17:25,17:20,True,163153.07142857142,0.5030000310838683,5.624999999999992
2025-02-11,312.0,312.55,311.75,312.25,135235,17:25,17:20,True,164446.35714285713,0.8223654348421914,5.578571428571418
2025-02-12,315.3,315.55,314.9,315.1,93706,17:25,17:20,True,168895.35714285713,0.5548169090328543,5.44285714285713
2025-02-13,317.25,318.8,317.25,318.05,132169,17:25,17:20,True,155630.14285714287,0.8492506501219466,4.9607142857142765
2025-02-14,320.0,320.25,319.2,319.75,115972,17:25,17:20,True,147133.85714285713,0.7882074340469369,4.724999999999994
2025-02-17,319.0,319.9,318.9,319.5,101546,17:25,17:20,True,137089.14285714287,0.7407297024667995,4.457142857142851
2025-02-18,324.8,326.0,324.25,325.05,122909,17:25,17:20,True,139021.14285714287,0.8841029319281342,4.4928571428571376
2025-02-19,325.75,326.45,325.2,325.75,106062,17:25,17:20,True,141729.2142857143,0.7483425385128281,4.592857142857135
2025-02-20,321.1,322.4,321.1,321.4,112553,17:25,17:20,True,144186.42857142858,0.7806074476991592,4.817857142857138
2025-02-21,321.75,322.8,321.4,321.5,153828,17:25,17:20,True,144012.2857142857,1.068158867398218,4.949999999999993
2025-02-24,322.4,324.15,322.4,323.3,116472,17:25,17:20,True,115494.5,1.008463606492084,4.314285714285709
2025-02-25,318.3,319.55,317.7,319.3,152432,17:25,17:20,True,109320.92857142857,1.3943533227528646,4.360714285714279
2025-02-26,320.5,322.55,320.5,321.75,92165,17:25,17:20,True,113486.21428571429,0.8121250724600282,4.2107142857142765
2025-02-27,323.7,324.1,322.3,322.75,157276,17:25,17:20,True,112673.07142857143,1.3958614778661145,4.164285714285711
2025-02-28,319.55,320.35,319.3,320.05,149607,17:25,17:20,True,119599.35714285714,1.2509013724990161,4.29285714285714
2025-03-03,320.5,322.6,320.3,322.5,195990,17:25,17:20,True,124423.71428571429,1.5751820392529674,4.3714285714285745
2025-03-04,321.95,322.0,318.85,318.95,322923,17:25,17:20,True,128763.35714285714,2.5078796263577647,4.66071428571429
2025-03-05,314.05,316.2,313.95,316.1,296200,17:25,17:20,True,145136.0,2.0408444493440636,5.471428571428573
2025-03-06,317.8,318.45,315.85,315.85,208883,17:25,17:20,True,156852.5,1.331716102707958,5.6678571428571445
2025-03-07,309.65,309.75,308.7,309.05,138191,17:25,17:20,True,163489.0,0.8452617607300797,6.235714285714287
2025-03-10,313.75,313.95,312.6,312.9,136166,17:25,17:20,True,166106.5,0.8197511837285115,6.3321428571428555
2025-03-11,309.0,309.8,307.4,307.75,190679,17:25,17:20,True,167053.42857142858,1.1414252411974268,6.535714285714286
2025-03-12,303.85,305.8,303.4,305.65,179781,17:25,17:20,True,173097.5,1.0386111873366166,6.717857142857143
2025-03-13,304.75,305.35,303.7,303.85,119758,17:25,17:20,True,177899.5,0.6731778335520898,6.714285714285714
2025-03-14,304.6,305.2,304.0,304.7,97568,17:25,17:20,True,175465.92857142858,0.5560509712304749,6.728571428571428
2025-03-17,309.4,309.8,308.05,308.4,156493,17:25,17:20,True,174115.64285714287,0.898787710466648,6.717857142857143
2025-03-18,310.0,310.9,309.75,310.9,64178,17:25,17:20,True,174405.7142857143,0.3679810622194554,6.660714285714286
2025-03-19,308.2,309.2,307.75,308.65,89720,17:25,17:20,True,172406.64285714287,0.5203975816311354,6.5071428571428545
2025-03-20,313.1,314.95,313.1,314.7,99349,17:25,17:20,True,167581.2142857143,0.592840912529831,6.560714285714283
2025-03-21,312.25,312.6,310.75,312.05,112581,17:25,17:20,True,163991.35714285713,0.6865056912842533,6.653571428571423
2025-03-24,311.7,312.1,311.2,311.5,92369,17:20,17:20,True,158033.57142857142,0.5844897331941225,6.524999999999998
2025-03-25,310.25,311.15,310.1,310.95,76412,17:25,17:20,True,141565.42857142858,0.539764551070782,5.742857142857141
2025-03-26,313.7,314.3,312.2,312.3,115627,17:25,17:20,True,125866.28571428571,0.9186494965178467,5.399999999999998
2025-03-27,308.0,308.65,306.05,306.4,216870,17:25,17:20,True,119205.14285714286,1.819300701312024,5.024999999999998
2025-03-28,307.5,307.85,307.2,307.75,42092,17:25,17:20,True,124825.07142857143,0.3372078983674868,4.875
2025-03-31,302.8,302.85,299.4,300.15,227544,17:25,17:20,True,118105.5,1.9266164573199385,4.9178571428571445
2025-04-01,300.9,302.2,300.4,302.15,153886,17:25,17:20,True,120738.71428571429,1.2745373421473287,4.728571428571428
2025-04-02,299.55,300.1,298.4,298.45,137960,17:25,17:20,True,118889.07142857143,1.1604094332832466,4.732142857142857
2025-04-03,286.55,286.85,283.55,284.9,360344,17:25,17:20,True,120189.21428571429,2.9981392435380165,5.282142857142857
2025-04-04,282.0,282.65,280.0,281.25,232187,17:25,17:20,True,138958.92857142858,1.6709037870902244,5.814285714285717
2025-04-07,248.8,251.9,247.75,248.45,617510,17:25,17:20,True,144365.64285714287,4.277402765497726,6.853571428571432
2025-04-08,265.0,267.0,263.25,265.9,483582,17:25,17:20,True,183889.35714285713,2.6297443610307596,8.450000000000003
2025-04-09,255.5,256.9,253.5,256.35,454919,17:25,17:20,True,212022.35714285713,2.145618066558345,8.80714285714286
2025-04-10,288.0,288.0,280.7,282.7,780408,17:25,17:20,True,237420.2142857143,3.2870326663122618,9.750000000000002
2025-04-11,272.35,272.9,271.95,272.1,165372,17:25,17:20,True,285122.14285714284,0.580004058411057,11.799999999999999
2025-04-14,275.7,276.15,274.3,275.8,212661,17:25,17:20,True,290336.64285714284,0.7324635220248022,12.142857142857139
2025-04-15,276.2,277.5,275.15,277.5,171529,17:25,17:20,True,300068.71428571426,0.5716324022926178,12.371428571428567
2025-04-16,277.0,277.35,275.45,275.9,266696,17:25,17:20,True,304061.71428571426,0.877111413472453,12.460714285714285
2025-04-22,276.5,277.7,276.5,277.25,242747,17:25,17:20,True,307620.71428571426,0.789111359303781,12.625
2025-04-23,282.0,283.0,281.3,281.6,211331,17:25,17:20,True,321953.21428571426,0.6564028269413591,12.510714285714284
2025-04-24,282.0,282.25,280.35,281.05,129040,17:25,17:20,True,320795.14285714284,0.4022504793891607,12.467857142857143
2025-04-25,285.2,286.9,285.2,285.55,174314,17:25,17:20,True,319020.4285714286,0.5464038800918705,12.460714285714285
2025-04-28,285.9,287.6,285.8,286.7,237027,17:25,17:20,True,321617.14285714284,0.7369849688182933,11.982142857142858
2025-04-29,285.5,285.95,283.75,284.6,127115,17:25,17:20,True,312808.78571428574,0.40636646349218813,11.228571428571428
2025-05-02,287.6,290.25,286.4,288.35,361851,17:25,17:20,True,305303.64285714284,1.1852167783314551,10.432142857142859
2025-05-05,289.9,289.9,288.5,288.7,121453,17:25,17:20,True,287042.28571428574,0.423118843614878,9.225
2025-05-06,288.5,288.9,287.5,287.5,112597,17:25,17:20,True,261175.92857142858,0.4311155343292138,8.678571428571427
2025-05-07,283.7,283.7,281.7,282.75,134187,17:25,17:20,True,236724.35714285713,0.5668491473356143,7.810714285714285
2025-05-08,282.5,283.7,281.7,283.5,164633,17:25,17:20,True,190565.7142857143,0.8639172089118115,5.678571428571429
2025-05-09,283.7,284.7,283.6,284.55,92981,17:25,17:20,True,190512.92857142858,0.4880561161765924,5.432142857142862
2025-05-12,286.15,289.75,286.15,289.5,214535,17:25,17:20,True,181964.35714285713,1.1789946304240901,5.171428571428578
2025-05-13,294.05,294.35,293.3,293.5,115293,17:25,17:20,True,185036.2142857143,0.6230834350187048,5.642857142857147
2025-05-14,293.5,294.4,293.15,293.85,142844,17:25,17:20,True,174221.7142857143,0.8198977985358558,5.364285714285716
2025-05-15,291.0,291.65,290.6,291.55,104037,17:25,17:20,True,167085.7857142857,0.622656197564895,5.2428571428571455
2025-05-16,295.1,296.0,294.8,295.95,91469,17:25,17:20,True,159421.92857142858,0.5737541931630663,5.28214285714286
2025-05-19,292.6,292.9,291.75,292.85,137719,17:25,17:20,True,156738.2857142857,0.8786557755968093,5.4535714285714345
2025-05-20,295.0,296.3,294.1,294.15,113221,17:25,17:20,True,154124.35714285713,0.73460809244483,5.382142857142867
2025-05-21,294.35,294.4,292.65,293.35,130353,17:25,17:20,True,145281.07142857142,0.8972469621693909,5.432142857142866
2025-05-22,290.0,290.0,289.25,289.6,135487,17:25,17:20,True,145512.35714285713,0.9311030531034921,5.528571428571435
2025-05-23,283.9,285.5,283.65,285.4,104523,17:25,17:20,True,129343.5,0.8081040021338529,5.696428571428579
2025-05-26,283.95,285.5,283.95,285.1,168461,17:25,17:20,True,128134.21428571429,1.3147230108608217,6.14642857142858
2025-05-27,284.2,284.3,281.95,284.15,105264,17:25,17:20,True,132124.5,0.7967031095671129,6.142857142857151
2025-05-30,281.6,281.6,279.7,280.6,206198,17:25,17:20,True,130058.57142857143,1.5854241495589898,6.185714285714291
2025-06-02,281.0,281.0,279.6,280.75,128895,17:25,17:20,True,133027.5,0.9689349946439646,6.1678571428571445
2025-06-03,281.0,281.25,280.35,280.8,81493,17:25,17:20,True,135592.7857142857,0.6010128014606761,6.20357142857143
2025-06-04,280.85,280.95,280.2,280.85,46962,17:25,17:20,True,126089.78571428571,0.3724488842134602,5.600000000000002
2025-06-05,283.4,284.5,283.05,284.0,85126,17:25,17:20,True,121209.0,0.7023075844202988,5.7035714285714345
2025-06-09,284.1,286.35,284.05,286.05,183418,17:25,17:20,True,117086.28571428571,1.56651992913651,5.728571428571436
2025-06-10,284.5,285.1,284.05,284.55,72825,17:25,17:20,True,122756.35714285714,0.5932482984587938,5.500000000000004
2025-06-11,285.35,286.45,285.35,285.95,78266,17:25,17:20,True,121424.64285714286,0.6445643829653313,5.232142857142861
2025-06-12,281.1,281.7,280.6,281.0,126457,17:25,17:20,True,117178.0,1.079187219443923,5.132142857142859
2025-06-13,274.35,274.9,273.3,274.75,248693,17:25,17:20,True,118123.42857142857,2.1053655740242654,5.382142857142859
2025-06-16,274.9,276.4,274.7,276.15,120005,17:25,17:20,True,126576.28571428571,0.9480843850235996,5.25
2025-06-17,275.85,276.55,275.65,275.9,72284,17:25,17:20,True,125470.42857142857,0.5761038742196511,4.67142857142857
2025-06-18,274.6,275.7,274.3,275.6,97571,17:25,17:20,True,123167.64285714286,0.7921804601973965,4.224999999999999
2025-06-19,274.5,274.85,274.05,274.45,100517,17:25,17:20,True,118104.07142857143,0.8510883560927196,4.04642857142857
2025-06-23,273.7,274.05,272.15,272.65,277396,17:25,17:20,True,117765.0,2.3555046066318517,3.9249999999999994
2025-06-24,279.1,282.0,278.15,281.0,216269,17:25,17:20,True,122850.57142857143,1.760423231940313,3.8857142857142883
2025-06-25,278.0,279.0,278.0,278.9,85702,17:25,17:20,True,129091.57142857143,0.6638853261416867,4.314285714285717
2025-06-26,277.2,277.7,275.7,275.8,187030,17:25,17:20,True,129392.21428571429,1.4454501844061052,4.271428571428572
2025-06-27,277.4,278.35,277.3,278.3,74469,17:25,17:20,True,139397.07142857142,0.5342221270276738,4.307142857142854
2025-06-30,284.0,284.05,282.9,282.9,67835,17:25,17:20,True,138635.85714285713,0.4893034269633398,4.578571428571422
2025-07-01,280.0,280.5,279.95,280.5,67472,17:25,17:20,True,130379.92857142857,0.517502967974365,4.707142857142851
2025-07-02,281.5,281.55,280.5,280.65,45028,17:25,17:20,True,129997.57142857143,0.3463757015240944,4.88928571428571
2025-07-03,283.0,283.1,281.95,282.45,67071,17:25,17:20,True,127623.42857142857,0.5255383024164842,4.928571428571421
2025-07-04,282.85,282.85,282.3,282.35,75375,17:25,17:20,True,123381.57142857143,0.6109097098316373,4.64999999999999
2025-07-07,281.3,281.8,280.4,280.45,81283,17:25,17:20,True,111001.71428571429,0.7322679701214395,4.499999999999992
2025-07-08,282.45,282.9,281.8,282.15,79307,17:25,17:20,True,108235.85714285714,0.7327239058616698,4.39642857142856
2025-07-09,284.5,284.7,283.8,284.1,76734,17:25,17:20,True,108737.5,0.705681112771583,4.374999999999988
2025-07-10,287.5,287.9,287.0,287.9,38202,17:25,17:20,True,107249.14285714286,0.35619865093826925,4.44642857142856
2025-07-11,292.55,292.65,291.75,292.1,72551,17:25,17:20,True,102798.07142857143,0.7057622676356491,4.796428571428562
2025-07-14,286.85,287.05,285.75,286.5,112211,17:25,17:20,True,88166.28571428571,1.2727200549610802,4.778571428571415
2025-07-15,288.0,289.35,288.0,289.2,79696,17:25,17:20,True,80733.57142857143,0.9871482035265909,4.339285714285702
2025-07-16,288.45,289.45,288.1,289.45,80288,17:25,17:20,True,80304.57142857143,0.9997936427742949,4.364285714285704
2025-07-17,289.0,292.1,288.6,291.2,319610,17:25,17:20,True,72680.14285714286,4.397487228777363,4.289285714285707
2025-07-18,294.95,295.0,293.65,293.8,90417,17:25,17:20,True,90190.21428571429,1.002514526837327,4.199999999999997
2025-07-21,293.0,293.0,290.95,291.05,101883,17:25,17:20,True,91803.21428571429,1.1097977428428043,4.307142857142854
2025-07-22,290.25,291.1,289.8,289.95,74327,17:25,17:20,True,94261.14285714286,0.7885221603205684,4.196428571428568
2025-07-23,289.6,289.95,289.0,289.95,123960,17:25,17:20,True,96353.92857142857,1.2865069627971282,4.303571428571429
2025-07-24,294.5,294.7,293.7,293.7,117948,17:25,17:20,True,100417.42857142857,1.1745769800916745,4.539285714285719
2025-07-25,292.95,292.95,291.95,291.95,68652,17:25,17:20,True,103458.35714285714,0.6635713333936291,4.61071428571429
2025-07-28,296.55,297.3,295.95,296.9,190707,17:25,17:20,True,102556.14285714286,1.8595375633973308,4.710714285714293
2025-07-29,291.9,292.15,291.5,292.0,55979,17:25,17:20,True,110513.28571428571,0.5065363828266285,5.071428571428579
2025-07-30,291.3,291.3,289.0,289.65,107077,17:25,17:20,True,109030.78571428571,0.9820804215847294,5.014285714285726
2025-07-31,289.9,290.45,289.45,289.5,69765,17:25,17:20,True,113950.42857142857,0.6122399088325375,4.696428571428584
2025-08-01,281.8,281.8,280.25,281.15,103772,17:25,17:20,True,113751.42857142857,0.9122698616029941,4.821428571428584
2025-08-04,281.1,282.35,281.1,281.75,81793,17:25,17:20,True,113148.64285714286,0.7228809637890992,4.985714285714295
2025-08-05,284.25,284.65,284.0,284.65,43265,17:25,17:20,True,113298.42857142857,0.38186760880556914,4.89642857142858
2025-08-06,285.0,285.7,284.9,285.5,61690,17:25,17:20,True,110653.92857142857,0.5575039295615998,4.8285714285714345
2025-08-07,284.0,285.1,284.0,284.75,39214,17:25,17:20,True,92231.07142857143,0.4251712507792927,4.6321428571428624
2025-08-08,287.15,287.85,287.15,287.8,56430,17:25,17:20,True,88573.71428571429,0.6370964620267864,4.546428571428578
2025-08-11,289.1,289.45,288.9,288.9,54827,17:25,17:20,True,85327.07142857143,0.6425510577366587,4.478571428571436
2025-08-12,288.0,290.0,288.0,289.9,51964,17:25,17:20,True,83934.21428571429,0.6191039070564617,4.264285714285718
2025-08-13,289.5,289.85,289.2,289.4,98120,17:25,17:20,True,78791.64285714286,1.2453097364386905,4.053571428571429
2025-08-14,289.6,290.1,289.25,289.65,46766,17:25,17:20,True,77375.35714285714,0.6044043184661044,3.882142857142859
2025-08-15,294.2,295.75,294.2,295.2,107199,17:25,17:20,True,75812.07142857143,1.4140096422639061,3.9357142857142873
2025-08-18,295.05,296.0,294.8,295.2,93134,17:25,17:20,True,69847.21428571429,1.3333960552675685,3.5714285714285756
2025-08-19,294.8,296.1,294.7,295.7,50045,17:25,17:20,True,72501.14285714286,0.6902649810446339,3.5250000000000017
2025-08-20,296.9,297.25,296.0,296.5,65694,17:25,17:20,True,68427.42857142857,0.9600536125864316,3.6607142857142856
2025-08-21,295.65,295.75,295.05,295.2,55865,17:25,17:20,True,68136.64285714286,0.8198965733772368,3.4857142857142907
2025-08-22,293.0,293.35,292.2,293.3,56688,17:25,17:20,True,64714.71428571428,0.8759677088231205,3.232142857142861
2025-08-25,298.5,299.2,297.55,299.15,101574,17:25,17:20,True,62921.5,1.6142971798192987,3.5214285714285762
2025-08-26,295.5,295.7,295.0,295.6,62430,17:25,17:20,True,67086.42857142857,0.9305906027406012,3.528571428571435
2025-08-27,294.5,294.85,293.6,294.2,138426,17:25,17:20,True,67139.28571428571,2.061773498590351,3.4642857142857184
2025-08-28,294.9,295.4,294.85,295.2,62243,17:25,17:20,True,74225.85714285714,0.8385622261014163,3.3214285714285756
2025-08-29,292.6,292.6,291.65,292.05,86607,17:25,17:20,True,74641.07142857143,1.1603129261465583,3.4107142857142896
2025-09-01,291.5,292.5,291.2,292.15,96611,17:25,17:20,True,76911.07142857143,1.2561390474156144,3.4785714285714358
2025-09-02,293.3,293.9,292.25,292.55,62239,17:25,17:20,True,80100.14285714286,0.7770148439185948,3.414285714285723
2025-09-03,286.55,288.65,286.55,288.25,98675,17:25,17:20,True,77537.21428571429,1.2726147168041888,3.835714285714293
2025-09-04,288.9,290.05,287.95,289.3,101939,17:25,17:20,True,81245.0,1.2547110591421011,3.764285714285722
2025-09-05,290.5,291.7,290.45,291.65,69313,17:25,17:20,True,80869.28571428571,0.8570991988835599,3.757142857142863
2025-09-08,290.8,291.6,290.65,290.75,75249,17:25,17:20,True,79167.78571428571,0.950500248567915,3.778571428571431
2025-09-09,288.7,289.25,288.4,288.85,80942,17:25,17:20,True,80968.07142857143,0.9996780035869517,3.757142857142863
2025-09-10,288.0,288.85,287.85,287.95,57642,17:25,17:20,True,82057.21428571429,0.7024610876905574,3.767857142857147
2025-09-11,286.9,287.0,285.65,285.7,61686,17:25,17:20,True,82184.14285714286,0.7505827505827506,3.8392857142857224
2025-09-12,285.45,285.65,284.65,285.65,70501,17:25,17:20,True,82541.14285714286,0.854131619209814,3.5714285714285756
2025-09-15,286.1,286.8,285.45,285.7,132964,17:25,17:20,True,80321.64285714286,1.6553944275826744,3.5500000000000074
2025-09-16,284.1,284.35,283.6,284.05,58878,17:25,17:20,True,85359.78571428571,0.6897627437476832,3.703571428571434
2025-09-17,281.2,282.35,281.2,282.25,62899,17:25,17:20,True,79677.78571428571,0.7894170180073493,3.7857142857142896
2025-09-18,282.55,283.55,282.55,283.1,70136,17:25,17:20,True,79724.64285714286,0.8797279923307456,3.682142857142858
2025-09-19,285.65,285.875,284.75,284.85,76227,17:25,17:20,True,78548.14285714286,0.970449424102052,3.79642857142857
2025-09-22,285.2,286.65,283.9,285.65,229984,17:25,17:20,True,77092.14285714286,2.9832352750419258,3.8964285714285682
2025-09-23,287.55,287.75,287.25,287.45,72640,17:25,17:20,True,89073.92857142857,0.8155023716254958,3.5607142857142833
2025-09-24,292.25,292.25,290.25,290.45,101937,17:25,17:20,True,87214.28571428571,1.1688108108108108,3.75
2025-09-25,286.55,287.25,285.9,285.9,89784,17:25,17:20,True,87214.14285714286,1.0294660597314655,4.028571428571427
2025-09-26,284.35,285.9,284.35,285.45,51592,17:25,17:20,True,88676.35714285714,0.5818010759833713,4.128571428571429
2025-09-29,289.55,290.25,289.5,290.1,90972,17:25,17:20,True,86986.57142857143,1.0458165956650123,4.085714285714281
2025-09-30,291.6,292.05,290.85,291.3,174134,17:25,17:20,True,87703.0,1.9854965052506757,4.071428571428563
2025-10-01,293.0,293.75,292.3,292.9,91059,17:25,17:20,True,96023.85714285714,0.9482955872573333,4.153571428571419
2025-10-02,296.6,298.6,296.6,298.3,117146,17:25,17:20,True,98121.92857142857,1.1938819559047162,4.232142857142849
2025-10-03,302.65,303.25,302.25,302.65,136071,17:25,17:20,True,101453.71428571429,1.3412126008200784,4.571428571428563
2025-10-06,304.5,304.55,303.1,303.45,148580,17:25,17:20,True,101675.64285714286,1.461313602991024,4.4178571428571365
2025-10-07,307.15,307.25,305.2,305.7,130518,17:25,17:20,True,108082.92857142857,1.2075727566332994,4.471428571428565
2025-10-08,306.0,307.35,305.95,307.0,94475,17:25,17:20,True,112912.85714285714,0.8367071951821252,4.539285714285711
2025-10-09,307.3,308.9,307.2,308.5,136438,17:25,17:20,True,114651.35714285714,1.1900251632433483,4.517857142857139
2025-10-10,307.05,308.25,307.05,307.8,87576,17:25,17:20,True,118952.14285714286,0.7362288555421448,4.578571428571422
2025-10-13,304.45,306.0,302.6,303.6,258667,17:25,17:20,True,108780.14285714286,2.377888033661606,4.760714285714276
2025-10-14,303.15,303.15,301.5,302.0,137462,17:25,17:20,True,122067.78571428571,1.1261120138751948,4.557142857142845
2025-10-15,307.7,308.1,307.05,307.9,108949,17:25,17:20,True,124605.28571428571,0.874352956822515,4.32142857142856
2025-10-16,309.35,311.7,308.6,308.9,211478,17:25,17:20,True,125974.21428571429,1.6787403771406733,4.453571428571418
2025-10-17,306.85,306.85,304.75,305.2,243891,17:25,17:20,True,137394.64285714287,1.775112878699263,4.496428571428562
2025-10-20,308.75,309.25,308.0,308.15,78385,17:25,17:20,True,148317.42857142858,0.5284948691127717,4.692857142857138
2025-10-21,312.95,313.5,312.25,312.35,68010,17:25,17:20,True,141478.2142857143,0.48071005379424897,4.83928571428571
2025-10-22,310.4,310.8,309.2,310.55,76234,17:25,17:20,True,139831.85714285713,0.5451833477554165,4.928571428571424
2025-10-23,312.45,313.1,311.15,311.3,138791,17:25,17:20,True,136909.57142857142,1.0137421259287935,4.657142857142852
2025-10-24,314.9,316.0,314.9,315.95,101221,17:25,17:20,True,137103.85714285713,0.73827973996772,4.646428571428564
2025-10-27,316.55,317.9,316.55,317.25,96283,17:25,17:20,True,133721.07142857142,0.7200286310256692,4.4928571428571376
2025-10-28,318.35,318.35,317.45,317.85,90467,17:25,17:20,True,131275.7142857143,0.6891373662847007,4.471428571428565
2025-10-29,317.25,318.0,315.8,316.05,73617,17:25,17:20,True,130989.42857142857,0.5620071848764241,4.3821428571428545
2025-10-30,315.0,315.95,315.0,315.0,71082,17:25,17:20,True,126502.21428571429,0.5619032077925231,4.325000000000001
2025-11-03,314.25,315.35,313.75,315.35,201399,17:25,17:20,True,125324.07142857143,1.6070256711599697,4.139285714285718
2025-11-04,312.75,312.8,310.55,310.9,133482,17:25,17:20,True,121233.5,1.1010323054271303,4.128571428571433
2025-11-05,313.3,313.3,311.75,312.7,96322,17:25,17:20,True,120949.21428571429,0.79638384233288,4.3285714285714345
2025-11-06,316.25,316.95,316.15,316.5,91519,17:25,17:20,True,120047.28571428571,0.7623579280069401,4.242857142857149
2025-11-07,314.2,314.7,313.5,313.6,144494,17:25,17:20,True,111478.78571428571,1.2961569241553326,4.121428571428579
2025-11-10,316.0,316.9,315.8,316.65,160919,17:25,17:20,True,104379.0,1.5416798398145222,4.017857142857147
2025-11-11,316.75,317.7,316.5,317.4,99410,17:25,17:20,True,110274.28571428571,0.9014794279199917,3.9500000000000006
2025-11-12,321.65,321.95,321.05,321.1,92511,17:25,17:20,True,112517.14285714286,0.822194713186562,3.875
2025-11-13,323.1,324.15,323.1,323.7,100371,17:25,17:20,True,113679.78571428571,0.8829274208192561,3.8999999999999977
2025-11-14,319.85,319.9,318.15,318.8,135006,17:25,17:20,True,110935.5,1.216977432832592,3.992857142857145
2025-11-17,319.1,319.15,317.75,318.5,124962,17:25,17:20,True,113348.71428571429,1.1024562632886377,4.1678571428571445
2025-11-18,311.5,312.0,310.1,310.45,152636,17:25,17:20,True,115397.21428571429,1.3227009069914413,4.299999999999999
2025-11-19,308.05,309.1,308.0,308.8,99331,17:25,17:20,True,119837.85714285714,0.8288783058060594,4.674999999999999
2025-11-20,314.0,314.25,313.1,313.95,187682,17:25,17:20,True,121674.57142857143,1.5424915641488655,4.67142857142857
2025-11-21,308.05,309.05,307.15,309.05,195136,17:25,17:20,True,130003.14285714286,1.5010098656955546,4.849999999999999
2025-11-24,314.75,316.15,314.5,315.8,153355,17:25,17:20,True,129555.78571428571,1.1836985832357931,5.0821428571428555
2025-11-25,316.9,317.1,315.65,316.0,109838,17:25,17:20,True,130975.28571428571,0.8386162274889374,5.035714285714286
2025-11-26,321.8,322.1,320.85,321.1,74930,17:25,17:20,True,131940.7142857143,0.5679065814191439,5.114285714285712
2025-11-27,322.0,322.6,321.5,321.5,143552,17:25,17:20,True,130755.78571428571,1.0978634652058554,5.060714285714283
2025-11-28,322.9,323.35,322.7,322.85,56394,17:25,17:20,True,130688.5,0.4315146321214185,4.8785714285714255
2025-12-01,320.7,320.7,318.0,318.9,116814,17:25,17:20,True,123222.42857142857,0.9479930022015937,4.617857142857141
2025-12-02,319.45,319.8,318.1,318.35,69057,17:25,17:20,True,124465.57142857143,0.5548281280308152,4.650000000000001
2025-12-03,319.6,320.15,319.2,319.5,93979,17:25,17:20,True,122790.28571428571,0.7653618480754644,4.610714285714287
2025-12-04,320.1,320.85,320.05,320.5,116306,17:25,17:20,True,122333.71428571429,0.950727284617253,4.525000000000001
2025-12-05,321.5,321.95,320.4,320.4,76908,17:25,17:20,True,120998.0,0.6356138117985421,4.475000000000002
2025-12-08,322.8,323.5,322.4,322.4,74163,17:25,17:20,True,117565.57142857143,0.6308224346534882,4.428571428571432
2025-12-09,320.15,320.7,320.1,320.4,50795,17:25,17:20,True,111960.35714285714,0.453687370210757,4.142857142857147
2025-12-10,317.5,317.5,316.2,316.25,79411,17:25,17:20,True,108493.5,0.7319424665993816,4.210714285714289
2025-12-11,323.25,323.25,321.2,321.7,186835,17:25,17:20,True,100759.85714285714,1.8542602708845217,4.757142857142859
2025-12-12,321.6,322.2,320.5,321.95,70931,17:25,17:20,True,100166.92857142857,0.7081279321589604,4.528571428571427
2025-12-15,322.35,323.55,322.25,322.8,128970,17:25,17:20,True,94279.5,1.3679537969547992,4.357142857142853
2025-12-16,323.1,323.7,322.9,323.25,102115,17:25,17:20,True,95646.07142857143,1.0676340227550232,4.228571428571423
2025-12-17,321.5,322.25,321.1,321.6,143355,17:25,17:20,True,97587.85714285714,1.468983992446367,4.282142857142852
2025-12-18,319.5,319.85,318.1,319.0,97999,17:25,17:20,True,97573.78571428571,1.004357874224122,4.399999999999998
2025-12-19,321.15,321.8,320.5,321.6,76232,17:25,17:20,True,100545.57142857143,0.7581835670818775,4.521428571428568
2025-12-22,323.1,323.75,322.6,323.65,135223,17:25,17:20,True,97646.85714285714,1.3848167156283282,4.399999999999993
2025-12-23,324.5,324.65,323.65,324.05,87901,17:25,17:20,True,102373.0,0.8586346009201645,4.360714285714279
2025-12-29,326.0,326.65,325.4,326.3,190228,17:25,17:20,True,101938.85714285714,1.866099006126922,4.357142857142849
2025-12-30,327.9,327.9,326.75,327.3,84223,17:25,17:20,True,107219.0,0.7855230882586108,4.2107142857142765
2026-01-02,331.4,331.65,330.4,331.6,219082,17:25,17:20,True,107741.5,2.0334040272318465,4.289285714285707
2026-01-07,335.35,336.7,332.05,336.45,570043,17:25,17:20,True,118092.85714285714,4.827074336176133,4.60357142857142
2026-01-08,340.65,340.7,338.7,339.65,136693,17:25,17:20,True,155182.0,0.880856027116547,5.396428571428564
2026-01-09,337.55,337.95,337.15,337.45,139173,17:25,17:20,True,159273.57142857142,0.8737984510029912,4.699999999999993
2026-01-12,340.75,341.25,340.3,340.6,166675,17:25,17:20,True,155869.14285714287,1.0693264679896322,4.7928571428571365
2026-01-13,342.0,342.1,341.05,341.15,116108,17:25,17:20,True,162708.0,0.713597364604076,4.782142857142852
2026-01-14,341.6,342.65,341.6,342.65,84988,17:25,17:20,True,161789.2857142857,0.5253005452418269,4.685714285714283
2026-01-15,343.5,345.4,343.5,345.3,190061,17:25,17:20,True,160565.92857142858,1.1836944592853047,4.821428571428571
2026-01-16,347.8,347.95,346.55,347.45,123834,17:25,17:20,True,163902.07142857142,0.7555365159247966,4.974999999999999
2026-01-19,340.95,341.0,338.3,338.95,570553,17:25,17:20,True,165747.42857142858,3.4423037806231855,4.985714285714282
2026-01-20,332.5,333.3,331.1,332.45,382625,17:25,17:20,True,201056.07142857142,1.9030760786347805,5.75
2026-01-21,336.0,336.05,334.15,334.8,177331,17:25,17:20,True,218727.64285714287,0.810738860820714,6.146428571428577
2026-01-22,343.9,344.95,341.0,342.65,585312,17:25,17:20,True,225115.5,2.600051973320362,6.5
2026-01-23,339.35,339.35,336.0,336.8,267684,17:25,17:20,True,253335.7857142857,1.056637139696862,6.9178571428571445
2026-01-26,338.6,340.05,337.95,339.55,195722,17:25,17:20,True,266440.14285714284,0.7345815007498334,7.017857142857143
2026-01-27,339.5,340.3,339.1,340.0,87308,17:25,17:20,True,264771.5714285714,0.32974839227992214,6.594642857142857
2026-01-28,342.5,343.3,342.1,343.3,109680,17:25,17:20,True,230290.5,0.47626801800334795,5.708928571428568
2026-01-29,341.45,341.9,340.95,341.7,104470,17:25,17:20,True,228361.0,0.45747741514531814,5.8160714285714255
2026-01-30,343.15,343.3,341.55,342.8,145547,17:25,17:20,True,225882.2142857143,0.6443490934434539,5.987499999999995
2026-02-02,341.15,341.25,338.3,338.45,257256,17:25,17:20,True,224373.07142857142,1.14655470178335,6.019642857142851
2026-02-03,350.8,351.65,349.6,351.2,136786,17:25,17:20,True,234455.07142857142,0.5834209478453228,6.644642857142851
2026-02-04,352.7,353.3,351.6,352.65,133475,17:25,17:20,True,238154.92857142858,0.5604544940583396,6.6089285714285655
2026-02-05,357.5,358.2,356.85,357.45,131288,17:25,17:20,True,234113.07142857142,0.5607888495882485,6.65535714285714
2026-02-06,358.85,359.5,356.8,357.7,120529,17:25,17:20,True,234645.5,0.5136642296570785,6.705357142857143
2026-02-09,364.55,365.75,364.5,365.2,144616,17:25,17:20,True,202500.92857142858,0.7141498116587119,6.28035714285714
2026-02-10,363.8,363.9,363.1,363.1,147146,17:25,17:20,True,185500.2857142857,0.7932386704063605,6.058928571428562
2026-02-11,365.2,365.4,364.6,365.0,94111,17:25,17:20,True,183344.2142857143,0.5133022624501377,5.7339285714285655
2026-02-12,365.45,366.25,365.1,365.65,124761,17:25,17:20,True,148258.42857142858,0.8415103357168804,5.537499999999994
2026-02-13,361.25,361.25,358.2,358.4,87943,17:25,17:20,True,138049.64285714287,0.6370389533785723,5.437499999999996
2026-02-16,360.0,361.35,360.0,360.5,119224,17:25,17:20,True,130351.14285714286,0.9146371668613789,5.625
2026-02-17,360.65,362.25,360.6,362.15,68762,17:25,17:20,True,132630.85714285713,0.518446472271051,5.689285714285712
2026-02-18,362.65,364.55,362.65,364.45,92448,17:25,17:20,True,129708.14285714286,0.7127385988543511,5.635714285714288
2026-02-19,367.9,369.15,367.45,367.7,123704,17:25,17:20,True,128849.42857142857,0.9600663454353143,5.585714285714289
2026-02-20,366.25,367.85,366.25,366.4,86079,17:25,17:20,True,127289.21428571429,0.6762473983599777,5.732142857142861
2026-02-23,367.9,367.9,366.5,366.85,146782,17:25,17:20,True,115062.28571428571,1.2756742931778564,5.192857142857146
2026-02-24,368.05,369.2,368.05,369.1,71048,17:25,17:20,True,115776.28571428571,0.6136662578322233,5.121428571428571
2026-02-25,371.0,374.8,371.0,374.4,62607,17:25,17:20,True,111317.21428571429,0.5624197515337442,4.96785714285714
2026-02-26,373.45,375.55,373.45,375.2,104342,17:25,17:20,True,106411.42857142857,0.9805525722263989,4.989285714285712
2026-02-27,375.0,376.0,375.0,375.95,116830,17:25,17:20,True,105255.21428571429,1.109968762999865,4.817857142857142
2026-03-02,369.35,369.35,361.55,367.65,367508,17:25,17:20,True,103270.5,3.558692947163033,4.717857142857148
2026-03-03,361.2,363.1,358.5,361.8,315344,17:25,17:20,True,119010.64285714286,2.649712600733788,5.675000000000003
2026-03-04,358.05,361.25,357.45,360.9,244534,17:25,17:20,True,134813.0,1.8138755164561282,6.228571428571432
2026-03-05,364.1,364.25,362.0,362.3,151707,17:25,17:20,True,143368.2142857143,1.058163420363649,6.53571428571429
2026-03-06,364.15,365.35,364.0,365.25,70223,17:25,17:20,True,147922.7857142857,0.4747274036309484,6.689285714285717
2026-03-09,343.85,346.85,341.05,345.4,420428,17:25,17:20,True,144422.7142857143,2.91109332821608,7.253571428571433
2026-03-10,359.4,361.2,358.3,360.0,182090,17:25,17:20,True,169541.7142857143,1.0740129694167133,8.060714285714287
2026-03-11,360.0,360.0,358.15,358.8,114008,17:25,17:20,True,175944.7142857143,0.6479762717671866,8.460714285714289
2026-03-12,355.5,355.6,353.65,355.1,112929,17:25,17:20,True,175252.14285714287,0.6443801380052414,8.625000000000004
2026-03-13,352.45,352.5,350.75,351.9,66888,17:25,17:20,True,177170.0,0.3775357001749732,8.685714285714292
2026-03-16,351.7,352.35,351.4,351.7,152461,17:25,17:20,True,171463.2857142857,0.8891757752388475,9.028571428571436
2026-03-17,353.0,353.25,351.65,351.9,66565,17:25,17:20,True,177278.5,0.37548264453952396,9.164285714285723
2026-03-18,354.0,356.6,354.0,356.5,83458,17:25,17:20,True,177561.2142857143,0.4700238187474179,9.16428571428572
2026-03-19,345.4,345.9,343.05,343.95,185204,17:25,17:20,True,176069.5,1.0518800814451112,9.396428571428576
2026-03-20,345.0,345.9,344.15,344.3,113064,17:25,17:20,True,180953.35714285713,0.6248239976600126,9.814285714285717
2026-03-23,329.55,331.5,326.35,331.5,386620,17:25,17:20,True,162778.7857142857,2.375125224724352,9.300000000000002
2026-03-24,339.15,340.05,338.4,339.35,89122,17:25,17:20,True,167869.92857142858,0.5308991357679563,9.614285714285716
2026-03-25,346.25,349.5,346.25,348.95,132135,17:25,17:20,True,156769.07142857142,0.8428639577686379,9.289285714285715
2026-03-26,347.5,348.2,345.7,348.15,143786,17:25,17:20,True,155371.07142857142,0.9254361103257409,9.450000000000001
2026-03-27,347.6,348.0,346.35,346.65,114738,17:25,17:20,True,160625.57142857142,0.7143196377733843,8.839285714285719
2026-03-30,345.05,345.15,342.5,342.85,194370,17:25,17:20,True,138790.57142857142,1.4004553623444986,8.135714285714291
2026-03-31,351.5,352.2,351.0,351.7,126573,17:25,17:20,True,139667.7142857143,0.9062437990577636,7.8321428571428635
2026-04-01,363.5,366.35,362.8,365.65,223887,17:25,17:20,True,140565.2142857143,1.592762484926925,7.7071428571428635
2026-04-07,360.75,361.3,359.4,360.6,185239,17:25,17:20,True,148490.7857142857,1.2474780782453554,8.307142857142862
2026-04-08,372.2,374.0,371.25,373.05,501599,17:25,17:20,True,156944.42857142858,3.1960293497880503,8.496428571428579
2026-04-09,369.95,369.95,368.85,369.0,120546,17:25,17:20,True,181882.85714285713,0.6627672442231264,9.389285714285721
2026-04-10,369.5,369.95,369.0,369.75,89620,17:25,17:20,True,185738.64285714287,0.48250594825832455,9.353571428571437
2026-04-13,370.0,370.0,367.75,368.45,193192,17:25,17:20,True,186178.7857142857,1.0376692449615443,9.303571428571436
2026-04-14,375.85,377.05,375.3,375.6,96126,17:25,17:20,True,186749.35714285713,0.514732695580134,9.060714285714296
2026-04-15,376.25,377.05,375.8,377.05,102607,17:25,17:20,True,185539.5,0.5530197073938433,8.703571428571438
2026-04-16,376.75,377.75,376.0,376.55,98473,17:25,17:20,True,165252.85714285713,0.5958928741236375,7.72500000000001
2026-04-17,375.35,376.8,374.85,376.4,126575,17:25,17:20,True,165920.7857142857,0.7628640345156101,7.689285714285725
2026-04-20,380.65,380.65,377.85,380.1,180024,17:25,17:20,True,165523.64285714287,1.0876029363090554,7.700000000000009
2026-04-21,384.5,387.0,384.45,385.1,185200,17:25,17:20,True,168112.07142857142,1.1016460532918304,7.878571428571433
2026-04-22,383.5,385.05,382.75,384.65,278900,17:25,17:20,True,173145.07142857142,1.6107879808467798,7.982142857142861
2026-04-23,380.85,381.5,380.0,381.0,77771,17:25,17:20,True,179182.92857142858,0.43403130320530375,7.8321428571428635
2026-04-24,377.15,377.8,376.45,377.2,162096,17:25,17:20,True,175697.07142857142,0.9225879445913198,7.678571428571437
2026-04-27,372.5,374.15,372.15,373.95,156642,17:25,17:20,True,171283.42857142858,0.9145192930014078,7.335714285714297
2026-04-28,372.55,373.05,371.1,371.3,115579,17:25,17:20,True,169240.7857142857,0.682926396921377,6.835714285714297
2026-04-29,373.2,374.0,372.8,373.45,87470,17:25,17:20,True,141667.92857142858,0.6174297943228404,5.832142857142868
2026-05-04,375.25,375.85,373.7,374.7,208715,17:25,17:20,True,139305.35714285713,1.498255374242094,5.903571428571444
2026-05-05,365.1,366.85,365.1,366.4,85898,17:25,17:20,True,147812.14285714287,0.5811295225116823,6.160714285714302
2026-05-06,373.1,374.9,373.1,373.8,107050,17:25,17:20,True,140148.2857142857,0.7638338168348219,6.1642857142857315
2026-05-07,381.2,381.2,379.0,379.15,140686,17:25,17:20,True,140928.57142857142,0.9982787633046123,6.6642857142857315
2026-05-08,369.55,370.0,367.6,369.7,142860,17:25,17:20,True,143648.5,0.9945109068316064,6.860714285714303
2026-05-11,369.0,369.0,366.85,367.55,112427,17:25,17:20,True,146819.0,0.7657523889959746,7.182142857142874
2026-05-12,367.15,367.15,364.0,364.75,189374,17:25,17:20,True,145808.42857142858,1.2987863723339528,6.850000000000015
2026-05-15,369.4,370.8,367.55,368.25,275382,17:25,17:20,True,146476.2857142857,1.880044941453224,6.850000000000018
2026-05-18,361.25,361.25,358.0,360.25,165089,17:25,17:20,True,152917.85714285713,1.0795926851484225,6.910714285714306
2026-05-19,366.95,368.2,366.4,367.9,69403,17:25,17:20,True,144788.5,0.4793405553617863,7.278571428571447
2026-05-20,367.75,367.75,366.3,367.55,81205,17:25,17:20,True,144190.7857142857,0.5631774568515623,7.2392857142857325
2026-05-21,372.7,373.75,372.45,373.45,129229,17:25,17:20,True,138412.85714285713,0.933648814622919,7.278571428571444
2026-05-22,378.5,379.0,378.3,378.85,116857,17:25,17:20,True,136454.7857142857,0.8563789052051255,7.300000000000011
2026-05-25,383.8,385.35,383.8,384.7,131572,17:25,17:20,True,136546.07142857142,0.9635722113676964,7.317857142857155
2026-05-26,387.0,387.05,384.55,384.95,135335,17:25,17:20,True,139696.2142857143,0.9687807267504437,7.471428571428581
2026-05-27,382.7,383.75,382.55,383.45,99445,17:25,17:20,True,134454.7857142857,0.7396166634880446,6.996428571428579
2026-05-28,379.4,379.8,377.75,379.1,107185,17:25,17:20,True,135422.42857142858,0.791486322691852,6.91071428571429
2026-05-29,378.0,378.8,377.95,378.55,68582,17:25,17:20,True,135432.07142857142,0.5063940858068542,6.5071428571428624
2026-06-01,380.5,380.7,378.65,379.3,135036,17:25,17:20,True,130281.78571428571,1.0364917801797753,6.221428571428577
2026-06-02,382.25,384.25,382.25,384.1,118607,17:25,17:20,True,129722.92857142857,0.9143102249244407,6.028571428571431
2026-06-03,381.6,382.35,380.9,382.15,95984,17:25,17:20,True,130164.35714285714,0.7374061694527962,6.046428571428578
2026-06-04,378.6,379.3,377.9,379.2,66021,17:25,17:20,True,123493.64285714286,0.5346105149426431,6.07857142857143
2026-06-05,380.0,380.6,377.85,378.05,81066,17:25,17:20,True,108539.28571428571,0.7468816425915568,5.907142857142857
2026-06-08,375.95,375.95,373.3,374.85,199751,17:25,17:20,True,102537.64285714286,1.948074818516127,5.539285714285711
2026-06-09,380.15,381.15,379.1,381.15,75866,17:25,17:20,True,111848.21428571429,0.6782942444320268,5.899999999999993
2026-06-10,377.65,378.4,376.75,377.5,110448,17:25,17:20,True,111466.85714285714,0.990859550821,5.621428571428567
2026-06-11,375.55,376.6,374.95,376.6,67386,17:25,17:20,True,110125.35714285714,0.6119026693605664,5.824999999999997
2026-06-12,380.75,382.45,380.65,382.3,114072,17:25,17:20,True,106591.71428571429,1.0701769904388172,5.760714285714284
2026-06-15,385.15,388.85,385.15,387.9,261755,17:25,17:20,True,105341.71428571429,2.4848181157376263,5.867857142857141
2026-06-16,384.0,384.425,383.6,384.4,48999,17:25,17:20,True,114371.71428571429,0.4284188648042348,6.174999999999999
2026-06-17,383.65,383.7,382.3,382.55,113834,17:25,17:20,True,110768.42857142857,1.0276754980467617,6.1214285714285745
2026-06-18,387.5,390.3,387.5,390.3,135262,17:25,17:20,True,111243.35714285714,1.2159108055890335,6.092857142857143
2026-06-22,390.9,390.9,389.05,389.2,162399,17:25,17:20,True,116006.21428571429,1.3999163837897846,6.260714285714284
2026-06-23,390.75,390.9,387.9,388.45,141846,17:25,17:20,True,117960.71428571429,1.2024850888613037,6.267857142857143
2026-06-24,388.5,390.5,388.5,390.5,105630,17:25,17:20,True,119620.64285714286,0.8830415677179465,6.360714285714282
2026-06-25,393.05,395.1,393.05,394.05,109203,17:25,17:20,True,120309.64285714286,0.9076828540640668,6.239285714285712
2026-06-26,395.5,396.0,394.65,394.7,165062,17:25,17:20,True,123394.07142857143,1.3376817710042794,6.34285714285714
2026-06-29,394.35,395.8,394.35,395.8,99381,17:25,17:20,True,129393.78571428571,0.76805079510884,6.410714285714282
