date,ticker,direction,entry_price,stop_price,exit_price,exit_type,atr_multiplier,shares,gross_pnl,costs,net_pnl,capital_after
2018-01-02,SEB_5_MIN,long,96.8,96.03671147880041,96.03671147880041,stop,0.5,1310.1205798672304,-999.9999999999999,151.58360655737746,-1151.5836065573774,98848.41639344262
2018-01-02,SANDVIK_min,long,144.2,143.05714285714285,143.7,eod,0.5,864.923643442626,-432.461821721313,149.40691016827918,-581.8687318895923,98266.54766155302
2018-01-02,GETINGE_5_min,short,117.5,118.77562900689489,117.45,eod,0.5,770.3379833040293,38.51689916519928,108.594545506369,-70.07764634116973,98196.47001521185
2018-01-02,VOLVO_5_MIN,long,153.0,151.5001403771466,154.4,eod,0.5,654.7044037921294,916.5861653089848,120.75368023542033,795.8324850735645,98992.30250028541
2018-01-03,ABB_5_min,long,221.6,220.16949196307533,220.16949196307533,stop,0.5,692.008013552312,-989.923025002854,183.42481714882908,-1173.3478421516832,97818.95465813373
2018-01-03,INVESTOR_5_MIN,long,94.225,93.669200458994,94.575,eod,0.5,1759.968251882354,615.9888881588389,199.36920357323302,416.6196845856059,98235.57434271934
2018-01-03,SEB_5_MIN,short,96.36,97.05349135634361,96.5,eod,0.5,1416.5363914650604,-198.31509480510925,163.9159250747709,-362.23101987988014,97873.34332283946
2018-01-04,HUSQVARNA_5_min,long,78.8,78.22785714285713,79.2,eod,0.5,1710.6452016476087,684.2580806590532,162.16916511619328,522.0889155428599,98395.43223838232
2018-01-04,KINNEVIK_5_min,long,138.32089183,137.32000444600908,139.63591443,eod,0.5,983.0819511985728,1292.7749834782403,163.95259166820267,1128.8223918100375,99524.25463019236
2018-01-04,NORDEA_5_min,long,100.15,99.43785874839446,101.1,eod,0.5,1397.5353120720345,1327.658546468417,168.75238893269812,1158.9061575357189,100683.16078772808
2018-01-04,SANDVIK_min,long,148.15,147.00815783760314,149.3,eod,0.5,881.7607555879835,1014.024868926186,157.36784204978738,856.6570268763985,101539.81781460448
2018-01-04,SEB_5_MIN,long,97.22,96.53207544256897,98.14,eod,0.5,1476.0312990394214,1357.9487951162703,173.0144847482048,1184.9343103680656,102724.75212497254
2018-01-04,SKF_5_min,long,187.75,186.44181198598844,187.2,eod,0.5,785.2445598394281,-431.8845079116944,176.65646862707615,-608.5409765387706,102116.21114843377
2018-01-04,ASSA_5_min,short,171.05,172.0839009546042,172.0839009546042,stop,0.5,987.6788554424758,-1021.1621114843376,203.34365913501318,-1224.5057706193509,100891.70537781442
2018-01-04,ABB_5_min,long,222.3,220.84285714285716,222.9,eod,0.5,692.3940565144135,415.4364339086442,184.95230037613013,230.48413353251405,101122.18951134694
2018-01-04,HEXAGON_5_min,long,59.485655,59.05667180381182,59.05667180381182,stop,0.5,2357.252927617871,-1011.2218951134695,167.6605481429519,-1178.8824432564213,99943.30706809052
2018-01-04,ALFA_LAVAL_5_MIN,long,199.25,197.70671215027687,198.8,eod,0.5,647.5999087663439,-291.4199589448474,154.6662862106659,-446.0862451555133,99497.220822935
2018-01-08,ASSA_5_min,short,173.65,174.69700840215293,172.1,eod,0.5,950.3001181112055,1472.9651830723794,197.13975950216957,1275.8254235702098,100773.04624650521
2018-01-08,HM_5_min,long,163.86,160.93857596648925,163.1,eod,0.5,344.9449483901291,-262.1581607765048,67.66992019538198,-329.8280809718868,100443.21816553333
2018-01-08,INVESTOR_5_MIN,long,98.45,97.7916299179733,98.325,eod,0.5,1525.6346074586486,-190.70432593233107,180.12404992960535,-370.8283758619364,100072.38978967139
2018-01-08,KINNEVIK_5_min,long,142.3633687,141.37192691607706,141.37192691607706,stop,0.5,1009.3622380298006,-1000.7238978967139,171.83501579465434,-1172.5589136913682,98899.83087598003
2018-01-08,NORDEA_5_min,short,101.0,101.7682142857143,100.35,eod,0.5,1287.399007218695,836.8093546921591,155.53067406209053,681.2786806300686,99581.1095566101
2018-01-08,SANDVIK_min,long,152.5,151.34171784893806,151.34171784893806,stop,0.5,859.7310203331015,-995.8110955661009,156.7332900636179,-1152.5443856297188,98428.56517098038
2018-01-08,SEB_5_MIN,short,99.18,99.90714285714286,99.36,eod,0.5,1353.6344915459097,-243.65420847825374,161.25035517091496,-404.9045636491687,98023.66060733121
2018-01-08,SWEDBANK_5_MIN,short,200.4,201.83499821873886,200.1,eod,0.5,683.0925594700675,204.92776784102801,164.1471420406572,40.780625800370814,98064.44123313158
2018-01-08,ATLAS_5_min,long,82.72500007,82.05572712308123,83.40000018,eod,0.5,1465.2383856930971,989.0360715190826,146.0476363137452,842.9884352053374,98907.42966833692
2018-01-08,ABB_5_min,long,225.8,224.39937970757643,226.0,eod,0.5,706.1687611079168,141.23375222157534,191.42822776113408,-50.19447553955874,98857.23519279737
2018-01-08,BOLIDEN_5_min,long,259.724885,257.5806623402601,259.548681,eod,0.5,461.0399705634637,-81.2370869731573,143.64352174981488,-224.88060872297217,98632.35458407439
2018-01-08,HUSQVARNA_5_min,long,80.76,80.21141315136477,80.5,eod,0.5,1797.9350913980093,-467.4631237634916,173.96100770330577,-641.4241314667973,97990.93045260759
2018-01-08,HEXAGON_5_min,long,61.385653,60.95004378351236,61.599938,eod,0.5,2249.5146278749417,482.0372420341905,165.99473158340686,316.04251045078365,98306.97296305838
2018-01-09,ABB_5_min,short,224.5,225.95163160904931,225.95163160904931,stop,0.5,677.2170869676804,-983.0697296305838,183.0321250668714,-1166.101854697455,97140.87110836092
2018-01-09,ASSA_5_min,long,174.7,173.59936998854525,176.7,eod,0.5,882.593333794038,1765.186667588076,186.08597849713493,1579.1006890909412,98719.97179745187
2018-01-09,ATLAS_5_min,short,83.27500008,83.98171859380373,83.32500023,eod,0.5,1396.8782459952304,-69.84412183150187,139.63194972950257,-209.47607156100443,98510.49572589087
2018-01-09,HM_5_min,short,159.9,162.8178102737158,162.8178102737158,stop,0.5,337.61789316218716,-985.1049572589087,65.37318431431581,-1050.4781415732245,97460.01758431764
2018-01-09,SANDVIK_min,long,153.0,151.76486050750034,152.65,eod,0.5,789.060816014227,-276.17128560497497,144.7058630488491,-420.87714865382407,97039.14043566382
2018-01-09,SEB_5_MIN,long,99.54,98.79839167169585,101.5,eod,0.5,1308.4958290256084,2564.6518248901843,157.83600088038497,2406.815824009799,99445.95625967362
2018-01-09,SKF_5_min,long,188.25,186.92111747469366,189.2,eod,0.5,748.3427192840002,710.9255833197916,169.4771756362475,541.4484076835441,99987.40466735717
2018-01-10,ERICSSON_5_MIN,short,55.56,56.137310210461486,55.34,eod,0.5,1731.9528193937606,381.0296202666254,115.24414060246083,265.78547966416454,100253.19014702133
2018-01-10,HANDELSBANKEN_5_min,short,118.2,119.12500000000001,119.12500000000001,stop,0.5,1083.8182718596768,-1002.5319014702134,154.33030282145867,-1156.862204291672,99096.32794272967
2018-01-10,KINNEVIK_5_min,short,141.29186831,142.37231514958583,139.83073254,eod,0.5,917.1791180463592,1340.1232168745867,154.703867466301,1185.4193494082856,100281.74729213795
2018-01-10,NORDEA_5_min,short,101.25,102.02522871217452,102.02522871217452,stop,0.5,1293.5762790679757,-1002.8174729213796,157.77120839051187,-1160.5886813118914,99121.15861082607
2018-01-10,INVESTOR_5_MIN,short,98.125,98.78798270514402,98.475,eod,0.5,1495.0790999788499,-523.277684992589,176.3595306335051,-699.6372156260941,98421.52139519998
2018-01-10,SWEDBANK_5_MIN,short,204.2,205.68921069160444,205.1,eod,0.5,660.8972252889346,-594.8075027600448,162.30314058645655,-757.1106433465013,97664.41075185347
2018-01-11,BOLIDEN_5_min,long,265.363417,263.17659796428575,263.17659796428575,stop,0.5,446.6049049182225,-976.6441075185347,141.62913787716042,-1118.273245395695,96546.13750645777
2018-01-11,HEXAGON_5_min,short,63.571365,64.08219371941227,64.08219371941227,stop,0.5,1889.9903986905329,-965.4613750645777,144.75840020302041,-1110.2197752675982,95435.91773119017
2018-01-11,SWEDBANK_5_MIN,short,205.1,206.62618989800873,205.8,eod,0.5,625.3213827172361,-437.72496790207595,154.16673369510738,-591.8917015971833,94844.02602959299
2018-01-11,ALFA_LAVAL_5_MIN,short,203.5,204.99202946734792,204.3,eod,0.5,635.6712659179457,-508.53701273436377,155.53604534480294,-664.0730580791667,94179.95297151382
2018-01-11,KINNEVIK_5_min,long,140.707414,139.60248210844284,140.61000495,eod,0.5,852.359803270661,-83.02755869479068,143.87019592369927,-226.89775461848996,93953.05521689533
2018-01-12,ATLAS_5_min,short,83.525,84.14642856500001,83.67500018,eod,0.5,1511.888260509798,-226.78351121634475,151.67263045762687,-378.4561416739716,93574.59907522135
2018-01-12,ERICSSON_5_MIN,short,55.9,56.46615844910363,56.46615844910363,stop,0.5,1652.7987743249776,-935.7459907522135,111.43118937617082,-1047.1771801283844,92527.42189509296
2018-01-12,HANDELSBANKEN_5_min,short,119.4,120.33928571428572,118.2,eod,0.5,985.0828186549796,1182.0993823859783,140.43340662745388,1041.6659757585244,93569.0878708515
2018-01-12,SANDVIK_min,short,154.5,155.59786821705424,153.75,eod,0.5,852.2797765465198,639.2098324098898,157.62914467227884,481.580687737611,94050.66855858911
2018-01-12,VOLVO_5_MIN,short,158.5,160.04286051107022,158.2,eod,0.5,609.5863357948683,182.87590073846744,115.83359552774087,67.04230521072657,94117.71086379983
2018-01-15,ASSA_5_min,short,176.9,178.0825915544083,177.5,eod,0.5,795.859825930268,-477.5158955581563,169.2316333858122,-646.7475289439685,93470.96333485586
2018-01-15,HANDELSBANKEN_5_min,short,118.2,119.15357142857144,116.4,eod,0.5,980.2198402157089,1764.3957123882733,137.9757447087632,1626.4199676795101,95097.38330253537
2018-01-15,NORDEA_5_min,short,101.5,102.29857142857144,101.05,eod,0.5,1190.8437980639394,535.8797091287761,144.72324677871055,391.15646235006557,95488.53976488543
2018-01-15,ATLAS_5_min,long,83.3750001,82.76373596114507,83.82500008,eod,0.5,1562.1485654918974,702.9668232283844,156.71474425885916,546.2520789695253,96034.79184385495
2018-01-15,SANDVIK_min,long,153.6,152.50536530745543,155.65,eod,0.5,877.3227497532986,1798.511636994272,162.78723621672452,1635.7244007775475,97670.5162446325
2018-01-15,SWEDBANK_5_MIN,short,201.0,202.55885685955099,202.55885685955099,stop,0.5,626.552179221674,-976.705162446325,151.71040872573553,-1128.4155711720605,96542.10067346043
2018-01-15,SKF_5_min,long,190.6,189.3143851551653,193.0,eod,0.5,750.9410852040504,1802.2586044897253,172.83660017056425,1629.422004319161,98171.52267777959
2018-01-15,BOLIDEN_5_min,long,261.398824,259.3361450908646,259.3361450908646,stop,0.5,475.94185523974517,-981.7152267777959,148.70374036639046,-1130.4189671441864,97041.1037106354
2018-01-16,ATLAS_5_min,long,84.10000009,83.49196438321428,83.49196438321428,stop,0.5,1595.977055749376,-970.4110371063541,160.4837580163287,-1130.8947951226828,95910.20891551272
2018-01-16,NORDEA_5_min,long,101.1,100.30946428571428,101.5,eod,0.5,1213.2305622924648,485.29222491699284,147.480307152272,337.8119177647209,96248.02083327743
2018-01-16,SKF_5_min,long,193.95,192.5625,194.25,eod,0.5,693.6794294290323,208.10382882871758,161.5718127026102,46.53201612610738,96294.55284940354
2018-01-16,BOLIDEN_5_min,short,257.258027,259.34986115730896,256.024598,eod,0.5,460.3355027593712,567.7911588329889,141.76932914221487,426.02182969077404,96720.57467909431
2018-01-16,ERICSSON_5_MIN,long,56.58,56.00232839381412,56.00232839381412,stop,0.5,1674.3176165035882,-967.2057467909432,113.09914544205304,-1080.3048922329963,95640.26978686132
2018-01-17,ATLAS_5_min,short,83.20000013,83.80053209218416,83.80053209218416,stop,0.5,1592.5924981414034,-956.4026978686134,159.57827688160333,-1115.9809747502168,94524.2888121111
2018-01-17,GETINGE_5_min,short,115.95,116.8978055726601,115.4,eod,0.5,997.2961917370902,548.5129054553968,138.43468437502548,410.0782210803713,94934.36703319148
2018-01-17,INVESTOR_5_MIN,short,97.075,97.66130515719802,97.66130515719802,stop,0.5,1619.1972024753893,-949.3436703319147,189.18988831855725,-1138.533558650472,93795.83347454101
2018-01-17,NORDEA_5_min,short,101.15,101.89399571428572,101.89399571428572,stop,0.5,1260.7039486052815,-937.95833474541,153.58702028255632,-1091.5453550279663,92704.28811951305
2018-01-17,SEB_5_MIN,short,100.2,100.92427716849453,100.92427716849453,stop,0.5,1279.9559637121704,-927.0428811951305,154.45813080546844,-1081.5010120005988,91622.78710751244
2018-01-17,SWEDBANK_5_MIN,short,195.65,197.4240932311622,197.4240932311622,stop,0.5,516.4485467738971,-916.2278710751244,121.80152653422063,-1038.029397609345,90584.7577099031
2018-01-17,ERICSSON_5_MIN,long,56.08,55.52424900321544,57.68,eod,0.5,1629.9522310172072,2607.9235696275337,111.25401948031049,2496.669550147223,93081.42726005033
2018-01-18,ALFA_LAVAL_5_MIN,short,207.2,208.55357142857144,207.0,eod,0.5,687.6728135307009,137.53456270613236,170.90044761864976,-33.3658849125174,93048.06137513781
2018-01-18,ERICSSON_5_MIN,long,58.64,58.03551272584754,58.58,eod,0.5,1539.289003322667,-92.35734019936352,108.26127418168979,-200.6186143810533,92847.44276075676
2018-01-18,SWEDBANK_5_MIN,long,201.2,199.38296401852512,200.1,eod,0.5,510.9829618530352,-562.0812580383358,123.0344775549738,-685.1157355933096,92162.32702516345
2018-01-19,ATLAS_5_min,long,83.85000016,83.26946993279681,84.22500019,eod,0.5,1587.5543202836002,595.3329177329949,160.09691576238603,435.23600197060887,92597.56302713406
2018-01-19,ESSITY_5_min,long,233.3,231.15357142857144,234.1,eod,0.5,431.4029558668474,345.12236469347056,120.98264494329867,224.13971975017188,92821.70274688423
2018-01-19,HANDELSBANKEN_5_min,short,117.4,118.31986151603498,116.6,eod,0.5,1009.0834449405907,807.266755952484,141.67531566965891,665.591440282825,93487.29418716705
2018-01-19,SEB_5_MIN,short,99.62,100.32772278502749,99.92,eod,0.5,1320.9592253488966,-396.2877676046652,158.1505222956713,-554.4382899003365,92932.85589726671
2018-01-19,NORDEA_5_min,short,100.4,101.11756629934679,100.1,eod,0.5,1295.1117685134504,388.53353055404983,155.80194575216808,232.73158480188175,93165.58748206859
2018-01-19,HEXAGON_5_min,long,66.814219,66.12287877980039,67.457075,eod,0.5,1347.6083809382515,866.3181333364527,108.56707266829437,757.7510606681583,93923.33854273675
2018-01-22,HUSQVARNA_5_min,long,82.36,81.72035714285714,82.24,eod,0.5,1468.3715685073237,-176.2045882208855,145.01637610578328,-321.22096432666876,93602.11757841008
2018-01-22,SEB_5_MIN,long,100.0,99.2467857142857,102.3,eod,0.5,1242.7023670912552,2858.2154443098834,150.83921331753652,2707.376230992347,96309.49380940243
2018-01-22,VOLVO_5_MIN,short,165.0,166.38529449950232,164.65,eod,0.5,695.227576836567,243.3296518927945,137.50906242250457,105.82058947028992,96415.31439887271
2018-01-23,ERICSSON_5_MIN,short,57.12,57.73618857142857,57.12,eod,0.5,1564.7046840765518,0.0,107.25111786534315,-107.25111786534315,96308.06328100737
2018-01-23,INVESTOR_5_MIN,long,99.3,98.69984890455804,99.6,eod,0.5,1604.7302756330876,481.4190826899217,191.50851109405264,289.9105715958691,96597.97385260325
2018-01-23,HANDELSBANKEN_5_min,short,118.8,119.79285714285714,118.2,eod,0.5,972.9292330477981,583.7575398286733,138.35053693939687,445.40700288927644,97043.38085549252
2018-01-23,HUSQVARNA_5_min,short,81.74,82.33370464783322,81.72,eod,0.5,1634.5396858465099,32.69079371692369,160.3091142290823,-127.6183205121586,96915.76253498036
2018-01-23,VOLVO_5_MIN,long,167.35,166.02719537500536,166.02719537500536,stop,0.5,732.6536413899646,-969.1576253498035,146.55000968872278,-1115.7076350385264,95800.05489994182
2018-01-23,NORDEA_5_min,long,101.75,101.03495593655482,101.03495593655482,stop,0.5,1339.7783409090132,-958.0005489994182,163.01213509559085,-1121.012684095009,94679.04221584681
2018-01-24,ASSA_5_min,short,179.5,180.7646623340488,177.45,eod,0.5,748.6507636606249,1534.7340655042894,160.338534053196,1374.3955314510933,96053.43774729791
2018-01-24,BOLIDEN_5_min,long,252.852924,250.7699394285714,253.910149,eod,0.5,461.1336976030529,487.52207344838223,140.21131779670546,347.3107556516768,96400.74850294959
2018-01-24,HUSQVARNA_5_min,long,81.98,81.33405448326411,81.7,eod,0.5,1492.397516590628,-417.8713046453775,146.56537530933238,-564.4366799547099,95836.31182299487
2018-01-24,INVESTOR_5_MIN,long,100.425,99.79875280618607,100.15,eod,0.5,1530.327205769014,-420.8399815864658,184.167227578272,-605.0072091647378,95231.30461383014
2018-01-24,SKF_5_min,short,198.0,199.5492175668854,198.15,eod,0.5,614.7058144020806,-92.20587216031558,146.1094250252305,-238.3152971855461,94992.9893166446
2018-01-24,HEXAGON_5_min,short,66.328505,67.02053025862647,66.857076,eod,0.5,1372.6809553915427,-725.5593452722624,109.69278634287463,-835.2521316151369,94157.73718502946
2018-01-24,VOLVO_5_MIN,short,166.25,167.51212041491283,164.7,eod,0.5,746.0281608037587,1156.3436492458345,148.13881189080234,1008.2048373550322,95165.9420223845
2018-01-24,ATLAS_5_min,short,83.75000013,84.34143475669036,83.05000023,eod,0.5,1609.0695019824745,1126.348490480796,161.03567610596505,965.312814374831,96131.25483675933
2018-01-24,GETINGE_5_min,short,115.6,116.61434729064038,116.1,eod,0.5,947.7154000782991,-473.85770003914956,131.75139491888513,-605.6090949580347,95525.64574180129
2018-01-25,HANDELSBANKEN_5_min,short,116.6,117.52142857142857,115.6,eod,0.5,1036.7124344071385,1036.7124344071385,144.4347763616025,892.277658045536,96417.92339984683
2018-01-25,HEXAGON_5_min,short,66.042791,66.75823425846909,66.142791,eod,0.5,1347.6669499432003,-134.76669499433152,106.88528407224408,-241.6519790665756,96176.27142078025
2018-01-25,INVESTOR_5_MIN,short,99.475,100.08227261725473,97.125,eod,0.5,1583.7412833721864,3721.792015924629,186.81812178658308,3534.973894138046,99711.2453149183
2018-01-25,NORDEA_5_min,short,96.6,97.40632608336772,97.40632608336772,stop,0.5,1236.6119287430438,-997.1124531491829,143.9463222517831,-1141.058775400966,98570.18653951734
2018-01-25,SEB_5_MIN,short,99.44,100.25171434309816,98.64,eod,0.5,1214.345753252229,971.4766026017799,144.32256408252093,827.154038519259,99397.3405780366
2018-01-25,SWEDBANK_5_MIN,short,201.8,203.63917454827785,200.0,eod,0.5,540.445389868569,972.8017017634304,130.2905745895146,842.5111271739158,100239.85170521052
2018-01-26,ESSITY_5_min,short,237.7,240.25142466822794,240.25142466822794,stop,0.5,392.87795933567725,-1002.3985170521051,112.66594823113982,-1115.064465283245,99124.78723992727
2018-01-26,INVESTOR_5_MIN,short,97.025,97.64626849194083,96.8,eod,0.5,1595.522524090419,358.9925679203579,185.55129193909525,173.44127598126263,99298.22851590854
2018-01-26,NORDEA_5_min,short,95.94,96.83522299285714,96.83522299285714,stop,0.5,1109.201051673103,-992.9822851590853,128.29588804811644,-1121.2781732072017,98176.95034270134
2018-01-29,ESSITY_5_min,short,239.4,242.03954943679602,238.4,eod,0.5,371.94586687443206,371.94586687443206,106.62944111556219,265.31642575886985,98442.2667684602
2018-01-29,INVESTOR_5_MIN,long,97.9,97.30357142857143,97.8,eod,0.5,1650.5290236627957,-165.05290236629364,193.80511795848548,-358.8580203247791,98083.40874813542
2018-01-30,ERICSSON_5_MIN,short,55.58,56.26660394216954,56.26660394216954,stop,0.5,1428.5296475026073,-980.8340874813542,95.8657138223227,-1076.6998013036768,97006.70894683174
2018-01-30,GETINGE_5_min,short,104.45,105.8118480861244,104.2,eod,0.5,712.3166668530367,178.07916671325918,89.17492352333167,88.90424318992751,97095.61319002167
2018-01-30,HM_5_min,long,157.72,156.53996610292384,156.53996610292384,stop,0.5,822.8205429572953,-970.9561319002169,155.14773356312938,-1126.1038654633462,95969.50932455833
2018-01-30,HANDELSBANKEN_5_min,short,116.0,116.92142857142856,115.6,eod,0.5,1041.5295585611068,416.61182342444863,144.73094745765138,271.88087596679725,96241.39020052513
2018-01-30,SKF_5_min,short,193.3,194.83729748680668,193.25,eod,0.5,626.0427212461107,31.302136062312652,145.19808833861046,-113.8959522762978,96127.49424824883
2018-01-30,ESSITY_5_min,short,236.5,239.0567182606601,236.8,eod,0.5,375.9800042396175,-112.79400127188951,106.77080160396656,-219.56480287585606,95907.92944537297
2018-01-31,ERICSSON_5_MIN,short,51.22,51.91797104378507,51.91797104378507,stop,0.5,1374.0961075586663,-959.0792944537297,85.0328907316581,-1044.112185185388,94863.81726018758
2018-01-31,GETINGE_5_min,short,104.3,105.69999999999999,105.69999999999999,stop,0.5,677.5986947156298,-948.6381726018759,85.37743553416934,-1034.0156081360453,93829.80165205154
2018-01-31,HM_5_min,short,156.74,157.78360811667724,157.78360811667724,stop,0.5,899.0903783960423,-938.2980165205154,169.6710899016671,-1107.9691064221824,92721.83254562935
2018-01-31,KINNEVIK_5_min,long,141.14575514,140.253110347981,140.253110347981,stop,0.5,1038.7315690926523,-927.2183254562934,175.3787310535336,-1102.597056509827,91619.23548911953
2018-01-31,SANDVIK_min,long,155.75,153.97453728295818,155.0,eod,0.5,516.0301853128778,-387.0226389846584,96.21382805158606,-483.23646703624445,91135.99902208328
2018-01-31,SKF_5_min,long,194.6,193.07142857142856,194.6,eod,0.5,596.2168160323164,0.0,139.2285508798665,-139.2285508798665,90996.77047120342
2018-01-31,ESSITY_5_min,long,237.2,234.62142857142854,235.5,eod,0.5,352.89606276920694,-599.9233067076477,100.08838132260246,-700.0116880302502,90296.75878317317
2018-01-31,VOLVO_5_MIN,short,164.25,165.56048640280605,160.9,eod,0.5,689.0323973589294,2308.2585311524094,134.42333040075354,2173.835200751656,92470.59398392482
2018-01-31,SEB_5_MIN,short,100.75,101.54455387976601,99.6,eod,0.5,1163.8052036339725,1338.375984179075,139.9010235288398,1198.474960650235,93669.06894457505
2018-02-01,ABB_5_min,long,220.8,219.51253644314872,219.51253644314872,stop,0.5,727.547342572231,-936.6906894457505,192.20892947427086,-1128.8996189200213,92540.16932565502
2018-02-01,ALFA_LAVAL_5_MIN,long,208.3,206.66350006861535,212.0,eod,0.5,565.4761576882906,2092.261783446669,142.6017774458331,1949.6600060008361,94489.82933165586
2018-02-01,ERICSSON_5_MIN,long,51.68,50.82356631660832,52.08,eod,0.5,1103.2941740153651,441.3176696061445,68.68668209750057,372.6309875086439,94862.4603191645
2018-02-01,GETINGE_5_min,short,106.95,108.4450306932675,108.15,eod,0.5,634.518480097796,-761.422176117357,81.89095504142153,-843.3131311587786,94019.14718800572
2018-02-01,KINNEVIK_5_min,long,141.38927818,140.50563866285714,145.67527727,eod,0.5,1063.9988973332224,4560.298305731214,183.261822277351,4377.036483453863,98396.18367145958
2018-02-01,HANDELSBANKEN_5_min,long,117.8,116.89999999999999,117.8,eod,0.5,1093.2909296828773,0.0,154.5476058199715,-154.5476058199715,98241.63606563961
2018-02-01,HUSQVARNA_5_min,short,82.5,83.23731884057972,83.23731884057972,stop,0.5,1332.4172753865478,-982.4163606563963,132.49876007966205,-1114.9151207360583,97126.72094490356
2018-02-02,ALFA_LAVAL_5_MIN,long,212.7,210.89830588235293,210.89830588235293,stop,0.5,539.0855195317348,-971.2672094490356,137.01342767961054,-1108.280637128646,96018.44030777492
2018-02-02,SKF_5_min,short,187.65,189.73638814913448,181.05,eod,0.5,460.21369680232993,3037.410398895375,101.80847400661142,2935.6019248887633,98954.04223266368
2018-02-02,HANDELSBANKEN_5_min,short,117.8,118.72857142857141,117.2,eod,0.5,1065.6589163517767,639.39534981106,150.2579072056005,489.13744260545946,99443.17967526913
2018-02-02,KINNEVIK_5_min,short,144.70118676,145.81838290623028,143.97061846,eod,0.5,890.1138802780334,650.2889843211404,154.1704684027433,496.1185159183972,99939.29819118752
2018-02-05,HEXAGON_5_min,short,65.61422,66.12482257793351,65.485649,eod,0.5,1957.281504446326,251.6496403081842,153.95960929742174,97.69003101076245,100036.98822219828
2018-02-05,HM_5_min,long,141.86,139.9407142857143,140.64,eod,0.5,521.2198865317387,-635.8882615687354,88.34677076712971,-724.2350323358651,99312.75318986241
2018-02-05,INVESTOR_5_MIN,short,94.0,94.74067745120377,91.225,eod,0.5,1340.8367303265015,3720.8219266560495,149.01389002483575,3571.808036631214,102884.56122649364
2018-02-05,KINNEVIK_5_min,short,141.29186831,142.45515792383958,137.15198321,eod,0.5,884.4277469899496,3661.4292517902754,147.75808095782259,3513.671170832453,106398.2323973261
2018-02-05,SANDVIK_min,short,150.8,152.65709564706998,147.2,eod,0.5,572.928123358621,2062.5412440910486,102.43954845652141,1960.1016956345272,108358.33409296062
2018-02-05,SKF_5_min,long,177.15,174.9240745420727,174.9240745420727,stop,0.5,486.80127048755605,-1083.5833409296063,102.8340640756869,-1186.4174050052932,107171.91668795532
2018-02-05,VOLVO_5_MIN,short,156.0,157.59871126953658,154.2,eod,0.5,670.3644287127681,1206.6559716829902,124.7682274720204,1081.8877442109697,108253.80443216629
2018-02-05,ABB_5_min,short,214.9,216.20000000000002,212.4,eod,0.5,832.7215725551181,2081.8039313877953,213.49315677168116,1868.310774616114,110122.1152067824
2018-02-05,BOLIDEN_5_min,short,242.985493,245.29231733445303,245.29231733445303,stop,0.5,477.37538382129526,-1101.221152067824,139.85508427189865,-1241.0762363397228,108881.03897044268
2018-02-05,HUSQVARNA_5_min,short,84.62,85.4126815539201,84.0,eod,0.5,1373.5785629423,851.6187090242323,138.9676903699984,712.6510186542339,109593.6899890969
2018-02-06,ALFA_LAVAL_5_MIN,long,193.0,190.90030765809178,195.7,eod,0.5,521.9511820931677,1409.2681916515469,121.72945468776857,1287.5387369637783,110881.22872606068
2018-02-06,ASSA_5_min,long,167.95,166.56193906496605,166.56193906496605,stop,0.5,798.8210454417115,-1108.8122872606068,160.32910612596615,-1269.1413933865729,109612.08733267411
2018-02-06,ATLAS_5_min,long,74.95000005,74.14224983015922,75.12500003,eod,0.5,1357.0047353782184,237.47580155108741,122.19149146226788,115.28431008881954,109727.37164276293
2018-02-06,ESSITY_5_min,short,217.9,220.4001293047008,220.4001293047008,stop,0.5,438.88678652120416,-1097.2737164276293,115.41848116942103,-1212.6921975970504,108514.67944516588
2018-02-06,HM_5_min,long,137.6,135.5855371470251,135.5855371470251,stop,0.5,538.6779869627006,-1085.1467944516587,88.29542113061012,-1173.4422155822688,107341.23722958361
2018-02-06,KINNEVIK_5_min,long,131.9405969,130.56665101597957,135.59343756,eod,0.5,781.2624825912543,2853.8273625418833,125.40858236392427,2728.418780177959,110069.65600976157
2018-02-06,NORDEA_5_min,long,92.52,91.5858034123552,91.84,eod,0.5,1178.2279818347317,-801.1950276476089,130.33086643863066,-931.5258940862395,109138.13011567533
2018-02-06,SANDVIK_min,long,144.2,142.70326479861112,142.70326479861112,stop,0.5,729.1746062657058,-1091.3813011567534,125.52154508752365,-1216.902846244277,107921.22726943105
2018-02-06,SEB_5_MIN,long,93.92,92.92228162195084,93.64,eod,0.5,1081.6802581150191,-302.8704722722066,121.72796952723178,-424.5984417994384,107496.62882763162
2018-02-06,SKF_5_min,long,169.5,167.1379798150416,172.05,eod,0.5,455.1046155836514,1160.5167697383163,93.26458887155768,1067.2521808667586,108563.88100849837
2018-02-06,SWEDBANK_5_MIN,long,193.0,191.34940801253524,195.2,eod,0.5,657.7269357477473,1446.9992586450367,153.1977578743653,1293.8015007706713,109857.68250926904
2018-02-06,VOLVO_5_MIN,long,150.05,148.37622797619048,152.15,eod,0.5,656.3479431280676,1378.3306805689383,119.00900904798121,1259.3216715209571,111117.00418079
2018-02-06,GETINGE_5_min,short,101.9,103.47981731644153,103.47981731644153,stop,0.5,703.3535018534732,-1111.1700418079,86.67276823172743,-1197.8428100396272,109919.16137075037
2018-02-07,ABB_5_min,short,207.5,209.09971668956044,209.09971668956044,stop,0.5,687.1164256025447,-1099.1916137075038,171.7515049432581,-1270.943118650762,108648.21825209961
2018-02-07,ALFA_LAVAL_5_MIN,short,196.4,198.66639997103758,198.66639997103758,stop,0.5,479.38677921161366,-1086.482182520996,113.63376543410568,-1200.1159479551018,107448.10230414452
2018-02-07,ASSA_5_min,short,175.95,177.7344574468085,175.65,eod,0.5,602.1331721656591,180.63995164968745,127.02601400006742,53.61393764962003,107501.71624179413
2018-02-07,BOLIDEN_5_min,short,242.544983,245.2627586824205,241.487758,eod,0.5,395.5503647234468,418.18573434474143,114.87559634438378,303.31013800035765,107805.0263797945
2018-02-07,GETINGE_5_min,short,102.55,104.21040451895044,104.21040451895044,stop,0.5,649.2696517589524,-1078.050263797945,80.54595350373543,-1158.5962173016806,106646.43016249282
2018-02-07,INVESTOR_5_MIN,short,90.575,91.51043445331865,91.51043445331865,stop,0.5,1140.0737890735404,-1066.464301624928,124.55449871537805,-1191.0188003403061,105455.41136215252
2018-02-07,KINNEVIK_5_min,short,136.32400586,137.8204730887667,137.8204730887667,stop,0.5,704.695761691102,-1054.5541136215252,115.91307144372685,-1170.4671850652521,104284.94417708727
2018-02-07,SANDVIK_min,short,146.1,147.7254837876132,147.7254837876132,stop,0.5,641.5624995572244,-1042.8494417708728,113.1044470874351,-1155.953888858308,103128.99028822896
2018-02-07,SKF_5_min,short,172.45,174.93315183732454,173.95,eod,0.5,415.3148782047261,-622.9723173070892,86.31904428607024,-709.2913615931594,102419.6989266358
2018-02-07,HEXAGON_5_min,long,69.114217,68.54605252809287,71.399929,eod,0.5,1802.6417347577121,4120.3198448365265,151.97799834206305,3968.3418464944634,106388.04077313027
2018-02-07,ESSITY_5_min,short,218.3,221.0376500326158,221.0376500326158,stop,0.5,388.61081403994456,-1063.8804077313027,102.43881709054266,-1166.3192248218454,105221.72154830843
2018-02-07,NORDEA_5_min,short,92.54,93.53092582024527,93.53092582024527,stop,0.5,1061.8526573690933,-1052.2172154830844,118.54794422481292,-1170.7651597078973,104050.95638860053
2018-02-07,SWEDBANK_5_MIN,short,196.65,198.5273872819368,198.5273872819368,stop,0.5,554.2327754625951,-1040.5095638860053,131.41215609199477,-1171.921719978,102879.03466862254
2018-02-07,HANDELSBANKEN_5_min,short,110.6,111.71227436823104,111.71227436823104,stop,0.5,924.9429601820377,-1028.7903466862253,123.37570388337177,-1152.166050569597,101726.86861805295
2018-02-07,HUSQVARNA_5_min,long,83.46,82.49843303571429,84.16,eod,0.5,1057.9280736170033,740.5496515319053,106.39794221980925,634.151709312096,102361.02032736504
2018-02-08,ABB_5_min,short,207.4,209.12085137085137,199.75,eod,0.5,594.8277815342273,4550.432528736842,145.31047875099637,4405.1220499858455,106766.14237735089
2018-02-08,ASSA_5_min,short,174.05,175.88571428571427,170.1,eod,0.5,581.6054448571723,2297.3415071858403,120.09570830855749,2177.245798877283,108943.38817622817
2018-02-08,ESSITY_5_min,long,222.2,219.37142857142857,219.9,eod,0.5,385.1533925422217,-885.8528028471034,102.16578890574972,-988.0185917528531,107955.36958447531
2018-02-08,KINNEVIK_5_min,short,139.7820276,141.40667189357143,141.40667189357143,stop,0.5,664.4861894486352,-1079.553695844753,112.10760446550037,-1191.6613003102534,106763.70828416506
2018-02-08,SKF_5_min,short,171.85,174.3670345628812,170.65,eod,0.5,424.1646493799213,508.99757925590075,87.16583544757381,421.8317438083269,107185.54002797339
2018-02-08,SWEDBANK_5_MIN,long,202.7,200.7157916255122,200.7157916255122,stop,0.5,540.1929626249182,-1071.8554002797339,130.75342298871723,-1202.608823268451,105982.93120470493
2018-02-08,SANDVIK_min,short,148.9,150.66907238430247,146.5,eod,0.5,599.087590452064,1437.810217084957,106.18228453172382,1331.6279325532332,107314.55913725817
2018-02-08,BOLIDEN_5_min,short,240.871043,243.60636884438532,239.109002,eod,0.5,392.3282462216981,691.2984553007202,112.98583756575705,578.3126177349632,107892.87175499313
2018-02-08,GETINGE_5_min,short,102.55,104.20735222868218,102.3,eod,0.5,650.9954244354096,162.7488561088524,80.01384761735619,82.73500849149622,107975.60676348463
2018-02-09,ABB_5_min,short,197.35,199.43571428571428,199.43571428571428,stop,0.5,517.6912653043776,-1079.7560676348464,123.2474990899636,-1203.00356672481,106772.60319675981
2018-02-09,ATLAS_5_min,long,75.67500003,74.67055356470883,74.67055356470883,stop,0.5,1062.9994418448898,-1067.7260319675981,95.89034373302188,-1163.61637570062,105608.9868210592
2018-02-09,BOLIDEN_5_min,long,240.254329,237.29520511096885,237.29520511096885,stop,0.5,356.8927519815209,-1056.089868210592,102.26038046181412,-1158.350248672406,104450.6365723868
2018-02-09,GETINGE_5_min,long,102.4,100.74873373443404,100.74873373443404,stop,0.5,632.5487218536904,-1044.506365723868,77.10088312194715,-1121.607248845815,103329.02932354098
2018-02-09,NORDEA_5_min,short,93.48,94.57572362654932,92.52,eod,0.5,943.0209116595192,905.300075193146,105.24113374120235,800.0589414519436,104129.08826499293
2018-02-09,SKF_5_min,long,171.2,168.66982733391862,168.66982733391862,stop,0.5,411.5493367741731,-1041.2908826499292,83.92392121729615,-1125.2148038672253,103003.8734611257
2018-02-09,ASSA_5_min,short,169.2,171.19822852081487,166.55,eod,0.5,515.4759447589146,1366.011253611112,103.84262907168332,1262.1686245394285,104266.04208566512
2018-02-09,KINNEVIK_5_min,short,133.40173349,135.10094266878107,135.10094266878107,stop,0.5,613.6151062958605,-1042.6604208566512,98.85437890313607,-1141.5147997597871,103124.52728590534
2018-02-09,ESSITY_5_min,long,219.4,216.51748712264458,223.9,eod,0.5,357.7591208560964,1609.9160438524336,95.1567709653045,1514.759272887129,104639.28655879246
2018-02-09,ALFA_LAVAL_5_MIN,long,197.45,194.86392793739356,194.86392793739356,stop,0.5,404.6263368752737,-1046.3928655879247,95.24432853987459,-1141.6371941277994,103497.64936466466
2018-02-09,INVESTOR_5_MIN,long,89.5,88.39068809723722,88.39068809723722,stop,0.5,932.989622728286,-1034.9764936466465,99.58209958482992,-1134.5585932314764,102363.09077143318
2018-02-09,VOLVO_5_MIN,long,152.1,150.20260576333538,150.20260576333538,stop,0.5,539.4929993640918,-1023.6309077143319,97.85408369930542,-1121.4849914136373,101241.60578001954
2018-02-09,HUSQVARNA_5_min,long,84.22,83.22934538015684,84.28,eod,0.5,1021.9667253562953,61.31800352138004,103.32083593352147,-42.00283241214142,101199.6029476074
2018-02-12,ALFA_LAVAL_5_MIN,long,196.7,193.97799134419552,196.8,eod,0.5,371.7828109466408,37.178281094672535,87.77792166450187,-50.59964056982934,101149.00330703758
2018-02-12,BOLIDEN_5_min,long,243.249799,240.17750827065365,242.985493,eod,0.5,329.2299206610493,-87.01744341024087,96.04992396465728,-183.06736737489814,100965.93593966268
2018-02-12,ESSITY_5_min,short,222.3,225.28525702733924,225.28525702733924,stop,0.5,338.2152190414705,-1009.6593593966269,90.82808744714066,-1100.4874468437674,99865.44849281892
2018-02-12,KINNEVIK_5_min,long,135.8369606,133.98593645775426,138.75923297,eod,0.5,539.5145650107961,1576.6085065436191,88.88918755652334,1487.7193189870957,101353.16781180601
2018-02-12,SWEDBANK_5_MIN,long,199.8,197.6587190915622,200.2,eod,0.5,473.3296197263032,189.33184789051052,113.59910873431276,75.73273915619775,101428.90055096221
2018-02-13,BOLIDEN_5_min,long,241.223452,238.1049978926237,241.311554,eod,0.5,325.25378619824653,28.655509071635358,94.16780260481616,-65.51229353318081,101363.38825742903
2018-02-13,HUSQVARNA_5_min,long,84.64,83.61451536643027,84.54,eod,0.5,988.4437556570797,-98.84437556570235,100.33494874923885,-199.1793243149412,101164.20893311409
2018-02-13,KINNEVIK_5_min,long,139.34368728,137.29687617100382,138.66182392,eod,0.5,494.2527841893893,-337.012864116743,82.44299875835665,-419.4558628750997,100744.75307023899
2018-02-14,BOLIDEN_5_min,short,247.302494,250.42344616528803,250.42344616528803,stop,0.5,322.80133669059717,-1007.44753070239,96.39995927456347,-1103.8474899769535,99640.90558026204
2018-02-14,HM_5_min,short,143.0,145.21392151567943,145.21392151567943,stop,0.5,450.06521177279956,-996.4090558026204,77.82903577369397,-1074.2380915763144,98566.66748868572
2018-02-14,HEXAGON_5_min,short,69.542788,70.38335269306748,69.79993,eod,0.5,1172.624407158785,-301.53098530562636,98.03800325198624,-399.5689885576126,98167.09850012811
2018-02-15,ABB_5_min,long,200.7,198.31607142857143,201.8,eod,0.5,411.7870798507275,452.9657878358096,99.44657978395067,353.5192080518589,98520.61770817997
2018-02-15,SWEDBANK_5_MIN,long,205.5,203.27170590217315,205.2,eod,0.5,442.13471553985,-132.64041466196002,108.95083660332983,-241.59125126528986,98279.02645691468
2018-02-16,ASSA_5_min,long,175.7,173.4360644058136,177.6,eod,0.5,434.10698921509714,824.8032795086871,92.02199957381627,732.7812799348708,99011.80773684956
2018-02-19,NORDEA_5_min,short,94.42,95.33102086676433,94.74,eod,0.5,1086.8226113031776,-347.78323561700944,123.35001909246543,-471.13325470947484,98540.67448214008
2018-02-20,SKF_5_min,long,172.6,169.8911951679576,174.75,eod,0.5,363.7791594156368,782.1251927436211,75.81521461381286,706.3099781298083,99246.98446026989
2018-02-21,ATLAS_5_min,short,77.82500018,78.85113495323999,78.85113495323999,stop,0.5,967.1924882430468,-992.4698446026989,90.92158859269333,-1083.3914331953922,98163.5930270745
2018-02-21,VOLVO_5_MIN,short,157.45,159.29297690604238,158.25,eod,0.5,532.636045005419,-426.10883600434124,100.89191964492645,-527.0007556492677,97636.59227142524
2018-02-22,HANDELSBANKEN_5_min,short,120.2,121.54062648315139,119.8,eod,0.5,728.2907916447613,291.31631665790866,104.87387399684562,186.44244266106304,97823.0347140863
2018-02-22,NORDEA_5_min,short,93.14,94.03608069367397,93.9,eod,0.5,1091.676624713429,-829.6742347822116,122.51231753183986,-952.1865523140514,96870.84816177224
2018-02-22,SEB_5_MIN,short,97.04,98.08365282448811,97.8,eod,0.5,928.1903511283625,-705.4246668575471,108.50916480831009,-813.9338316658572,96056.91433010639
2018-02-22,ASSA_5_min,short,180.45,182.79821428571427,182.79821428571427,stop,0.5,409.0636655882872,-960.569143301064,89.15498763246835,-1049.7241309335323,95007.19019917285
2018-02-23,ASSA_5_min,short,181.95,184.33535273368605,183.5,eod,0.5,398.2940923473367,-617.3558431383764,87.33394562900051,-704.6897887673769,94302.50041040547
2018-02-23,HM_5_min,short,137.8,139.6406866911354,138.8,eod,0.5,512.3223895981868,-512.3223895981868,85.02502377771508,-597.3474133759019,93705.15299702957
2018-02-26,ERICSSON_5_MIN,long,58.1,57.38689738292011,57.38689738292011,stop,0.5,1314.0486481559437,-937.0515299702956,91.05324083145022,-1028.1047708017459,92677.04822622782
2018-02-26,HUSQVARNA_5_min,long,88.72,87.82593356981619,88.54,eod,0.5,1036.5789956700892,-186.5842192206084,110.24639566348799,-296.83061488409635,92380.21761134373
2018-02-26,KINNEVIK_5_min,long,146.55195874,144.7365078726747,147.18511798,eod,0.5,508.8555095266638,322.18656768171405,89.681837904737,232.50472977697706,92612.72234112071
2018-02-26,VOLVO_5_MIN,long,158.45,156.6209598355471,156.6209598355471,stop,0.5,506.3460285948578,-926.1272234112071,95.7209575429795,-1021.8481809541865,91590.87416016652
2018-02-26,SEB_5_MIN,long,98.18,97.23813452405234,97.7,eod,0.5,972.4411447188003,-466.771749465028,114.28906285651115,-581.0608123215392,91009.81334784499
2018-02-27,ALFA_LAVAL_5_MIN,short,202.3,204.28018518518522,201.5,eod,0.5,459.60253631194024,367.6820290495574,111.35250249765687,256.3295265519005,91266.14287439689
2018-02-27,ERICSSON_5_MIN,long,57.74,57.051185510700634,57.051185510700634,stop,0.5,1324.9742026656381,-912.6614287439688,91.25721569705034,-1003.9186444410192,90262.22422995587
2018-02-27,NORDEA_5_min,short,94.9,95.62821142977393,95.62821142977393,stop,0.5,1239.505733355194,-902.6222422995587,141.69648625986923,-1044.3187285594279,89217.90550139644
2018-02-28,ERICSSON_5_MIN,long,56.6,55.95357142857143,55.95357142857143,stop,0.5,1380.1664939442526,-892.1790550139644,93.20560083568525,-985.3846558496497,88232.5208455468
2018-02-28,ESSITY_5_min,long,227.4,224.91785714285714,228.2,eod,0.5,355.4691487302599,284.3753189842019,97.17104649690384,187.20427248729806,88419.7251180341
2018-02-28,INVESTOR_5_MIN,long,93.4,92.55623947328128,93.85,eod,0.5,1047.924408859074,471.5659839865714,117.73430733531696,353.83167665125444,88773.55679468536
2018-02-28,ASSA_5_min,long,186.5,184.79863160719077,185.95,eod,0.5,521.7773950067694,-286.97756725372915,116.60159446216277,-403.5791617158919,88369.97763296946
2018-02-28,HM_5_min,long,138.46,136.96641400260378,137.42,eod,0.5,591.6631368198771,-615.3296622926842,97.9368157115206,-713.2664780042048,87656.71115496525
2018-02-28,ABB_5_min,short,203.1,205.1984054869492,202.5,eod,0.5,417.7300893470574,250.63805360823207,101.65879454349988,148.9792590647322,87805.69041402997
2018-03-01,GETINGE_5_min,short,103.7,104.59676664605236,103.95,eod,0.5,979.1364431377792,-244.7841107844448,121.99060945053591,-366.7747202349807,87438.91569379499
2018-03-01,HEXAGON_5_min,short,68.899931,69.4525743403136,68.071361,eod,0.5,1582.1943252618603,1310.9587520822183,130.02912055571113,1180.9296315265071,88619.8453253215
2018-03-01,HUSQVARNA_5_min,short,87.8,88.57232935514293,87.82,eod,0.5,1147.4359317718963,-22.948718635433362,120.90761900266824,-143.8563376381016,88475.98898768339
2018-03-01,INVESTOR_5_MIN,short,93.125,93.91365055947273,91.925,eod,0.5,1121.865545202126,1346.2386542425543,124.56073148379205,1221.6779227587622,89697.66691044216
2018-03-01,NORDEA_5_min,long,94.76,94.14285714285715,94.14285714285715,stop,0.5,1453.4344175303247,-896.9766691044216,164.73474848474564,-1061.7114175891672,88635.955492853
2018-03-01,SANDVIK_min,long,154.5,153.12321428571428,153.12321428571428,stop,0.5,643.7890411932243,-886.3595549285301,118.82667250426665,-1005.1862274327967,87630.7692654202
2018-03-01,ERICSSON_5_MIN,short,54.88,55.52241279069768,54.26,eod,0.5,1364.0881771711142,845.7346698460971,89.32595019387323,756.4087196522238,88387.17798507243
2018-03-01,ATLAS_5_min,short,78.75000021,79.47563413240697,77.2500001,eod,0.5,1218.0684399633212,1827.1027939325127,114.01120620712757,1713.0915877253851,90100.26957279781
2018-03-01,ASSA_5_min,short,184.3,185.8698891292591,183.95,eod,0.5,573.9275971375199,200.874658998145,126.80930258753502,74.06535641061,90174.33492920842
2018-03-02,ALFA_LAVAL_5_MIN,short,193.9,195.49285714285716,188.75,eod,0.5,566.1169009008554,2915.5020396394084,129.9747792778274,2785.527260361581,92959.86218956999
2018-03-02,ERICSSON_5_MIN,long,53.96,53.33625956632653,53.76,eod,0.5,1490.361329344812,-298.07226586896667,96.3250334382139,-394.39729930718056,92565.46489026281
2018-03-02,HANDELSBANKEN_5_min,short,119.4,120.46428571428572,117.8,eod,0.5,869.7426231299842,1391.588197007982,123.78177012385935,1267.8064268841226,93833.27131714694
2018-03-02,INVESTOR_5_MIN,short,90.45,91.24017857142857,90.3,eod,0.5,1187.4945070644615,178.12417605967596,128.78377929114083,49.34039676853513,93882.61171391547
2018-03-02,KINNEVIK_5_min,short,142.46077775,143.91172859199804,141.38927818,eod,0.5,647.0419878914307,693.3052117976226,110.19774267122459,583.1074691263981,94465.71918304186
2018-03-02,SKF_5_min,short,167.95,169.56332511582437,165.0,eod,0.5,585.5342996676249,1727.3261840194866,116.9721870446014,1610.3539969748851,96076.07318001674
2018-03-02,SWEDBANK_5_MIN,short,205.8,207.24502427184467,204.0,eod,0.5,664.8751515943047,1196.775272869756,163.47950227400761,1033.2957705957483,97109.3689506125
2018-03-02,VOLVO_5_MIN,short,152.95,154.426158616188,149.95,eod,0.5,657.8518587750787,1973.555576325236,119.55799681378276,1853.9975795114533,98963.36653012395
2018-03-02,SEB_5_MIN,long,96.9,96.19381947729423,96.19381947729423,stop,0.5,1401.38906905757,-989.6336653012396,162.35974075083348,-1151.9934060520732,97811.37312407188
2018-03-02,ATLAS_5_min,short,76.02499998,76.76379980469046,74.57500002,eod,0.5,1323.9225275270276,1919.6876119572883,119.62963958734221,1800.0579723699461,99611.43109644183
2018-03-02,SANDVIK_min,short,149.05,150.4499072744676,144.85,eod,0.5,711.5573503561267,2988.5408714957443,125.47602316179936,2863.064848333945,102474.49594477577
2018-03-02,HEXAGON_5_min,short,67.24279,67.80447057917938,66.799933,eod,0.5,1824.426546748184,807.960067213267,146.730661343768,661.229405869499,103135.72535064527
2018-03-02,ASSA_5_min,short,180.05,181.58265171634693,178.95,eod,0.5,672.9234323142223,740.2157755456598,144.94770732048346,595.2680682251763,103730.99341887045
2018-03-02,NORDEA_5_min,short,93.62,94.21100654888822,92.6,eod,0.5,1755.1581046607012,1790.2612667539331,196.10732534994943,1594.1539414039837,105325.14736027444
2018-03-05,ATLAS_5_min,long,74.6000001,73.81875009678572,76.19999996,eod,0.5,1348.161880664796,2157.058820321006,121.98168701108456,2035.0771333099212,107360.22449358436
2018-03-05,HUSQVARNA_5_min,long,85.8,85.02713652423171,86.52,eod,0.5,1389.1227604831433,1000.1683875478616,143.62418045187314,856.5442070959884,108216.76870068035
2018-03-05,SANDVIK_min,long,144.55,143.027518172378,145.95,eod,0.5,710.791857986939,995.1086011816984,123.89102084712346,871.2175803345749,109087.98628101492
2018-03-05,INVESTOR_5_MIN,long,90.175,89.40807808968717,90.825,eod,0.5,1422.413218531172,924.56859204527,154.47407553248527,770.0945165127847,109858.0807975277
2018-03-05,VOLVO_5_MIN,long,150.4,148.7769526978845,150.9,eod,0.5,676.8630874425944,338.4315437212972,122.36330894787221,216.068234773425,110074.14903230112
2018-03-06,ABB_5_min,long,202.0,200.35015220161404,200.35015220161404,stop,0.5,667.1775974728461,-1100.7414903230112,161.06340473322405,-1261.8048950562352,108812.34413724489
2018-03-06,ALFA_LAVAL_5_MIN,short,191.65,193.35001163483375,190.9,eod,0.5,640.0682319323449,480.05117394925867,146.91486127543112,333.13631267382755,109145.48044991872
2018-03-06,GETINGE_5_min,short,102.75,103.56884592680046,102.25,eod,0.5,1332.9184023225325,666.4592011612663,163.94896348567147,502.5102376755948,109647.99068759431
2018-03-06,SANDVIK_min,long,147.75,146.16964285714286,147.45,eod,0.5,693.8177941813896,-208.14533825442476,122.8890077054077,-331.0343459598325,109316.95634163448
2018-03-06,SWEDBANK_5_MIN,short,207.5,208.9385924167355,208.9385924167355,stop,0.5,759.8883121440317,-1093.1695634163448,189.86809146191368,-1283.0376548782585,108033.91868675622
2018-03-06,HEXAGON_5_min,short,68.885645,69.51217499999998,69.51217499999998,stop,0.5,1724.3215598097177,-1080.3391868675621,143.1854069139987,-1223.5245937815607,106810.39409297466
2018-03-06,INVESTOR_5_MIN,long,91.7,90.92867486338798,91.9,eod,0.5,1384.7648549628523,276.95297099257436,152.5456964227078,124.40727456986656,106934.80136754453
2018-03-07,ALFA_LAVAL_5_MIN,short,191.05,192.68245001675416,192.2,eod,0.5,655.0571243839144,-753.3156930414866,150.63038575208108,-903.9460787935677,106030.85528875096
2018-03-07,ATLAS_5_min,short,76.25000011,77.03430723469545,76.35000014,eod,0.5,1351.9047825802154,-135.1905188151703,123.78040209583024,-258.9709209110005,105771.88436783996
2018-03-07,SANDVIK_min,short,145.75,147.24564885029352,146.2,eod,0.5,707.1973100309092,-318.2387895139011,123.87975279811434,-442.11854231201545,105329.76582552794
2018-03-07,SKF_5_min,short,164.7,166.2829674497226,166.2829674497226,stop,0.5,665.3943885200222,-1053.2976582552794,132.1405255420503,-1185.4381837973297,104144.3276417306
2018-03-07,GETINGE_5_min,short,101.6,102.40813316477033,102.40813316477033,stop,0.5,1288.702557719272,-1041.4432764173062,157.74348180298398,-1199.1867582202901,102945.14088351032
2018-03-07,KINNEVIK_5_min,short,145.43175423,146.83000308142866,146.83000308142866,stop,0.5,736.2433430810693,-1029.4514088351032,129.10546395462862,-1158.5568727897319,101786.58401072059
2018-03-07,INVESTOR_5_MIN,short,91.075,91.80326483772463,91.80326483772463,stop,0.5,1397.6589111282738,-1017.8658401072059,153.36086190127335,-1171.2267020084794,100615.3573087121
2018-03-08,ABB_5_min,long,199.1,197.56593088832213,200.7,eod,0.5,655.8723889477543,1049.3958223164032,157.33066866078727,892.0651536556159,101507.42246236771
2018-03-08,ATLAS_5_min,long,77.29999997,76.50764725452653,78.17500013,eod,0.5,1281.0888444007162,1120.9529438248405,119.50637292678613,1001.4465708980545,102508.86903326577
2018-03-08,ESSITY_5_min,long,228.9,227.01015761821367,232.9,eod,0.5,542.4202040403561,2169.6808161614244,150.29379013550187,2019.3870260259225,104528.2560592917
2018-03-08,GETINGE_5_min,long,103.05,102.19821428571429,108.55,eod,0.5,1227.1661088721924,6749.413598797058,155.80100918241354,6593.612589614644,111121.86864890634
2018-03-08,HUSQVARNA_5_min,long,84.72,83.88297863723803,86.0,eod,0.5,1327.587007842074,1699.3113700378562,135.98739238727933,1563.323977650577,112685.19262655692
2018-03-08,SANDVIK_min,long,147.5,145.94915716711134,149.2,eod,0.5,726.6061411049949,1235.2304398784831,129.35042523951117,1105.880014638972,113791.07264119589
2018-03-08,SEB_5_MIN,long,97.86,97.21505523731588,98.48,eod,0.5,1764.3537745406647,1093.8993402152203,207.84793205598842,886.0514081592319,114677.12404935512
2018-03-08,SKF_5_min,long,167.4,165.821800128123,169.8,eod,0.5,726.6324506348165,1743.9178815235637,147.01227741243608,1596.9056041111276,116274.02965346625
2018-03-08,ALFA_LAVAL_5_MIN,short,192.25,193.90535714285716,193.90535714285716,stop,0.5,702.4105351234152,-1162.7402965346625,162.74375463089268,-1325.4840511655552,114948.5456023007
2018-03-08,SWEDBANK_5_MIN,long,210.4,208.99532665712923,210.0,eod,0.5,818.329373058197,-327.33174922328345,206.41540106019957,-533.747150283483,114414.79845201722
2018-03-09,ALFA_LAVAL_5_MIN,long,196.05,194.33928571428572,197.5,eod,0.5,668.8130180911224,969.77887623212,157.9268179618567,811.8520582702632,115226.65051028748
2018-03-09,BOLIDEN_5_min,long,251.090883,248.6915645546991,254.438761,eod,0.5,480.2474249967177,1607.8097887031654,145.66758587430442,1462.142202828861,116688.79271311635
2018-03-09,ESSITY_5_min,short,231.1,233.1082028842598,233.1082028842598,stop,0.5,581.0607764171473,-1166.8879271311635,161.83990727228195,-1328.7278344034453,115360.0648787129
2018-03-09,GETINGE_5_min,short,107.4,108.41559861729709,108.41559861729709,stop,0.5,1135.8824531066423,-1153.600648787129,147.08469094565635,-1300.6853397327855,114059.37953898012
2018-03-09,NORDEA_5_min,long,97.72,97.09545864045865,97.09545864045865,stop,0.5,1826.2902495799835,-1140.5937953898012,213.47374354951327,-1354.0675389393145,112705.31200004081
2018-03-09,SKF_5_min,long,170.45,168.82857142857142,170.5,eod,0.5,695.0988405288882,34.75494202645231,142.19636980699465,-107.44142778054234,112597.87057226026
2018-03-09,SANDVIK_min,short,148.7,150.27170118130945,150.27170118130945,stop,0.5,716.4076219529799,-1125.9787057226026,128.51136328472327,-1254.490069007326,111343.38050325293
2018-03-09,ATLAS_5_min,long,78.55000016,77.73303588071428,79.45000012,eod,0.5,1362.8916627860704,1226.6024419918,129.20212986108527,1097.4003121307148,112440.78081538365
2018-03-09,INVESTOR_5_MIN,short,93.25,93.99630599435285,93.99630599435285,stop,0.5,1506.6310825077185,-1124.4078081538366,169.26666281750596,-1293.6744709713425,111147.10634441231
2018-03-09,SWEDBANK_5_MIN,long,211.1,209.69642857142856,210.6,eod,0.5,791.8877805708706,-395.9438902854353,200.36344624004167,-596.307336525477,110550.79900788683
2018-03-12,ABB_5_min,short,202.7,204.24566603268528,201.6,eod,0.5,715.2308239304879,786.7539063235326,173.50069326905773,613.2532130544749,111164.0522209413
2018-03-12,ALFA_LAVAL_5_MIN,long,199.65,197.91708869839678,197.91708869839678,stop,0.5,641.4872597235446,-1111.6405222094131,153.02053337124116,-1264.6610555806542,109899.39116536065
2018-03-12,ASSA_5_min,short,187.05,188.57142857142858,186.0,eod,0.5,722.3434161103513,758.4605869158771,161.68212682797994,596.7784600878972,110496.16962544854
2018-03-12,ERICSSON_5_MIN,short,56.46,57.12833468231486,56.68,eod,0.5,1653.3059341276723,-363.72730550808603,112.23302003232291,-475.9603255404089,110020.20929990814
2018-03-12,GETINGE_5_min,short,110.8,111.905148005148,107.0,eod,0.5,995.5246608364768,3782.993711178609,130.09516267811077,3652.8985485004982,113673.10784840863
2018-03-12,HANDELSBANKEN_5_min,long,123.6,122.61428571428571,123.8,eod,0.5,1153.2054419403835,230.64108838807996,171.18181580163048,59.45927258644949,113732.56712099508
2018-03-12,HM_5_min,short,136.58,137.655556787283,137.655556787283,stop,0.5,1057.429681684229,-1137.3256712099508,173.99089051204436,-1311.3165617219952,112421.25055927309
2018-03-12,INVESTOR_5_MIN,short,94.3,95.03919872158552,94.075,eod,0.5,1520.8528813217945,342.19189829739514,171.8943969113958,170.29750138599934,112591.54806065909
2018-03-12,VOLVO_5_MIN,short,153.8,155.36020706625192,151.85,eod,0.5,721.6449053210508,1407.2075653760614,132.3424591868275,1274.865106189234,113866.41316684832
2018-03-12,NORDEA_5_min,long,97.92,97.27362560972048,97.8,eod,0.5,1761.6170268999647,-211.39404322800377,206.87021070291664,-418.2642539309204,113448.1489129174
2018-03-12,ESSITY_5_min,long,234.8,232.7509533962839,232.7509533962839,stop,0.5,553.6630973017903,-1134.481489129174,155.31942540227493,-1289.8009145314488,112158.34799838596
2018-03-12,ATLAS_5_min,long,80.42500003,79.59629104967333,79.59629104967333,stop,0.5,1353.4105537769437,-1121.5834799838597,129.9447025057453,-1251.528182489605,110906.81981589635
2018-03-13,GETINGE_5_min,short,106.65,107.86428571428573,107.86428571428573,stop,0.5,913.3502808367873,-1109.0681981589635,117.55600986038742,-1226.6242080193508,109680.195607877
2018-03-14,BOLIDEN_5_min,long,257.258027,254.85943160480392,261.046416,eod,0.5,457.2684322981012,1732.310698965369,142.20255606225032,1590.1081429031187,111270.30375078012
2018-03-14,ESSITY_5_min,long,228.1,225.8997129681912,230.0,eod,0.5,505.7081287222259,960.8454445722322,138.998936260591,821.8465083116412,112092.15025909177
2018-03-14,GETINGE_5_min,long,107.55,106.27857142857142,107.75,eod,0.5,881.6236537231931,176.32473074464113,113.88814358796208,62.43658715667905,112154.58684624845
2018-03-14,KINNEVIK_5_min,long,146.25973158,144.93642920660758,147.33123197,eod,0.5,847.5355980714352,908.1347238724356,149.2972757284309,758.8374481440047,112913.42429439246
2018-03-14,SANDVIK_min,long,149.55,147.94178177125653,150.55,eod,0.5,702.1026268469357,702.1026268469357,126.42059899005923,575.6820278568764,113489.10632224934
2018-03-14,SEB_5_MIN,long,98.22,97.52914503927845,97.52914503927845,stop,0.5,1642.7341884281693,-1134.8910632224934,192.93828774696425,-1327.8293509694577,112161.27697127988
2018-03-14,HUSQVARNA_5_min,long,86.98,86.13773636752559,86.13773636752559,stop,0.5,1331.6647264202895,-1121.6127697127988,138.32086982301644,-1259.9336395358152,110901.34333174406
2018-03-15,ABB_5_min,long,198.65,197.09704165167327,197.09704165167327,stop,0.5,714.1295415375209,-1109.0134333174408,169.5687920517238,-1278.5822253691645,109622.7611063749
2018-03-15,HANDELSBANKEN_5_min,short,124.2,125.12142857142857,123.6,eod,0.5,1189.7043841002028,713.8226304601318,176.88524782801812,536.9373826321137,110159.69848900702
2018-03-15,HM_5_min,short,131.74,132.86908652396747,132.86908652396747,stop,0.5,975.6532927336746,-1101.5969848900702,154.9000359326152,-1256.4970208226855,108903.20146818433
2018-03-15,SEB_5_MIN,short,97.62,98.31842716828903,97.74,eod,0.5,1559.263534019871,-187.11162408236945,182.77063440367317,-369.8822584860426,108533.31920969828
2018-03-15,SKF_5_min,short,171.8,173.3829501120611,173.3829501120611,stop,0.5,685.639543424279,-1085.3331920969829,142.00264818760755,-1227.3358402845904,107305.98336941369
2018-03-15,ESSITY_5_min,short,228.3,230.51853815535796,228.0,eod,0.5,483.67878240120024,145.10363472036556,132.4215770458006,12.682057674564959,107318.66542708826
2018-03-16,ABB_5_min,long,198.8,197.21546599496222,197.21546599496222,stop,0.5,677.2884967181781,-1073.1866542708826,160.93003178452602,-1234.1166860554085,106084.54874103285
2018-03-16,ASSA_5_min,short,184.35,185.7667044134727,181.15,eod,0.5,748.8121568068868,2396.198901782029,164.21450598775027,2231.984395794279,108316.53313682713
2018-03-16,NORDEA_5_min,long,90.72,90.03669093315685,90.03669093315685,stop,0.5,1585.176289804603,-1083.1653313682714,171.9187324144673,-1255.0840637827387,107061.4490730444
2018-03-16,VOLVO_5_MIN,short,153.55,154.98059006211182,152.55,eod,0.5,748.3726604042164,748.3726604042164,137.44612280983839,610.926537594378,107672.37561063877
2018-03-19,BOLIDEN_5_min,short,257.962844,260.4154405160909,255.055476,eod,0.5,439.013816191239,1276.3747207522988,135.13327826353094,1141.241442488768,108813.61705312754
2018-03-19,SANDVIK_min,short,150.65,152.30357142857142,148.65,eod,0.5,658.052111768381,1316.104223536762,118.17299823136585,1197.931225305396,110011.54827843294
2018-03-19,HANDELSBANKEN_5_min,short,122.4,123.33266635644486,121.0,eod,0.5,1179.5380793810962,1651.3533111335414,172.25974111281525,1479.0935700207262,111490.64184845366
2018-03-19,NORDEA_5_min,short,89.02,89.96957332135639,87.12,eod,0.5,1174.1130394143483,2230.814774887252,124.08496245746598,2106.729812429786,113597.37166088344
2018-03-19,ASSA_5_min,short,179.65,181.16207915971063,181.16207915971063,stop,0.5,751.2660361156179,-1135.9737166088344,162.6395162957702,-1298.6132329046045,112298.75842797883
2018-03-20,BOLIDEN_5_min,long,257.081823,254.5017948735073,254.5017948735073,stop,0.5,435.2617604236684,-1122.9875842797883,133.60367167171924,-1256.5912559515075,111042.16717202732
2018-03-20,ASSA_5_min,short,179.15,180.69163101870276,179.7,eod,0.5,720.2901720637816,-396.1595946350676,155.0856769470528,-551.2452715821204,110490.92190044519
2018-03-20,INVESTOR_5_MIN,short,93.375,94.1533630315081,93.375,eod,0.5,1419.529415295649,0.0,159.05827098387743,-159.05827098387743,110331.86362946131
2018-03-20,ESSITY_5_min,short,221.4,223.61428571428573,222.1,eod,0.5,498.272932520146,-348.79105276409655,132.59042734361086,-481.3814801077074,109850.4821493536
2018-03-20,HM_5_min,short,127.22,128.61610522899224,128.61610522899224,stop,0.5,786.8352604670613,-1098.504821493536,120.78052109683955,-1219.2853425903754,108631.19680676323
2018-03-20,VOLVO_5_MIN,long,151.15,149.69911782154722,152.2,eod,0.5,748.7251440541297,786.1614012568234,136.27546346929213,649.8859377875312,109281.08274455076
2018-03-20,SKF_5_min,long,172.7,170.990489333444,175.15,eod,0.5,639.2535880733088,1566.1712907796175,133.41861636678027,1432.7526744128372,110713.8354189636
2018-03-21,VOLVO_5_MIN,short,151.6,153.09783364661655,151.85,eod,0.5,739.1597569533451,-184.78993923833627,134.57881694849553,-319.3687561868318,110394.46666277677
2018-03-21,GETINGE_5_min,short,96.78,98.05819167617878,98.05819167617878,stop,0.5,863.6769329683547,-1103.9446666277677,100.96635108718948,-1204.911017714957,109189.55564506182
2018-03-21,SWEDBANK_5_MIN,short,206.0,207.4928052576963,204.9,eod,0.5,731.4387130010789,804.5825843011826,180.328900303286,624.2536839978966,109813.80932905972
2018-03-22,ASSA_5_min,short,176.6,178.20221054758537,175.2,eod,0.5,685.389379657722,959.5451315208146,144.6719902581519,814.8731412626627,110628.68247032238
2018-03-22,GETINGE_5_min,short,94.76,96.30077817962628,93.64,eod,0.5,718.00525171739,804.1658819234801,81.16331365413374,723.0025682693464,111351.68503859174
2018-03-22,HANDELSBANKEN_5_min,short,110.0,110.95367494824018,110.95367494824018,stop,0.5,1167.6062713408771,-1113.5168503859175,154.79213792722732,-1268.3089883131447,110083.37605027859
2018-03-22,HUSQVARNA_5_min,short,82.1,82.91103342724963,82.91103342724963,stop,0.5,1357.322304502184,-1100.833760502786,134.3838936958568,-1235.2176541986428,108848.15839607995
2018-03-22,SWEDBANK_5_MIN,short,203.4,204.88279826160104,198.45,eod,0.5,734.072605929228,3633.659399349691,176.99224601559612,3456.6671533340946,112304.82554941405
2018-03-22,SANDVIK_min,long,152.3,150.63973728773698,150.63973728773698,stop,0.5,676.4280418990805,-1123.0482554941404,122.95015998417946,-1245.9984154783199,111058.82713393573
2018-03-22,ATLAS_5_min,short,78.84999996,79.69384016513723,78.12499998,eod,0.5,1316.1120607648127,954.181217732257,123.95801439575384,830.2232033365032,111889.05033727223
2018-03-22,SEB_5_MIN,short,93.62,94.41578283520703,92.28,eod,0.5,1406.0249277450748,1884.073403178405,156.82802044068563,1727.2453827377194,113616.29572000995
2018-03-22,INVESTOR_5_MIN,short,92.175,92.90882627495743,91.425,eod,0.5,1548.2723854034782,1161.2042890526086,170.5576859760471,990.6466030765615,114606.9423230865
2018-03-22,SKF_5_min,short,173.5,175.2935623947768,171.9,eod,0.5,638.9905511893157,1022.3848819029015,132.42440182847378,889.9604800744278,115496.90280316093
2018-03-22,ALFA_LAVAL_5_MIN,short,194.3,196.06506959706962,192.55,eod,0.5,654.3475849049249,1145.1082735836187,151.88061793228212,993.2276556513366,116490.13045881227
2018-03-22,ESSITY_5_min,short,218.5,220.684287345075,218.8,eod,0.5,533.3095516094386,-159.99286548283763,139.92976015128448,-299.92262563412214,116190.20783317815
2018-03-23,HANDELSBANKEN_5_min,long,107.4,106.1118869936034,106.1118869936034,stop,0.5,902.0187456860762,-1161.9020783317815,115.55503469702244,-1277.4571130288039,114912.75072014934
2018-03-23,INVESTOR_5_MIN,long,90.675,89.92369285714285,90.575,eod,0.5,1529.504302104037,-152.95043021039498,166.333592853814,-319.284023064209,114593.46669708514
2018-03-23,KINNEVIK_5_min,short,141.4379823,142.66128986501298,142.66128986501298,stop,0.5,936.7510671436787,-1145.9346669708514,159.67817782519097,-1305.6128447960423,113287.8538522891
2018-03-23,SKF_5_min,short,170.0,171.78214285714284,171.78214285714284,stop,0.5,635.6833482693622,-1132.878538522891,130.3591301700636,-1263.2376686929545,112024.61618359615
2018-03-23,VOLVO_5_MIN,short,145.9,147.29321049542722,147.29321049542722,stop,0.5,804.0753105957984,-1120.2461618359616,141.44965307621396,-1261.6958149121756,110762.92036868398
2018-03-23,ATLAS_5_min,short,77.15000007,77.96517863964287,77.96517863964287,stop,0.5,1358.756528857347,-1107.6292036868397,126.45825707796081,-1234.0874607648004,109528.83290791918
2018-03-23,ESSITY_5_min,long,218.6,216.4379118359861,220.0,eod,0.5,506.5881897460681,709.2234656444982,133.31374801357526,575.909717630923,110104.7426255501
2018-03-23,BOLIDEN_5_min,short,247.5668,250.2064328961567,250.2064328961567,stop,0.5,417.1214216410997,-1101.047426255501,124.57912713631865,-1225.6265533918197,108879.11607215829
2018-03-23,ERICSSON_5_MIN,long,53.4,52.825852638352636,53.84,eod,0.5,1896.3618636121346,834.3992199893484,122.01950775225917,712.3797122370892,109591.49578439537
2018-03-23,SEB_5_MIN,long,91.86,91.05144882380434,92.8,eod,0.5,1355.4058049861148,1274.0814566869449,150.17354156924156,1123.9079151177034,110715.40369951307
2018-03-26,SEB_5_MIN,short,92.68,93.51516698987288,92.1,eod,0.5,1325.6678609431835,768.887359347063,146.97414440704887,621.9132149400141,111337.31691445308
2018-03-26,HM_5_min,short,129.42,130.83645165900745,127.42,eod,0.5,786.0297681635628,1572.0595363271145,121.13033139307767,1450.9292049340368,112788.24611938713
2018-03-26,SWEDBANK_5_MIN,short,184.65,186.66802305392113,186.66802305392113,stop,0.5,558.9046463083439,-1127.8824611938712,124.51882100571915,-1252.4012821995905,111535.84483718754
2018-03-27,ABB_5_min,long,193.75,192.24425427760158,194.1,eod,0.5,740.734927405462,259.2572245919075,172.37642495652506,86.88079963538246,111622.72563682293
2018-03-27,ASSA_5_min,long,175.75,174.2143238597062,174.2143238597062,stop,0.5,726.8637097888918,-1116.2272563682293,152.62582004065632,-1268.8530764088855,110353.87256041405
2018-03-27,ERICSSON_5_MIN,long,53.56,52.99100363015162,53.68,eod,0.5,1939.447743573812,232.73372922885247,124.79182561251336,107.9419036163391,110461.8144640304
2018-03-27,ESSITY_5_min,short,221.3,223.35264388953416,223.35264388953416,stop,0.5,538.144073734581,-1104.618144640304,143.5723111077395,-1248.1904557480436,109213.62400828235
2018-03-27,HEXAGON_5_min,long,69.399931,68.89502795387087,69.357074,eod,0.5,2163.061301483034,-92.70231819765391,180.08394469511273,-272.7862628927667,108940.83774538958
2018-03-27,HUSQVARNA_5_min,long,82.02,81.16425361155699,81.48,eod,0.5,1273.0505114208238,-687.4472761672347,124.8862551703828,-812.3335313376175,108128.50421405197
2018-03-27,KINNEVIK_5_min,long,144.84729992,143.6609964164286,143.6609964164286,stop,0.5,911.4742044386276,-1081.2850421405196,157.78072192631404,-1239.0657640668337,106889.43844998513
2018-03-27,SKF_5_min,long,173.55,171.55784457175832,175.95,eod,0.5,536.5517014118104,1287.724083388333,112.51489178605664,1175.2091916022764,108064.6476415874
2018-03-27,SANDVIK_min,long,149.85,148.2414224817309,149.9,eod,0.5,671.8025486136947,33.59012743069238,120.82368836817301,-87.23356093748063,107977.41408064992
2018-03-27,HM_5_min,short,121.0,122.43716257452702,122.43716257452702,stop,0.5,751.3235871466097,-1079.7741408064992,109.74004933817162,-1189.514190144671,106787.89989050524
2018-03-27,NORDEA_5_min,long,88.48,87.46584713086868,87.84,eod,0.5,1052.9763622517276,-673.9048718411062,111.39647531533475,-785.301347156441,106002.5985433488
2018-03-27,SEB_5_MIN,short,87.88,88.7324691277785,86.44,eod,0.5,1243.477271952201,1790.6072716111664,130.05777482802458,1660.5494967831419,107663.14804013194
2018-03-27,VOLVO_5_MIN,short,149.0,150.4815340909091,150.4815340909091,stop,0.5,726.7004431471981,-1076.6314804013195,130.5800181229598,-1207.2114985242792,106455.93654160766
2018-03-28,ALFA_LAVAL_5_MIN,short,192.25,193.94598748235643,193.05,eod,0.5,627.6929378847553,-502.1543503078114,145.11005338019774,-647.2644036880091,105808.67213791965
2018-03-28,HANDELSBANKEN_5_min,short,105.8,107.13571428571429,107.13571428571429,stop,0.5,792.1504865940491,-1058.0867213791967,101.20627781080798,-1159.2929991900046,104649.37913872965
2018-03-28,HEXAGON_5_min,short,68.614217,69.14278778571429,69.14278778571429,stop,0.5,1979.8555267731983,-1046.4937913872966,163.643380366031,-1210.1371717533275,103439.24196697632
2018-03-28,SANDVIK_min,short,147.05,148.66099907896654,148.66099907896654,stop,0.5,642.0813228107714,-1034.3924196697633,113.92230567499058,-1148.314725344754,102290.92724163157
2018-03-28,SKF_5_min,short,169.0,171.15077960387694,168.25,eod,0.5,475.5992992366327,356.6994744274745,96.23751820053263,260.4619562269419,102551.3891978585
2018-03-28,SWEDBANK_5_MIN,short,181.85,183.82802756616667,183.82802756616667,stop,0.5,518.4527806991,-1025.513891978585,113.75207413934476,-1139.2659661179298,101412.12323174057
2018-03-28,BOLIDEN_5_min,long,253.733945,250.94663001560264,250.94663001560264,stop,0.5,363.83445645511193,-1014.1212323174057,110.17210961655307,-1124.2933419339588,100287.82988980661
2018-03-28,ESSITY_5_min,long,222.5,220.33636845827442,220.33636845827442,stop,0.5,463.5162131617995,-1002.8782988980662,123.1571019348616,-1126.0354008329277,99161.79448897368
2018-03-28,ASSA_5_min,short,173.25,174.8878676470588,174.8878676470588,stop,0.5,605.4322806060839,-991.6179448897369,126.46434190493865,-1118.0822867946756,98043.71220217901
2018-03-28,HUSQVARNA_5_min,long,81.12,80.37583895461769,80.98,eod,0.5,1317.5066447049646,-184.4509302586958,128.14069626400487,-312.59162652270066,97731.12057565631
2018-04-03,ESSITY_5_min,short,228.4,230.6013599500936,227.4,eod,0.5,443.9579296039282,443.9579296039282,121.41361458808228,322.54431501584594,98053.66489067215
2018-04-03,HEXAGON_5_min,long,70.185644,69.66931810714286,69.66931810714286,stop,0.5,1899.0654206412673,-980.5366489067216,159.35623346566183,-1139.8928823723834,96913.77200829977
2018-04-03,KINNEVIK_5_min,short,143.67839131,144.96731396307044,144.96731396307044,stop,0.5,751.8974996477399,-969.1377200829977,130.21919044732806,-1099.3569105303259,95814.41509776944
2018-04-03,HUSQVARNA_5_min,long,80.3,79.57873822605966,79.57873822605966,stop,0.5,1328.4277437070257,-958.1441509776944,127.43241089302236,-1085.5765618707167,94728.83853589871
2018-04-03,SEB_5_MIN,short,86.36,87.37598323598324,85.62,eod,0.5,932.3858424122777,689.9655233850807,96.21103030683811,593.7544930782426,95322.59302897696
2018-04-03,ABB_5_min,short,196.05,197.6740154047377,195.05,eod,0.5,586.9562120586743,586.9562120586743,137.7351447216885,449.2210673369858,95771.81409631394
2018-04-03,HM_5_min,short,124.0,125.88991353141387,124.08,eod,0.5,506.75235932442837,-40.54018874595341,75.4290751807225,-115.96926392667592,95655.84483238727
2018-04-03,NORDEA_5_min,short,88.16,89.16625918136225,85.78,eod,0.5,950.6084178321765,2262.448034440576,99.20929691863726,2163.2387375219387,97819.08356990921
2018-04-03,ALFA_LAVAL_5_MIN,long,195.45,193.75676275248827,193.75676275248827,stop,0.5,577.7045343979906,-978.1908356990921,134.90790699628525,-1113.0987426953773,96705.98482721383
2018-04-03,ATLAS_5_min,short,79.70000004,80.5140287267123,78.65000019,eod,0.5,1187.9923448127013,1247.391783854492,112.87115284459767,1134.5206310098943,97840.50545822372
2018-04-03,ERICSSON_5_MIN,short,51.84,52.47186500302315,52.18,eod,0.5,1548.4400147200436,-526.4696050048091,96.64123819870736,-623.1108432035164,97217.39461502021
2018-04-03,INVESTOR_5_MIN,short,91.25,92.02487506344434,91.85,eod,0.5,1254.6202504296139,-752.7721502577612,137.83258071219734,-890.6047309699585,96326.78988405025
2018-04-03,SANDVIK_min,short,150.5,152.13919701986754,150.5,eod,0.5,587.6461994290004,0.0,106.12890361687745,-106.12890361687745,96220.66098043337
2018-04-03,SKF_5_min,short,168.35,170.69860492727813,169.85,eod,0.5,409.6928345115344,-614.5392517673016,83.13486997908055,-697.6741217463822,95522.98685868699
2018-04-03,ASSA_5_min,short,177.05,178.72802232518958,176.35,eod,0.5,569.2593323983061,398.481532678824,120.70574884173682,277.7757838370872,95800.76264252407
2018-04-03,BOLIDEN_5_min,short,256.553211,259.4369243591833,259.4369243591833,stop,0.5,332.21319427411765,-958.0076264252408,102.85123864896516,-1060.858865074206,94739.90377744987
2018-04-03,VOLVO_5_MIN,short,149.2,150.79892714094984,148.55,eod,0.5,592.5217062809313,385.13910908259186,105.85400282708838,279.2851062555035,95019.18888370537
2018-04-03,SWEDBANK_5_MIN,short,184.7,186.73021829682196,185.0,eod,0.5,468.02449289539413,-140.40734786862356,103.81719301405631,-244.2245408826799,94774.96434282268
2018-04-04,ABB_5_min,short,188.75,190.43169737439467,184.8,eod,0.5,563.5672968624151,2226.090822606533,126.31233824577308,2099.77848436076,96874.74282718345
2018-04-04,ATLAS_5_min,short,78.52500008,79.36206045093239,76.45000017,eod,0.5,1157.3208598953959,2401.440680124072,107.6134803309715,2293.8271997931006,99168.57002697655
2018-04-04,ERICSSON_5_MIN,short,51.6,52.292857142857144,51.56,eod,0.5,1431.2989488429603,57.25195795371719,88.59167973758386,-31.339721783866672,99137.23030519269
2018-04-04,HUSQVARNA_5_min,short,78.5,79.27071428571429,78.36,eod,0.5,1286.3032662397477,180.0824572735654,121.06171820542009,59.02073906814532,99196.25104426083
2018-04-04,INVESTOR_5_MIN,short,91.675,92.46160714285715,90.975,eod,0.5,1261.0647124809434,882.7452987366639,138.20008184078657,744.5452168958774,99940.7962611567
2018-04-04,NORDEA_5_min,short,85.1,86.16357142857143,85.96,eod,0.5,939.6716908369272,-808.1176541197568,96.44414366073885,-904.5617977804957,99036.23446337621
2018-04-04,SANDVIK_min,short,150.8,152.47857142857143,148.4,eod,0.5,590.0030989307562,1416.0074374338183,105.91735632004936,1310.090081113769,100346.32454448998
2018-04-04,SEB_5_MIN,short,85.12,86.16428571428573,85.54,eod,0.5,960.9087165682977,-403.58166095868665,98.39320894172741,-501.9748699004141,99844.34967458957
2018-04-04,ALFA_LAVAL_5_MIN,long,196.1,194.41034592800614,194.41034592800614,stop,0.5,590.9159237356164,-998.4434967458957,138.45526907541768,-1136.8987658213134,98707.45090876825
2018-04-05,ABB_5_min,long,188.25,186.28571428571428,191.05,eod,0.5,502.5106591719091,1407.0298456813512,114.36137581434308,1292.668469867008,100000.11937863527
2018-04-05,ALFA_LAVAL_5_MIN,long,196.1,194.31694788629736,198.7,eod,0.5,560.8367731382664,1458.1756101594895,132.85101482099253,1325.324595338497,101325.44397397376
2018-04-05,ASSA_5_min,long,176.95,175.17321428571427,178.95,eod,0.5,570.27385553191,1140.54771106382,121.77627911028405,1018.7714319535361,102344.21540592729
2018-04-05,INVESTOR_5_MIN,long,92.35,91.51628720439679,93.2,eod,0.5,1227.5716043422312,1043.4358636909071,136.66554671142057,906.7703169794866,103250.98572290677
2018-04-05,SANDVIK_min,long,151.95,150.19595976253296,152.85,eod,0.5,588.6466200570721,529.7819580513683,107.65169387603733,422.130264175331,103673.1159870821
2018-04-05,SEB_5_MIN,long,86.88,85.79371375856616,86.98,eod,0.5,954.3811937656429,95.43811937657243,99.5572286088568,-4.119109232284373,103668.99687784982
2018-04-05,SWEDBANK_5_MIN,long,188.85,186.6958582400121,188.2,eod,0.5,481.2542925607261,-312.81529016447473,108.87415860601305,-421.6894487704878,103247.30742907933
2018-04-05,VOLVO_5_MIN,short,148.4,150.11915966386556,150.11915966386556,stop,0.5,600.5684614361319,-1032.4730742907934,107.56871545712083,-1140.0417897479142,102107.26563933141
2018-04-05,BOLIDEN_5_min,long,256.641313,253.51046536273478,258.491456,eod,0.5,326.1329756963858,603.3926420538393,100.80106969961335,502.59157235422595,102609.85721168564
2018-04-05,ESSITY_5_min,short,229.1,231.27833955804547,230.1,eod,0.5,471.0462004544075,-471.0462004544075,129.78264914919833,-600.8288496036058,102009.02836208203
2018-04-05,NORDEA_5_min,short,86.34,87.41198951325683,86.36,eod,0.5,951.5860659137159,-19.03172131827053,98.60334814997924,-117.63506946824977,101891.39329261378
2018-04-06,ALFA_LAVAL_5_MIN,short,196.9,198.73121283538796,198.73121283538796,stop,0.5,556.4148051148145,-1018.9139329261379,132.08103851228404,-1150.994971438422,100740.39832117535
2018-04-06,HUSQVARNA_5_min,long,78.66,77.80499999999999,78.7,eod,0.5,1178.2502727622793,47.13001091049854,111.24567775312335,-64.1156668426248,100676.28265433272
2018-04-06,KINNEVIK_5_min,short,145.77268632,147.1990335575,147.1990335575,stop,0.5,705.8329136654704,-1006.7628265433272,124.07344959763188,-1130.836276140959,99545.44637819176
2018-04-06,VOLVO_5_MIN,short,145.2,146.9666404483335,144.35,eod,0.5,563.4731530804377,478.9521801183688,97.89219088466442,381.0599892337044,99926.50636742546
2018-04-09,ATLAS_5_min,long,78.87500004,77.99503407267584,77.99503407267584,stop,0.5,1135.5723980017726,-999.2650636742546,106.8823684871707,-1106.1474321614253,98820.35893526404
2018-04-09,KINNEVIK_5_min,short,149.279413,150.71225053924022,147.57475419,eod,0.5,689.6829279589185,1175.6740792517742,122.84115072264329,1052.8329285291309,99873.19186379317
2018-04-09,HEXAGON_5_min,short,70.671358,71.28488474926432,71.28488474926432,stop,0.5,1627.8539115621368,-998.7319186379317,138.65041501803248,-1137.3823336559642,98735.80953013721
2018-04-09,ASSA_5_min,long,180.6,178.7681426985008,178.7681426985008,stop,0.5,538.9929087234701,-987.358095301372,116.2181283213696,-1103.5762236227417,97632.23330651446
2018-04-09,VOLVO_5_MIN,long,145.55,143.61074196643867,145.0,eod,0.5,503.45148307684485,-276.8983156922704,87.76669704478635,-364.6650127370567,97267.56829377741
2018-04-10,ATLAS_5_min,long,79.12499996,78.22747922344678,79.87500002,eod,0.5,1083.736167114284,812.8021903598884,103.38843032969785,709.4137600301906,97976.9820538076
2018-04-10,BOLIDEN_5_min,long,258.403354,255.31558251747833,259.636783,eod,0.5,317.30645421271316,391.3749825131329,98.62648740680288,292.74849510633004,98269.73054891393
2018-04-10,SKF_5_min,short,173.2,175.82245722531437,175.0,eod,0.5,374.7238643220709,-674.5029557797318,78.28730973416705,-752.7902655138988,97516.94028340002
2018-04-10,HEXAGON_5_min,short,70.571358,71.22447612887375,70.585644,eod,0.5,1493.0980472332203,-21.330398702771497,126.45674642369745,-147.78714512646894,97369.15313827356
2018-04-10,VOLVO_5_MIN,short,147.8,149.71348214285715,149.71348214285715,stop,0.5,508.85843644658144,-973.6915313827355,90.83534720699534,-1064.5268785897308,96304.62625968382
2018-04-11,ERICSSON_5_MIN,short,53.1,53.81490648178007,52.92,eod,0.5,1347.0940425647248,242.47692766165008,85.69134623562725,156.78558142602282,96461.41184110985
2018-04-11,HUSQVARNA_5_min,short,77.46,78.3424322183747,76.74,eod,0.5,1093.1311191104983,787.0544057595575,101.13649114010329,685.9179146194542,97147.3297557293
2018-04-11,SKF_5_min,short,175.6,178.27350590335539,173.8,eod,0.5,363.37054514749445,654.0669812654838,76.17700108472073,577.8899801807631,97725.21973591005
2018-04-11,ESSITY_5_min,short,223.2,225.20530138906585,221.3,eod,0.5,487.3343242505494,925.9352160760328,129.9720642776215,795.9631517984113,98521.18288770846
2018-04-12,BOLIDEN_5_min,short,256.024598,259.16559980168273,255.584088,eod,0.5,313.6616567202491,138.17109640184242,96.28321682593781,41.887879575904606,98563.07076728437
2018-04-12,ERICSSON_5_MIN,short,52.34,53.06817272578623,53.06817272578623,stop,0.5,1353.5671864235626,-985.6307076728438,85.60622626949483,-1071.2369339423385,97491.83383334204
2018-04-12,ESSITY_5_min,long,223.2,221.12857142857143,221.12857142857143,stop,0.5,470.6502322988963,-974.9183383334204,125.47400721593631,-1100.3923455493566,96391.44148779269
2018-04-13,ERICSSON_5_MIN,short,53.28,54.0243487552089,52.98,eod,0.5,1294.9768614947309,388.4930584484248,82.56254478145806,305.9305136669667,96697.37200145966
2018-04-13,ESSITY_5_min,long,220.4,218.2766446087972,218.2766446087972,stop,0.5,455.39890496938415,-966.9737200145967,119.86371815429396,-1086.8374381688907,95610.53456329077
2018-04-13,SANDVIK_min,long,157.3,155.5339285714286,157.6,eod,0.5,541.3741087506879,162.41223262519713,102.28722410735497,60.12500851784216,95670.65957180862
2018-04-13,SKF_5_min,short,176.35,178.84285714285716,178.84285714285716,stop,0.5,383.77915014478816,-956.7065957180862,81.78936771107091,-1038.4959634291572,94632.16360837946
2018-04-13,SWEDBANK_5_MIN,short,180.55,182.76367267837367,182.76367267837367,stop,0.5,427.489414008145,-946.3216360837946,93.18764942065496,-1039.5092855044495,93592.65432287501
2018-04-13,HUSQVARNA_5_min,short,77.32,78.26342893867059,78.26342893867059,stop,0.5,992.0477365763081,-935.9265432287501,92.6077131164334,-1028.5342563451836,92564.12006652982
2018-04-13,KINNEVIK_5_min,long,151.27629897,149.75008580699281,150.69184466,eod,0.5,606.4953592992571,-354.4688267374569,109.8853666606839,-464.35419339814075,92099.76587313168
2018-04-17,HUSQVARNA_5_min,long,82.46,81.51150097228974,81.51150097228974,stop,0.5,971.0053798944539,-920.9976587313167,95.53032575607719,-1016.527984487394,91083.23788864429
2018-04-17,SANDVIK_min,short,158.3,160.00069675447273,160.00069675447273,stop,0.5,535.5642482947158,-910.8323788864429,102.28228403339608,-1013.114662919839,90070.12322572446
2018-04-17,SKF_5_min,long,179.85,177.3985152431696,179.95,eod,0.5,367.4104967398596,36.741049673983866,79.31657803620087,-42.575528362217,90027.54769736224
2018-04-19,ABB_5_min,short,203.6,205.7322635962763,205.7322635962763,stop,0.5,422.21584542634423,-900.2754769736224,103.69594064074857,-1003.9714176143709,89023.57627974787
2018-04-19,ATLAS_5_min,long,82.77500023,81.90956029270106,82.07500004,eod,0.5,1028.6511223134935,-720.0559810631559,101.74388267466911,-821.7998637378249,88201.77641601005
2018-04-19,ERICSSON_5_MIN,long,54.58,53.83,55.46,eod,0.5,1176.0236855468006,1034.9008432811875,77.64578781454195,957.2550554666456,89159.0314714767
2018-04-19,BOLIDEN_5_min,long,275.495155,272.4566983828278,272.4566983828278,stop,0.5,293.4352623880959,-891.590314714767,96.47303752406013,-988.0633522388272,88170.96811923788
2018-04-19,SWEDBANK_5_MIN,short,184.2,185.9452625879805,184.9,eod,0.5,505.2017313982711,-353.64121197879837,111.8819754354611,-465.5231874142595,87705.44493182361
2018-04-20,ABB_5_min,long,205.8,203.4667233835683,205.8,eod,0.5,375.8896151196688,0.0,92.82969934995342,-92.82969934995342,87612.61523247366
2018-04-20,ALFA_LAVAL_5_MIN,long,207.4,205.52220857834658,205.52220857834658,stop,0.5,466.57266734837503,-876.1261523247366,115.59492975826873,-991.7210820830053,86620.89415039065
2018-04-20,ASSA_5_min,long,179.0,177.37136058230683,179.15,eod,0.5,531.8604794244885,79.7790719136763,114.29149842352832,-34.51242650985202,86586.3817238808
2018-04-20,ESSITY_5_min,short,222.2,224.30167972764647,217.9,eod,0.5,411.9865676243758,1771.542240784809,108.78917304689269,1662.7530677379164,88249.13479161871
2018-04-20,INVESTOR_5_MIN,short,94.375,95.16555354312882,95.16555354312882,stop,0.5,1116.2954812946589,-882.4913479161872,126.94995806536983,-1009.4413059815571,87239.69348563715
2018-04-20,SANDVIK_min,short,160.5,162.16038164722582,160.7,eod,0.5,525.4195240678434,-105.08390481356271,101.25885067835479,-206.3427554919175,87033.35073014523
2018-04-20,ATLAS_5_min,short,81.52500004,82.41376899529325,81.80000004,eod,0.5,979.2573222973082,-269.29576363176534,95.96232134552905,-365.2580849772944,86668.09264516794
2018-04-20,ERICSSON_5_MIN,long,64.56,63.78950293051765,63.78950293051765,stop,0.5,1124.833514336331,-866.6809264516794,86.62309346679324,-953.3040199184726,85714.78862524946
2018-04-20,GETINGE_5_min,long,95.06,93.99629056047198,93.99629056047198,stop,0.5,805.8101718386708,-857.1478862524947,91.40608919022935,-948.5539754427241,84766.23464980673
2018-04-20,NORDEA_5_min,short,88.36,89.15979928361676,88.6,eod,0.5,1059.8438431513246,-254.36252235631247,112.52997989043504,-366.89250224674754,84399.34214755999
2018-04-20,SEB_5_MIN,short,85.02,85.8895841842713,85.68,eod,0.5,970.5712646819256,-640.5770346900814,99.40590892872281,-739.9829436188043,83659.35920394119
2018-04-20,KINNEVIK_5_min,short,151.61723106,152.94145206216763,151.32500391,eod,0.5,631.762818041688,184.61824779229246,114.83258404109661,69.78566375119586,83729.14486769239
2018-04-23,ERICSSON_5_MIN,short,64.7,65.7983024691358,65.22,eod,0.5,762.3505110898506,-396.42226576671925,59.42674704047603,-455.84901280719527,83273.29585488519
2018-04-23,INVESTOR_5_MIN,short,95.65,96.4477972458576,96.4477972458576,stop,0.5,1043.7902147101333,-832.7329585488519,120.30588061955841,-953.0388391684103,82320.25701571678
2018-04-24,ALFA_LAVAL_5_MIN,short,219.0,221.4446412322891,221.4446412322891,stop,0.5,336.73757902968293,-823.2025701571678,88.98855731109495,-912.1911274682627,81408.06588824851
2018-04-24,SEB_5_MIN,long,87.12,86.45280559477297,86.45280559477297,stop,0.5,1220.1551039767273,-814.0806588824851,127.07144679481348,-941.1521056772986,80466.91378257121
2018-04-24,SWEDBANK_5_MIN,short,190.1,191.71447123093557,187.35,eod,0.5,498.41032928125344,1370.6284055234469,112.87498727232544,1257.7534182511215,81724.66720082232
2018-04-24,VOLVO_5_MIN,short,156.5,158.27221254355402,158.27221254355402,stop,0.5,461.14484122164356,-817.2466720082233,87.09334918462959,-904.3400211928529,80820.32717962947
2018-04-24,HUSQVARNA_5_min,short,82.5,83.51018388401427,81.1,eod,0.5,800.0555983774533,1120.0778377284391,78.53345753673081,1041.5443801917083,81861.87155982119
2018-04-25,ALFA_LAVAL_5_MIN,short,215.9,218.41071428571428,215.3,eod,0.5,326.05012854552007,195.6300771273102,84.35568925729696,111.27438787001323,81973.1459476912
2018-04-25,GETINGE_5_min,short,95.44,96.55240587338137,96.55240587338137,stop,0.5,736.8996146929509,-819.7314594769122,84.88747794724043,-904.6189374241526,81068.52701026705
2018-04-25,HANDELSBANKEN_5_min,short,101.2,102.098224852071,102.0,eod,0.5,902.5415721169489,-722.0332576935566,110.03786847249842,-832.071126166055,80236.45588410099
2018-04-25,HM_5_min,long,140.22,138.5004690238435,144.26,eod,0.5,466.61826391429975,1885.1377862137672,79.64613823100399,1805.4916479827632,82041.94753208375
2018-04-25,HUSQVARNA_5_min,short,80.8,81.92119200621424,81.92119200621424,stop,0.5,731.7386056747064,-820.4194753208376,71.44162689141203,-891.8611022122496,81150.0864298715
2018-04-25,INVESTOR_5_MIN,short,95.35,96.15472416632358,93.875,eod,0.5,1008.4211438636095,1487.4211871988182,114.49109456855489,1372.9300926302633,82523.01652250177
2018-04-25,NORDEA_5_min,short,86.74,87.40133228170495,87.40133228170495,stop,0.5,1247.829855057915,-825.2301652250177,130.37925205240325,-955.6094172774209,81567.40710522435
2018-04-25,SANDVIK_min,short,155.55,157.24076086956524,152.9,eod,0.5,482.4301802430479,1278.4399776440798,89.28335345758086,1189.156624186499,82756.56372941085
2018-04-25,SEB_5_MIN,short,86.14,86.78428571428572,84.9,eod,0.5,1284.469947019679,1592.7427343043953,131.81744384294754,1460.9252904614477,84217.4890198723
2018-04-25,SKF_5_min,short,176.65,178.7267857142857,173.25,eod,0.5,405.51843380162245,1378.7626749255187,85.13453999231261,1293.6281349332062,85511.11715480551
2018-04-25,SWEDBANK_5_MIN,long,187.05,185.26428571428573,185.26428571428573,stop,0.5,478.86225606691306,-855.1111715480552,106.97235529385047,-962.0835268419056,84549.03362796361
2018-04-25,VOLVO_5_MIN,short,152.0,153.9142857142857,151.6,eod,0.5,441.6740562654823,176.66962250619542,80.45534608932024,96.21427641687518,84645.24790438049
2018-04-25,ATLAS_5_min,short,75.60000008,76.41897637683017,75.92499996,eod,0.5,1033.549423005255,-335.9034384507698,93.96514581732794,-429.8685842680977,84215.37932011239
2018-04-25,KINNEVIK_5_min,long,152.20168537,151.0090186420228,151.0090186420228,stop,0.5,706.1099076935219,-842.1537932011239,128.46004933297033,-970.6138425340943,83244.7654775783
2018-04-25,ASSA_5_min,long,177.5,176.0176705531125,179.2,eod,0.5,561.580731276511,954.6872431700623,120.18950810779884,834.4977350622635,84079.26321264057
2018-04-25,BOLIDEN_5_min,short,274.614134,277.8702855331174,275.142746,eod,0.5,258.21667805534724,-136.4964346201957,85.17383717500329,-221.670271795199,83857.59294084537
2018-04-26,ASSA_5_min,short,176.25,177.70137851693374,177.70137851693374,stop,0.5,577.7789319770778,-838.5759294084537,122.70338967079702,-961.2793190792507,82896.31362176612
2018-04-26,ATLAS_5_min,short,76.19999996,77.12723209892857,77.12723209892857,stop,0.5,894.0189855536466,-828.9631362176613,82.24647387784312,-911.2096100955043,81985.10401167061
2018-04-26,ERICSSON_5_MIN,short,65.88,66.92801308152126,65.66,eod,0.5,782.2908459564617,172.1039861104207,61.741522726267775,110.36246338415292,82095.46647505477
2018-04-26,KINNEVIK_5_min,short,148.8897768,150.11434808571428,150.11434808571428,stop,0.5,670.4016943135214,-820.9546647505476,120.27172315806875,-941.2263879086164,81154.24008714616
2018-04-26,SKF_5_min,short,172.65,174.74155136506104,174.74155136506104,stop,0.5,388.0097875807027,-811.5424008714616,80.87479323149286,-892.4171941029545,80261.82289304321
2018-04-26,HM_5_min,short,144.78,146.63708752515092,146.63708752515092,stop,0.5,432.1919231379292,-802.6182289304321,75.56886689564952,-878.1870958260816,79383.63579721712
2018-04-27,ASSA_5_min,long,187.05,185.2025837695335,185.2025837695335,stop,0.5,429.7008680992874,-793.8363579721713,95.97435503878275,-889.810713010954,78493.82508420617
2018-04-27,BOLIDEN_5_min,short,269.856623,272.9221766334764,272.9221766334764,stop,0.5,256.05105788083375,-784.9382508420617,83.38745150486444,-868.3257023469262,77625.49938185925
2018-04-27,ESSITY_5_min,short,220.0,222.0131927827718,222.0131927827718,stop,0.5,385.5840337107866,-776.2549938185925,102.25993789593883,-878.5149317145314,76746.98445014472
2018-04-27,KINNEVIK_5_min,long,154.14986722,152.86226897336113,155.36748078,eod,0.5,596.047599866523,725.7556400029264,110.6922434354708,615.0633965674556,77362.04784671217
2018-04-27,GETINGE_5_min,short,86.4,87.8201823988411,84.4,eod,0.5,544.7331829336973,1089.4663658673946,55.824256587045305,1033.6421092803494,78395.68995599252
2018-05-02,ABB_5_min,long,207.2,205.28392857142856,209.4,eod,0.5,409.14805568831156,900.1257225142924,102.27064799985035,797.8550745144421,79193.54503050697
2018-05-02,ALFA_LAVAL_5_MIN,long,220.0,217.56496459429613,222.0,eod,0.5,325.22543551113284,650.4508710222657,86.24978549755242,564.2010855247132,79757.74611603167
2018-05-02,ATLAS_5_min,long,78.75000021,77.83883948857142,79.35000009,eod,0.5,875.3422337058458,525.2052351824383,83.03496444689812,442.17027073554016,80199.91638676722
2018-05-02,BOLIDEN_5_min,long,274.702236,271.39889054972207,278.490625,eod,0.5,242.78392191776013,919.7599391701002,80.5837994222918,839.1761397478084,81039.09252651503
2018-05-02,ESSITY_5_min,long,225.2,222.9587238095238,225.8,eod,0.5,361.57566332464063,216.9453979947926,97.84237449564775,119.10302349914484,81158.19555001418
2018-05-02,GETINGE_5_min,long,83.32,81.69389538672611,83.2,eod,0.5,499.0957831834457,-59.89149398200866,49.865657889424426,-109.75715187143308,81048.43839814274
2018-05-02,HM_5_min,short,149.62,151.67960541858784,151.67960541858784,stop,0.5,393.51439681933556,-810.4843839814274,71.13943949291964,-881.6238234743471,80166.81457466839
2018-05-02,INVESTOR_5_MIN,long,96.725,95.95694434185255,95.95694434185255,stop,0.5,1043.763088316166,-801.6681457466839,120.66858077340936,-922.3367265200932,79244.4778481483
2018-05-02,KINNEVIK_5_min,long,155.46488983,154.17943787250002,154.17943787250002,stop,0.5,616.4717194275157,-792.4447784814828,114.5321826658424,-906.9769611473251,78337.50088700096
2018-05-02,SANDVIK_min,long,151.85,150.11964285714285,152.0,eod,0.5,452.7244633304489,67.90866949956991,82.53619690977413,-14.627527410204223,78322.87335959075
2018-05-02,SKF_5_min,long,181.35,179.09464285714284,182.0,eod,0.5,347.27481457934033,225.7286294765732,75.70938232644198,150.0192471501312,78472.89260674089
2018-05-02,SWEDBANK_5_MIN,long,191.25,189.4625,189.4625,stop,0.5,439.009189408342,-784.7289260674089,100.28177161357404,-885.010697680983,77587.88190905991
2018-05-02,HANDELSBANKEN_5_min,short,105.0,106.12857142857143,105.2,eod,0.5,687.4875612195152,-137.497512243905,86.70593122100526,-224.20344346491026,77363.678465595
2018-05-02,HEXAGON_5_min,short,73.599926,74.22579989679193,73.085641,eod,0.5,1236.0905105987244,635.7028082432662,108.78998244629602,526.9128257969702,77890.59129139197
2018-05-02,NORDEA_5_min,short,89.12,89.89542090124642,89.54,eod,0.5,1004.4943483750538,-421.88762631752434,107.67777616841228,-529.5654024859366,77361.02588890604
2018-05-02,ERICSSON_5_MIN,long,67.54,66.4921136074608,66.4921136074608,stop,0.5,738.257758090042,-773.6102588890603,59.370148622348296,-832.9804075114087,76528.04548139463
2018-05-02,ASSA_5_min,long,188.95,187.0526241000379,187.0526241000379,stop,0.5,403.3362365513512,-765.2804548139463,90.993290002765,-856.2737448167113,75671.77173657791
2018-05-02,SEB_5_MIN,long,83.94,83.30378730007162,84.52,eod,0.5,1189.4099527578844,689.8577725995709,120.22080038495591,569.6369722146151,76241.40870879253
2018-05-03,HM_5_min,short,151.56,153.6991873835557,145.3,eod,0.5,356.4036011752548,2231.0865433570916,63.48118382693168,2167.60535953016,78409.0140683227
2018-05-03,ESSITY_5_min,short,223.0,225.38394055608822,222.8,eod,0.5,328.90507218427933,65.78101443685213,87.97552870785104,-22.19451427099891,78386.81955405169
2018-05-04,HEXAGON_5_min,long,72.799927,72.17596844918651,72.17596844918651,stop,0.5,1256.2824798515087,-783.8681955405169,109.27840647215824,-893.1466020126752,77493.67295203902
2018-05-04,ASSA_5_min,short,188.0,190.01071902864732,187.55,eod,0.5,385.40279297088995,173.4312568368961,86.84281134013062,86.58844549676547,77580.26139753578
2018-05-07,GETINGE_5_min,short,86.08,87.6852779895899,87.6852779895899,stop,0.5,483.28240903218773,-775.8026139753579,50.38662129177408,-826.189235267132,76754.07216226865
2018-05-08,KINNEVIK_5_min,long,154.58820754,153.26107580494133,156.39027623,eod,0.5,578.34554125009,1042.21839188789,107.91181170785579,934.3065801800342,77688.3787424487
2018-05-08,INVESTOR_5_MIN,short,97.55,98.3319246640374,98.3319246640374,stop,0.5,993.553245159336,-776.883787424487,116.77147315080654,-893.6552605752935,76794.7234818734
2018-05-11,ALFA_LAVAL_5_MIN,short,228.9,231.35,227.3,eod,0.5,313.4478509464235,501.5165615142758,85.79694576105504,415.71961575322075,77210.44309762662
2018-05-11,ASSA_5_min,short,192.0,193.96186015389765,191.4,eod,0.5,393.5573233608516,236.13439401650874,90.53392666593031,145.6004673505784,77356.0435649772
2018-05-11,BOLIDEN_5_min,long,284.041055,280.8050126179325,283.512443,eod,0.5,239.04521150169668,-126.3621673423236,81.40256758076265,-207.76473492308625,77148.27883005411
2018-05-11,ERICSSON_5_MIN,long,69.0,67.86181294785239,67.86181294785239,stop,0.5,677.817224194258,-771.4827883005412,55.66037649030422,-827.1431647908454,76321.13566526327
2018-05-11,ESSITY_5_min,short,232.8,235.03640375068946,229.1,eod,0.5,341.26724944784536,1262.6888229570336,94.57880551197586,1168.1100174450578,77489.24568270832
2018-05-11,HEXAGON_5_min,long,68.542789,67.75592747843184,67.75592747843184,stop,0.5,984.7888549471588,-774.8924568270833,80.5352741589374,-855.4277309860206,76633.8179517223
2018-05-11,HM_5_min,short,143.94,146.32395447148016,138.86,eod,0.5,321.45671768698406,1633.000125849874,54.54477585712745,1578.4553499927465,78212.27330171505
2018-05-11,HUSQVARNA_5_min,long,86.62,85.52638533139688,85.52638533139688,stop,0.5,715.1721309811595,-782.1227330171505,73.86857834289536,-855.9913113600459,77356.281990355
2018-05-11,INVESTOR_5_MIN,long,97.0,96.22866909921864,96.22866909921864,stop,0.5,1002.8935948500497,-773.56281990355,116.27267674860366,-889.8354966521537,76466.44649370284
2018-05-11,KINNEVIK_5_min,long,157.60788979,156.23941514614586,156.23941514614586,stop,0.5,558.7713797775923,-764.6644649370284,105.22133497118938,-869.8857999082177,75596.56069379461
2018-05-11,NORDEA_5_min,short,90.46,91.26999794881505,91.26999794881505,stop,0.5,933.2932361666468,-755.9656069379462,101.76442673652458,-857.7300336744707,74738.83066012015
2018-05-11,SANDVIK_min,short,158.75,160.425,157.9,eod,0.5,446.20197409026656,379.27167797672405,84.77391305740973,294.4977649193143,75033.32842503946
2018-05-11,SEB_5_MIN,short,86.16,86.82897514086841,85.14,eod,0.5,1121.6160936509093,1144.048415523923,115.27970210544044,1028.7687134184825,76062.09713845795
2018-05-11,SWEDBANK_5_MIN,short,195.05,196.64999999999998,195.0,eod,0.5,475.3881071153723,23.76940535577402,111.25507870821056,-87.48567335243655,75974.61146510551
2018-05-11,VOLVO_5_MIN,short,158.05,159.63599478508218,157.0,eod,0.5,479.03443428516425,502.9861559994279,90.5518791129246,412.4342768865033,76387.04574199201
2018-05-11,SKF_5_min,short,185.45,187.65744175455418,184.1,eod,0.5,346.0433127370047,467.1584721949544,76.72818373317604,390.4302884617784,76777.47603045379
2018-05-11,ATLAS_5_min,short,79.2750001,80.18423174473655,80.18423174473655,stop,0.5,844.4215121076218,-767.774760304538,80.79048340431136,-848.5652437088493,75928.91078674495
2018-05-11,ABB_5_min,short,207.5,209.56764994153653,206.9,eod,0.5,367.22323862191104,220.33394317314455,91.30638605095196,129.0275571221926,76057.93834386714
2018-05-14,ATLAS_5_min,short,80.13750007,81.06400963964589,80.25000004,eod,0.5,820.9082867102662,-92.35215762765782,78.99805675502564,-171.35021438268348,75886.58812948446
2018-05-14,BOLIDEN_5_min,short,281.574197,284.9047899491771,283.160034,eod,0.5,227.84708094765801,-361.3283313087842,77.20382762674222,-438.5321589355264,75448.05597054893
2018-05-15,GETINGE_5_min,short,84.36,86.03785714285713,84.44,eod,0.5,449.6691288155342,-35.973530305241965,45.542489366437295,-81.51601967167926,75366.53995087725
2018-05-15,HM_5_min,short,138.02,140.5442684340142,138.34,eod,0.5,298.5678501355977,-95.54171204338924,49.50732663808427,-145.04903868147352,75221.49091219578
2018-05-17,KINNEVIK_5_min,short,155.27007173,156.75335544781748,156.75335544781748,stop,0.5,507.1281374468126,-752.2149091219578,94.94151567867466,-847.1564248006325,74374.33448739514
2018-05-18,KINNEVIK_5_min,long,157.60788979,156.10883549394302,157.2669577,eod,0.5,496.1416986897985,-169.150626270461,93.7335250250279,-262.8841512954889,74111.45033609966
2018-05-18,SANDVIK_min,long,161.45,159.7731505497916,162.8,eod,0.5,441.9684207600744,596.6573680261105,85.98495625887246,510.67241176723803,74622.1227478669
2018-05-18,HM_5_min,short,144.98,147.61828545956854,144.76,eod,0.5,282.8432475994094,62.225514471869744,49.170601535671715,13.05491293619803,74635.1776608031
2018-05-21,GETINGE_5_min,long,85.97,84.39050994280394,86.44,eod,0.5,472.52704960547294,222.08771331457174,48.88103317348775,173.206680141084,74808.38434094419
2018-05-21,HANDELSBANKEN_5_min,short,107.4,108.47142857142859,106.6,eod,0.5,698.2115871821378,558.5692697457182,89.6503677941865,468.9189019515317,75277.30324289572
2018-05-22,ABB_5_min,short,213.0,214.73505625879045,214.5,eod,0.5,433.86087835199845,-650.7913175279976,111.2853152972876,-762.0766328252853,74515.22661007044
2018-05-22,HEXAGON_5_min,short,69.257074,69.96479565889908,69.96479565889908,stop,0.5,1052.8888818520206,-745.1522661007043,87.95109520470359,-833.1033613054079,73682.12324876504
2018-05-22,NORDEA_5_min,short,88.36,89.23408786732615,89.23408786732615,stop,0.5,842.9601416864376,-736.8212324876504,89.82284248278893,-826.6440749704393,72855.4791737946
2018-05-22,BOLIDEN_5_min,short,290.167026,293.00552493042267,291.108835,eod,0.5,256.6690386701911,-241.73321064092838,89.51730986703458,-331.25052050796296,72524.22865328664
2018-05-22,GETINGE_5_min,short,86.18,87.76668596572489,85.22,eod,0.5,457.07991511826174,438.7967185135349,47.00609847076203,391.7906200427729,72916.01927332941
2018-05-22,HANDELSBANKEN_5_min,short,106.2,107.12857142857143,106.8,eod,0.5,785.2494383281612,-471.14966299689223,100.354878218339,-571.5045412152313,72344.51473211418
2018-05-23,ABB_5_min,long,214.8,213.15280457781623,213.15280457781623,stop,0.5,439.1981288789813,-723.4451473211419,112.77364261145354,-836.2187899325954,71508.29594218159
2018-05-23,ALFA_LAVAL_5_MIN,short,229.7,231.2936533805178,225.0,eod,0.5,448.70670634129107,2108.921519804063,122.41616362403101,1986.5053561800319,73494.80129836162
2018-05-23,ATLAS_5_min,short,81.25000005,82.0092374582243,81.07499994,eod,0.5,968.0081684890899,169.40153596648847,94.27915556418687,75.1223804023016,73569.92367876392
2018-05-23,HANDELSBANKEN_5_min,short,105.8,106.64285714285712,106.2,eod,0.5,872.8635012734863,-349.1454005093995,111.02823736198745,-460.173637871387,73109.75004089254
2018-05-23,KINNEVIK_5_min,short,157.6565939,158.9418000480363,154.53950343,eod,0.5,568.8562115314988,1773.1762757651356,106.55681350923771,1666.6194622558978,74776.36950314844
2018-05-23,SKF_5_min,short,186.4,187.9831227989588,183.4,eod,0.5,472.3346132866555,1417.0038398599665,104.80160399604311,1312.2022358639235,76088.57173901236
2018-05-24,KINNEVIK_5_min,short,150.7405496,152.06426934071428,149.66904921,eod,0.5,574.8087710617328,615.907822368074,103.60684338427458,512.3009789837994,76600.87271799616
2018-05-24,ALFA_LAVAL_5_MIN,long,227.2,225.45175654367705,225.45175654367705,stop,0.5,438.15907012808117,-766.0087271799616,119.00008364341207,-885.0088108233737,75715.86390717278
2018-05-25,ABB_5_min,long,209.6,207.95357142857142,207.95357142857142,stop,0.5,459.8794337095091,-757.1586390717279,115.21457998317268,-872.3732190549006,74843.49068811788
2018-05-25,BOLIDEN_5_min,long,282.094373,279.3224812675264,279.3224812675264,stop,0.5,270.00870853396844,-748.4349068811787,90.95246386198679,-839.3873707431654,74004.10331737471
2018-05-25,HUSQVARNA_5_min,long,85.96,85.29851618914512,85.94,eod,0.5,1118.7591004190226,-22.375182008376,115.38881361721798,-137.76399562559396,73866.33932174912
2018-05-25,SEB_5_MIN,short,83.32,84.00450707603741,82.98,eod,0.5,1079.117249588682,366.8998648601402,107.67431916395867,259.22554569618154,74125.56486744531
2018-05-25,SWEDBANK_5_MIN,short,187.3,188.7892857142857,186.05,eod,0.5,497.72561541690385,622.1570192711298,111.49551510954063,510.66150416158916,74636.2263716069
2018-05-25,KINNEVIK_5_min,long,151.90945822,150.44089346431025,150.44089346431025,stop,0.5,508.22564059527485,-746.362263716069,92.19732070137911,-838.5595844174481,73797.66678718945
2018-05-25,SANDVIK_min,long,160.05,158.66982596425214,158.66982596425214,stop,0.5,534.6982690280863,-737.9766678718946,102.25136354881111,-840.2280314207057,72957.43875576874
2018-05-25,VOLVO_5_MIN,long,160.75,159.42189522247511,160.15,eod,0.5,549.3349620482163,-329.60097722892664,105.76895359276357,-435.3699308216902,72522.06882494705
2018-05-28,ESSITY_5_min,short,232.6,234.76071428571424,229.0,eod,0.5,335.63932679314905,1208.3015764553347,92.95866794863056,1115.3429085067041,73637.41173345376
2018-05-29,GETINGE_5_min,short,82.46,83.39428571428572,83.39428571428572,stop,0.5,788.1680154956765,-736.3741173345376,78.4326259397289,-814.8067432742664,72822.60499017949
2018-05-29,HUSQVARNA_5_min,short,85.42,86.08341609818086,85.36,eod,0.5,1097.691255757357,65.86147534544392,112.47822759494485,-46.616752249500934,72775.98823793
2018-05-29,SWEDBANK_5_MIN,short,183.9,185.39261374655754,183.7,eod,0.5,487.57415242741496,97.5148304854913,107.53935505939064,-10.024524573899342,72765.96371335609
2018-05-29,VOLVO_5_MIN,short,157.3,158.6817181191308,157.6,eod,0.5,526.6339255877411,-157.99017767631335,99.50221390054782,-257.49239157686117,72508.47132177923
2018-05-29,KINNEVIK_5_min,long,148.93848173,147.47621596696996,148.50014059,eod,0.5,495.8638378534568,-217.35751996946223,88.49343407366402,-305.85095404312625,72202.6203677361
2018-05-29,ESSITY_5_min,long,229.7,227.45484972251668,229.0,eod,0.5,321.5937084116768,-225.1155958881701,88.50902042906168,-313.6246163172318,71888.99575141887
2018-05-30,ALFA_LAVAL_5_MIN,short,222.1,223.92528410914926,220.7,eod,0.5,393.8509922432028,551.3913891404862,104.63833161917411,446.75305752131214,72335.74880894019
2018-05-30,ATLAS_5_min,short,80.88750007,81.64740398974602,80.03750013,eod,0.5,951.9065098797811,809.1204762834267,91.91133317567105,717.2091431077556,73052.95795204795
2018-05-30,GETINGE_5_min,short,82.88,83.75243608297154,83.75243608297154,stop,0.5,837.3445273288919,-730.5295795204795,83.71725505773456,-814.246834578214,72238.71111746973
2018-05-30,KINNEVIK_5_min,short,147.62345913,149.05581898765695,147.81827723,eod,0.5,504.33353553789885,-98.25330115978623,89.40070526633674,-187.65400642612298,72051.05711104361
2018-05-30,NORDEA_5_min,short,85.26,86.15554632662611,85.08,eod,0.5,804.5486310293962,144.8187535852968,82.2280882857284,62.5906652995684,72113.64777634318
2018-05-30,SKF_5_min,short,178.85,180.42592799330168,173.5,eod,0.5,457.5948145020228,2448.1322575858194,96.74011973387265,2351.3921378519467,74465.03991419512
2018-05-30,VOLVO_5_MIN,short,157.05,158.4255229591837,155.1,eod,0.5,541.3580298098917,1055.648158129298,101.39094540309462,954.2572127262034,75419.29712692133
2018-05-30,INVESTOR_5_MIN,short,92.075,92.86706214962304,91.475,eod,0.5,952.1891326686359,571.3134796011897,104.86458918079687,466.4488904203928,75885.74601734172
2018-05-30,HANDELSBANKEN_5_min,short,103.6,104.52142857142856,104.52142857142856,stop,0.5,823.5662358471263,-758.8574601734172,102.84106891661878,-861.6985290900359,75024.04748825169
2018-05-30,HM_5_min,long,134.38,132.37558822903137,137.74,eod,0.5,374.2945864461591,1257.6298104590996,61.111825718237284,1196.5179847408624,76220.56547299254
2018-05-30,SWEDBANK_5_MIN,long,184.05,182.47950384421233,182.47950384421233,stop,0.5,485.32793405510904,-762.2056547299254,106.73220412257342,-868.9378588524988,75351.62761414004
2018-05-31,ATLAS_5_min,short,80.17500015,80.96316979428572,78.98750002,eod,0.5,956.0331098824281,1135.289442269691,91.29877200851254,1043.9906702611786,76395.61828440122
2018-05-31,GETINGE_5_min,short,82.36,83.22894494300266,83.22894494300266,stop,0.5,879.1767407082702,-763.9561828440122,87.34916934738617,-851.3053521913984,75544.31293220982
2018-05-31,SEB_5_MIN,short,80.52,81.24945644080417,81.24945644080417,stop,0.5,1035.624729681294,-755.4431293220982,100.51946975831858,-855.9625990804168,74688.3503331294
2018-05-31,SKF_5_min,short,172.95,174.71428674470366,170.4,eod,0.5,423.33453197073226,1079.50305652536,87.21114693129054,992.2919095940696,75680.64224272348
2018-05-31,VOLVO_5_MIN,short,155.35,156.73482142857142,151.2,eod,0.5,546.5010916302408,2267.9795302655025,100.51794578355018,2167.4615844819523,77848.10382720543
2018-05-31,HUSQVARNA_5_min,long,85.8,85.11976290516206,86.14,eod,0.5,1144.426030540904,389.1048503839113,118.06356701472183,271.0412833691895,78119.14511057462
2018-06-01,ALFA_LAVAL_5_MIN,short,220.3,222.08214285714286,222.08214285714286,stop,0.5,438.34390042006123,-781.1914511057463,116.34930838571083,-897.5407594914572,77221.60435108317
2018-06-01,ASSA_5_min,short,189.7,190.89401343519495,190.89401343519495,stop,0.5,646.7398278351388,-772.2160435108317,147.68718403449748,-919.9032275453292,76301.70112353783
2018-06-01,ESSITY_5_min,short,223.3,225.60958277554664,224.1,eod,0.5,330.37006480739274,-264.29605184590855,88.6845401968965,-352.98059204280503,75948.72053149503
2018-06-01,HM_5_min,short,130.16,132.0686991441738,132.0686991441738,stop,0.5,397.908286192324,-759.4872053149503,62.605783360140435,-822.0929886750907,75126.62754281993
2018-06-01,INVESTOR_5_MIN,short,91.8,92.55515149157947,92.55515149157947,stop,0.5,994.8550506824229,-751.2662754281993,110.04399214843261,-861.3102675766319,74265.3172752433
2018-06-01,NORDEA_5_min,short,85.32,86.15204404093097,86.15204404093097,stop,0.5,892.5647396278113,-742.6531727524331,91.82994020570528,-834.4831129581383,73430.83416228516
2018-06-01,SANDVIK_min,short,153.3,154.80357142857144,154.80357142857144,stop,0.5,488.37609419096856,-734.3083416228516,90.28225129234428,-824.5905929151959,72606.24356936997
2018-06-01,VOLVO_5_MIN,long,152.95,151.50220528122955,154.45,eod,0.5,501.4954304504709,752.2431456757064,92.49581719228483,659.7473284834216,73265.9908978534
2018-06-01,ABB_5_min,short,201.4,203.07553779636388,203.07553779636388,stop,0.5,437.2685060095328,-732.659908978534,106.118648477771,-838.778557456305,72427.21234039709
2018-06-01,SKF_5_min,short,172.0,173.86444545869463,173.86444545869463,stop,0.5,388.465170716799,-724.2721234039709,80.61377450998968,-804.8858979139605,71622.32644248313
2018-06-04,ASSA_5_min,short,192.3,193.54074882097368,192.25,eod,0.5,577.2508120239703,28.862540601205076,133.18907985829065,-104.32653925708559,71517.99990322604
2018-06-04,KINNEVIK_5_min,short,151.37370802,152.78613962000003,150.83795865,eod,0.5,506.3466429328335,271.2748949528902,91.81431772409458,179.46057722879561,71697.46048045483
2018-06-05,ABB_5_min,short,200.6,202.45178571428568,202.45178571428568,stop,0.5,387.1801144556933,-716.9746048045483,93.6321819146572,-810.6067867192055,70886.85369373563
2018-06-05,INVESTOR_5_MIN,short,92.825,93.58015376182783,93.58015376182783,stop,0.5,938.7075490712789,-708.8685369373562,104.98795501321217,-813.8564919505684,70072.99720178505
2018-06-05,VOLVO_5_MIN,long,154.0,152.44459856396867,153.65,eod,0.5,450.5139032183169,-157.67986612640834,83.1603613950691,-240.84022752147746,69832.15697426358
2018-06-05,ESSITY_5_min,short,220.4,222.652033887344,218.1,eod,0.5,310.08484093737223,713.1951341559596,81.58332165062262,631.611812505337,70463.76878676891
2018-06-05,HEXAGON_5_min,long,73.971355,73.37405299950679,73.999926,eod,0.5,1179.7008670418693,33.70523347225261,104.73710909579765,-71.03187562354503,70392.73691114536
2018-06-05,HUSQVARNA_5_min,short,88.04,88.78642857142857,87.98,eod,0.5,943.0605901971688,56.583635411832276,99.59851505190339,-43.014879640071115,70349.72203150528
2018-06-07,ALFA_LAVAL_5_MIN,short,225.8,227.74107142857142,223.3,eod,0.5,362.42727081548696,906.0681770387174,97.65965239394112,808.4085246447763,71158.13055615006
2018-06-07,ATLAS_5_min,short,80.28750013,81.09698298251121,79.80000015,eod,0.5,879.0566759431722,428.54011194115895,84.43559151371306,344.1045204274459,71502.2350765775
2018-06-07,BOLIDEN_5_min,long,294.248201,291.4158089160261,291.4158089160261,stop,0.5,252.44469323702705,-715.0223507657751,88.70866279393101,-803.7310135597061,70698.5040630178
2018-06-07,ERICSSON_5_MIN,short,64.45,65.00545573378236,63.58,eod,0.5,1272.801769127475,1107.337539140909,97.77408630083436,1009.5634528400747,71708.06751585787
2018-06-07,ESSITY_5_min,short,219.7,222.01007983384176,215.2,eod,0.5,310.413806767033,1396.8621304516485,80.9993787377896,1315.8627517138589,73023.93026757172
2018-06-07,HEXAGON_5_min,long,75.571353,74.95194089114614,75.371353,eod,0.5,1178.923195458549,-235.78463909171313,106.76991437320815,-342.5545534649213,72681.37571410679
2018-06-07,HM_5_min,short,135.22,137.14771605981247,132.0,eod,0.5,377.03361625351283,1214.048244336311,60.45055376115821,1153.5976905751527,73834.97340468195
2018-06-07,KINNEVIK_5_min,short,150.69184466,152.10455902391982,149.03589078,eod,0.5,522.6461575701221,865.4779324953342,93.99092954694605,771.4870029483882,74606.46040763034
2018-06-07,SKF_5_min,long,175.1,173.14352551020409,173.14352551020409,stop,0.5,381.3311177669021,-746.0646040763033,79.67765570273569,-825.742259779039,73780.7181478513
2018-06-07,ASSA_5_min,short,190.45,191.7101799189621,188.25,eod,0.5,585.4776531323995,1288.0508368912722,133.0322323447438,1155.0186045465284,74935.73675239782
2018-06-07,HUSQVARNA_5_min,long,88.82,88.10562427540899,88.10562427540899,stop,0.5,1048.9681294153684,-749.3573675239782,111.35360468509322,-860.7109722090713,74075.02578018875
2018-06-07,INVESTOR_5_MIN,long,92.8,92.02726222564498,92.02726222564498,stop,0.5,958.6049529158407,-740.7502578018875,106.3057974020269,-847.0560552039144,73227.96972498484
2018-06-07,NORDEA_5_min,short,85.62,86.42580106421775,85.04,eod,0.5,908.7599033648944,527.0807439516371,93.05337906495173,434.0273648866854,73661.99708987153
2018-06-07,SEB_5_MIN,short,80.22,80.90745781637716,80.06,eod,0.5,1071.5129762879612,171.44207620607014,103.04525990366065,68.39681630240949,73730.39390617394
2018-06-07,ABB_5_min,short,201.0,202.9060836704279,200.2,eod,0.5,386.81614584957816,309.45291667966694,93.11438262891043,216.3385340507565,73946.73244022469
2018-06-07,SANDVIK_min,short,155.15,156.74026265214607,156.74026265214607,stop,0.5,464.9969760682819,-739.4673244022468,87.01681739903407,-826.4841418012809,73120.24829842341
2018-06-07,SWEDBANK_5_MIN,short,185.3,186.75948178331734,185.15,eod,0.5,501.0014454049897,75.1502168107513,111.35759127016706,-36.20737445941576,73084.040923964
2018-06-07,GETINGE_5_min,long,86.42,85.39988464118042,85.72,eod,0.5,716.4291792305988,-501.50042546142123,73.99567134765316,-575.4960968090744,72508.54482715492
2018-06-08,ABB_5_min,long,201.2,199.28882948388937,200.7,eod,0.5,379.39338335291814,-189.69669167645907,91.48692046172265,-281.18361213818173,72227.36121501675
2018-06-08,ALFA_LAVAL_5_MIN,short,220.7,222.7517857142857,222.7517857142857,stop,0.5,352.0219519617899,-722.2736121501673,93.66285792485053,-815.9364700750178,71411.42474494173
2018-06-08,BOLIDEN_5_min,short,284.067688,287.0784920070182,287.0784920070182,stop,0.5,237.18390362999534,-714.1142474494173,81.28000831045473,-795.3942557598721,70616.03048918185
2018-06-08,ESSITY_5_min,long,215.3,212.8857142857143,216.8,eod,0.5,292.49243397886016,438.73865096829024,75.83158843335929,362.90706253493096,70978.93755171678
2018-06-08,HEXAGON_5_min,short,74.771354,75.4392101017319,75.114211,eod,0.5,1062.787887505296,-364.38426674639805,95.57793779633265,-459.9622045427307,70518.97534717406
2018-06-08,HUSQVARNA_5_min,short,87.46,88.1821389486027,88.1821389486027,stop,0.5,976.5291774335672,-705.1897534717406,102.91180408209078,-808.1015575538313,69710.87378962022
2018-06-08,SANDVIK_min,short,153.6,155.22268606759332,155.22268606759332,stop,0.5,429.60172754186254,-697.1087378962022,79.60245566325382,-776.7111935594561,68934.16259606076
2018-06-08,SEB_5_MIN,short,79.46,80.15840677296559,80.15840677296559,stop,0.5,987.0202475750668,-689.3416259606076,94.52795962235413,-783.8695855829618,68150.2930104778
2018-06-08,NORDEA_5_min,short,84.4,85.23793575655114,84.52,eod,0.5,813.3116707058571,-97.59740048469499,82.43076444938004,-180.02816493407502,67970.26484554373
2018-06-11,ABB_5_min,long,201.3,199.40789445629,200.9,eod,0.5,359.23083187140026,-143.69233274856214,86.6895843472063,-230.38191709576844,67739.88292844796
2018-06-11,ATLAS_5_min,long,80.48750002,79.64484288477871,81.58749996,eod,0.5,803.8842857559024,884.2726660984383,78.17372735868612,806.0989387397522,68545.98186718771
2018-06-11,SANDVIK_min,short,154.55,156.18697040750325,155.75,eod,0.5,418.7368418695863,-502.4842102434988,77.96042521927959,-580.4446354627784,67965.53723172494
2018-06-11,SEB_5_MIN,long,81.78,81.07418459974765,82.02,eod,0.5,962.9364449603314,231.10474679047462,94.63739381070137,136.46735297977324,68102.00458470471
2018-06-11,SKF_5_min,short,170.85,172.84289317042604,172.84289317042604,stop,0.5,341.724311143812,-681.0200458470472,70.46893029821256,-751.4889761452597,67350.51560855945
2018-06-11,HANDELSBANKEN_5_min,long,106.8,105.76428571428572,105.76428571428572,stop,0.5,650.2808403585102,-673.5051560855945,82.93588940669531,-756.4410454922898,66594.07456306716
2018-06-11,HEXAGON_5_min,short,74.08564,74.75145567857143,74.199926,eod,0.5,1000.1878403637264,-114.30746752381583,88.9880520087917,-203.29551953260753,66390.77904353455
2018-06-12,ATLAS_5_min,short,81.67500015,82.54861665769398,82.54861665769398,stop,0.5,759.9533486241145,-663.9077904353455,74.88137250970227,-738.7891629450478,65651.9898805895
2018-06-12,ERICSSON_5_MIN,long,63.54,62.93571428571429,63.7,eod,0.5,1086.439548851373,173.8303278162237,82.94314091750923,90.88718689871448,65742.87706748823
2018-06-12,HM_5_min,long,139.58,137.68326829268292,144.78,eod,0.5,346.61136740567815,1802.3791105095224,59.137445061287174,1743.2416654482352,67486.11873293646
2018-06-12,HUSQVARNA_5_min,long,88.96,88.25897050318102,88.25897050318102,stop,0.5,962.6715999706812,-674.8611873293646,102.36220192767252,-777.2233892570371,66708.89534367943
2018-06-12,INVESTOR_5_MIN,short,92.275,93.06678455473097,91.725,eod,0.5,842.51321833811,463.3822700859701,93.01345930452733,370.3688107814428,67079.26415446086
2018-06-12,KINNEVIK_5_min,long,150.0099813,148.54362678857143,149.37682205,eod,0.5,457.45598101723994,-289.6424858488924,82.17377029805382,-371.8162561469462,66707.44789831391
2018-06-13,ALFA_LAVAL_5_MIN,short,220.6,222.77364476319698,222.77364476319698,stop,0.5,306.8921335618835,-667.0744789831391,81.64073028389168,-748.7152092670308,65958.73268904688
2018-06-13,ERICSSON_5_MIN,long,64.86,64.29571428571428,66.62,eod,0.5,1168.8889337299397,2057.2445233647,92.21131020408747,1965.0332131606124,67923.7659022075
2018-06-13,HANDELSBANKEN_5_min,long,107.4,106.34285714285714,106.34285714285714,stop,0.5,642.5221098857423,-679.2376590220749,82.40070692666123,-761.6383659487361,67162.12753625876
2018-06-13,HM_5_min,short,144.26,146.33714285714285,144.46,eod,0.5,323.33899088982855,-64.66779817797122,56.01266006982678,-120.680458247798,67041.44707801097
2018-06-14,ATLAS_5_min,short,62.09999998,63.69227335185222,63.57499993,eod,0.5,421.04231762680655,-621.0373974474227,31.748695937913055,-652.7860933853358,66388.66098462563
2018-06-14,ERICSSON_5_MIN,short,66.06,66.675,66.675,stop,0.5,1079.4904225142468,-663.8866098462563,85.97169673945713,-749.8583065857134,65638.80267803992
2018-06-14,HANDELSBANKEN_5_min,short,105.0,106.10000000000001,106.10000000000001,stop,0.5,596.7163879821766,-656.3880267803993,75.58009770182248,-731.9681244822218,64906.8345535577
2018-06-14,HUSQVARNA_5_min,short,86.56,87.25948913759052,87.25948913759052,stop,0.5,927.9176911472531,-649.068345535577,96.77410742216881,-745.8424529577458,64160.99210059996
2018-06-14,INVESTOR_5_MIN,long,91.65,90.91299077900811,93.525,eod,0.5,870.5588786833599,1632.2978975313,96.7234442161147,1535.574453315185,65696.56655391514
2018-06-14,KINNEVIK_5_min,long,151.08148087,149.69469387841917,154.53950343,eod,0.5,473.7322094363312,1638.176667629473,86.86950248552716,1551.307165143946,67247.87371905908
2018-06-14,NORDEA_5_min,short,84.42,85.17107142857144,85.17107142857144,stop,0.5,895.3592316374875,-672.4787371905908,91.10695884411837,-763.5856960347091,66484.28802302436
2018-06-14,SEB_5_MIN,long,82.08,81.37634249397632,83.14,eod,0.5,944.8387525732942,1001.529077727694,93.6637552200958,907.8653225075982,67392.15334553196
2018-06-14,SWEDBANK_5_MIN,long,187.6,186.0793881912904,189.85,eod,0.5,443.1910429705385,997.1798466837116,100.36947550153782,896.8103711821738,68288.96371671413
2018-06-15,ERICSSON_5_MIN,long,68.26,67.59980656506448,68.2,eod,0.5,1034.378109551841,-62.062686573112806,84.69074209766654,-146.75342867077936,68142.21028804335
2018-06-15,HM_5_min,long,136.58,134.16576490933866,134.16576490933866,stop,0.5,282.2517597877207,-681.4221028804335,45.85108116044,-727.2731840408735,67414.93710400249
2018-06-15,KINNEVIK_5_min,long,154.83173058,153.48497428331598,155.17266268,eod,0.5,500.5726520083207,170.6612854517677,93.10783276103312,77.55345269073457,67492.49055669321
2018-06-15,HUSQVARNA_5_min,short,87.14,87.86531168236526,86.74,eod,0.5,930.5308627678319,372.21234510713805,97.08042385084235,275.1319212562957,67767.62247794951
2018-06-15,INVESTOR_5_MIN,short,93.0,93.75778437380315,92.925,eod,0.5,894.2863540170301,67.0714765512798,99.76211422236979,-32.69063767108999,67734.93184027843
2018-06-18,ASSA_5_min,short,187.6,189.01964285714286,188.4,eod,0.5,477.12656390636243,-381.7012511250954,107.63975281727537,-489.3410039423708,67245.59083633605
2018-06-18,HANDELSBANKEN_5_min,long,103.4,102.28355481727576,102.8,eod,0.5,602.3187871369505,-361.39127228217546,74.51888034458351,-435.910152626759,66809.68068370929
2018-06-18,BOLIDEN_5_min,short,269.267824,272.2514651916413,270.882355,eod,0.5,223.91995683287348,-361.5257118253359,72.57024285896932,-434.09595468430524,66375.58472902498
2018-06-19,ASSA_5_min,short,185.45,186.9017857142857,186.9017857142857,stop,0.5,457.199599609523,-663.7558472902498,102.14345240547739,-765.8992996957272,65609.68542932926
2018-06-19,ATLAS_5_min,short,60.80000014,62.390178695,60.90000009,eod,0.5,412.5931973049983,-41.259299100838845,30.12755532414883,-71.38685442498767,65538.29857490427
2018-06-19,GETINGE_5_min,short,81.82,83.11547857491799,81.92,eod,0.5,505.9002892352195,-50.59002892352626,49.7016680156249,-100.29169693915117,65438.00687796512
2018-06-19,HANDELSBANKEN_5_min,short,101.6,102.72857142857141,102.72857142857141,stop,0.5,579.830440690835,-654.3800687796512,71.08555537029437,-725.4656241499456,64712.54125381517
2018-06-19,HUSQVARNA_5_min,short,84.72,85.4621563342318,85.4621563342318,stop,0.5,871.9529601643554,-647.1254125381517,89.03450098967191,-736.1599135278236,63976.38134028735
2018-06-19,SEB_5_MIN,short,80.68,81.40963825569872,81.40963825569872,stop,0.5,876.8232866164924,-639.7638134028736,85.27438160510405,-725.0381950079776,63251.343145279374
2018-06-19,SWEDBANK_5_MIN,short,185.8,187.2679599246907,187.2679599246907,stop,0.5,430.8792228003564,-632.5134314527937,96.44833957443915,-728.9617710272329,62522.38137425214
2018-06-19,VOLVO_5_MIN,short,142.9,144.4878372807675,144.4878372807675,stop,0.5,393.7581144588766,-625.2238137425214,67.89677575565366,-693.1205894981751,61829.26078475396
2018-06-19,ALFA_LAVAL_5_MIN,short,215.6,217.7032407407407,217.7032407407407,stop,0.5,293.9713918007267,-618.2926078475397,76.42725405139252,-694.7198618989322,61134.54092285503
2018-06-19,NORDEA_5_min,long,83.52,82.76622877722517,85.38,eod,0.5,811.0490169391543,1508.5511715068264,82.19170737661389,1426.3594641302125,62560.90038698524
2018-06-19,ERICSSON_5_MIN,long,68.36,67.70421174294961,69.94,eod,0.5,953.9801866592162,1507.28869492156,79.16127588898175,1428.1274190325782,63989.02780601782
2018-06-19,INVESTOR_5_MIN,short,90.6,91.3580357142857,90.9,eod,0.5,844.1426518579536,-253.24279555739568,91.92713478733114,-345.1699303447268,63643.85787567309
2018-06-19,ABB_5_min,long,199.55,197.78394424737542,199.4,eod,0.5,360.3728692091957,-54.0559303813814,86.26245370260517,-140.3183840839866,63503.53949158911
2018-06-20,ASSA_5_min,long,188.15,186.63329594281151,191.0,eod,0.5,418.6943338788543,1193.2788515547325,95.24877401410055,1098.030077540632,64601.56956912974
2018-06-20,ERICSSON_5_MIN,long,71.14,70.45214285714286,70.45214285714286,stop,0.5,939.1713125314844,-646.0156956912974,79.78756719077298,-725.8032628820704,63875.766306247664
2018-06-20,NORDEA_5_min,long,85.66,84.89892857142857,86.4,eod,0.5,839.2874033669355,621.0726784915398,86.64467437398893,534.4280041175509,64410.194310365216
2018-06-20,SKF_5_min,long,167.1,165.14288602233344,168.65,eod,0.5,329.1080389051274,510.1174603029512,66.29881443743791,443.8186458655133,64854.01295623073
2018-06-20,ALFA_LAVAL_5_MIN,long,218.3,216.1434649410223,218.2,eod,0.5,300.7324767860455,-30.073247678611384,78.76183567026531,-108.8350833488767,64745.177872881846
2018-06-20,SANDVIK_min,long,157.55,155.9172273596939,157.0,eod,0.5,396.53517136803146,-218.09434425242182,74.83808289228857,-292.9324271447104,64452.245445737135
2018-06-21,ERICSSON_5_MIN,short,70.6,71.3,68.64,eod,0.5,920.7463635105269,1804.662872480627,76.92283419312344,1727.7400382875035,66179.98548402464
2018-06-21,VOLVO_5_MIN,short,143.15,144.6569829842932,144.6569829842932,stop,0.5,439.1554926219998,-661.7998548402464,75.83521043551129,-737.6350652757577,65442.35041874888
2018-06-21,SKF_5_min,short,167.3,169.09535543608123,165.45,eod,0.5,364.5091612699927,674.3419483494948,72.77425404755404,601.5676943019408,66043.91811305082
2018-06-25,ALFA_LAVAL_5_MIN,short,214.5,216.63471907868458,210.5,eod,0.5,309.37990282893423,1237.519611315737,78.89187522137821,1158.6277360943586,67202.54584914519
2018-06-25,ASSA_5_min,long,189.0,187.39345348529022,187.39345348529022,stop,0.5,418.3043891591608,-672.0254584914519,94.46822018620279,-766.4936786776547,66436.05217046753
2018-06-25,ERICSSON_5_MIN,short,68.6,69.34320232896653,67.7,eod,0.5,893.9160923089526,804.5244830780497,73.10445802902612,731.4200250490236,67167.47219551656
2018-06-25,ESSITY_5_min,long,220.0,217.85714285714286,220.1,eod,0.5,313.44820357907787,31.344820357906006,82.76913263709129,-51.42431227918529,67116.04788323738
2018-06-25,INVESTOR_5_MIN,long,90.275,89.5575377556683,89.5575377556683,stop,0.5,935.4645267188179,-671.1604788323738,100.9361758921501,-772.0966547245239,66343.95122851286
2018-06-25,KINNEVIK_5_min,long,150.54573149,149.22249395691153,149.22249395691153,stop,0.5,501.3759780049785,-663.4395122851286,90.1779523249573,-753.6174646100859,65590.33376390277
2018-06-25,SANDVIK_min,short,152.55,154.22211817416127,149.9,eod,0.5,392.2589609840422,1039.486246607714,71.18323364977412,968.3030129579399,66558.63677686072
2018-06-25,SEB_5_MIN,long,81.9,81.17035950110052,81.84,eod,0.5,912.2113818688921,-54.7326829121356,89.61929500032743,-144.35197791246304,66414.28479894825
2018-06-25,SKF_5_min,short,165.1,166.8494701786255,163.0,eod,0.5,379.6251322850653,797.212777798635,74.73300354163796,722.4797742569971,67136.76457320525
2018-06-25,SWEDBANK_5_MIN,short,187.55,188.95935277957338,188.95935277957338,stop,0.5,476.36592871749644,-671.3676457320524,107.61373650459899,-778.9813822366514,66357.78319096859
2018-06-26,ALFA_LAVAL_5_MIN,long,211.3,209.18886066517646,209.18886066517646,stop,0.5,314.3221392183234,-663.577831909686,79.30137492105227,-742.8792068307382,65614.90398413785
2018-06-26,BOLIDEN_5_min,short,253.391607,256.6100426619928,256.6100426619928,stop,0.5,203.87203870190228,-656.1490398413786,62.385045634754285,-718.5340854761329,64896.369898661724
2018-06-26,HUSQVARNA_5_min,short,83.72,84.39769524719368,83.86,eod,0.5,957.6040287636048,-134.0645640269052,96.28516988412294,-230.34973391102812,64666.0201647507
2018-06-26,VOLVO_5_MIN,long,139.1,137.65930356500743,137.65930356500743,stop,0.5,448.85250351219645,-646.660201647507,74.53446376526732,-721.1946654127744,63944.82549933792
2018-06-27,ALFA_LAVAL_5_MIN,short,206.7,208.7888149272263,208.7888149272263,stop,0.5,306.1296846640637,-639.4482549933792,76.31607593707037,-715.7643309304497,63229.061168407476
2018-06-27,HM_5_min,short,137.7,140.1614256699343,134.82,eod,0.5,256.87983163877203,739.8139151196623,42.002935030918884,697.8109800887433,63926.87214849622
2018-06-27,SANDVIK_min,long,152.3,150.61070244803258,155.3,eod,0.5,378.4228070066417,1135.268421019925,69.84171326114578,1065.4267077587792,64992.298856255
2018-06-28,HM_5_min,long,130.5,127.94874404670456,137.04,eod,0.5,254.7462898511023,1666.040735626207,40.89289343205834,1625.1478421941486,66617.44669844914
2018-06-29,ABB_5_min,long,194.4,192.75714285714287,195.8,eod,0.5,405.49750164273496,567.6965022998312,94.9350750845971,472.7614272152341,67090.20812566437
2018-06-29,HEXAGON_5_min,short,74.48564,75.14431285714285,72.799927,eod,0.5,1018.5664613034828,1717.0107251832849,90.01208326816021,1626.9986419151246,68717.2067675795
2018-06-29,SEB_5_MIN,short,84.26,85.03230719707238,85.03230719707238,stop,0.5,889.7652000145666,-687.172067675795,90.37824214447832,-777.5503098202734,67939.65645775922
2018-06-29,ESSITY_5_min,long,219.9,217.83026042005332,221.3,eod,0.5,328.25219711703687,459.5530759638535,86.894921620822,372.65815434303147,68312.31461210226
2018-06-29,SANDVIK_min,long,154.95,153.04569857697282,158.85,eod,0.5,358.72637485881785,1399.0328619493916,67.54100185841821,1331.4918600909734,69643.80647219323
2018-06-29,GETINGE_5_min,long,80.64,79.61091633466135,81.44,eod,0.5,676.7555332760544,541.4044266208416,65.81312210002973,475.5913045208119,70119.39777671405
2018-06-29,NORDEA_5_min,short,85.84,86.57542936840008,86.24,eod,0.5,953.4484314823937,-381.3793725929494,98.44164365369417,-479.8210162466436,69639.5767604674
2018-06-29,ASSA_5_min,long,189.5,187.80579944110872,190.95,eod,0.5,411.0468291076524,596.0179022060913,93.82965968040382,502.1882425256875,70141.7650029931
2018-06-29,INVESTOR_5_MIN,long,90.35,89.6625,91.15,eod,0.5,1020.2438545889905,816.195083671204,111.10455576474106,705.090527906463,70846.85553089956
2018-06-29,ATLAS_5_min,long,58.31250017,56.743604296357944,58.31250017,eod,0.5,451.57143135595555,0.0,31.59871100125356,-31.59871100125356,70815.2568198983
2018-06-29,SKF_5_min,long,165.0,163.06454783748362,166.6,eod,0.5,365.8848210840181,585.4157137344268,72.79644400287623,512.6192697315506,71327.87608962986
2018-06-29,VOLVO_5_MIN,long,141.6,140.15035752320097,143.3,eod,0.5,492.03770744307775,836.4641026532406,84.10892571031971,752.3551769429209,72080.23126657278
2018-06-29,ERICSSON_5_MIN,long,68.92,68.11246734276533,69.42,eod,0.5,892.5983441140985,446.29917205704925,74.08923295484662,372.2099391022026,72452.44120567499
2018-07-02,ABB_5_min,short,192.9,194.625,193.5,eod,0.5,420.0141519169578,-252.0084911501723,97.37608098042749,-349.3845721305998,72103.05663354439
2018-07-02,GETINGE_5_min,short,80.44,81.41165968474866,80.92,eod,0.5,742.0608034406146,-356.18918565149795,71.84335874590653,-428.0325443974045,71675.02408914699
2018-07-02,INVESTOR_5_MIN,short,89.825,90.53928571428571,89.9,eod,0.5,1003.4503372480664,-75.25877529360783,108.20706711714524,-183.46584241075305,71491.55824673624
2018-07-02,NORDEA_5_min,short,85.2,85.93179928940135,85.14,eod,0.5,976.9285005075632,58.615710030456015,99.846000465875,-41.23029043541898,71450.32795630083
2018-07-02,SANDVIK_min,short,155.7,157.70714285714283,155.25,eod,0.5,355.98028163281884,160.19112673476442,66.415241144235,93.77588559052943,71544.10384189135
2018-07-02,SKF_5_min,short,163.1,165.13214285714284,163.6,eod,0.5,352.0623739144061,-176.03118695720306,69.01126653470189,-245.04245349190495,71299.06138839945
2018-07-03,HEXAGON_5_min,short,72.114214,72.8444678156972,71.285643,eod,0.5,976.3599977951228,808.9835797331133,84.00593043860454,724.9776492945088,72024.03903769396
2018-07-03,ALFA_LAVAL_5_MIN,short,213.2,215.58638068448192,211.3,eod,0.5,301.8128645863132,573.4444427139882,76.87173661013396,496.5727061038543,72520.61174379781
2018-07-03,ABB_5_min,short,192.0,193.8003791680607,190.4,eod,0.5,402.8074365130252,644.4918984208381,92.4201382335485,552.0717601872896,73072.6835039851
2018-07-05,BOLIDEN_5_min,long,250.835267,247.634921814924,256.35158,eod,0.5,228.32750618508797,1259.5259906263868,69.48282476723266,1190.0431658591542,74262.72666984425
2018-07-05,GETINGE_5_min,long,80.96,80.0375546656271,81.5,eod,0.5,805.0637138332992,434.7344054699866,78.47439056961466,356.26001490037197,74618.98668474462
2018-07-06,BOLIDEN_5_min,long,259.984274,256.68783648236564,256.68783648236564,stop,0.5,226.36250887683508,-746.1898668474463,70.17311711728657,-816.3629839647328,73802.62370077989
2018-07-06,ESSITY_5_min,long,224.9,222.8177251034044,222.8177251034044,stop,0.5,354.4326631485724,-738.026237007799,95.21147138833201,-833.237708396131,72969.38599238376
2018-07-06,HEXAGON_5_min,short,69.185645,69.91166475,68.028503,eod,0.5,1005.0606198024661,1162.9978557194584,82.74512198072838,1080.25273373873,74049.63872612249
2018-07-06,SKF_5_min,short,162.05,164.2116178736518,161.75,eod,0.5,342.565814377844,102.7697443133571,66.55368641732753,36.21605789602957,74085.85478401852
2018-07-09,ASSA_5_min,long,177.4,174.86892947762698,177.15,eod,0.5,292.7056126218034,-73.17640315545086,62.26726497303624,-135.4436681284871,73950.41111589003
2018-07-09,HANDELSBANKEN_5_min,long,102.4,101.41428571428571,103.0,eod,0.5,750.2215620452545,450.13293722714843,92.45730530645716,357.6756319206913,74308.08674781072
2018-07-09,SKF_5_min,long,163.25,161.04014982257854,166.7,eod,0.5,336.25848262037556,1160.0917650402919,66.56909180435574,1093.522673235936,75401.60942104665
2018-07-09,HUSQVARNA_5_min,long,81.82,81.1204025179227,81.1204025179227,stop,0.5,1077.7856031894064,-754.0160942104666,105.36889200702238,-859.384986217489,74542.22443482917
2018-07-09,BOLIDEN_5_min,short,261.598804,264.956602230036,260.163666,eod,0.5,221.99733077478217,318.5968052934582,69.4979253830744,249.0988799103838,74791.32331473955
2018-07-09,INVESTOR_5_MIN,long,90.35,89.62734381217668,90.425,eod,0.5,1034.950292752841,77.62127195646602,112.25588350343688,-34.63461154697086,74756.68870319259
2018-07-10,ERICSSON_5_MIN,short,68.06,68.85906075726446,68.42,eod,0.5,935.5570026879844,-336.8005209676739,76.61089183611367,-413.4114128037876,74343.2772903888
2018-07-10,SKF_5_min,short,165.55,167.8182727135527,167.25,eod,0.5,327.75281757875064,-557.1797898838723,65.44568261412492,-622.6254724979973,73720.6518178908
2018-07-10,SWEDBANK_5_MIN,short,194.6,196.1737869062901,196.1737869062901,stop,0.5,468.4284226996945,-737.206518178908,109.82972917973999,-847.036247358648,72873.61557053216
2018-07-10,HANDELSBANKEN_5_min,long,103.6,102.62291262135922,104.0,eod,0.5,745.8249606284606,298.3299842513885,92.89995709588105,205.43002715550745,73079.04559768767
2018-07-10,ATLAS_5_min,long,55.15000009,54.395849480045605,55.32499992,eod,0.5,969.0245507075441,169.57913163965088,64.2317923494637,105.34733929018718,73184.39293697786
2018-07-11,ABB_5_min,short,189.25,191.0494086882774,189.85,eod,0.5,406.7135688170902,-244.02814129025182,92.51106836313534,-336.53920965338716,72847.85372732447
2018-07-11,BOLIDEN_5_min,short,251.238899,254.49302386303498,246.79894,eod,0.5,223.8631177151039,993.9430642672386,66.89538202717978,927.0476822400587,73774.90140956453
2018-07-11,HUSQVARNA_5_min,short,81.98,82.67951969243616,82.67951969243616,stop,0.5,1054.6508155136453,-737.7490140956453,104.19497803542777,-841.9439921310731,72932.95741743346
2018-07-11,SANDVIK_min,short,151.65,153.7644570677433,150.9,eod,0.5,344.9252223185248,258.69391673889356,62.614275607481794,196.07964113141176,73129.03705856486
2018-07-12,ABB_5_min,short,188.25,190.11508068186126,190.11508068186126,stop,0.5,392.09583676340327,-731.2903705856487,89.01322374720418,-820.3035943328529,72308.733464232
2018-07-12,BOLIDEN_5_min,short,246.126219,249.61956342857144,248.189231,eod,0.5,206.9899918050784,-427.02283697378147,61.39101056677418,-488.41384754055565,71820.31961669146
2018-07-12,INVESTOR_5_MIN,short,89.05,89.76417607833714,89.76417607833714,stop,0.5,1005.638830467613,-718.2031961669146,107.89348734146927,-826.0966835083839,70994.22293318307
2018-07-13,ERICSSON_5_MIN,long,69.5,68.77508182797482,68.77508182797482,stop,0.5,979.341195639343,-709.9422293318307,81.25109037872211,-791.1933197105528,70203.02961347252
2018-07-16,ERICSSON_5_MIN,short,68.68,69.39241857184349,67.68,eod,0.5,985.4182974457284,985.4182974457284,80.62298342381972,904.7953140219087,71107.82492749442
2018-07-16,HANDELSBANKEN_5_min,long,102.8,101.92857142857143,101.92857142857143,stop,0.5,815.9914335942029,-711.0782492749443,100.23405629861588,-811.3123055735601,70296.51262192086
2018-07-16,HUSQVARNA_5_min,long,84.7,84.01357142857142,85.62,eod,0.5,1024.0907145753195,942.1634574092957,104.65387830388104,837.5095791054147,71134.02220102628
2018-07-16,VOLVO_5_MIN,short,146.85,148.330242004083,148.330242004083,stop,0.5,480.55670630082443,-711.3402220102628,85.11050691753742,-796.4507289278002,70337.57147209848
2018-07-17,INVESTOR_5_MIN,long,91.775,91.10267857142858,93.125,eod,0.5,1046.1896420816875,1412.3560168102722,116.0642788925424,1296.2917379177297,71633.8632100162
2018-07-17,KINNEVIK_5_min,long,154.14986722,152.93294042424455,152.93294042424455,stop,0.5,588.6456232196502,-716.338632100162,108.45777041147178,-824.7964025116338,70809.06680750457
2018-07-17,NORDEA_5_min,long,88.08,87.4446975019516,87.76,eod,0.5,1114.5724599702367,-356.66318719046814,117.59185281669983,-474.25504000716796,70334.8117674974
2018-07-17,GETINGE_5_min,long,95.76,94.82720585072059,94.82720585072059,stop,0.5,754.022865836273,-703.3481176749741,86.22426668837282,-789.5723843633469,69545.23938313406
2018-07-17,SEB_5_MIN,short,88.44,89.11749790673709,88.96,eod,0.5,1026.5011698423154,-533.780608318,109.26078451801605,-643.041392836016,68902.19799029804
2018-07-17,ATLAS_5_min,short,56.43750017,57.078794924307815,57.078794924307815,stop,0.5,1074.423227813052,-689.0219799029804,73.17872651076307,-762.2007064137435,68139.9972838843
2018-07-18,HANDELSBANKEN_5_min,short,105.8,106.76065375302663,103.0,eod,0.5,709.3086043665843,1986.064092226434,88.86218195504567,1897.2019102713884,70037.19919415568
2018-07-18,INVESTOR_5_MIN,long,93.925,93.258757426591,94.275,eod,0.5,1051.22671515561,367.92935030447245,118.70452067537147,249.22482962910098,70286.42402378478
2018-07-18,NORDEA_5_min,short,87.04,87.67498475359848,87.12,eod,0.5,1106.8993960165178,-88.55195168131954,115.66655928614205,-204.21851096746158,70082.20551281732
2018-07-18,SEB_5_MIN,short,88.94,89.70538297974772,89.0,eod,0.5,915.6488629511549,-54.938931777071375,97.75833520411709,-152.69726698118848,69929.50824583613
2018-07-18,SWEDBANK_5_MIN,short,188.5,189.93445606140816,189.93445606140816,stop,0.5,487.4984332192703,-699.2950824583613,110.69172264367394,-809.9868051020353,69119.5214407341
2018-07-18,ERICSSON_5_MIN,long,73.48,72.74313159746657,72.74313159746657,stop,0.5,938.0171710863684,-691.195214407341,82.29588494906722,-773.4910993564083,68346.03034137769
2018-07-18,KINNEVIK_5_min,long,154.19857134,153.04234303331657,155.02654869,eod,0.5,591.1118932680693,489.4272589415774,109.67198768818756,379.7552712533899,68725.78561263108
2018-07-18,ASSA_5_min,long,176.35,174.02789461828309,174.02789461828309,stop,0.5,295.96325022000883,-687.2578561263107,62.219388297882475,-749.4772444241931,67976.30836820688
2018-07-19,ESSITY_5_min,short,216.0,217.8186437365644,217.8186437365644,stop,0.5,373.77473664314556,-679.7630836820689,97.29026958811257,-777.0533532701814,67199.2550149367
2018-07-19,GETINGE_5_min,short,91.3,92.51476195672507,91.36,eod,0.5,553.1886691290705,-33.191320147745486,60.6272653818696,-93.81858552961509,67105.43642940708
2018-07-19,HUSQVARNA_5_min,short,73.48,74.83673716305445,70.18,eod,0.5,494.6089652201418,1632.2095852264665,42.633314366115336,1589.576270860351,68695.01270026744
2018-07-19,INVESTOR_5_MIN,short,94.425,95.08643202185586,94.025,eod,0.5,1038.5800873009086,415.4320349203546,117.43225047111375,297.9997844492409,68993.01248471669
2018-07-19,NORDEA_5_min,short,89.36,90.02970022371365,90.02970022371365,stop,0.5,1030.2073979031095,-689.9301248471669,110.88515776685453,-800.8152826140214,68192.19720210266
2018-07-19,SKF_5_min,short,177.0,179.0357142857143,172.3,eod,0.5,334.97921432611497,1574.4023073327367,70.20494373846718,1504.1973635942695,69696.39456569693
2018-07-19,SWEDBANK_5_MIN,long,191.75,190.09877173831916,191.9,eod,0.5,422.088188429809,63.31322826447375,97.16048009465773,-33.84725183018398,69662.54731386674
2018-07-19,ATLAS_5_min,short,57.72499998,58.367665592538685,58.367665592538685,stop,0.5,1083.9625764117475,-696.6254731386675,75.50406292590985,-772.1295360645773,68890.41777780217
2018-07-19,KINNEVIK_5_min,short,154.58820754,155.684596268021,154.53950343,eod,0.5,628.3393473239248,30.602708689403293,116.5422624903772,-85.9395538009739,68804.4782240012
2018-07-19,VOLVO_5_MIN,short,149.5,150.91910271546635,150.91910271546635,stop,0.5,484.84494796692974,-688.044782240012,87.3940105346112,-775.4387927746232,68029.03943122657
2018-07-20,ABB_5_min,short,199.3,201.04424061280739,198.9,eod,0.5,390.02095772631446,156.008383090528,93.18380721997104,62.82457587055697,68091.86400709713
2018-07-20,BOLIDEN_5_min,long,243.211095,240.21953316829214,240.21953316829214,stop,0.5,227.6130925504692,-680.9186400709713,66.02108418660056,-746.9397242575718,67344.92428283957
2018-07-20,HANDELSBANKEN_5_min,long,103.2,102.14285714285714,106.4,eod,0.5,637.0465810538836,2038.5490593724294,80.1149780333364,1958.434081339093,69303.35836417865
2018-07-20,KINNEVIK_5_min,short,153.80893513,154.7863285027117,153.27318576,eod,0.5,709.0631090724693,379.8801139758302,130.64436202729874,249.2357519485315,69552.59411612719
2018-07-23,ABB_5_min,short,197.6,199.4106673407482,197.3,eod,0.5,384.12684953706855,115.23805486111401,91.015015729313,24.223039131801002,69576.81715525899
2018-07-23,BOLIDEN_5_min,short,229.891217,233.3682817255673,225.765195,eod,0.5,200.10216273413613,825.625925688627,54.70670010292595,770.919225585701,70347.7363808447
2018-07-23,INVESTOR_5_MIN,short,93.875,94.48295713526039,93.775,eod,0.5,1157.1167159789036,115.71167159788378,130.27977105206475,-14.568099454180967,70333.16828139052
2018-07-23,KINNEVIK_5_min,short,151.27629897,152.290500774964,146.69807273,eod,0.5,693.4829728871154,3174.9219434649945,123.98409187841177,3050.937851586583,73384.1061329771
2018-07-23,HANDELSBANKEN_5_min,long,107.6,106.45073431241654,108.4,eod,0.5,638.5303844516674,510.8243075613412,82.7535378249361,428.07076973640505,73812.17690271352
2018-07-24,BOLIDEN_5_min,short,227.828206,231.40964485714284,231.40964485714284,stop,0.5,206.0964317609446,-738.1217690271352,56.78836943473319,-794.9101384618684,73017.26676425165
2018-07-24,KINNEVIK_5_min,short,146.79548178,148.0070072042857,148.0070072042857,stop,0.5,602.6886873405914,-730.1726676425164,106.60447506640698,-836.7771427089234,72180.48962154273
2018-07-24,HANDELSBANKEN_5_min,long,109.0,107.82142857142857,109.6,eod,0.5,612.4405180009676,367.4643108005771,80.32769834100691,287.1366124595702,72467.6262340023
2018-07-25,KINNEVIK_5_min,long,147.039004,145.79580286670728,146.64936779,eod,0.5,582.9115200536002,-227.12343543901906,102.71660113330546,-329.8400365723245,72137.78619742997
2018-07-25,HM_5_min,long,138.74,137.39331506058858,138.16,eod,0.5,535.6693617510697,-310.6882298156271,88.9961077613227,-399.6843375769498,71738.10185985302
2018-07-25,INVESTOR_5_MIN,short,94.825,95.42200663466967,94.625,eod,0.5,1201.6298931007134,240.3259786201461,136.5892699487581,103.73670867138799,71841.83856852441
2018-07-26,ERICSSON_5_MIN,short,71.54,72.40613788300836,71.86,eod,0.5,829.4503678674898,-265.4241177175911,71.36590965131882,-336.79002736890993,71505.0485411555
2018-07-26,HANDELSBANKEN_5_min,long,109.8,108.57857142857144,110.2,eod,0.5,585.421450044553,234.16858001782452,77.27563140588099,156.89294861194355,71661.94148976744
2018-07-26,SANDVIK_min,long,158.7,156.84110014866874,159.1,eod,0.5,385.5072743076879,154.20290972307737,73.50852706498992,80.69438265808745,71742.63587242553
2018-07-30,VOLVO_5_MIN,short,154.0,155.6156027219702,155.6156027219702,stop,0.5,444.0611228046026,-717.4263587242552,82.4929513095251,-799.9193100337803,70942.71656239174
2018-07-31,ATLAS_5_min,long,58.22499998,57.48883928642857,57.48883928642857,stop,0.5,963.6852005534081,-709.4271656239174,66.90702864016383,-776.3341942640812,70166.38236812766
2018-07-31,HEXAGON_5_min,long,75.571353,75.0498783695651,76.885637,eod,0.5,1345.5377936527975,1768.4187935931743,123.08198517092795,1645.3368084222463,71811.7191765499
2018-07-31,HM_5_min,short,138.02,139.14671426503435,139.14671426503435,stop,0.5,637.3551964779765,-718.117191765499,105.99218737652767,-824.1093791420267,70987.60979740787
2018-08-01,HM_5_min,short,135.3,136.4109518903234,132.96,eod,0.5,638.9800531933447,1495.213324472429,102.847673441788,1392.365651030641,72379.97544843852
2018-08-01,ASSA_5_min,long,174.45,173.24464285714285,175.0,eod,0.5,600.4857222388994,330.26714723140145,125.90384138183002,204.36330584957142,72584.3387542881
2018-08-01,ESSITY_5_min,long,222.2,219.63634624043223,226.1,eod,0.5,283.12847818625136,1104.2010649263818,76.15589806253789,1028.0451668638439,73612.38392115194
2018-08-01,ALFA_LAVAL_5_MIN,long,243.2,240.49487737458094,243.9,eod,0.5,272.12217009847615,190.48551906893795,79.53042543298064,110.95509363595731,73723.3390147879
2018-08-02,ASSA_5_min,short,173.8,174.96428571428575,174.4,eod,0.5,633.2065927650357,-379.9239556590178,132.28952136047127,-512.2134770194891,73211.12553776841
2018-08-02,ATLAS_5_min,short,57.01250006,57.745946189774806,56.56250017,eod,0.5,998.1799966719701,449.18088870258777,68.02097601096024,381.15991269162754,73592.28545046004
2018-08-02,BOLIDEN_5_min,short,228.770015,231.9250718005527,229.039104,eod,0.5,233.25185599691332,-62.7655086783553,64.07089601943704,-126.83640469779235,73465.44904576225
2018-08-02,INVESTOR_5_MIN,short,96.0,96.5668166772046,95.475,eod,0.5,1296.1059898250667,680.4556446581673,148.90313664105275,531.5525080171146,73997.00155377937
2018-08-02,SANDVIK_min,short,158.15,159.9215340447613,157.4,eod,0.5,417.7001383213611,313.27510374102087,79.0831671883833,234.19193655263757,74231.193490332
2018-08-02,KINNEVIK_5_min,short,146.84418589,147.9903206812708,147.42864102,eod,0.5,647.6654757860359,-378.531409847027,114.35421027094016,-492.88562011796716,73738.30787021403
2018-08-03,KINNEVIK_5_min,long,148.3540266,147.2028173141,149.8151632,eod,0.5,640.5291268352369,935.9005505850088,114.59163047505841,821.3089201099503,74559.61679032398
2018-08-06,ATLAS_5_min,short,56.80000014,57.56194047543154,56.17500014,eod,0.5,978.5492816585922,611.5933010366201,66.33096322162395,545.2623378149962,75104.87912813899
2018-08-07,HM_5_min,short,131.0,132.0612074027358,132.0612074027358,stop,0.5,707.7304486806147,-751.0487912813899,111.70585580736144,-862.7546470887513,74242.12448105024
2018-08-07,KINNEVIK_5_min,short,146.11361842,147.3081581186185,147.3081581186185,stop,0.5,621.5124082264606,-742.4212448105025,109.41916497756189,-851.8404097880643,73390.28407126217
2018-08-07,ESSITY_5_min,short,229.0,231.7683235897755,231.7683235897755,stop,0.5,265.10731744771954,-733.9028407126217,73.29183253906089,-807.1946732516826,72583.08939801049
2018-08-08,GETINGE_5_min,short,97.96,98.81714285714285,98.81714285714285,stop,0.5,846.8027096434516,-725.8308939801049,99.97885066039507,-825.8097446405,71757.27965336999
2018-08-09,ESSITY_5_min,long,230.4,228.09878934624697,228.09878934624697,stop,0.5,311.82403721424396,-717.5727965337,85.78256613107393,-803.3553626647739,70953.92429070521
2018-08-09,HEXAGON_5_min,long,75.171353,74.47312919171102,76.199924,eod,0.5,1016.2060280439431,1045.2400504711861,92.29464249606568,952.9454079751205,71906.86969868033
2018-08-09,KINNEVIK_5_min,long,144.4089596,143.06043277695025,143.53227732,eod,0.5,533.2253572536273,-467.46922195093055,92.12254135483101,-559.5917633057616,71347.27793537456
2018-08-09,HUSQVARNA_5_min,short,68.24,68.86567585630743,68.86567585630743,stop,0.5,1140.3233354159768,-713.4727793537456,93.80688095815573,-807.2796603119014,70539.99827506265
2018-08-10,ALFA_LAVAL_5_MIN,short,243.2,244.81117502054232,243.7,eod,0.5,437.81710475698895,-218.90855237849448,127.90388898370675,-346.81244136220124,70193.18583370045
2018-08-10,INVESTOR_5_MIN,short,98.7,99.2686059761965,98.875,eod,0.5,1234.4785101140703,-216.0337392699588,146.34125498147245,-362.37499425143125,69830.81083944903
2018-08-10,VOLVO_5_MIN,short,150.35,151.6678734629445,149.45,eod,0.5,529.8749295962537,476.8874366366313,95.31390233577409,381.5735343008572,70212.38437374988
2018-08-10,HM_5_min,short,133.22,134.18841340075855,130.62,eod,0.5,725.0249151731392,1885.0647794501579,114.77434417156863,1770.2904352785893,71982.67480902847
2018-08-13,SWEDBANK_5_MIN,short,203.1,204.40714285714287,204.40714285714287,stop,0.5,550.6871296865477,-719.8267480902847,134.64536329605954,-854.4721113863443,71128.20269764212
2018-08-13,ABB_5_min,long,207.1,205.6461082135949,206.4,eod,0.5,489.2262502803942,-342.45837519627037,121.37703269456578,-463.83540789083617,70664.36728975129
2018-08-13,HM_5_min,short,129.06,130.12785714285712,128.52,eod,0.5,661.7398943521991,357.33954295018225,102.27057719234367,255.06896575783858,70919.43625550912
2018-08-13,HUSQVARNA_5_min,long,68.2,67.60162881491121,68.42,eod,0.5,1185.2080785772655,260.74577728699705,97.15387661713561,163.59190066986145,71083.02815617899
2018-08-13,NORDEA_5_min,short,92.08,92.6016108961461,92.28,eod,0.5,1362.7596486456262,-272.5519297291291,150.74302129458457,-423.2949510237137,70659.73320515528
2018-08-13,INVESTOR_5_MIN,short,97.875,98.46307561902339,98.46307561902339,stop,0.5,1201.5416201491162,-706.5973320515528,141.54502168574462,-848.1423537372974,69811.59085141799
2018-08-14,ALFA_LAVAL_5_MIN,short,243.6,245.08392857142854,242.1,eod,0.5,470.45115375204153,705.6767306280623,137.09887522641992,568.5778554016424,70380.16870681963
2018-08-14,ATLAS_5_min,short,57.28750011,57.76006173222807,56.57499992,eod,0.5,1489.3331450613096,1061.1501488294807,101.74751716453402,959.4026316649467,71339.57133848457
2018-08-14,BOLIDEN_5_min,short,233.927544,236.1739517857143,230.250002,eod,0.5,317.5717774491265,1167.883549583821,88.44581300111619,1079.4377365827047,72419.00907506728
2018-08-14,HANDELSBANKEN_5_min,long,109.8,108.86973409801877,108.86973409801877,stop,0.5,778.4764433570361,-724.1900907506729,102.13754212227266,-826.3276328729455,71592.68144219434
2018-08-14,NORDEA_5_min,short,91.9,92.39253557447338,91.46,eod,0.5,1453.5535127333997,639.5635456027132,159.91414325687768,479.6494023458356,72072.33084454018
2018-08-14,HUSQVARNA_5_min,short,68.67,69.22404366812226,69.22404366812226,stop,0.5,1300.8420633847202,-720.7233084454018,107.6270233762217,-828.3503318216235,71243.98051271855
2018-08-14,ABB_5_min,short,206.0,207.42045611849392,205.75,eod,0.5,501.55706737535286,125.38926684383821,123.90967349508091,1.4795933487573052,71245.46010606732
2018-08-15,ASSA_5_min,long,178.35,177.43660714285713,177.43660714285713,stop,0.5,780.0089473977962,-712.4546010606732,166.51004216143994,-878.9646432221132,70366.4954628452
2018-08-15,BOLIDEN_5_min,short,227.828206,230.20949010118306,220.607666,eod,0.5,295.4981114092422,2133.6559333548894,79.507171958494,2054.1487613963955,72420.6442242416
2018-08-15,HUSQVARNA_5_min,short,69.36,69.87482358746607,69.72,eod,0.5,1406.707967299862,-506.4148682279495,117.38696645523888,-623.8018346831884,71796.84238955841
2018-08-15,SWEDBANK_5_MIN,long,205.6,204.50714285714287,204.50714285714287,stop,0.5,656.9645708848575,-717.9684238955841,161.65551787437468,-879.6239417699588,70917.21844778846
2018-08-15,ABB_5_min,long,206.7,205.27540729851262,205.27540729851262,stop,0.5,497.80697580260056,-709.1721844778846,123.0505389673903,-832.2227234452748,70084.99572434319
2018-08-15,ESSITY_5_min,long,227.4,225.5972292270836,225.5972292270836,stop,0.5,388.76265788891345,-700.8499572434318,105.66504411038065,-806.5150013538125,69278.48072298938
2018-08-15,INVESTOR_5_MIN,long,99.375,98.79890138431648,98.79890138431648,stop,0.5,1202.5455162879182,-692.7848072298938,142.98788193299632,-835.7726891628901,68442.7080338265
2018-08-15,ALFA_LAVAL_5_MIN,short,240.0,241.51427978291173,234.1,eod,0.5,451.98191778154523,2666.6933149111196,128.57077633213834,2538.122538578981,70980.83057240548
2018-08-16,ALFA_LAVAL_5_MIN,long,236.2,234.52321428571426,237.8,eod,0.5,423.3148575138098,677.3037720221052,120.39074547692749,556.9130265451778,71537.74359895066
2018-08-16,BOLIDEN_5_min,short,222.939766,225.59327758423848,224.733689,eod,0.5,269.59650006382316,-483.6353621839956,72.41471798368765,-556.0500801676833,70981.69351878298
2018-08-16,ERICSSON_5_MIN,short,71.3,71.81556086730407,71.81556086730407,stop,0.5,1376.7859048332002,-709.8169351878298,118.2236921786413,-828.0406273664711,70153.65289141651
2018-08-16,HUSQVARNA_5_min,long,70.16,69.66530040816326,70.68,eod,0.5,1418.1061405558878,737.4151930890762,119.83564130153475,617.5795517875414,70771.23244320405
2018-08-16,NORDEA_5_min,short,92.02,92.51627994916777,92.51627994916777,stop,0.5,1426.0344904500519,-707.7123244320405,157.89305996811575,-865.6053844001563,69905.62705880389
2018-08-16,HM_5_min,short,126.14,127.35351608302963,127.08,eod,0.5,576.058513244253,-541.4950024495965,87.52172203422585,-629.0167244838224,69276.61033432007
2018-08-16,SWEDBANK_5_MIN,short,205.0,206.14174324700642,206.14174324700642,stop,0.5,606.76172612327,-692.7661033432007,149.67904428833035,-842.4451476315311,68434.16518668854
2018-08-16,HANDELSBANKEN_5_min,short,110.6,111.42142857142856,111.42142857142856,stop,0.5,833.1115761857756,-684.3416518668854,110.98117338249625,-795.3228252493816,67638.84236143915
2018-08-16,ABB_5_min,long,205.4,204.01539732795212,205.8,eod,0.5,488.5072355190405,195.40289420761897,120.52450514725766,74.87838906036131,67713.72075049952
2018-08-16,ESSITY_5_min,long,231.5,229.64599567099566,233.6,eod,0.5,365.22957196579995,766.9821011281778,101.92096435277612,665.0611367754017,68378.78188727492
2018-08-17,ERICSSON_5_MIN,long,71.94,71.41726349737219,71.82,eod,0.5,1308.0927301524434,-156.97112761829916,112.83084653202914,-269.8019741503283,68108.9799131246
2018-08-17,HM_5_min,long,127.26,126.0633073654391,129.0,eod,0.5,569.1434704794975,990.3096386343228,87.50922344704561,902.8004151872772,69011.78032831187
2018-08-17,HUSQVARNA_5_min,long,70.82,70.30914144471348,71.88,eod,0.5,1350.8980052141092,1431.9518855269587,115.663887206432,1316.2879983205266,70328.06832663239
2018-08-17,SKF_5_min,short,171.45,173.02232142857142,173.02232142857142,stop,0.5,447.2881120149251,-703.2806832663239,92.44702457591048,-795.7277078422344,69532.34061879016
2018-08-17,VOLVO_5_MIN,short,146.75,148.07097849357726,148.07097849357726,stop,0.5,526.3699670877613,-695.3234061879016,93.11094524786749,-788.434351435769,68743.90626735438
2018-08-17,ABB_5_min,short,205.4,206.79906115507427,206.79906115507427,stop,0.5,491.35740791620617,-687.4390626735438,121.52223734079061,-808.9613000143345,67934.94496734005
2018-08-17,INVESTOR_5_MIN,long,99.825,99.23794642857143,100.725,eod,0.5,1157.2188344246558,1041.4969509821804,139.24814234631884,902.2488086358615,68837.19377597592
2018-08-17,BOLIDEN_5_min,short,222.177349,224.84630438363445,224.84630438363445,stop,0.5,257.9181135738461,-688.3719377597591,69.1772984421575,-757.5492362019166,68079.644539774
2018-08-20,ABB_5_min,long,207.5,206.1125,209.0,eod,0.5,490.66410479116803,735.996157186752,122.61695978731288,613.3791973994391,68693.02373717344
2018-08-20,INVESTOR_5_MIN,short,100.625,101.23585718276632,101.23585718276632,stop,0.5,1124.534926905347,-686.9302373717344,136.19975056624367,-823.1299879379781,67869.89374923546
2018-08-20,HM_5_min,short,127.32,128.50679930215392,127.56,eod,0.5,571.8733877417857,-137.24961305803376,87.4554534405758,-224.70506649860954,67645.18868273684
2018-08-21,ERICSSON_5_MIN,long,73.06,72.5556572407045,74.04,eod,0.5,1341.2542846303297,1314.4291989377284,118.37910316147288,1196.0500957762556,68841.2387785131
2018-08-21,NORDEA_5_min,long,94.36,93.82062831670558,94.28,eod,0.5,1276.3228198788422,-102.1058255903052,144.45932204516686,-246.56514763547204,68594.67363087763
2018-08-21,SKF_5_min,long,177.55,176.0169642857143,176.0169642857143,stop,0.5,447.4434156469588,-685.9467363087763,94.92072609595577,-780.867462404732,67813.8061684729
2018-08-21,BOLIDEN_5_min,short,226.168827,228.79300013974134,225.989435,eod,0.5,258.4197099706503,46.35842861105673,70.10796415612397,-23.74953554506724,67790.05663292784
2018-08-21,SWEDBANK_5_MIN,short,208.1,209.24285714285713,208.9,eod,0.5,593.1629955381206,-474.53039643050323,148.4093814836378,-622.939777914141,67167.1168550137
2018-08-22,ERICSSON_5_MIN,long,74.24,73.73266759130836,74.4,eod,0.5,1323.9271866788722,211.82834986863386,118.07312221676852,93.75522765186534,67260.87208266556
2018-08-22,SANDVIK_min,short,159.3,160.71384726515254,159.15,eod,0.5,475.7294068493985,71.35941102741248,90.89761776671456,-19.538206739302083,67241.33387592626
2018-08-22,INVESTOR_5_MIN,long,101.7,101.10030736623632,101.9,eod,0.5,1121.263295397153,224.25265907943376,136.97352416571619,87.27913491371757,67328.61301083997
2018-08-23,SEB_5_MIN,long,98.38,97.81035714285714,97.81035714285714,stop,0.5,1181.9443036385792,-673.2861301083997,139.13164503229106,-812.4177751406908,66516.19523569927
2018-08-23,SWEDBANK_5_MIN,long,209.3,208.26428571428573,208.26428571428573,stop,0.5,642.225333310205,-665.1619523569927,160.9022175427769,-826.0641698997697,65690.1310657995
2018-08-23,ABB_5_min,long,209.75,208.38295094397492,213.7,eod,0.5,480.5250460931103,1898.07393206778,122.08699846087652,1775.9869336069037,67466.11799940642
2018-08-23,INVESTOR_5_MIN,long,102.05,101.47337819502802,102.125,eod,0.5,1170.0237038848197,87.7517777913648,143.3337538444098,-55.58197605304501,67410.53602335337
2018-08-23,BOLIDEN_5_min,short,228.366383,231.02870183718449,231.02870183718449,stop,0.5,253.20234031263965,-674.1053602335337,69.79194636533926,-743.897306598873,66666.6387167545
2018-08-23,NORDEA_5_min,long,95.9,95.36252086811353,96.14,eod,0.5,1240.357713661638,297.68585127878674,142.91897719894857,154.76687407983817,66821.40559083434
2018-08-23,SANDVIK_min,short,156.65,157.97280566127498,155.95,eod,0.5,505.149074781169,353.60435234682694,94.74576046595605,258.8585918808709,67080.26418271521
2018-08-24,ABB_5_min,long,214.6,213.1332450882451,214.6,eod,0.5,457.3379209104364,0.0,117.77366139285559,-117.77366139285559,66962.49052132235
2018-08-24,ERICSSON_5_MIN,short,76.62,77.14694980443285,77.14694980443285,stop,0.5,1270.7565304705606,-669.6249052132235,117.24021338071314,-786.8651185939367,66175.62540272842
2018-08-24,GETINGE_5_min,short,108.35,109.3782193877551,109.3782193877551,stop,0.5,643.5944137097907,-661.7562540272842,84.07719942296335,-745.8334534502475,65429.791949278166
2018-08-24,HANDELSBANKEN_5_min,short,111.4,112.07857142857144,112.07857142857144,stop,0.5,964.2285129367281,-654.2979194927817,129.29064636107748,-783.5885658538592,64646.203383424305
2018-08-24,INVESTOR_5_MIN,long,102.4,101.82991071428572,102.2,eod,0.5,1133.9662927084544,-226.7932585416941,139.20570209288985,-365.9989606345839,64280.20442278972
2018-08-24,SEB_5_MIN,long,97.48,96.90763682030493,97.6,eod,0.5,1123.066729362901,134.76800752353728,131.45271453846883,3.315292985068453,64283.51971577479
2018-08-27,GETINGE_5_min,long,109.4,108.31229722658294,109.85,eod,0.5,591.0026276188063,265.9511824284561,77.74639566325395,188.20478676520213,64471.72450253999
2018-08-27,HANDELSBANKEN_5_min,long,111.6,110.94285714285714,112.8,eod,0.5,981.091459821259,1177.3097517855135,132.0941541503343,1045.2155976351792,65516.94010017517
2018-08-27,INVESTOR_5_MIN,long,102.975,102.40628221314034,103.375,eod,0.5,1152.011447750685,460.80457910028053,142.6305373460123,318.1740417542683,65835.11414192944
2018-08-27,SANDVIK_min,long,157.65,156.29067091836734,160.45,eod,0.5,484.3206478217627,1356.0978139009273,92.4374388432616,1263.6603750576658,67098.7745169871
2018-08-27,SWEDBANK_5_MIN,long,210.0,208.9467095851216,211.3,eod,0.5,637.0396385381828,828.1515300996449,161.03087982968185,667.1206502699631,67765.89516725707
2018-08-27,ABB_5_min,long,216.4,215.03623959296948,216.8,eod,0.5,496.9046968800893,198.76187875203854,129.15546881307282,69.60640993896573,67835.50157719603
2018-08-28,ABB_5_min,short,217.2,218.58265540806937,218.58265540806937,stop,0.5,490.6175550415379,-678.3550157719603,128.2815725554896,-806.6365883274499,67028.86498886858
2018-08-28,ATLAS_5_min,long,59.36250001,58.919456309483955,60.52500009,eod,0.5,1512.91768533884,1758.7669302398178,108.82795149141117,1649.9389787484067,68678.80396761699
2018-08-28,BOLIDEN_5_min,long,232.62695,229.91043828571426,235.452378,eod,0.5,252.81983363607603,714.3242369107152,71.00384270006775,643.3203942106475,69322.12436182763
2018-08-28,GETINGE_5_min,short,109.5,110.6156146179402,109.85,eod,0.5,621.3805667930371,-217.48319837755946,81.77989639563161,-299.2630947731911,69022.86126705444
2018-08-28,INVESTOR_5_MIN,long,103.7,103.153125,103.7,eod,0.5,1262.1323203118527,0.0,157.05974593960696,-157.05974593960696,68865.80152111483
2018-08-28,KINNEVIK_5_min,long,146.40584557,145.08690538327238,147.13641305,eod,0.5,522.1298297989975,381.45107398907766,91.96030171924433,289.4907722698333,69155.29229338466
2018-08-28,NORDEA_5_min,long,98.0,97.43691302572478,98.0,eod,0.5,1228.145836305269,0.0,144.42995034949962,-144.42995034949962,69010.86234303516
2018-08-28,SWEDBANK_5_MIN,short,211.2,212.28698532891622,211.3,eod,0.5,634.8831075010186,-63.48831075011629,160.9428677515082,-224.4311785016245,68786.43116453354
2018-08-28,VOLVO_5_MIN,short,158.5,159.91695867026056,159.5,eod,0.5,485.45121751423306,-485.45121751423306,92.62409230171566,-578.0753098159487,68208.35585471759
2018-08-28,ESSITY_5_min,short,238.0,239.84565308693826,237.5,eod,0.5,369.5621692799705,184.78108463998524,105.43608689557557,79.34499774440967,68287.700852462
2018-08-28,SANDVIK_min,long,160.7,159.2919976635514,161.35,eod,0.5,484.99707056384835,315.2480958665042,93.71598394505241,221.53211192145176,68509.23296438345
2018-08-28,ASSA_5_min,long,183.45,182.26935280675025,182.26935280675025,stop,0.5,580.2684608584151,-685.0923296438345,127.3292435755852,-812.4215732194198,67696.81139116404
2018-08-28,SEB_5_MIN,short,97.62,98.17857142857143,97.6,eod,0.5,1211.9633752893874,24.239267505800147,141.9596940743965,-117.72042656859637,67579.09096459544
2018-08-28,HM_5_min,short,132.38,133.4674784529196,130.66,eod,0.5,621.4292410407048,1068.8582945900116,98.07644853800818,970.7818460520034,68549.87281064744
2018-08-29,BOLIDEN_5_min,short,233.972392,236.81262267853035,232.043925,eod,0.5,241.3531877140287,465.4416578513127,67.48471418082077,397.9569436704919,68947.82975431794
2018-08-29,HM_5_min,long,132.36,131.23043605153927,131.23043605153927,stop,0.5,610.3933278702211,-689.4782975431792,96.53630607375706,-786.0146036169363,68161.815150701
2018-08-29,SEB_5_MIN,long,97.44,96.87596548890714,98.52,eod,0.5,1208.4688757542995,1305.1463858146415,142.0869365356875,1163.059449278954,69324.87459997996
2018-08-29,ATLAS_5_min,long,60.67500014,60.17238608770511,60.97499998,eod,0.5,1379.2864382411954,413.7857107865259,100.67411722653347,313.11159355999246,69637.98619353995
2018-08-30,ABB_5_min,short,217.9,219.28559234647113,216.7,eod,0.5,502.5863946989621,603.1036736387631,131.05442828170135,472.04924535706175,70110.03543889702
2018-08-30,BOLIDEN_5_min,short,225.271866,228.03303621214334,223.433095,eod,0.5,253.91421046974926,466.89008669966626,68.35953954370477,398.5305471559615,70508.56598605297
2018-08-30,NORDEA_5_min,long,98.52,97.95917186366933,98.5,eod,0.5,1257.2223363715186,-25.14444672742537,148.61876682714995,-173.76321355457532,70334.8027724984
2018-08-30,SANDVIK_min,long,163.5,162.03928516786152,165.55,eod,0.5,481.5094721091361,987.0944178237345,95.06441507850674,892.0300027452278,71226.83277524363
2018-08-30,GETINGE_5_min,short,108.2,109.39999999999999,109.39999999999999,stop,0.5,593.5569397937026,-712.2683277524363,77.4947940594658,-789.7631218119021,70437.06965343172
2018-08-30,HM_5_min,short,130.46,131.67012994968277,124.18,eod,0.5,582.0620312049684,3655.3495559672024,88.9297653756199,3566.4197905915826,74003.4894440233
2018-08-30,KINNEVIK_5_min,long,148.25661755,147.20810939000944,148.45143565,eod,0.5,705.7979352749195,137.5022127341972,125.64955879680056,11.852653937396639,74015.3420979607
2018-08-30,SWEDBANK_5_MIN,short,212.3,213.43286134453783,213.43286134453783,stop,0.5,653.3486419572157,-740.1534209796071,166.89119207760805,-907.0446130572151,73108.2974849035
2018-08-30,HEXAGON_5_min,short,77.828494,78.31706179104995,78.199922,eod,0.5,1496.3798028476622,-555.7973574120933,140.08666222362783,-695.8840196357212,72412.41346526777
2018-08-31,ATLAS_5_min,short,60.40000009,60.90000005178571,60.42500014,eod,0.5,1448.2483799929187,-36.2062819122459,104.9907665074449,-141.19704841969082,72271.21641684808
2018-08-31,BOLIDEN_5_min,short,220.159186,223.1455562272892,215.091353,eod,0.5,242.00353913402896,1226.4335217402252,63.19930250879621,1163.234219231429,73434.4506360795
2018-08-31,SWEDBANK_5_MIN,long,213.3,212.19464285714287,212.7,eod,0.5,664.3504419419138,-398.6102651651634,169.80797296035317,-568.4182381255166,72866.03239795398
2018-08-31,KINNEVIK_5_min,long,148.11050438,147.07379349535717,147.07379349535717,stop,0.5,702.8577926338354,-728.6603239795398,124.48355041490525,-853.1438743944451,72012.88852355954
2018-08-31,NORDEA_5_min,long,99.22,98.67417569124424,98.67417569124424,stop,0.5,1319.3419085294684,-720.1288852355954,156.65404766601125,-876.7829329016066,71136.10559065793
2018-09-03,ATLAS_5_min,long,60.44999993,59.943749964285715,60.67500014,eod,0.5,1405.1577364610782,316.1607857868737,102.11983855632548,214.04094723054823,71350.14653788847
2018-09-03,ALFA_LAVAL_5_MIN,short,240.6,242.30148538288552,242.30148538288552,stop,0.5,419.34034377002337,-713.5014653788847,121.50004493250846,-835.0015103113932,70515.14502757708
2018-09-03,HM_5_min,long,123.5,122.20808108923062,124.08,eod,0.5,545.8171131312171,316.573925616105,81.08004052141602,235.49388509468895,70750.63891267177
2018-09-03,KINNEVIK_5_min,long,145.96750443,144.8999345811095,147.86698134,eod,0.5,662.7260875361194,1258.8329009295003,116.83906748252377,1141.9938334469766,71892.63274611875
2018-09-04,ABB_5_min,long,218.7,217.27256159325577,217.27256159325577,stop,0.5,503.647880051761,-718.9263274611875,131.74599384430743,-850.672321305495,71041.96042481325
2018-09-04,INVESTOR_5_MIN,short,103.4,103.85803571428573,103.3,eod,0.5,1551.0135609315485,155.10135609316808,192.3567018267306,-37.255345733562535,71004.7050790797
2018-09-05,ATLAS_5_min,short,60.26250006,60.73392859964286,60.21249995,eod,0.5,1506.1605123200861,75.30819129365939,108.87281264209437,-33.56462134843498,70971.14045773126
2018-09-05,HEXAGON_5_min,short,76.571352,77.05400457142858,75.028496,eod,0.5,1470.4394974560719,2268.676401287086,133.75104258452214,2134.9253587025637,73106.06581643382
2018-09-05,SEB_5_MIN,long,97.36,96.8243127294083,98.02,eod,0.5,1364.7153820863507,900.7121521769868,159.98285481121871,740.7292973657682,73846.7951137996
2018-09-05,SWEDBANK_5_MIN,long,213.1,212.01607142857142,213.3,eod,0.5,681.2883898472446,136.25767796946053,174.30082165851906,-38.043143689058525,73808.75197011053
2018-09-05,ABB_5_min,short,212.8,214.29896810506565,212.3,eod,0.5,492.39708116990454,246.19854058495227,125.59079952319584,120.60774106175643,73929.35971117229
2018-09-05,HM_5_min,short,121.32,122.57587996145982,122.57587996145982,stop,0.5,588.6658118602144,-739.2935971117231,86.14389971212448,-825.4374968238476,73103.92221434845
2018-09-06,ABB_5_min,short,211.1,212.5725167410714,212.5725167410714,stop,0.5,496.4556271269105,-731.0392221434845,126.20076299707505,-857.2399851405595,72246.68222920789
2018-09-06,ALFA_LAVAL_5_MIN,short,239.7,241.35357142857143,238.9,eod,0.5,436.9129810837598,349.5303848670004,125.46393164801245,224.06645321898796,72470.74868242687
2018-09-06,ATLAS_5_min,short,59.17500014,59.63695609539574,59.63695609539574,stop,0.5,1568.7804829866166,-724.7074868242687,111.83392685252932,-836.541413676798,71634.20726875008
2018-09-06,BOLIDEN_5_min,short,208.543535,211.4154132857143,211.4154132857143,stop,0.5,249.43329814875145,-716.3420726875008,62.85104733479199,-779.1931200222929,70855.01414872779
2018-09-06,ESSITY_5_min,short,235.3,236.8386318121131,234.8,eod,0.5,460.50662407284,230.25331203642,129.89049838598524,100.36281365043476,70955.37696237823
2018-09-06,GETINGE_5_min,short,106.0,107.18205542103847,107.18205542103847,stop,0.5,600.2711522615571,-709.5537696237824,76.78022282944433,-786.3339924532268,70169.042969925
2018-09-06,HUSQVARNA_5_min,short,72.6,73.21625880316324,73.21625880316324,stop,0.5,1138.6294623257022,-701.69042969925,99.6184130156347,-801.3088427148847,69367.7341272101
2018-09-06,KINNEVIK_5_min,long,140.02555064,138.89721109314343,140.12295969,eod,0.5,614.7771237874307,59.88485558985483,103.33733724840641,-43.452481658551584,69324.28164555156
2018-09-06,SANDVIK_min,short,151.95,153.46011640602987,153.46011640602987,stop,0.5,459.065813527622,-693.2428164555156,84.12200612849989,-777.3648225840154,68546.91682296754
2018-09-06,SEB_5_MIN,long,97.62,97.1003039062157,98.6,eod,0.5,1318.980797485412,1292.6011815356903,155.2862472495525,1137.314934286138,69684.23175725368
2018-09-06,SKF_5_min,short,168.5,170.08195889368181,170.08195889368181,stop,0.5,440.49331519020825,-696.8423175725369,89.48585372200363,-786.3281712945405,68897.90358595914
2018-09-06,VOLVO_5_MIN,short,154.3,155.62857142857143,155.62857142857143,stop,0.5,518.5863710771143,-688.9790358595914,96.43483989015425,-785.4138757497456,68112.4897102094
2018-09-06,ERICSSON_5_MIN,long,77.44,76.79562077250046,78.96,eod,0.5,1057.02491333425,1606.6778682680558,99.191217867286,1507.4866504007698,69619.97636061016
2018-09-06,NORDEA_5_min,long,97.8,97.25658722035385,98.0,eod,0.5,1281.1619264078497,256.23238528157356,150.51090311439418,105.72148216717937,69725.69784277734
2018-09-06,HEXAGON_5_min,long,75.228496,74.69749300723053,75.285639,eod,0.5,1313.0942535581478,75.0341449310685,118.58354744866517,-43.549402517596675,69682.14844025974
2018-09-07,ASSA_5_min,short,184.0,185.02801272600294,182.1,eod,0.5,677.8335197385518,1287.8836875032523,148.89291094577027,1138.9907765574821,70821.13921681722
2018-09-07,ATLAS_5_min,short,58.31250017,58.77955632922646,56.81250017,eod,0.5,1516.3302703064996,2274.4954054597492,104.74051373075282,2169.7548917289964,72990.89410854621
2018-09-07,HM_5_min,short,122.72,124.00193393700971,121.38,eod,0.5,569.3810890037564,762.9706592650356,83.39155429549017,679.5791049695454,73670.47321351575
2018-09-07,INVESTOR_5_MIN,short,101.7,102.17833625833626,102.17833625833626,stop,0.5,1540.1398478500373,-736.7047321351575,188.4006898708996,-925.1054220060571,72745.36779150969
2018-09-07,SWEDBANK_5_MIN,short,213.2,214.21964285714284,211.6,eod,0.5,713.439684119886,1141.5034945918135,181.8415066884765,959.6619879033369,73705.02977941303
2018-09-07,ESSITY_5_min,long,234.7,233.27796553403968,235.5,eod,0.5,518.3069155053114,414.645532404255,146.22474700235844,268.4207854018965,73973.45056481492
2018-09-07,VOLVO_5_MIN,short,153.6,154.9424201571289,152.55,eod,0.5,551.0454396261813,578.597711607481,101.22153680493322,477.3761748025477,74450.82673961746
2018-09-07,HUSQVARNA_5_min,short,72.94,73.5367118226601,73.1,eod,0.5,1247.684793770654,-199.6295670033004,109.32713236935979,-308.9566993726602,74141.8700402448
2018-09-11,HUSQVARNA_5_min,long,75.12,74.55990978645656,74.55990978645656,stop,0.5,1323.7487148932937,-741.4187004024479,118.8831529350996,-860.3018533375475,73281.56818690726
2018-09-11,SEB_5_MIN,short,98.12,98.73057361070703,96.72,eod,0.5,1200.2085727558704,1680.2920018582254,140.30918298945227,1539.9828188687732,74821.55100577603
2018-09-11,ESSITY_5_min,short,235.1,236.44827952421412,235.7,eod,0.5,554.940942601555,-332.9645655609298,156.75971746608724,-489.72428302701707,74331.82672274901
2018-09-11,SWEDBANK_5_MIN,short,212.7,213.8655234626745,211.8,eod,0.5,637.7548724088366,573.9793851679384,162.43616600253068,411.5432191654077,74743.36994191442
2018-09-11,ALFA_LAVAL_5_MIN,short,232.6,234.40202196858127,234.40202196858127,stop,0.5,414.77502075493413,-747.4336994191443,116.22046401276869,-863.654163431913,73879.71577848251
2018-09-12,ESSITY_5_min,short,235.5,236.83101248560516,236.83101248560516,stop,0.5,555.0640326630175,-738.7971577848252,157.30437392523962,-896.1015317100648,72983.61424677244
2018-09-12,HANDELSBANKEN_5_min,short,106.4,107.30714285714286,106.0,eod,0.5,804.5437790982778,321.8175116393157,102.53105920828452,219.28645243103117,73202.90069920347
2018-09-12,SEB_5_MIN,short,96.6,97.25464285714285,96.4,eod,0.5,1118.211249087663,223.64224981751988,129.48886264435137,94.15338717316851,73297.05408637664
2018-09-12,SWEDBANK_5_MIN,short,211.9,213.09764909029653,211.9,eod,0.5,612.0077632107517,0.0,155.62133402922993,-155.62133402922993,73141.4327523474
2018-09-12,ERICSSON_5_MIN,short,77.74,78.4690262907011,76.46,eod,0.5,1003.2756525420746,1284.1928352538566,92.82306337319272,1191.3697718806638,74332.80252422807
2018-09-13,BOLIDEN_5_min,long,204.46236,201.74189090580052,203.520551,eod,0.5,273.23523977066645,-257.3354079331656,66.88518510565167,-324.22059303881724,74008.58193118926
2018-09-13,ESSITY_5_min,short,237.3,238.67509457755358,236.6,eod,0.5,538.2072123566801,376.74504864968526,153.0338387614984,223.71120988818686,74232.29314107745
2018-09-13,HUSQVARNA_5_min,short,73.86,74.43462509652508,74.43462509652508,stop,0.5,1291.838689085819,-742.3229314107745,114.94364044990076,-857.2665718606752,73375.02656921677
2018-09-13,SANDVIK_min,long,154.2,152.625,154.85,eod,0.5,465.8731845664591,302.81756996820104,86.3868646141585,216.43070535404254,73591.45727457081
2018-09-13,SKF_5_min,short,167.65,169.23781082489577,169.23781082489577,stop,0.5,463.47748812835874,-735.9145727457081,93.68394980531065,-829.5985225510187,72761.85875201979
2018-09-13,VOLVO_5_MIN,long,153.05,151.69152574044662,153.9,eod,0.5,535.6145561119494,455.27237269515393,98.64413279913771,356.6282398960162,73118.48699191581
2018-09-13,ALFA_LAVAL_5_MIN,short,233.9,235.77688753799393,234.5,eod,0.5,389.5730858230705,-233.7438514938401,109.48562003971573,-343.22947153355585,72775.25752038225
2018-09-14,ABB_5_min,short,216.2,217.73035714285712,217.73035714285712,stop,0.5,475.54427317869863,-727.7525752038225,123.81185777860387,-851.5644329824264,71923.69308739982
2018-09-14,HEXAGON_5_min,long,74.799925,74.22725783225671,74.22725783225671,stop,0.5,1255.9423193550545,-719.2369308739982,112.30172739197654,-831.5386582659747,71092.15442913385
2018-09-14,HANDELSBANKEN_5_min,short,106.4,107.3268292682927,106.4,eod,0.5,767.0469293669624,0.0,97.93655194157377,-97.93655194157377,70994.21787719228
2018-09-14,VOLVO_5_MIN,long,154.4,153.03974994211623,154.6,eod,0.5,521.9203444669753,104.38406889338913,96.76403186417721,7.620037029211915,71001.83791422148
2018-09-14,ERICSSON_5_MIN,short,77.62,78.34007406864184,78.34007406864184,stop,0.5,986.0352011861955,-710.0183791422148,92.26927380677232,-802.2876529489871,70199.5502612725
2018-09-17,ASSA_5_min,long,185.25,184.0990680713128,186.1,eod,0.5,609.9365958275579,518.4461064534207,135.89997291633816,382.5461335370826,70582.09639480957
2018-09-17,HM_5_min,short,132.88,134.25428571428571,134.25428571428571,stop,0.5,513.5911380079681,-705.8209639480957,82.3186810805674,-788.1396450286632,69793.9567497809
2018-09-17,KINNEVIK_5_min,short,140.26907368,141.4031936160714,140.5125959,eod,0.5,615.4019035371764,-149.86403774160945,103.67614436272707,-253.5401821043365,69540.41656767657
2018-09-18,ASSA_5_min,short,185.7,186.8435651839754,183.05,eod,0.5,608.1019039590897,1611.4700454915737,134.5425462509486,1476.9274992406251,71017.3440669172
2018-09-18,HM_5_min,long,142.0,139.9224956169518,139.9224956169518,stop,0.5,341.8396834509579,-710.173440669172,57.823377995641714,-767.9968186648138,70249.34724825238
2018-09-18,INVESTOR_5_MIN,short,101.65,102.21833067092652,101.125,eod,0.5,1236.0646863159657,648.933960315889,150.38581006063194,498.54815025525704,70747.89539850764
2018-09-18,KINNEVIK_5_min,short,132.03800595,133.16309305273526,130.13852903,eod,0.5,628.8214950336665,1194.4319166163516,98.91734441332197,1095.5145722030297,71843.40997071067
2018-09-18,SANDVIK_min,short,154.9,156.46098839084166,153.0,eod,0.5,460.2430767084305,874.4618457460206,85.02530599111545,789.4365397549051,72632.84651046558
2018-09-18,VOLVO_5_MIN,short,153.4,154.68100580720093,154.68100580720093,stop,0.5,566.9985733255388,-726.3284651046558,104.80889445682797,-831.1373595614838,71801.70915090409
2018-09-18,HUSQVARNA_5_min,long,70.92,70.32778262450019,75.54,eod,0.5,1212.421521579058,5601.387429695254,106.54275363028128,5494.844676064972,77296.55382696906
2018-09-18,ERICSSON_5_MIN,short,76.68,77.43758344807055,77.43758344807055,stop,0.5,1020.3041529462112,-772.9655382696906,94.34808626046039,-867.313624530151,76429.2402024389
2018-09-19,KINNEVIK_5_min,long,132.57375614,131.08652828964287,133.54784666,eod,0.5,513.9040408911511,500.58905442176484,82.05658022840993,418.5324741933549,76847.77267663226
2018-09-19,SANDVIK_min,long,155.4,153.79464285714286,155.65,eod,0.5,478.6958031024919,119.67395077562297,89.33899773301805,30.334953042604923,76878.10762967487
2018-09-19,SEB_5_MIN,long,95.74,95.03821428571428,95.5,eod,0.5,1095.4641290742393,-262.91139097781183,125.69793602649449,-388.60932700430635,76489.49830267056
2018-09-19,SKF_5_min,long,173.6,171.96696428571428,175.65,eod,0.5,468.3883985729426,960.1962170745377,98.1507889209601,862.0454281535776,77351.54373082414
2018-09-19,VOLVO_5_MIN,long,153.55,152.19107142857143,154.0,eod,0.5,569.2097830389134,256.1444023675046,105.03628126417068,151.10812110333393,77502.65185192747
2018-09-19,HUSQVARNA_5_min,long,78.16,77.37602735717942,79.26,eod,0.5,988.5887289776961,1087.447601875474,93.37418262940133,994.0734192460727,78496.72527117353
2018-09-19,SWEDBANK_5_MIN,short,210.4,211.71776391619773,209.9,eod,0.5,595.6812468933604,297.8406234466802,150.2188968415676,147.62172660511257,78644.34699777864
2018-09-19,ERICSSON_5_MIN,short,77.98,78.75044057377049,77.84,eod,0.5,1020.7710974111648,142.90795363756365,95.43393143916461,47.47402219839904,78691.82101997704
2018-09-19,BOLIDEN_5_min,long,215.270746,212.56750815442018,216.974972,eod,0.5,291.1020987244958,496.1037653008542,75.49658140468594,420.6071838961683,79112.4282038732
2018-09-20,BOLIDEN_5_min,long,217.782238,215.1505930851849,219.800401,eod,0.5,300.61969135160365,606.6995381572226,78.92757472620012,527.7719634310225,79640.20016730423
2018-09-20,SEB_5_MIN,long,96.34,95.63548640586507,97.14,eod,0.5,1130.428153981803,904.3425231854392,131.22914353943955,773.1133796459997,80413.31354695023
2018-09-20,ASSA_5_min,short,181.65,182.7850894085282,180.8,eod,0.5,708.4315380161819,602.1668073137506,154.06260657237905,448.1042007413715,80861.41774769161
2018-09-20,HEXAGON_5_min,long,74.642783,74.05140483284147,74.599925,eod,0.5,1367.3385701101813,-58.60139643777586,122.43918657365478,-181.04058301143064,80680.37716468018
2018-09-21,ALFA_LAVAL_5_MIN,long,244.6,242.5392857142857,248.4,eod,0.5,391.5165616310308,1487.7629341979216,115.8105989304589,1371.9523352674628,82052.32949994763
2018-09-21,ERICSSON_5_MIN,short,76.28,77.10071428571428,77.10071428571428,stop,0.5,999.7672872056423,-820.5232949994763,92.00701237865535,-912.5303073781316,81139.79919256951
2018-09-21,INVESTOR_5_MIN,long,103.45,102.83601363259382,103.85,eod,0.5,1321.5244425596711,528.6097770238572,164.37121016557188,364.2385668582853,81504.0377594278
2018-09-21,NORDEA_5_min,long,96.62,95.91214285714285,96.84,eod,0.5,1151.4193023531548,253.31224651769273,133.6521469399448,119.66009957774793,81623.69785900554
2018-09-21,SANDVIK_min,long,161.2,159.67857142857142,159.67857142857142,stop,0.5,536.4937887446371,-816.2369785900554,103.28961630760855,-919.5265948976639,80704.17126410788
2018-09-21,SEB_5_MIN,long,98.48,97.74547473867597,98.22,eod,0.5,1098.7256056875767,-285.6686574787756,129.6715959832478,-415.3402534620234,80288.83101064585
2018-09-21,SWEDBANK_5_MIN,long,215.0,213.5754605613195,215.8,eod,0.5,563.6125531562249,450.8900425249863,145.68257273982098,305.20746978516536,80594.03848043102
2018-09-21,VOLVO_5_MIN,long,159.6,158.19554858934168,160.15,eod,0.5,573.8471111838184,315.6159111511066,110.09256828061555,205.52334287049106,80799.56182330151
2018-09-21,BOLIDEN_5_min,short,221.68402,224.17951295811721,219.262224,eod,0.5,323.78196684739527,784.1338721831546,85.66226529377488,698.4716068893797,81498.03343019089
2018-09-21,ESSITY_5_min,long,231.7,230.13518779852365,234.0,eod,0.5,520.8167047349227,1197.8784208903282,145.52660363703208,1052.351817253296,82550.38524744418
2018-09-24,GETINGE_5_min,short,109.05,110.03571428571429,107.85,eod,0.5,837.4676764233392,1004.9612117080094,108.98804340973334,895.973168298276,83446.35841574246
2018-09-24,INVESTOR_5_MIN,short,103.775,104.41005219582435,102.875,eod,0.5,1314.007871548623,1182.607084393768,162.92383599331376,1019.6832484004542,84466.04166414292
2018-09-24,NORDEA_5_min,short,96.36,97.05998785580995,96.58,eod,0.5,1206.678672537938,-265.469307958345,139.68994984768185,-405.15925780602686,84060.8824063369
2018-09-24,ALFA_LAVAL_5_MIN,short,245.2,247.3058336229869,243.9,eod,0.5,399.1810249809986,518.9353324752914,117.14366359092382,401.79166888436754,84462.67407522126
2018-09-25,ASSA_5_min,short,180.6,181.77224066390042,179.5,eod,0.5,720.523324913389,792.5756574047239,155.67626958078682,636.8993878239371,85099.5734630452
2018-09-25,NORDEA_5_min,short,96.34,97.01600755779491,96.3,eod,0.5,1258.8553557098521,50.35421422840196,145.50353743436753,-95.14932320596557,85004.42413983925
2018-09-25,ABB_5_min,short,210.5,211.99573661771672,211.0,eod,0.5,568.3114469016671,-284.15572345083353,143.7259649214316,-427.8816883722651,84576.54245146699
2018-09-25,SWEDBANK_5_MIN,long,216.2,214.75692615628927,218.1,eod,0.5,586.0860330888322,1113.5634628687844,152.72229850228788,960.8411643664965,85537.38361583349
2018-09-26,ABB_5_min,short,209.9,211.425,210.6,eod,0.5,560.9008761693979,-392.6306133185721,141.5152910575391,-534.1459043761112,85003.23771145738
2018-09-26,ASSA_5_min,short,179.05,180.20892857142857,179.45,eod,0.5,733.4639925796081,-293.38559703182653,157.76810480387365,-451.1537018357002,84552.08400962167
2018-09-26,GETINGE_5_min,short,104.9,105.93374337365776,103.5,eod,0.5,817.9214122596591,1145.0899771635272,102.27289338894776,1042.8170837745795,85594.90109339626
2018-09-26,HEXAGON_5_min,short,74.171354,74.69176167857142,74.69176167857142,stop,0.5,1644.7662979985714,-855.9490109339625,146.90702140990618,-1002.8560323438687,84592.04506105238
2018-09-26,SEB_5_MIN,short,98.44,99.17365848712227,99.17365848712227,stop,0.5,1153.016649379461,-845.9204506105239,136.71110302826327,-982.6315536387872,83609.4135074136
2018-09-27,GETINGE_5_min,short,102.5,103.69406038866059,103.69406038866059,stop,0.5,700.2109298776811,-836.094135074136,86.62760085599926,-922.7217359301353,82686.69177148347
2018-09-27,HEXAGON_5_min,long,74.457068,73.9550849062122,73.9550849062122,stop,0.5,1647.2007283663042,-826.8669177148347,146.6787638193144,-973.5456815341491,81713.14608994932
2018-09-27,VOLVO_5_MIN,long,157.8,156.3651292517007,156.3651292517007,stop,0.5,569.4808831164753,-817.1314608994932,107.34662115039606,-924.4780820498893,80788.66800789944
2018-09-27,ABB_5_min,short,209.5,210.94148102731793,210.5,eod,0.5,560.4559926689943,-560.4559926689943,141.23491015258656,-701.690902821581,80086.97710507787
2018-09-27,HM_5_min,long,160.88,158.66722585734004,164.98,eod,0.5,361.9301923367839,1483.9137885808118,70.76314348491863,1413.1506450958932,81500.12775017376
2018-09-28,ESSITY_5_min,short,222.8,224.52958084983658,224.52958084983658,stop,0.5,471.21317143326945,-815.0012775017376,126.47255428089997,-941.4738317826376,80558.65391839112
2018-09-28,HANDELSBANKEN_5_min,short,110.8,111.67857142857143,111.67857142857143,stop,0.5,916.9277681768044,-805.5865391839112,122.39806798029824,-927.9846071642095,79630.66931122691
2018-09-28,INVESTOR_5_MIN,short,103.825,104.44864848630466,102.825,eod,0.5,1276.85180129382,1276.85180129382,158.31685484242072,1118.5349464513993,80749.20425767831
2018-09-28,SWEDBANK_5_MIN,short,219.2,220.71756589651804,220.71756589651804,stop,0.5,532.0968561757468,-807.4920425767832,140.4472522740145,-947.9392948507978,79801.26496282751
2018-09-28,ASSA_5_min,short,179.35,180.547778648831,179.2,eod,0.5,666.2438426391234,99.9365763958723,143.3290378669546,-43.3924614710823,79757.87250135643
2018-09-28,ABB_5_min,short,210.0,211.376604850214,211.376604850214,stop,0.5,579.3810220046663,-797.5787250135643,146.48256478018405,-944.0612897937483,78813.81121156267
2018-09-28,NORDEA_5_min,long,97.14,96.47961024876797,97.24,eod,0.5,1193.4438877121672,119.34438877120994,139.18897373609462,-19.84458496488469,78793.96662659779
2018-10-01,ATLAS_5_min,short,59.13750006,59.60927533655567,59.41250012,eod,0.5,1670.1588773760236,-459.29379148793316,118.7984011281337,-578.0921926160669,78215.87443398172
2018-10-01,GETINGE_5_min,short,100.6,101.7642857142857,101.7642857142857,stop,0.5,671.7927865495382,-782.1587443398173,81.56812043886413,-863.7268647786814,77352.14756920304
2018-10-01,HANDELSBANKEN_5_min,short,111.0,111.84694793536804,111.84694793536804,stop,0.5,913.3046358462423,-773.5214756920304,122.11629038013469,-895.6377660721652,76456.50980313087
2018-10-01,HEXAGON_5_min,short,74.714211,75.20298610714286,75.20298610714286,stop,0.5,1564.2472107480821,-764.5650980313087,140.7045344508112,-905.26963248212,75551.24017064876
2018-10-01,SWEDBANK_5_MIN,short,220.1,221.5767857142857,219.7,eod,0.5,511.5924364638863,204.63697458555743,134.9990121340903,69.63796245146713,75620.87813310022
2018-10-01,SKF_5_min,short,172.0,173.72327904181688,172.95,eod,0.5,438.8196937239597,-416.8787090377567,90.82251201004792,-507.70122104780467,75113.17691205243
2018-10-01,ASSA_5_min,long,179.65,178.39008429768555,180.15,eod,0.5,596.1762106311551,298.08810531557754,128.70252035105375,169.3855849645238,75282.56249701694
2018-10-02,ATLAS_5_min,long,59.30000014,58.83616085571429,58.83616085571429,stop,0.5,1623.0311887650523,-752.8256249701694,115.04320429020825,-867.8688292603777,74414.69366775657
2018-10-02,INVESTOR_5_MIN,short,102.125,102.72396051849522,102.45,eod,0.5,1242.3973095039762,-403.7791255887958,152.49805775506553,-556.2771833438613,73858.41648441271
2018-10-02,SWEDBANK_5_MIN,short,218.4,219.88613906678867,218.1,eod,0.5,496.98186485340267,149.09455945602645,130.15955040510616,18.935009050920286,73877.35149346363
2018-10-02,GETINGE_5_min,short,100.4,101.62017599886453,100.4,eod,0.5,605.4647162557941,0.0,72.94638901449807,-72.94638901449807,73804.40510444914
2018-10-02,ASSA_5_min,short,178.85,180.14353556485355,180.14353556485355,stop,0.5,570.5634008818665,-738.0440510444913,122.89714352789288,-860.9411945723842,72943.46390987675
2018-10-02,VOLVO_5_MIN,short,155.75,157.11925816261203,156.1,eod,0.5,532.7225055261177,-186.45287693413817,99.67770800899187,-286.13058494313003,72657.33332493363
2018-10-03,ERICSSON_5_MIN,long,79.9,79.16677578619728,80.42,eod,0.5,990.9292677080338,515.2832192081736,95.31946811937118,419.9637510888024,73077.29707602243
2018-10-03,HANDELSBANKEN_5_min,long,111.8,110.96428571428571,110.96428571428571,stop,0.5,874.4291957814617,-730.7729707602243,116.87495712358475,-847.6479278838091,72229.64914813862
2018-10-03,GETINGE_5_min,long,101.0,99.76913846807305,102.55,eod,0.5,586.8218908024618,909.5739307438141,71.66855752370466,837.9053732201095,73067.55452135873
2018-10-03,INVESTOR_5_MIN,long,103.625,103.0371163909229,104.475,eod,0.5,1242.89150765856,1056.457781509769,155.18743364624777,901.2703478635211,73968.82486922226
2018-10-03,SEB_5_MIN,long,99.94,99.28210502603123,99.28210502603123,stop,0.5,1124.3257327686167,-739.6882486922227,134.39432353025933,-874.082572222482,73094.74229699977
2018-10-03,SANDVIK_min,long,155.7,154.27853123564537,158.65,eod,0.5,514.2198276174348,1516.9484914714415,96.98700168692437,1419.9614897845172,74514.70378678429
2018-10-03,SKF_5_min,long,169.7,167.92028064992613,172.8,eod,0.5,418.68794528582157,1297.9326303860564,86.04037275623632,1211.89225762982,75726.59604441411
2018-10-03,VOLVO_5_MIN,long,158.0,156.70647250656762,160.95,eod,0.5,585.427031345684,1727.009742469761,112.03317098862352,1614.9765714811374,77341.57261589525
2018-10-03,ASSA_5_min,long,182.15,180.8291609116022,184.4,eod,0.5,585.5487870949643,1317.4847709636697,128.77974474579548,1188.705026217874,78530.27764211311
2018-10-03,SWEDBANK_5_MIN,long,221.4,219.90129561335405,219.90129561335405,stop,0.5,523.9877746528854,-785.3027764211312,138.74189030392589,-924.044666725057,77606.23297538806
2018-10-04,ALFA_LAVAL_5_MIN,short,244.8,247.20125742228436,247.20125742228436,stop,0.5,323.1899764480907,-776.0623297538806,95.40592487924344,-871.468254633124,76734.76472075495
2018-10-04,ASSA_5_min,short,183.15,184.53204208210002,184.53204208210002,stop,0.5,555.2274110507287,-767.3476472075495,122.48828898905369,-889.8359361966031,75844.92878455835
2018-10-04,ATLAS_5_min,long,59.81250017,59.35105015188458,59.35105015188458,stop,0.5,1643.6217533225333,-758.4492878455835,117.5158821073163,-875.9651699528998,74968.96361460544
2018-10-04,HANDELSBANKEN_5_min,long,111.2,110.27189440993789,110.27189440993789,stop,0.5,807.7633021215601,-749.6896361460545,107.33812125341332,-857.0277573994678,74111.93585720597
2018-10-04,SEB_5_MIN,long,97.24,96.35657899384769,96.35657899384769,stop,0.5,838.9197827658278,-741.1193585720597,97.44719999623567,-838.5665585682954,73273.36929863767
2018-10-04,GETINGE_5_min,short,101.7,102.98508335658482,99.12,eod,0.5,570.1837855356376,1471.0741666819442,68.70258468676003,1402.3715819951842,74675.74088063286
2018-10-05,ABB_5_min,short,207.0,208.3765763903246,206.4,eod,0.5,542.4743690615243,325.4846214369115,134.55534250202047,190.92927893489102,74866.67015956774
2018-10-05,SEB_5_MIN,short,95.28,96.2136629422161,96.2136629422161,stop,0.5,801.8597159041935,-748.6667015956774,92.13063249857927,-840.7973340942567,74025.87282547349
2018-10-05,SANDVIK_min,long,156.35,154.8181732440095,154.8181732440095,stop,0.5,483.2522511829848,-740.2587282547349,90.22363212999875,-830.4823603847337,73195.39046508876
2018-10-08,VOLVO_5_MIN,long,155.25,153.73482142857142,153.73482142857142,stop,0.5,483.08095062403686,-731.9539046508876,89.5588087584675,-821.5127134093551,72373.8777516794
2018-10-08,HANDELSBANKEN_5_min,short,109.0,109.97499347088012,108.0,eod,0.5,742.3011529128278,742.3011529128278,96.64761010925015,645.6535428035776,73019.53129448298
2018-10-08,ASSA_5_min,short,181.5,182.85668611504005,181.75,eod,0.5,538.2197877976181,-134.55494694940452,117.30500275049084,-251.85994969989537,72767.67134478308
2018-10-08,ERICSSON_5_MIN,short,77.9,78.67182945538227,77.92,eod,0.5,942.7946917203852,-18.855893834403954,88.14376131832226,-106.99965515272622,72660.67168963036
2018-10-09,ATLAS_5_min,long,56.03750011,55.54029517262975,56.66250011,eod,0.5,1461.3827463970208,913.364216498138,98.81870150426906,814.545514993869,73475.21720462422
2018-10-09,ERICSSON_5_MIN,long,79.4,78.62798804422198,78.62798804422198,stop,0.5,951.7367788763916,-734.7521720462422,90.24062898811484,-824.9928010343571,72650.22440358986
2018-10-09,HEXAGON_5_min,long,72.114214,71.45860235714287,71.45860235714287,stop,0.5,1108.128954009756,-726.5022440358987,95.45831688844528,-821.960560924344,71828.26384266552
2018-10-09,SEB_5_MIN,short,95.12,96.0658725487252,94.46,eod,0.5,759.3862824275085,501.1949464021638,86.37867085356423,414.81627554859955,72243.08011821411
2018-10-09,SKF_5_min,long,167.4,165.6,165.6,stop,0.5,401.350445101187,-722.4308011821412,80.18981893121715,-802.6206201133583,71440.45949810075
2018-10-09,SWEDBANK_5_MIN,short,194.0,196.43522831468917,196.43522831468917,stop,0.5,293.3624706446441,-714.4045949810076,68.72342592306174,-783.1280209040693,70657.33147719668
2018-10-09,ALFA_LAVAL_5_MIN,long,242.7,240.0751247920133,240.0751247920133,stop,0.5,269.1835835174491,-706.5733147719669,77.97308287475867,-784.5463976467256,69872.78507954995
2018-10-10,ATLAS_5_min,short,55.31250017,55.81861363980639,53.84999998,eod,0.5,1380.5754884626906,2019.091914186028,90.42424317983686,1928.667671006191,71801.45275055614
2018-10-10,BOLIDEN_5_min,short,227.828206,230.34484966117114,221.325235,eod,0.5,285.3063938227259,1855.3392051437663,76.88780911486708,1778.4513960288991,73579.90414658505
2018-10-11,ABB_5_min,short,194.2,195.6996138996139,195.6996138996139,stop,0.5,490.65899006090257,-735.7990414658505,114.78465046867223,-850.5836919345227,72729.32045465053
2018-10-11,ATLAS_5_min,short,52.42500014,52.99852409956464,52.99852409956464,stop,0.5,1268.1130272196338,-727.2932045465053,80.21336667815804,-807.5065712246634,71921.81388342587
2018-10-11,HANDELSBANKEN_5_min,short,106.8,107.81428571428572,105.2,eod,0.5,709.0883058929275,1134.5412894286799,90.19603250958036,1044.3452569190995,72966.15914034497
2018-10-11,KINNEVIK_5_min,short,122.29709833,123.31907969105212,123.31907969105212,stop,0.5,713.9676115543488,-729.6615914034497,105.21719758847898,-834.8787889919287,72131.28035135304
2018-10-11,VOLVO_5_MIN,short,145.6,147.09374999999997,145.1,eod,0.5,482.8872324776846,241.4436162388423,84.22519108875773,157.21842515008458,72288.49877650313
2018-10-11,SEB_5_MIN,long,93.64,92.64114569657741,92.64114569657741,stop,0.5,723.7141445835039,-722.8849877650313,80.88858000590015,-803.7735677709314,71484.7252087322
2018-10-11,NORDEA_5_min,long,89.11,88.09876840508036,88.09876840508036,stop,0.5,706.9075528085453,-714.847252087322,75.16213008567098,-790.0093821729929,70694.7158265592
2018-10-11,SKF_5_min,short,156.2,158.01316942884534,158.01316942884534,stop,0.5,389.8958073188907,-706.9471582655921,73.50623841881222,-780.4533966844043,69914.2624298748
2018-10-11,ALFA_LAVAL_5_MIN,short,225.9,228.7317644276254,228.7317644276254,stop,0.5,246.89293271651948,-699.142624298748,67.34722177537336,-766.4898460741214,69147.77258380067
2018-10-11,ERICSSON_5_MIN,short,75.74,76.56316806943713,74.66,eod,0.5,840.0201022263028,907.2217104044056,75.80341402490156,831.418296379504,69979.19088018018
2018-10-11,BOLIDEN_5_min,short,214.642873,217.2738017667852,214.732569,eod,0.5,265.9866422977687,-23.857937867541605,68.52487926162019,-92.3828171291618,69886.80806305101
2018-10-11,ASSA_5_min,short,172.15,173.60974416582116,171.15,eod,0.5,478.7606602540357,478.7606602540357,98.61512079912627,380.14553945490945,70266.95360250592
2018-10-11,ESSITY_5_min,short,223.0,224.8947292626728,219.0,eod,0.5,370.85484974979454,1483.4193989991782,98.3507061536455,1385.0686928455327,71652.02229535146
2018-10-11,INVESTOR_5_MIN,short,96.05,96.81091558441558,96.81091558441558,stop,0.5,941.655339473474,-716.5202229535146,108.9651065614847,-825.4853295149993,70826.53696583647
2018-10-11,HEXAGON_5_min,short,66.614219,67.33915046094907,67.33915046094907,stop,0.5,977.0101144887797,-708.2653696583646,78.52427809991978,-786.7896477582844,70039.74731807818
2018-10-12,ABB_5_min,long,193.8,192.12240310077522,192.12240310077522,stop,0.5,417.50045765131665,-700.3974731807818,96.67366794748173,-797.0711411282635,69242.67617694991
2018-10-12,ASSA_5_min,short,172.6,174.16604249338624,168.95,eod,0.5,442.15068537014406,1613.8500016010282,90.6099399529036,1523.2400616481245,70765.91623859803
2018-10-12,BOLIDEN_5_min,long,216.481644,213.7090721785714,216.436796,eod,0.5,255.23564688807755,-11.446808291636955,66.29773084990642,-77.74453914154337,70688.17169945649
2018-10-12,GETINGE_5_min,short,93.58,95.16357142857142,92.0,eod,0.5,446.38448524690926,705.2874866901159,49.70401966327285,655.583467026843,71343.75516648333
2018-10-12,KINNEVIK_5_min,long,123.90434809,122.82762981392858,122.82762981392858,stop,0.5,662.603735368853,-713.4375516648333,98.09131811645302,-811.5288697812864,70532.22629670205
2018-10-12,HUSQVARNA_5_min,long,71.62,70.87482287712288,70.87482287712288,stop,0.5,946.5162594414819,-705.3222629670205,80.92420004365852,-786.246463010679,69745.97983369137
2018-10-12,SEB_5_MIN,short,92.92,93.9286203879919,92.0,eod,0.5,691.4988102962251,636.1789054725283,76.72317599998676,559.4557294725415,70305.4355631639
2018-10-12,HEXAGON_5_min,long,68.442789,67.66472853571429,67.66472853571429,stop,0.5,903.5986120655358,-703.054355631639,73.7919383621742,-776.8462939938132,69528.58926917009
2018-10-12,SANDVIK_min,long,144.8,142.96087150284725,142.96087150284725,stop,0.5,378.05182931377897,-695.2858926917008,65.2731143259472,-760.559007017648,68768.03026215243
2018-10-12,HANDELSBANKEN_5_min,short,105.0,106.06428571428572,106.06428571428572,stop,0.5,646.1425662215651,-687.6803026215243,81.82657152549011,-769.5068741470144,67998.52338800541
2018-10-15,ABB_5_min,short,189.35,191.02455781414994,189.65,eod,0.5,406.0685323219091,-121.82055969657735,92.33998425000213,-214.16054394657948,67784.36284405884
2018-10-15,ALFA_LAVAL_5_MIN,short,219.7,222.66911135597613,220.2,eod,0.5,228.2984863724444,-114.1492431862222,60.25710249314296,-174.40634567936516,67609.95649837947
2018-10-15,HANDELSBANKEN_5_min,long,105.6,104.53571428571428,104.53571428571428,stop,0.5,635.2613362263828,-676.0995649837947,80.09465678761694,-756.1942217714117,66853.76227660806
2018-10-15,HEXAGON_5_min,short,65.828506,66.64981127220247,65.142792,eod,0.5,813.9940718671958,558.1671309963458,63.96591609405114,494.2012149022947,67347.96349151035
2018-10-15,INVESTOR_5_MIN,short,95.175,95.99599726212352,94.625,eod,0.5,820.3189778893226,451.1754378391251,93.41792520203603,357.75751263708906,67705.72100414745
2018-10-15,NORDEA_5_min,short,86.75,87.80950221311745,87.48,eod,0.5,639.0333136250063,-466.4943189462571,66.8032645397309,-533.2975834859881,67172.42342066146
2018-10-15,HUSQVARNA_5_min,long,71.02,70.26616884034563,70.8,eod,0.5,891.0804834793519,-196.0377063654564,75.823820500225,-271.8615268656814,66900.56189379578
2018-10-15,GETINGE_5_min,long,80.46,78.89188169364881,78.89188169364881,stop,0.5,426.6295573671682,-669.0056189379578,40.790533651552046,-709.7961525895099,66190.76574120627
2018-10-15,SANDVIK_min,short,141.45,143.34151990715043,140.05,eod,0.5,349.93428031599296,489.9079924423822,59.103899945371204,430.80409249701097,66621.56983370328
2018-10-15,VOLVO_5_MIN,short,142.1,143.7355745614035,142.3,eod,0.5,407.32823440671945,-81.46564688135084,69.5064899191626,-150.97213680051345,66470.59769690277
2018-10-15,KINNEVIK_5_min,short,119.76446216,120.87107975529024,120.87107975529024,stop,0.5,600.6645654271271,-664.7059769690277,86.72474592652141,-751.4307228955491,65719.16697400722
2018-10-16,GETINGE_5_min,long,76.3,74.18821428571428,77.98,eod,0.5,311.2018730377475,522.8191467034179,28.807334983358203,494.0118117200597,66213.17878572729
2018-10-16,VOLVO_5_MIN,long,132.0,130.35763265306122,136.3,eod,0.5,403.1569362916424,1733.574826054067,64.9002036042286,1668.6746224498384,67881.85340817712
2018-10-16,HEXAGON_5_min,long,66.599933,65.72792748241373,67.499933,eod,0.5,778.4566959630754,700.6110263667723,62.63456316927067,637.9764631975016,68519.82987137462
2018-10-16,ERICSSON_5_MIN,long,75.48,74.59362962117756,76.82,eod,0.5,773.038354038905,1035.8713944121243,70.64024479207514,965.2311496200492,69485.06102099468
2018-10-17,ABB_5_min,short,191.4,193.1165040044701,190.75,eod,0.5,404.80570298724996,263.1237069417148,92.81789963794655,170.30580730376823,69655.36682829844
2018-10-17,ASSA_5_min,short,171.6,173.34949024177106,173.34949024177106,stop,0.5,398.1466438920166,-696.5536682829844,82.40428911121384,-778.9579573941983,68876.40887090424
2018-10-17,ERICSSON_5_MIN,short,77.2,78.16293605723135,78.16293605723135,stop,0.5,715.2750003872443,-688.7640887090424,66.67633448909974,-755.4404231981422,68120.9684477061
2018-10-17,HEXAGON_5_min,long,69.271359,68.32306086432196,68.32306086432196,stop,0.5,718.3497033767635,-681.2096844770609,59.30454641750011,-740.514230894561,67380.45421681153
2018-10-17,INVESTOR_5_MIN,short,96.5,97.3978689461842,95.55,eod,0.5,750.4486540398511,712.9262213378607,86.47419840501205,626.4520229328486,68006.90623974438
2018-10-17,KINNEVIK_5_min,short,123.22248473,124.37127479570297,124.37127479570297,stop,0.5,591.9872417953889,-680.0690623974438,87.943408072423,-768.0124704698668,67238.89376927451
2018-10-17,SKF_5_min,long,158.15,156.09056866564,156.09056866564,stop,0.5,326.49252561834044,-672.3889376927451,61.558318149232996,-733.9472558419781,66504.94651343253
2018-10-17,VOLVO_5_MIN,short,137.1,139.13229454195093,135.8,eod,0.5,327.24068849582244,425.4128950445636,53.58239033430596,371.8305047102576,66876.77701814279
2018-10-17,SANDVIK_min,long,145.4,143.29531926406926,143.29531926406926,stop,0.5,317.7525972297562,-668.767770181428,55.040212502539,-723.807982683967,66152.96903545882
2018-10-17,SEB_5_MIN,short,93.26,94.30075913870041,92.52,eod,0.5,635.6222739303902,470.3604827084945,70.85154363047273,399.50893907802174,66552.47797453684
2018-10-17,NORDEA_5_min,short,86.8,87.8932590721176,85.4,eod,0.5,608.7530364200596,852.2542509880783,62.89636372292056,789.3578872651577,67341.835861802
2018-10-17,ALFA_LAVAL_5_MIN,long,234.0,230.81392918613227,230.81392918613227,stop,0.5,211.36327406374372,-673.41835861802,58.94675634192841,-732.3651149599484,66609.47074684205
2018-10-18,ASSA_5_min,short,172.25,174.00612643725702,174.00612643725702,stop,0.5,379.2976936836195,-666.0947074684206,78.80049010888519,-744.8951975773057,65864.57554926474
2018-10-18,ERICSSON_5_MIN,short,80.32,81.29545524745524,81.29545524745524,stop,0.5,675.218834704016,-658.6457554926475,65.47547961740746,-724.121235110055,65140.45431415469
2018-10-18,SKF_5_min,short,153.05,155.14038851824205,155.14038851824205,stop,0.5,311.61888685140764,-651.4045431415469,57.62276748501445,-709.0273106265614,64431.42700352813
2018-10-18,ABB_5_min,short,190.8,192.5269874516111,192.5269874516111,stop,0.5,373.08566975064605,-644.3142700352813,85.80828350812908,-730.1225535434104,63701.30444998472
2018-10-18,BOLIDEN_5_min,long,215.494986,212.57002659130492,214.777417,eod,0.5,217.78525972230082,-156.27595103367113,56.22419222321609,-212.5001432568872,63488.80430672783
2018-10-18,KINNEVIK_5_min,long,123.563416,122.41440247454862,122.41440247454862,stop,0.5,552.5505392270017,-634.8880430672783,81.54910574159601,-716.4371488088743,62772.367157918954
2018-10-18,NORDEA_5_min,short,84.48,85.64806378362013,83.01,eod,0.5,537.4053030166846,789.9857954345257,54.006008521358694,735.979786913167,63508.34694483212
2018-10-18,SEB_5_MIN,short,91.12,92.16645246946362,90.9,eod,0.5,606.8918445706835,133.51620580554967,66.27987212925349,67.23633367629618,63575.58327850841
2018-10-19,ERICSSON_5_MIN,long,83.84,82.68383321941218,85.0,eod,0.5,549.8824593990236,637.8636529028655,55.70529266695868,582.1583602359068,64157.74163874432
2018-10-19,ESSITY_5_min,long,219.1,217.38951005025126,217.38951005025126,stop,0.5,375.08400238287817,-641.5774163874432,98.23213945667385,-739.8095558441171,63417.9320829002
2018-10-19,HUSQVARNA_5_min,long,70.32,69.54829997962094,69.54829997962094,stop,0.5,821.7951329293659,-634.179320829002,68.9658529046142,-703.1451737336162,62714.786909166585
2018-10-19,INVESTOR_5_MIN,long,98.075,97.13475558633763,97.13475558633763,stop,0.5,667.0051531057187,-627.1478690916658,78.12354774755703,-705.2714168392229,62009.515492327366
2018-10-19,NORDEA_5_min,long,83.05,81.86185362658577,84.35,eod,0.5,521.9013151901344,678.4717097471732,52.419768097697094,626.0519416494761,62635.567433976845
2018-10-19,SEB_5_MIN,long,90.52,89.47571428571428,92.02,eod,0.5,599.7933954005954,899.6900931008931,65.69177183785479,833.9983212630384,63469.565755239884
2018-10-19,VOLVO_5_MIN,short,138.95,141.06266819160388,134.0,eod,0.5,300.4237296111099,1487.0974615749906,49.20039419841145,1437.8970673765791,64907.462822616464
2018-10-19,HANDELSBANKEN_5_min,short,103.4,104.50714285714287,104.50714285714287,stop,0.5,586.2609545268563,-649.0746282261647,73.13270401462802,-722.2073322407928,64185.25549037567
2018-10-19,ATLAS_5_min,short,52.50000003,53.268750031785714,49.22499997,eod,0.5,834.9301507808937,2734.3962939032385,50.95996175291184,2683.4363321503265,66868.691822526
2018-10-19,SANDVIK_min,short,139.75,141.85730178507856,136.35,eod,0.5,317.3190109552016,1078.8846372476871,52.56706735483869,1026.3175698928485,67895.00939241885
2018-10-19,GETINGE_5_min,long,83.14,80.7875,85.98,eod,0.5,288.6079038997606,819.646447075321,29.285621224516504,790.3608258508045,68685.37021826966
2018-10-22,ATLAS_5_min,short,49.37999993,50.34221549127828,49.69500002,eod,0.5,713.8251861882432,-224.85499789356703,42.43333817154536,-267.2883360651124,68418.08188220454
2018-10-22,HUSQVARNA_5_min,short,63.54,64.52357142857142,63.78,eod,0.5,695.6086756360754,-166.94608215265947,53.138937949191074,-220.08502010185055,68197.9968621027
2018-10-22,VOLVO_5_MIN,long,136.65,134.15625,134.15625,stop,0.5,273.4756766400102,-681.979968621027,44.435353474256246,-726.4153220952832,67471.5815400074
2018-10-23,ABB_5_min,short,186.6,188.3541339333384,187.0,eod,0.5,384.64327186007836,-153.85730874403353,86.22163582015516,-240.0789445641887,67231.50259544322
2018-10-23,ALFA_LAVAL_5_MIN,short,217.5,220.8056230304622,216.0,eod,0.5,203.38526799906472,305.0779019985971,52.90050820655673,252.17739379204036,67483.67998923526
2018-10-23,BOLIDEN_5_min,short,206.480524,209.26047527055846,205.045385,eod,0.5,242.75130540571908,348.38186568865643,59.939070970815095,288.44279471784137,67772.1227839531
2018-10-23,HANDELSBANKEN_5_min,short,103.4,104.55,102.6,eod,0.5,589.3228068169878,471.458245453597,72.84029892257969,398.6179465310173,68170.74073048412
2018-10-23,HM_5_min,short,162.0,164.1405648943458,158.98,eod,0.5,318.4707967067659,961.7818060544363,61.33365379616262,900.4481522582737,69071.1888827424
2018-10-23,HUSQVARNA_5_min,short,62.68,63.700703156938445,63.700703156938445,stop,0.5,676.7020206924647,-690.711888827424,51.31324632170087,-742.0251351491248,68329.16374759327
2018-10-24,ALFA_LAVAL_5_MIN,long,216.3,212.8571428571429,216.5,eod,0.5,198.4664507191518,39.6932901438281,51.53776792274934,-11.844477778921238,68317.31926981434
2018-10-24,BOLIDEN_5_min,short,192.84671,195.7886290174358,174.548696,eod,0.5,232.2202578144398,4249.169528572228,51.18999354069647,4197.979535031532,72515.29880484586
2018-10-24,NORDEA_5_min,long,81.07,80.0537274965583,81.29,eod,0.5,713.5418754248127,156.97921259346813,69.51039533638354,87.4688172570846,72602.76762210295
2018-10-24,SANDVIK_min,short,133.65,136.1585892857143,136.1585892857143,stop,0.5,289.41671733812774,-726.0276762210295,46.85226973242154,-772.879945953451,71829.8876761495
2018-10-24,ASSA_5_min,short,176.225,178.20227160056658,176.45,eod,0.5,363.2777998508999,-81.73750496645042,76.87139883744968,-158.6089038039001,71671.2787723456
2018-10-25,KINNEVIK_5_min,long,118.35203051,116.99027600468206,119.618349,eod,0.5,526.3157088333742,666.4833136731523,75.14852938389161,591.3347842892607,72262.61355663485
2018-10-25,SEB_5_MIN,long,91.86,90.92489991594807,93.68,eod,0.5,772.7794573978695,1406.4586124641282,86.0289003153604,1320.4297121487677,73583.04326878361
2018-10-25,INVESTOR_5_MIN,short,93.85,94.8885814889336,94.8885814889336,stop,0.5,708.4956168854642,-735.8304326878362,80.23227463325367,-816.0627073210899,72766.98056146252
2018-10-25,ABB_5_min,long,178.55,176.6896561069622,182.4,eod,0.5,391.14800674104794,1505.9198259530324,84.71092381990874,1421.2089021331237,74188.18946359564
2018-10-26,ABB_5_min,short,178.4,180.49285714285716,177.65,eod,0.5,354.4828165496016,265.8621124122012,75.72816409949138,190.13394831270983,74378.32341190835
2018-10-26,SKF_5_min,short,135.0,137.67896752046474,137.67896752046474,stop,0.5,277.6380185415815,-743.7832341190837,45.42362894420765,-789.2068630632913,73589.11654884506
2018-10-26,BOLIDEN_5_min,short,176.629647,180.6314083937207,175.176569,eod,0.5,183.8918149000994,267.20915061140755,38.81657013202583,228.3925804793817,73817.50912932445
2018-10-29,ABB_5_min,short,178.8,181.06607142857146,181.06607142857146,stop,0.5,325.75102531458856,-738.1750912932445,70.33604504627407,-808.5111363395185,73008.99799298494
2018-10-29,ESSITY_5_min,long,205.3,203.44550435540071,203.44550435540071,stop,0.5,393.68654332299656,-730.0899799298494,96.55056282509553,-826.6405427549449,72182.35745022999
2018-10-29,SKF_5_min,long,138.1,135.26785714285714,140.95,eod,0.5,254.86834913069873,726.3747950224899,42.67260769495288,683.7021873275371,72866.05963755753
2018-10-29,HM_5_min,long,157.8,155.61128255018912,158.4,eod,0.5,332.9167026280764,199.75002157684395,63.16095682259865,136.5890647542453,73002.64870231177
2018-10-30,ESSITY_5_min,short,206.4,208.58761537401847,205.2,eod,0.5,333.70879346222597,400.45055215467687,82.41272363343131,318.03782852124556,73320.68653083302
2018-10-30,SKF_5_min,long,141.5,138.45570139976755,143.25,eod,0.5,240.84590954788243,421.48034170879424,41.14852364625571,380.33181806253856,73701.01834889555
2018-10-31,ASSA_5_min,long,178.0,175.93571428571428,181.65,eod,0.5,357.0291546313275,1303.1564144043475,77.04332127789415,1226.1130931264534,74927.131442022
2018-10-31,SKF_5_min,long,146.15,143.1077450379809,146.55,eod,0.5,246.28813948024134,98.51525579209793,43.253123055519985,55.262132736577946,74982.39357475858
2018-10-31,BOLIDEN_5_min,long,185.85041,181.73830246167796,187.464941,eod,0.5,182.3454101722136,294.4023174307541,40.84340448100733,253.5589129497468,75235.95248770833
2018-11-01,HM_5_min,short,159.84,161.8324270257786,158.66,eod,0.5,377.60957623182105,445.5792999535514,72.16119001790099,373.4181099356504,75609.37059764398
2018-11-01,HEXAGON_5_min,short,67.857075,68.959760117803,67.228504,eod,0.5,685.6841484202525,431.00117085666227,55.575624120283045,375.4255467363792,75984.79614438037
2018-11-01,HANDELSBANKEN_5_min,long,102.0,100.99087847319674,100.99087847319674,stop,0.5,752.9796374980594,-759.8479614438037,91.7087988528962,-851.5567602966998,75133.23938408366
2018-11-05,ABB_5_min,short,184.8,186.9393841166937,184.8,eod,0.5,351.19097499984366,0.0,77.88011061596534,-77.88011061596534,75055.3592734677
2018-11-05,HEXAGON_5_min,short,68.399932,69.62847844240521,66.428505,eod,0.5,610.92813981478,1204.4002298906357,49.42229172632656,1154.977938164309,76210.337211632
2018-11-05,HUSQVARNA_5_min,short,69.28,70.33831753359162,69.08,eod,0.5,720.108424859942,144.02168497199045,59.780520998172946,84.2411639738175,76294.57837560581
2018-11-05,INVESTOR_5_MIN,short,98.575,99.64053096143401,98.2,eod,0.5,716.0240400046889,268.50901500175837,84.53737828315359,183.97163671860477,76478.55001232441
2018-11-05,KINNEVIK_5_min,short,120.10539426,121.55027110088578,117.231826,eod,0.5,529.3084354887934,1521.0039199708538,75.37475564344786,1445.629164327406,77924.17917665181
2018-11-05,SANDVIK_min,short,143.4,146.20858286908077,143.55,eod,0.5,277.4501690318861,-41.61752535478449,47.76859560221983,-89.38612095700432,77834.79305569481
2018-11-05,SWEDBANK_5_MIN,long,205.3,203.19642857142858,206.2,eod,0.5,370.0125985669704,333.0113387102649,91.35611058618498,241.65522812407994,78076.44828381889
2018-11-05,ESSITY_5_min,short,208.2,210.37217097592756,209.2,eod,0.5,359.4396994945497,-359.4396994945497,90.018078341415,-449.4577778359647,77626.99050598292
2018-11-05,ASSA_5_min,short,175.45,177.46333147321428,177.46333147321428,stop,0.5,385.56487860417263,-776.2699050598292,81.64259148435839,-857.9124965441875,76769.07800943873
2018-11-05,SKF_5_min,short,150.0,153.12529428383087,147.95,eod,0.5,245.63791770462674,503.5577312944876,43.91269054805612,459.6450407464315,77228.72305018516
2018-11-05,NORDEA_5_min,long,80.33,79.24944082768852,80.64,eod,0.5,714.710725975155,221.56032505229967,69.02819133613241,152.53213371616727,77381.25518390133
2018-11-05,HM_5_min,long,160.78,158.7758697258981,160.0,eod,0.5,386.10890810767233,-301.16494832398485,74.31360932566747,-375.4785576496523,77005.77662625168
2018-11-06,KINNEVIK_5_min,short,116.40384948,117.96478068795622,116.89089473,eod,0.5,493.33228930106503,-240.27514817570668,69.0550981458154,-309.33024632152205,76696.44637993016
2018-11-06,NORDEA_5_min,short,81.05,82.12973640294484,80.74,eod,0.5,710.325651434463,220.20095194468516,68.95415228734905,151.2467996573361,76847.6931795875
2018-11-09,GETINGE_5_min,short,85.24,87.16428571428571,86.28,eod,0.5,399.356980146334,-415.3312593521899,41.09862554081952,-456.4298848930094,76391.2632946945
2018-11-09,INVESTOR_5_MIN,long,97.85,96.90600881676463,98.075,eod,0.5,809.2370421604626,182.07833448611098,95.12986049117318,86.9484739949378,76478.21176868943
2018-11-12,KINNEVIK_5_min,long,119.8131671,118.40831679346623,118.40831679346623,stop,0.5,544.386910213845,-764.7821176868943,77.81079453799279,-842.5929122248871,75635.61885646454
2018-11-12,HM_5_min,short,154.14,155.98248252427183,152.8,eod,0.5,410.509287659898,550.082445464253,75.60103245259745,474.4814130116556,76110.1002694762
2018-11-13,GETINGE_5_min,long,83.58,81.70937140804598,83.42,eod,0.5,406.8691165998554,-65.09905865597547,40.768285483305505,-105.86734413928097,76004.23292533692
2018-11-13,SANDVIK_min,short,136.45,138.93835493278232,136.75,eod,0.5,305.43967793353966,-91.63190338006537,50.06767200686582,-141.6995753869312,75862.53334995
2018-11-13,SKF_5_min,long,141.4,138.3438916430595,140.85,eod,0.5,248.2324724437991,-136.52785984409232,42.038169208357374,-178.5660290524497,75683.96732089754
2018-11-13,ASSA_5_min,long,178.1,176.2875,176.2875,stop,0.5,417.5667162532278,-756.8396732089755,88.78825479371444,-845.6279280026899,74838.33939289485
2018-11-14,KINNEVIK_5_min,short,118.6929626,120.06869827099497,120.06869827099497,stop,0.5,543.9877802889976,-748.3833939289486,77.93005554919617,-826.3134494781448,74012.02594341671
2018-11-14,VOLVO_5_MIN,short,129.3,130.9228520368735,130.9228520368735,stop,0.5,456.061453920374,-740.1202594341671,71.20656734594573,-811.3268267801128,73200.69911663659
2018-11-14,ALFA_LAVAL_5_MIN,short,203.8,207.3592427733557,202.3,eod,0.5,205.66368685107196,308.49553027660795,50.1120139381322,258.3835163384758,73459.08263297507
2018-11-15,ESSITY_5_min,long,219.1,216.7396252285192,216.7396252285192,stop,0.5,311.2178774343117,-734.5908263297507,81.38464983923137,-815.9754761689821,72643.10715680609
2018-11-15,GETINGE_5_min,long,83.14,81.40857142857142,81.40857142857142,stop,0.5,419.5558994204951,-726.4310715680609,41.42239433044312,-767.853465898504,71875.25369090759
2018-11-15,ERICSSON_5_MIN,long,76.98,76.07503574220932,76.07503574220932,stop,0.5,794.2330658050408,-718.7525369090758,72.93682216466101,-791.6893590737368,71083.56433183386
2018-11-16,ABB_5_min,long,183.1,181.22397540983607,181.22397540983607,stop,0.5,378.9052910315145,-710.8356433183386,82.82656915945334,-793.662212477792,70289.90211935606
2018-11-16,ALFA_LAVAL_5_MIN,long,204.6,201.1789123138242,201.1789123138242,stop,0.5,205.46068551060358,-702.8990211935607,50.02296809384725,-752.9219892874079,69536.98013006865
2018-11-16,HUSQVARNA_5_min,long,67.66,66.8334211917449,67.28,eod,0.5,841.2625564023492,-319.67977143288886,68.11198161655979,-387.79175304944863,69149.1883770192
2018-11-16,INVESTOR_5_MIN,long,96.1,95.21798679252322,95.21798679252322,stop,0.5,783.9926634980701,-691.4918837701921,89.9951388243353,-781.4870225945274,68367.70135442467
2018-11-16,SANDVIK_min,long,136.45,134.35854161205765,135.3,eod,0.5,326.8900865949696,-375.92359958420764,53.299428619309786,-429.2230282035174,67938.47832622116
2018-11-16,SWEDBANK_5_MIN,long,205.9,204.6434222862699,205.8,eod,0.5,540.6627666867338,-54.066276668670305,133.55451662695697,-187.62079329562727,67750.85753292553
2018-11-16,GETINGE_5_min,long,81.46,79.70740961524933,80.56,eod,0.5,386.57554053946467,-347.9179864855149,37.57978144692243,-385.49776793243734,67365.35976499309
2018-11-16,VOLVO_5_MIN,long,130.45,128.83812194015073,128.83812194015073,stop,0.5,417.93086861231274,-673.6535976499309,65.01870601398147,-738.6723036639124,66626.68746132917
2018-11-16,HANDELSBANKEN_5_min,long,101.2,100.37694483734089,100.37694483734089,stop,0.5,809.5045202811497,-666.2668746132917,97.90646881817484,-764.1733434314666,65862.5141178977
2018-11-16,SEB_5_MIN,long,93.56,92.96441632215588,93.44,eod,0.5,1105.848205180933,-132.701784621717,124.07616862130067,-256.7779532430177,65605.73616465469
2018-11-19,BOLIDEN_5_min,long,184.953449,182.08191997925957,183.383767,eod,0.5,228.4696957293432,-358.6247689318269,50.49233499918802,-409.1171039310149,65196.61906072368
2018-11-19,HANDELSBANKEN_5_min,short,101.8,102.58571428571429,101.4,eod,0.5,829.7751516819313,331.91006067276544,101.16618649306106,230.7438741797044,65427.36293490338
2018-11-19,SWEDBANK_5_MIN,short,206.0,207.16794197077766,207.16794197077766,stop,0.5,560.1936104012024,-654.2736293490339,138.87242466878664,-793.1460540178205,64634.21688088556
2018-11-19,ABB_5_min,short,182.25,184.08069181160835,179.95,eod,0.5,353.0589718654034,812.0356352904319,76.72677576578947,735.3088595246423,65369.5257404102
2018-11-20,ALFA_LAVAL_5_MIN,long,197.0,193.69642857142858,193.69642857142858,stop,0.5,197.87532116016132,-653.695257404102,46.38550876781967,-700.0807661719217,64669.44497423828
2018-11-20,ATLAS_5_min,short,47.43499994,48.206785655357145,48.206785655357145,stop,0.5,837.9196930888025,-646.6944497423827,48.08408137951602,-694.7785311218988,63974.66644311638
2018-11-20,ERICSSON_5_MIN,short,74.82,75.69571428571429,73.68,eod,0.5,730.5426836897387,832.8186594062922,65.09135311675573,767.7273062895365,64742.39374940592
2018-11-20,HANDELSBANKEN_5_min,short,99.8,100.55714285714286,98.3,eod,0.5,855.0882193317653,1282.632328997648,101.63578574977362,1180.9965432478743,65923.3902926538
2018-11-20,INVESTOR_5_MIN,short,94.875,95.64541353383458,92.825,eod,0.5,855.6883725099275,1754.161163645349,96.36762451206802,1657.793539133281,67581.18383178709
2018-11-20,KINNEVIK_5_min,short,113.57898616,114.99402687892857,111.92303146,eod,0.5,477.59179596582845,790.8703792110524,64.61874815343221,726.2516310576202,68307.4354628447
2018-11-20,SANDVIK_min,short,131.45,133.29732142857142,130.6,eod,0.5,369.76475455962236,314.3000413756769,58.13811235940942,256.1619290162675,68563.59739186097
2018-11-20,SKF_5_min,short,136.55,139.0482142857143,137.35,eod,0.5,274.45042558571964,-219.56034046857104,45.103182940757165,-264.6635234093282,68298.93386845164
2018-11-20,VOLVO_5_MIN,short,123.85,125.43290430587558,122.8,eod,0.5,431.47860306483864,453.05253321807936,63.854518467565455,389.1980147505139,68688.13188320215
2018-11-20,HM_5_min,long,160.32,158.46855214767737,158.46855214767737,stop,0.5,370.99684874750113,-686.8813188320215,70.96172895814004,-757.8430477901616,67930.288835412
2018-11-20,HEXAGON_5_min,short,59.199941,60.23289485534972,59.228512,eod,0.5,657.6313983785219,-18.789186683072394,46.729361492517036,-65.51854817558943,67864.7702872364
2018-11-21,GETINGE_5_min,short,79.1,80.68214285714285,80.68214285714285,stop,0.5,428.94211468230725,-678.647702872364,41.12237414736802,-719.7700770197321,67145.00021021668
2018-11-21,HUSQVARNA_5_min,short,66.82,67.60749999999999,67.60749999999999,stop,0.5,852.6349233043449,-671.4500021021668,68.77054869149688,-740.2205507936636,66404.77965942302
2018-11-21,SEB_5_MIN,short,91.12,91.72339880952381,91.0,eod,0.5,1100.512274988217,132.06147299859106,120.25517731251244,11.806295686078613,66416.5859551091
2018-11-21,VOLVO_5_MIN,short,123.9,125.53773194836627,125.2,eod,0.5,405.5400276056381,-527.2020358873284,60.61201252593867,-587.8140484132671,65828.77190669584
2018-11-21,ABB_5_min,long,180.9,179.047702318417,181.75,eod,0.5,355.3898088909649,302.08133755731814,77.32926851658505,224.7520690407331,66053.52397573658
2018-11-21,BOLIDEN_5_min,long,177.365155,174.50009782279554,180.244401,eod,0.5,230.54871121346227,663.8064545665218,49.467853352051065,614.3386012144707,66667.86257695105
2018-11-21,HM_5_min,long,160.72,158.83285214348206,165.0,eod,0.5,353.27312773447875,1512.0089867035695,69.04087389940464,1442.9681128041648,68110.83068975522
2018-11-21,INVESTOR_5_MIN,long,93.275,92.43615100671141,93.85,eod,0.5,811.9558017556412,466.87458600948446,91.16233764211461,375.71224836736985,68486.5429381226
2018-11-22,ATLAS_5_min,long,49.14000001,48.42080359,48.64499991,eod,0.5,952.2647921150987,-471.37116732345174,55.87032757247624,-527.241494895928,67959.30144322666
2018-11-22,HM_5_min,short,164.68,166.693684014225,166.693684014225,stop,0.5,337.48741591605767,-679.5930144322666,67.100668992327,-746.6936834245936,67212.60775980206
2018-11-22,NORDEA_5_min,long,80.65,79.88494991560057,79.88494991560057,stop,0.5,878.5386621133979,-672.1260775980206,84.62169607277583,-756.7477736707965,66455.85998613127
2018-11-22,GETINGE_5_min,long,88.98,87.03861818181818,89.8,eod,0.5,342.31215809144453,280.6959696349822,36.719140574153066,243.97682906082912,66699.8368151921
2018-11-23,ERICSSON_5_MIN,long,73.96,73.0748746663572,75.8,eod,0.5,753.5637528380827,1386.5573052220748,67.71222457501875,1318.845080647056,68018.68189583915
2018-11-23,SEB_5_MIN,short,90.22,90.80107142857142,90.46,eod,0.5,1170.573505275676,-280.9376412661563,126.89953255992548,-407.83717382608177,67610.84472201308
2018-11-26,HUSQVARNA_5_min,short,69.24,70.04526556512424,70.04526556512424,stop,0.5,839.6092872986737,-676.1084472201308,70.16712153140426,-746.275568751535,66864.56915326155
2018-11-27,ASSA_5_min,long,169.45,167.76457946586785,167.76457946586785,stop,0.5,396.7233565698296,-668.6456915326155,80.26853990998958,-748.9142314426051,66115.65492181895
2018-11-27,HEXAGON_5_min,short,63.085651,63.98946778441705,63.142794,eod,0.5,731.5161220917407,-41.8010257646909,55.40288555044235,-97.20391131513324,66018.4510105038
2018-11-27,INVESTOR_5_MIN,long,95.7,94.9123971260614,94.9123971260614,stop,0.5,838.2200369630802,-660.184510105038,95.8650783387771,-756.0495884438151,65262.40142205999
2018-11-27,SEB_5_MIN,long,93.3,92.66358363530279,94.58,eod,0.5,1025.4670533670194,1312.5978283097859,115.59884999195735,1196.9989783178285,66459.40040037782
2018-11-27,VOLVO_5_MIN,short,126.1,127.65172560113153,125.15,eod,0.5,428.2935098313442,406.8788343397721,64.56524660707512,342.313587732697,66801.71398811052
2018-11-27,ATLAS_5_min,short,49.54000006,50.23068759878567,49.29499996,eod,0.5,967.1770552796901,236.95847526122824,57.35456656674702,179.60390869448122,66981.317896805
2018-11-28,ALFA_LAVAL_5_MIN,long,191.95,188.93893546463968,191.2,eod,0.5,222.45062206476422,-166.83796654857315,51.13917350646864,-217.9771400550418,66763.34075674997
2018-11-28,ASSA_5_min,short,167.6,169.26785714285714,168.1,eod,0.5,400.2941201689502,-200.1470600844751,80.62724168442995,-280.77430176890505,66482.56645498106
2018-11-28,SEB_5_MIN,long,95.4,94.70607142857143,94.70607142857143,stop,0.5,958.0606591556713,-664.8256645498107,109.27988886141137,-774.105553411222,65708.46090156984
2018-11-28,KINNEVIK_5_min,short,114.45566762,115.76112320035715,114.79659889,eod,0.5,503.33739339942355,-171.60345677015442,69.23474295363201,-240.83819972378643,65467.62270184605
2018-11-28,HUSQVARNA_5_min,short,71.06,71.89357142857143,71.28,eod,0.5,785.3870761146883,-172.78515674523052,67.07519784849883,-239.86035459372937,65227.76234725232
2018-11-28,ESSITY_5_min,long,227.3,225.00310079959706,226.8,eod,0.5,283.9818235637391,-141.99091178186956,77.37368764817634,-219.3645994300459,65008.39774782227
2018-11-29,BOLIDEN_5_min,long,179.751073,177.2894461745506,181.275907,eod,0.5,264.08713569309674,402.68904346744705,57.20554863367735,345.48349483376967,65353.88124265604
2018-11-29,HEXAGON_5_min,long,65.071364,64.14182417443928,65.385649,eod,0.5,703.0777966208472,220.96680531098164,55.03285755226632,165.9339477587153,65519.81519041475
2018-11-29,SANDVIK_min,long,131.8,130.0832773109244,134.45,eod,0.5,381.65637122029386,1011.38938373377,60.969605302441934,950.4197784313282,66470.23496884608
2018-11-29,ABB_5_min,long,184.3,182.43523848364796,184.55,eod,0.5,356.45434757190264,89.11358689297566,78.88691166113776,10.226675231837902,66480.46164407792
2018-11-29,INVESTOR_5_MIN,long,97.6,96.81763885831683,98.15,eod,0.5,849.7413547540483,467.35774511473625,99.80212211586297,367.5556229988733,66848.0172670768
2018-11-29,SEB_5_MIN,long,95.4,94.67921688557603,94.67921688557603,stop,0.5,927.4359502788702,-668.480172670768,105.7717794843226,-774.2519521550905,66073.76531492171
2018-11-29,ASSA_5_min,short,168.45,170.1151944303476,168.5,eod,0.5,396.79309581361457,-19.83965479068524,80.21966018063846,-100.0593149713237,65973.70599995038
2018-11-30,ABB_5_min,short,184.65,186.5115347881454,184.7,eod,0.5,354.40490513571393,-17.720245256779652,78.53967102712555,-96.2599162839052,65877.44608366648
2018-11-30,SKF_5_min,short,143.85,145.7589774696707,144.0,eod,0.5,345.09284226927156,-51.76392634039269,59.600984788325874,-111.36491112871857,65766.08117253776
2018-11-30,HUSQVARNA_5_min,long,72.1,71.27548557158711,71.27548557158711,stop,0.5,797.6340850593924,-657.6608117253776,68.61670455230339,-726.277516277681,65039.803656260076
2018-12-03,ABB_5_min,short,186.45,188.20441618486043,183.9,eod,0.5,370.72049504282035,945.3372623591856,82.3778012034651,862.9594611557205,65902.7631174158
2018-12-03,ASSA_5_min,short,172.05,173.71785714285713,170.3,eod,0.5,395.1343398902938,691.4850948080142,81.16454475686525,610.320550051149,66513.08366746696
2018-12-03,ATLAS_5_min,long,53.44999992,52.82750570728848,53.1125,eod,0.5,1068.4932053864823,-360.6163713384879,68.31678426811052,-428.93315560659846,66084.15051186035
2018-12-03,ESSITY_5_min,short,233.6,235.87370476597303,231.5,eod,0.5,290.6452565910839,610.3550388412746,81.10746530430787,529.2475735369667,66613.39808539732
2018-12-03,HANDELSBANKEN_5_min,long,105.8,104.86071428571428,105.4,eod,0.5,709.1920708711483,-283.6768283484533,89.8688192207919,-373.5456475692452,66239.85243782807
2018-12-03,HEXAGON_5_min,long,66.857076,65.90503614285714,65.90503614285714,stop,0.5,695.7676397773758,-662.3985243782807,55.422948850497,-717.8214732287778,65522.0309645993
2018-12-03,HM_5_min,short,168.44,170.20624169435217,163.76,eod,0.5,370.96865720085714,1736.133315700014,73.94147275327482,1662.1918429467391,67184.22280754603
2018-12-03,HUSQVARNA_5_min,long,72.5,71.69285714285715,71.69285714285715,stop,0.5,832.3709020404008,-671.8422280754603,72.01316314066959,-743.8553912161299,66440.3674163299
2018-12-03,KINNEVIK_5_min,long,114.30955363,113.01224249443788,114.69918984,eod,0.5,512.1390358492682,199.54791292136616,70.37059024906691,129.17732267229925,66569.5447390022
2018-12-03,SEB_5_MIN,long,95.4,94.64798263763944,94.94,eod,0.5,885.2128696875066,-407.19792005626005,101.094850569792,-508.29277062605206,66061.25196837615
2018-12-03,SKF_5_min,long,147.0,145.11653556771546,145.11653556771546,stop,0.5,350.74329430393027,-660.6125196837615,61.47474960340304,-722.0872692871646,65339.164699088986
2018-12-03,VOLVO_5_MIN,long,130.7,129.1344835629219,131.75,eod,0.5,417.3649228559959,438.23316899880047,65.72245440213368,372.5107145966668,65711.67541368565
2018-12-03,INVESTOR_5_MIN,long,101.025,100.2191397673348,100.2191397673348,stop,0.5,815.4227339939372,-657.1167541368565,98.45942798960289,-755.5761821264593,64956.09923155919
2018-12-04,ASSA_5_min,short,169.85,171.51959360328638,169.9,eod,0.5,389.0533546828474,-19.452667734146793,79.30852635209843,-98.76119408624521,64857.33803747294
2018-12-04,ATLAS_5_min,short,52.6125,53.270223108994735,52.00000003,eod,0.5,986.0887834183102,603.9793502610462,61.89432773095837,542.0850225300878,65399.42306000303
2018-12-04,GETINGE_5_min,long,91.76,90.22826085602144,90.44,eod,0.5,426.9618839284428,-563.5896867855477,46.67547315105736,-610.265159936605,64789.15790006642
2018-12-04,HEXAGON_5_min,short,65.557077,66.51421885714286,64.357079,eod,0.5,676.9023569136035,812.2814744916158,52.76351903570493,759.5179554559109,65548.67585552234
2018-12-04,HM_5_min,long,164.44,162.53607142857143,163.58,eod,0.5,344.2811712539169,-296.08180727836344,67.75866587682589,-363.84047315518933,65184.83538236714
2018-12-04,HUSQVARNA_5_min,short,69.58,70.44214285714285,68.12,eod,0.5,756.0792836397188,1103.8757541139848,62.46727041431356,1041.4084836996713,66226.24386606681
2018-12-04,KINNEVIK_5_min,long,114.55307667,113.23805409285714,114.11473553,eod,0.5,503.6129798619605,-220.75428771148452,69.0960469803343,-289.85033469181883,65936.393531375
2018-12-04,SWEDBANK_5_MIN,long,212.4,210.91607142857143,210.91607142857143,stop,0.5,444.3367073113097,-659.36393531375,112.85692159831835,-772.2208569120683,65164.17267446293
2018-12-04,VOLVO_5_MIN,short,130.45,132.09506161875612,126.3,eod,0.5,396.1199503501581,1643.8977939531528,61.02227835144184,1582.875515601711,66747.04819006464
2018-12-04,ABB_5_min,short,181.65,183.39362671232877,181.2,eod,0.5,382.8058363531164,172.2626263589089,83.34065863243694,88.92196772647196,66835.97015779112
2018-12-04,INVESTOR_5_MIN,short,98.8,99.62419186652762,99.075,eod,0.5,810.9273201078204,-223.0050130296552,96.27734607980095,-319.28235910945614,66516.68779868167
2018-12-04,ESSITY_5_min,short,229.6,231.93573599652623,231.93573599652623,stop,0.5,284.77827929871717,-665.1668779868168,78.86121163917464,-744.0280896259914,65772.65970905568
2018-12-05,ALFA_LAVAL_5_MIN,long,196.125,193.38482142857143,195.8,eod,0.5,240.0305600330477,-78.00993201073777,56.44438634457133,-134.4543183553091,65638.20539070037
2018-12-05,ASSA_5_min,short,165.55,167.1663925769463,162.55,eod,0.5,406.07836442001764,1218.235093260053,79.94058681972466,1138.2945064403284,66776.4998971407
2018-12-05,ERICSSON_5_MIN,long,76.38,75.48345905535386,75.48345905535386,stop,0.5,744.8237617691573,-667.7649989714071,67.86690770933103,-735.6319066807381,66040.86799045997
2018-12-05,ESSITY_5_min,short,229.4,231.6607142857143,226.6,eod,0.5,292.1239026434229,817.9469274015875,79.92509976324051,738.021827638347,66778.88981809832
2018-12-05,GETINGE_5_min,long,89.08,87.51821428571428,89.74,eod,0.5,427.5803601433221,282.2030376945911,45.87595200049731,236.3270856940938,67015.21690379242
2018-12-05,HANDELSBANKEN_5_min,short,103.2,104.16785714285716,104.16785714285716,stop,0.5,692.4081451314253,-670.1521690379242,86.14991599449846,-756.3020850324226,66258.91481876
2018-12-05,HEXAGON_5_min,short,62.928509,63.88361003571428,62.828509,eod,0.5,693.7372313622069,69.37372313622167,52.34539529501233,17.02832784120934,66275.9431466012
2018-12-05,HM_5_min,short,162.0,163.84275928342208,163.84275928342208,stop,0.5,359.6559992552252,-662.7594314660121,70.31478191409538,-733.0742133801075,65542.86893322109
2018-12-05,INVESTOR_5_MIN,short,97.325,98.1379751971392,98.1379751971392,stop,0.5,806.2099454431329,-655.428689332211,94.55051674190283,-749.9792060741138,64792.889727146976
2018-12-05,NORDEA_5_min,short,79.2,80.0111213285011,79.35,eod,0.5,798.8063863008006,-119.82095794511328,75.99045152879515,-195.81140947390844,64597.07831767307
2018-12-05,VOLVO_5_MIN,short,123.3,125.02120192862917,121.85,eod,0.5,375.30214929006377,544.1881164705935,55.20319313907548,488.984923331518,65086.06324100459
2018-12-05,ATLAS_5_min,short,50.72499997,51.36856327720268,50.37500003,eod,0.5,1011.3389391932261,353.96856803728923,61.34782005146109,292.62074798582813,65378.683988990415
2018-12-06,ABB_5_min,short,173.7,175.4915486453202,171.8,eod,0.5,364.9283214260991,693.36381070958,75.64964103163034,617.7141696779496,65996.39815866837
2018-12-06,ASSA_5_min,short,160.55,162.30646700135506,160.15,eod,0.5,375.733777564592,150.29351102583894,72.29869347897879,77.99481754686015,66074.39297621523
2018-12-06,BOLIDEN_5_min,short,177.544548,180.12673328541112,170.637944,eod,0.5,255.8855607671664,1767.3002375367512,53.456923328837654,1713.8433142079136,67788.23629042314
2018-12-06,INVESTOR_5_MIN,short,96.425,97.20892857142857,94.575,eod,0.5,864.7246542741864,1599.74061040724,99.09744537982174,1500.6431650274183,69288.87945545056
2018-12-06,VOLVO_5_MIN,short,119.5,121.25598967657238,117.55,eod,0.5,394.5859157367,769.4425356865661,56.12195479523083,713.3205808913352,70002.20003634189
2018-12-06,ALFA_LAVAL_5_MIN,short,192.925,195.48947002600423,190.2,eod,0.5,272.9694608496345,743.8417808152602,62.74885481280973,681.0929260024504,70683.29296234435
2018-12-06,HEXAGON_5_min,short,60.028511,60.9881746071124,59.571369,eod,0.5,736.5423929644323,336.7044626045499,52.854229088075364,283.85023351647453,70967.14319586083
2018-12-06,KINNEVIK_5_min,short,108.90335004,110.10155742472008,106.46812293,eod,0.5,592.2776315757725,1442.330545059913,76.53582355179425,1365.7947215081188,72332.93791736895
2018-12-06,ESSITY_5_min,long,225.3,223.09285714285716,223.09285714285716,stop,0.5,327.7220488165586,-723.3293791736895,88.16893549054056,-811.4983146642301,71521.43960270472
2018-12-06,ERICSSON_5_MIN,long,76.34,75.44688439230161,76.7,eod,0.5,800.8083050638817,288.29098982299695,73.53342180418586,214.75756801881107,71736.19717072354
2018-12-06,HANDELSBANKEN_5_min,short,101.6,102.56406162464985,100.2,eod,0.5,744.103855360675,1041.7453975049386,90.09609480707051,951.6493026978682,72687.8464734214
2018-12-07,ASSA_5_min,long,161.55,159.80178571428573,162.025,eod,0.5,415.783391472074,197.4971109492328,80.72226653734582,116.77484441188697,72804.6213178333
2018-12-07,ATLAS_5_min,long,49.11000005,48.42725135482136,48.66999996,eod,0.5,1066.3458140888029,-469.1922541701945,62.560376227359946,-531.7526303975544,72272.86868743574
2018-12-07,HEXAGON_5_min,long,60.657082,59.60047542785934,59.60047542785934,stop,0.5,684.0092669593396,-722.7286868743574,49.354370221530445,-772.0830570958879,71500.78563033984
2018-12-07,INVESTOR_5_MIN,long,95.775,94.91383613774578,94.91383613774578,stop,0.5,830.2808415947161,-715.0078563033984,94.99517241069869,-810.0030287140971,70690.78260162575
2018-12-07,KINNEVIK_5_min,long,107.83185047,106.53827215017564,107.88055459,eod,0.5,546.4747013634542,26.615569432167906,70.72882328133358,-44.11325384916567,70646.66934777658
2018-12-07,NORDEA_5_min,long,78.5,77.68571428571428,77.68571428571428,stop,0.5,867.5906762007625,-706.4666934777658,81.30316168202515,-787.769855159791,69858.8994926168
2018-12-07,SANDVIK_min,long,128.15,126.38928571428572,126.38928571428572,stop,0.5,396.764540728858,-698.588994926168,60.59529767632807,-759.184292602496,69099.7152000143
2018-12-07,SEB_5_MIN,long,90.02,89.13857142857142,90.44,eod,0.5,783.951388006645,329.2595829627922,84.88312048780747,244.37646247498472,69344.09166248929
2018-12-07,HM_5_min,long,158.38,156.50026783447575,158.7,eod,0.5,368.90410737398673,118.04931435967323,70.18326861968622,47.866045739987015,69391.95770822927
2018-12-07,BOLIDEN_5_min,long,173.849066,171.0393180242879,173.777309,eod,0.5,246.96861892263718,-17.721727188029444,51.51168344089966,-69.23341062892911,69322.72429760033
2018-12-07,HUSQVARNA_5_min,short,64.1,65.01030932410242,63.88,eod,0.5,761.5293226393463,167.5364509806499,58.47631362683012,109.06013735381978,69431.78443495416
2018-12-10,ASSA_5_min,long,161.9,160.25409299858558,160.8,eod,0.5,421.84512475666713,-464.0296372323314,81.67765305538587,-545.7072902877173,68886.07714466644
2018-12-10,ERICSSON_5_MIN,long,78.56,77.5525,78.68,eod,0.5,683.7327756294386,82.04793307553574,64.50608498398375,17.541848091551984,68903.618992758
2018-12-10,ESSITY_5_min,short,225.0,227.1935038995625,227.1935038995625,stop,0.5,314.12581033706385,-689.03618992758,85.22739050496378,-774.2635804325438,68129.35541232546
2018-12-10,GETINGE_5_min,short,86.3,87.94964285714285,87.94964285714285,stop,0.5,412.99457708272786,-681.2935541232546,43.17849453516124,-724.4720486584158,67404.88336366705
2018-12-10,SEB_5_MIN,long,90.12,89.20091904761905,89.20091904761905,stop,0.5,733.3944108954641,-674.0488336366705,78.90777587169705,-752.9566095083675,66651.92675415867
2018-12-10,NORDEA_5_min,short,77.74,78.55292630574766,77.13,eod,0.5,819.9012171571618,500.1397424658682,76.18686090067777,423.9528815651904,67075.87963572386
2018-12-10,KINNEVIK_5_min,short,106.32200976,107.61497445186413,105.54273653,eod,0.5,518.7758030655687,404.26809570075017,65.94618233872662,338.32191336202357,67414.20154908589
2018-12-10,SANDVIK_min,short,124.45,126.15481892356142,123.15,eod,0.5,395.4332076995929,514.0631700094697,58.745557335851515,455.31761267361816,67869.51916175951
2018-12-10,SWEDBANK_5_MIN,short,204.4,206.2365788189361,201.8,eod,0.5,369.5431879208734,960.8122885942687,90.06506576007526,870.7472228341934,68740.2663845937
2018-12-10,ATLAS_5_min,short,48.02500008,48.6957278777926,48.6957278777926,stop,0.5,1024.8608542962045,-687.4026638459371,59.47517272978446,-746.8778365757216,67993.38854801799
2018-12-10,HEXAGON_5_min,short,58.399942,59.42601067093032,59.42601067093032,stop,0.5,662.6592398184212,-679.9338854801799,46.847073736679974,-726.7809592168599,67266.60758880113
2018-12-10,HUSQVARNA_5_min,short,63.0,63.92806267806268,63.92806267806268,stop,0.5,724.8067310412629,-672.6660758880113,55.19898851225228,-727.8650644002636,66538.74252440086
2018-12-10,ABB_5_min,short,171.7,173.3254086657838,170.95,eod,0.5,409.3662346282238,307.0246759711679,84.16160417721653,222.86307179395135,66761.60559619482
2018-12-11,GETINGE_5_min,long,87.68,85.95607142857143,89.26,eod,0.5,387.2643374131869,611.8776531128347,41.113531117133576,570.7641219957011,67332.36971819052
2018-12-11,SWEDBANK_5_MIN,short,201.3,203.12854041120173,203.12854041120173,stop,0.5,368.2301430458392,-673.3236971819051,89.35366757246207,-762.6773647543672,66569.69235343614
2018-12-11,SANDVIK_min,long,125.15,123.4736605357857,126.15,eod,0.5,397.1134354021607,397.1134354021607,59.87676378993779,337.2366716122229,66906.92902504836
2018-12-12,ABB_5_min,short,172.85,174.48917478433154,174.48917478433154,stop,0.5,408.17446476479944,-669.0692902504836,85.06498905566498,-754.1342793061486,66152.79474574221
2018-12-12,ERICSSON_5_MIN,long,81.24,80.22928571428571,82.86,eod,0.5,654.5152837034562,1060.3147595996022,64.4435748334423,995.8711847661599,67148.66593050837
2018-12-12,HEXAGON_5_min,long,60.799939,59.860144035714285,61.299939,eod,0.5,714.5033595869938,357.2516797934969,52.34446382169724,304.9072159717997,67453.57314648018
2018-12-12,HM_5_min,short,159.98,161.84564146111575,157.92,eod,0.5,361.557000915595,744.8074218861265,68.96338235464057,675.8440395314859,68129.41718601166
2018-12-12,KINNEVIK_5_min,long,108.31889573,107.07115051422521,109.48780435,eod,0.5,546.0202637900467,638.2477930388652,71.3561230997527,566.8916699391125,68696.30885595077
2018-12-13,ABB_5_min,long,182.25,180.33214285714286,180.33214285714286,stop,0.5,358.193044314082,-686.9630885595078,77.92464093835402,-764.8877294978619,67931.42112645291
2018-12-13,ASSA_5_min,long,168.2,166.4523862670068,166.4523862670068,stop,0.5,388.7095863575348,-679.3142112645291,78.0495543836461,-757.3637656481752,67174.05736080474
2018-12-13,ERICSSON_5_MIN,short,82.98,84.04269480519481,82.84,eod,0.5,632.1105272410798,88.49547381375153,62.88994057626951,25.60553323748202,67199.66289404222
2018-12-13,GETINGE_5_min,long,91.22,89.81635640469908,89.81635640469908,stop,0.5,478.7516084496907,-671.9966289404223,52.00286808997268,-723.999497030395,66475.66339701183
2018-12-13,SEB_5_MIN,short,90.82,91.76214285714286,88.78,eod,0.5,705.5794446991309,1439.3820671862215,76.03324096077834,1363.3488262254432,67839.01222323727
2018-12-13,HM_5_min,short,157.66,159.67961981275306,154.98,eod,0.5,335.8999144039981,900.2117706027171,63.00944954355956,837.2023210591576,68676.21454429642
2018-12-13,ESSITY_5_min,long,231.6,229.38687275430553,229.6,eod,0.5,310.31299568473867,-620.6259913694773,85.86981216588087,-706.4958035353582,67969.71874076106
2018-12-13,BOLIDEN_5_min,long,185.984955,183.04303460094977,183.04303460094977,stop,0.5,231.03860581239394,-679.6971874076106,51.15582733389242,-730.853014741503,67238.86572601956
2018-12-14,ABB_5_min,short,178.4,180.34122494699363,178.65,eod,0.5,346.3733856818205,-86.59334642045512,74.2035704146164,-160.7969168350715,67078.0688091845
2018-12-14,HM_5_min,short,152.16,154.25651908568432,154.25651908568432,stop,0.5,319.94971697235786,-670.7806880918449,58.822727134271865,-729.6034152261168,66348.46539395838
2018-12-14,ATLAS_5_min,short,49.05000014,49.83453728558618,49.085,eod,0.5,845.7020265673359,-29.599452531572375,49.79578109735028,-79.39523362892265,66269.07016032946
2018-12-14,ESSITY_5_min,long,229.2,226.9863883167946,228.2,eod,0.5,299.370800502686,-299.370800502686,82.15932248995712,-381.5301229926431,65887.54003733682
2018-12-14,KINNEVIK_5_min,short,107.58832743,108.84310812942654,108.84310812942654,stop,0.5,525.0920743955427,-658.875400373368,68.1878588773827,-727.0632592507508,65160.476778086064
2018-12-14,VOLVO_5_MIN,short,116.55,118.26763135412217,118.26763135412217,stop,0.5,379.3624087130583,-651.6047677808607,53.448589343276836,-705.0533571241375,64455.423420961924
2018-12-14,HUSQVARNA_5_min,short,70.3,71.30685641150657,70.3,eod,0.5,640.1649995406618,0.0,54.004319361250225,-54.004319361250225,64401.41910160067
2018-12-14,SEB_5_MIN,long,88.68,87.66227136068277,88.06,eod,0.5,632.7955863048658,-392.3332635090197,67.10417515411318,-459.43743866313287,63941.98166293754
2018-12-17,ABB_5_min,short,181.5,183.40787739930775,175.45,eod,0.5,335.1472253203382,2027.6407131880499,71.77848124685683,1955.862231941193,65897.84389487874
2018-12-17,ASSA_5_min,long,161.55,159.81588587823467,159.81588587823467,stop,0.5,380.0086918604533,-658.9784389487874,73.27309794069821,-732.2515368894856,65165.592357989255
2018-12-17,BOLIDEN_5_min,short,180.28925,183.1469629844096,179.751073,eod,0.5,228.034070298534,122.72269185105841,49.26087619517333,73.46181565588509,65239.05417364514
2018-12-17,KINNEVIK_5_min,short,106.22460071,107.42481976214286,103.69196455,eod,0.5,543.5595615414383,1376.6386006735972,68.46129370380618,1308.177306969791,66547.23148061494
2018-12-17,HM_5_min,short,151.58,153.72562713445927,142.92,eod,0.5,310.1528239079905,2685.9234550432056,54.80400398454192,2631.119451058664,69178.3509316736
2018-12-18,HEXAGON_5_min,short,58.285656,59.19268124918926,58.399942,eod,0.5,762.6948752916009,-87.16534651757581,53.39730456896152,-140.56265108653733,69037.78828058706
2018-12-18,KINNEVIK_5_min,long,103.01010037,101.65791005630658,103.74066866,eod,0.5,510.562659571303,373.00088914085575,63.33553350262139,309.66535563823436,69347.4536362253
2018-12-18,ASSA_5_min,short,159.5,161.27099360407908,159.6,eod,0.5,391.57371024095863,-39.157371024093635,74.97070256273393,-114.12807358682757,69233.32556263848
2018-12-18,SEB_5_MIN,long,88.2,87.25306748466258,87.5,eod,0.5,731.1326249893151,-511.79283749252266,77.0760013263736,-588.8688388188963,68644.45672381959
2018-12-18,HM_5_min,short,139.66,142.32009579401236,138.64,eod,0.5,258.0525741904938,263.2136256743063,43.08961883832865,220.12400683597764,68864.58073065557
2018-12-19,ATLAS_5_min,short,48.8399999,49.60446418428572,48.54499996,eod,0.5,900.821426798243,265.74226685619954,52.635896713579136,213.1063701426204,69077.68710079818
2018-12-19,NORDEA_5_min,long,78.7,77.91410125938177,77.91410125938177,stop,0.5,878.9642167699291,-690.7768710079819,82.59491450914732,-773.3717855171292,68304.31531528106
2018-12-19,HM_5_min,short,136.58,139.30744984182485,136.26,eod,0.5,250.43289254251204,80.13852561360926,40.99686624077938,39.14165937282988,68343.45697465389
2018-12-19,INVESTOR_5_MIN,long,95.725,94.82622414244565,96.55,eod,0.5,760.4060166972362,627.334963775222,87.72424011627665,539.6107236589454,68883.06769831284
2018-12-20,ATLAS_5_min,long,47.92500014,47.160034055165404,47.73000015,eod,0.5,900.4721786222311,-175.59206582661278,51.680799904347865,-227.27286573096063,68655.79483258187
2018-12-20,GETINGE_5_min,short,84.0,85.39519961977187,83.22,eod,0.5,492.08581954607826,383.8269392459416,49.371954446697124,334.45498479924447,68990.24981738112
2018-12-20,HM_5_min,short,133.6,136.35735642739678,132.1,eod,0.5,250.20432299539402,375.30648449309103,39.88757317192571,335.4189113211653,69325.66872870228
2018-12-20,KINNEVIK_5_min,long,103.5945555,102.23018694015192,103.35103246,eod,0.5,508.1154078808578,-123.73780879798618,63.09134510126359,-186.82915389924977,69138.83957480303
2018-12-20,NORDEA_5_min,short,77.4,78.17793421609976,76.36,eod,0.5,888.7491788372196,924.2991459907139,81.99244424280653,842.3067017479074,69981.14627655093
2018-12-20,SKF_5_min,long,131.5,129.62787184233449,129.62787184233449,stop,0.5,373.80531877590715,-699.8114627655094,58.56659242517884,-758.3780551906882,69222.76822136025
2018-12-20,SWEDBANK_5_MIN,long,200.9,198.92401643426294,198.92401643426294,stop,0.5,350.3205665353764,-692.2276822136025,84.03994557102037,-776.2676277846228,68446.50059357563
2018-12-20,SEB_5_MIN,long,87.12,86.21642857142858,87.34,eod,0.5,757.5106785059785,166.6523492713144,79.2931877832918,87.3591614880226,68533.85975506366
2018-12-20,ABB_5_min,short,171.75,173.83852440338083,169.75,eod,0.5,328.14488374722094,656.2897674944419,67.23688667980556,589.0528808146363,69122.9126358783
2018-12-20,BOLIDEN_5_min,short,173.544099,176.34131817656493,172.736834,eod,0.5,247.1129656731553,199.48564823413994,51.3423049858183,148.14334324832163,69271.05597912661
2018-12-20,VOLVO_5_MIN,short,116.0,117.73715511955855,116.25,eod,0.5,398.7614876714631,-99.69037191786578,55.56741330701838,-155.25778522488415,69115.79819390173
2018-12-20,ASSA_5_min,short,158.05,159.8395476566021,158.8,eod,0.5,386.2193774997639,-289.6645331248229,73.42416585648012,-363.088698981303,68752.70949492043
2018-12-20,ERICSSON_5_MIN,short,79.08,80.07060235752135,78.82,eod,0.5,694.0495242404909,180.45287630253117,65.7542519265441,114.69862437598707,68867.40811929642
2018-12-21,ESSITY_5_min,short,218.5,220.52142857142857,218.0,eod,0.5,340.6868246184274,170.3434123092137,89.22587936756614,81.11753294164757,68948.52565223807
2018-12-21,GETINGE_5_min,short,82.82,84.23642857142856,80.6,eod,0.5,486.77728650092547,1080.645576032054,47.72948649598874,1032.916089536065,69981.44174177414
2018-12-21,HANDELSBANKEN_5_min,short,101.0,102.12142857142857,98.7,eod,0.5,624.0383340030842,1435.2881682070918,74.77227318024954,1360.5158950268421,71341.95763680097
2018-12-21,HM_5_min,short,129.56,132.36625997406193,128.78,eod,0.5,254.22433522271572,198.29498147371856,39.405788856861825,158.88919261685675,71500.84682941783
2018-12-21,ASSA_5_min,short,156.65,158.43529686078253,156.85,eod,0.5,400.4983619255226,-80.09967238509996,75.33374187819079,-155.43341426329076,71345.41341515454
2018-12-21,NORDEA_5_min,long,76.9,76.10122082652,76.10122082652,stop,0.5,893.180691032888,-713.4541341515454,81.99464168802399,-795.4487758395694,70549.96463931497
2018-12-27,ATLAS_5_min,long,48.26500001,47.564871707181446,47.564871707181446,stop,0.5,1007.6719417754867,-705.4996463931498,57.939043748008814,-763.4386901411585,69786.52594917381
2018-12-27,BOLIDEN_5_min,long,173.723492,171.01519199647242,171.01519199647242,stop,0.5,257.67649764899255,-697.8652594917381,53.29863401780028,-751.1638935095384,69035.36205566427
2018-12-27,ESSITY_5_min,short,216.8,218.80800237107292,214.0,eod,0.5,343.8011978978773,962.6433541140602,88.8657336326433,873.777620481417,69909.13967614569
2018-12-27,GETINGE_5_min,long,80.58,79.16753283868219,79.16753283868219,stop,0.5,494.94346906388756,-699.0913967614568,47.43959884654479,-746.5309956080016,69162.60868053768
2018-12-27,HEXAGON_5_min,long,58.614227,57.822004873863754,57.822004873863754,stop,0.5,873.0204118111592,-691.6260868053769,60.99072426015609,-752.6168110655329,68409.99186947216
2018-12-27,HUSQVARNA_5_min,long,66.16,65.12357142857142,65.12357142857142,stop,0.5,660.0550559425286,-684.0999186947216,51.9926310501724,-736.092549744894,67673.89931972726
2018-12-27,INVESTOR_5_MIN,long,94.3,93.4111358469117,93.4111358469117,stop,0.5,761.3525540950138,-676.7389931972726,85.74861162547339,-762.487604822746,66911.41171490452
2018-12-27,KINNEVIK_5_min,long,103.88678265,102.54566837714286,102.54566837714286,stop,0.5,498.92401467292507,-669.1141171490452,61.79646433514046,-730.9105814841857,66180.50113342033
2018-12-27,SANDVIK_min,long,125.45,124.00357142857143,124.00357142857143,stop,0.5,457.5442053668572,-661.8050113342033,68.48162166912616,-730.2866330033295,65450.214500417
2018-12-27,SKF_5_min,long,132.05,130.27342225774984,130.27342225774984,stop,0.5,368.40613807037465,-654.5021450041701,57.98493535162907,-712.4870803557991,64737.7274200612
2018-12-27,ABB_5_min,short,172.0,174.2115711384641,164.85,eod,0.5,292.72279012024114,2092.967949359726,59.16220311120193,2033.805746248524,66771.53316630973
2018-12-27,HM_5_min,short,128.0,130.7186768606647,124.9,eod,0.5,245.6030510002753,761.369458100852,37.26780695878177,724.1016511420702,67495.6348174518
2018-12-27,NORDEA_5_min,long,76.95,76.163466796875,76.163466796875,stop,0.5,858.1409475058709,-674.9563481745181,78.83576128378742,-753.7921094583055,66741.8427079935
2018-12-27,SEB_5_MIN,long,86.64,85.6804704558989,85.6804704558989,stop,0.5,695.5683972244756,-667.4184270799351,71.9164040663863,-739.3348311463214,66002.50787684719
2018-12-27,ERICSSON_5_MIN,short,77.26,78.20721748400854,75.18,eod,0.5,696.8041552350886,1449.3526428889832,63.73249525442214,1385.620147634561,67388.12802448175
2018-12-27,VOLVO_5_MIN,short,114.9,116.5086854169248,113.95,eod,0.5,418.90183944914753,397.95674747669136,57.519411574762444,340.4373359019289,67728.56536038367
2018-12-27,SWEDBANK_5_MIN,short,196.7,198.78451686533097,194.0,eod,0.5,324.91253242812996,877.2638375559472,76.16599585180221,801.097841704145,68529.66320208782
2018-12-27,ASSA_5_min,short,156.8,158.52841703750798,155.85,eod,0.5,396.48801021363425,376.6636097029593,74.37718583597564,302.2864238669837,68831.9496259548
2018-12-28,HANDELSBANKEN_5_min,long,100.0,98.76071428571429,102.2,eod,0.5,555.4163082209611,1221.915878086116,67.383106513367,1154.532771572749,69986.48239752755
2018-12-28,KINNEVIK_5_min,long,102.62046416,101.20455363642857,103.83807772,eod,0.5,494.2860529138305,601.8494005467594,61.229746653725975,540.6196538930334,70527.10205142059
2018-12-28,NORDEA_5_min,long,75.06,74.25117304064483,74.64,eod,0.5,871.9677458284456,-366.22645324794865,78.32014293031098,-444.5465961782596,70082.55545524233
2018-12-28,HUSQVARNA_5_min,long,64.3,63.19311424100156,65.64,eod,0.5,633.1507554913014,848.422012358346,49.36296550112382,799.0590468572223,70881.61450209955
2018-12-28,BOLIDEN_5_min,long,174.064337,171.26761401539082,171.26761401539082,stop,0.5,253.4452460689624,-708.8161450209955,52.51364478034236,-761.3297898013378,70120.2847122982
2019-01-02,ATLAS_5_min,short,47.41999996,48.10803568357143,48.10803568357143,stop,0.5,1019.1372672965341,-701.2028471229821,58.41370871759717,-759.6165558405793,69360.66815645763
2019-01-02,BOLIDEN_5_min,short,168.18027,170.9779601987601,167.964999,eod,0.5,247.9211893697089,53.37024235680693,50.00252093488845,3.367721421918482,69364.03587787955
2019-01-02,GETINGE_5_min,short,79.4,80.84714285714287,78.66,eod,0.5,479.31712847497965,354.6946750714893,45.456519196053165,309.2381558754362,69673.27403375499
2019-01-02,HM_5_min,short,124.56,127.34142514175966,127.34142514175966,stop,0.5,250.49487396837338,-696.7327403375499,37.86000944600323,-734.5927497835531,68938.68128397144
2019-01-02,INVESTOR_5_MIN,short,92.4,93.37315689981097,93.37315689981097,stop,0.5,708.4025330074022,-689.3868128397144,78.96130494756459,-768.348117787279,68170.33316618417
2019-01-02,ERICSSON_5_MIN,short,76.5,77.55131662141555,77.16,eod,0.5,648.4281878317095,-427.96260396892603,59.782485205332286,-487.74508917425834,67682.5880770099
2019-01-02,ESSITY_5_min,short,215.1,217.19142708950798,217.19142708950798,stop,0.5,323.61916136857707,-676.825880770099,83.93867346091918,-760.7645542310182,66921.82352277888
2019-01-02,SWEDBANK_5_MIN,short,194.4,196.58257598003232,196.58257598003232,stop,0.5,306.61852844998396,-669.2182352277888,71.92950125794893,-741.1477364857377,66180.67578629314
2019-01-02,NORDEA_5_min,long,74.66,73.83185884787065,75.96,eod,0.5,799.1472904845616,1038.8914776299277,72.22053893567079,966.670938694257,67147.3467249874
2019-01-02,SEB_5_MIN,long,85.54,84.56254342723005,86.2,eod,0.5,686.9598977139492,453.39353249120416,70.78709570003618,382.606436791168,67529.95316177857
2019-01-03,HM_5_min,long,129.22,126.42054386645962,126.42054386645962,stop,0.5,241.22525926625536,-675.2995316177856,37.00017388389195,-712.2997055016776,66817.6534562769
2019-01-03,HUSQVARNA_5_min,short,64.28,65.38679848922462,64.32,eod,0.5,603.7020659748732,-24.148082638990125,46.58165141062121,-70.72973404961134,66746.92372222728
2019-01-03,SKF_5_min,long,131.9,130.2177304191421,130.2177304191421,stop,0.5,396.767108445178,-667.4692372222728,62.39981638236941,-729.8690536046422,66017.05466862263
2019-01-04,VOLVO_5_MIN,long,115.55,114.20722807561202,118.6,eod,0.5,491.6475647844119,1499.5250725924548,69.07156637656202,1430.4535062158927,67447.50817483853
2019-01-04,ALFA_LAVAL_5_MIN,long,187.45,185.1455357142857,191.75,eod,0.5,292.6819417118134,1258.532349360801,66.59099537827177,1191.941353982529,68639.44952882106
2019-01-07,ATLAS_5_min,short,50.28750011,51.0402508935035,51.0402508935035,stop,0.5,911.8482641672663,-686.3944952882106,55.437320318710576,-741.8318156069212,67897.61771321415
2019-01-07,GETINGE_5_min,long,78.52,77.20928571428571,79.5,eod,0.5,518.0199716539508,507.6595722208739,49.114509552454386,458.5450626684195,68356.16277588256
2019-01-07,SKF_5_min,long,140.0,138.15808297567955,141.7,eod,0.5,371.11423518712286,630.8941998181047,62.7257280313275,568.1684717867771,68924.33124766934
2019-01-07,VOLVO_5_MIN,short,118.3,119.73507383966245,117.5,eod,0.5,480.28421494939454,384.22737195951424,67.95061073104034,316.2767612284739,69240.60800889782
2019-01-07,NORDEA_5_min,long,79.64,78.70838091640132,78.70838091640132,stop,0.5,743.2287426040467,-692.4060800889782,70.61344082513014,-763.0195209141084,68477.58848798371
2019-01-08,ABB_5_min,short,173.6,176.12955721679126,173.6,eod,0.5,270.7097828561768,0.0,56.39426196459875,-56.39426196459875,68421.19422601911
2019-01-08,HEXAGON_5_min,short,58.528513,59.3293372084654,59.3293372084654,stop,0.5,854.3846889585541,-684.2119422601911,60.41756561501013,-744.6295078752013,67676.56471814391
2019-01-08,INVESTOR_5_MIN,long,96.65,95.71826798654246,97.625,eod,0.5,726.3522530153721,708.1934466899836,84.66725037273685,623.5261963172468,68300.09091446117
2019-01-08,SANDVIK_min,long,133.7,132.22492038216558,134.4,eod,0.5,463.02647049475,324.11852934633293,74.48243804378548,249.63609130254747,68549.7270057637
2019-01-08,SWEDBANK_5_MIN,long,204.2,202.05267857142857,204.0,eod,0.5,319.2336559104191,-63.84673118208019,78.18670700557983,-142.03343818766,68407.69356757605
2019-01-08,SKF_5_min,long,143.4,141.50072152593998,143.2,eod,0.5,360.177269957381,-72.03545399148234,61.936083341871225,-133.97153733335358,68273.72203024269
2019-01-09,HUSQVARNA_5_min,long,69.46,68.47071428571428,69.94,eod,0.5,690.1314862262801,331.2631133886172,57.72259750796606,273.5405158806512,68547.26254612334
2019-01-09,SANDVIK_min,short,134.3,135.8205357142857,135.8205357142857,stop,0.5,450.809947455425,-685.4726254612334,73.06381470719303,-758.5364401684265,67788.72610595492
2019-01-09,ALFA_LAVAL_5_MIN,long,197.9,195.35883876410608,197.5,eod,0.5,266.76278997349164,-106.70511598939817,63.28680429331116,-169.99192028270932,67618.7341856722
2019-01-09,ERICSSON_5_MIN,long,80.42,79.49819255432847,81.38,eod,0.5,733.5451075296126,704.2033032284235,71.21255903897477,632.9907441894487,68251.72492986165
2019-01-10,ALFA_LAVAL_5_MIN,short,194.8,197.36875,196.9,eod,0.5,265.70014571235737,-557.9703059959489,62.44484824531822,-620.4151542412671,67631.30977562038
2019-01-10,HEXAGON_5_min,short,58.57137,59.38621856447689,59.38621856447689,stop,0.5,829.9862419103335,-676.3130977562038,58.741905382461304,-735.055003138665,66896.25477248171
2019-01-10,SANDVIK_min,short,131.9,133.46458547610027,133.46458547610027,stop,0.5,427.5653570504884,-668.9625477248171,68.07642224258619,-737.0389699674033,66159.21580251431
2019-01-10,VOLVO_5_MIN,short,120.4,121.92436695724368,120.95,eod,0.5,434.0110856387364,-238.70609710130378,62.84914531134541,-301.5552424126492,65857.66056010166
2019-01-10,SWEDBANK_5_MIN,long,207.9,205.93893279440155,208.0,eod,0.5,335.82561766415375,33.58256176641347,83.80192463191293,-50.219362865499455,65807.44119723617
2019-01-11,ERICSSON_5_MIN,short,78.3,79.36167316238071,76.32,eod,0.5,619.8465170737521,1227.2961038060316,57.50440108196612,1169.7917027240655,66977.23289996023
2019-01-11,HEXAGON_5_min,long,59.971369,59.17228406490796,60.157083,eod,0.5,838.1741409284069,155.6606724083759,60.413137233695615,95.24753517468028,67072.48043513492
2019-01-11,SWEDBANK_5_MIN,long,211.2,209.2015187470337,209.2015187470337,stop,0.5,335.617261035505,-670.7248043513491,84.65640375422757,-755.3812081055767,66317.09922702934
2019-01-11,ALFA_LAVAL_5_MIN,long,199.65,197.09010843763488,197.85,eod,0.5,259.0621423266771,-466.3118561880217,61.78632094491248,-528.0981771329342,65789.0010498964
2019-01-14,ATLAS_5_min,short,50.68750016,51.3563712725253,51.3563712725253,stop,0.5,983.5826337530419,-657.890010498964,60.22114789317602,-718.11115839214,65070.88989150426
2019-01-14,ERICSSON_5_MIN,long,75.76,74.64875009463245,75.42,eod,0.5,585.5648632877171,-199.0920535178258,53.115417619102246,-252.20747113692806,64818.68242036733
2019-01-14,KINNEVIK_5_min,short,108.22148668,109.42074644880611,108.07537269,eod,0.5,540.4890925749598,78.97301786760863,70.14365594862299,8.82936191898564,64827.51178228632
2019-01-14,BOLIDEN_5_min,short,180.020161,183.05088411870315,183.05088411870315,stop,0.5,213.90113594417056,-648.2751178228632,46.59678538759668,-694.8719032104599,64132.63987907586
2019-01-14,HUSQVARNA_5_min,long,69.6,68.65203993590534,68.98,eod,0.5,676.5331400360753,-419.4505468223602,56.25237752771959,-475.7029243500798,63656.93695472578
2019-01-14,INVESTOR_5_MIN,short,97.775,98.67445882620565,98.2,eod,0.5,707.7248574374626,-300.78306441091956,83.21782736178405,-384.0008917727036,63272.93606295308
2019-01-14,SEB_5_MIN,long,89.86,88.89764295255057,89.84,eod,0.5,657.478804053523,-13.149576081067845,70.88936465305085,-84.0389407341187,63188.89712221896
2019-01-15,ABB_5_min,long,175.1,172.9067831632653,172.9067831632653,stop,0.5,288.1105783242825,-631.8889712221896,60.15866133476493,-692.0476325569546,62496.849489662
2019-01-15,KINNEVIK_5_min,long,113.43287217,112.26868181057092,112.26868181057092,stop,0.5,536.8267223953908,-624.9684948966201,72.69757527776174,-697.6660701743818,61799.18341948762
2019-01-15,SKF_5_min,short,144.95,146.83035714285714,143.6,eod,0.5,328.65662597258245,443.68644506298443,56.90032165463319,386.7861234083513,62185.969542895975
2019-01-15,VOLVO_5_MIN,long,121.35,119.8922402865397,121.5,eod,0.5,426.5858698707268,63.987880480611445,62.15782709886359,1.8300533817478524,62187.79959627772
2019-01-16,ALFA_LAVAL_5_MIN,short,193.1,195.62970211900446,194.5,eod,0.5,245.83052340071924,-344.16273276100833,57.17034652207126,-401.3330792830796,61786.46651699464
2019-01-16,BOLIDEN_5_min,long,189.483104,186.36745533356353,186.36745533356353,stop,0.5,198.31012136443175,-617.8646651699464,44.72098202179712,-662.5856471917435,61123.880869802895
2019-01-16,HUSQVARNA_5_min,short,69.0,69.92339409722223,69.92339409722223,stop,0.5,661.9479272574614,-611.238808698029,55.176031662136616,-666.4148403601656,60457.46602944273
2019-01-16,SEB_5_MIN,long,90.28,89.30942419825072,90.72,eod,0.5,622.9030841329418,274.077357018493,67.64727493683748,206.4300820816555,60663.89611152439
2019-01-17,ALFA_LAVAL_5_MIN,long,196.0,193.54910714285714,196.9,eod,0.5,247.51753604702077,222.7657824423201,58.349783947724674,164.41599849459544,60828.31211001898
2019-01-17,ERICSSON_5_MIN,short,75.34,76.42309944605645,75.86,eod,0.5,561.6133618338922,-292.03894815362173,50.949564185570694,-342.9885123391924,60485.32359767979
2019-01-18,HUSQVARNA_5_min,short,70.7,71.62214285714286,70.8,eod,0.5,655.9214022986177,-65.59214022985805,55.68772705515264,-121.27986728501068,60364.04373039478
2019-01-18,SANDVIK_min,long,137.6,135.9687724597677,138.7,eod,0.5,370.05287270835856,407.05815997919234,61.34736523759168,345.71079474160064,60709.75452513638
2019-01-18,SWEDBANK_5_MIN,short,213.7,215.6178525491113,213.7,eod,0.5,316.5506887026752,0.0,81.17625861091402,-81.17625861091402,60628.57826652547
2019-01-18,BOLIDEN_5_min,short,192.622469,195.724319508597,195.724319508597,stop,0.5,195.459381741605,-606.2857826652547,45.54361390993692,-651.8293965751916,59976.74886995027
2019-01-21,ASSA_5_min,short,167.5,168.9924190873134,168.1,eod,0.5,401.87605063345825,-241.12563038007266,80.92176155555313,-322.0473919356258,59654.70147801465
2019-01-21,ATLAS_5_min,short,53.02500008,53.73527884890051,53.38750006,eod,0.5,839.8773001529788,-304.45550450791103,53.62406599206701,-358.07957049997805,59296.62190751467
2019-01-21,HUSQVARNA_5_min,long,70.98,70.14619363021421,71.82,eod,0.5,711.1557797615328,597.3708549996799,60.93182720996813,536.4390277897118,59833.060935304384
2019-01-21,VOLVO_5_MIN,long,124.4,123.05031656498217,123.05031656498217,stop,0.5,443.31181211032373,-598.3306093530439,65.81858894621729,-664.1491982992611,59168.911737005124
2019-01-21,SANDVIK_min,short,139.5,141.12272986322188,141.12272986322188,stop,0.5,364.625764756231,-591.6891173700512,61.39336649061509,-653.0824838606663,58515.82925314446
2019-01-22,NORDEA_5_min,long,81.54,80.77939238305943,81.65,eod,0.5,769.3300454775249,84.6263050025273,75.32818207288636,9.29812292964094,58525.1273760741
2019-01-22,SANDVIK_min,short,142.15,143.90384738547317,140.1,eod,0.5,333.6956673700819,684.0761181086716,56.511361269123356,627.5647568395483,59152.69213291365
2019-01-22,SWEDBANK_5_MIN,short,211.5,213.2188301714826,211.3,eod,0.5,344.14506513980047,68.82901302795618,87.30272012466457,-18.473707096708395,59134.21842581694
2019-01-22,HUSQVARNA_5_min,short,71.22,71.98620460726283,70.6,eod,0.5,771.7810342731572,478.504241249361,65.67239176837148,412.8318494809895,59547.05027529793
2019-01-23,ASSA_5_min,short,165.05,166.461644716924,166.461644716924,stop,0.5,421.82745815145313,-595.4705027529793,83.9044286631286,-679.3749314161079,58867.67534388182
2019-01-23,KINNEVIK_5_min,short,106.90646407,108.23940594009525,108.23940594009525,stop,0.5,441.63722863379655,-588.6767534388182,57.009855469959305,-645.6866089087775,58221.98873497304
2019-01-23,ERICSSON_5_MIN,long,76.1,75.19047525161484,76.44,eod,0.5,640.1363881339713,217.64637196555242,58.58784278757358,159.05852917797884,58381.04726415102
2019-01-24,ASSA_5_min,short,166.05,167.47685284640173,164.8,eod,0.5,409.1595528675454,511.4494410844318,81.22226283973644,430.2271782446953,58811.27444239572
2019-01-24,INVESTOR_5_MIN,long,99.625,98.88210359834889,99.775,eod,0.5,791.6483955459463,118.74725933189644,94.712814043117,24.034445288779438,58835.3088876845
2019-01-25,BOLIDEN_5_min,long,194.237,191.70048572012468,196.344859,eod,0.5,231.95339113397975,488.9250430822838,54.35807202627835,434.56697105600546,59269.8758587405
2019-01-25,GETINGE_5_min,short,83.64,84.736356374808,84.736356374808,stop,0.5,540.6077551117479,-592.698758587405,54.61533842020835,-647.3140970076133,58622.56176173289
2019-01-25,HANDELSBANKEN_5_min,long,107.8,106.89664804469274,106.89664804469274,stop,0.5,648.9448704607446,-586.2256176173289,83.59577307223151,-669.8213906895604,57952.74037104333
2019-01-25,HM_5_min,short,134.28,135.84766508030933,135.84766508030933,stop,0.5,369.6755199752764,-579.5274037104333,59.9157510289624,-639.4431547393957,57313.29721630393
2019-01-25,VOLVO_5_MIN,long,122.45,121.22020130401731,125.5,eod,0.5,466.038038611731,1421.4160177657782,69.33247900426721,1352.083538761511,58665.38075506544
2019-01-25,HUSQVARNA_5_min,long,70.08,69.28724954015941,69.68,eod,0.5,740.0232951849958,-296.009318073992,62.05539344103301,-358.064711515025,58307.31604355041
2019-01-25,INVESTOR_5_MIN,short,100.05,100.73023016467066,99.8,eod,0.5,857.170397196078,214.2925992990195,102.78330232778171,111.5092969712378,58418.825340521646
2019-01-25,ERICSSON_5_MIN,long,82.48,81.57196594319213,81.57196594319213,stop,0.5,643.3550030699113,-584.1882534052164,63.32619183180441,-647.5144452370208,57771.31089528462
2019-01-28,ASSA_5_min,short,167.1,168.4813823541969,166.6,eod,0.5,418.2137604390547,209.10688021952734,83.73475911510752,125.37212110441982,57896.68301638904
2019-01-28,ESSITY_5_min,short,223.0,225.07857142857142,225.07857142857142,stop,0.5,278.54074303417497,-578.9668301638904,74.88488293404355,-653.851713097934,57242.83130329111
2019-01-28,GETINGE_5_min,long,84.06,82.96214285714285,85.06,eod,0.5,521.4050997046645,521.4050997046645,52.90801827723172,468.4970814274328,57711.328384718545
2019-01-28,INVESTOR_5_MIN,short,98.775,99.47412337252497,97.675,eod,0.5,825.4813192167692,908.0294511384532,97.29948309608058,810.7299680423725,58522.05835276092
2019-01-28,NORDEA_5_min,long,83.21,82.62071428571427,82.62071428571427,stop,0.5,993.1015962892625,-585.2205835276092,98.81204824255886,-684.032631770168,57838.02572099075
2019-01-28,HANDELSBANKEN_5_min,short,106.4,107.24285714285715,106.4,eod,0.5,686.213864486332,0.0,87.61578621761487,-87.61578621761487,57750.40993477314
2019-01-28,ABB_5_min,short,172.85,174.45842562964492,173.7,eod,0.5,359.0493018164727,-305.1919065439997,74.65712132669915,-379.8490278706989,57370.56090690244
2019-01-28,HUSQVARNA_5_min,short,69.44,70.20642857142856,69.58,eod,0.5,748.5441311245513,-104.79617835743761,62.43756306536107,-167.2337414227987,57203.32716547964
2019-01-29,INVESTOR_5_MIN,short,97.2,97.90748981165326,97.90748981165326,stop,0.5,808.539235806195,-572.0332716547964,94.65123642742746,-666.6845080822238,56536.64265739742
2019-01-29,SWEDBANK_5_MIN,long,202.8,201.13450141442718,204.0,eod,0.5,339.4577644624785,407.34931735497037,82.85485115000175,324.4944662049686,56861.137123602384
2019-01-29,NORDEA_5_min,short,81.9,82.47357840146431,81.98,eod,0.5,991.3402767335751,-79.30722213868432,97.47650673065897,-176.7837288693433,56684.35339473304
2019-01-29,ASSA_5_min,long,167.9,166.55241744275463,168.4,eod,0.5,420.6373337942492,210.3186668971246,84.87620121300358,125.442465684121,56809.795860417165
2019-01-29,ABB_5_min,long,173.55,171.99101709649378,173.1,eod,0.5,364.4029433077745,-163.98132448850473,75.792168178584,-239.77349266708873,56570.022367750076
2019-01-30,HM_5_min,short,137.9,139.57928571428573,137.64,eod,0.5,336.8695504672461,87.58608312149049,55.69262156144699,31.893461560043498,56601.91582931012
2019-01-30,HUSQVARNA_5_min,short,69.68,70.38071428571429,70.38071428571429,stop,0.5,807.7745378290966,-566.0191582931012,67.8824872500936,-633.9016455431948,55968.01418376693
2019-01-30,SWEDBANK_5_MIN,short,203.1,204.96607142857144,204.96607142857144,stop,0.5,299.9242865350164,-559.6801418376693,73.43335519941678,-633.1134970370861,55334.900686729845
2019-01-30,VOLVO_5_MIN,long,126.15,124.91718189070603,126.15,eod,0.5,448.84886318241865,0.0,67.94674090855453,-67.94674090855453,55266.95394582129
2019-01-30,GETINGE_5_min,long,88.4,87.26767926183437,87.26767926183437,stop,0.5,488.08568175969447,-552.6695394582129,51.44452739739346,-604.1140668556063,54662.839878965686
2019-01-31,ATLAS_5_min,long,54.80000014,54.10411720254347,54.10411720254347,stop,0.5,785.517749274895,-546.6283987896569,51.32767028501028,-597.9560690746672,54064.88380989102
2019-01-31,GETINGE_5_min,long,101.65,99.93330834512024,99.93330834512024,stop,0.5,314.9364864459459,-540.6488380989102,38.09156331381713,-578.7404014127274,53486.143408478296
2019-01-31,HANDELSBANKEN_5_min,long,106.4,105.53571428571429,105.53571428571429,stop,0.5,618.8479402633856,-534.861434084783,78.6935881523782,-613.5550222371612,52872.588386241136
2019-01-31,INVESTOR_5_MIN,long,99.8,99.09107142857144,99.09107142857144,stop,0.5,745.8098109898135,-528.7258838624114,89.00094743382262,-617.726831296234,52254.8615549449
2019-01-31,SEB_5_MIN,long,96.16,95.3693988095238,95.3693988095238,stop,0.5,660.9509596547751,-522.548615549449,75.95492396715413,-598.5035395166032,51656.3580154283
2019-01-31,SKF_5_min,long,153.35,151.3678910340314,151.3678910340314,stop,0.5,260.61310907892243,-516.5635801542829,47.64808618461073,-564.2116663388937,51092.1463490894
2019-01-31,HM_5_min,long,139.14,137.50012851555223,137.50012851555223,stop,0.5,311.5618927070699,-510.9214634908941,51.7143132234195,-562.6357767143136,50529.51057237509
2019-01-31,VOLVO_5_MIN,short,129.2,130.50260591702937,130.05,eod,0.5,387.9109553533168,-329.7243120503281,60.33954910520843,-390.06386115553653,50139.446711219556
2019-01-31,HEXAGON_5_min,short,62.971366,63.59625056776533,63.085651,eod,0.5,802.379340083962,-91.69992288149183,60.687327668047665,-152.3872505495395,49987.05946067002
2019-02-01,HANDELSBANKEN_5_min,long,105.0,104.1,105.2,eod,0.5,555.4117717852189,111.08235435704536,70.0485326575518,41.03382169949356,50028.09328236951
2019-02-01,HEXAGON_5_min,short,62.785652,63.41543521934419,62.114224,eod,0.5,794.3700585491156,533.3622996715146,59.53003308653836,473.83226658497625,50501.92554895449
2019-02-01,HM_5_min,short,138.0,139.89214285714286,139.89214285714286,stop,0.5,266.90334378458385,-505.0192554895449,44.50220528402081,-549.5214607735657,49952.40408818092
2019-02-01,HUSQVARNA_5_min,long,70.06,69.32799774866967,70.32,eod,0.5,682.4077931099017,177.42602620856823,57.4778435980608,119.94818261050743,50072.35227079142
2019-02-01,SEB_5_MIN,long,95.64,94.80519056586853,95.82,eod,0.5,599.8057787030909,107.96504016655193,68.90328863429627,39.061751532255656,50111.41402232368
2019-02-04,HANDELSBANKEN_5_min,long,106.0,105.10714285714285,105.10714285714285,stop,0.5,561.2478370500189,-501.11414022323686,71.09005638862845,-572.2041966118653,49539.20982571182
2019-02-04,HUSQVARNA_5_min,long,70.94,70.17641867603699,72.46,eod,0.5,648.7745086352015,986.1372531255038,55.820558722972734,930.3166944025311,50469.52652011435
2019-02-04,NORDEA_5_min,short,82.64,83.22543678597316,82.6,eod,0.5,862.0832808826663,34.48333123531204,85.47038479983107,-50.98705356451902,50418.53946654983
2019-02-04,VOLVO_5_MIN,long,131.75,130.28102788779773,130.28102788779773,stop,0.5,343.2232582752231,-504.18539466549834,53.96108589651346,-558.1464805620118,49860.39298598782
2019-02-05,ALFA_LAVAL_5_MIN,long,199.0,196.6709640246318,196.6709640246318,stop,0.5,214.0816780561109,-498.6039298598782,50.82354236188335,-549.4274722217615,49310.96551376606
2019-02-05,ASSA_5_min,long,181.85,180.49791879896077,180.49791879896077,stop,0.5,364.70417217446,-493.10965513766064,79.28987865882804,-572.3995337964886,48738.56597996957
2019-02-05,ATLAS_5_min,short,55.26250006,55.92885567534773,55.76250006,eod,0.5,731.4197533179969,-365.70987665899844,48.723526919940575,-414.433403578939,48324.132576390635
2019-02-05,HANDELSBANKEN_5_min,short,105.8,106.69285714285714,106.69285714285714,stop,0.5,541.2302848555776,-483.24132576390633,69.00454176072246,-552.2458675246288,47771.886708866004
2019-02-05,HEXAGON_5_min,short,61.142796,61.78647110099667,60.757082,eod,0.5,742.1739109512773,286.26686788866107,54.28254551984613,231.98432236881493,48003.87103123482
2019-02-05,INVESTOR_5_MIN,long,101.375,100.65938023266061,101.825,eod,0.5,670.801356000951,301.8606102004299,81.78410132363594,220.07650887679398,48223.947540111614
2019-02-05,SWEDBANK_5_MIN,long,206.9,205.05178398478037,209.1,eod,0.5,260.92159760005586,574.0275147201199,65.12603076097393,508.901483959146,48732.84902407076
2019-02-05,HUSQVARNA_5_min,short,69.56,70.33241336879291,70.33241336879291,stop,0.5,630.9166955541955,-487.3284902407076,52.95627550544423,-540.2847657461518,48192.56425832461
2019-02-06,ABB_5_min,short,177.9,179.36429271512583,179.36429271512583,stop,0.5,329.118377497245,-481.9256425832461,70.5493466136618,-552.4749891969079,47640.0892691277
2019-02-06,HANDELSBANKEN_5_min,short,103.8,104.66642036124794,104.66642036124794,stop,0.5,549.8496041864643,-476.40089269127697,68.77510723308075,-545.1759999243577,47094.91326920334
2019-02-06,HEXAGON_5_min,long,64.428507,63.82059953571428,63.82059953571428,stop,0.5,774.7052970395628,-470.9491326920334,59.61315730428543,-530.5622899963188,46564.35097920702
2019-02-06,NORDEA_5_min,long,82.85,82.29142857142857,82.29142857142857,stop,0.5,833.6328819806921,-465.64350979207023,82.60039502064515,-548.2439048127154,46016.107074394306
2019-02-06,ALFA_LAVAL_5_MIN,long,195.25,192.52678571428572,192.52678571428572,stop,0.5,168.97718007646483,-460.161070743943,39.31525664946935,-499.47632739341236,45516.63074700089
2019-02-07,ALFA_LAVAL_5_MIN,short,194.0,196.79213751978503,189.5,eod,0.5,163.01715235897578,733.577185615391,37.510246757800324,696.0669388575907,46212.69768585848
2019-02-07,HEXAGON_5_min,long,66.228505,65.42414856034326,65.42414856034326,stop,0.5,574.5300889936259,-462.1269768585848,45.383046459762596,-507.5100233183474,45705.187662540135
2019-02-07,HUSQVARNA_5_min,short,72.8,73.72642857142857,71.9,eod,0.5,493.3482091561762,444.0133882405544,42.832491518939214,401.18089672161517,46106.36855926175
2019-02-07,SKF_5_min,long,154.0,152.1261378413524,152.1261378413524,stop,0.5,246.04994741202103,-461.0636855926175,45.19339207038591,-506.25707766300343,45600.111481598746
2019-02-07,NORDEA_5_min,short,84.62,85.25693469580308,83.7,eod,0.5,715.9307191470228,658.6562616152622,72.30327518809612,586.3529864271661,46186.464468025915
2019-02-08,ATLAS_5_min,short,55.28750011,55.96116078428571,55.96116078428571,stop,0.5,685.6042846348156,-461.8646446802592,45.763535141404766,-507.62817982166393,45678.83628820425
2019-02-11,ABB_5_min,short,177.05,178.52339628055904,176.85,eod,0.5,310.02410479055226,62.00482095811574,65.83051841122587,-3.8256974531101307,45675.01059075114
2019-02-11,BOLIDEN_5_min,long,204.507208,202.5186051285856,205.987195,eod,0.5,229.68392154771774,339.92921799964734,56.570378552657544,283.3588394469898,45958.36943019813
2019-02-12,BOLIDEN_5_min,short,207.377485,209.44876285858922,205.852651,eod,0.5,221.8841341813081,338.3364718602204,55.01352656639051,283.3229452938299,46241.69237549196
2019-02-12,HANDELSBANKEN_5_min,long,104.6,103.59285714285713,105.2,eod,0.5,459.1373711041711,275.48242266250656,57.79621227459306,217.6862103879135,46459.37858587987
2019-02-12,HEXAGON_5_min,long,67.457075,66.59472089845491,66.59472089845491,stop,0.5,538.750595638588,-464.5937858587988,43.332290932029004,-507.92607679082784,45951.452509089046
2019-02-12,SANDVIK_min,short,143.55,144.87837631931026,144.87837631931026,stop,0.5,345.9219487814188,-459.51452509089046,59.864223612141735,-519.3787487030322,45432.07376038601
2019-02-13,BOLIDEN_5_min,long,209.395648,207.36367938717135,207.36367938717135,stop,0.5,223.58649377532083,-454.3207376038601,55.909054055195206,-510.2297916590553,44921.84396872696
2019-02-13,INVESTOR_5_MIN,long,102.7,102.02361318949018,102.02361318949018,stop,0.5,664.1442924480918,-449.21843968726955,81.57961153749046,-530.79805122476,44391.0459175022
2019-02-14,SANDVIK_min,long,146.6,145.3067017595165,147.1,eod,0.5,343.2390498026718,171.6195249013359,60.48558535622682,111.13393954510907,44502.179857047304
2019-02-14,BOLIDEN_5_min,short,208.857471,211.07037629064524,209.171408,eod,0.5,201.10295747935675,-63.13365916219881,50.4401063272081,-113.57376548940691,44388.6060915579
2019-02-14,ABB_5_min,long,179.275,177.8592468781219,179.7,eod,0.5,313.53352082086747,133.25174634886332,67.53041738200253,65.7213289668608,44454.32742052476
2019-02-14,VOLVO_5_MIN,long,133.9,132.3715755988024,132.3715755988024,stop,0.5,290.8506785529736,-444.5432742052476,46.46716106536865,-491.01043527061626,43963.31698525414
2019-02-15,BOLIDEN_5_min,short,208.229598,210.48398933314454,210.48398933314454,stop,0.5,195.01191447507983,-439.63316985254136,48.992482969539026,-488.6256528220804,43474.691332432056
2019-02-15,HM_5_min,short,136.28,138.39285714285717,136.08,eod,0.5,205.76256884856056,41.15251376970977,33.62489595095637,7.527617818753399,43482.21895025081
2019-02-15,KINNEVIK_5_min,short,103.88678265,104.92947361938735,104.92947361938735,stop,0.5,417.0192341437411,-434.82218950250814,52.24823715973385,-487.07042666224197,42995.14852358857
2019-02-15,SANDVIK_min,short,146.25,147.5442003954692,147.5442003954692,stop,0.5,332.21399617947844,-429.9514852358856,58.561527220639995,-488.51301245652564,42506.635511132044
2019-02-15,ATLAS_5_min,short,56.55000014,57.164248896121514,57.164248896121514,stop,0.5,692.010119475493,-425.06635511132043,47.21484663693144,-472.2812017482519,42034.354309383794
2019-02-18,ATLAS_5_min,long,58.18750017,57.652232333571426,57.652232333571426,stop,0.5,785.2957239098538,-420.343543093838,54.58106795634956,-474.92461105018754,41559.42969833361
2019-02-18,HM_5_min,long,135.3,133.2532939385611,137.22,eod,0.5,203.05519430140097,389.8659730586873,33.201960930610674,356.66401212807665,41916.09371046169
2019-02-18,INVESTOR_5_MIN,short,102.775,103.4509635742052,103.4509635742052,stop,0.5,620.0939711839777,-419.16093710461683,76.72768602838273,-495.88862313299956,41420.20508732869
2019-02-18,HANDELSBANKEN_5_min,short,107.0,108.00714285714285,108.00714285714285,stop,0.5,411.2644476756059,-414.20205087328696,53.05487631207177,-467.25692718535873,40952.948160143336
2019-02-19,SANDVIK_min,short,148.8,150.11875659598965,148.55,eod,0.5,310.5421294929019,77.63553237322547,55.40382132282863,22.231711050396846,40975.17987119373
2019-02-20,ATLAS_5_min,long,58.23750001,57.704304488641995,59.09999998,eod,0.5,768.4831966861514,662.816734087311,54.10313825008586,608.7135958372252,41583.89346703095
2019-02-20,BOLIDEN_5_min,long,216.391948,214.12825286639455,214.12825286639455,stop,0.5,183.6991777280487,-415.8389346703096,47.45172413668262,-463.2906588069922,41120.602808223965
2019-02-20,ERICSSON_5_MIN,short,84.3,85.1766994724026,85.1766994724026,stop,0.5,469.0387539019776,-411.20602808223964,47.694683961573396,-458.90071204381303,40661.70209618015
2019-02-20,INVESTOR_5_MIN,short,103.625,104.27080535757327,104.27080535757327,stop,0.5,629.6278223670064,-406.61702096180153,78.53818992391432,-485.15521088571586,40176.54688529444
2019-02-20,KINNEVIK_5_min,long,108.36759985,107.17326514484712,109.97484961,eod,0.5,336.3926938734612,540.6670764938747,44.06928285646767,496.597793637407,40673.14467893184
2019-02-20,NORDEA_5_min,short,85.76,86.433108402481,86.433108402481,stop,0.5,604.2584601383049,-406.73144678931845,62.429485517826826,-469.1609323071453,40203.9837466247
2019-02-20,SEB_5_MIN,short,98.02,98.79860960039552,98.79860960039552,stop,0.5,516.3561266930365,-402.039837466247,60.97709694862146,-463.01693441486844,39740.96681220983
2019-02-20,SWEDBANK_5_MIN,short,196.5,197.8982210927573,197.8982210927573,stop,0.5,284.22519884777677,-397.4096681220983,67.25874768917902,-464.6684158112773,39276.29839639855
2019-02-20,VOLVO_5_MIN,long,134.9,133.57920558267884,138.3,eod,0.5,297.3687493020956,1011.0537476271267,48.7446853855995,962.3090622415272,40238.60745864008
2019-02-20,SANDVIK_min,long,150.25,148.93396248869425,152.7,eod,0.5,305.7557790941383,749.1016587806354,55.57722796594151,693.5244308146939,40932.13188945477
2019-02-20,ASSA_5_min,long,190.9,189.0239694011639,192.7,eod,0.5,218.1847775555958,392.7325996000687,50.21740840219592,342.51519119787275,41274.64708065265
2019-02-21,ERICSSON_5_MIN,long,86.8,85.975,85.975,stop,0.5,500.2987524927576,-412.7464708065265,51.86347017716171,-464.6099409836882,40810.03713966896
2019-02-21,GETINGE_5_min,long,111.1,109.83946428571427,111.35,eod,0.5,323.75153418635017,80.93788354658754,43.21111726785216,37.72676627873538,40847.76390594769
2019-02-21,INVESTOR_5_MIN,long,104.975,104.33168323573472,104.675,eod,0.5,634.9556886271915,-190.48670658815567,79.87107607241441,-270.3577826605701,40577.406123287125
2019-02-21,NORDEA_5_min,short,84.16,84.84796904959869,81.08,eod,0.5,589.8144131186838,1816.6283924055451,58.476560174238784,1758.1518322313063,42335.55795551843
2019-02-21,SEB_5_MIN,short,94.22,95.07695428510819,91.18,eod,0.5,494.0235283399476,1501.8315261534367,54.95517729253577,1446.8763488609009,43782.434304379334
2019-02-21,SWEDBANK_5_MIN,short,170.55,172.91260820926732,165.2,eod,0.5,185.31398533469567,991.4298215406261,37.331502345674444,954.0983191949516,44736.53262357428
2019-02-21,BOLIDEN_5_min,long,222.132501,219.72793414558066,223.029462,eod,0.5,186.04819633670598,166.877976234369,49.69294817631446,117.18502805805453,44853.71765163234
2019-02-21,ABB_5_min,long,188.0,186.56901338810283,188.3,eod,0.5,313.44610270089345,94.0338308102716,70.76986106780772,23.26396974246387,44876.981621374805
2019-02-22,NORDEA_5_min,long,82.09,81.2924685296422,81.2924685296422,stop,0.5,562.6985678852478,-448.7698162137481,55.16104863551175,-503.9308648492598,44373.05075652555
2019-02-22,SWEDBANK_5_MIN,long,169.45,166.46002278507842,172.0,eod,0.5,148.4059829455575,378.4352565111733,30.40393372605636,348.0313227851169,44721.08207931066
2019-02-22,SEB_5_MIN,long,92.16,91.18496083550914,93.06,eod,0.5,458.6593411626006,412.79340704634313,50.97172990208213,361.821677144261,45082.90375645492
2019-02-22,BOLIDEN_5_min,long,225.361562,222.89631807777448,225.63065,eod,0.5,182.87400832837713,49.20920115306829,49.48485211999273,-0.275650966924438,45082.628105487995
2019-02-25,ABB_5_min,long,189.7,188.3047790237467,188.3047790237467,stop,0.5,323.1217769285015,-450.8262810548799,73.28494553137115,-524.1112265862511,44558.51687890174
2019-02-25,KINNEVIK_5_min,long,111.33857715,110.09661147785714,110.09661147785714,stop,0.5,358.77414229993315,-445.5851687890175,47.66713192499002,-493.2523007140075,44065.264578187736
2019-02-25,SEB_5_MIN,long,94.16,93.13762563043082,93.13762563043082,stop,0.5,431.0090891339202,-440.65264578187737,48.43618741195078,-489.0888331938281,43576.17574499391
2019-02-25,SWEDBANK_5_MIN,long,174.85,171.6625,173.65,eod,0.5,136.70957096468678,-164.05148515762258,28.585971288716003,-192.63745644633858,43383.53828854757
2019-02-25,ERICSSON_5_MIN,short,87.88,88.75400545578539,86.66,eod,0.5,496.37605808264095,605.5787908608214,51.982486306646486,553.5963045541749,43937.13459310174
2019-02-25,BOLIDEN_5_min,long,229.666977,227.14661725622264,227.14661725622264,stop,0.5,174.3288223103081,-439.3713459310175,47.781465541215724,-487.1528114722332,43449.98178162951
2019-02-26,ERICSSON_5_MIN,short,85.42,86.31806424739246,86.31806424739246,stop,0.5,483.81818904145547,-434.4998178162951,49.85399954019512,-484.3538173564902,42965.62796427302
2019-02-26,KINNEVIK_5_min,short,109.09816814,110.3732151023997,110.3732151023997,stop,0.5,336.9729055580013,-429.6562796427302,44.37354581881503,-474.0298254615453,42491.598138811474
2019-02-26,NORDEA_5_min,short,81.43,82.26367144084288,81.9,eod,0.5,509.69238067997924,-239.55541891958967,49.94883392187661,-289.50425284146627,42202.09388597001
2019-02-26,SWEDBANK_5_MIN,short,169.2,172.32592111874058,166.2,eod,0.5,135.0069060698911,405.0207182096733,27.168789777504884,377.8519284321684,42579.94581440218
2019-02-27,ABB_5_min,short,188.8,190.09526327717762,187.3,eod,0.5,328.7358374521682,493.1037561782523,74.18252907945627,418.921227098796,42998.86704150098
2019-02-27,ALFA_LAVAL_5_MIN,long,203.3,201.42857142857144,201.9,eod,0.5,229.7649383897005,-321.67091374558197,55.86045182130398,-377.53136556688594,42621.33567593409
2019-02-27,INVESTOR_5_MIN,short,103.0,103.67378006515561,102.45,eod,0.5,632.5704466499848,347.9137456574898,77.97695895854362,269.9367866989462,42891.27246263304
2019-02-27,SEB_5_MIN,long,93.12,92.13250000000001,94.16,eod,0.5,434.34199962160164,451.71567960646223,48.80614181348013,402.9095377929821,43294.18200042602
2019-02-27,SWEDBANK_5_MIN,long,163.35,159.95892857142857,169.05,eod,0.5,127.67110015923444,727.7252709076384,25.462724215757714,702.2625466918807,43996.444547117906
2019-02-27,ERICSSON_5_MIN,short,85.86,86.74354721549636,85.12,eod,0.5,497.95238755182254,368.4847667883461,51.08393953416636,317.4008272541798,44313.84537437209
2019-02-28,ABB_5_min,short,188.0,189.3294998105343,183.35,eod,0.5,333.31216013158854,1549.9015446118885,74.26528239891923,1475.6362622129693,45789.48163658506
2019-02-28,HM_5_min,long,139.06,137.79407566655695,139.9,eod,0.5,361.7078874852427,303.8346254876051,60.541219375729966,243.29340611187513,46032.77504269693
2019-02-28,KINNEVIK_5_min,long,111.48469032,110.19811428224412,114.11473553,eod,0.5,357.7928835282056,941.0114594954472,48.43072145830746,892.5807380371398,46925.35578073407
2019-02-28,SKF_5_min,short,156.65,157.94025117988744,155.35,eod,0.5,363.69163239074106,472.7991221079675,68.08307358354672,404.7160485244208,47330.07182925849
2019-02-28,VOLVO_5_MIN,short,134.8,135.95578256302522,135.95578256302522,stop,0.5,409.50671297007636,-473.3007182925849,66.52578632101509,-539.8265046136,46790.24532464489
2019-03-01,ABB_5_min,short,182.45,183.9831932773109,180.95,eod,0.5,305.181649418075,457.77247412711245,66.54180683911706,391.2306672879954,47181.475991932886
2019-03-01,HUSQVARNA_5_min,short,75.78,76.63071428571428,76.12,eod,0.5,554.6101292082859,-188.5674439308191,50.54716717604318,-239.1146111068623,46942.36138082603
2019-03-01,KINNEVIK_5_min,short,113.23805407,114.62146445312868,113.62769027,eod,0.5,339.3234715693161,-132.21270803307576,46.188523169763435,-178.4012312028392,46763.960149623184
2019-03-01,SANDVIK_min,long,153.35,151.9819198248352,154.25,eod,0.5,341.82178061303864,307.63960255173674,63.08662782994241,244.55297472179433,47008.51312434498
2019-03-01,HM_5_min,short,137.66,138.90068736669912,138.90068736669912,stop,0.5,378.89088247438434,-470.0851312434498,62.87179373645456,-532.9569249799043,46475.55619936508
2019-03-01,SEB_5_MIN,long,94.88,93.83018625678119,94.8,eod,0.5,442.7028746724882,-35.4162299737983,50.38312876072653,-85.79935873452483,46389.75684063055
2019-03-04,ASSA_5_min,long,193.9,192.675,196.5,eod,0.5,378.6918925765777,984.5989206990998,88.70478891713755,895.8941317819623,47285.65097241251
2019-03-04,INVESTOR_5_MIN,long,103.95,103.27305147943228,104.45,eod,0.5,698.5117706255803,349.25588531279016,87.34191179902255,261.9139735137676,47547.56494592628
2019-03-04,NORDEA_5_min,short,80.87,81.6581004988522,81.6581004988522,stop,0.5,603.3185490324527,-475.4756494592628,58.833730661980894,-534.3093801212437,47013.25556580503
2019-03-04,SKF_5_min,long,158.75,157.37456679269062,158.7,eod,0.5,341.80689629976376,-17.090344814992076,65.103959538216,-82.19430435320808,46931.061261451825
2019-03-05,HM_5_min,short,135.64,136.89402480815724,136.89402480815724,stop,0.5,374.2434835114258,-469.3106126145183,61.196449691756456,-530.5070623062747,46400.554199145554
2019-03-05,ABB_5_min,long,181.5,179.9215677564558,181.35,eod,0.5,293.96608178098364,-44.09491226714922,63.99935566453794,-108.09426793168716,46292.45993121387
2019-03-06,ASSA_5_min,long,193.4,192.1547433759496,194.6,eod,0.5,371.7503608263505,446.1004329916164,86.54348400037439,359.556948991242,46652.01688020511
2019-03-06,GETINGE_5_min,short,109.4,110.30892857142858,107.45,eod,0.5,513.2638399393862,1000.8644878818046,66.78075821451354,934.0837296672911,47586.1006098724
2019-03-06,SKF_5_min,short,154.85,156.21831739631335,156.21831739631335,stop,0.5,347.77092462672096,-475.86100609872403,64.9083098177965,-540.7693159165206,47045.33129395588
2019-03-06,VOLVO_5_MIN,short,136.9,138.03803877625478,135.65,eod,0.5,413.38952833206264,516.7369104150783,67.6015895681422,449.1353208469361,47494.46661480282
2019-03-06,HANDELSBANKEN_5_min,short,108.0,108.87142857142858,108.2,eod,0.5,545.0184693501905,-109.00369387003964,70.6997958441067,-179.70348971414634,47314.76312508867
2019-03-07,ASSA_5_min,short,194.2,195.57679903023177,191.7,eod,0.5,343.6577313474965,859.1443283687413,79.57051111619933,779.573817252542,48094.336942341215
2019-03-07,ATLAS_5_min,short,56.32499992,56.828124897500004,55.47499998,eod,0.5,955.9123298016178,812.5254229766388,64.12259902573777,748.4028239509009,48842.739766292114
2019-03-07,SANDVIK_min,short,150.8,152.2521270051578,148.75,eod,0.5,336.35308477019026,689.5238237788939,60.45273992574629,629.0710838531476,49471.81085014526
2019-03-07,SEB_5_MIN,short,93.74,94.865,92.92,eod,0.5,439.749429779069,360.5945324188336,49.2501771375366,311.344355281297,49783.155205426556
2019-03-07,SKF_5_min,short,153.95,155.35490085807047,152.5,eod,0.5,354.35351127765625,513.8125913525976,65.15498011862265,448.65761123397493,50231.81281666053
2019-03-07,HUSQVARNA_5_min,short,76.24,76.96714285714285,74.56,eod,0.5,690.8107852978909,1160.5621193004515,62.50455985375316,1098.0575594466984,51329.87037610723
2019-03-07,ESSITY_5_min,short,257.7,259.88674003322257,259.88674003322257,stop,0.5,234.73238517732224,-513.2987037610724,72.89662201449175,-586.1953257755641,50743.675050331665
2019-03-08,ALFA_LAVAL_5_MIN,long,194.0,192.25488061409013,192.25488061409013,stop,0.5,290.7748057814098,-507.43675050331666,67.3879127356102,-574.8246632389269,50168.85038709274
2019-03-08,ATLAS_5_min,short,54.71249995,55.22594172633939,55.22594172633939,stop,0.5,977.1088504868859,-501.6885038709274,64.45309462241252,-566.1415984933399,49602.7087885994
2019-03-08,INVESTOR_5_MIN,long,101.45,100.77718116963186,101.625,eod,0.5,737.2372256801804,129.01651449402948,89.82866976300157,39.18784473102791,49641.89663333043
2019-03-08,HEXAGON_5_min,short,66.142791,66.75126278431446,66.75126278431446,stop,0.5,815.845498723657,-496.4189663333043,65.05260935224351,-561.4715756855478,49080.425057644876
2019-03-08,BOLIDEN_5_min,short,214.732569,216.81291914294692,216.212555,eod,0.5,235.9238670665323,-349.1640203243281,61.002144088527764,-410.16616441285584,48670.25889323202
2019-03-08,HUSQVARNA_5_min,long,74.32,73.58035145863037,74.72,eod,0.5,658.0187233670274,263.2074893468147,58.84266631837305,204.36482302844166,48874.62371626047
2019-03-11,HANDELSBANKEN_5_min,short,107.6,108.44685185185185,107.4,eod,0.5,577.1331031441208,115.4266206288176,74.45017030559157,40.97645032322603,48915.600166583696
2019-03-11,BOLIDEN_5_min,long,215.988315,213.76875093688648,216.930124,eod,0.5,220.3838176131158,207.55946288239238,57.244930981158475,150.31453190123392,49065.91469848493
2019-03-12,HEXAGON_5_min,short,66.914219,67.52110610714286,66.485648,eod,0.5,808.4850398203544,346.49324200085323,64.71107807011498,281.78216393073825,49347.696862415665
2019-03-12,HUSQVARNA_5_min,short,74.92,75.62464285714286,75.62464285714286,stop,0.5,700.3221044843575,-493.47696862415665,63.25784466273617,-556.7348132868929,48790.96204912877
2019-03-12,SANDVIK_min,long,150.2,148.77762444084894,148.77762444084894,stop,0.5,343.0244687152094,-487.90962049128774,61.53398446893457,-549.4436049602223,48241.51844416855
2019-03-13,HANDELSBANKEN_5_min,long,107.0,106.16428571428571,107.8,eod,0.5,577.2489386481684,461.7991509185331,74.39584321297593,387.40330770555715,48628.921751874106
2019-03-13,ESSITY_5_min,long,262.0,259.8832905726295,262.6,eod,0.5,229.7382962586599,137.84297775520116,72.31242613037578,65.53055162482538,48694.45230349893
2019-03-13,HM_5_min,short,134.6,135.877230953086,135.877230953086,stop,0.5,381.2501739473541,-486.94452303498934,61.871694809797624,-548.8162178447869,48145.63608565414
2019-03-14,HEXAGON_5_min,long,68.17136,67.54391754804145,68.185646,eod,0.5,767.331504831524,10.962097878021975,62.77861596498069,-51.81651808695871,48093.81956756718
2019-03-14,ESSITY_5_min,short,262.0,264.1336783331064,264.1336783331064,stop,0.5,225.40332730261244,-480.9381956756718,71.15536902134676,-552.0935646970186,47541.726002870164
2019-03-14,HM_5_min,long,139.84,138.4657310611485,142.66,eod,0.5,345.9419379921451,975.5562651378468,58.637158489668586,916.9191066481783,48458.645109518344
2019-03-15,ASSA_5_min,short,196.75,198.31250000000003,198.31250000000003,stop,0.5,310.13532870091177,-484.58645109518346,73.51370297694237,-558.1001540721259,47900.54495544622
2019-03-15,ESSITY_5_min,short,266.1,268.28214285714284,267.0,eod,0.5,219.51149897749855,-197.5603490797437,70.21294806294269,-267.7732971426864,47632.77165830353
2019-03-15,HM_5_min,short,141.78,143.28794113206786,136.06,eod,0.5,315.879517080247,1806.8308376990126,52.658379015345496,1754.1724586836672,49386.94411698719
2019-03-15,VOLVO_5_MIN,short,135.65,136.72857142857143,136.72857142857143,stop,0.5,457.8921971111423,-493.86944116987195,74.83201351045368,-568.7014546803256,48818.24266230687
2019-03-15,SWEDBANK_5_MIN,short,172.05,173.91292784888526,173.91292784888526,stop,0.5,262.05117225296215,-488.1824266230687,54.39599447932041,-542.5784211023891,48275.66424120448
2019-03-18,GETINGE_5_min,long,107.25,106.34821428571428,106.34821428571428,stop,0.5,535.3340985163221,-482.7566424120448,68.60784449360342,-551.3644869056483,47724.29975429883
2019-03-18,INVESTOR_5_MIN,long,104.725,104.10282880360556,105.025,eod,0.5,767.0605780349149,230.1181734104832,96.53457374569403,133.58359966478918,47857.88335396362
2019-03-18,SKF_5_min,short,159.3,160.7857142857143,159.4,eod,0.5,322.1203687285994,-32.21203687285811,61.59585690828278,-93.80789378114088,47764.075460182474
2019-03-18,SEB_5_MIN,long,96.66,95.85269637259293,95.85269637259293,stop,0.5,591.6494592448851,-477.64075460182477,68.34001962397161,-545.9807742257964,47218.094685956676
2019-03-18,VOLVO_5_MIN,short,137.6,138.6902790745928,136.85,eod,0.5,433.08264632696154,324.81198474522114,71.31571937066074,253.49626537456038,47471.590951331236
2019-03-18,HUSQVARNA_5_min,long,74.36,73.72358622943257,73.72358622943257,stop,0.5,745.9233779464788,-474.7159095133124,66.2754053152122,-540.9913148285245,46930.59963650271
2019-03-19,BOLIDEN_5_min,short,222.042805,224.04333481079894,224.04333481079894,stop,0.5,234.59085379867463,-469.3059963650271,62.788637043582156,-532.0946334086093,46398.5050030941
2019-03-19,ERICSSON_5_MIN,long,89.14,88.40983617594256,89.46,eod,0.5,635.4533527183337,203.34507286986243,68.09518127729663,135.2498915925658,46533.75489468667
2019-03-20,SEB_5_MIN,short,95.24,96.0834059945504,94.9,eod,0.5,551.7361175443415,187.59027996507015,62.94426323392865,124.6460167311415,46658.400911417804
2019-03-20,SWEDBANK_5_MIN,long,178.0,176.42188441302864,178.25,eod,0.5,295.65895740857695,73.91473935214424,63.19710214608332,10.717637206060921,46669.11854862387
2019-03-21,HUSQVARNA_5_min,short,76.0,76.7325,74.8,eod,0.5,637.1210723361605,764.5452868033944,57.6467146249758,706.8985721784186,47376.01712080229
2019-03-21,INVESTOR_5_MIN,long,105.65,105.05091399986469,105.05091399986469,stop,0.5,790.8049447007853,-473.7601712080229,99.97399478644074,-573.7341659944636,46802.28295480782
2019-03-21,KINNEVIK_5_min,short,117.47534904,118.42217046003032,118.42217046003032,stop,0.5,494.3095072068519,-468.0228295480782,69.96383196922723,-537.9866615173055,46264.296293290514
2019-03-21,SEB_5_MIN,short,94.24,95.04203951947225,95.04203951947225,stop,0.5,576.8331256760556,-462.64296293290516,65.51049029421351,-528.1534532271187,45736.142840063396
2019-03-21,BOLIDEN_5_min,long,231.012419,228.84707886186894,230.833027,eod,0.5,211.21920771089134,-37.89103610967372,58.530377513401945,-96.42141362307567,45639.72142644032
2019-03-21,HEXAGON_5_min,short,68.085646,68.74710637293322,68.099932,eod,0.5,689.9842121161811,-9.857114454290706,56.37953924275003,-66.23665369704074,45573.48477274328
2019-03-21,SKF_5_min,short,160.25,161.6656486426346,160.9,eod,0.5,321.92652470551076,-209.25224105858382,62.03202204550486,-271.28426310408867,45302.20050963919
2019-03-22,ERICSSON_5_MIN,long,90.2,89.45428571428572,89.45428571428572,stop,0.5,607.500773117767,-453.02200509639187,65.48407047920928,-518.5060755756011,44783.69443406359
2019-03-22,HEXAGON_5_min,long,68.828503,68.1228915,68.1228915,stop,0.5,634.6792028483575,-447.83694434063597,52.152121134138554,-499.9890654747745,44283.70536858882
2019-03-22,HUSQVARNA_5_min,short,75.02,75.79657868184587,75.1,eod,0.5,570.241063833086,-45.619285106645904,51.3627531015737,-96.9820382082196,44186.7233303806
2019-03-22,SKF_5_min,short,160.65,162.07367070895523,155.25,eod,0.5,310.3717949132168,1676.0076925313724,58.827870007851104,1617.1798225235214,45803.90315290412
2019-03-22,ASSA_5_min,short,196.6,198.15221755959917,193.95,eod,0.5,295.0868766407465,781.9802230979799,69.14770780322611,712.8325152947538,46516.73566819887
2019-03-22,SWEDBANK_5_MIN,short,176.1,177.63466368796037,176.4,eod,0.5,303.10703272077376,-90.93210981623557,64.10713742044365,-155.03924723667922,46361.69642096219
2019-03-25,ABB_5_min,short,171.0,172.19987185364226,171.65,eod,0.5,386.388732098592,-251.152675864087,79.43765943214953,-330.5903352962365,46031.10608566595
2019-03-25,ALFA_LAVAL_5_MIN,short,199.15,200.90942663995992,200.90942663995992,stop,0.5,261.6256059798819,-460.31106085665954,62.79947395358617,-523.1105348102457,45507.99555085571
2019-03-25,ERICSSON_5_MIN,long,86.34,85.51236856943845,86.62,eod,0.5,549.8582324257341,153.96030507920617,57.062087928212975,96.89821715099319,45604.8937680067
2019-03-25,GETINGE_5_min,short,104.8,105.88876626473191,105.88876626473191,stop,0.5,418.8676233391183,-456.048937680067,52.950421673735555,-508.99935935380256,45095.8944086529
2019-03-25,SEB_5_MIN,short,93.76,94.53921834605676,94.53921834605676,stop,0.5,578.7324520381417,-450.95894408652896,65.38492101016732,-516.3438650966963,44579.55054355621
2019-03-25,VOLVO_5_MIN,short,133.4,134.6764656460045,133.15,eod,0.5,349.2420707372463,87.31051768431158,55.8542843730078,31.456233311303777,44611.006776867514
2019-03-25,HUSQVARNA_5_min,short,74.86,75.6375,74.66,eod,0.5,573.7750067764285,114.75500135528733,51.47450340792696,63.280497947360374,44674.28727481487
2019-03-25,BOLIDEN_5_min,short,222.536133,224.97494641182675,224.97494641182675,stop,0.5,183.1804231441901,-446.7428727481487,49.185161333023004,-495.92803408117175,44178.3592407337
2019-03-25,SANDVIK_min,short,149.8,151.30844859190137,151.30844859190137,stop,0.5,292.87281965007605,-441.783592407337,52.91188821574207,-494.69548062307905,43683.66376011062
2019-03-25,KINNEVIK_5_min,short,114.60178079,115.57661494475185,114.50437174,eod,0.5,448.11380014922355,43.6503395644303,61.59937718867157,-17.94903762424127,43665.71472248638
2019-03-25,ASSA_5_min,short,193.25,194.84258259505353,194.2,eod,0.5,274.1817903706196,-260.4727008520855,63.739040807457926,-324.2117416595434,43341.50298082684
2019-03-25,ATLAS_5_min,short,56.3625,56.94004297185575,56.94004297185575,stop,0.5,750.4463752984873,-433.4150298082684,51.01648961119814,-484.43151941946655,42857.07146140737
2019-03-25,INVESTOR_5_MIN,long,103.95,103.34330357142858,103.875,eod,0.5,706.4005892093678,-52.9800441907046,88.0846214714621,-141.0646656621667,42716.006795745205
2019-03-26,ASSA_5_min,short,193.55,195.12775626129616,194.6,eod,0.5,270.7389464621964,-284.2758937853016,63.052393241580916,-347.32828702688255,42368.67850871832
2019-03-26,HUSQVARNA_5_min,short,74.72,75.48504754267385,74.92,eod,0.5,553.8045173067155,-110.76090346134468,49.722784781866146,-160.48368824321082,42208.19482047511
2019-03-26,KINNEVIK_5_min,short,113.82250838,114.82488300111284,114.82488300111284,stop,0.5,421.0820379073006,-422.0819482047511,57.767585714968284,-479.84953391971936,41728.34528655539
2019-03-26,SANDVIK_min,short,147.35,148.8210067681895,148.25,eod,0.5,283.67201422134787,-255.3048127992147,50.31206844229825,-305.61688124151294,41422.72840531388
2019-03-26,SEB_5_MIN,long,94.94,94.17474703950342,95.14,eod,0.5,541.2945854980314,108.25891709960783,61.733564886879485,46.52535221272834,41469.25375752661
2019-03-26,VOLVO_5_MIN,short,133.3,134.59553571428572,134.59553571428572,stop,0.5,320.09348179483203,-414.69253757526616,51.450968870446495,-466.14350644571266,41003.1102510809
2019-03-26,GETINGE_5_min,long,106.8,105.70178571428572,105.70178571428572,stop,0.5,373.36165431878817,-410.031102510809,47.6040109559894,-457.6351134667984,40545.4751376141
2019-03-26,ALFA_LAVAL_5_MIN,short,201.1,202.91964285714286,202.91964285714286,stop,0.5,222.82106061887905,-405.454751376141,54.01445119937356,-459.4692025755146,40086.005935038585
2019-03-26,HM_5_min,short,136.88,138.6376765930862,136.8,eod,0.5,228.06246662620438,18.24499733009272,37.449681519755764,-19.204684189663045,40066.80125084892
2019-03-26,ESSITY_5_min,short,266.3,267.9380554811043,266.2,eod,0.5,244.5997813446346,24.459978134469022,78.14963013961075,-53.689652005141724,40013.111598843774
2019-03-27,ABB_5_min,short,172.15,173.40357142857144,172.3,eod,0.5,319.19291303920835,-47.87893695588307,65.96759933781318,-113.84653629369626,39899.265062550076
2019-03-27,HUSQVARNA_5_min,short,74.84,75.58008254222426,74.12,eod,0.5,539.1191223432469,388.16576808713717,48.18431067855003,339.9814574085871,40239.246519958666
2019-03-27,SKF_5_min,long,156.1,154.51582745349583,156.8,eod,0.5,254.007977910965,177.80558453767983,47.68745777300457,130.11812676467525,40369.36464672334
2019-03-27,SWEDBANK_5_MIN,short,166.0,167.58414550739505,167.58414550739505,stop,0.5,254.83369083378108,-403.6936464672334,51.005087401969526,-454.69873386920295,39914.665912854136
2019-03-27,VOLVO_5_MIN,long,137.2,135.87492706053973,139.45,eod,0.5,301.22617951214556,677.7589039023276,50.00053353722104,627.7583703651065,40542.42428321924
2019-03-27,NORDEA_5_min,short,82.91,83.48995223477617,81.97,eod,0.5,699.0648859016165,657.120992747518,69.15709103247512,587.9639017150429,41130.38818493428
2019-03-27,SANDVIK_min,long,148.1,146.54432773109244,148.35,eod,0.5,264.3898011617663,66.09745029044157,47.027013932643364,19.070436357798208,41149.45862129208
2019-03-27,ESSITY_5_min,long,268.4,266.8554164224436,266.8554164224436,stop,0.5,266.41134360882967,-411.4945862129208,85.55886879780411,-497.0534550107249,40652.40516628135
2019-03-27,SEB_5_MIN,short,87.92,88.67692621095517,88.1,eod,0.5,537.0722347556407,-96.67300225601136,56.721272857012714,-153.39427511302407,40499.01089116833
2019-03-28,ALFA_LAVAL_5_MIN,long,205.0,203.305888834476,209.0,eod,0.5,239.05757612217792,956.2303044887117,59.38190190874899,896.8484025799627,41395.85929374829
2019-03-28,ESSITY_5_min,long,272.8,271.23514065692285,274.1,eod,0.5,264.53405845631426,343.8942759932115,86.80420594185496,257.0900700513566,41652.94936379965
2019-03-28,GETINGE_5_min,long,107.8,106.65839907192576,108.65,eod,0.5,364.86436143726485,310.13470722167824,47.38493461985758,262.74977260182067,41915.69913640147
2019-03-28,HANDELSBANKEN_5_min,short,102.2,103.04668615984406,100.8,eod,0.5,495.0559147455728,693.0782806438048,60.29781041601076,632.780470227794,42548.47960662926
2019-03-28,SEB_5_MIN,short,87.26,88.22746271585558,81.8,eod,0.5,439.79451517159026,2401.278052836886,44.61099644094543,2356.6670563959406,44905.1466630252
2019-03-28,VOLVO_5_MIN,long,139.55,138.15385645111704,141.6,eod,0.5,321.63703151407935,659.3559146038572,54.256950846110044,605.0989637577471,45510.24562678295
2019-03-28,SWEDBANK_5_MIN,short,147.05,149.36841953470488,142.75,eod,0.5,196.29857730894358,844.0838824284597,34.132396622479106,809.9514858059806,46320.197112588925
2019-03-28,ATLAS_5_min,short,56.4875,56.99998560235577,56.75000003,eod,0.5,903.8341155276564,-237.2564824410381,61.40874941050681,-298.6652318515449,46021.53188073738
2019-03-29,ABB_5_min,long,173.75,172.56037194670614,174.4,eod,0.5,386.85647798328483,251.45671068913734,80.81044968592836,170.64626100320896,46192.17814174059
2019-03-29,ALFA_LAVAL_5_MIN,long,211.9,210.07678571428573,212.7,eod,0.5,253.35572732002865,202.6845818560186,64.5449050920505,138.1396767639681,46330.317818504554
2019-03-29,ASSA_5_min,long,201.9,200.46000106187174,200.46000106187174,stop,0.5,321.73855543758486,-463.30317818504557,77.67283530450703,-540.9760134895525,45789.341805015
2019-03-29,ATLAS_5_min,long,57.57499992,57.055803488928575,57.055803488928575,stop,0.5,881.9271294011561,-457.89341805015,60.65760923483077,-518.5510272849808,45270.79077773002
2019-03-29,ERICSSON_5_MIN,long,85.76,84.90495833611092,84.90495833611092,stop,0.5,529.4571327883577,-452.7079077773002,54.21586770484909,-506.92377548214927,44763.86700224787
2019-03-29,ESSITY_5_min,long,275.6,273.952973813845,273.952973813845,stop,0.5,271.78600667393835,-447.63867002247866,89.61648492519141,-537.2551549476701,44226.6118473002
2019-03-29,HEXAGON_5_min,long,69.499931,68.81595095149022,68.81595095149022,stop,0.5,646.606753276777,-442.266118473002,53.66159001316023,-495.9277084861622,43730.68413881404
2019-03-29,INVESTOR_5_MIN,long,105.25,104.63707289826017,104.63707289826017,stop,0.5,713.4728422789925,-437.3068413881404,89.84923587500386,-527.1560772631443,43203.5280615509
2019-03-29,NORDEA_5_min,short,70.88,71.54620295455459,71.54620295455459,stop,0.5,648.5039996623218,-432.0352806155089,55.41837736364774,-487.4536579791566,42716.074403571736
2019-03-29,SANDVIK_min,long,150.65,149.19107142857143,150.85,eod,0.5,292.79071806609744,58.55814361321616,52.965840898157026,5.592302715059134,42721.66670628679
2019-03-29,SEB_5_MIN,short,78.94,80.10930213257315,80.10930213257315,stop,0.5,365.36037621238285,-427.21666706286794,34.86618771808432,-462.0828547809523,42259.58385150584
2019-03-29,VOLVO_5_MIN,long,142.9,141.50178571428572,143.95,eod,0.5,302.23968016402574,317.3516641722219,52.01847135303046,265.3331928191914,42524.91704432503
2019-03-29,SWEDBANK_5_MIN,short,129.6,132.2255020408163,132.2255020408163,stop,0.5,161.9687068729274,-425.2491704432504,25.44452279514362,-450.693693238394,42074.22335108664
2019-04-01,ABB_5_min,long,176.34,175.1540166923264,175.1540166923264,stop,0.5,354.76235693079207,-420.7422335108664,74.81810748530452,-495.5603409961709,41578.66301009047
2019-04-01,ALFA_LAVAL_5_MIN,long,215.9,213.95176667328963,213.95176667328963,stop,0.5,213.41726599193666,-415.78663010090474,55.0426732951304,-470.82930339603513,41107.83370669444
2019-04-01,ASSA_5_min,long,201.9,200.46750238861958,200.46750238861958,stop,0.5,286.966158827175,-411.07833706694436,69.27951395840778,-480.35785102535215,40627.47585566909
2019-04-01,ATLAS_5_min,long,58.55000014,58.031696558214286,59.72499998,eod,0.5,783.8548156602523,921.0292829840245,55.62625704976734,865.4030259342571,41492.87888160334
2019-04-01,BOLIDEN_5_min,long,242.045045,239.54725608315596,246.081371,eod,0.5,166.1184361968818,670.5081631008155,48.65207813538514,621.8560849654303,42114.73496656877
2019-04-01,ERICSSON_5_MIN,long,85.94,85.09035714285714,86.84,eod,0.5,495.6757373114461,446.1081635803043,51.38571233560298,394.7224512447013,42509.45741781347
2019-04-01,ESSITY_5_min,short,268.5,270.4157166772959,265.5,eod,0.5,221.89845670611865,665.695370118356,71.0962655286404,594.5991045897156,43104.05652240319
2019-04-01,HEXAGON_5_min,long,70.214216,69.50069632142856,69.50069632142856,stop,0.5,604.1046633598638,-431.0405652240319,50.64145804457369,-481.68202326860563,42622.37449913458
2019-04-01,HUSQVARNA_5_min,long,76.5,75.75285714285714,78.26,eod,0.5,570.4715516136524,1004.0299308400312,52.97170639663731,951.0582244433939,43573.43272357798
2019-04-01,SKF_5_min,long,158.0,156.3517857142857,160.8,eod,0.5,264.36752248324615,740.2290629530922,50.56821970059532,689.6608432524969,44263.093566830474
2019-04-01,SWEDBANK_5_MIN,long,134.36,131.21612070066408,135.7,eod,0.5,140.7913261052354,188.66037698101192,22.81326331678792,165.847113664224,44428.9406804947
2019-04-01,VOLVO_5_MIN,long,147.2,145.75317827049275,148.34,eod,0.5,307.07957846075834,350.07071944526905,54.45257917097551,295.6181402742935,44724.558820768994
2019-04-01,INVESTOR_5_MIN,long,105.4875,104.857885280936,106.9125,eod,0.5,710.3480504276962,1012.245971859465,90.52675554650558,921.7192163129595,45646.27803708195
2019-04-01,NORDEA_5_min,long,71.67,70.73267104447156,71.7,eod,0.5,486.98248110075406,14.609474433023175,41.891206989249056,-27.281732556225883,45618.996304525725
2019-04-02,ALFA_LAVAL_5_MIN,short,214.5,216.50255636472468,212.9,eod,0.5,227.80380671481151,364.4860907436971,58.41800819394626,306.06808254975084,45925.06438707547
2019-04-02,HUSQVARNA_5_min,short,78.3,79.09551727905028,79.09551727905028,stop,0.5,577.2981379097412,-459.2506438707547,54.51848342432173,-513.7691272950764,45411.295259780396
2019-04-02,INVESTOR_5_MIN,short,106.6,107.29074743821579,107.29074743821579,stop,0.5,657.4225649982591,-454.112952597804,84.36996228613597,-538.48291488394,44872.812344896454
2019-04-02,ASSA_5_min,short,197.25,198.74556056607867,198.74556056607867,stop,0.5,300.0400877281232,-448.7281234489645,71.28872563931613,-520.0168490882807,44352.795495808175
2019-04-02,NORDEA_5_min,short,71.54,72.47570411723656,72.47570411723656,stop,0.5,474.00449221915096,-443.52795495808175,40.95845442100452,-484.48640937908624,43868.309086429086
2019-04-02,ATLAS_5_min,long,59.90000009,59.310577638255516,60.27500009,eod,0.5,744.2592143647457,279.09720538677965,53.66481073214999,225.43239465462966,44093.741481083714
2019-04-02,SKF_5_min,long,161.95,160.14661725693063,162.95,eod,0.5,244.50573041436573,244.50573041436573,47.66394708697645,196.8417833273893,44290.58326441111
2019-04-02,SWEDBANK_5_MIN,long,138.75,135.4625348243306,144.15,eod,0.5,134.72563479061776,727.5184278693366,22.86832924935946,704.6500986199771,44995.23336303108
2019-04-03,ABB_5_min,long,181.0,179.71750572534154,182.0,eod,0.5,350.84159245088006,350.84159245088006,76.41329883580167,274.42829361507836,45269.66165664616
2019-04-03,ALFA_LAVAL_5_MIN,long,216.0,214.00535714285715,217.2,eod,0.5,226.9562267477345,272.3474720972788,58.990462456271146,213.35700964100766,45483.01866628717
2019-04-03,BOLIDEN_5_min,long,251.777076,249.0544509666926,254.198872,eod,0.5,167.05575725583935,404.5749646991628,50.71571708782871,353.8592476113341,45836.877913898505
2019-04-03,GETINGE_5_min,long,107.4,106.08482142857143,109.3,eod,0.5,348.5220859712572,662.1919633453857,45.31484161798285,616.8771217274028,46453.75503562591
2019-04-03,HANDELSBANKEN_5_min,long,104.0,102.90861546930911,104.0,eod,0.5,425.64058523185133,0.0,53.11994503693504,-53.11994503693504,46400.63509058897
2019-04-03,HUSQVARNA_5_min,long,79.74,78.950834767642,80.16,eod,0.5,587.9711014630647,246.94786261448814,56.40994747436642,190.53791514012173,46591.17300572909
2019-04-03,KINNEVIK_5_min,long,120.15409837,119.15374535091763,121.17689382,eod,0.5,465.74731236846316,476.3642319401946,67.43955660222423,408.92467533797037,47000.09768106706
2019-04-03,SANDVIK_min,long,160.2,158.618298384938,160.9,eod,0.5,297.1489516954478,208.00426618681854,57.248717033644965,150.75554915317358,47150.85323022024
2019-04-03,SKF_5_min,long,166.3,164.53969452337898,167.5,eod,0.5,267.856084392398,321.4273012708745,53.64621658210946,267.7810846887651,47418.634314909
2019-04-03,SWEDBANK_5_MIN,long,146.25,142.72558078463945,142.72558078463945,stop,0.5,134.5431159501212,-474.18634314909,23.32780504335682,-497.51414819244684,46921.12016671656
2019-04-03,ASSA_5_min,long,199.1,197.5206353194544,202.3,eod,0.5,297.08857456852826,950.6834386192955,71.55081229908434,879.1326263202112,47800.25279303677
2019-04-03,HEXAGON_5_min,long,72.514213,71.79402921786624,72.85707,eod,0.5,663.7229826449892,227.5620706607098,57.891756926213276,169.67031373449652,47969.92310677127
2019-04-04,ABB_5_min,short,181.25,182.58524513656906,182.58524513656906,stop,0.5,359.25929848380565,-479.6992310677127,78.42671695886835,-558.125948026581,47411.79715874469
2019-04-04,INVESTOR_5_MIN,short,107.975,108.68343648773715,107.775,eod,0.5,669.2455566508759,133.84911133016757,86.63383730845588,47.21527402171169,47459.0124327664
2019-04-04,VOLVO_5_MIN,short,141.5,143.10101140032285,143.10101140032285,stop,0.5,296.4314459172259,-474.59012432766406,50.618813591341556,-525.2089379190056,46933.803494847394
2019-04-04,ATLAS_5_min,short,60.50000003,61.11995746070121,60.44999993,eod,0.5,757.0488096539581,37.85251618758298,54.939032098418565,-17.086515910835587,46916.71697893656
2019-04-05,ABB_5_min,long,183.25,181.9006701915948,181.9006701915948,stop,0.5,347.7038503610049,-469.16716978936563,76.17857639251136,-545.345746181877,46371.37123275468
2019-04-05,ALFA_LAVAL_5_MIN,long,217.9,215.84285714285713,219.2,eod,0.5,225.41638793699963,293.0413043180957,59.11770190035752,233.92360241773815,46605.29483517242
2019-04-05,ATLAS_5_min,long,61.19999993,60.56089957535781,62.09999998,eod,0.5,729.2328113519075,656.3095666783593,53.94864334443553,602.3609233339238,47207.65575850634
2019-04-05,BOLIDEN_5_min,long,257.069149,254.12011669093755,254.12011669093755,stop,0.5,160.07846239404137,-472.0765575850634,49.09823498648662,-521.17479257155,46686.48096593479
2019-04-05,GETINGE_5_min,long,107.4,105.96428571428572,106.95,eod,0.5,325.1794694144717,-146.3307612365132,41.821331561395205,-188.1520927979084,46498.32887313688
2019-04-05,SKF_5_min,long,167.2,165.31122088799623,169.2,eod,0.5,246.18193084424743,492.36386168849486,49.6893609216029,442.674500766892,46941.003373903775
2019-04-05,VOLVO_5_MIN,long,144.75,142.81080317021383,146.25,eod,0.5,242.06415074987436,363.09622612481155,42.26440072092806,320.8318254038835,47261.83519930766
2019-04-08,ERICSSON_5_MIN,short,88.8,89.71815784395703,89.71815784395703,stop,0.5,514.7462989110984,-472.61835199307654,55.13493662316249,-527.753288616239,46734.08191069142
2019-04-08,GETINGE_5_min,long,107.1,105.69642857142857,108.1,eod,0.5,332.9654690838075,332.9654690838075,42.99250136810121,289.97296771570626,47024.05487840713
2019-04-08,HANDELSBANKEN_5_min,short,104.6,105.7392857142857,103.2,eod,0.5,412.75032495153914,577.8504549321513,51.46171051495789,526.3887444171934,47550.44362282432
2019-04-08,KINNEVIK_5_min,short,121.17689382,122.1318506632143,120.44632553,eod,0.5,497.932906190548,363.773991810363,72.18729108843705,291.5867007219259,47842.03032354625
2019-04-08,ABB_5_min,long,182.55,181.24571399201128,181.24571399201128,stop,0.5,366.80628351844905,-478.4203032354625,80.06553228561017,-558.4858355210727,47283.544488025174
2019-04-09,ASSA_5_min,short,203.4,205.07774657774658,205.07774657774658,stop,0.5,281.8276914713361,-472.8354448802517,69.07220420125186,-541.9076490815036,46741.63683894367
2019-04-09,HANDELSBANKEN_5_min,long,103.4,102.23214285714286,104.0,eod,0.5,400.2341992325446,240.1405195395245,49.80514375249785,190.33537578702663,46931.9722147307
2019-04-09,SEB_5_MIN,long,86.48,85.27587162028162,87.28,eod,0.5,389.75887459530634,311.807099676244,40.63470122980825,271.17239844643575,47203.14461317713
2019-04-09,GETINGE_5_min,long,110.0,108.57012542759406,109.9,eod,0.5,330.1208758034781,-33.012087580345934,43.55614835351089,-76.56823593385683,47126.57637724328
2019-04-09,NORDEA_5_min,long,75.8,74.79634840997397,75.7,eod,0.5,469.55115545645987,-46.95511554564332,42.6822000309922,-89.63731557663552,47036.93906166664
2019-04-09,KINNEVIK_5_min,short,120.0079852,120.97584745041603,120.97584745041603,stop,0.5,485.98794964312265,-470.3693906166664,70.26914323615024,-540.6385338528166,46496.30052781382
2019-04-09,ABB_5_min,short,181.7,182.9818077964904,180.65,eod,0.5,362.7400352464788,380.87703700879655,78.86331106293696,302.0137259458596,46798.31425375968
2019-04-09,VOLVO_5_MIN,short,144.55,146.44247062381203,143.7,eod,0.5,247.286872857733,210.19384192907867,42.76826466074492,167.42557726833377,46965.73983102801
2019-04-09,SANDVIK_min,short,163.9,165.4730915348756,164.15,eod,0.5,298.5569421091699,-74.63923552729247,58.7649629153479,-133.40419844264036,46832.33563258537
2019-04-09,HEXAGON_5_min,short,72.028499,72.73482999413797,71.942785,eod,0.5,663.0366785722185,56.831525867136385,57.27494517188255,-0.44341930474616476,46831.89221328062
2019-04-10,ABB_5_min,short,180.0,181.26858094709291,179.65,eod,0.5,369.1675515117958,129.20864302912642,79.6626659407304,49.545977088396015,46881.438190369016
2019-04-10,ALFA_LAVAL_5_MIN,long,216.6,214.65357142857144,217.3,eod,0.5,240.85876501474192,168.60113551032345,62.7051708839379,105.89596462638553,46987.3341549954
2019-04-11,BOLIDEN_5_min,short,248.458319,251.4263002857143,251.4263002857143,stop,0.5,158.3141186946096,-469.873341549954,47.48327577072498,-517.356617320679,46469.97753767472
2019-04-11,GETINGE_5_min,long,114.05,112.5538632939995,114.35,eod,0.5,310.59980917050785,93.17994275115147,42.5645978487264,50.61534490242507,46520.59288257715
2019-04-11,SKF_5_min,long,166.8,164.88391388257497,168.35,eod,0.5,242.78967662003916,376.32399876105654,48.82257607152367,327.5014226895329,46848.094305266684
2019-04-11,ATLAS_5_min,short,62.12500004,62.76274593607667,62.76274593607667,stop,0.5,734.5887224593741,-468.4809430526669,55.0446778604382,-523.5256209131051,46324.56868435358
2019-04-11,SEB_5_MIN,short,87.32,88.57569535126663,88.57569535126663,stop,0.5,368.9156660301825,-463.2456868435358,38.93440656141276,-502.18009340494854,45822.388590948634
2019-04-12,ALFA_LAVAL_5_MIN,long,218.5,216.60357142857143,223.5,eod,0.5,241.6246479372055,1208.1232396860275,64.0788566329469,1144.0443830530808,46966.43297400171
2019-04-12,BOLIDEN_5_min,long,253.840088,250.84650926686146,258.055806,eod,0.5,156.89058869268771,661.4064787823615,48.1869888954178,613.2194898869437,47579.652463888655
2019-04-12,ERICSSON_5_MIN,long,91.76,90.915,91.3,eod,0.5,563.0728102235352,-259.01349270283066,61.8456651837122,-320.85915788654285,47258.79330600211
2019-04-12,GETINGE_5_min,short,114.35,115.85178571428571,114.0,eod,0.5,314.6839982325938,110.13939938140605,43.114854597847675,67.02454478355838,47325.817850785665
2019-04-15,ALFA_LAVAL_5_MIN,short,223.2,225.11964285714282,225.11964285714282,stop,0.5,246.5344929901424,-473.25817850785666,66.31575350958445,-539.5739320174412,46786.243918768225
2019-04-15,ATLAS_5_min,short,63.34999998,63.984070742672984,63.47499998,eod,0.5,737.8710180790627,-92.23387725988283,56.14829510301736,-148.38217236290018,46637.861746405324
2019-04-15,ERICSSON_5_MIN,short,91.44,92.27445245901639,90.22,eod,0.5,558.9037606933254,681.8625880458563,60.91827430052968,620.9443137453267,47258.80606015065
2019-04-15,ABB_5_min,short,183.35,184.57520723224002,183.2,eod,0.5,385.72091982960507,57.858137974442954,84.83160189812503,-26.973463923682075,47231.83259622697
2019-04-16,ABB_5_min,long,184.15,182.97503811981068,184.7,eod,0.5,401.9860847623091,221.09234661926314,88.96354041874662,132.12880620051652,47363.961402427485
2019-04-16,ERICSSON_5_MIN,long,90.28,89.42123832737173,89.42123832737173,stop,0.5,551.5379052428842,-473.63961402427486,59.46722673397853,-533.1068407582534,46830.85456166923
2019-04-16,KINNEVIK_5_min,long,124.53750733,123.58006217216814,124.92714354,eod,0.5,489.12310202412186,190.58007169612517,73.21135432733936,117.36871736878581,46948.223279038015
2019-04-17,GETINGE_5_min,short,117.1,118.57248508098891,114.95,eod,0.5,318.83666520755304,685.4988301962363,44.3916288968476,641.1072012993887,47589.330480337405
2019-04-17,HANDELSBANKEN_5_min,short,103.6,104.64040307101727,104.64040307101727,stop,0.5,457.41243760272386,-475.89330480337406,57.151050225652654,-533.0443550290267,47056.286125308376
2019-04-17,HUSQVARNA_5_min,long,83.2,82.47167350881429,83.72,eod,0.5,646.0878012098804,335.9656566291352,64.70698546677193,271.25867116236327,47327.54479647074
2019-04-17,KINNEVIK_5_min,short,124.97584766,125.97582105887264,125.26807563,eod,0.5,473.28803796008293,-138.30800255835751,71.06247327921456,-209.3704758375721,47118.17432063317
2019-04-17,SEB_5_MIN,long,90.92,89.83833396238283,91.44,eod,0.5,435.60741191829493,226.51585419751163,47.66242058245216,178.8534336150595,47297.02775424823
2019-04-17,ERICSSON_5_MIN,short,90.5,91.32131121890157,91.32131121890157,stop,0.5,575.8721744663824,-472.9702775424823,62.82350031357461,-535.7937778560569,46761.23397639217
2019-04-23,ABB_5_min,short,192.25,193.7742464341431,193.7742464341431,stop,0.5,306.7826365142887,-467.6123397639217,71.05532164770476,-538.6676614116265,46222.56631498054
2019-04-23,ATLAS_5_min,short,64.82499993,65.44838584559491,65.44838584559491,stop,0.5,741.4759486644716,-462.2256631498054,57.95674938221514,-520.1824125320205,45702.38390244852
2019-04-23,ERICSSON_5_MIN,short,93.5,94.4732448107448,94.28,eod,0.5,469.58774809673554,-366.2784435154542,52.90751240256299,-419.1859559180172,45283.197946530505
2019-04-23,GETINGE_5_min,short,115.75,117.19376344086021,117.19376344086021,stop,0.5,313.6469359519888,-452.83197946530504,43.837258591410425,-496.66923805671547,44786.52870847379
2019-04-23,HEXAGON_5_min,short,74.457068,75.05579178571429,75.05579178571429,stop,0.5,748.0332296309715,-447.8652870847379,67.10435242612228,-514.9696395108601,44271.559068962924
2019-04-23,HUSQVARNA_5_min,short,84.58,85.29503796699402,84.8,eod,0.5,619.1497670407382,-136.2129487489617,62.92295252481613,-199.13590127377785,44072.42316768914
2019-04-23,INVESTOR_5_MIN,short,109.275,109.88743814605277,109.325,eod,0.5,719.6224378207149,-35.9811218910337,94.38567894456496,-130.36680083559867,43942.05636685355
2019-04-23,NORDEA_5_min,short,77.68,78.6107142857143,78.04,eod,0.5,472.1326086998835,-169.96773913195779,44.11229389604751,-214.0800330280053,43727.97633382554
2019-04-23,VOLVO_5_MIN,short,149.15,150.7825,148.0,eod,0.5,267.85896682282225,308.0378118462471,47.75657519484098,260.2812366514061,43988.25757047695
2019-04-23,ALFA_LAVAL_5_MIN,long,230.7,228.83541381987575,231.6,eod,0.5,235.91431728591957,212.32288555732896,65.43791332876836,146.8849722285606,44135.14254270551
2019-04-23,ASSA_5_min,short,207.2,208.75201342281878,208.75201342281878,stop,0.5,284.3734589778653,-441.35142542705506,70.97142769551266,-512.3228531225677,43622.81968958294
2019-04-23,BOLIDEN_5_min,long,259.042464,255.97198673689277,258.773376,eod,0.5,142.0717886881145,-38.22981347450887,44.1402135599031,-82.37002703441198,43540.449662548526
2019-04-24,ASSA_5_min,short,208.8,210.41351295903715,210.41351295903715,stop,0.5,269.84877573298974,-435.40449662548525,67.8745519456332,-503.27904857111844,43037.17061397741
2019-04-24,ESSITY_5_min,short,269.5,271.63611522786215,271.63611522786215,stop,0.5,201.47401250937926,-430.3717061397741,65.41491866921712,-495.78662480899123,42541.38398916842
2019-04-24,GETINGE_5_min,long,128.0,125.95867026055706,125.95867026055706,stop,0.5,208.4003537849671,-425.4138398916842,31.755046037435935,-457.1688859291201,42084.2151032393
2019-04-24,HUSQVARNA_5_min,short,87.5,88.22928571428571,88.22928571428571,stop,0.5,577.0607359895737,-420.8421510323931,60.843882569524666,-481.68603360191776,41602.529069637385
2019-04-24,VOLVO_5_MIN,short,148.6,150.19071812080537,150.19071812080537,stop,0.5,261.5330052855255,-416.02529069637393,46.886180676932725,-462.91147137330665,41139.61759826408
2019-04-24,INVESTOR_5_MIN,long,109.475,108.86215988828552,109.3,eod,0.5,671.2944667275816,-117.47653167732487,88.11746817499599,-205.59399985232085,40934.02359841176
2019-04-25,ASSA_5_min,long,206.0,204.37920781749895,204.37920781749895,stop,0.5,252.5556579082604,-409.3402359841176,62.18615449333149,-471.5263904774491,40462.49720793431
2019-04-25,GETINGE_5_min,short,129.45,131.62069899140212,128.2,eod,0.5,186.40307738751983,233.0038467343998,28.816051733336685,204.1877950010631,40666.68500293537
2019-04-25,SKF_5_min,long,180.0,178.38481696180418,178.38481696180418,stop,0.5,251.7775635407891,-406.6668500293537,54.13995361479283,-460.80680364414656,40205.878199291226
2019-04-25,SWEDBANK_5_MIN,long,151.6,150.05791136256482,150.05791136256482,stop,0.5,260.72352278117,-402.0587819929122,47.18958799515469,-449.2483699880669,39756.62982930316
2019-04-25,ESSITY_5_min,short,277.0,279.1762863304919,279.1762863304919,stop,0.5,182.6810621023245,-397.5662982930316,60.96172482178847,-458.5280231148201,39298.10180618834
2019-04-25,ALFA_LAVAL_5_MIN,long,221.3,219.13584148949963,220.8,eod,0.5,181.58606042725603,-90.79303021362801,48.167518388933935,-138.96054860256194,39159.141257585776
2019-04-25,HUSQVARNA_5_min,long,89.2,88.38621497576788,89.9,eod,0.5,481.19761474519737,336.83833032163955,51.70949568051891,285.12883464112065,39444.2700922269
2019-04-26,ALFA_LAVAL_5_MIN,long,220.5,218.25843366651523,219.9,eod,0.5,175.96744518778664,-105.58046711267099,46.49763771642073,-152.07810482909173,39292.19198739781
2019-04-26,HM_5_min,long,168.54,166.8699215583182,166.8699215583182,stop,0.5,235.2715357958274,-392.92191987397814,47.3474444197101,-440.2693642936882,38851.922623104125
2019-04-26,HUSQVARNA_5_min,long,91.24,90.41428571428571,90.41428571428571,stop,0.5,470.52501446666,-388.5192262310413,51.28373124818704,-439.8029574792283,38412.119665624894
2019-04-26,KINNEVIK_5_min,short,128.77480231,129.87032216088255,129.87032216088255,stop,0.5,350.6291523123064,-384.12119665624897,54.41311244576191,-438.53430910201087,37973.58535652288
2019-04-26,NORDEA_5_min,short,77.22,77.81392857142858,77.81392857142858,stop,0.5,639.362832220463,-379.7358535652288,59.47375899701612,-439.20961256224496,37534.375743960634
2019-04-26,INVESTOR_5_MIN,long,111.6,110.97189931789796,112.225,eod,0.5,597.5853364518952,373.4908352824345,80.25272275880725,293.23811252362725,37827.61385648426
2019-04-26,ESSITY_5_min,long,282.1,279.6045220326937,281.1,eod,0.5,151.58464371182643,-151.58464371182643,51.22348280310038,-202.8081265149268,37624.80572996933
2019-04-26,ATLAS_5_min,short,67.77500009,68.55245693291606,66.97499998,eod,0.5,483.94719363261106,387.1578081402797,39.12713062552238,348.0306775147573,37972.83640748409
2019-04-29,ATLAS_5_min,long,67.40000009,66.58303580428571,67.87500004,eod,0.5,464.8041177746652,220.7819327027588,37.72582625543542,183.05610644732337,38155.89251393141
2019-04-29,HANDELSBANKEN_5_min,short,104.0,104.80714285714286,104.80714285714286,stop,0.5,472.7278718540134,-381.5589251393141,59.22537376246446,-440.7842989017786,37715.10821502963
2019-04-29,KINNEVIK_5_min,long,133.10950634,131.96772974056964,131.96772974056964,stop,0.5,330.3195058809755,-377.1510821502963,52.53610898545706,-429.6871911357534,37285.421023893876
2019-04-29,SEB_5_MIN,short,90.2,90.9153591935891,90.9153591935891,stop,0.5,521.2125790517315,-372.8542102389388,56.63976208270278,-429.49397232164154,36855.92705157223
2019-04-29,SWEDBANK_5_MIN,short,155.3,156.65805410001838,156.65805410001838,stop,0.5,271.3877676233505,-368.55927051572223,50.796959936597034,-419.35623045231927,36436.57082111991
2019-04-29,SKF_5_min,short,176.05,177.68564184397167,177.68564184397167,stop,0.5,222.76619392815766,-364.3657082111991,47.28020555418931,-411.6459137653884,36024.92490735452
2019-04-29,INVESTOR_5_MIN,short,112.425,113.0668580309566,112.625,eod,0.5,561.2600165439153,-112.25200330878465,75.78694003392488,-188.03894334270953,35836.88596401181
2019-05-02,ASSA_5_min,long,203.3,201.62857142857143,201.62857142857143,stop,0.5,214.40871944280488,-358.3688596401181,52.092129879482606,-410.46098951960073,35426.42497449221
2019-05-02,ATLAS_5_min,short,67.19999993,68.01278804453608,66.05000015,eod,0.5,435.86298004262704,501.2423311591662,34.84724527532945,466.39508588383677,35892.82006037605
2019-05-02,BOLIDEN_5_min,short,247.74075,250.2472778895744,245.767435,eod,0.5,143.1973695950789,282.573517382511,42.401444379384934,240.17207300312606,36132.99213337917
2019-05-02,ERICSSON_5_MIN,short,91.74,92.66847605563679,92.66847605563679,stop,0.5,389.16450148622795,-361.32992133379173,43.05913959241612,-404.38906092620783,35728.60307245296
2019-05-02,ESSITY_5_min,long,283.4,280.9080763990513,281.5,eod,0.5,143.37760218190962,-272.41744414562504,48.59640448353644,-321.0138486291615,35407.5892238238
2019-05-02,HM_5_min,long,165.74,164.27232582603298,167.8,eod,0.5,241.24965780462995,496.9742950775382,48.27984651849376,448.6944485590445,35856.283672382844
2019-05-02,SEB_5_MIN,long,91.06,90.30738778426938,91.22,eod,0.5,476.42441782019495,76.22790685122956,52.10558572815908,24.122321123070485,35880.40599350591
2019-05-02,SKF_5_min,short,175.0,176.58387970353476,172.55,eod,0.5,226.53491874055334,555.0105509143531,47.23932660496759,507.7712243093855,36388.1772178153
2019-05-02,VOLVO_5_MIN,short,151.35,152.62027674451454,149.4,eod,0.5,286.4586585163497,558.5943841068787,51.691464929275305,506.9029191776034,36895.0801369929
2019-05-02,KINNEVIK_5_min,short,133.35302855,134.54584462864472,132.57375614,eod,0.5,309.31072105360494,241.0373110342818,49.35240331195838,191.68490772232343,37086.76504471523
2019-05-02,HEXAGON_5_min,short,73.685641,74.23776330254098,72.942784,eod,0.5,671.712859162442,498.98659941883466,59.09531915474142,439.8912802640932,37526.65632497932
2019-05-02,INVESTOR_5_MIN,short,112.8,113.44514171959426,113.44514171959426,stop,0.5,581.6808181089298,-375.2665632497932,78.9614754771746,-454.2280387269678,37072.42828625235
2019-05-02,ALFA_LAVAL_5_MIN,short,219.0,221.20846627164997,218.3,eod,0.5,167.86504173575244,117.50552921502481,44.04442965062673,73.46109956439807,37145.88938581674
2019-05-02,GETINGE_5_min,short,132.05,134.0926240041985,134.0926240041985,stop,0.5,181.85377881325888,-371.4588938581674,29.039425127063904,-400.4983189852313,36745.391066831515
2019-05-02,HUSQVARNA_5_min,short,85.92,86.83036901717209,86.16,eod,0.5,403.6318281236666,-96.87163874967791,41.674178990112324,-138.54581773979024,36606.845249091726
2019-05-02,NORDEA_5_min,long,75.68,75.13316879313952,75.67,eod,0.5,669.4359208074807,-6.6943592080782315,60.791475968527315,-67.48583517660555,36539.35941391512
2019-05-02,SANDVIK_min,short,173.3,174.87804522096607,172.15,eod,0.5,231.54824037010894,266.2804764256266,47.99300378151248,218.28747264411413,36757.64688655923
2019-05-03,ATLAS_5_min,long,66.47499998,65.6597405464169,67.17500015,eod,0.5,450.8705495747217,315.6094613502966,36.15530940556483,279.4541519447318,37037.10103850396
2019-05-03,BOLIDEN_5_min,short,239.937185,242.70205619293964,242.70205619293964,stop,0.5,133.95597282463552,-370.3710103850396,38.79144544640647,-409.1624558314461,36627.93858267252
2019-05-06,ATLAS_5_min,short,64.80000015,65.62678585678572,65.62678585678572,stop,0.5,443.0161078264232,-366.2793858267252,34.6687002558216,-400.9480860825468,36226.99049658997
2019-05-06,KINNEVIK_5_min,short,131.64836974,132.89590869875184,132.71987013,eod,0.5,290.3876487579579,-311.15047889533815,46.061562949277466,-357.2120418446156,35869.778454745356
2019-05-06,NORDEA_5_min,short,75.39,76.02971376571807,76.02971376571807,stop,0.5,560.7160636051341,-358.6977845474536,50.94207951295774,-409.6398640604113,35460.13859068495
2019-05-06,SANDVIK_min,short,165.1,166.8091614437,166.8091614437,stop,0.5,207.47097192832024,-354.6013859068495,41.31690978998291,-395.9182956968324,35064.22029498812
2019-05-06,SKF_5_min,short,166.2,167.82629645542426,167.82629645542426,stop,0.5,215.60780125933798,-350.6422029498812,43.211205204932284,-393.8534081548135,34670.366886833304
2019-05-06,ABB_5_min,long,186.9,185.1785149973219,186.85,eod,0.5,201.39801876227227,-10.069900938115904,45.163505707439555,-55.23340664555546,34615.133480187746
2019-05-06,HANDELSBANKEN_5_min,short,103.4,104.12857142857142,103.8,eod,0.5,475.10967521827297,-190.04387008730512,59.065634823135696,-249.10950491044082,34366.023975277305
2019-05-06,INVESTOR_5_MIN,short,110.925,111.5781586473755,110.575,eod,0.5,526.1512515124068,184.1529380293394,69.92550132599887,114.22743670334053,34480.251411980644
2019-05-06,ALFA_LAVAL_5_MIN,short,215.3,217.5754734911086,217.5754734911086,stop,0.5,151.53000703683108,-344.80251411980646,39.35617412650757,-384.158688246314,34096.09272373433
2019-05-06,BOLIDEN_5_min,short,221.45978,224.29542137037294,224.29542137037294,stop,0.5,120.24120214909283,-340.9609272373433,32.15888476619075,-373.11981200353404,33722.972911730794
2019-05-06,HEXAGON_5_min,short,70.271358,70.8723629964076,70.071359,eod,0.5,561.1096931523708,112.22137752078402,47.24859532322401,64.97278219756001,33787.945693928355
2019-05-07,BOLIDEN_5_min,short,221.280387,224.74049366175913,215.719226,eod,0.5,97.65001197029672,543.0474382187471,25.603810464279018,517.443627754468,34305.38932168282
2019-05-07,HEXAGON_5_min,long,69.385645,68.72499965022607,68.72499965022607,stop,0.5,519.2708816223712,-343.0538932168282,43.030101725374145,-386.08399494220237,33919.30532674062
2019-05-08,ATLAS_5_min,long,64.44999993,63.51104305391341,64.82499993,eod,0.5,361.2445490373352,135.4667058890007,28.019933415736364,107.44677247326435,34026.75209921389
2019-05-08,KINNEVIK_5_min,short,129.65148377,131.03835319660683,131.03835319660683,stop,0.5,245.34935622933838,-340.2675209921389,38.376050205172895,-378.64357119731176,33648.10852801658
2019-05-08,HM_5_min,long,163.18,161.66841074721222,161.66841074721222,stop,0.5,222.60087167172048,-336.4810852801658,43.386923636101514,-379.86800891626734,33268.24051910031
2019-05-08,HEXAGON_5_min,short,69.714216,70.45443862267084,69.557073,eod,0.5,449.43560896670726,70.6256598998511,37.55608594997596,33.06957394987514,33301.31009305019
2019-05-09,INVESTOR_5_MIN,short,107.375,108.20803571428571,106.5,eod,0.5,399.7584920066048,349.7886805057792,51.29900848674755,298.4896720190317,33599.79976506922
2019-05-09,NORDEA_5_min,short,73.0,73.68262843116246,72.86,eod,0.5,492.2121351999903,68.90969892799892,43.076437224162355,25.833261703836563,33625.63302677306
2019-05-10,HANDELSBANKEN_5_min,long,101.0,100.17142857142856,100.6,eod,0.5,405.82660549553316,-162.33064219821557,49.08878620073968,-211.41942839895526,33414.2135983741
2019-05-10,SANDVIK_min,long,165.3,163.30351948051947,163.30351948051947,stop,0.5,167.36558795508827,-334.142135983741,32.998152745181066,-367.1402887289221,33047.07330964518
2019-05-10,SKF_5_min,long,165.0,163.09180263843083,163.09180263843083,stop,0.5,173.1847762459415,-330.4707330964518,34.09230325683854,-364.56303635329033,32682.51027329189
2019-05-10,SWEDBANK_5_MIN,long,145.0,143.31082917428472,146.5,eod,0.5,193.48256420100358,290.2238463015054,33.84010047875552,256.38374582274986,32938.89401911464
2019-05-10,BOLIDEN_5_min,long,216.885276,213.24977158399412,213.24977158399412,stop,0.5,90.60336682331045,-329.3889401911464,23.383010099888825,-352.77195029103524,32586.122068823603
2019-05-13,GETINGE_5_min,long,133.8,131.458544701323,131.458544701323,stop,0.5,139.1703787265799,-325.861220688236,22.14967927592673,-348.0108999641627,32238.11116885944
2019-05-14,BOLIDEN_5_min,long,208.364143,204.52312250282813,209.440496,eod,0.5,83.93110943457901,90.33950143323602,21.040084126910266,69.29941730632575,32307.410586165766
2019-05-14,INVESTOR_5_MIN,long,106.225,105.23124999999999,107.9,eod,0.5,325.1060184771379,544.5525809492098,41.76799572385029,502.7845852253595,32810.195171391126
2019-05-14,KINNEVIK_5_min,long,126.5343933,125.06573404738802,126.58309742,eod,0.5,223.4023658860199,10.88061563639583,33.92822776438841,-23.04761212799258,32787.14755926313
2019-05-14,HM_5_min,short,154.04,155.79982914219002,155.79982914219002,stop,0.5,186.30869766403003,-327.8714755926313,34.6355130311562,-362.50698862378755,32424.640570639345
2019-05-14,HEXAGON_5_min,short,66.928505,67.7410555267511,67.7410555267511,stop,0.5,399.0476838441802,-324.24640570639343,32.24374572750819,-356.49015143390164,32068.150419205445
2019-05-16,ERICSSON_5_MIN,long,89.34,88.37268262166758,88.37268262166758,stop,0.5,331.5163268801011,-320.68150419205443,35.34879346964664,-356.03029766170107,31712.120121543743
2019-05-17,ALFA_LAVAL_5_MIN,short,211.8,214.0365213882163,210.1,eod,0.5,141.7921612045721,241.04667404777499,35.89326768732538,205.1534063604496,31917.27352790419
2019-05-17,SWEDBANK_5_MIN,short,143.55,145.31305753070458,144.05,eod,0.5,181.03364735437236,-90.51682367718618,31.239166187470495,-121.75598986465667,31795.517538039534
2019-05-17,SEB_5_MIN,short,89.88,90.72627272727271,89.26,eod,0.5,375.71242122509204,232.94170115955345,40.38307388295779,192.55862727659564,31988.076165316128
2019-05-17,ABB_5_min,long,186.2,184.2636975242196,184.2636975242196,stop,0.5,165.20185541994866,-319.8807616531613,36.720774118041426,-356.60153577120275,31631.474629544926
2019-05-20,ABB_5_min,short,183.3,185.16938886726354,182.15,eod,0.5,169.2075692942805,194.58870468842352,37.10214371915688,157.48656096926663,31788.961190514194
2019-05-20,ERICSSON_5_MIN,long,91.52,90.52071428571428,92.38,eod,0.5,318.11683821815336,273.5804808676117,35.101011928991035,238.47946893862067,32027.440659452815
2019-05-20,HANDELSBANKEN_5_min,long,100.8,100.03571428571428,100.03571428571428,stop,0.5,419.05062545078164,-320.27440659452816,50.49619901056982,-370.77060560509796,31656.670053847716
2019-05-21,SKF_5_min,short,158.6,160.7368263473054,158.2,eod,0.5,148.1480705896746,59.25922823587069,28.159985257685346,31.09924297818534,31687.7692968259
2019-05-22,ERICSSON_5_MIN,short,94.78,95.82269133459836,95.82269133459836,stop,0.5,303.9036409469338,-316.877692968259,34.75491112252142,-351.63260409078043,31336.13669273512
2019-05-22,ESSITY_5_min,long,287.3,285.29930362116994,286.3,eod,0.5,156.62614789686012,-156.62614789686012,53.904455060183366,-210.53060295704347,31125.606089778077
2019-05-22,SANDVIK_min,short,162.05,164.11428571428573,160.0,eod,0.5,150.7814827878521,309.1020397150985,29.135505919096662,279.96653379600184,31405.57262357408
2019-05-22,HM_5_min,short,155.36,157.2114285714286,153.44,eod,0.5,169.62886447917975,325.68741980002784,31.428836010702426,294.2585837893254,31699.831207363404
2019-05-23,ERICSSON_5_MIN,short,95.5,96.50285714285714,93.28,eod,0.5,316.09518297940866,701.7313062142869,35.803469185711656,665.9278370285753,32365.75904439198
2019-05-23,HEXAGON_5_min,long,68.128503,67.31608865516039,67.31608865516039,stop,0.5,398.3898025678235,-323.6575904439198,32.37584647702729,-356.03343692094705,32009.72560747103
2019-05-23,SANDVIK_min,short,156.6,158.54727458550988,152.75,eod,0.5,164.38218752333475,632.8714219648379,30.51097782620616,602.3604441386317,32612.08605160966
2019-05-23,SWEDBANK_5_MIN,short,138.6,139.99107142857142,139.99107142857142,stop,0.5,234.43861603211164,-326.1208605160966,39.187503134770466,-365.3083636508671,32246.777687958795
2019-05-23,VOLVO_5_MIN,short,136.7,138.4497314911366,135.4,eod,0.5,184.29557821475657,239.5842516791804,30.088096099341158,209.49615557983924,32456.273843538635
2019-05-23,HM_5_min,short,150.9,152.76221227802284,147.86,eod,0.5,174.2887973974608,529.8379440882794,31.24231266627923,498.59563142200017,32954.86947496064
2019-05-23,ESSITY_5_min,short,284.45,286.44754213483145,284.0,eod,0.5,164.97709310017194,74.2396918950755,56.268737143675644,17.97095475139985,32972.840429712036
2019-05-24,ASSA_5_min,short,193.725,195.5854741935484,194.25,eod,0.5,177.22815260782616,-93.04478011910975,41.256055504812814,-134.30083562392255,32838.53959408811
2019-05-24,HM_5_min,long,149.04,147.1138814197365,150.5,eod,0.5,170.49074719789886,248.9164909089337,30.641279049395166,218.27521185953853,33056.81480594765
2019-05-24,SANDVIK_min,long,154.65,152.49959754883807,153.65,eod,0.5,153.7238519612266,-153.7238519612266,28.43583813578769,-182.15969009701428,32874.65511585064
2019-05-24,VOLVO_5_MIN,long,136.9,135.09642857142856,136.95,eod,0.5,182.27531549382368,9.113765774688076,29.949657088790165,-20.83589131410209,32853.819224536535
2019-05-24,HANDELSBANKEN_5_min,short,97.7,98.50549394425798,97.7,eod,0.5,407.8717097594275,0.0,47.81887925219527,-47.81887925219527,32806.00034528434
2019-05-24,ERICSSON_5_MIN,long,95.46,94.37330362778395,95.16,eod,0.5,301.88745618414913,-90.56623685524389,34.5274721386935,-125.09370899393738,32680.9066362904
2019-05-27,HANDELSBANKEN_5_min,short,98.1,98.85280404422461,97.3,eod,0.5,434.12235743169356,347.2978859453536,50.896505185291744,296.40138076006184,32977.30801705046
2019-05-28,SKF_5_min,short,152.5,154.43741557594672,152.6,eod,0.5,170.2128775388633,-17.02128775388536,31.15916936226431,-48.18045711614967,32929.12755993431
2019-05-28,SWEDBANK_5_MIN,short,139.9,141.19761183775256,138.9,eod,0.5,253.76716366095334,253.76716366095334,42.45017113720428,211.31699252374906,33140.444552458066
2019-05-31,ALFA_LAVAL_5_MIN,long,201.0,198.87751546611676,198.87751546611676,stop,0.5,156.13986355804084,-331.4044455245807,37.4620924228847,-368.8665379474654,32771.578014510604
2019-05-31,ASSA_5_min,short,188.1,189.7379795105293,184.6,eod,0.5,200.07318653162287,700.25615286068,44.7403659722015,655.5157868884785,33427.09380139908
2019-05-31,ATLAS_5_min,short,57.92500014,58.75570886306202,57.47499998,eod,0.5,402.3924737203412,181.07667755695007,27.861654909368678,153.2150226475814,33580.30882404666
2019-05-31,BOLIDEN_5_min,short,193.916556,196.84560305830865,196.84560305830865,stop,0.5,114.64584950518821,-335.8030882404666,26.879555807832762,-362.6826440482994,33217.62617999836
2019-05-31,ERICSSON_5_MIN,short,90.92,91.95000000000002,91.95000000000002,stop,0.5,322.501225048523,-332.17626179998365,35.385479414774046,-367.5617412147577,32850.06443878361
2019-05-31,ESSITY_5_min,long,282.3,280.34954277585854,280.34954277585854,stop,0.5,168.42237826181045,-328.5006443878361,56.857664473338204,-385.3583088611743,32464.706129922433
2019-05-31,HANDELSBANKEN_5_min,short,95.3,96.05714285714285,94.5,eod,0.5,428.7791375650158,343.0233100520114,48.82936818590399,294.1939418661074,32758.90007178854
2019-05-31,HM_5_min,short,146.2,147.88613832881148,142.1,eod,0.5,194.28358582465322,796.562701881077,33.607174675948514,762.9555272051285,33521.855598993665
2019-05-31,HUSQVARNA_5_min,short,80.2,81.03279892465461,79.4,eod,0.5,402.52039966185447,322.0163197294824,38.54535347161919,283.4709662578632,33805.326565251526
2019-05-31,INVESTOR_5_MIN,short,104.2,105.184113093811,102.825,eod,0.5,343.51058610895524,472.32705589981344,42.66916745352387,429.6578884462896,34234.98445369781
2019-05-31,KINNEVIK_5_min,short,118.8877807,120.14575581064932,117.67016715,eod,0.5,272.1435755277131,331.3657051079907,38.62663544843837,292.73906965955234,34527.72352335737
2019-05-31,SANDVIK_min,short,148.0,149.9961721796909,146.25,eod,0.5,172.96966601700697,302.6969155297622,30.537794535302577,272.1591209944596,34799.88264435183
2019-05-31,SEB_5_MIN,long,85.5,84.82595555778491,84.82595555778491,stop,0.5,516.2846908134135,-347.9988264435183,52.762009981590104,-400.7608364251084,34399.12180792672
2019-05-31,SKF_5_min,short,146.55,148.45381474127853,147.6,eod,0.5,180.68523718240402,-189.71949904152115,31.889137510322485,-221.60863655184363,34177.51317137488
2019-05-31,VOLVO_5_MIN,short,133.3,134.87917246733778,132.95,eod,0.5,216.42672905127742,75.74935516795202,34.574169965941564,41.175185202010454,34218.68835657689
2019-05-31,ABB_5_min,short,174.55,176.03936490905377,173.55,eod,0.5,229.7535556837917,229.7535556837917,47.986327640116734,181.76722804367495,34400.45558462056
2019-05-31,HEXAGON_5_min,short,64.257079,64.93402733045573,62.85708,eod,0.5,508.16959045399756,711.4369184660067,38.757330071960595,672.679588394046,35073.135173014605
2019-05-31,NORDEA_5_min,short,68.45,68.96132115769295,67.2,eod,0.5,685.9316233121009,857.4145291401261,55.827974821371896,801.5865543187542,35874.72172733336
2019-05-31,GETINGE_5_min,short,130.95,132.30493163265305,128.9,eod,0.5,264.77145313293653,542.7814789225154,41.28051725795613,501.5009616645592,36376.22268899792
2019-05-31,SWEDBANK_5_MIN,short,134.95,136.2775343710493,136.2775343710493,stop,0.5,274.0134152628005,-363.7622268899793,44.59198980379188,-408.35421669377115,35967.86847230415
2019-06-03,ABB_5_min,short,172.6,174.2017857142857,174.2017857142857,stop,0.5,224.548565713382,-359.6786847230415,46.7243061413895,-406.402990864431,35561.46548143972
2019-06-03,ASSA_5_min,long,185.0,183.1293784108062,187.35,eod,0.5,190.10507355881603,446.7469228632166,42.47137448377508,404.2755483794415,35965.74102981916
2019-06-03,ESSITY_5_min,short,277.7,279.8170947752751,278.7,eod,0.5,169.88252698864343,-169.88252698864343,56.71358280988871,-226.59610979853215,35739.144920020626
2019-06-03,HANDELSBANKEN_5_min,short,94.0,94.78214285714286,94.0,eod,0.5,456.9388391600804,0.0,51.54270105725707,-51.54270105725707,35687.602218963366
2019-06-03,INVESTOR_5_MIN,short,101.75,102.74058465478528,102.74058465478528,stop,0.5,360.26807044269253,-356.87602218963366,44.20285701436653,-401.0788792040002,35286.52333975937
2019-06-03,KINNEVIK_5_min,short,116.40384948,117.7135229239557,117.37793999,eod,0.5,269.4299369252024,-262.4491446687373,37.792687674697824,-300.24183234343514,34986.28150741594
2019-06-03,NORDEA_5_min,short,66.83,67.41430055298162,67.41430055298162,stop,0.5,598.7720074691881,-349.86281507415936,48.229037600043505,-398.09185267420287,34588.189654741735
2019-06-03,ALFA_LAVAL_5_MIN,short,193.3,195.5708411836418,195.5708411836418,stop,0.5,152.3144370636796,-345.88189654741734,35.538385959219575,-381.4202825066369,34206.769372235096
2019-06-03,GETINGE_5_min,long,128.9,127.49973207326579,129.6,eod,0.5,244.28731615680192,171.00112130975856,37.888962735919975,133.1121585738386,34339.88153080893
2019-06-04,ASSA_5_min,short,185.75,187.5173814008919,186.95,eod,0.5,194.29808140721272,-233.15769768865306,43.448936964280904,-276.60663465293396,34063.274896156
2019-06-04,ESSITY_5_min,short,277.8,280.0107142857143,280.0107142857143,stop,0.5,154.08266511993,-340.63274896156,51.5693768937568,-392.2021258553168,33671.072770300685
2019-06-04,GETINGE_5_min,short,128.7,130.0769703718048,130.0769703718048,stop,0.5,244.53011814747686,-336.71072770300685,37.96725788331812,-374.67798558632495,33296.39478471436
2019-06-04,HUSQVARNA_5_min,short,79.12,80.02003175405045,80.02003175405045,stop,0.5,369.94688948328087,-332.9639478471436,35.3240158438089,-368.2879636909525,32928.10682102341
2019-06-04,KINNEVIK_5_min,short,116.59866758,117.89218401478196,117.89218401478196,stop,0.5,254.5627247988836,-329.2810682102341,35.815578073427,-365.0966462836611,32563.010174739746
2019-06-04,NORDEA_5_min,long,68.51,67.91966780442998,67.91966780442998,stop,0.5,551.6048492543548,-325.6301017473975,45.153159805850585,-370.78326155324805,32192.226913186496
2019-06-04,SANDVIK_min,short,145.6,147.56604938271605,147.56604938271605,stop,0.5,163.74068320050893,-321.922269131865,28.801925530272037,-350.72419466213705,31841.50271852436
2019-06-05,ASSA_5_min,short,186.75,188.49223042582415,188.49223042582415,stop,0.5,182.7628667629428,-318.4150271852436,41.14820745788662,-359.5632346431302,31481.93948388123
2019-06-05,BOLIDEN_5_min,short,201.642133,204.67715975358908,201.504992,eod,0.5,103.72870501603379,14.225458334605335,25.09075752431226,-10.865299189706924,31471.074184691523
2019-06-05,NORDEA_5_min,short,68.75,69.30931743608913,68.6,eod,0.5,562.6692849903644,84.40039274855786,46.36957577605593,38.03081697250193,31509.105001664026
2019-06-05,SEB_5_MIN,short,85.54,86.26272652965905,85.96,eod,0.5,435.97548600476824,-183.1097041219972,44.86187750989065,-227.97158163188783,31281.133420032136
2019-06-05,SWEDBANK_5_MIN,short,137.75,139.11260926347367,137.9,eod,0.5,229.5678905065402,-34.435183575982336,37.968233410876685,-72.40341698685901,31208.73000304528
2019-06-05,VOLVO_5_MIN,short,134.5,136.15928624319037,135.35,eod,0.5,188.08526938088275,-159.87247897374928,30.452885965458723,-190.32536493920801,31018.404638106073
2019-06-07,ALFA_LAVAL_5_MIN,long,198.0,195.8,199.25,eod,0.5,140.99274835502834,176.24093544378542,33.60562157042101,142.6353138733644,31161.039951979437
2019-06-07,ATLAS_5_min,long,59.92500014,59.11539606977815,60.55000014,eod,0.5,384.892333155397,240.55770822212313,27.82194236679978,212.73576585532334,31373.77571783476
2019-06-07,ESSITY_5_min,long,285.2,282.76343137746153,289.3,eod,0.5,128.76212649060966,527.9247186115025,44.384305001313145,483.5404136101894,31857.31613144495
2019-06-07,GETINGE_5_min,long,135.85,134.28960426309698,137.85,eod,0.5,204.16177369641807,408.32354739283613,33.52744647642577,374.79610091641035,32232.11223236136
2019-06-07,HANDELSBANKEN_5_min,short,94.2,95.06428571428572,94.3,eod,0.5,372.93352996120603,-37.293352996118486,42.1787822386124,-79.47213523473089,32152.64009712663
2019-06-07,HEXAGON_5_min,long,65.471363,64.71064942857143,66.985647,eod,0.5,422.6642103511601,640.0336511073975,33.59090252227543,606.4427485851221,32759.082845711753
2019-06-07,HM_5_min,long,148.32,146.36331052875695,149.14,eod,0.5,167.42095936613126,137.2851866802265,29.880623143829638,107.40456353639686,32866.48740924815
2019-06-07,HUSQVARNA_5_min,long,82.44,81.55714285714285,83.02,eod,0.5,372.274129230964,215.91899495395847,36.95788645353318,178.9611085004253,33045.44851774857
2019-06-07,INVESTOR_5_MIN,long,106.475,105.4615481786134,106.375,eod,0.5,326.0682730091311,-32.606827300911256,41.642179145996124,-74.24900644690737,32971.19951130166
2019-06-07,KINNEVIK_5_min,long,121.12818971,119.82969188892858,121.66393908,eod,0.5,253.9180195473592,136.0364190041466,36.989577902426504,99.0468411017201,33070.24635240338
2019-06-07,NORDEA_5_min,long,69.07,68.49617933703028,68.49617933703028,stop,0.5,576.3167568984721,-330.7024635240338,47.569016600658536,-378.27148012469235,32691.97487227869
2019-06-07,SANDVIK_min,long,153.5,151.48125,154.5,eod,0.5,161.94167119394925,161.94167119394925,29.92682083664182,132.01485035730744,32823.989722636
2019-06-07,SEB_5_MIN,long,86.56,85.83500000000001,87.08,eod,0.5,452.7446858294656,235.4272366313203,47.16875234845703,188.25848428286326,33012.24820691886
2019-06-07,SKF_5_min,long,153.225,151.22589285714287,156.3,eod,0.5,165.13496199977405,507.790008149308,30.668039467788034,477.12196868151995,33489.37017560038
2019-06-07,VOLVO_5_MIN,long,136.6,135.00240188383046,138.1,eod,0.5,209.6232452745739,314.4348679118608,34.55010328615526,279.88476462570554,33769.254940226085
2019-06-07,ERICSSON_5_MIN,long,92.6,91.43803088803088,93.7,eod,0.5,290.62093469076393,319.6830281598428,32.48560807973359,287.1974200801092,34056.4523603062
2019-06-10,HUSQVARNA_5_min,long,84.38,83.48952901255514,84.54,eod,0.5,382.454373477442,61.19269975639485,38.7625156606857,22.43018409570915,34078.88254440191
2019-06-10,ATLAS_5_min,long,61.40000009,60.58349172426734,60.92500014,eod,0.5,417.37334208232727,-198.25231662043723,30.633116499729926,-228.88543312016716,33849.997111281744
2019-06-10,SANDVIK_min,long,156.8,154.75119770041522,156.45,eod,0.5,165.21846504243837,-57.82646276485718,31.052810504726285,-88.87927326958346,33761.117838012164
2019-06-10,GETINGE_5_min,short,137.8,139.44729175268375,137.75,eod,0.5,204.94923126403734,10.247461563204197,33.88425640488329,-23.63679484167909,33737.48104317048
2019-06-11,BOLIDEN_5_min,long,211.241962,208.46234030412808,211.561957,eod,0.5,121.37436217768317,38.83918902504843,30.79053359690989,8.048655428138538,33745.52969859862
2019-06-11,ERICSSON_5_MIN,long,91.4,90.16588847885915,92.32,eod,0.5,273.4398724955014,251.56468269585787,30.141824024924105,221.42285867093375,33966.95255726956
2019-06-11,GETINGE_5_min,long,138.4,136.75148744964363,138.0,eod,0.5,206.04606589089448,-82.41842635635896,34.170679567345935,-116.58910592370489,33850.36345134585
2019-06-11,SKF_5_min,long,158.85,156.88358352080988,160.4,eod,0.5,172.1423910426513,266.82070611611147,32.973875004219856,233.84683111189162,34084.210282457745
2019-06-12,INVESTOR_5_MIN,short,108.7,109.74148522167489,109.74148522167489,stop,0.5,327.2654241569016,-340.84210282457747,42.89300718872099,-383.7351100132985,33700.47517244444
2019-06-12,SEB_5_MIN,short,87.36,88.08307481125601,86.74,eod,0.5,466.0717625318086,288.96449276972345,48.68585631407272,240.2786364556507,33940.753808900095
2019-06-12,SWEDBANK_5_MIN,short,143.2,144.68772734067468,141.35,eod,0.5,228.1382675504755,422.05579496837834,38.950046418892676,383.10574854948567,34323.85955744958
2019-06-12,ABB_5_min,long,183.65,182.15234818995717,182.15234818995717,stop,0.5,229.18450955878566,-343.2385955744958,50.30173905922049,-393.54033463371627,33930.31922281586
2019-06-13,KINNEVIK_5_min,short,119.52093995,120.7011553217857,120.7011553217857,stop,0.5,287.4926054511399,-339.3031922281586,41.437245633970576,-380.74043786212917,33549.57878495373
2019-06-14,GETINGE_5_min,long,145.05,143.2480588452998,143.2480588452998,stop,0.5,186.1857624897594,-335.4957878495373,32.206196346257805,-367.7019841957951,33181.876800757935
2019-06-14,HUSQVARNA_5_min,short,86.2,87.06767518030834,86.94,eod,0.5,382.4227954632325,-282.9928686427901,39.72760968390244,-322.7204783266925,32859.15632243124
2019-06-14,KINNEVIK_5_min,short,117.32923505,118.60421321780186,118.01109924,eod,0.5,257.7232861883618,-175.7322797809652,36.39161059553184,-212.12389037649703,32647.032432054744
2019-06-14,ABB_5_min,short,180.6,182.01489626556017,178.7,eod,0.5,230.73799278938242,438.4021862998279,49.742496485535064,388.65968981429285,33035.69212186904
2019-06-17,ABB_5_min,short,178.6,180.14426694356806,178.85,eod,0.5,213.92475089533013,-53.481187723832534,45.88044132452145,-99.36162904835399,32936.330492820685
2019-06-17,HANDELSBANKEN_5_min,long,94.5,93.725,95.2,eod,0.5,424.9849095847799,297.48943670934716,48.37178240893965,249.1176543004075,33185.44814712109
2019-06-17,HM_5_min,short,152.32,154.2154554973822,154.2154554973822,stop,0.5,175.07901500696272,-331.8544814712109,32.2007553679154,-364.0552368391263,32821.39291028196
2019-06-18,GETINGE_5_min,short,145.85,147.69758090179184,147.69758090179184,stop,0.5,177.64522721820038,-328.21392910281963,31.28839602519112,-359.50232512801074,32461.89058515395
2019-06-18,HUSQVARNA_5_min,short,84.1,84.9957269954245,84.9957269954245,stop,0.5,362.4083091273735,-324.6189058515395,36.76901790064545,-361.387923752185,32100.502661401766
2019-06-18,SWEDBANK_5_MIN,short,138.35,139.80482174916645,139.3,eod,0.5,220.64904294834633,-209.61659080093278,36.757924064765014,-246.3745148656978,31854.12814653607
2019-06-18,HEXAGON_5_min,long,68.814217,68.09847106533329,70.485644,eod,0.5,445.04797867093583,743.8652078460237,37.197072940315394,706.6681349057084,32560.796281441777
2019-06-19,HEXAGON_5_min,long,70.642787,69.8672775,70.942786,eod,0.5,419.8632806102549,125.95856431979573,35.66794990011763,90.29061441967809,32651.086895861456
2019-06-19,SANDVIK_min,long,166.4,164.41964285714286,166.15,eod,0.5,164.87473996106763,-41.21868499026691,32.897456864431824,-74.11614185469872,32576.970754006757
2019-06-19,VOLVO_5_MIN,long,146.05,144.4958965264188,145.6,eod,0.5,209.61905888375324,-94.32857649769254,36.68123911406798,-131.00981561176053,32445.960938394997
2019-06-20,ABB_5_min,long,185.55,183.91342539039908,186.15,eod,0.5,198.2553117227379,118.95318703364161,44.21489962040501,74.7382874132366,32520.699225808235
2019-06-20,ALFA_LAVAL_5_MIN,long,206.7,204.7910100311311,209.0,eod,0.5,170.35552703861114,391.81771218880755,42.49007555397038,349.3276366348372,32870.026862443076
2019-06-20,ASSA_5_min,long,207.4,205.3845847416707,206.3,eod,0.5,163.0930733832532,-179.4023807215776,40.48296267519111,-219.88534339676872,32650.14151904631
2019-06-20,ATLAS_5_min,long,65.22499998,64.47917841987152,66.34999998,eod,0.5,437.7741709883169,492.49594236185646,34.5600819181661,457.9358604436904,33108.07737949
2019-06-20,BOLIDEN_5_min,long,216.590439,213.80367088023448,215.95045,eod,0.5,118.80456484580304,-76.03361465110233,30.832699257397074,-106.8663139084994,33001.211065581505
2019-06-20,ERICSSON_5_MIN,long,94.12,92.98142857142858,93.8,eod,0.5,289.8475250427495,-92.75120801368199,32.680888143620095,-125.43209615730208,32875.7789694242
2019-06-20,HEXAGON_5_min,long,71.857071,71.05573273804019,72.914213,eod,0.5,410.26094135353924,433.7040720643627,35.63640195288034,398.06767011148236,33273.84663953568
2019-06-20,INVESTOR_5_MIN,long,114.3,113.25957646470017,114.25,eod,0.5,319.8105916543596,-15.990529582717071,43.855626433562335,-59.84615601627941,33214.000483519405
2019-06-20,SANDVIK_min,long,169.2,167.32869818734946,170.15,eod,0.5,177.49141404653903,168.6168433442151,36.13902681401581,132.4778165301993,33346.4783000496
2019-06-20,SEB_5_MIN,short,88.44,89.16028835919104,87.98,eod,0.5,462.96011693845776,212.96165379168767,49.005254298169625,163.95639949351803,33510.43469954312
2019-06-20,SKF_5_min,long,168.0,165.95198329853864,170.4,eod,0.5,163.62383507728094,392.6972041854752,33.22218347409112,359.47502071138405,33869.9097202545
2019-06-20,SWEDBANK_5_MIN,long,142.45,140.90621923347396,140.90621923347396,stop,0.5,219.39585240767082,-338.69909720254503,37.30030755224571,-375.99940475479076,33493.910315499714
2019-06-20,GETINGE_5_min,long,151.45,149.4951816502463,150.2,eod,0.5,171.34026964561784,-214.1753370570223,31.010875403160366,-245.18621246018265,33248.72410303953
2019-06-24,ALFA_LAVAL_5_MIN,long,209.2,207.18364463601532,207.18364463601532,stop,0.5,164.89516033192785,-332.4872410303953,41.195788705108924,-373.6830297355042,32875.041073304026
2019-06-24,BOLIDEN_5_min,long,217.733276,214.84353135714287,214.84353135714287,stop,0.5,113.76451948640033,-328.75041073304027,29.52713557796791,-358.27754631100817,32516.763526993018
2019-06-24,ERICSSON_5_MIN,long,93.64,92.50785714285715,92.50785714285715,stop,0.5,287.2143150649237,-325.1676352699302,32.07859757405338,-357.2462328439836,32159.517294149035
2019-06-24,HEXAGON_5_min,long,73.285641,72.45145810714286,72.45145810714286,stop,0.5,385.52117970197304,-321.5951729414904,33.71084302447744,-355.30601596596784,31804.211278183066
2019-06-24,HUSQVARNA_5_min,long,87.28,86.3979788700046,86.3979788700046,stop,0.5,360.58332614263605,-318.04211278183067,37.57522997920603,-355.6173427610367,31448.593935422028
2019-06-24,INVESTOR_5_MIN,long,114.0,112.94507302701686,112.94507302701686,stop,0.5,298.11157303610497,-314.4859393542203,40.59297162772663,-355.07891098194693,31093.515024440083
2019-06-24,KINNEVIK_5_min,long,119.618349,118.30332642107142,118.30332642107142,stop,0.5,236.4485258479267,-310.93515024440086,33.75373765234874,-344.6888878967496,30748.82613654333
2019-06-24,NORDEA_5_min,long,67.99,67.32477008895711,67.32477008895711,stop,0.5,462.2285562646782,-307.48826136543335,37.5278104917033,-345.01607185713664,30403.810064686197
2019-06-24,SKF_5_min,long,170.8,168.5549853372434,170.05,eod,0.5,135.42811354004274,-101.57108515503205,27.696403500074144,-129.2674886551062,30274.54257603109
2019-06-24,SWEDBANK_5_MIN,long,140.85,139.33392857142857,139.33392857142857,stop,0.5,199.69074019525894,-302.7454257603109,33.570081652346474,-336.3155074126574,29938.22706861843
2019-06-24,VOLVO_5_MIN,long,149.55,147.94374342168214,147.94374342168214,stop,0.5,186.38508612348133,-299.3822706861843,33.26903819330825,-332.65130887949255,29605.57575973894
2019-06-24,SANDVIK_min,short,170.1,172.0609402460457,167.9,eod,0.5,150.97642990111206,332.14814578244483,30.618019983945523,301.5301257984993,29907.105885537436
2019-06-24,ASSA_5_min,long,208.1,205.97755495830748,206.3,eod,0.5,140.90874108894909,-253.63573396010594,35.035549384356294,-288.6712833444622,29618.434602192974
2019-06-24,HM_5_min,long,149.0,146.8980572469074,146.8980572469074,stop,0.5,140.90980621910467,-296.18434602192974,25.016962744362754,-321.20130876629247,29297.23329342668
2019-06-24,GETINGE_5_min,long,150.55,148.61056765292554,148.61056765292554,stop,0.5,151.06086756581098,-292.97233293426683,27.11487293467885,-320.08720586894566,28977.146087557736
2019-06-24,ATLAS_5_min,short,66.09999998,66.90709700611323,65.57499993,eod,0.5,359.02927591127803,188.49038780488573,28.365107923982944,160.12527988090278,29137.27136743864
2019-06-24,SEB_5_MIN,short,87.86,88.57473808982562,87.4,eod,0.5,407.66361527685814,187.5252630273522,42.8682751280533,144.65698789929888,29281.92835533794
2019-06-24,ABB_5_min,long,187.5,185.82902370138544,185.82902370138544,stop,0.5,175.2384422185769,-292.8192835533794,39.25295792904777,-332.0722414824272,28949.856113855512
2019-06-24,ESSITY_5_min,short,293.0,295.9668445679193,291.8,eod,0.5,97.57793322539554,117.09351987047354,34.23814521012678,82.85537466034677,29032.71148851586
2019-06-25,NORDEA_5_min,short,67.0,67.62093805196739,66.15,eod,0.5,467.56212470033614,397.42780599528305,37.35353814230985,360.0742678529732,29392.78575636883
2019-06-26,ALFA_LAVAL_5_MIN,long,202.3,200.29980826323603,200.29980826323603,stop,0.5,146.94984093835967,-293.9278575636883,35.497186671657985,-329.42504423534626,29063.360712133483
2019-06-27,HEXAGON_5_min,long,72.999927,72.2744175,73.25707,eod,0.5,400.5924210797162,103.00953693370116,35.15366671684727,67.85587021685389,29131.21658235034
2019-06-27,HM_5_min,long,156.76,155.09373295734542,165.54,eod,0.5,174.82921906647536,1535.0005434036539,33.808474383075,1501.1920690205789,30632.40865137092
2019-06-27,NORDEA_5_min,long,68.15,67.45643235238516,67.45643235238516,stop,0.5,441.66432440605985,-306.3240865137092,35.93551399801935,-342.25960051172854,30290.14905085919
2019-06-27,ERICSSON_5_MIN,short,88.92,89.93525757965057,89.93525757965057,stop,0.5,298.3494007627556,-302.9014905085919,32.01681535329422,-334.9183058618861,29955.2307449973
2019-06-27,GETINGE_5_min,short,141.2,143.0082524027575,141.9,eod,0.5,165.65845951216042,-115.96092165851512,28.138745932735567,-144.0996675912507,29811.13107740605
2019-06-28,ATLAS_5_min,long,66.05000015,65.30432060804432,66.42500015,eod,0.5,399.78475202928195,149.91928201098074,31.776891087008728,118.14239092397202,29929.273468330022
2019-06-28,GETINGE_5_min,long,145.7,143.9320740813519,143.9320740813519,stop,0.5,169.29031444494464,-299.29273468330024,29.419142936744134,-328.7118776200444,29600.56159070998
2019-06-28,HM_5_min,short,164.34,166.64780514188405,166.64780514188405,stop,0.5,128.26282883894035,-296.0056159070998,25.472059319214008,-321.4776752263138,29279.083915483665
2019-06-28,SEB_5_MIN,short,86.33,87.0494642031188,85.8,eod,0.5,406.95678518210946,215.68709614651848,42.029682860037894,173.6574132864806,29452.741328770146
2019-06-28,NORDEA_5_min,long,67.8,67.10315514002912,67.10315514002912,stop,0.5,422.658514407366,-294.52741328770145,34.21078028421067,-328.7381935719121,29124.003135198232
2019-07-01,ALFA_LAVAL_5_MIN,long,205.3,203.27302535348613,205.0,eod,0.5,143.68212836449422,-43.1046385093499,35.37166636077118,-78.47630487012108,29045.526830328112
2019-07-01,ASSA_5_min,long,211.4,209.65178571428572,211.6,eod,0.5,166.14397369748482,33.22879473949508,42.16734052442164,-8.93854578492656,29036.588284543184
2019-07-01,ATLAS_5_min,long,68.25000004,67.51964619010268,67.67500015,eod,0.5,397.5687714746099,-228.60199986533615,32.42372120293465,-261.0257210682708,28775.562563474912
2019-07-01,ERICSSON_5_MIN,short,86.76,87.68885747202108,87.68885747202108,stop,0.5,309.7952423299438,-287.75562563474915,32.426055644835955,-320.1816812795851,28455.380882195328
2019-07-01,ESSITY_5_min,long,286.4,283.96785714285716,287.7,eod,0.5,116.99716074911613,152.0963089738523,40.30084199164054,111.79546698221176,28567.17634917754
2019-07-01,HEXAGON_5_min,long,74.714211,74.0282061486727,74.0282061486727,stop,0.5,416.42819717534866,-285.6717634917754,37.16432197003526,-322.8360854618106,28244.340263715727
2019-07-01,HM_5_min,short,166.7,169.11679279994536,165.34,eod,0.5,116.86703247524643,158.93916416633343,23.282717677848492,135.65644648848493,28379.99671020421
2019-07-01,INVESTOR_5_MIN,long,113.225,112.38817709484854,112.38817709484854,stop,0.5,339.13981722414644,-283.7999671020421,45.908646985983545,-329.7086140880256,28050.288096116183
2019-07-01,NORDEA_5_min,long,68.37,67.66922647853687,68.43,eod,0.5,400.27608402712525,24.016565041628425,32.85466097694644,-8.838095935318016,28041.450000180866
2019-07-01,SANDVIK_min,long,173.95,172.26826660437033,173.0,eod,0.5,166.7413519470592,-158.40428434970434,34.71054723481931,-193.11483158452364,27848.335168596343
2019-07-01,SEB_5_MIN,long,86.76,86.07079306480323,87.3,eod,0.5,404.0634785638833,218.19427842449375,42.19877344729771,175.99550497719605,28024.33067357354
2019-07-01,SKF_5_min,long,174.1,172.2535714285714,172.2535714285714,stop,0.5,151.77587211993261,-280.2433067357354,31.540869219254876,-311.7841759549903,27712.546497618547
2019-07-01,VOLVO_5_MIN,long,150.15,148.79998749583194,150.5,eod,0.5,205.27622086505212,71.84667730276708,37.02977748184675,34.81689982092033,27747.36339743947
2019-07-01,BOLIDEN_5_min,long,222.578904,220.13726772016142,220.13726772016142,stop,0.5,113.64249305500134,-277.4736339743947,30.186821682027126,-307.66045565642185,27439.702941783045
2019-07-02,GETINGE_5_min,long,147.1,145.266610787172,147.7,eod,0.5,149.66654516013767,89.79992709608176,26.473018507925143,63.32690858815661,27503.029850371204
2019-07-02,HUSQVARNA_5_min,long,86.2,85.39428571428572,86.5,eod,0.5,341.34966126347155,102.40489837904049,35.37065190012092,67.03424647891957,27570.064096850125
2019-07-02,NORDEA_5_min,short,68.64,69.34214285714285,69.34214285714285,stop,0.5,392.65605020946896,-275.70064096850126,32.50771392823464,-308.2083548967359,27261.85574195339
2019-07-02,SEB_5_MIN,short,87.08,87.79999999999998,87.79999999999998,stop,0.5,378.63688530491623,-272.6185574195339,39.729611101274244,-312.34816852080814,26949.50757343258
2019-07-02,SKF_5_min,short,170.2,172.15127850435945,171.15,eod,0.5,138.11205070533558,-131.20644817007116,28.28672910495978,-159.49317727503094,26790.01439615755
2019-07-02,ALFA_LAVAL_5_MIN,long,205.6,203.51820659770758,203.51820659770758,stop,0.5,128.68719041311715,-267.90014396157557,31.588963532347314,-299.48910749392286,26490.525288663626
2019-07-02,ATLAS_5_min,long,67.84999998,67.09565373488684,67.47499998,eod,0.5,351.1719646021365,-131.68948672580117,28.513407657442343,-160.20289438324352,26330.32239428038
2019-07-02,ESSITY_5_min,long,289.7,287.3438115870265,293.2,eod,0.5,111.74964722388937,391.1237652836128,39.08332162008306,352.04044366352974,26682.36283794391
2019-07-03,ABB_5_min,long,188.25,186.9094653768787,186.9094653768787,stop,0.5,199.0426981722912,-266.8236283794391,44.80365134009291,-311.62727971953205,26370.73555822438
2019-07-03,ASSA_5_min,long,212.0,210.23226089302577,213.3,eod,0.5,149.17775736354045,193.93108457260428,38.06718012402825,155.86390444857602,26526.599462672955
2019-07-03,SWEDBANK_5_MIN,short,143.0,144.41617669041804,142.7,eod,0.5,187.3113689990376,56.19341069971341,32.108914873815024,24.084495825898387,26550.683958498852
2019-07-03,ALFA_LAVAL_5_MIN,short,202.5,204.53248152709358,204.53248152709358,stop,0.5,130.63185866425047,-265.50683958498854,31.902845759163853,-297.4096853441524,26253.2742731547
2019-07-03,SANDVIK_min,short,170.65,172.34058235257294,172.34058235257294,stop,0.5,155.29130676893263,-262.532742731547,31.958073445780954,-294.49081617732793,25958.783456977373
2019-07-03,ATLAS_5_min,long,67.47499998,66.77358736793789,66.84999998,eod,0.5,370.09290980183533,-231.30806862614708,29.82763805659669,-261.1357066827438,25697.64775029463
2019-07-03,NORDEA_5_min,long,69.49,68.805936368499,69.39,eod,0.5,375.66165729214663,-37.56616572921253,31.30313457883999,-68.86930030805252,25628.778449986577
2019-07-03,KINNEVIK_5_min,short,117.62146221,118.67859720697226,117.91369019,eod,0.5,242.43619332810047,-70.84663905515852,34.261347445686,-105.10798650084452,25523.670463485734
2019-07-05,ABB_5_min,short,184.45,185.76447412861387,181.75,eod,0.5,194.17400394483656,524.2698106510564,42.663912146759486,481.605898504297,26005.276361990032
2019-07-05,ALFA_LAVAL_5_MIN,short,203.9,205.95535714285717,205.1,eod,0.5,126.52436805138387,-151.8292416616592,31.0490799198096,-182.8783215814688,25822.398040408563
2019-07-05,ASSA_5_min,short,212.0,213.5660714285714,212.0,eod,0.5,164.8864641120754,0.0,41.94711647011198,-41.94711647011198,25780.45092393845
2019-07-05,ATLAS_5_min,short,64.34999998,65.00714283785715,64.59999998,eod,0.5,392.31120928568424,-98.07780232142106,30.353118253017925,-128.43092057443897,25652.02000336401
2019-07-05,BOLIDEN_5_min,short,212.65908,215.14883178571426,209.687704,eod,0.5,103.03043118816278,306.14215050215756,26.108742759872303,280.03340774228525,25932.053411106295
2019-07-05,HEXAGON_5_min,short,62.571366,63.24126328571429,63.24126328571429,stop,0.5,387.1049183824607,-259.32053411106295,29.221612554677527,-288.54214666574046,25643.511264440556
2019-07-05,INVESTOR_5_MIN,short,114.225,114.99179645983118,114.0,eod,0.5,334.4239652604313,75.24539218359514,45.794345682937156,29.451046500657988,25672.962310941213
2019-07-05,SANDVIK_min,short,166.3,167.93018232518233,164.0,eod,0.5,157.48522060604463,362.2160073939045,31.210421019705922,331.0055863741986,26003.96789731541
2019-07-05,SKF_5_min,short,162.85,164.76787631463628,161.0,eod,0.5,135.5873040344986,250.83651246382163,26.34596904694342,224.4905434168782,26228.45844073229
2019-07-05,SWEDBANK_5_MIN,short,144.0,145.2910639984149,145.2910639984149,stop,0.5,203.1538209797054,-262.28458440732294,35.26235101593748,-297.54693542326044,25930.91150530903
2019-07-05,VOLVO_5_MIN,short,147.7,149.04237073335582,147.15,eod,0.5,193.17250339988803,106.24487686993513,34.17414757647419,72.07072929346094,26002.982234602492
2019-07-05,NORDEA_5_min,long,71.32,70.63148558489345,71.98,eod,0.5,377.66794222571,249.2608418689727,32.47188967256655,216.78895219640617,26219.7711867989
2019-07-05,SEB_5_MIN,long,90.2,89.4965641651865,90.4,eod,0.5,372.7386335635049,74.54772671270204,40.38995833294139,34.157768379760654,26253.92895517866
2019-07-08,ATLAS_5_min,long,65.27500009,64.53039455253551,64.53039455253551,stop,0.5,352.5884194277907,-262.5392895517866,27.460727358127322,-290.00001690991394,25963.928938268746
2019-07-08,HEXAGON_5_min,long,64.357079,63.32754131880897,65.557077,eod,0.5,252.1901763540324,302.62770724448814,19.657844347515166,282.969862896973,26246.89880116572
2019-07-08,HUSQVARNA_5_min,long,86.2,85.37118135058901,86.52,eod,0.5,316.67842922958323,101.33709735346447,32.81801897792017,68.5190783755443,26315.417879541266
2019-07-09,ATLAS_5_min,short,63.77500009,64.51758571130028,64.12500004,eod,0.5,354.3755376445657,-124.03142045682267,27.194778786485266,-151.22619924330795,26164.191680297958
2019-07-09,BOLIDEN_5_min,short,206.762042,209.374140640026,202.053554,eod,0.5,100.16540447353657,471.6276049787949,24.569507717057945,447.058097261737,26611.249777559693
2019-07-09,SANDVIK_min,short,162.15,163.9857142857143,161.45,eod,0.5,144.96400657036384,101.47480459925715,28.14621151570184,73.32859308355532,26684.57837064325
2019-07-09,SKF_5_min,short,157.65,159.75960216998192,158.3,eod,0.5,126.49104532762234,-82.21917946295524,23.97890746275737,-106.1980869257126,26578.380283717535
2019-07-09,NORDEA_5_min,short,70.44,71.136769059431,70.36,eod,0.5,381.4517869869527,30.516142958955566,32.22504696465776,-1.7089040057021911,26576.671379711832
2019-07-09,SWEDBANK_5_MIN,short,145.1,146.55213893249606,145.4,eod,0.5,183.01741510386623,-54.90522453116195,31.89993545260388,-86.80515998376583,26489.866219728065
2019-07-10,ABB_5_min,long,177.4,176.02115555107798,177.0,eod,0.5,192.11642212751232,-76.84656885100603,40.851636001194215,-117.69820485220023,26372.168014875864
2019-07-11,HANDELSBANKEN_5_min,short,99.2,99.90714285714286,98.7,eod,0.5,372.9397497053161,186.46987485265805,44.28286588000923,142.1870089726488,26514.35502384851
2019-07-11,GETINGE_5_min,long,152.0,150.0500355366027,150.0500355366027,stop,0.5,135.97352937219333,-265.1435502384851,24.642485627344968,-289.78603586583006,26224.568987982682
2019-07-12,SEB_5_MIN,long,92.9,92.13106225326919,92.13106225326919,stop,0.5,341.04931250257994,-262.24568987982684,37.862829943859715,-300.10851982368655,25924.460468158995
2019-07-12,SWEDBANK_5_MIN,long,148.25,146.9151408025139,148.85,eod,0.5,194.21119858170465,116.52671914902169,34.62008825917467,81.90663088984701,26006.367099048843
2019-07-12,VOLVO_5_MIN,long,145.1,143.85499778095567,146.4,eod,0.5,208.88611041200875,271.55194353561376,36.53418071106033,235.01776282455342,26241.384861873397
2019-07-15,HANDELSBANKEN_5_min,long,100.0,99.28928571428571,100.6,eod,0.5,369.22551564444814,221.5353093866668,44.43998306296578,177.09532632370102,26418.4801881971
2019-07-15,INVESTOR_5_MIN,long,114.325,113.61974837662338,113.61974837662338,stop,0.5,374.59651722189426,-264.184801881971,51.23238531654249,-315.4171871985135,26103.063000998587
2019-07-15,BOLIDEN_5_min,long,204.430655,201.99804807133418,203.607812,eod,0.5,107.30489456969111,-88.295081362409,26.27071480908803,-114.56579617149703,25988.49720482709
2019-07-15,SWEDBANK_5_MIN,short,148.95,150.2470405095906,148.25,eod,0.5,200.3676601668371,140.2573621167837,35.72956116095039,104.5278009558333,26093.025005782925
2019-07-16,HUSQVARNA_5_min,short,81.52,82.34359972057283,82.34359972057283,stop,0.5,316.8168268395565,-260.93025005782926,31.14884741878747,-292.0790974766167,25800.94590830631
2019-07-16,ERICSSON_5_MIN,long,90.26,89.52402152207677,90.3,eod,0.5,350.5665815270927,14.022663261080918,37.97898117631911,-23.95631791523819,25776.98959039107
2019-07-16,ESSITY_5_min,long,289.3,287.26433888998815,289.4,eod,0.5,126.62711619146131,12.662711619141813,43.96746728399919,-31.304755664857378,25745.684834726213
2019-07-17,ASSA_5_min,long,216.8,215.1734995383195,218.5,eod,0.5,158.28882586436933,269.0910039694261,41.34187553925598,227.74912843017012,25973.43396315638
2019-07-17,HANDELSBANKEN_5_min,short,97.0,97.68716047570108,97.68716047570108,stop,0.5,377.9820708788136,-259.73433963156384,44.15295365407284,-303.8872932856367,25669.546669870746
2019-07-17,HUSQVARNA_5_min,short,80.14,81.1323045721402,80.44,eod,0.5,258.6861674385593,-77.60585023156706,24.92389486037031,-102.52974509193737,25567.016924778807
2019-07-17,SWEDBANK_5_MIN,short,137.55,138.95382625272333,135.45,eod,0.5,182.12379826335822,382.4599763530564,29.831878155538075,352.62809819751834,25919.645022976325
2019-07-17,GETINGE_5_min,short,136.55,138.78800129870132,138.78800129870132,stop,0.5,115.81604102739924,-259.19645022976323,19.1331343528875,-278.32958458265074,25641.315438393674
2019-07-18,ABB_5_min,short,175.35,176.77775719578227,174.6,eod,0.5,179.59156860942755,134.69367645707067,37.7088416609215,96.98483479614916,25738.300273189823
2019-07-18,ALFA_LAVAL_5_MIN,short,181.2,183.73571428571427,176.5,eod,0.5,101.5031560069461,477.0648332326455,21.78460734221077,455.28022589043474,26193.580499080257
2019-07-18,ASSA_5_min,short,216.4,218.49642857142857,218.49642857142857,stop,0.5,124.94382520856064,-261.9358049908026,32.60257401315351,-294.5383790039561,25899.0421200763
2019-07-18,HANDELSBANKEN_5_min,short,94.7,95.54910337552742,95.54910337552742,stop,0.5,305.0163603929748,-258.990421200763,34.81745344777811,-293.80787464854114,25605.23424542776
2019-07-18,NORDEA_5_min,short,66.4,67.0365319901404,64.98,eod,0.5,402.261546034475,571.2113953689551,31.709473150805593,539.5019222181495,26144.73616764591
2019-07-18,SANDVIK_min,short,148.55,150.74301186069988,148.55,eod,0.5,119.21839838705746,0.0,21.251871696476865,-21.251871696476865,26123.484295949434
2019-07-18,SKF_5_min,short,163.0,165.10471152582465,158.5,eod,0.5,124.11907273474874,558.5358273063694,23.942569130533034,534.5932581758364,26658.07755412527
2019-07-18,SWEDBANK_5_MIN,short,132.2,133.8720247046187,133.8720247046187,stop,0.5,159.4359071399274,-266.5807755412527,25.452860774002826,-292.03363631525554,26366.043917810013
2019-07-18,VOLVO_5_MIN,long,144.3,142.99464285714285,142.99464285714285,stop,0.5,201.98337337856904,-263.66043917810015,34.817244670726154,-298.4776838488263,26067.566233961188
2019-07-18,ERICSSON_5_MIN,short,81.0,82.02585602020768,81.5,eod,0.5,254.1055052607074,-127.0527526303537,24.77528676291897,-151.82803939327266,25915.738194567915
2019-07-19,BOLIDEN_5_min,short,190.350905,192.70245885350735,192.70245885350735,stop,0.5,110.20686664655635,-259.15738194567916,25.329066593230984,-284.48644853891017,25631.251746029004
2019-07-19,INVESTOR_5_MIN,long,114.5,113.76555570304204,115.1,eod,0.5,348.9883691954945,209.39302151729473,48.07663774037132,161.3163837769234,25792.568129805928
2019-07-19,ESSITY_5_min,short,274.7,277.3750025898684,277.3750025898684,stop,0.5,96.42072208638334,-257.92568129805926,31.938882237334234,-289.8645635353935,25502.703566270535
2019-07-22,ALFA_LAVAL_5_MIN,short,183.7,186.6517857142857,186.6517857142857,stop,0.5,86.3975438421751,-255.02703566270537,19.1984907859667,-274.2255264486721,25228.478039821865
2019-07-22,BOLIDEN_5_min,long,198.853611,196.24574865597256,205.413494,eod,0.5,96.74006796256124,634.6035272464487,23.465296327636725,611.138230918812,25839.616270740677
2019-07-22,INVESTOR_5_MIN,short,114.55,115.2602306871964,113.85,eod,0.5,363.8200480007594,254.67403360053262,49.857899378024065,204.81613422250857,26044.432404963187
2019-07-22,HANDELSBANKEN_5_min,short,95.9,96.75714285714285,94.5,eod,0.5,303.85171139124077,425.3923959477388,34.71201950933534,390.68037643840347,26435.11278140159
2019-07-22,NORDEA_5_min,short,63.86,64.63749206102463,63.49,eod,0.5,340.0049223211826,125.8018212588367,25.97977611456156,99.82204514427514,26534.934826545865
2019-07-22,VOLVO_5_MIN,short,148.575,150.11960924369748,147.85,eod,0.5,171.79059969255655,124.54818477710252,30.553817108319638,93.99436766878289,26628.92919421465
2019-07-23,KINNEVIK_5_min,long,117.86498525,117.16398923344317,119.76446216,eod,0.5,379.8727605473615,721.5595373976684,54.16137250498846,667.3981648926799,27296.327359107327
2019-07-23,HANDELSBANKEN_5_min,short,94.4,95.28214285714286,95.28214285714286,stop,0.5,309.43205103441665,-272.9632735910733,35.21624070533336,-308.17951429640664,26988.14784481092
2019-07-23,BOLIDEN_5_min,long,208.042019,205.20430437085042,206.990609,eod,0.5,95.10522153137994,-99.99458097030858,23.683062017214482,-123.67764298752306,26864.470201823395
2019-07-24,INVESTOR_5_MIN,short,115.425,116.1635193726224,115.225,eod,0.5,363.76121192908505,72.75224238581805,50.340914118866074,22.411328266951976,26886.881530090348
2019-07-24,NORDEA_5_min,short,63.89,64.69063907425179,63.13,eod,0.5,335.8177535266629,255.22149268026314,25.593342631774032,229.62815004848912,27116.509680138835
2019-07-24,ABB_5_min,short,182.05,183.54040111246036,181.7,eod,0.5,181.94101878637912,63.67935657523683,39.70862735012724,23.970729225109594,27140.480409363943
2019-07-25,ABB_5_min,long,186.0,184.44958322129605,184.44958322129605,stop,0.5,175.05280375030318,-271.4048040936394,38.90894291461149,-310.3137470082509,26830.166662355692
2019-07-25,HM_5_min,short,168.34,169.5584171740642,169.5584171740642,stop,0.5,220.20509258630963,-268.3016666235569,44.64417134314936,-312.9458379667063,26517.220824388987
2019-07-25,KINNEVIK_5_min,long,122.34580326,121.561312315,121.561312315,stop,0.5,338.01818865339396,-265.1722082438899,49.467024843801305,-314.6392330876912,26202.581591301296
2019-07-25,INVESTOR_5_MIN,long,116.1,115.36020490667158,115.36020490667158,stop,0.5,354.1870151289231,-262.02581591301293,49.188119458213755,-311.2139353712267,25891.36765593007
2019-07-26,HANDELSBANKEN_5_min,short,93.0,93.87049255792543,93.6,eod,0.5,297.4335325466161,-178.46011952796798,33.300658303919136,-211.7607778318871,25679.60687809818
2019-07-26,KINNEVIK_5_min,long,122.00487117,121.22852741064602,121.46912098,eod,0.5,330.7762388592788,-177.21343281634455,48.321246830058335,-225.53467964640288,25454.072198451777
2019-07-29,SEB_5_MIN,long,92.64,91.86807147486344,92.66,eod,0.5,329.74649037550193,6.594929807508727,36.6612147999483,-30.06628499243957,25424.005913459336
2019-07-29,ERICSSON_5_MIN,short,85.6,86.68676314391926,85.62,eod,0.5,233.9424745466703,-4.678849490935799,24.033378295128532,-28.712227786064332,25395.29368567327
2019-07-30,ABB_5_min,long,179.85,178.2589449723669,179.95,eod,0.5,159.61291875273474,15.961291875272567,34.45723690034037,-18.495945025067805,25376.797740648202
2019-07-30,SANDVIK_min,short,152.4,154.44196311552145,150.45,eod,0.5,124.27647467161975,242.33912560966064,22.58227821258002,219.7568473970806,25596.554588045285
2019-07-31,HM_5_min,long,167.86,166.5941348903718,168.84,eod,0.5,202.20602016247318,198.16189975922165,40.84966019322283,157.31223956599882,25753.866827611284
2019-07-31,ATLAS_5_min,short,65.67500015,66.47034594073969,66.27500009,eod,0.5,323.80716824640075,-194.2842815194115,25.635813556695776,-219.9200950761073,25533.946732535176
2019-08-01,HUSQVARNA_5_min,long,86.16,85.06535714285714,85.64,eod,0.5,233.262808649587,-121.2966604977843,24.044730315599427,-145.34139081338373,25388.60534172179
2019-08-01,INVESTOR_5_MIN,long,114.625,113.86607142857143,116.6,eod,0.5,334.5322115615116,660.7011178339835,46.41132637098631,614.2897914629972,26002.89513318479
2019-08-01,KINNEVIK_5_min,long,122.00487117,121.18471143853549,124.97584766,eod,0.5,317.04671828684945,941.9383462618822,46.982655831107145,894.955690430775,26897.850823615565
2019-08-01,ASSA_5_min,short,220.8,223.15644536295534,223.15644536295534,stop,0.5,114.14587092264142,-268.9785082361557,30.405477064604764,-299.38398530076046,26598.466838314805
2019-08-01,BOLIDEN_5_min,short,196.065089,198.64881706108181,197.619347,eod,0.5,102.94607717802141,-160.00476402255765,24.316960999345095,-184.32172502190275,26414.145113292903
2019-08-02,ALFA_LAVAL_5_MIN,short,176.6,179.5193468350345,179.5193468350345,stop,0.5,90.47964015889438,-264.14145113292903,19.332930213152654,-283.4743813460817,26130.670731946822
2019-08-02,ATLAS_5_min,short,64.65000009,65.42543978466541,63.62500004,eod,0.5,336.97876071745145,345.40324658432667,25.93557034490299,319.46767623942367,26450.138408186245
2019-08-02,BOLIDEN_5_min,short,189.619489,192.2815389056663,192.2815389056663,stop,0.5,99.36003961415467,-264.50138408186245,22.76742075683603,-287.2688048386985,26162.869603347546
2019-08-02,ESSITY_5_min,long,289.9,286.89510470106546,286.89510470106546,stop,0.5,87.06749154496154,-261.6286960334755,30.132061741041134,-291.7607577745166,25871.108845573028
2019-08-02,HANDELSBANKEN_5_min,short,91.4,92.26596225826576,92.26596225826576,stop,0.5,298.7556166406677,-258.7110884557303,32.922742686221866,-291.63383114195216,25579.475014431075
2019-08-02,HEXAGON_5_min,short,65.057078,65.90368348254276,65.90368348254276,stop,0.5,302.14161781239386,-255.79475014431074,23.7412178065671,-279.5359679508778,25299.939046480198
2019-08-02,KINNEVIK_5_min,short,122.73543947,123.73016938411862,119.4235309,eod,0.5,254.33978296407366,842.3501068906555,36.9543959800256,805.3957109106299,26105.33475739083
2019-08-02,SANDVIK_min,short,144.25,146.24912071774114,146.24912071774114,stop,0.5,130.5840839210951,-261.0533475739083,22.760736935285905,-283.81408450919423,25821.520672881634
2019-08-02,SEB_5_MIN,short,89.32,89.98843513152028,89.0,eod,0.5,386.298078231666,123.61538503413048,41.3308039861624,82.28458104796809,25903.8052539296
2019-08-02,SKF_5_min,short,152.5,154.68928571428572,154.68928571428572,stop,0.5,118.32080703263101,-259.038052539296,21.808130518495048,-280.84618305779105,25622.95907087181
2019-08-02,SWEDBANK_5_MIN,short,128.55,130.18903209712292,130.18903209712292,stop,0.5,156.32981877444223,-256.2295907087181,24.26917559857069,-280.4987663072888,25342.46030456452
2019-08-02,ASSA_5_min,short,218.8,221.21752242298194,216.8,eod,0.5,104.82823267180063,209.65646534360127,27.39790689110181,182.25855845249947,25524.71886301702
2019-08-02,VOLVO_5_MIN,short,139.55,141.17990816690443,139.45,eod,0.5,156.6021901190579,15.66021901190935,26.21520662593029,-10.55498761402094,25514.163875403
2019-08-05,HANDELSBANKEN_5_min,long,91.8,90.92857142857142,90.92857142857142,stop,0.5,292.78548709478537,-255.14163875402997,32.10016427510914,-287.2418030291391,25226.92207237386
2019-08-05,HEXAGON_5_min,short,63.457079,64.37417,62.85708,eod,0.5,275.07545131697606,165.04499571473346,20.847554576789562,144.19744113794388,25371.119513511807
2019-08-05,SEB_5_MIN,long,89.08,88.39,88.39,stop,0.5,367.6973842537955,-253.71119513511806,39.153152870112656,-292.86434800523074,25078.255165506576
2019-08-05,ATLAS_5_min,short,62.25000004,62.988850023858745,61.25000003,eod,0.5,339.42282890136994,339.4228322955985,25.15123163584727,314.2716006597512,25392.526766166327
2019-08-05,HM_5_min,short,164.34,165.96488257726088,163.56,eod,0.5,156.272995486058,121.89293647912541,30.745149131927047,91.14778734719836,25483.674553513527
2019-08-05,ALFA_LAVAL_5_MIN,short,173.65,176.6355190530706,175.2,eod,0.5,85.35760147738367,-132.30428228994322,17.866199565231174,-150.1704818551744,25333.504071658353
2019-08-05,KINNEVIK_5_min,short,117.0370079,118.18936797624306,116.3064396,eod,0.5,219.8401749065368,160.6082628531716,30.778958587016568,129.82930426615502,25463.333375924507
2019-08-05,VOLVO_5_MIN,short,135.85,137.58366694503889,136.65,eod,0.5,146.87557750807375,-117.50046200646067,24.014156922570056,-141.51461892903072,25321.818756995475
2019-08-05,INVESTOR_5_MIN,short,111.475,112.36337076460097,110.5,eod,0.5,285.0366059532481,277.9106908044153,37.96260036388335,239.94809044053196,25561.766847436007
2019-08-05,SANDVIK_min,short,139.8,141.77193895688384,140.75,eod,0.5,129.62757674725455,-123.14619790989035,21.820209993865358,-144.9664079037557,25416.80043953225
2019-08-05,BOLIDEN_5_min,short,184.408153,187.2046746763997,187.2046746763997,stop,0.5,90.88719266519128,-254.1680043953225,20.264907999528877,-274.43291239485137,25142.367527137398
2019-08-06,ALFA_LAVAL_5_MIN,long,174.25,171.28494758759334,171.28494758759334,stop,0.5,84.79569339797919,-251.423675271374,17.579925284354623,-269.0036005557286,24873.363926581667
2019-08-06,ATLAS_5_min,long,60.87500003,60.05334301385807,60.05334301385807,stop,0.5,302.7219805579438,-248.73363926581672,21.9646005070963,-270.69823977291304,24602.665686808756
2019-08-06,HEXAGON_5_min,long,62.871366,61.90733628571429,62.985651,eod,0.5,255.20650787240282,29.16627575219636,19.27171787988458,9.894557872311779,24612.560244681066
2019-08-06,ASSA_5_min,short,212.5,215.08790371214153,212.0,eod,0.5,95.10616693042974,47.55308346521487,24.22354071718045,23.329542748034417,24635.8897874291
2019-08-06,ESSITY_5_min,short,280.2,283.32968138127444,283.32968138127444,stop,0.5,78.71692605781169,-246.35889787429096,26.615594556403174,-272.9744924306941,24362.915294998405
2019-08-06,HM_5_min,short,162.5,164.21559719400264,164.21559719400264,stop,0.5,142.00836525127184,-243.62915294998405,27.837808715768,-271.466961665752,24091.448333332653
2019-08-06,KINNEVIK_5_min,short,115.42975814,116.69821698737914,116.69821698737914,stop,0.5,189.92692102790647,-240.91448333332653,26.452410960231344,-267.3668942935579,23824.081439039095
2019-08-06,INVESTOR_5_MIN,short,109.5,110.47701303121656,110.47701303121656,stop,0.5,243.8460970103317,-238.24081439039097,32.18432163579182,-270.42513602618277,23553.65630301291
2019-08-06,SEB_5_MIN,short,86.56,87.26673413063477,86.7,eod,0.5,333.27464009496174,-46.658449613294835,34.64589848571184,-81.30434809900667,23472.351954913906
2019-08-07,ALFA_LAVAL_5_MIN,long,171.65,169.24471109768294,169.24471109768294,stop,0.5,97.58641438998231,-234.72351954913907,19.960015524319072,-254.68353507345813,23217.668419840447
2019-08-07,ATLAS_5_min,short,59.82499993,60.64406239768041,59.65000009,eod,0.5,283.46639402966434,49.606573600567685,20.320288459418084,29.2862851411496,23246.954704981596
2019-08-07,SANDVIK_min,long,141.45,139.67017029662944,139.67017029662944,stop,0.5,130.6133652054333,-232.46954704981596,22.030830881740354,-254.5003779315563,22992.45432705004
2019-08-07,GETINGE_5_min,long,138.0,136.2275376962537,138.85,eod,0.5,129.72041367792676,110.262351626237,21.54785791604041,88.71449371019659,23081.168820760235
2019-08-07,SEB_5_MIN,long,87.18,86.44204778325124,86.44204778325124,stop,0.5,312.7732161636442,-230.81168820760232,32.582595769251235,-263.39428397685356,22817.77453678338
2019-08-07,HANDELSBANKEN_5_min,long,89.6,88.68111731843574,90.0,eod,0.5,248.32086831737485,99.32834732695135,26.75905676988031,72.56929055707104,22890.343827340454
2019-08-08,ATLAS_5_min,short,60.62500003,61.41651789035715,60.92500014,eod,0.5,289.195544077956,-86.7586950348964,21.09103105910328,-107.84972609399969,22782.494101246455
2019-08-08,HM_5_min,long,168.7,166.94035379318532,169.74,eod,0.5,129.47201552798293,134.6508961491049,26.291105361174324,108.35979078793059,22890.853892034385
2019-08-08,KINNEVIK_5_min,long,119.95928027,118.59800811463548,120.68984857,eod,0.5,168.1578059304735,122.85076241035621,24.280217702888535,98.57054470746768,22989.424436741854
2019-08-08,ESSITY_5_min,long,284.2,281.68678660049625,286.6,eod,0.5,91.47422356287511,219.53813655090337,31.328092085813466,188.2100444650899,23177.634481206944
2019-08-09,ATLAS_5_min,short,60.75000003,61.52633932464286,59.92500014,eod,0.5,298.55031995861276,246.30398112532058,21.616535947055485,224.68744517826508,23402.321926385208
2019-08-09,SEB_5_MIN,short,85.76,86.49428571428572,85.18,eod,0.5,318.7086643671119,184.85102533292437,32.68803545214847,152.1629898807759,23554.484916265985
2019-08-09,HM_5_min,short,169.4,171.27734024994106,171.27734024994106,stop,0.5,125.46731961350923,-235.54484916265986,25.646323640531755,-261.1911728031916,23293.293743462793
2019-08-12,HEXAGON_5_min,long,64.871364,63.89576065958522,64.357079,eod,0.5,238.75783095986154,-122.78957109519263,18.512581649400058,-141.3021527445927,23151.9915907182
2019-08-12,INVESTOR_5_MIN,long,111.25,110.2087684978389,110.2087684978389,stop,0.5,222.35200858469787,-231.519915907182,29.545081196512854,-261.06499710369485,22890.926593614506
2019-08-12,ABB_5_min,short,177.45,179.40068392255893,179.40068392255893,stop,0.5,117.34820966579677,-228.90926593614506,25.125473325796452,-254.03473926194152,22636.891854352565
2019-08-12,ASSA_5_min,long,216.6,214.65710975771216,214.65710975771216,stop,0.5,116.51142901256594,-226.36891854352567,30.147829277820023,-256.5167478213457,22380.37510653122
2019-08-12,HANDELSBANKEN_5_min,long,91.5,90.72142857142858,90.72142857142858,stop,0.5,287.4543591664574,-223.80375106531218,31.42820638583783,-255.23195745115,22125.14314908007
2019-08-12,ALFA_LAVAL_5_MIN,long,170.4,168.32287234042553,168.32287234042553,stop,0.5,106.51797469979628,-221.2514314908007,21.648044607719864,-242.89947609852058,21882.243672981553
2019-08-13,ERICSSON_5_MIN,long,82.54,81.59771678406607,83.74,eod,0.5,232.22576082174024,278.6709129860856,23.16869970566338,255.50221328042224,22137.745886261975
2019-08-13,HEXAGON_5_min,short,63.499937,64.45362912549425,63.871365,eod,0.5,232.1267555269923,-86.21837655187842,17.739772248305222,-103.95814880018364,22033.787737461793
2019-08-13,HUSQVARNA_5_min,short,80.38,81.26181613395295,80.52,eod,0.5,249.86827626627846,-34.981558677279125,24.122283390746517,-59.10384206802564,21974.683895393766
2019-08-13,SWEDBANK_5_MIN,short,124.6,125.86785714285713,125.86785714285713,stop,0.5,173.32145044254295,-219.7468389539377,26.046871373541382,-245.7937103274791,21728.890185066288
2019-08-13,VOLVO_5_MIN,short,129.75,131.3301927502877,131.3301927502877,stop,0.5,137.50784631248482,-217.28890185066285,21.54034501196428,-238.82924686262714,21490.06093820366
2019-08-13,NORDEA_5_min,short,59.6,60.176480690790264,60.176480690790264,stop,0.5,372.7802384628744,-214.9006093820366,26.790183020494,-241.6907924025306,21248.37014580113
2019-08-13,ALFA_LAVAL_5_MIN,short,166.1,168.08628807378807,168.08628807378807,stop,0.5,106.97526922808385,-212.48370145801132,21.449800883416476,-233.9335023414278,21014.436643459703
2019-08-13,SANDVIK_min,short,134.75,136.40451901772528,136.40451901772528,stop,0.5,127.01236080290867,-210.14436643459703,20.663985361691086,-230.80835179628812,20783.628291663415
2019-08-13,ABB_5_min,short,177.15,179.2690447637859,179.2690447637859,stop,0.5,98.08017577944557,-207.8362829166342,20.97458553694452,-228.8108684535787,20554.817423209835
2019-08-13,ESSITY_5_min,long,284.8,282.46718553853884,285.2,eod,0.5,88.11166838504265,35.24466735401506,30.13419058768458,5.110476766330478,20559.927899976166
2019-08-14,ATLAS_5_min,short,60.72499998,61.57008928857143,59.17500014,eod,0.5,243.28704305502805,377.09487780936615,17.502069894895385,359.59280791447077,20919.52070789064
2019-08-14,ERICSSON_5_MIN,short,82.8,83.75359470363091,80.52,eod,0.5,219.37538692525615,500.1758821895843,21.497032915579698,478.67884927400456,21398.199557164644
2019-08-14,HUSQVARNA_5_min,short,80.96,81.85857142857142,77.92,eod,0.5,238.1357661369672,723.9327290563783,22.70100631430481,701.2317227420735,22099.43127990672
2019-08-14,NORDEA_5_min,short,59.64,60.201182669789226,57.91,eod,0.5,393.80102896276253,681.2757801055808,27.77478657274364,653.5009935328371,22752.932273439557
2019-08-14,ABB_5_min,short,178.6,180.78087583369944,177.35,eod,0.5,104.32933375598687,130.41166719498358,22.281615810266114,108.13005138471746,22861.062324824274
2019-08-14,BOLIDEN_5_min,short,186.510973,189.23958952825245,181.738486,eod,0.5,83.78261323318212,399.85143248139065,18.51174119803533,381.3396912833553,23242.40201610763
2019-08-14,KINNEVIK_5_min,short,119.8131671,121.33220950083086,117.28053094,eod,0.5,153.00693386435407,387.51089343559096,21.766187865396848,365.7447055701941,23608.146721677826
2019-08-15,GETINGE_5_min,long,134.7,132.91339285714284,132.91339285714284,stop,0.5,132.13955186546255,-236.08146721677826,21.21738828320329,-257.2988554999815,23350.847866177843
2019-08-15,INVESTOR_5_MIN,long,108.65,107.58660714285715,107.58660714285715,stop,0.5,219.5881579355093,-233.50847866177844,28.489798944434636,-261.9982776062131,23088.84958857163
2019-08-15,ERICSSON_5_MIN,short,80.34,81.35357142857144,79.24,eod,0.5,227.79696563777284,250.57666220155207,21.81110386588547,228.76555833566658,23317.615146907297
2019-08-15,ESSITY_5_min,long,286.3,283.87894921190895,283.87894921190895,stop,0.5,96.31196198611191,-233.17615146907298,32.949031969067164,-266.12518343814014,23051.489963469157
2019-08-15,HANDELSBANKEN_5_min,long,87.9,87.12857142857143,87.12857142857143,stop,0.5,298.8156106375628,-230.51489963469157,31.380761670269315,-261.89566130496087,22789.594302164198
2019-08-15,ASSA_5_min,long,213.3,211.32400653923543,211.32400653923543,stop,0.5,115.33233664318942,-227.89594302164198,29.383727321377776,-257.27967034301975,22532.314631821177
2019-08-15,SWEDBANK_5_MIN,long,123.45,122.10332482302425,123.0,eod,0.5,167.31811068517905,-75.29314980833105,24.741329027017425,-100.03447883534848,22432.28015298583
2019-08-16,ALFA_LAVAL_5_MIN,long,169.6,167.53209965012854,172.35,eod,0.5,108.47853550767238,298.31597264609906,22.256541130109138,276.0594315159899,22708.33958450182
2019-08-16,HEXAGON_5_min,long,62.042795,61.1729717414007,62.385652,eod,0.5,261.06843384562694,89.50914002301069,19.490603870480157,70.01853615253053,22778.35812065435
2019-08-16,INVESTOR_5_MIN,long,107.975,106.84028324837813,109.25,eod,0.5,200.74047631796157,255.94410730540213,26.16350998090152,229.7805973245006,23008.13871797885
2019-08-16,ATLAS_5_min,long,59.84999998,58.95011784780473,60.67500014,eod,0.5,255.6794706196713,210.93560416994458,18.48946093627045,192.44614323367412,23200.584861212526
2019-08-16,ESSITY_5_min,long,288.1,285.6162559006211,289.9,eod,0.5,93.40972311525267,168.13750160745056,32.39449197636963,135.74300963108092,23336.32787084361
2019-08-19,HANDELSBANKEN_5_min,long,91.2,90.38482044848676,90.38482044848676,stop,0.5,286.2722430601181,-233.36327870843607,31.189616313274264,-264.55289502171036,23071.7749758219
2019-08-19,HUSQVARNA_5_min,long,75.44,74.360565499943,74.96,eod,0.5,213.73946241854867,-102.59494196090421,19.28784908864983,-121.88279104955404,22949.892184772347
2019-08-19,INVESTOR_5_MIN,long,110.5,109.34739229024943,110.0,eod,0.5,199.1127769719572,-99.5563884859786,26.34262039338994,-125.89900887936854,22823.993175892978
2019-08-19,ESSITY_5_min,long,292.0,289.4206212887079,292.5,eod,0.5,88.4863982011368,44.2431991005684,31.03217984913867,13.211019251429725,22837.204195144408
2019-08-19,HM_5_min,long,170.5,168.27548227320125,175.16,eod,0.5,102.66137203594626,478.4019936875092,21.29155791476711,457.1104357727421,23294.31463091715
2019-08-19,VOLVO_5_MIN,long,130.5,128.8022581000055,129.75,eod,0.5,137.20763227315442,-102.9057242048658,21.42497177945306,-124.33069598431887,23169.983934932832
2019-08-19,BOLIDEN_5_min,long,182.39676,179.36578859936398,182.250477,eod,0.5,76.44408630866936,-11.182470277491923,16.725074914467484,-27.907545191959407,23142.076389740872
2019-08-20,ESSITY_5_min,long,294.6,292.0892857142857,294.9,eod,0.5,92.17327722798588,27.65198316839157,32.601688155538604,-4.949704987147033,23137.126684753726
2019-08-20,GETINGE_5_min,long,138.05,136.12337916082464,139.95,eod,0.5,120.09174931719748,228.1743237026725,20.031303786108538,208.14301991656396,23345.26970467029
2019-08-20,HUSQVARNA_5_min,short,74.78,75.85071428571429,74.92,eod,0.5,218.03454027043577,-30.52483563786113,19.58386240709054,-50.108698044951666,23295.161006625338
2019-08-20,HM_5_min,long,175.74,173.3998552685193,176.0,eod,0.5,99.54581309971171,25.88191140592414,21.008546579815555,4.873364826108585,23300.034371451446
2019-08-20,ATLAS_5_min,short,61.90000009,62.84503145973508,61.69999993,eod,0.5,246.55302583217994,49.310644614920584,18.2843723986731,31.026272216247484,23331.060643667694
2019-08-22,ERICSSON_5_MIN,short,79.52,80.48994730238392,78.74,eod,0.5,240.53946628156805,187.62078369962336,22.840665560232573,164.7801181393908,23495.840761807085
2019-08-22,HUSQVARNA_5_min,short,74.1,75.16714285714285,75.16714285714285,stop,0.5,220.17521463540822,-234.95840761807088,19.718955129951343,-254.67736274802223,23241.163399059064
2019-08-22,SANDVIK_min,short,137.7,139.5314778325123,139.5314778325123,stop,0.5,126.89841496567895,-232.41163399059064,21.10814106932314,-253.5197750599138,22987.64362399915
2019-08-23,BOLIDEN_5_min,long,185.139569,182.30317162184468,182.30317162184468,stop,0.5,81.04521531799423,-229.87643623999153,17.867685618438784,-247.74412185843033,22739.899502140717
2019-08-23,HEXAGON_5_min,long,64.428507,63.626350114381964,63.626350114381964,stop,0.5,283.48443938894155,-227.39899502140722,21.780935628060945,-249.17993064946816,22490.71957149125
2019-08-23,NORDEA_5_min,long,61.14,60.49962913441239,60.49962913441239,stop,0.5,351.21397271647356,-224.9071957149125,25.632922432833283,-250.54011814774577,22240.179453343502
2019-08-23,ASSA_5_min,long,208.4,206.3416798242603,206.3416798242603,stop,0.5,108.05014552874863,-222.40179453343504,26.887739317109396,-249.28953385054444,21990.889919492958
2019-08-26,BOLIDEN_5_min,short,179.269959,182.00525742857144,182.00525742857144,stop,0.5,80.39667514808652,-219.90889919492957,17.427195728557503,-237.33609492348708,21753.55382456947
2019-08-26,ERICSSON_5_MIN,short,77.36,78.23601047545276,78.23601047545276,stop,0.5,248.32527046353326,-217.5355382456947,23.183052830618138,-240.71859107631286,21512.835233493155
2019-08-26,GETINGE_5_min,short,132.65,134.46428571428572,134.46428571428572,stop,0.5,118.5746823893322,-215.12835233493155,19.003794954134857,-234.1321472890664,21278.70308620409
2019-08-26,HM_5_min,short,175.64,177.68287356695663,177.68287356695663,stop,0.5,104.16064621122827,-212.7870308620409,22.08140329916538,-234.86843416120627,21043.834652042882
2019-08-26,HUSQVARNA_5_min,short,72.8,73.78999999999999,73.78999999999999,stop,0.5,212.56398638427265,-210.43834652042884,18.69585285844231,-229.13419937887116,20814.700452664012
2019-08-26,INVESTOR_5_MIN,short,108.925,109.89041324309285,109.89041324309285,stop,0.5,215.6040493704108,-208.14700452664013,28.306493495922375,-236.4534980225625,20578.24695464145
2019-08-26,KINNEVIK_5_min,short,123.31989378,124.75667767178571,124.75667767178571,stop,0.5,143.22437126620173,-205.78246954641452,21.318366583234187,-227.1008361296487,20351.146118511802
2019-08-26,SEB_5_MIN,short,81.92,82.70118925697565,82.46,eod,0.5,260.5149256314739,-140.67805984099382,25.694066085181003,-166.37212592617482,20184.773992585626
2019-08-26,SWEDBANK_5_MIN,short,123.3,124.63479360582758,124.63479360582758,stop,0.5,151.22018793363094,-201.84773992585627,22.495647650615542,-224.34338757647183,19960.430605009155
2019-08-26,VOLVO_5_MIN,long,126.45,124.93449169830566,125.95,eod,0.5,131.70782754996048,-65.85391377498024,19.945833404166013,-85.79974717914625,19874.63085783001
2019-08-26,NORDEA_5_min,long,59.4,58.76775775245163,59.73,eod,0.5,314.35151533921373,103.73600006193999,22.469217613416316,81.26678244852367,19955.897640278534
2019-08-27,SKF_5_min,short,148.05,149.9457883187036,149.9457883187036,stop,0.5,105.26437705832691,-199.55897640278533,18.82100461402403,-218.37998101680935,19737.517659261724
2019-08-27,VOLVO_5_MIN,short,125.7,127.19583498611664,127.19583498611664,stop,0.5,131.94983298594101,-197.37517659261727,20.02173791355491,-217.39691450617218,19520.120744755553
2019-08-27,KINNEVIK_5_min,short,124.4888024,125.89902713439437,125.89902713439437,stop,0.5,138.41851067190728,-195.20120744755553,20.794986272713363,-215.9961937202689,19304.124551035286
2019-08-28,HEXAGON_5_min,short,61.814224,62.55621876086295,60.871368,eod,0.5,260.16524063572194,245.29835812483586,19.1511159391296,226.14724218570626,19530.271793220993
2019-08-28,VOLVO_5_MIN,short,126.0,127.43173723783143,127.43173723783143,stop,0.5,136.40960978847212,-195.30271793220993,20.74231463077631,-216.04503256298625,19314.226760658006
2019-08-28,GETINGE_5_min,long,135.55,133.78214285714287,133.78214285714287,stop,0.5,109.25219177745969,-193.14226760658008,17.655076153957644,-210.79734376053773,19103.42941689747
2019-08-29,ALFA_LAVAL_5_MIN,long,172.95,171.08068604939803,177.65,eod,0.5,102.1948689290299,480.31588396644224,21.497712627910726,458.8181713385315,19562.247588236
2019-08-29,HEXAGON_5_min,long,61.071368,60.28718514285715,61.742795,eod,0.5,249.46028097975122,167.49436807739175,18.382353366163777,149.11201471122797,19711.35960294723
2019-08-29,NORDEA_5_min,long,60.33,59.703870577920995,60.96,eod,0.5,314.81286308983096,198.3321037465943,22.91019129849936,175.42191244809493,19886.781515395323
2019-08-29,VOLVO_5_MIN,long,128.95,127.50602306114529,131.35,eod,0.5,137.7222930663187,330.5335033591657,21.509467731097654,309.0240356280681,20195.80555102339
2019-08-29,SWEDBANK_5_MIN,short,123.05,124.27231564488143,124.0,eod,0.5,165.2257797369714,-156.9644907501233,24.49141733041127,-181.45590808053458,20014.349642942856
2019-08-29,HANDELSBANKEN_5_min,long,88.8,88.03756852628185,89.6,eod,0.5,262.50686563788884,210.00549251031032,28.098734897879616,181.9067576124307,20196.256400555285
2019-08-29,ERICSSON_5_MIN,short,75.08,75.99498307920453,75.99498307920453,stop,0.5,220.72819552153362,-201.96256400555285,20.00790504211142,-221.97046904766427,19974.28593150762
2019-08-30,ALFA_LAVAL_5_MIN,short,178.5,180.41071428571428,180.41071428571428,stop,0.5,104.5383188938721,-199.7428593150762,22.51195362265645,-222.25481293773265,19752.03111856989
2019-08-30,BOLIDEN_5_min,long,192.682292,190.05557904754207,198.44219,eod,0.5,75.19676293554312,433.1256844389105,17.64677697074466,415.47890746816586,20167.510026038053
2019-08-30,HEXAGON_5_min,short,61.857081,62.64177410714286,62.64177410714286,stop,0.5,257.0114334184722,-201.6751002603805,19.19857752602728,-220.87367778640777,19946.636348251646
2019-08-30,SWEDBANK_5_MIN,short,124.0,125.23650282030621,125.23650282030621,stop,0.5,161.31492804288115,-199.46636348251647,24.12334111087022,-223.5897045933867,19723.04664365826
2019-09-02,HUSQVARNA_5_min,long,78.12,77.2271714066103,77.2271714066103,stop,0.5,220.90518594143407,-197.23046643658262,20.590197471031846,-217.82066390761446,19505.225979750645
2019-09-02,SEB_5_MIN,short,83.6,84.32965088474414,82.6,eod,0.5,267.3227208734244,267.3227208734244,26.657421725497873,240.6652991479265,19745.891278898573
2019-09-02,SKF_5_min,long,159.4,157.44039842067482,157.44039842067482,stop,0.5,100.76482631585947,-197.45891278898574,19.155820630024206,-216.61473341900995,19529.276545479563
2019-09-02,SWEDBANK_5_MIN,short,125.5,126.73245551702577,122.65,eod,0.5,158.45826705866597,451.6060611171971,23.592851382364778,428.01320973483234,19957.289755214395
2019-09-02,ABB_5_min,short,186.6,188.09125879473845,185.4,eod,0.5,133.82847984286047,160.59417581143106,29.87051670092646,130.7236591105046,20088.013414324898
2019-09-02,ASSA_5_min,long,206.5,204.2892900485437,205.4,eod,0.5,90.86679779539607,-99.95347757493516,22.456820407154183,-122.41029798208935,19965.60311634281
2019-09-03,HEXAGON_5_min,short,61.171367,61.92337376745757,60.942796,eod,0.5,265.4976521533663,60.68506385034581,19.452614142704082,41.232449707641734,20006.83556605045
2019-09-03,NORDEA_5_min,short,60.13,60.74714285714286,59.71,eod,0.5,324.1848355610016,136.15763093562123,23.310186416178258,112.84744451944297,20119.683010569894
2019-09-03,ALFA_LAVAL_5_MIN,long,177.9,175.99535794632814,175.99535794632814,stop,0.5,105.63498255108966,-201.19683010569895,22.4302379769432,-223.62706808264215,19896.05594248725
2019-09-04,ALFA_LAVAL_5_MIN,long,178.95,177.0728018898142,178.05,eod,0.5,105.98804587821647,-95.3892412903924,22.70263942711396,-118.09188071750637,19777.964061769744
2019-09-04,ASSA_5_min,short,209.3,211.3425250357654,211.3425250357654,stop,0.5,96.8309504924061,-197.77964061769745,24.43872931004334,-222.21836992774078,19555.745691842003
2019-09-04,ESSITY_5_min,short,307.7,310.3821428571428,307.0,eod,0.5,72.91090271259432,51.0376318988152,26.89099913845903,24.14663276035617,19579.89232460236
2019-09-05,ASSA_5_min,short,212.8,214.9041764429845,210.2,eod,0.5,93.05252128396137,241.93655533830167,23.616729901869395,218.31982543643227,19798.21215003879
2019-09-05,ATLAS_5_min,long,66.92500015,66.18928585607144,66.18928585607144,stop,0.5,269.1019097144397,-197.9821215003879,21.492785144704765,-219.47490664509266,19578.737243393698
2019-09-05,BOLIDEN_5_min,long,202.053554,199.60820967857143,209.413423,eod,0.5,80.06535959711329,589.2705580726468,19.766550885505282,569.5040071871416,20148.24125058084
2019-09-05,ERICSSON_5_MIN,long,76.5,75.70190220442382,76.88,eod,0.5,252.45328783341532,95.93224937669667,23.232771172733546,72.69947820396312,20220.9407287848
2019-09-05,INVESTOR_5_MIN,long,116.825,116.00428865735078,116.00428865735078,stop,0.5,246.38310302270875,-202.20940728784802,34.41912156838083,-236.62852885622885,19984.312199928572
2019-09-05,NORDEA_5_min,long,62.58,62.00123080614203,62.00123080614203,stop,0.5,345.28983940414906,-199.84312199928573,25.809979906694405,-225.65310190598012,19758.659098022592
2019-09-05,SANDVIK_min,long,145.9,144.59598168372594,144.59598168372594,stop,0.5,151.52133103834322,-197.58659098022594,26.409802683604994,-223.99639366383093,19534.66270435876
2019-09-05,SKF_5_min,long,159.9,158.21449027498323,162.45,eod,0.5,115.8976564443399,295.53902393306475,22.41576573289978,273.12325820016497,19807.785962558926
2019-09-05,VOLVO_5_MIN,long,137.35,136.02589285714285,136.02589285714285,stop,0.5,149.5935285102223,-198.07785962558924,24.537158653279484,-222.61501827886872,19585.170944280057
2019-09-05,ABB_5_min,long,187.35,186.01393200824836,186.01393200824836,stop,0.5,146.58813073280191,-195.85170944280057,32.83843252568284,-228.6901419684834,19356.480802311573
2019-09-05,ALFA_LAVAL_5_MIN,long,180.7,178.834640380424,184.35,eod,0.5,103.76809168149232,378.75353463744756,22.728325120997262,356.0252095164503,19712.506011828023
2019-09-05,ESSITY_5_min,long,307.0,304.30010730614913,304.30010730614913,stop,0.5,73.01218324981642,-197.12506011828023,26.7794132731614,-223.90447339144163,19488.601538436582
2019-09-05,KINNEVIK_5_min,long,134.86286926,133.69184579831034,133.69184579831034,stop,0.5,166.42366422203608,-194.88601538436583,26.816315834465286,-221.70233121883112,19266.89920721775
2019-09-06,ERICSSON_5_MIN,short,76.94,77.73961644673437,77.73961644673437,stop,0.5,240.95176238437236,-192.6689920721775,22.36219571266764,-215.03118778484514,19051.868019432906
2019-09-06,ESSITY_5_min,short,294.2,297.1821428571428,292.0,eod,0.5,63.886503538218655,140.5503077840803,22.470161024462264,118.08014675961803,19169.948166192524
2019-09-06,GETINGE_5_min,short,137.5,139.06785714285712,136.05,eod,0.5,122.2684621078355,177.2892700563601,20.06792268575904,157.22134737060105,19327.169513563123
2019-09-06,NORDEA_5_min,long,65.04,64.3823988928187,64.3823988928187,stop,0.5,293.90415104995304,-193.27169513563123,22.82266816406535,-216.0943632996966,19111.075150263427
2019-09-06,SWEDBANK_5_MIN,long,130.15,128.9011726053008,128.9011726053008,stop,0.5,153.03215825807806,-191.11075150263426,23.785896025845048,-214.89664752847932,18896.178502734947
2019-09-10,ABB_5_min,long,190.75,189.428625328084,194.05,eod,0.5,143.00394055030077,471.91300381599416,33.01674979425344,438.89625402174073,19335.074756756687
2019-09-10,BOLIDEN_5_min,short,215.676169,218.2724522902434,218.2724522902434,stop,0.5,74.47213033113961,-193.35074756756688,19.390246969047208,-212.7409945366141,19122.333762220074
2019-09-10,ERICSSON_5_MIN,short,76.08,76.90613418890015,76.90613418890015,stop,0.5,231.46764798195693,-191.22333762220075,21.24680439273406,-212.4701420149348,18909.86362020514
2019-09-10,ESSITY_5_min,short,283.6,286.88244037157926,278.9,eod,0.5,57.60916111054063,270.7630572195436,19.44309187480746,251.31996534473615,19161.183585549876
2019-09-10,GETINGE_5_min,short,131.8,133.28385046326224,133.28385046326224,stop,0.5,129.13149983741775,-191.61183585549875,20.538405115799293,-212.15024097129805,18949.033344578576
2019-09-10,NORDEA_5_min,long,68.2,67.41085001572162,67.41085001572162,stop,0.5,240.11954282563974,-189.49033344578578,19.537689184782884,-209.02802263056867,18740.005321948007
2019-09-10,SEB_5_MIN,long,88.76,88.03126436781609,88.03126436781609,stop,0.5,257.1578017365089,-187.40005321948007,27.277951746627345,-214.6780049661074,18525.3273169819
2019-09-10,SWEDBANK_5_MIN,long,136.7,135.2762649626261,135.2762649626261,stop,0.5,130.11780163219342,-185.253273169819,21.233372215843115,-206.48664538566211,18318.840671596237
2019-09-11,ALFA_LAVAL_5_MIN,short,189.425,191.3551024111149,191.3551024111149,stop,0.5,94.91123665823878,-183.18840671596237,21.684186248813834,-204.8725929647762,18113.96807863146
2019-09-11,ASSA_5_min,short,211.4,213.63465721040188,213.63465721040188,stop,0.5,81.0592693783843,-181.13968078631459,20.67179926438032,-201.8114800506949,17912.156598580765
2019-09-11,ESSITY_5_min,short,279.3,282.7094935576235,282.7094935576235,stop,0.5,52.53612096884586,-179.12156598580765,17.71547924350986,-196.8370452293175,17715.319553351448
2019-09-11,HANDELSBANKEN_5_min,short,95.7,96.53571428571429,96.53571428571429,stop,0.5,211.97818268967464,-177.1531955335145,24.449866417402344,-201.60306195091684,17513.71649140053
2019-09-11,HEXAGON_5_min,long,65.142792,64.4507557140321,68.257075,eod,0.5,253.07511826356543,788.1475385312115,20.256112270421337,767.8914262607901,18281.60791766132
2019-09-11,HM_5_min,short,191.54,193.7391069192702,188.14,eod,0.5,83.13196487839815,282.6486805865542,18.938126655018124,263.7105539315361,18545.318471592855
2019-09-11,NORDEA_5_min,short,68.61,69.46960541097172,69.46960541097172,stop,0.5,215.7422258502149,-185.45318471592856,17.87376084952945,-203.326945565458,18341.991526027396
2019-09-11,SANDVIK_min,long,152.15,150.71229171569783,155.15,eod,0.5,127.57797757929804,382.7339327378941,23.52282750607097,359.2111052318231,18701.202631259217
2019-09-11,VOLVO_5_MIN,long,142.05,140.71866124930762,142.45,eod,0.5,140.46915273466794,56.18766109386398,23.978084371807817,32.20957672205616,18733.412207981273
2019-09-11,ATLAS_5_min,long,68.47499998,67.77960394739443,69.32499993,eod,0.5,269.3919914640474,228.98317927483998,22.27332983970027,206.70984943513972,18940.122057416414
2019-09-11,BOLIDEN_5_min,long,223.996022,221.2747252435921,224.544583,eod,0.5,69.59962015468365,38.17963723167189,18.7309534391712,19.44868379250069,18959.570741208914
2019-09-12,ABB_5_min,short,196.2,197.66071428571428,195.95,eod,0.5,129.79657231145438,32.449143077863596,30.5398354991621,1.9093075787014975,18961.480048787616
2019-09-12,ASSA_5_min,short,214.0,216.0740308267165,216.0740308267165,stop,0.5,91.42332796859397,-189.61480048787618,23.591279502627653,-213.20607999050384,18748.27396879711
2019-09-12,ATLAS_5_min,short,69.67500015,70.38087665736329,69.27500009,eod,0.5,265.6027474101521,106.24111490022474,22.143301089831176,84.09781381039357,18832.371782607504
2019-09-12,ESSITY_5_min,short,285.0,288.49642857142857,288.49642857142857,stop,0.5,53.861737478346356,-188.32371782607504,18.5337084482901,-206.85742627436514,18625.51435633314
2019-09-12,HANDELSBANKEN_5_min,long,96.6,95.74287941787941,95.74287941787941,stop,0.5,217.30331466608928,-186.25514356333142,25.07804714995506,-211.33319071328648,18414.181165619855
2019-09-12,HEXAGON_5_min,long,69.342788,68.55549813126987,70.257073,eod,0.5,233.8932824744884,213.84511976718917,19.59088183336339,194.25423793382578,18608.43540355368
2019-09-12,INVESTOR_5_MIN,long,116.475,115.65608823800312,117.0,eod,0.5,227.23370535279656,119.29769531021948,31.8320336143465,87.46566169587298,18695.901065249556
2019-09-12,KINNEVIK_5_min,short,132.71987013,133.8083650497741,132.52505203,eod,0.5,171.75919451355574,33.46179993265998,27.334952507407433,6.126847425252546,18702.02791267481
2019-09-12,SANDVIK_min,long,157.25,155.74011124494342,157.75,eod,0.5,123.86361478646816,61.93180739323408,23.410223194642484,38.5215841985916,18740.549496873402
2019-09-12,ALFA_LAVAL_5_MIN,long,193.0,191.0505411817036,195.3,eod,0.5,96.13206147771069,221.10374139873568,22.396847683077034,198.70689371565865,18939.25639058906
2019-09-12,SKF_5_min,long,171.8,169.8864039120622,169.8864039120622,stop,0.5,98.97206892285735,-189.3925639058906,20.29044619079274,-209.68301009668335,18729.573380492377
2019-09-13,HEXAGON_5_min,long,70.428501,69.62768844486538,70.457072,eod,0.5,233.88211461474938,6.682245896657878,19.77036943917038,-13.088123542512502,18716.485256949865
2019-09-13,ALFA_LAVAL_5_MIN,long,195.85,193.89604906999287,197.2,eod,0.5,95.7878980967123,129.31366243056107,22.589660008147657,106.7240024224134,18823.209259372277
2019-09-13,ERICSSON_5_MIN,long,77.86,77.06617398090341,77.06617398090341,stop,0.5,237.12008433276176,-188.23209259372277,22.041664463822364,-210.27375705754514,18612.935502314733
2019-09-13,ASSA_5_min,long,217.3,215.10465258092165,216.9,eod,0.5,84.78355334814718,-33.91342133925935,22.087811318259302,-56.001232657518656,18556.934269657213
2019-09-13,INVESTOR_5_MIN,long,118.0,117.16018695559805,118.25,eod,0.5,220.96506351448767,55.24126587862192,31.321797753178622,23.919468125443295,18580.853737782658
2019-09-16,ESSITY_5_min,long,280.0,276.3857142857143,279.8,eod,0.5,51.409476744853414,-10.281895348970098,17.267415049061363,-27.54931039803146,18553.304427384628
2019-09-16,GETINGE_5_min,short,134.1,135.82857142857142,135.82857142857142,stop,0.5,107.33316610883675,-185.5330442738463,17.383372916798315,-202.9164171906446,18350.388010193983
2019-09-16,SWEDBANK_5_MIN,short,140.4,142.11592879963487,142.11592879963487,stop,0.5,106.94143028602802,-183.50388010193984,18.127594502651164,-201.631474604591,18148.756535589393
2019-09-16,INVESTOR_5_MIN,short,117.625,118.44065106536246,116.875,eod,0.5,222.50637933666454,166.8797845024984,31.306647572668698,135.5731369298297,18284.329672519223
2019-09-16,SANDVIK_min,short,160.0,161.5471379723789,161.15,eod,0.5,118.18163602051015,-135.90888142358736,22.7724194447921,-158.68130086837945,18125.648371650845
2019-09-16,NORDEA_5_min,short,70.12,71.00725296562912,70.51,eod,0.5,204.28952140834667,-79.67291334925532,17.237541237393476,-96.9104545866488,18028.737917064194
2019-09-16,HM_5_min,short,184.1,186.23108939753834,184.32,eod,0.5,84.59869369107398,-18.61171261203618,18.70071043779928,-37.31242304983546,17991.42549401436
2019-09-17,HANDELSBANKEN_5_min,short,95.4,96.225,93.8,eod,0.5,218.07788477593462,348.92461564149727,24.756201479764094,324.16841416173315,18315.59390817609
2019-09-17,KINNEVIK_5_min,short,131.30743847,132.3478241422533,132.3478241422533,stop,0.5,176.04619514326322,-183.15593908176092,27.84930348743103,-211.00524256919195,18104.5886656069
2019-09-17,SWEDBANK_5_MIN,short,139.5,141.23663265306124,137.2,eod,0.5,104.2511128285719,239.77755950571657,17.307769751799505,222.46978975391707,18327.058455360817
2019-09-17,SKF_5_min,short,168.8,170.62403842103046,169.85,eod,0.5,100.47517773779863,-105.49893662468685,20.415551364543305,-125.91448798923015,18201.143967371587
2019-09-17,BOLIDEN_5_min,short,226.87597,229.87150865435422,225.367426,eod,0.5,60.76083825830449,91.66039798953572,16.487212702645408,75.17318528689032,18276.317152658477
2019-09-17,ATLAS_5_min,short,69.69999993,70.39408496079776,69.22499998,eod,0.5,263.3152472925755,125.07472929821029,21.94864242385361,103.12608687435667,18379.443239532833
2019-09-17,ALFA_LAVAL_5_MIN,long,198.65,196.65870946262103,196.65870946262103,stop,0.5,92.29915421445578,-183.79443239532833,21.891995722204772,-205.6864281175331,18173.7568114153
2019-09-18,HEXAGON_5_min,long,68.97136,68.16651378571429,69.485645,eod,0.5,225.8040913759418,116.12765713327644,18.75849492519554,97.36916220808091,18271.12597362338
2019-09-18,NORDEA_5_min,long,69.37,68.42937166546504,68.92,eod,0.5,194.24384002483222,-87.40972801117505,16.117188382220426,-103.52691639339548,18167.599057229985
2019-09-18,KINNEVIK_5_min,short,127.16755255,128.41834114043323,125.85252994,eod,0.5,145.24915878020073,191.00592787944396,22.050572481701693,168.95535539774227,18336.554412627727
2019-09-19,GETINGE_5_min,long,141.6,139.65081834714084,139.65081834714084,stop,0.5,94.07309157528132,-183.36554412627729,15.874880393996033,-199.2404245202733,18137.313988107453
2019-09-19,ATLAS_5_min,short,69.22499998,69.86356428116821,69.86356428116821,stop,0.5,284.0326957665296,-181.37313988107454,23.703419914437475,-205.07655979551203,17932.237428311942
2019-09-19,ALFA_LAVAL_5_MIN,long,192.0,189.82938069012027,189.82938069012027,stop,0.5,82.61346126744616,-179.32237428311942,18.92654805144972,-198.24892233456913,17733.988505977373
2019-09-20,ATLAS_5_min,short,69.87500004,70.47857149000001,69.97499999,eod,0.5,293.8175506143847,-29.38174037056014,24.654230677341733,-54.035971047901874,17679.95253492947
2019-09-20,GETINGE_5_min,long,141.5,139.52857142857144,142.95,eod,0.5,89.68091865543984,130.03733205038674,15.305842386923914,114.73148966346282,17794.684024592934
2019-09-20,SKF_5_min,short,169.4,171.06071428571428,167.35,eod,0.5,107.15078552443109,219.65911032508495,21.6498162152113,198.00929410987365,17992.693318702808
2019-09-20,HANDELSBANKEN_5_min,short,94.0,94.84196143919843,94.1,eod,0.5,213.69973114009088,-21.369973114007873,24.118151656470655,-45.48812477047853,17947.20519393233
2019-09-23,HANDELSBANKEN_5_min,short,93.8,94.61785714285715,91.8,eod,0.5,219.44181023148502,438.88362046297004,24.43703998737817,414.4465804755919,18361.65177440792
2019-09-23,SEB_5_MIN,long,91.6,90.81608625101416,90.81608625101416,stop,0.5,234.2305106673109,-183.6165177440792,25.636447821904365,-209.25296556598357,18152.39880884194
2019-09-23,ATLAS_5_min,short,69.32499993,69.94219195071776,68.87500004,eod,0.5,294.112661854117,132.35066548196008,24.38782191564935,107.96284356631072,18260.36165240825
2019-09-23,ABB_5_min,short,194.0,195.19365977298608,193.2,eod,0.5,152.97794284151672,122.38235427321511,35.53983568094116,86.84251859227396,18347.204171000525
2019-09-23,GETINGE_5_min,short,141.1,143.12748331816803,141.5,eod,0.5,90.4925037192336,-36.19700148769395,15.343908930633248,-51.5409104183272,18295.663260582198
2019-09-24,INVESTOR_5_MIN,long,118.55,117.7385342811887,117.7385342811887,stop,0.5,225.46440147075276,-182.956632605822,31.96479177366579,-214.92142437948777,18080.74183620271
2019-09-24,VOLVO_5_MIN,short,139.25,140.5401449331078,136.0,eod,0.5,140.145043957569,455.4713928620992,23.144954009592517,432.32643885250667,18513.068275055215
2019-09-25,ABB_5_min,short,188.15,189.47429614873838,188.7,eod,0.5,139.7955305744281,-76.88754181593308,31.609167418183933,-108.496709234117,18404.571565821097
2019-09-25,ATLAS_5_min,short,66.40000009,67.05047451549248,66.80000015,eod,0.5,282.94074055082103,-113.17631319677184,22.612624025565083,-135.78893722233693,18268.78262859876
2019-09-25,INVESTOR_5_MIN,short,117.175,117.98049343006268,116.8,eod,0.5,226.80237909795375,85.05089216173266,31.83965198966623,53.21124017206643,18321.993868770827
2019-09-25,SANDVIK_min,short,149.45,151.28326094219844,149.25,eod,0.5,99.94209469601778,19.98841893920242,17.911622211420305,2.0767967277821135,18324.07066549861
2019-09-25,ALFA_LAVAL_5_MIN,short,187.4,189.5792356590918,188.9,eod,0.5,84.08485144344225,-126.12727716516338,18.98467775890039,-145.11195492406375,18178.958710574545
2019-09-25,VOLVO_5_MIN,short,134.4,135.7757508342603,133.4,eod,0.5,132.1384531113077,132.1384531113077,21.232006645924923,110.90644646538279,18289.865157039927
2019-09-26,ATLAS_5_min,long,66.82499993,66.14605131870329,67.22499998,eod,0.5,269.3851177058639,107.75406055160217,21.666645002535837,86.08741554906632,18375.952572588994
2019-09-26,HEXAGON_5_min,long,65.51422,64.65212348901669,65.81422,eod,0.5,213.15423897991883,63.94627169397807,16.795928210771958,47.150343483206115,18423.1029160722
2019-09-26,INVESTOR_5_MIN,long,117.075,116.27620870750482,118.3,eod,0.5,230.63725267364921,282.530634525219,32.57174600883611,249.9588885163829,18673.061804588582
2019-09-26,ABB_5_min,long,190.4,189.00921295077654,189.00921295077654,stop,0.5,134.26255166105102,-186.7306180458858,30.564269432689407,-217.2948874785752,18455.766917110006
2019-09-26,ERICSSON_5_MIN,long,78.8,77.95744704243934,77.95744704243934,stop,0.5,219.04577927710093,-184.55766917110006,20.60223428694,-205.15990345804005,18250.607013651967
2019-09-27,ALFA_LAVAL_5_MIN,long,189.65,187.5247540689551,191.2,eod,0.5,85.87527093713267,133.10666995255417,19.623358161844184,113.48331179070999,18364.090325442678
2019-09-27,HANDELSBANKEN_5_min,long,92.3,91.43289596273291,92.6,eod,0.5,211.7864700909727,63.53594102729121,23.49559099189251,40.0403500353987,18404.130675478078
2019-09-27,HEXAGON_5_min,short,65.849934,66.74415216103688,66.74415216103688,stop,0.5,205.81253521107078,-184.04130675478078,16.373715016078894,-200.41502177085968,18203.71565370722
2019-09-27,NORDEA_5_min,short,68.48,69.3148523101279,68.82,eod,0.5,218.0471375939344,-74.13602678193534,17.96272319498831,-92.09874997692366,18111.616903730293
2019-09-30,HANDELSBANKEN_5_min,long,93.2,92.33571428571429,93.2,eod,0.5,209.55589805968944,0.0,23.436731638995663,-23.436731638995663,18088.1801720913
2019-09-30,HUSQVARNA_5_min,short,76.46,77.56669920489753,74.98,eod,0.5,163.44260565151455,241.89505636423988,14.851048919919217,227.04400744432067,18315.22417953562
2019-09-30,INVESTOR_5_MIN,short,119.075,119.90133928571427,119.90133928571427,stop,0.5,221.64290741307735,-183.15224179535622,31.780446385331835,-214.93268818068805,18100.291491354932
2019-09-30,SANDVIK_min,long,153.45,151.53133806102454,153.8,eod,0.5,94.33809637679252,33.01833373187953,17.3912280670617,15.62710566481783,18115.91859701975
2019-10-01,NORDEA_5_min,short,69.58,70.26203802008608,70.26203802008608,stop,0.5,265.6144974840739,-181.1591859701975,22.286443593512352,-203.44562956370987,17912.47296745604
2019-10-01,SWEDBANK_5_MIN,short,141.0,142.47595448798987,142.47595448798987,stop,0.5,121.36196009574394,-179.1247296745604,20.64191848600461,-199.766648160565,17712.706319295474
2019-10-01,INVESTOR_5_MIN,short,119.975,120.81281175749926,120.81281175749926,stop,0.5,211.4163015826496,-177.12706319295475,30.543881176769833,-207.6709443697246,17505.03537492575
2019-10-01,SANDVIK_min,short,152.4,154.20834697217677,154.20834697217677,stop,0.5,96.80130884314964,-175.05035374925748,17.80805357348476,-192.85840732274224,17312.176967603005
2019-10-01,ABB_5_min,short,193.75,195.05579493978567,191.75,eod,0.5,132.57959914015734,265.1591982803147,30.66566128111839,234.4935369991963,17546.670504602203
2019-10-01,VOLVO_5_MIN,short,137.15,138.63068973133088,134.4,eod,0.5,118.50335781575896,325.88423399333715,19.307752088921607,306.5764819044155,17853.24698650662
2019-10-01,SKF_5_min,short,161.5,163.15725601678074,160.8,eod,0.5,107.72775482925707,75.40942838047872,20.832393228881728,54.57703515159699,17907.824021658216
2019-10-01,ATLAS_5_min,short,66.12500004,66.80531299081441,65.97499998,eod,0.5,263.22920944280924,39.484397210173015,20.86354714359581,18.620850066577205,17926.444871724794
2019-10-01,BOLIDEN_5_min,short,205.16207,207.95122343178517,204.567795,eod,0.5,64.2719925961591,38.195238400083106,15.800492909823157,22.39474549025995,17948.839617215053
2019-10-01,SEB_5_MIN,short,90.12,90.87042933130701,90.12,eod,0.5,239.18094440623767,0.0,25.865984051868168,-25.865984051868168,17922.973633163187
2019-10-02,ABB_5_min,short,188.85,190.20999414055115,183.5,eod,0.5,131.78713862619819,705.0611916501596,29.442564640478935,675.6186270096806,18598.592260172867
2019-10-02,HM_5_min,short,188.96,190.5844841815681,184.0,eod,0.5,114.48921738480739,567.8665182286455,25.619939109502656,542.2465791191429,19140.83883929201
2019-10-02,INVESTOR_5_MIN,short,118.875,119.73150851786839,115.85,eod,0.5,223.47517204998925,676.0123954512187,31.473125855660232,644.5392695955585,19785.37810888757
2019-10-02,SKF_5_min,short,158.7,160.38582871879606,156.5,eod,0.5,117.36292001845358,258.19842404059654,22.19567543388994,236.0027486067066,20021.380857494278
2019-10-02,VOLVO_5_MIN,short,132.75,134.2887061639415,130.2,eod,0.5,130.11828591241996,331.8016290766724,20.528761968402492,311.2728671082699,20332.653724602547
2019-10-02,ASSA_5_min,short,219.5,221.2612570584799,212.1,eod,0.5,115.44398716080116,854.2855049899292,29.895374915161064,824.3901300747682,21157.043854677315
2019-10-03,ABB_5_min,short,181.35,182.92413199228437,179.2,eod,0.5,134.4045096496275,288.96969574669987,29.075727572503915,259.89396817419595,21416.937822851512
2019-10-03,ASSA_5_min,long,211.8,209.92501519038618,213.5,eod,0.5,114.2245937835756,194.18180943207722,29.147831841692817,165.0339775903844,21581.971800441897
2019-10-03,ATLAS_5_min,long,64.80000015,64.06225447859146,64.06225447859146,stop,0.5,292.53945684610176,-215.81971800441897,22.61837638620732,-238.4380943906263,21343.533706051272
2019-10-03,ESSITY_5_min,long,280.6,277.6167939903234,281.3,eod,0.5,71.5456245288434,50.08193717018957,24.120891853654264,25.961045316535305,21369.49475136781
2019-10-03,HM_5_min,long,188.72,186.93043598175453,192.18,eod,0.5,119.41173678893557,413.16460928971804,27.290358325743334,385.8742509639747,21755.369002331783
2019-10-03,INVESTOR_5_MIN,short,115.125,116.04587513557485,114.975,eod,0.5,236.24667625270646,35.43700143790731,32.61621612344865,2.8207853144586608,21758.189787646243
2019-10-03,VOLVO_5_MIN,short,129.15,130.73030742459397,128.4,eod,0.5,137.68327256474555,103.26245442355916,21.276196109430128,81.98625831412903,21840.176045960372
2019-10-03,HANDELSBANKEN_5_min,long,90.3,89.43214285714285,89.43214285714285,stop,0.5,251.65634950077668,-218.40176045960374,27.138440975628395,-245.54020143523212,21594.63584452514
2019-10-04,HEXAGON_5_min,short,63.442794,64.2647319642857,64.2647319642857,stop,0.5,262.7282931661609,-215.9463584452514,20.131428192641973,-236.07778663789338,21358.558057887247
2019-10-04,VOLVO_5_MIN,long,129.3,127.72020676691731,127.72020676691731,stop,0.5,135.19843996425828,-213.58558057887245,20.849238596506993,-234.43481917537946,21124.12323871187
2019-10-04,HM_5_min,short,192.02,194.22271041750034,192.88,eod,0.5,95.90059170230772,-82.47450886398322,22.147282647730943,-104.62179151171416,21019.501447200153
2019-10-07,ABB_5_min,short,178.05,179.78246903559406,179.78246903559406,stop,0.5,121.32685211307529,-210.19501447200153,26.04881223116287,-236.24382670316442,20783.25762049699
2019-10-07,ATLAS_5_min,short,63.92500014,64.64389839578575,64.64389839578575,stop,0.5,289.0987348102684,-207.83257620496985,22.301463541587257,-230.1340397465571,20553.12358075043
2019-10-08,ASSA_5_min,short,218.3,220.31238405513096,213.0,eod,0.5,102.13320627514604,541.3059932582752,26.43003111988229,514.8759621383929,21067.999542888825
2019-10-08,ERICSSON_5_MIN,long,80.92,79.86655530809206,80.7,eod,0.5,199.99151075251626,-43.99813236555335,19.393576780693007,-63.391709146246356,21004.60783374258
2019-10-08,GETINGE_5_min,long,138.3,136.28670419254658,136.28670419254658,stop,0.5,104.3294669167905,-210.0460783374258,17.188490682508093,-227.2345690199339,20777.373264722646
2019-10-08,KINNEVIK_5_min,short,122.88155264,124.06089829464287,124.06089829464287,stop,0.5,176.17712994426904,-207.77373264722647,26.10336736024131,-233.8771000074678,20543.49616471518
2019-10-08,ESSITY_5_min,short,288.0,290.4306504306504,282.2,eod,0.5,84.51851366886169,490.20737927939876,28.91547389639096,461.2919053830078,21004.788070098188
2019-10-10,ASSA_5_min,short,215.0,217.23081580518877,213.3,eod,0.5,94.15742896048198,160.0676292328183,24.19657609426466,135.87105313855363,21140.659123236743
2019-10-10,BOLIDEN_5_min,long,212.384799,209.64366369240648,217.733276,eod,0.5,77.1237343325328,412.49451923166225,19.90338728875225,392.59113194291,21533.250255179653
2019-10-10,GETINGE_5_min,short,134.65,136.65535714285713,131.15,eod,0.5,107.37862994568775,375.8252048099071,17.12474390373828,358.7004609061688,21891.950716085823
2019-10-10,HEXAGON_5_min,long,62.542795,61.79652944519662,61.79652944519662,stop,0.5,293.3533589374061,-218.91950716085825,21.88521508440381,-240.80472224526204,21651.14599384056
2019-10-10,HUSQVARNA_5_min,short,71.58,72.445,72.445,stop,0.5,250.30226582474785,-216.5114599384056,21.629870301245585,-238.14133023965118,21413.00466360091
2019-10-11,ABB_5_min,long,179.9,178.0070872165809,181.8,eod,0.5,113.12198243451799,214.93176662558483,24.549732627939093,190.38203399764575,21603.386697598555
2019-10-11,ASSA_5_min,short,212.4,214.73708506921113,214.73708506921113,stop,0.5,92.43731425185425,-216.03386697598552,23.6900429766982,-239.72390995268373,21363.66278764587
2019-10-11,BOLIDEN_5_min,short,218.144697,220.99434374241977,220.99434374241977,stop,0.5,74.96951278074914,-213.6366278764587,19.753223956478852,-233.38985183293755,21130.272935812933
2019-10-11,ESSITY_5_min,short,280.4,283.27192732454574,283.27192732454574,stop,0.5,73.57523554031776,-211.30272935812934,24.883376892220998,-236.18610625035035,20894.086829562584
2019-10-11,GETINGE_5_min,short,131.4,133.5358745247148,133.05,eod,0.5,97.82450508113281,-161.4104333838697,15.521814221223343,-176.93224760509304,20717.15458195749
2019-10-11,HEXAGON_5_min,short,63.457079,64.18686902865625,64.18686902865625,stop,0.5,283.87829058316584,-207.1715458195749,21.741207461796836,-228.91275328137175,20488.241828676117
2019-10-11,HM_5_min,short,201.5,204.03709733026872,200.1,eod,0.5,80.75465447951917,113.05651627132731,19.45864154338494,93.59787472794237,20581.83970340406
2019-10-11,NORDEA_5_min,long,68.85,68.16410340314135,70.01,eod,0.5,300.0720487266956,348.08357652297013,25.000802811713367,323.0827737112568,20904.922477115317
2019-10-11,SANDVIK_min,long,150.85,148.8998792873793,154.3,eod,0.5,107.19809467087754,369.83342661452934,19.626899153290967,350.20652746123835,21255.129004576556
2019-10-11,SKF_5_min,long,165.2,163.11833232077763,163.11833232077763,stop,0.5,102.10625459927742,-212.55129004576557,20.1140131377333,-232.66530318349888,21022.46370139306
2019-10-11,SWEDBANK_5_MIN,long,137.0,135.57291666666669,140.25,eod,0.5,147.31069454990953,478.75975728720596,24.50513403837745,454.2546232488285,21476.718324641886
2019-10-11,VOLVO_5_MIN,long,135.75,133.8909507098,138.25,eod,0.5,115.5252764832896,288.813191208224,18.99235545385281,269.82083575437116,21746.539160396256
2019-10-14,ABB_5_min,short,181.65,183.46557168409467,182.3,eod,0.5,119.77791541312887,-77.85564501853445,26.155903388764948,-104.01154840729939,21642.527611988957
2019-10-14,ERICSSON_5_MIN,short,82.9,83.93535929173113,83.93535929173113,stop,0.5,209.03398254921282,-216.42527611988956,20.924555749667626,-237.3498318695572,21405.1777801194
2019-10-14,INVESTOR_5_MIN,long,118.725,117.8142857142857,119.125,eod,0.5,235.0372462130742,94.01489848523102,33.54216540706782,60.472733078163195,21465.650513197565
2019-10-14,KINNEVIK_5_min,short,126.02299599,127.05796749964284,127.05796749964284,stop,0.5,207.4032986724929,-214.65650513197565,31.493895995378796,-246.15040112735446,21219.50011207021
2019-10-14,SKF_5_min,short,168.1,170.18839285714287,168.85,eod,0.5,101.60684106677381,-76.20513080008035,20.54185505846966,-96.74698585855002,21122.75312621166
2019-10-14,SWEDBANK_5_MIN,short,139.0,140.45913967455468,139.4,eod,0.5,144.76169413088041,-57.90467765235299,24.180993387622262,-82.08567103997525,21040.667455171686
2019-10-14,VOLVO_5_MIN,short,136.9,138.7067159801877,138.25,eod,0.5,116.45808021793067,-157.21840829420574,19.226064463178172,-176.44447275738392,20864.222982414303
2019-10-15,HEXAGON_5_min,long,64.18565,63.40022925844983,63.40022925844983,stop,0.5,265.6439011431656,-208.64222982414302,20.3354464181973,-228.97767624234032,20635.245306171964
2019-10-15,NORDEA_5_min,long,70.03,69.33339045712651,70.08,eod,0.5,296.22398253478315,14.811199126738316,24.902365315769078,-10.091166189030762,20625.154139982933
2019-10-15,SEB_5_MIN,long,92.56,91.72713729609491,93.54,eod,0.5,247.64170664956598,242.68887251657563,27.651672964490537,215.0371995520851,20840.191339535017
2019-10-15,SKF_5_min,long,170.45,168.3820746400235,168.3820746400235,stop,0.5,100.77825700523279,-208.40191339535016,20.488143539813098,-228.89005693516327,20611.301282599852
2019-10-15,VOLVO_5_MIN,long,140.1,138.3554631995911,138.3554631995911,stop,0.5,118.14770131400412,-206.11301282599854,19.73932373721477,-225.8523365632133,20385.44894603664
2019-10-15,ALFA_LAVAL_5_MIN,long,200.8,198.39342030225265,205.0,eod,0.5,84.70714252728925,355.7699986146139,20.624495062544383,335.1455035520695,20720.59444958871
2019-10-15,HUSQVARNA_5_min,long,74.02,73.25670013568521,74.48,eod,0.5,271.4607380179415,124.87193948825524,24.187151757398585,100.68478773085666,20821.279237319566
2019-10-15,SANDVIK_min,long,155.65,153.74085490855484,157.4,eod,0.5,109.06074834552491,190.8563096046686,20.484880361739947,170.37142924292866,20991.650666562495
2019-10-15,ABB_5_min,long,183.6,181.81754522769808,184.75,eod,0.5,117.7682092850705,135.43344067783175,26.027951934093426,109.40548874373833,21101.056155306233
2019-10-15,BOLIDEN_5_min,long,228.567369,225.82010196126114,228.887363,eod,0.5,76.80744484523302,24.577921505803953,21.081557458368508,3.4963640474354456,21104.552519353667
2019-10-16,SEB_5_MIN,long,93.7,92.85785241248819,92.85785241248819,stop,0.5,250.60396576933152,-211.04552519353666,28.051282595987512,-239.09680778952418,20865.455711564144
2019-10-16,SWEDBANK_5_MIN,long,141.4,139.97247608926673,139.97247608926673,stop,0.5,146.16536756183834,-208.65455711564144,24.676146833623342,-233.33070394926477,20632.12500761488
2019-10-16,ALFA_LAVAL_5_MIN,short,203.5,206.00824917595904,206.00824917595904,stop,0.5,82.2570787837541,-206.32125007614877,20.210971389038438,-226.5322214651872,20405.592786149693
2019-10-16,VOLVO_5_MIN,short,138.65,140.3092137584238,139.8,eod,0.5,122.98350759539561,-141.43103373470564,20.54685461396274,-161.9778883486684,20243.614897801024
2019-10-16,ESSITY_5_min,long,285.2,282.356473135606,284.0,eod,0.5,71.19192419557218,-85.4303090346858,24.31346595127181,-109.74377498595761,20133.871122815068
2019-10-16,INVESTOR_5_MIN,long,119.925,119.0598124850942,119.675,eod,0.5,232.7110687098535,-58.17776717746337,33.45454323772853,-91.63231041519191,20042.238812399875
2019-10-17,ASSA_5_min,short,217.9,220.24642857142857,220.24642857142857,stop,0.5,85.41593405589026,-200.42238812399876,22.45481186980858,-222.87719999380732,19819.361612406068
2019-10-17,BOLIDEN_5_min,short,224.361729,227.08568133892942,226.510263,eod,0.5,72.75957559593553,-156.32642199343863,19.68315287160842,-176.00957486504706,19643.352037541023
2019-10-17,GETINGE_5_min,long,137.15,135.1116126885537,135.1116126885537,stop,0.5,96.36712280946897,-196.43352037541024,15.742240959757156,-212.1757613351674,19431.176276205857
2019-10-17,HANDELSBANKEN_5_min,long,94.6,93.70357142857142,94.4,eod,0.5,216.76212579034404,-43.352425158066346,24.58082506462501,-67.93325022269136,19363.243025983167
2019-10-17,NORDEA_5_min,long,70.54,69.8442722257155,70.2,eod,0.5,278.3163723181315,-94.62756658816566,23.5021477440323,-118.12971433219796,19245.11331165097
2019-10-17,SWEDBANK_5_MIN,long,142.0,140.5418075389817,142.9,eod,0.5,131.97924023150787,118.78131620835784,22.560531325173955,96.22078488318388,19341.334096534152
2019-10-17,KINNEVIK_5_min,long,130.96650638,129.91139372651975,130.57687017,eod,0.5,183.31060700236574,-71.42445016519977,28.766205067697282,-100.19065523289706,19241.143441301254
2019-10-17,ESSITY_5_min,long,287.0,284.25350262697026,288.5,eod,0.5,70.05702474084582,105.08553711126874,24.190690643014058,80.89484646825468,19322.03828776951
2019-10-17,VOLVO_5_MIN,long,140.75,139.0717108788853,140.75,eod,0.5,115.12937815467804,0.0,19.445351970325117,-19.445351970325117,19302.592935799184
2019-10-17,ERICSSON_5_MIN,long,89.94,88.9239360069078,88.9239360069078,stop,0.5,189.97418535672452,-193.02592935799186,20.387718319565767,-213.41364767755763,19089.179288121628
2019-10-18,ASSA_5_min,short,223.9,226.25398878552315,226.25398878552315,stop,0.5,81.09290666768963,-190.89179288121628,21.90257723920358,-212.79437012041984,18876.384918001208
2019-10-18,ATLAS_5_min,short,67.12500004,67.818281902617,67.818281902617,stop,0.5,272.27576453171105,-188.76384918001207,22.045071155606568,-210.80892033561864,18665.57599766559
2019-10-18,ESSITY_5_min,long,290.5,287.786483459683,287.786483459683,stop,0.5,68.78740453701054,-186.65575997665587,23.867295765615886,-210.52305574227177,18455.052941923317
2019-10-18,GETINGE_5_min,long,156.35,154.41096152081133,154.41096152081133,stop,0.5,95.17631104280758,-184.5505294192332,17.746249160200016,-202.2967785794332,18252.756163343885
2019-10-18,HEXAGON_5_min,short,65.142792,65.8971348556918,65.8971348556918,stop,0.5,241.96896710321994,-182.52756163343886,19.02455745033194,-201.5521190837708,18051.204044260114
2019-10-18,NORDEA_5_min,short,69.87,70.56446260107818,70.12,eod,0.5,259.93054220969043,-64.98263555242261,21.832605962360738,-86.81524151478334,17964.38880274533
2019-10-18,SANDVIK_min,long,158.0,156.10535714285714,165.7,eod,0.5,94.81675522655414,730.0890152444657,18.41531020010134,711.6737050443644,18676.06250778969
2019-10-18,VOLVO_5_MIN,long,135.2,133.58451609490305,133.58451609490305,stop,0.5,115.60661451881833,-186.76062507789692,18.643960764486344,-205.40458584238326,18470.65792194731
2019-10-18,ERICSSON_5_MIN,long,87.82,86.60818180338012,88.96,eod,0.5,152.42103125260496,173.75997562796974,16.1669939429013,157.59298168506842,18628.25090363238
2019-10-18,ABB_5_min,short,183.3,184.97825165717398,184.97825165717398,stop,0.5,110.99795923932349,-186.2825090363238,24.52688061970339,-210.80938965602718,18417.44151397635
2019-10-18,SEB_5_MIN,long,94.16,93.27473626607484,93.27473626607484,stop,0.5,208.0446855347337,-184.1744151397635,23.396880458856767,-207.57129559862028,18209.87021837773
2019-10-18,INVESTOR_5_MIN,long,120.95,120.13061858414935,120.8,eod,0.5,222.23923884669506,-33.33588582700552,32.23580159471312,-65.57168742171864,18144.298530956014
2019-10-21,GETINGE_5_min,long,162.4,159.53666358310207,159.53666358310207,stop,0.5,63.36767982929881,-181.44298530956013,12.240227653948015,-193.68321296350814,17950.615317992506
2019-10-21,SANDVIK_min,long,168.9,166.75892857142858,172.9,eod,0.5,83.83940432089936,335.35761728359745,17.19378503813004,318.1638322454674,18268.779150237973
2019-10-21,ATLAS_5_min,long,68.72499998,68.01701582639645,75.00000004,eod,0.5,258.03937923259855,1619.1971201669178,22.252025871219608,1596.9450942956983,19865.72424453367
2019-10-22,ATLAS_5_min,long,74.92500015,74.02856709698982,74.02856709698982,stop,0.5,221.6085649433095,-198.65724244533672,19.80563176847529,-218.462874213812,19647.26137031986
2019-10-22,HUSQVARNA_5_min,short,74.4,75.1150568832557,75.1150568832557,stop,0.5,274.76501283177157,-196.4726137031986,24.648903913842485,-221.12151761704106,19426.139852702818
2019-10-22,NORDEA_5_min,long,71.94,71.26409780708724,71.26409780708724,stop,0.5,287.41051673448607,-194.26139852702818,24.695018249538492,-218.95641677656667,19207.18343592625
2019-10-22,SEB_5_MIN,short,94.86,95.76319057654673,95.76319057654673,stop,0.5,212.6592541450459,-192.0718343592625,24.322671318454425,-216.39450567771695,18990.788930248535
2019-10-22,INVESTOR_5_MIN,long,122.5,121.68606733524356,122.7,eod,0.5,233.32137598791917,46.664275197584494,34.32624083534267,12.338034362241828,19003.126964610776
2019-10-22,SKF_5_min,long,183.9,181.65083229134103,181.65083229134103,stop,0.5,84.48959537988858,-190.03126964610777,18.531145146646146,-208.5624147927539,18794.56454981802
2019-10-22,SWEDBANK_5_MIN,long,145.85,144.39530266135378,147.3,eod,0.5,129.1991402645229,187.3387533835604,22.724836781126932,164.61391660243348,18959.178466420453
2019-10-23,ABB_5_min,long,192.85,191.29798805815162,194.15,eod,0.5,122.15871511813829,158.80632965358117,28.365253650431708,130.44107600314948,19089.619542423603
2019-10-23,HANDELSBANKEN_5_min,long,98.0,97.20357142857142,97.20357142857142,stop,0.5,239.69029021876975,-190.89619542423603,28.07304041247278,-218.9692358367088,18870.650306586893
2019-10-23,SEB_5_MIN,long,96.56,95.67444974093264,95.67444974093264,stop,0.5,213.09519265977116,-188.70650306586893,24.57854226203348,-213.28504532790242,18657.36526125899
2019-10-23,SKF_5_min,long,174.0,171.52501541623843,171.52501541623843,stop,0.5,75.38376353400503,-186.5736526125899,15.628185634332695,-202.2018382469226,18455.16342301207
2019-10-23,SWEDBANK_5_MIN,long,143.6,142.1375,142.1375,stop,0.5,126.18915161033844,-184.5516342301207,21.634183624955444,-206.18581785507615,18248.977605156993
2019-10-23,KINNEVIK_5_min,short,129.26184757,130.27480064614912,130.27480064614912,stop,0.5,180.15619908607007,-182.48977605156995,28.05428163969593,-210.5440576912659,18038.433547465727
2019-10-23,NORDEA_5_min,short,71.03,71.68354359082005,70.78,eod,0.5,276.0096465001143,69.00241162502857,23.484556782108722,45.517854842919846,18083.95140230865
2019-10-23,HEXAGON_5_min,short,66.628505,67.39196076396864,67.39196076396864,stop,0.5,236.86966888957247,-180.83951402308648,19.04723000996252,-199.886744033049,17884.064658275598
2019-10-24,ABB_5_min,long,197.0,195.39561416237396,199.95,eod,0.5,111.46984870383855,328.8360536763225,26.548773865793223,302.28727981052924,18186.35193808613
2019-10-24,BOLIDEN_5_min,long,240.452872,237.3744208564987,237.3744208564987,stop,0.5,59.07630522731503,-181.8635193808613,16.936962599239298,-198.8004819801006,17987.55145610603
2019-10-24,ERICSSON_5_MIN,short,86.0,87.1935786768582,87.1935786768582,stop,0.5,150.70268768083122,-179.8755145610603,15.660442677398416,-195.5359572384587,17792.01549886757
2019-10-24,HANDELSBANKEN_5_min,long,96.9,95.97857142857143,98.5,eod,0.5,193.09164107298002,308.94662571676696,22.638063999396177,286.30856171737076,18078.324060584942
2019-10-24,NORDEA_5_min,long,69.6,68.93249999999999,68.93249999999999,stop,0.5,270.8363155143795,-180.78324060584941,22.51177912739746,-203.29501973324687,17875.029040851696
2019-10-24,ALFA_LAVAL_5_MIN,short,223.0,225.32380633218435,225.32380633218435,stop,0.5,76.92133717550124,-178.75029040851697,20.69140000240924,-199.4416904109262,17675.58735044077
2019-10-24,SEB_5_MIN,long,96.28,95.30983419164707,96.54,eod,0.5,182.1914068529064,47.3697657817566,21.07808824162645,26.29167754013015,17701.8790279809
2019-10-25,ALFA_LAVAL_5_MIN,short,225.2,228.0468879798615,228.0468879798615,stop,0.5,62.179752604252315,-177.018790279809,16.90966761794103,-193.92845789775004,17507.95057008315
2019-10-25,ESSITY_5_min,short,306.0,308.69167969827987,304.1,eod,0.5,65.04470268610223,123.58493510359276,23.81026386527458,99.77467123831818,17607.72524132147
2019-10-25,SWEDBANK_5_MIN,short,141.85,143.61769006582583,141.15,eod,0.5,99.60866772816007,69.72606740971092,16.91355178024158,52.812515629469345,17660.53775695094
2019-10-28,SEB_5_MIN,long,96.0,95.00363853265733,96.08,eod,0.5,177.25030860589447,14.180024688471256,20.427743566212126,-6.247718877740869,17654.2900380732
2019-10-28,VOLVO_5_MIN,long,147.1,145.34255527210883,147.8,eod,0.5,100.45431163719905,70.31801814604106,17.774385901086,52.543632244955056,17706.833670318156
2019-10-28,INVESTOR_5_MIN,short,123.2,123.87119399959458,123.475,eod,0.5,263.81096495221385,-72.54801536185656,39.045341867752406,-111.59335722960896,17595.240313088547
2019-10-28,KINNEVIK_5_min,long,129.06702946,127.95648675442987,130.04111998,eod,0.5,158.43821426079967,154.33316251717446,24.631579498616407,129.70158301855804,17724.941896107106
2019-10-28,BOLIDEN_5_min,long,239.127181,235.89156408011118,243.195681,eod,0.5,54.78071828328837,222.87535233555874,15.853195694886823,207.0221566406719,17931.96405274778
2019-10-28,ALFA_LAVAL_5_MIN,long,225.8,222.7835057434791,227.2,eod,0.5,59.4463722713325,83.22492117986415,16.157523983348174,67.06739719651598,17999.031449944294
2019-10-28,GETINGE_5_min,long,158.3,155.15773281094303,157.55,eod,0.5,57.28039777338588,-42.96029833003941,10.855208182034358,-53.81550651207377,17945.21594343222
2019-10-29,SKF_5_min,short,179.3,181.80345752089139,180.15,eod,0.5,71.68172734579774,-60.92946824392767,15.459598136668198,-76.38906638059586,17868.826877051626
2019-10-29,INVESTOR_5_MIN,short,123.175,123.81293294704383,123.81293294704383,stop,0.5,280.1050950551351,-178.68826877051626,41.50954706136183,-220.19781583187807,17648.629061219748
2019-10-29,SEB_5_MIN,short,94.78,95.73209796089972,94.64,eod,0.5,185.36568489803307,25.951195885724733,21.06718082003125,4.884015065693482,17653.513076285442
2019-10-29,SWEDBANK_5_MIN,short,136.8,138.50973533508744,136.25,eod,0.5,103.25289952191754,56.78909473705582,16.915922528675747,39.87317220838007,17693.38624849382
2019-10-30,ESSITY_5_min,short,301.1,304.4071428571429,304.4071428571429,stop,0.5,53.50051997384707,-176.93386248493823,19.436968194441388,-196.37083067937962,17497.015417814444
2019-10-31,ATLAS_5_min,short,75.1500001,76.1196429692857,74.9000001,eod,0.5,180.44803888161135,45.11200972040284,16.245736962165232,28.866272758237606,17525.88169057268
2019-10-31,ESSITY_5_min,short,304.5,307.76357002295833,301.9,eod,0.5,53.701564750511984,139.62406835133237,19.538777318826277,120.08529103250609,17645.966981605186
2019-10-31,HEXAGON_5_min,short,71.685643,72.77959356694649,70.39993,eod,0.5,161.3049758807643,207.3919044545853,13.751465955461743,193.64043849912355,17839.60742010431
2019-10-31,INVESTOR_5_MIN,long,124.925,124.29445836552769,124.29445836552769,stop,0.5,282.9251304719002,-178.3960742010431,42.30626866452194,-220.70234286556502,17618.90507723874
2019-10-31,KINNEVIK_5_min,short,130.13852903,131.19547932459307,128.67739326,eod,0.5,166.6956825441084,243.5650244697611,25.886098091648677,217.67892637811244,17836.584003616856
2019-10-31,SEB_5_MIN,short,93.2,94.19928418476599,92.62,eod,0.5,178.49360848029337,103.52629291856985,19.900609396684867,83.62568352188498,17920.20968713874
2019-10-31,SKF_5_min,short,175.6,178.0109206620308,174.7,eod,0.5,74.32932144703554,66.89638930233241,15.622536781737928,51.27385252059448,17971.483539659333
2019-11-04,ATLAS_5_min,long,76.17500015,75.19984011563342,77.94999994,eod,0.5,184.29265870532495,327.1194305004926,17.042463623726725,310.0769668767659,18281.560506536098
2019-11-04,ERICSSON_5_MIN,long,85.14,84.04156699368365,86.64,eod,0.5,166.43309515838507,249.6496427375776,17.15392625178443,232.49571648579317,18514.05622302189
2019-11-04,HANDELSBANKEN_5_min,short,96.9,97.85000000000001,96.7,eod,0.5,194.88480234759825,38.97696046952021,22.637818640697017,16.33914182882319,18530.395364850712
2019-11-04,HEXAGON_5_min,long,72.85707,71.7512549177494,74.68564,eod,0.5,167.57227914758695,306.41764248090533,14.83444091178688,291.58320156911844,18821.97856641983
2019-11-04,HM_5_min,short,201.7,203.41929756304603,201.3,eod,0.5,109.4748167564046,43.789926702559356,26.471010691698634,17.318916010860722,18839.29748243069
2019-11-04,KINNEVIK_5_min,long,130.28464302,129.18357256892858,131.74577879,eod,0.5,171.09983710941185,250.0000922417348,26.900017493640885,223.1000747480939,19062.397557178785
2019-11-04,SANDVIK_min,long,174.15,171.9130011901342,178.6,eod,0.5,85.2141604774581,379.20301412468757,18.035577065054003,361.1674370596336,19423.56499423842
2019-11-04,SKF_5_min,long,178.3,175.92410714285714,183.5,eod,0.5,81.75269745789886,425.11402678107316,17.746875564160682,407.3671512169125,19830.932145455332
2019-11-04,VOLVO_5_MIN,long,147.1,145.49712463556853,151.75,eod,0.5,123.72098658144424,575.3025876037163,22.18441010391876,553.1181774997976,20384.05032295513
2019-11-04,SEB_5_MIN,long,93.4,92.43537845795252,94.38,eod,0.5,211.3165571617699,207.09022601853235,23.80861386230229,183.28161215623007,20567.33193511136
2019-11-04,ASSA_5_min,short,231.1,233.19007466133004,231.7,eod,0.5,98.40477144497333,-59.04286286698344,27.325036934840192,-86.36789980182363,20480.96403530954
2019-11-05,SKF_5_min,short,183.35,185.94200148809526,183.2,eod,0.5,79.01601958708753,11.852402938063578,17.377993187788157,-5.525590249724578,20475.438445059815
2019-11-05,VOLVO_5_MIN,long,153.5,151.72804841114527,153.0,eod,0.5,115.55303527391355,-57.776517636956775,21.2502031868727,-79.02672082382948,20396.411724235986
2019-11-06,ABB_5_min,long,208.7,206.91793508050702,208.0,eod,0.5,114.45380861904385,-80.1176660333294,28.61574123093334,-108.73340726426274,20287.678316971724
2019-11-06,SEB_5_MIN,long,95.4,94.43675398325682,94.43675398325682,stop,0.5,210.61782726666306,-202.87678316971724,23.989802795585756,-226.866585965303,20060.81173100642
2019-11-06,HM_5_min,short,197.8,199.44602637540223,197.44,eod,0.5,121.8741815489102,43.874705357609336,28.90173090923476,14.972974448374575,20075.784705454793
2019-11-07,HEXAGON_5_min,long,76.657066,75.44227132142856,75.91421,eod,0.5,165.26072314593387,-122.7649197532964,15.128423641834717,-137.89334339513113,19937.89136205966
2019-11-07,KINNEVIK_5_min,long,127.84941591,126.73272829091668,126.73272829091668,stop,0.5,178.54493075177533,-199.37891362059662,27.272610784194686,-226.6515244047913,19711.23983765487
2019-11-08,ALFA_LAVAL_5_MIN,long,237.0,233.94285714285715,237.7,eod,0.5,64.47601816055347,45.133212712386694,18.364059492488835,26.76915321989786,19738.00899087477
2019-11-08,ERICSSON_5_MIN,long,85.82,84.94581739738805,87.18,eod,0.5,225.7881697931335,307.0719109186646,23.436812024527253,283.6350988941374,20021.644089768906
2019-11-08,HANDELSBANKEN_5_min,short,96.6,97.53928571428571,96.5,eod,0.5,213.15818802795738,21.315818802794528,24.696507664919142,-3.3806888621246145,20018.26340090678
2019-11-08,KINNEVIK_5_min,long,125.65771184,124.44074714708121,127.94682496,eod,0.5,164.49337862789233,376.5439511702353,25.02976025615619,351.5141909140791,20369.77759182086
2019-11-08,HM_5_min,short,193.8,195.41405153428278,193.44,eod,0.5,126.2027708481598,45.43299750533925,29.32245658994484,16.110540915394413,20385.888132736254
2019-11-11,HM_5_min,short,188.6,190.25894976235884,187.52,eod,0.5,122.88430062975362,132.71504468013197,27.731545891717758,104.98349878841421,20490.871631524667
2019-11-11,KINNEVIK_5_min,long,128.57998421,127.30274575571946,127.30274575571946,stop,0.5,160.43105782519768,-204.9087163152467,24.630922228559864,-229.53963854380655,20261.33199298086
2019-11-12,GETINGE_5_min,long,167.55,165.63157036247335,168.1,eod,0.5,105.61415230794111,58.087783769365814,21.26963413329626,36.81814963606955,20298.15014261693
2019-11-12,VOLVO_5_MIN,long,152.8,151.21445455398182,151.21445455398182,stop,0.5,128.0199832404179,-202.98150142616927,23.351955226107325,-226.3334566522766,20071.816685964655
2019-11-13,KINNEVIK_5_min,long,101.91424874,100.56743752793405,102.06036191,eod,0.5,149.03214723892322,21.775559464984696,18.2392645244357,3.536294940548995,20075.352980905205
2019-11-13,SWEDBANK_5_MIN,short,135.3,137.03251304210363,133.6,eod,0.5,115.87418099046279,196.98610768378873,18.695140361001265,178.29096732278748,20253.643948227993
2019-11-14,ASSA_5_min,long,226.9,225.14208238851097,225.14208238851097,stop,0.5,115.2138406024174,-202.53643948227995,31.248902655536845,-233.7853421378168,20019.858606090176
2019-11-14,ATLAS_5_min,long,78.97499999,78.17499998714285,78.17499998714285,stop,0.5,250.24823168238242,-200.19858606090176,23.595905761899864,-223.79449182280163,19796.064114267374
2019-11-14,SEB_5_MIN,short,93.08,93.8839635193133,92.96,eod,0.5,246.23087539066526,29.54770504688095,27.485275234607617,2.062429812273333,19798.12654407965
2019-11-15,HEXAGON_5_min,long,76.142781,74.96591717924402,74.96591717924402,stop,0.5,168.2278458637798,-197.98126544079653,15.25241447158457,-213.2336799123811,19584.89286416727
2019-11-15,HM_5_min,long,185.88,184.12964285714287,184.12964285714287,stop,0.5,111.89083864449883,-195.8489286416727,24.840413547502322,-220.68934218917502,19364.203521978092
2019-11-15,INVESTOR_5_MIN,short,128.95,129.69346172480618,127.3,eod,0.5,260.4599924364086,429.75898752007197,40.0457238370978,389.7132636829742,19753.916785661066
2019-11-15,SEB_5_MIN,short,82.58,83.33428571428571,81.12,eod,0.5,261.88904829474893,382.3580105103318,25.72274232351024,356.6352681868215,20110.55205384789
2019-11-15,SWEDBANK_5_MIN,short,132.35,133.85478865451012,131.95,eod,0.5,133.6436980274469,53.45747921097952,21.193217633192525,32.264261577786996,20142.816315425676
2019-11-15,KINNEVIK_5_min,long,103.9841917,101.76520846915983,103.88678265,eod,0.5,90.77498214260532,-8.842304774277785,11.32169039075233,-20.163995165030116,20122.652320260648
2019-11-18,HUSQVARNA_5_min,short,75.8,76.51142857142857,75.76,eod,0.5,282.84852659000967,11.313941063598136,25.721113613989118,-14.407172550390982,20108.245147710255
2019-11-18,NORDEA_5_min,long,71.26,70.69003720864926,70.69003720864926,stop,0.5,352.7992608088679,-201.08245147710258,30.04792091940165,-231.13037239650424,19877.114775313752
2019-11-18,ASSA_5_min,long,228.1,226.3366727421281,227.4,eod,0.5,112.7250468486643,-78.90753279406373,30.807755303739956,-109.71528809780368,19767.39948721595
2019-11-18,SEB_5_MIN,long,83.0,81.80282953761214,81.80282953761214,stop,0.5,165.1176679366794,-197.6739948721595,16.32711532956997,-214.0011102017295,19553.39837701422
2019-11-19,SEB_5_MIN,short,82.56,83.81755250320036,82.12,eod,0.5,155.48772975484184,68.41460109213006,15.36343160161641,53.051169490513644,19606.449546504733
2019-11-20,ERICSSON_5_MIN,short,87.3,88.05947802197802,87.18,eod,0.5,258.15690486264003,30.97882858351431,27.025930056260062,3.9528985272542485,19610.40244503199
2019-11-20,GETINGE_5_min,long,164.05,162.12063285604984,166.25,eod,0.5,101.6416315915994,223.61158950151753,20.14333854882317,203.46825095269435,19813.870695984682
2019-11-20,HANDELSBANKEN_5_min,short,95.0,95.78845576085324,94.8,eod,0.5,251.29971369024955,50.259942738050626,28.618011395045613,21.641931343005012,19835.512627327687
2019-11-20,HM_5_min,short,181.44,183.18313284864507,179.78,eod,0.5,113.79231733683231,188.89524677914125,24.662436521046338,164.2328102580949,19999.74543758578
2019-11-21,HUSQVARNA_5_min,short,75.52,76.24478601567209,75.94,eod,0.5,275.94000167125193,-115.89480070192629,25.076323591876687,-140.97112429380297,19858.77431329198
2019-11-21,SANDVIK_min,short,169.85,171.64484348739498,170.45,eod,0.5,110.64348759520405,-66.3860925571218,22.59118729718876,-88.97727985431055,19769.79703343767
2019-11-21,INVESTOR_5_MIN,short,124.65,125.45901014683572,124.55,eod,0.5,244.37019870224498,24.43701987022658,36.538232109959665,-12.101212239733083,19757.695821197936
2019-11-21,ESSITY_5_min,short,303.3,305.4617948808349,303.0,eod,0.5,91.39486820122235,27.418460460367744,33.247625154240666,-5.829164693872922,19751.866656504062
2019-11-21,ABB_5_min,short,207.9,209.1785122478386,209.1785122478386,stop,0.5,154.49102415636523,-197.51866656504066,38.66093190646902,-236.17959847150968,19515.687058032552
2019-11-22,SKF_5_min,long,178.3,176.55178571428573,179.85,eod,0.5,111.63212208884825,173.0297892377129,23.988626715672602,149.04116252204028,19664.728220554593
2019-11-25,BOLIDEN_5_min,long,239.812884,237.19560519881833,238.57862,eod,0.5,75.13425093144915,-92.73550109165384,21.566152383005612,-114.30165347465946,19550.426567079932
2019-11-25,NORDEA_5_min,long,69.85,69.31706656030109,69.63,eod,0.5,366.84555914009354,-80.70602301082016,30.700571153316147,-111.40659416413631,19439.019972915798
2019-11-25,SANDVIK_min,long,174.6,172.9820752785059,175.15,eod,0.5,120.14786420325296,66.0813253117905,25.21302930305263,40.868296008737865,19479.888268924537
2019-11-25,SKF_5_min,long,182.75,181.19021792264675,183.85,eod,0.5,124.88852482507966,137.37737730758693,27.470479920524518,109.9068973870624,19589.7951663116
2019-11-25,VOLVO_5_MIN,long,149.4,147.8919642857143,149.65,eod,0.5,129.90272697613403,32.47568174403351,23.308446301327724,9.167235442705785,19598.962401754306
2019-11-25,HUSQVARNA_5_min,long,76.9,76.19765811011905,76.19765811011905,stop,0.5,279.0515941613032,-195.98962401754304,25.633287334794534,-221.62291135233758,19377.33949040197
2019-11-26,ATLAS_5_min,short,77.55000015,78.25710510091642,78.25710510091642,stop,0.5,274.0376724174919,-193.77339490401974,25.618209881440986,-219.39160478546071,19157.947885616508
2019-11-26,BOLIDEN_5_min,short,236.704367,239.18414875888377,237.070075,eod,0.5,77.25658847591525,-28.253352458350953,21.961318257600226,-50.21467071595118,19107.733214900556
2019-11-26,HUSQVARNA_5_min,long,76.4,75.6562996552241,77.1,eod,0.5,256.92785204581617,179.8494964320684,23.663055173419664,156.18644125864876,19263.919656159203
2019-11-26,INVESTOR_5_MIN,short,126.15,126.90535714285714,126.90535714285714,stop,0.5,255.03061483331567,-192.63919656159203,38.72211799140428,-231.3613145529963,19032.558341606207
2019-11-26,SWEDBANK_5_MIN,short,125.45,127.04821428571428,124.75,eod,0.5,119.08639856200593,83.36047899340448,17.877250152128326,65.48322884127616,19098.041570447484
2019-11-26,KINNEVIK_5_min,long,107.68573649,105.59389772481107,109.09816814,eod,0.5,91.29786620395976,128.9519958039383,11.875144752049025,117.07685105188928,19215.118421499374
2019-11-26,ESSITY_5_min,short,302.1,304.049204840614,304.049204840614,stop,0.5,98.57926689453025,-192.15118421499375,35.8522465451341,-228.00343076012786,18987.114990739246
2019-11-27,ASSA_5_min,short,228.9,230.60765083859727,226.9,eod,0.5,111.18850857319346,222.37701714638692,30.407833324596947,191.96918382178998,19179.084174561038
2019-11-27,ATLAS_5_min,short,78.37500004,79.08435669727524,77.25000004,eod,0.5,270.37293550230805,304.16955244009654,25.246072865505916,278.9234795745906,19458.00765413563
2019-11-27,SEB_5_MIN,long,81.66,80.4601490797546,82.66,eod,0.5,162.17021069714258,162.17021069714258,15.988685413052679,146.1815252840899,19604.189179419718
2019-11-27,SKF_5_min,short,185.2,186.82903772785076,181.65,eod,0.5,120.34214336634174,427.21460895051115,26.488509176365476,400.72609977414567,20004.915279193865
2019-11-27,GETINGE_5_min,short,173.0,175.086178561157,172.55,eod,0.5,95.89263187566793,43.15168434404948,19.881419366782232,23.270264977267246,20028.18554417113
2019-11-27,HUSQVARNA_5_min,long,77.82,77.11535209198104,77.11535209198104,stop,0.5,284.22968856145894,-200.28185544171131,26.42233612335825,-226.70419156506955,19801.48135260606
2019-11-27,NORDEA_5_min,long,69.39,68.82963033395177,69.17,eod,0.5,353.36461897103715,-77.74021617362777,29.377320962776146,-107.11753713640391,19694.363815469656
2019-11-27,ABB_5_min,short,210.9,212.0663247213779,210.9,eod,0.5,168.85832439702412,0.0,42.73466473839886,-42.73466473839886,19651.629150731256
2019-11-28,ALFA_LAVAL_5_MIN,short,235.8,237.80901029055693,237.80901029055693,stop,0.5,97.81746386815993,-196.51629150731256,27.796339351038917,-224.31263085835147,19427.316519872904
2019-11-28,HANDELSBANKEN_5_min,short,95.2,95.9171038824764,94.5,eod,0.5,270.9135593128297,189.63949151898157,30.835381320986276,158.8041101979953,19586.1206300709
2019-11-28,SKF_5_min,long,183.7,182.0110678250029,184.6,eod,0.5,115.96747886044994,104.3707309744056,25.626493478582223,78.74423749582338,19664.86486756672
2019-11-28,SANDVIK_min,long,174.9,173.28729549368543,175.1,eod,0.5,121.93718558216098,24.38743711643081,25.606808972253802,-1.2193718558229918,19663.645495710898
2019-11-28,NORDEA_5_min,short,68.75,69.31280497300665,68.49,eod,0.5,349.3864915702971,90.84048780827904,28.76988126186454,62.070606546414496,19725.716102257313
2019-11-29,HUSQVARNA_5_min,long,75.7,74.96928571428572,74.96928571428572,stop,0.5,269.9511490044992,-197.25716102257314,24.40400807895516,-221.66116910152832,19504.054933155785
2019-11-29,BOLIDEN_5_min,short,227.104538,229.51763757635837,224.910291,eod,0.5,80.82573601288958,177.35162876907413,21.92065874559925,155.43097002347488,19659.48590317926
2019-11-29,ERICSSON_5_MIN,short,86.16,86.80380444856347,86.4,eod,0.5,305.3642444851956,-73.28741867644973,31.616192417019214,-104.90361109346895,19554.58229208579
2019-12-02,ASSA_5_min,long,228.2,226.52678571428572,226.52678571428572,stop,0.5,116.86836802100503,-195.54582292085792,31.8859064051195,-227.43172932597741,19327.150562759813
2019-12-02,HANDELSBANKEN_5_min,long,95.3,94.58571428571429,94.58571428571429,stop,0.5,270.5801078786397,-193.27150562759815,30.827578233624674,-224.09908386122282,19103.05147889859
2019-12-02,HEXAGON_5_min,long,77.657065,76.94788203571429,76.94788203571429,stop,0.5,269.3670384220105,-191.03051478898587,24.987286025041293,-216.01780081402717,18887.03367808456
2019-12-02,HUSQVARNA_5_min,short,74.72,75.44701465201466,73.42,eod,0.5,259.7889000688767,337.725570089539,23.091076593722036,314.63449349581697,19201.66817158038
2019-12-02,KINNEVIK_5_min,short,106.46812293,108.31293635990517,105.29921431,eod,0.5,104.08460747473814,121.66539488653893,13.225032103557536,108.4403627829814,19310.10853436336
2019-12-03,ATLAS_5_min,long,76.92500015,76.20239737198588,76.20239737198588,stop,0.5,267.2299238515522,-193.1010853436336,24.552133667631985,-217.65321901126558,19092.455315352094
2019-12-03,HEXAGON_5_min,long,77.14278,76.40577307400767,76.40577307400767,stop,0.5,259.05394701203556,-190.92455315352095,23.866415239085228,-214.79096839260617,18877.66434695949
2019-12-03,HM_5_min,long,186.24,184.6534601532921,184.74,eod,0.5,118.98638654510152,-178.47957981765228,26.484941808301055,-204.96452162595332,18672.699825333537
2019-12-03,ESSITY_5_min,long,295.1,293.0136882453152,293.0136882453152,stop,0.5,89.5010047439176,-186.72699825333538,31.5820596009641,-218.30905785429948,18454.39076747924
2019-12-04,BOLIDEN_5_min,long,222.53319,219.8420468967853,222.898898,eod,0.5,68.57454271173683,25.078258866024683,18.32718104624047,6.751077819784214,18461.141845299022
2019-12-04,ERICSSON_5_MIN,short,87.2,87.95698903616429,87.95698903616429,stop,0.5,243.87594751494538,-184.61141845299022,25.629945999035673,-210.2413644520259,18250.900480846994
2019-12-04,HUSQVARNA_5_min,short,72.4,73.16671925534433,73.16671925534433,stop,0.5,238.0388956404997,-182.50900480846994,20.7903246561317,-203.29932946460164,18047.601151382394
2019-12-04,ABB_5_min,long,209.9,208.70750826206944,210.7,eod,0.5,151.34361587026123,121.0748926962064,38.19307490101912,82.88181779518729,18130.48296917758
2019-12-04,HANDELSBANKEN_5_min,long,92.8,92.03571428571429,92.5,eod,0.5,237.22127249391505,-71.16638174817385,26.37426107587347,-97.54064282404732,18032.942326353535
2019-12-04,NORDEA_5_min,long,66.53,65.95162124696427,67.16,eod,0.5,311.7843148923444,196.42411838217555,25.00946703477451,171.41465134740105,18204.356977700936
2019-12-04,VOLVO_5_MIN,long,146.1,144.8009075644671,146.65,eod,0.5,140.131344620089,77.07223954105055,24.61407068251863,52.45816885853192,18256.815146559467
2019-12-05,ASSA_5_min,short,225.6,227.47321428571425,227.0,eod,0.5,97.4625022123305,-136.44750309726325,26.466917100780467,-162.91442019804373,18093.900726361422
2019-12-05,VOLVO_5_MIN,short,145.8,147.06403348442757,144.35,eod,0.5,143.14415677489436,207.55902732359925,24.919966252941357,182.6390610706579,18276.53978743208
2019-12-06,ERICSSON_5_MIN,long,87.48,86.70572671945554,87.5,eod,0.5,236.04766232640952,4.720953246527251,24.78217197232508,-20.06121872579783,18256.478568706283
2019-12-06,GETINGE_5_min,long,170.8,168.6642857142857,168.6642857142857,stop,0.5,85.48183945213586,-182.56478568706282,17.410818942697528,-199.97560462976034,18056.502964076524
2019-12-06,NORDEA_5_min,long,68.1,67.56894101707732,68.68,eod,0.5,340.00936891610246,197.20543397134367,27.903888888206694,169.30154508313697,18225.80450915966
2019-12-09,ASSA_5_min,short,227.4,229.1807961244199,223.9,eod,0.5,102.34638462668879,358.2123461934108,27.713354029214788,330.498992164196,18556.30350132386
2019-12-09,ERICSSON_5_MIN,short,87.28,88.0655285616192,87.36,eod,0.5,236.22697388716128,-18.8981579109725,24.752807231792307,-43.650965142764804,18512.652536181093
2019-12-09,SANDVIK_min,long,178.95,177.0670603510387,179.8,eod,0.5,98.31782206292905,83.57014875349194,21.162911199045475,62.40723755444646,18575.05977373554
2019-12-09,KINNEVIK_5_min,long,109.63391834,108.69775542315972,109.63391834,eod,0.5,198.41695755723646,0.0,26.10387422652157,-26.10387422652157,18548.955899509016
2019-12-10,ABB_5_min,long,218.3,216.88327959277206,216.88327959277206,stop,0.5,130.928839627595,-185.48955899509014,34.18682509344774,-219.67638408853787,18329.279515420476
2019-12-10,ESSITY_5_min,short,292.5,294.5957011258956,289.3,eod,0.5,87.46132398811245,279.87623676195886,30.53099897777029,249.34523778418858,18578.624753204665
2019-12-10,GETINGE_5_min,short,170.3,172.40522002177192,169.65,eod,0.5,88.25027579572173,57.362679267219626,18.00040875405336,39.362270513166266,18617.987023717833
2019-12-10,HM_5_min,short,191.04,192.7749510272336,191.52,eod,0.5,107.31131156712945,-51.50942955222409,24.63180921187262,-76.14123876409671,18541.845784953737
2019-12-10,SANDVIK_min,short,180.3,182.17219563930544,178.45,eod,0.5,99.03797122309612,183.22024676273008,21.317923305771437,161.90232345695864,18703.748108410695
2019-12-10,VOLVO_5_MIN,short,142.8,143.98020942408377,143.25,eod,0.5,158.47821349953347,-71.31519607478826,27.199615782924926,-98.51481185771318,18605.233296552982
2019-12-10,ASSA_5_min,long,223.4,221.5839285714286,221.5839285714286,stop,0.5,102.44769563490466,-186.0523329655298,27.352546846025923,-213.40487981155573,18391.828416741428
2019-12-10,HUSQVARNA_5_min,short,74.32,75.01642857142856,74.06,eod,0.5,264.0877926506469,68.66282608916579,23.51120800410179,45.151618085064,18436.98003482649
2019-12-10,HEXAGON_5_min,short,75.51421,76.23833554789934,75.571353,eod,0.5,254.61026873463598,-14.549194586302384,23.080761478412263,-37.62995606471465,18399.350078761778
2019-12-10,KINNEVIK_5_min,short,109.1955772,110.1198172105839,110.1198172105839,stop,0.5,199.07545516383502,-183.9935007876178,26.196187180033792,-210.1896879676516,18189.160390794124
2019-12-10,NORDEA_5_min,short,68.68,69.21016465172222,69.05,eod,0.5,343.0851214185524,-126.94149492486106,28.351868263786326,-155.2933631886474,18033.867027605476
2019-12-10,ATLAS_5_min,long,79.19999994,78.42840861624828,79.19999994,eod,0.5,233.7230405847373,0.0,22.213037760345372,-22.213037760345372,18011.65398984513
2019-12-11,BOLIDEN_5_min,long,230.213054,227.68953452307372,227.68953452307372,stop,0.5,71.37513363591643,-180.1165398984513,19.60971506883986,-199.72625496729114,17811.927734877838
2019-12-12,ATLAS_5_min,short,79.50000004,80.29888313400167,80.29888313400167,stop,0.5,222.96037891672637,-178.11927734877838,21.37729172576706,-199.49656907454545,17612.431165803293
2019-12-12,BOLIDEN_5_min,short,230.213054,232.6097526239732,232.6097526239732,stop,0.5,73.48621553679406,-176.1243116580329,20.406657913747953,-196.53096957178084,17415.900196231512
2019-12-12,ESSITY_5_min,long,291.2,288.9642857142857,288.9642857142857,stop,0.5,77.8985951269148,-174.15900196231513,27.116389679971718,-201.27539164228685,17214.624804589224
2019-12-12,HEXAGON_5_min,short,76.199924,76.95773801118669,76.95773801118669,stop,0.5,227.16160628426562,-172.14624804589224,20.87492431032229,-193.02117235621452,17021.60363223301
2019-12-13,ALFA_LAVAL_5_MIN,short,236.2,238.39999999999998,233.4,eod,0.5,77.37092560105955,216.63859168296543,21.800031997354537,194.8385596856109,17216.44219191862
2019-12-13,ASSA_5_min,short,219.7,221.545588522033,220.7,eod,0.5,93.2842937978061,-93.2842937978061,24.64944179313228,-117.93373559093838,17098.508456327683
2019-12-13,ATLAS_5_min,long,82.55000015,81.70739762997867,81.70739762997867,stop,0.5,202.92496224548248,-170.98508456327684,19.999155745826023,-190.98424030910286,16907.52421601858
2019-12-13,ESSITY_5_min,short,288.8,291.03035714285716,291.03035714285716,stop,0.5,75.80635357061968,-169.0752421601858,26.372895038730064,-195.44813719891587,16712.076078819664
2019-12-13,GETINGE_5_min,short,168.6,170.7160714285714,165.05,eod,0.5,78.97689961298789,280.36799362610566,15.810385533524046,264.55760809258163,16976.633686912246
2019-12-13,HANDELSBANKEN_5_min,long,100.4,99.64341428571429,101.2,eod,0.5,224.3848035505086,179.50784284040623,27.141585837469517,152.36625700293672,17128.999943915183
2019-12-13,HUSQVARNA_5_min,long,76.8,76.07142857142857,76.78,eod,0.5,235.10392079883613,-4.702078415975787,21.664356093771147,-26.366434509746934,17102.633509405438
2019-12-13,INVESTOR_5_MIN,short,130.15,131.08660714285716,128.0,eod,0.5,182.601997431209,392.5942944771004,28.283223382119964,364.31107109498043,17466.944580500418
2019-12-13,KINNEVIK_5_min,long,111.04635,110.12189228054794,110.12189228054794,stop,0.5,188.94260075899692,-174.6694458050042,25.0728617410696,-199.7423075460738,17267.202272954346
2019-12-13,SANDVIK_min,long,189.5,187.49918509070295,187.49918509070295,stop,0.5,86.30084768321163,-172.67202272954347,19.521209549524595,-192.19323227906807,17075.00904067528
2019-12-13,SKF_5_min,long,195.95,194.045139421847,194.045139421847,stop,0.5,89.63915383892208,-170.7500904067528,20.975300579440088,-191.7253909861929,16883.283649689085
2019-12-13,VOLVO_5_MIN,long,150.35,149.13409685552543,149.13409685552543,stop,0.5,138.8538530096896,-168.83283649689082,24.950712458110058,-193.78354895500087,16689.500100734083
2019-12-13,ERICSSON_5_MIN,short,86.28,87.17161706349206,84.74,eod,0.5,187.18237665134865,288.2608600430781,19.207158032948186,269.0537020101299,16958.553802744213
2019-12-16,ALFA_LAVAL_5_MIN,long,235.0,232.80791588045528,238.4,eod,0.5,77.36269631051572,263.03316745575387,21.974100260038885,241.059067195715,17199.612869939927
2019-12-16,HANDELSBANKEN_5_min,short,100.8,101.6392857142857,100.4,eod,0.5,204.93155759928572,81.97262303971254,24.73933763338577,57.23328540632677,17256.846155346255
2019-12-16,HM_5_min,long,190.8,188.97838048312943,194.12,eod,0.5,94.73353790692978,314.51534585100626,21.87890004668125,292.63644580432504,17549.48260115058
2019-12-16,ERICSSON_5_MIN,long,85.6,84.67446273510578,86.86,eod,0.5,189.61400331251247,238.91364417376667,19.620498606765537,219.29314556700115,17768.77574671758
2019-12-16,NORDEA_5_min,long,72.54,71.93763301070395,73.44,eod,0.5,294.98256150262534,265.4843053523603,25.836932596891945,239.64737275546835,18008.42311947305
2019-12-16,ATLAS_5_min,long,83.30000016,82.4373307662053,83.9000001,eod,0.5,208.7523128675984,125.251375195421,20.942032059442827,104.30934313597818,18112.732462609027
2019-12-16,INVESTOR_5_MIN,long,129.25,128.2284838052754,129.85,eod,0.5,177.31223994439216,106.38734396663429,27.564960821755204,78.82238314487908,18191.554845753904
2019-12-17,ATLAS_5_min,short,83.55000016,84.42914569815466,84.12500005,eod,0.5,206.92313224882267,-118.98077828152866,20.817501745965117,-139.79828002749377,18051.75656572641
2019-12-17,INVESTOR_5_MIN,short,129.4,130.44432513646137,129.8,eod,0.5,172.85571260779662,-69.14228504311963,26.88252042476453,-96.02480546788416,17955.731760258524
2019-12-17,NORDEA_5_min,short,73.28,73.90027249868429,73.90027249868429,stop,0.5,289.48134567220006,-179.55731760258524,25.563566003592133,-205.1208836061774,17750.610876652347
2019-12-17,SWEDBANK_5_MIN,short,130.4,131.53127531472362,131.53127531472362,stop,0.5,156.90796613014697,-177.50610876652345,24.659462205305314,-202.16557097182877,17548.445305680518
2019-12-17,ABB_5_min,long,224.3,222.54229193239797,225.4,eod,0.5,99.83708688110573,109.82079556921573,26.938042782259952,82.88275278695578,17631.328058467472
2019-12-17,ERICSSON_5_MIN,long,87.22,86.25850953803723,86.25850953803723,stop,0.5,183.37496580543524,-176.31328058467471,19.08696945270927,-195.40025003738398,17435.92780843009
2019-12-17,HM_5_min,short,193.0,194.98017390277388,191.26,eod,0.5,88.05250783279863,153.2113636290704,20.301033995898717,132.9103296331717,17568.83813806326
2019-12-18,SEB_5_MIN,long,86.04,85.24194865966976,87.46,eod,0.5,220.14671550821512,312.6083360216627,22.917273084405192,289.6910629372575,17858.529201000518
2019-12-18,SWEDBANK_5_MIN,short,131.55,132.70714285714288,132.70714285714288,stop,0.5,154.33296840370613,-178.5852920100052,24.470153567415053,-203.05544557742024,17655.473755423096
2019-12-18,ALFA_LAVAL_5_MIN,long,239.1,236.9052066486972,239.6,eod,0.5,80.44253343916459,40.221266719582296,23.10470445439685,17.116562265185447,17672.590317688282
2019-12-18,VOLVO_5_MIN,short,155.85,157.1689827082096,155.3,eod,0.5,133.98652012411284,73.69258606825979,25.01394344197063,48.67864262628916,17721.26896031457
2019-12-18,ABB_5_min,short,225.1,226.89858964206525,226.2,eod,0.5,98.52869462745214,-108.38156409019679,26.67959993122149,-135.06116402141828,17586.20779629315
2019-12-19,ALFA_LAVAL_5_MIN,long,240.1,237.94463318049185,241.2,eod,0.5,81.59264417138203,89.75190858851977,23.562323783811703,66.18958480470806,17652.39738109786
2019-12-19,NORDEA_5_min,long,75.61,74.94830888746078,75.64,eod,0.5,266.77700586543176,8.003310175963255,24.210013282287928,-16.206703106324674,17636.190677991537
2019-12-20,ATLAS_5_min,long,83.69999994,82.82648411279338,83.92500016,eod,0.5,201.898925339334,45.427302619113384,20.305984428117448,25.121318190995936,17661.311996182532
2019-12-20,ERICSSON_5_MIN,long,83.68,82.53897416595382,82.64,eod,0.5,154.78450591739707,-160.97588615409393,15.446255414508888,-176.42214156860283,17484.889854613928
2019-12-20,ALFA_LAVAL_5_MIN,long,241.5,239.38308457711443,240.2,eod,0.5,82.59607193366404,-107.37489351376418,23.871916710267577,-131.24681022403175,17353.643044389897
2019-12-23,INVESTOR_5_MIN,short,130.05,131.04044111598574,129.9,eod,0.5,175.21125450369422,26.28168817555513,27.327699364941186,-1.046011189386057,17352.597033200513
2019-12-23,KINNEVIK_5_min,long,112.1665545,111.26030223964285,112.06914545,eod,0.5,191.47645520202005,-18.651539598598287,25.761514173701865,-44.41305377230015,17308.183979428213
2019-12-23,HUSQVARNA_5_min,long,75.98,75.34983412322275,76.06,eod,0.5,274.6607618290024,21.972860946319724,25.055653337088913,-3.082792390769189,17305.101187037442
2019-12-23,ALFA_LAVAL_5_MIN,long,241.5,239.54757462686567,241.9,eod,0.5,88.6338675227143,35.45354700908622,25.70736693628805,9.746180072798172,17314.84736711024
2019-12-27,ERICSSON_5_MIN,short,82.96,83.94714320129401,82.92,eod,0.5,175.40360248049834,7.016144099218538,17.457569747679038,-10.4414256484605,17304.40594146178
2019-12-27,GETINGE_5_min,short,171.85,173.93928571428572,173.93928571428572,stop,0.5,82.8245070702441,-173.0440594146178,17.183896283674507,-190.2279556982923,17114.177985763487
2019-12-27,NORDEA_5_min,long,77.24,76.60739527389903,76.60739527389903,stop,0.5,270.53509529159027,-171.14177985763487,24.972671844472334,-196.1144517021072,16918.06353406138
2019-12-27,ALFA_LAVAL_5_MIN,short,241.4,243.2212277800744,242.0,eod,0.5,92.89372652425881,-55.736235914554754,26.942896441096025,-82.67913235565078,16835.38440170573
2019-12-30,ALFA_LAVAL_5_MIN,short,241.3,243.054960974456,235.8,eod,0.5,95.93024942861969,527.6163718574082,27.460993201436672,500.15537865597156,17335.5397803617
2019-12-30,HANDELSBANKEN_5_min,long,104.0,103.01071428571429,103.6,eod,0.5,175.23289308668876,-70.0931572346765,21.82700916287795,-91.92016639755445,17243.619613964147
2019-12-30,HM_5_min,short,193.28,194.9823286881733,190.26,eod,0.5,101.29430193923054,305.90879185647725,23.310249939463485,282.5985419170138,17526.21815588116
2019-12-30,INVESTOR_5_MIN,short,129.2,130.07899646721128,127.95,eod,0.5,199.38894875749466,249.2361859468655,30.763720903793846,218.47246504307165,17744.690620924233
2019-12-30,ERICSSON_5_MIN,short,82.44,83.38793028322439,81.86,eod,0.5,187.19404723062004,108.57254739375931,18.453589175994523,90.11895821776478,17834.809579142
2020-01-02,ALFA_LAVAL_5_MIN,long,238.2,236.3834264096559,241.0,eod,0.5,98.17829387117625,274.8992228392946,28.22822305384059,246.67099978545403,18081.48057892745
2020-01-02,ERICSSON_5_MIN,long,82.9,81.95265722565289,83.88,eod,0.5,190.8652397901979,187.047934994392,19.099502815325522,167.94843217906646,18249.429011106517
2020-01-02,ESSITY_5_min,long,303.8,301.6339285714286,308.4,eod,0.5,84.25127985341952,387.5558873257269,30.94718011575805,356.6087072099689,18606.037718316486
2020-01-02,HANDELSBANKEN_5_min,long,104.8,103.82142857142857,106.0,eod,0.5,190.13469201199345,228.16163041439268,24.04823584567693,204.11339456871573,18810.1511128852
2020-01-02,HM_5_min,long,191.5,189.7657142857143,192.94,eod,0.5,108.46050888813605,156.18313279891566,25.01793482217301,131.16519797674266,18941.31631086194
2020-01-02,INVESTOR_5_MIN,long,129.35,128.46037040106066,130.85,eod,0.5,212.9123888576187,319.3685832864281,33.23988214845143,286.12870113797663,19227.445011999916
2020-01-03,ALFA_LAVAL_5_MIN,short,237.4,239.33132932330827,238.3,eod,0.5,99.55549672421662,-89.59994705179552,28.41512987502591,-118.01507692682144,19109.429935073094
2020-01-03,INVESTOR_5_MIN,short,129.3,130.2214327066218,129.1,eod,0.5,207.38823136779004,41.47764627356155,32.153471391262165,9.324174882299381,19118.754109955393
2020-01-03,BOLIDEN_5_min,short,228.018807,230.46024016575404,225.184572,eod,0.5,78.30955349560259,221.9476773516097,21.29409255131301,200.6535848002967,19319.40769475569
2020-01-03,ERICSSON_5_MIN,short,82.9,83.86789841116996,82.56,eod,0.5,199.6016056210197,67.86454591114737,19.815648999632355,48.048896911515016,19367.456591667204
2020-01-03,HANDELSBANKEN_5_min,short,105.0,106.03534155597724,105.0,eod,0.5,187.06345244093495,0.0,23.5699950075578,-23.5699950075578,19343.886596659646
2020-01-03,SWEDBANK_5_MIN,short,139.8,140.99835693906664,138.7,eod,0.5,161.42007415358358,177.56208156894562,26.973294391063813,150.5887871778818,19494.47538383753
2020-01-03,ABB_5_min,long,227.3,225.64344081272085,227.4,eod,0.5,117.68052438776155,11.768052438775486,32.105600663469104,-20.33754822469362,19474.137835612837
2020-01-07,ABB_5_min,long,229.6,227.91923244657653,229.7,eod,0.5,115.86455126377837,11.586455126377178,31.929953037272043,-20.343497910894865,19453.794337701944
2020-01-07,ALFA_LAVAL_5_MIN,long,237.7,235.63755037593984,236.6,eod,0.5,94.32373092054047,-103.75610401259398,26.842647345367403,-130.5987513579614,19323.195586343983
2020-01-07,ASSA_5_min,long,222.7,220.840352004111,220.840352004111,stop,0.5,103.90781281759007,-193.23195586343985,27.652384723854702,-220.88434058729456,19102.31124575669
2020-01-07,ATLAS_5_min,long,82.57499994,81.7792517904453,82.6500001,eod,0.5,240.05473662045452,18.004143655292395,23.79782632063007,-5.793682665337673,19096.51756309135
2020-01-07,ERICSSON_5_MIN,long,83.8,82.84385902031063,82.84385902031063,stop,0.5,199.72491472225667,-190.9651756309135,19.969758319091582,-210.93493395000507,18885.582629141347
2020-01-07,ESSITY_5_min,long,306.1,303.5625,305.9,eod,0.5,74.42594139563026,-14.885188279129437,27.329205680475432,-42.21439395960487,18843.36823518174
2020-01-07,GETINGE_5_min,long,174.35,172.41174276672695,176.0,eod,0.5,97.21809836025623,160.40986229442333,20.436216456309463,139.97364583811387,18983.341881019853
2020-01-07,HANDELSBANKEN_5_min,long,106.0,104.95874966243586,105.8,eod,0.5,182.31294815643278,-36.462589631287074,23.168329451719476,-59.630919083006546,18923.710961936846
2020-01-07,HEXAGON_5_min,long,75.771353,74.7195983368404,75.71421,eod,0.5,179.9251443781358,-10.281462525201722,16.35363707638691,-26.63509960158863,18897.075862335256
2020-01-07,HM_5_min,long,191.72,189.91500000000002,192.52,eod,0.5,104.69294106557054,83.75435285245761,24.13632940502089,59.61802344743673,18956.693885782694
2020-01-07,HUSQVARNA_5_min,long,77.62,76.95608643612124,77.78,eod,0.5,285.5295465727871,45.68472745164497,26.62277492244667,19.061952529198297,18975.755838311892
2020-01-07,INVESTOR_5_MIN,long,129.65,128.6982142857143,129.55,eod,0.5,199.37004257888853,-19.93700425788772,31.00602902186874,-50.94303327975646,18924.812805032136
2020-01-07,KINNEVIK_5_min,long,112.70230387,111.8701286076071,113.14064502,eod,0.5,227.41378721850512,99.6848210152147,30.81588019420211,68.86894082101259,18993.681745853148
2020-01-07,NORDEA_5_min,long,77.13,76.48380505739878,76.48380505739878,stop,0.5,293.93114203889326,-189.9368174585315,27.09112869207668,-217.02794615060816,18776.65379970254
2020-01-07,SANDVIK_min,long,182.65,180.83472042884532,184.2,eod,0.5,103.43670527707646,160.32689317946674,22.767453198537297,137.55943998092943,18914.21323968347
2020-01-07,VOLVO_5_MIN,long,158.3,156.6381329471922,158.65,eod,0.5,113.8130346090369,39.83456211316227,21.64382479160055,18.19073732156172,18932.403977005033
2020-01-07,SKF_5_min,long,189.6,187.88739584911377,190.95,eod,0.5,110.54746052792224,149.2390717126944,25.24130166234048,123.99777005035392,19056.401747055388
2020-01-08,ALFA_LAVAL_5_MIN,short,233.8,235.84824786324788,235.84824786324788,stop,0.5,93.03757659894751,-190.5640174705539,26.216960901083045,-216.78097837163693,18839.62076868375
2020-01-08,ASSA_5_min,short,219.7,221.4349246067854,221.4349246067854,stop,0.5,108.59042920367158,-188.39620768683753,28.741818479868073,-217.1380261667056,18622.482742517044
2020-01-08,GETINGE_5_min,long,174.3,172.4107142857143,177.3,eod,0.5,98.56890676568615,295.70672029705844,20.79409657128915,274.91262372576927,18897.395366242814
2020-01-08,SKF_5_min,short,188.2,189.878130324486,189.878130324486,stop,0.5,112.60981993177971,-188.97395366242813,25.545186105590584,-214.5191397680187,18682.876226474797
2020-01-08,KINNEVIK_5_min,short,111.38728127,112.18567567917559,112.18567567917559,stop,0.5,234.00559938497753,-186.82876226474798,31.390394278298164,-218.21915654304615,18464.65706993175
2020-01-08,INVESTOR_5_MIN,short,128.05,128.97211950175165,128.97211950175165,stop,0.5,200.2414766725646,-184.6465706993175,30.879893247925867,-215.52646394724337,18249.130605984505
2020-01-08,ESSITY_5_min,short,303.7,306.141866118175,306.141866118175,stop,0.5,74.73436184791046,-182.49130605984504,27.345685615488392,-209.83699167533342,18039.293614309172
2020-01-08,ABB_5_min,long,228.3,226.71796375266527,230.4,eod,0.5,114.02579204300783,239.4541632903158,31.382178486076615,208.07198480423918,18247.36559911341
2020-01-09,ERICSSON_5_MIN,short,84.1,85.05052438651869,83.98,eod,0.5,191.97156704147892,23.036588044975616,19.359948592999064,3.676639451976552,18251.042238565387
2020-01-09,HM_5_min,short,192.32,194.17183821892394,189.88,eod,0.5,98.55635363855163,240.47750287806574,22.60094301639266,217.8765598616731,18468.91879842706
2020-01-09,SKF_5_min,short,191.0,192.69464285714287,186.8,eod,0.5,108.98413621832555,457.73337211696605,24.704523997970032,433.028848118996,18901.947646546058
2020-01-09,BOLIDEN_5_min,short,228.384515,230.9980128164221,225.824561,eod,0.5,72.32432921035688,185.14695585937028,19.710220045773603,165.43673581359667,19067.384382359654
2020-01-09,HUSQVARNA_5_min,long,78.12,77.47785714285715,78.82,eod,0.5,296.9336833737874,207.8535783616478,27.960463361209314,179.89311500043848,19247.277497360094
2020-01-09,SWEDBANK_5_MIN,long,139.9,138.63746159754226,138.63746159754226,stop,0.5,152.44904598459684,-192.47277497360096,25.47766217490996,-217.95043714851093,19029.32706021158
2020-01-09,ATLAS_5_min,long,83.75000005,82.95285975954755,82.95285975954755,stop,0.5,238.7199253146617,-190.29327060211583,23.877176546085426,-214.17044714820125,18815.15661306338
2020-01-09,KINNEVIK_5_min,long,112.94582691,112.12409886277733,112.70230387,eod,0.5,228.97060258142855,-55.75961721126121,31.000073085641752,-86.75969029690296,18728.39692276648
2020-01-09,ESSITY_5_min,short,305.2,307.7370382477934,305.2,eod,0.5,73.81992344441574,0.0,27.035808762282816,-27.035808762282816,18701.361114004194
2020-01-10,ERICSSON_5_MIN,short,82.9,83.83026542423094,82.16,eod,0.5,201.03252928555125,148.76407167130975,19.909457570323852,128.85461410098588,18830.21572810518
2020-01-10,HANDELSBANKEN_5_min,short,106.0,106.9857142857143,105.4,eod,0.5,191.03117405323925,114.61870443194246,24.230394116912866,90.3883103150296,18920.60403842021
2020-01-10,HM_5_min,short,189.6,191.51357142857142,185.04,eod,0.5,98.8758703015613,450.87396857511976,22.225713629866156,428.6482549452536,19349.25229336546
2020-01-10,SEB_5_MIN,short,89.72,90.5212499602025,89.82,eod,0.5,241.48834014887672,-24.148834014886297,26.014089954197594,-50.16292396908389,19299.089369396377
2020-01-10,HUSQVARNA_5_min,short,78.34,79.02214285714287,79.02214285714287,stop,0.5,282.9185876141849,-192.99089369396378,26.71240512065067,-219.70329881461444,19079.386070581764
2020-01-13,ATLAS_5_min,long,82.87500005,82.12968268947941,83.97499999,eod,0.5,255.99009336445937,281.5890873415006,25.62716825285979,255.9619190886408,19335.347989670405
2020-01-13,BOLIDEN_5_min,long,227.561673,225.18824211563478,230.853043,eod,0.5,81.46581439147985,268.1341375136851,22.40707690078737,245.72706061289776,19581.075050283303
2020-01-13,ERICSSON_5_MIN,long,83.4,82.45954894433781,83.56,eod,0.5,208.20940050405702,33.313504080648414,20.857584904894416,12.455919175753998,19593.530969459058
2020-01-13,ESSITY_5_min,long,313.4,310.87517446633825,315.3,eod,0.5,77.60350451241983,147.44665857360033,29.273593972175004,118.17306460142532,19711.704034060484
2020-01-13,GETINGE_5_min,short,179.0,180.74285714285713,177.0,eod,0.5,113.0999411790362,226.1998823580724,24.158147435842128,202.04173492223026,19913.745768982713
2020-01-14,ABB_5_min,short,224.3,225.78729646355427,225.78729646355427,stop,0.5,133.89224177534817,-199.1374576898271,36.1579182708666,-235.29537596069372,19678.45039302202
2020-01-14,ALFA_LAVAL_5_MIN,long,241.1,239.2563781861292,239.2563781861292,stop,0.5,106.73799932810546,-196.7845039302202,30.763367263249336,-227.54787119346955,19450.90252182855
2020-01-15,ATLAS_5_min,long,85.82499994,85.03191176340464,85.03191176340464,stop,0.5,245.2552325937967,-194.5090252182855,25.14213097204577,-219.65115619033128,19231.251365638218
2020-01-15,HANDELSBANKEN_5_min,short,101.8,102.76239495798319,99.8,eod,0.5,199.82701702780605,399.6540340556121,24.171075979683415,375.4829580759287,19606.734323714147
2020-01-16,ATLAS_5_min,long,85.7750001,84.97651502147819,86.37500005,eod,0.5,245.54916367392926,147.3294859268987,25.362773137979577,121.96671278891914,19728.701036503066
2020-01-16,ERICSSON_5_MIN,long,84.44,83.48766917293233,85.4,eod,0.5,207.16226416034323,198.87577359393114,21.110663366995617,177.76511022693552,19906.46614673
2020-01-16,SANDVIK_min,long,182.3,180.68126471742542,185.65,eod,0.5,122.97542631596232,411.96767815847306,27.149284867775005,384.81839329069805,20291.284540020697
2020-01-17,BOLIDEN_5_min,long,238.807187,236.24070189285715,241.001434,eod,0.5,79.06254543830192,173.4827531403569,22.76093453970089,150.721818600656,20442.006358621355
2020-01-17,GETINGE_5_min,short,178.4,180.1459392386823,179.1,eod,0.5,117.08314874720061,-81.9582041230391,25.114335406274527,-107.07253952931362,20334.933819092043
2020-01-17,HEXAGON_5_min,long,77.885636,77.24592242744022,78.257065,eod,0.5,317.8756038850751,118.06821767542704,29.780373223573033,88.287844451854,20423.221663543896
2020-01-17,KINNEVIK_5_min,short,111.28987221,112.12009525267248,112.12009525267248,stop,0.5,245.99680584390418,-204.23221663543896,32.97488303370479,-237.20709966914376,20186.014563874753
2020-01-17,HUSQVARNA_5_min,long,78.44,77.76739927676516,77.76739927676516,stop,0.5,300.11883523989115,-201.86014563874755,28.128469636077224,-229.98861527482478,19956.025948599927
2020-01-17,INVESTOR_5_MIN,short,133.7,134.5505747663551,134.5505747663551,stop,0.5,234.61812809372822,-199.56025948599927,37.761868627049346,-237.32212811304862,19718.703820486877
2020-01-17,SEB_5_MIN,long,91.14,90.4585874834729,92.1,eod,0.5,289.37983001817304,277.8046368174443,31.815576031518013,245.98906078592628,19964.692881272804
2020-01-17,SANDVIK_min,long,189.25,187.591169399114,187.591169399114,stop,0.5,120.35401849115496,-199.64692881272805,27.21260944205365,-226.8595382547817,19737.83334301802
2020-01-20,HEXAGON_5_min,long,78.085636,77.41677985308635,77.41677985308635,stop,0.5,295.09833219139847,-197.37833343018022,27.533102141987435,-224.91143557216765,19512.921907445852
2020-01-21,ABB_5_min,short,225.6,227.10314513073135,227.10314513073135,stop,0.5,129.8139581369089,-195.12921907445852,35.26031227826865,-230.38953135272718,19282.532376093124
2020-01-21,ALFA_LAVAL_5_MIN,short,249.4,251.61076567317576,251.61076567317576,stop,0.5,87.22105924683476,-192.82532376093124,26.219213805649265,-219.04453756658052,19063.487838526544
2020-01-21,BOLIDEN_5_min,short,235.972952,238.8028017976192,238.8028017976192,stop,0.5,67.36572327819289,-190.63487838526544,19.19016722971551,-209.82504561498095,18853.662792911564
2020-01-21,SKF_5_min,short,186.0,187.696768388406,187.696768388406,stop,0.5,111.11512285199493,-188.53662792911564,24.914017397322734,-213.45064532643838,18640.212147585127
2020-01-21,HEXAGON_5_min,short,75.342782,76.03702205474845,76.03702205474845,stop,0.5,268.49807959206913,-186.40212147585126,24.3871120066342,-210.78923348248546,18429.42291410264
2020-01-22,SKF_5_min,short,188.9,190.7299019977384,184.3,eod,0.5,100.712622516833,463.2780635774312,22.551570433969243,440.726493143462,18870.149407246103
2020-01-22,VOLVO_5_MIN,long,162.55,160.97313706415162,160.97313706415162,stop,0.5,119.66892605725073,-188.70149407246103,23.229399820283852,-211.93089389274488,18658.218513353357
2020-01-22,HUSQVARNA_5_min,short,78.48,79.19249399607017,76.44,eod,0.5,261.8719402025098,534.2187580131216,24.341520585703687,509.8772374274179,19168.095750780776
2020-01-22,GETINGE_5_min,short,181.05,182.80691022686992,180.5,eod,0.5,109.10116782079682,60.00564230143949,23.667316335365452,36.33832596607404,19204.43407674685
2020-01-23,HANDELSBANKEN_5_min,short,100.6,101.5,99.5,eod,0.5,213.38260085274143,234.72086093801437,25.61871505838013,209.10214587963424,19413.536222626484
2020-01-23,INVESTOR_5_MIN,short,133.65,134.4970045544396,132.7,eod,0.5,229.2022648623317,217.74215161921902,36.62881394764923,181.11333767156978,19594.649560298054
2020-01-23,ATLAS_5_min,long,84.69999994,83.83354262495327,83.83354262495327,stop,0.5,226.14673821804203,-195.94649560298055,22.867986558837433,-218.81448216181798,19375.835078136235
2020-01-23,HUSQVARNA_5_min,short,75.5,76.2806952103951,75.32,eod,0.5,248.18693416000977,44.67364814880345,22.4589320460076,22.21471610279585,19398.049794239032
2020-01-24,ERICSSON_5_MIN,long,78.02,77.19417913190487,77.19417913190487,stop,0.5,234.89415857198568,-193.98049794239031,21.875342403378145,-215.85584034576846,19182.193953893264
2020-01-24,GETINGE_5_min,long,182.3,180.62053571428572,182.65,eod,0.5,114.21614688123559,39.97565140843181,25.00990968258415,14.965741725847657,19197.15969561911
2020-01-24,SANDVIK_min,long,187.3,185.03476461038963,187.55,eod,0.5,84.74686464668468,21.18671616167117,19.06041732768585,2.12629883398532,19199.285994453094
2020-01-24,ASSA_5_min,long,237.1,235.4637163998792,240.1,eod,0.5,117.33470892842556,352.00412678527664,33.595273860386804,318.40885292488986,19517.694847377985
2020-01-24,SWEDBANK_5_MIN,long,136.15,134.9070626151013,134.9070626151013,stop,0.5,157.0287858786107,-195.17694847377985,25.53825686776315,-220.715205341543,19296.97964203644
2020-01-24,SEB_5_MIN,long,92.58,91.86498034360007,92.42,eod,0.5,269.88040775263767,-43.180865240421106,29.95672526054278,-73.13759050096388,19223.842051535477
2020-01-24,ATLAS_5_min,long,85.62500005,84.78211437740983,85.09999999,eod,0.5,228.0717620037483,-119.73768873627276,23.362530946327677,-143.10021968260043,19080.741831852876
2020-01-24,SKF_5_min,long,185.2,183.30917896857684,184.6,eod,0.5,100.91246878871227,-60.54748127322679,22.390458574839478,-82.93793984806626,18997.80389200481
2020-01-24,HM_5_min,long,191.1,189.31593996840442,189.31593996840442,stop,0.5,106.48634886469678,-189.9780389200481,24.305462698300236,-214.28350161834834,18783.52039038646
2020-01-24,HUSQVARNA_5_min,short,75.56,76.29707675455164,76.29707675455164,stop,0.5,254.8380514565603,-187.8352039038646,23.219376924011552,-211.05458082787615,18572.465809558584
2020-01-27,ALFA_LAVAL_5_MIN,short,243.9,246.03756578562655,241.6,eod,0.5,86.88605485007213,199.83792615516688,25.309907777826005,174.52801837734089,18746.993827935923
2020-01-27,ASSA_5_min,long,236.9,235.1171045487452,235.1171045487452,stop,0.5,105.14914834036838,-187.46993827935924,29.779317927232306,-217.24925620659155,18529.74457172933
2020-01-27,ERICSSON_5_MIN,long,80.32,79.27486711791948,79.27486711791948,stop,0.5,177.29558498669402,-185.2974457172933,16.97727919592714,-202.27472491322044,18327.46984681611
2020-01-27,GETINGE_5_min,short,179.35,181.05303994230002,179.65,eod,0.5,107.61620671130082,-32.28486201339147,23.1805309256142,-55.46539293900567,18272.004453877107
2020-01-27,HANDELSBANKEN_5_min,short,99.8,100.68928571428572,98.6,eod,0.5,205.4683231761269,246.56198781135285,24.458949190886138,222.10303862046672,18494.107492497573
2020-01-27,INVESTOR_5_MIN,short,132.8,133.61807164307166,131.65,eod,0.5,226.06953375204387,259.9799638148517,35.8704529204368,224.1095108944149,18718.217003391987
2020-01-27,NORDEA_5_min,short,75.6,76.15048197543905,75.0,eod,0.5,340.0332406608345,204.01994439649877,30.725403626113,173.29454077038577,18891.51154416237
2020-01-27,SANDVIK_min,short,182.4,184.7151785714286,182.15,eod,0.5,81.59850724821324,20.39962681205331,17.84804149040168,2.551585321651629,18894.063129484024
2020-01-27,SEB_5_MIN,short,91.64,92.38577752164974,90.84,eod,0.5,253.34717903119775,202.67774322495748,27.738475937767777,174.9392672871897,19069.002396771215
2020-01-27,VOLVO_5_MIN,short,151.6,153.2050570770893,149.95,eod,0.5,118.80575880424153,196.0295020269992,21.49552594045142,174.5339760865478,19243.53637285776
2020-01-27,ABB_5_min,short,227.0,228.58827271013948,224.7,eod,0.5,121.16015247260557,278.6683506869942,32.83682452312556,245.83152616386863,19489.36789902163
2020-01-27,KINNEVIK_5_min,short,112.50748577,113.4103086755243,113.4103086755243,stop,0.5,215.87143812776242,-194.8936789902163,29.261519511364526,-224.15519850158083,19265.21270052005
2020-01-27,HEXAGON_5_min,long,78.999921,78.28791513026322,78.28791513026322,stop,0.5,270.5765994266596,-192.6521270052005,25.535044698782578,-218.18717170398307,19047.025528816066
2020-01-27,SKF_5_min,short,179.6,181.45507706976002,180.0,eod,0.5,102.67511705742758,-41.07004682297162,22.153183256310573,-63.22323007928219,18983.802298736784
2020-01-27,BOLIDEN_5_min,short,213.664777,216.5974818840813,212.933361,eod,0.5,64.73137614964467,47.345564217868244,16.568570721369614,30.77699349649863,19014.579292233284
2020-01-28,ABB_5_min,short,225.1,226.77604113803605,224.3,eod,0.5,113.44935909218859,90.75948727374893,30.59048518561773,60.1690020881312,19074.748294321416
2020-01-28,ASSA_5_min,long,235.0,233.05657934815716,233.05657934815716,stop,0.5,98.15038384116093,-190.74748294321418,27.563959753441452,-218.31144269665563,18856.43685162476
2020-01-28,ERICSSON_5_MIN,short,79.2,80.28060992754406,79.32,eod,0.5,174.49809011546324,-20.939770813853904,16.596862347061936,-37.53663316091584,18818.900218463845
2020-01-28,SWEDBANK_5_MIN,long,134.85,133.58346496611344,142.65,eod,0.5,148.58570600068748,1158.968506805364,24.73952004911446,1134.2289867562497,19953.129205220095
2020-01-28,VOLVO_5_MIN,short,150.3,152.06160714285716,152.06160714285716,stop,0.5,113.26662295918139,-199.53129205220097,20.548486892149274,-220.07977894435024,19733.049426275746
2020-01-28,KINNEVIK_5_min,long,112.84841786,111.8775453488114,111.8775453488114,stop,0.5,203.2506760554722,-197.33049426275747,27.40542236964485,-224.7359166324023,19508.313509643343
2020-01-28,SANDVIK_min,long,184.05,181.62361563279788,181.62361563279788,stop,0.5,80.40075502191935,-195.08313509643344,17.640260873083246,-212.72339596951667,19295.59011367383
2020-01-28,SEB_5_MIN,long,91.82,91.04852976970604,93.4,eod,0.5,250.1145132498701,395.1809309347979,27.79572608648456,367.3852048483134,19662.97531852214
2020-01-28,INVESTOR_5_MIN,long,132.95,132.05601845619515,132.05601845619515,stop,0.5,219.94833623561502,-196.62975318522143,34.97257971111888,-231.60233289634033,19431.3729856258
2020-01-28,HUSQVARNA_5_min,long,75.12,74.31972404329929,74.31972404329929,stop,0.5,242.80840656184634,-194.313729856258,21.77113276319732,-216.08486261945532,19215.288123006343
2020-01-28,ALFA_LAVAL_5_MIN,long,243.7,241.43004837381636,245.2,eod,0.5,84.650650266553,126.97597539982951,24.831421749190653,102.14455365063885,19317.432676656983
2020-01-29,ATLAS_5_min,short,77.84999999,78.89877035087439,77.7750001,eod,0.5,184.1912528930696,13.814323705942556,17.1988582488367,-3.3845345428941442,19314.04814211409
2020-01-29,ERICSSON_5_MIN,short,79.02,80.09479638254088,78.22,eod,0.5,179.69960129987177,143.75968103989692,16.953579185035103,126.80610185486182,19440.85424396895
2020-01-29,KINNEVIK_5_min,short,113.09194008,114.05389590118506,113.43287217,eod,0.5,202.09716304870713,-68.90140818126558,27.46801314951961,-96.36942133078519,19344.484822638165
2020-01-29,NORDEA_5_min,short,76.9,77.50567761997587,76.36,eod,0.5,319.3858281144517,172.46834718180594,29.36944321009252,143.0989039717134,19487.58372660988
2020-01-29,SEB_5_MIN,short,94.5,95.33857142857143,95.33857142857143,stop,0.5,232.39026590505856,-194.87583726609878,26.469981655993298,-221.3458189220921,19266.237907687788
2020-01-29,SKF_5_min,short,180.35,182.3597141472868,182.3597141472868,stop,0.5,95.8655634369589,-192.66237907687787,20.86282266647277,-213.52520174335064,19052.712705944436
2020-01-29,SWEDBANK_5_MIN,short,142.05,143.64107142857142,143.64107142857142,stop,0.5,119.74768928539847,-190.52712705944435,20.526507391824687,-211.05363445126903,18841.659071493166
2020-01-29,VOLVO_5_MIN,short,152.6,154.38128477905073,154.38128477905073,stop,0.5,105.77566985967323,-188.41659071493166,19.48269061913232,-207.89928133406397,18633.759790159103
2020-01-30,ALFA_LAVAL_5_MIN,long,242.9,240.5669099378882,243.2,eod,0.5,79.86729742139772,23.960189226417956,23.294095965924857,0.6660932604930991,18634.425883419597
2020-01-30,HEXAGON_5_min,long,77.171351,76.34686217857143,76.34686217857143,stop,0.5,226.0118681916407,-186.34425883419598,20.818162897158885,-207.16242173135487,18427.263461688242
2020-01-30,HM_5_min,long,205.95,204.19072157788736,204.19072157788736,stop,0.5,104.74330401642659,-184.2726346168824,25.775696573849537,-210.04833119073194,18217.21513049751
2020-01-30,NORDEA_5_min,short,75.81,76.4208188463058,75.55,eod,0.5,298.24251888549503,77.54305491023024,27.085192595105116,50.457862315125126,18267.672992812633
2020-01-30,ABB_5_min,short,224.5,226.16163054515454,226.16163054515454,stop,0.5,109.93823534408895,-182.67672992812635,29.726966639654435,-212.4036965677808,18055.269296244853
2020-01-30,KINNEVIK_5_min,short,111.58209937,112.53377199173644,112.53377199173644,stop,0.5,189.72143239027608,-180.55269296244853,25.51175048168609,-206.0644434441346,17849.204852800718
2020-01-30,SKF_5_min,short,178.0,179.9003875039949,179.9003875039949,stop,0.5,93.9240276800341,-178.4920485280072,20.16926754157209,-198.66131606957927,17650.54353673114
2020-01-30,SWEDBANK_5_MIN,short,144.6,146.26980351602896,146.26980351602896,stop,0.5,105.70431411419416,-176.5054353673114,18.447715846315358,-194.95315121362677,17455.590385517513
2020-01-30,VOLVO_5_MIN,short,159.2,160.8715893359532,160.8715893359532,stop,0.5,104.42511213774708,-174.55590385517513,20.054106965108303,-194.61001082028343,17260.98037469723
2020-01-30,SANDVIK_min,short,181.4,183.98308172775688,183.98308172775688,stop,0.5,66.8232065180783,-172.6098037469723,14.649641477103465,-187.25944522407576,17073.72092947315
2020-01-30,GETINGE_5_min,short,167.35,169.10577873371895,163.8,eod,0.5,97.24301019017875,345.2126861751329,19.321213694686616,325.8914724804463,17399.612401953596
2020-01-31,HUSQVARNA_5_min,long,74.02,73.25,73.25,stop,0.5,225.96899223316476,-173.99612401953596,19.9670720917069,-193.96319611124287,17205.649205842354
2020-01-31,GETINGE_5_min,long,169.85,167.3005048910484,167.3005048910484,stop,0.5,67.48649622990534,-172.05649205842354,13.651863766344249,-185.7083558247678,17019.940850017585
2020-01-31,ATLAS_5_min,long,77.25000004,76.14840375743358,76.14840375743358,stop,0.5,154.50252619195268,-170.19940850017585,14.22026454031003,-184.4196730404859,16835.521176977098
2020-01-31,HM_5_min,long,211.3,209.09777405074067,212.8,eod,0.5,76.44774680199936,114.67162020299904,19.452893651236757,95.21872655176227,16930.739903528858
2020-01-31,VOLVO_5_MIN,long,168.45,166.36723786459441,166.36723786459441,stop,0.5,81.28983917902828,-169.3073990352886,16.3303436522276,-185.6377426875162,16745.102160841343
2020-02-03,ALFA_LAVAL_5_MIN,long,244.2,241.68901492974237,241.68901492974237,stop,0.5,66.68738241093308,-167.45102160841347,19.441599928734778,-186.89262153714824,16558.209539304196
2020-02-03,ATLAS_5_min,long,75.84999999,74.73944649480663,76.42500015,eod,0.5,149.09871168719383,85.7317830759306,13.622403805824755,72.10937927010583,16630.318918574303
2020-02-03,INVESTOR_5_MIN,long,132.4,131.3830357142857,131.3830357142857,stop,0.5,163.5290358981831,-166.30318918574304,25.881711309991886,-192.18490049573492,16438.134018078566
2020-02-03,NORDEA_5_min,short,75.99,76.60991842105263,76.18,eod,0.5,265.1660841142026,-50.38155598170166,24.210193811794923,-74.59174979349658,16363.54226828507
2020-02-03,SWEDBANK_5_MIN,short,147.85,149.75164213320463,146.9,eod,0.5,86.04953572788882,81.7470589414934,15.217860393477135,66.52919854801627,16430.071466833087
2020-02-03,ABB_5_min,long,225.25,223.5269147972801,226.0,eod,0.5,95.35263515059066,71.51447636294299,25.816725967022418,45.697750395920565,16475.769217229008
2020-02-03,GETINGE_5_min,long,165.0,162.37207999825998,167.65,eod,0.5,62.69509424305123,166.14199974408612,12.513313859970594,153.62868588411553,16629.397903113124
2020-02-03,KINNEVIK_5_min,long,113.91991743,112.92323127575466,114.01732648,eod,0.5,166.84688386891872,16.25239645313103,22.818371318431904,-6.565974865300873,16622.831928247822
2020-02-04,BOLIDEN_5_min,long,213.207642,209.84808562502064,219.881809,eod,0.5,49.47924687928478,330.232756706576,12.857363920105744,317.3753927864703,16940.207321034293
2020-02-04,ALFA_LAVAL_5_MIN,short,238.5,241.15301634933772,241.15301634933772,stop,0.5,63.85263070566125,-169.40207321034293,18.376264151886453,-187.7783373622294,16752.428983672064
2020-02-04,HUSQVARNA_5_min,long,70.28,69.498421506613,75.68,eod,0.5,214.3409667156364,1157.4412202644378,18.771124501088572,1138.6700957633493,17891.099079435415
2020-02-05,ABB_5_min,long,229.8,227.9922829131653,239.6,eod,0.5,98.97068080914401,969.9126719296097,27.874102543087314,942.0385693865223,18833.137648821936
2020-02-05,ASSA_5_min,short,227.7,229.72769030925252,229.72769030925252,stop,0.5,92.8797536925862,-188.33137648821935,25.491462724855182,-213.82283921307453,18619.314809608863
2020-02-05,GETINGE_5_min,long,174.0,171.32497634815516,176.35,eod,0.5,69.60429974803397,163.57010440787943,14.631519850034218,148.93858455784522,18768.253394166706
2020-02-05,HEXAGON_5_min,long,79.714206,78.7526243477728,81.914204,eod,0.5,195.18106809438166,429.39795944550224,18.92808341891798,410.46987602658425,19178.72327019329
2020-02-05,HUSQVARNA_5_min,long,76.14,75.13714285714286,78.0,eod,0.5,191.2408303295636,355.7079444129882,17.686716952199358,338.02122746078885,19516.74449765408
2020-02-05,NORDEA_5_min,long,76.93,76.32409153005464,78.18,eod,0.5,322.10714102435315,402.6339262804414,29.977223186572452,372.65670309386894,19889.401200747947
2020-02-05,SKF_5_min,long,194.85,192.30470400044,200.4,eod,0.5,78.14180042001527,433.68699233108566,18.53132796960662,415.155664361479,20304.556865109425
2020-02-05,ATLAS_5_min,short,78.67500015,79.82333870229914,79.82333870229914,stop,0.5,176.81681786661972,-203.04556865109424,16.81510314780525,-219.8606717988995,20084.696193310527
2020-02-05,ALFA_LAVAL_5_MIN,short,247.9,251.05393056266715,251.05393056266715,stop,0.5,63.6814786953514,-200.84696193310526,19.064474459452995,-219.91143639255824,19864.78475691797
2020-02-06,ABB_5_min,long,242.5,240.2875,240.2875,stop,0.5,89.78433788437478,-198.6478475691797,26.008053615811548,-224.65590118499125,19640.12885573298
2020-02-06,HEXAGON_5_min,long,82.799917,81.72811977200641,81.72811977200641,stop,0.5,183.2448185418383,-196.40128855732976,18.08934614599873,-214.49063470332848,19425.63822102965
2020-02-06,KINNEVIK_5_min,short,113.62769027,114.63613779718193,114.63613779718193,stop,0.5,192.6291422947302,-194.25638221029652,26.38215925049581,-220.63854146079234,19204.999679568857
2020-02-06,HANDELSBANKEN_5_min,long,110.0,108.91588602654177,112.2,eod,0.5,177.1492679713976,389.7283895370752,23.617540405946727,366.1108491311285,19571.110528699985
2020-02-06,SKF_5_min,short,202.1,204.85768252018252,198.2,eod,0.5,70.96941140057196,276.78070446223103,17.04543323018937,259.73527123204167,19830.845799932027
2020-02-06,NORDEA_5_min,long,82.29,81.65437209524971,81.65437209524971,stop,0.5,311.98828200789217,-198.30845799932027,30.689233796915744,-228.997691796236,19601.84810813579
2020-02-06,INVESTOR_5_MIN,long,140.35,139.17069350232057,139.17069350232057,stop,0.5,166.21504372872803,-196.0184810813579,27.87632657614356,-223.89480765750145,19377.95330047829
2020-02-07,ASSA_5_min,long,228.0,225.52531526444568,230.4,eod,0.5,78.30473523383053,187.9313645611937,21.536934378712743,166.39443018248096,19544.34773066077
2020-02-07,ERICSSON_5_MIN,long,81.76,80.69126284875183,83.8,eod,0.5,182.8732884211524,373.0615083791495,18.165900978603595,354.8956074005459,19899.24333806132
2020-02-07,NORDEA_5_min,short,83.88,84.66665594855306,84.66665594855306,stop,0.5,252.95992961933442,-198.9924333806132,25.581330135792086,-224.57376351640528,19674.669574544914
2020-02-07,KINNEVIK_5_min,short,109.09816814,110.20993049513199,109.04946403,eod,0.5,176.9683015774461,8.619083626541594,23.163129574959804,-14.54404594841821,19660.125528596494
2020-02-10,ASSA_5_min,long,231.5,228.8787459836876,233.4,eod,0.5,75.00274832675112,142.50522182082756,20.921266618263953,121.5839552025636,19781.70948379906
2020-02-10,ERICSSON_5_MIN,short,83.7,84.88211691559215,83.02,eod,0.5,167.3413959556614,113.7921492498509,16.739494520236722,97.05265472961418,19878.762138528673
2020-02-10,HEXAGON_5_min,long,79.457063,78.29579270681327,79.228492,eod,0.5,171.18118197941516,-39.127053946217295,16.298388520775696,-55.42544246699299,19823.33669606168
2020-02-10,INVESTOR_5_MIN,long,138.35,137.14107142857142,138.9,eod,0.5,163.97442466461646,90.18593356554092,27.277145542958944,62.90878802258197,19886.245484084262
2020-02-11,BOLIDEN_5_min,long,218.144697,214.39619217857143,214.39619217857143,stop,0.5,53.051140205031054,-198.86245484084262,13.768072413732712,-212.63052725457533,19673.614956829686
2020-02-11,ERICSSON_5_MIN,long,84.8,83.60867130035764,88.38,eod,0.5,165.14010753485448,591.2015849747787,17.15937829373166,574.0422066810471,20247.657163510732
2020-02-11,SKF_5_min,short,194.4,197.36226193534185,194.0,eod,0.5,68.35201479633558,27.34080591853462,15.928753528138044,11.412052390396576,20259.069215901127
2020-02-11,SWEDBANK_5_MIN,long,157.75,155.68906910901896,157.5,eod,0.5,98.30057526216922,-24.575143815542305,18.593553810839307,-43.168697626381615,20215.900518274746
2020-02-11,HEXAGON_5_min,short,79.885634,81.00444037730611,80.371348,eod,0.5,180.69168113745488,-87.76447921199804,17.374262094956904,-105.13874130695494,20110.761776967793
2020-02-11,SANDVIK_min,long,185.95,183.1207634568569,187.35,eod,0.5,71.08193843214734,99.51471380500668,15.920932570032361,83.59378123497432,20194.355558202766
2020-02-12,ATLAS_5_min,short,81.87500005,83.0734921626264,82.75000005,eod,0.5,168.4980263570404,-147.43577306241036,16.643392563526543,-164.0791656259369,20030.27639257683
2020-02-12,ERICSSON_5_MIN,short,87.14,88.48147782403463,88.48147782403463,stop,0.5,149.31500196055276,-200.30276392576832,15.73375278336654,-216.03651670913484,19814.239875867697
2020-02-12,HEXAGON_5_min,long,79.742777,78.62543125,80.999919,eod,0.5,177.33311175943282,222.9329027834772,17.103001484568324,205.82990129890888,20020.069777166605
2020-02-12,HUSQVARNA_5_min,short,73.02,74.19007332525125,73.12,eod,0.5,171.10098440085076,-17.110098440086535,15.002818716204198,-32.112917156290735,19987.956860010316
2020-02-12,INVESTOR_5_MIN,short,140.3,141.51698972323973,139.7,eod,0.5,164.24096669280686,98.54458001568786,27.592482404391554,70.9520976112963,20058.908957621614
2020-02-12,NORDEA_5_min,short,84.74,85.53637238599143,85.53637238599143,stop,0.5,251.8785094820881,-200.58908957621614,25.7333753259603,-226.32246490217645,19832.586492719438
2020-02-17,HUSQVARNA_5_min,long,73.72,72.61818307716314,73.1,eod,0.5,179.99892796759966,-111.5993353399126,15.856465562521787,-127.45580090243439,19705.130691817005
2020-02-18,HEXAGON_5_min,short,80.39992,81.41539938896129,80.085634,eod,0.5,194.04756911878636,60.98643430806604,18.68509897942903,42.30133532863701,19747.43202714564
2020-02-18,INVESTOR_5_MIN,short,139.8,140.78395471005254,140.78395471005254,stop,0.5,200.69452206892132,-197.47432027145643,33.78699761444511,-231.26131788590155,19516.17070925974
2020-02-18,NORDEA_5_min,short,84.86,85.54789003870098,85.54789003870098,stop,0.5,283.7106166868498,-195.16170709259742,29.00791654271085,-224.16962363530828,19292.00108562443
2020-02-18,SANDVIK_min,short,180.9,183.29913327285638,181.25,eod,0.5,80.41237768611178,-28.144332190138666,17.472805547415227,-45.61713773755389,19246.383947886876
2020-02-18,SKF_5_min,short,188.4,190.97096457806782,189.3,eod,0.5,74.86055666450027,-67.37450099805066,16.96489935130905,-84.33940034935972,19162.044547537516
2020-02-18,ATLAS_5_min,short,80.72499999,81.64362302411398,81.09999999,eod,0.5,208.59529791803584,-78.22323671926344,20.253560448848543,-98.47679716811199,19063.567750369406
2020-02-18,HUSQVARNA_5_min,short,72.18,73.2691802486188,72.5,eod,0.5,175.02674855281577,-56.00855953689985,15.193721988372829,-71.20228152527268,18992.365468844135
2020-02-19,ABB_5_min,long,238.0,236.00451870533837,239.4,eod,0.5,95.17686544921803,133.2476116289058,27.26246133927401,105.98515028963178,19098.350619133766
2020-02-19,ATLAS_5_min,long,81.7750001,80.84472226016928,82.12500005,eod,0.5,205.2972757322585,71.85403624142613,20.18893411398705,51.665102127439084,19150.015721261203
2020-02-21,INVESTOR_5_MIN,long,140.25,139.33035714285714,139.33035714285714,stop,0.5,208.23318065837333,-191.50015721261204,34.93074421047666,-226.4309014230887,18923.584819838114
2020-02-21,SEB_5_MIN,short,103.25,104.09127780464216,102.15,eod,0.5,224.93859597172306,247.43245556889408,27.721432567555148,219.71102300133893,19143.295842839452
2020-02-21,ESSITY_5_min,short,314.4,316.2078997461929,314.6,eod,0.5,105.88693252018894,-21.1773865040426,39.961728333119304,-61.139114837161905,19082.15672800229
2020-02-24,ABB_5_min,short,225.9,227.9909404393662,223.2,eod,0.5,91.26112044485821,246.40502520111872,24.591221515071492,221.81380368604724,19303.970531688337
2020-02-24,ATLAS_5_min,short,76.22499999,77.11170912016425,74.32499993,eod,0.5,217.70352728986316,413.6367149129509,19.665159609643567,393.9715553033073,19697.942086991643
2020-02-24,GETINGE_5_min,short,171.4,173.23035714285714,169.0,eod,0.5,107.6180250606375,258.2832601455306,21.979905438384602,236.303354707146,19934.24544169879
2020-02-24,HEXAGON_5_min,short,78.257065,79.23563542857141,77.914208,eod,0.5,203.7078258209801,69.84265403750277,19.087986287114838,50.75466775038793,19985.000109449178
2020-02-24,HM_5_min,short,198.68,200.41058371040725,191.0,eod,0.5,115.48126790553378,886.8961375145002,27.000444286457043,859.8956932280431,20844.89580267722
2020-02-24,INVESTOR_5_MIN,short,136.5,137.40178571428572,132.65,eod,0.5,231.15131979206214,889.9325811994379,37.32862663322012,852.6039545662178,21697.499757243437
2020-02-24,SANDVIK_min,short,172.7,174.83214285714286,167.95,eod,0.5,101.76381795692018,483.37813529537084,20.79950675221491,462.5786285431559,22160.078385786594
2020-02-24,SEB_5_MIN,long,100.6,99.73035714285714,99.73035714285714,stop,0.5,254.81814981602867,-221.60078385786593,30.628686575476255,-252.2294704333422,21907.84891535325
2020-02-24,SWEDBANK_5_MIN,long,159.2,157.93273453990207,157.93273453990207,stop,0.5,172.87497848841005,-219.0784891535325,32.89458879693373,-251.97307795046623,21655.875837402782
2020-02-24,ALFA_LAVAL_5_MIN,short,238.7,241.7621714643304,233.1,eod,0.5,70.72065065480618,396.0356436669142,20.019601787362532,376.01604187955166,22031.891879282335
2020-02-24,ESSITY_5_min,short,309.0,310.7598067443681,303.0,eod,0.5,125.19495080803972,751.1697048482383,45.97158593671218,705.1981189115262,22737.08999819386
2020-02-24,HUSQVARNA_5_min,short,70.28,71.29979869577545,68.82,eod,0.5,222.95664911499713,325.5167077078976,18.60796193513766,306.9087457727599,23043.99874396662
2020-02-24,VOLVO_5_MIN,short,165.1,166.59371437208497,162.3,eod,0.5,154.2731272766759,431.9647563746899,30.30541312223021,401.6593432524597,23445.65808721908
2020-02-25,ALFA_LAVAL_5_MIN,long,236.1,233.08673317991884,233.08673317991884,stop,0.5,77.80810491447822,-234.45658087219078,21.90391833584665,-256.3604992080374,23189.297588011043
2020-02-25,ASSA_5_min,long,236.9,234.12204165661197,234.12204165661197,stop,0.5,83.47604507175244,-231.89297588011044,23.591434307469715,-255.48441018758015,22933.813177823464
2020-02-25,BOLIDEN_5_min,short,200.042161,203.82984882142858,196.659364,eod,0.5,60.548319341623,204.8226730238832,14.411766371405303,190.4109066524779,23124.22408447594
2020-02-25,ESSITY_5_min,long,305.1,303.05557815870935,303.05557815870935,stop,0.5,113.10886832375705,-231.2422408447594,41.27267352618707,-272.5149143709465,22851.709170104994
2020-02-25,HEXAGON_5_min,long,78.914207,77.88930066074624,77.88930066074624,stop,0.5,222.9638777211919,-228.51709170104994,20.976910864994757,-249.49400256604468,22602.21516753895
2020-02-25,HM_5_min,long,193.8,191.66997234309318,191.66997234309318,stop,0.5,106.11230842120267,-226.02215167538952,24.541865155429655,-250.56401683081918,22351.65115070813
2020-02-25,INVESTOR_5_MIN,long,134.0,132.97563904157104,132.97563904157104,stop,0.5,218.20092777636145,-223.5165115070813,34.95259927953467,-258.46911078661594,22093.182039921514
2020-02-25,SWEDBANK_5_MIN,long,157.7,156.29911167512688,156.29911167512688,stop,0.5,157.7083743768277,-220.93182039921516,29.712173674831337,-250.6439940740465,21842.53804584747
2020-02-26,ABB_5_min,short,216.6,218.60800151625023,218.60800151625023,stop,0.5,108.77749777119942,-218.42538045847468,28.404502448965236,-246.82988290743992,21595.708162940027
2020-02-26,ALFA_LAVAL_5_MIN,long,226.1,223.0808075221239,223.0808075221239,stop,0.5,71.52809342626594,-215.95708162940028,19.277428059436833,-235.2345096888371,21360.47365325119
2020-02-26,ATLAS_5_min,long,73.2750001,72.33615072793697,72.33615072793697,stop,0.5,227.51757937818692,-213.60473653251188,19.877457940106574,-233.48219447261846,21126.99145877857
2020-02-26,ESSITY_5_min,short,297.2,299.32606495250883,299.32606495250883,stop,0.5,99.37133592201819,-211.2699145877857,35.56655519198123,-246.83646977976693,20880.154988998805
2020-02-26,HANDELSBANKEN_5_min,short,105.4,106.57411558196058,106.57411558196058,stop,0.5,177.83730417862623,-208.80154988998805,22.618143162446636,-231.4196930524347,20648.73529594637
2020-02-26,HM_5_min,short,185.66,187.920584391107,186.32,eod,0.5,91.34246603301817,-60.28602758179168,20.386542308977255,-80.67256989076893,20568.062726055603
2020-02-26,HUSQVARNA_5_min,short,67.38,68.18571428571428,68.18571428571428,stop,0.5,255.2773742595547,-205.68062726055604,20.76411574948689,-226.44474301004294,20341.61798304556
2020-02-26,INVESTOR_5_MIN,short,127.1,128.18707235548567,128.18707235548567,stop,0.5,187.12294430445235,-203.41617983045558,28.662041173213343,-232.07822100366892,20109.539762041888
2020-02-26,NORDEA_5_min,short,80.04,80.79246219955782,80.79246219955782,stop,0.5,267.24983359774575,-201.0953976204189,25.789469255968534,-226.88486687638743,19882.654895165502
2020-02-26,SKF_5_min,long,175.5,173.22631289019463,173.22631289019463,stop,0.5,87.44675030007764,-198.826548951655,18.296989683825355,-217.12353863548037,19665.53135653002
2020-02-26,VOLVO_5_MIN,long,158.25,156.5215759690973,156.5215759690973,stop,0.5,113.77723871531396,-196.65531356530022,21.48830444389894,-218.14361800919914,19447.38773852082
2020-02-26,KINNEVIK_5_min,short,101.9386008,103.27148368400661,103.27148368400661,stop,0.5,145.90470004433195,-194.47387738520823,17.9646694936266,-212.4385468788348,19234.949191641987
2020-02-26,SEB_5_MIN,short,96.28,97.2423293535581,97.2423293535581,stop,0.5,199.8790655249467,-192.34949191641988,23.20863740964009,-215.55812932605997,19019.391062315928
2020-02-26,GETINGE_5_min,short,161.9,163.78021973794137,163.78021973794137,stop,0.5,101.15515053118278,-190.1939106231593,19.766538991572087,-209.96044961473137,18809.430612701195
2020-02-26,HEXAGON_5_min,short,76.885637,77.79941841409415,77.79941841409415,stop,0.5,205.84168514028545,-188.09430612701195,19.104379483473345,-207.19868561048528,18602.23192709071
2020-02-26,SWEDBANK_5_MIN,long,152.35,150.9128707527689,153.7,eod,0.5,129.44021536637317,174.74429074460303,23.7691067477271,150.97518399687593,18753.207111087588
2020-02-27,ALFA_LAVAL_5_MIN,long,224.7,221.50714285714287,221.50714285714287,stop,0.5,58.73487685799283,-187.53207111087588,15.724752953322659,-203.25682406419853,18549.95028702339
2020-02-27,ASSA_5_min,short,225.9,228.6625,220.5,eod,0.5,67.14914131049218,362.6053630766582,17.985226008602226,344.62013706805595,18894.570424091446
2020-02-27,ATLAS_5_min,short,74.82499993,75.89143599971209,74.59999999,eod,0.5,177.17490021875028,39.86434191872543,15.88461567060766,23.97972624811777,18918.550150339564
2020-02-27,ESSITY_5_min,short,296.9,299.4166141515311,299.4166141515311,stop,0.5,75.17461561928057,-189.18550150339564,26.896723353739315,-216.08222485713495,18702.46792548243
2020-02-27,GETINGE_5_min,short,166.0,168.15624999999997,165.55,eod,0.5,86.73608313267327,39.03123740970199,17.25440901758269,21.776828392119295,18724.244753874547
2020-02-27,HEXAGON_5_min,short,76.571352,77.49020415480807,74.942782,eod,0.5,203.77864551872096,331.86778873242554,18.52520700207719,313.34258173034834,19037.587335604894
2020-02-27,HM_5_min,long,185.92,183.54071428571427,183.54071428571427,stop,0.5,80.01387652310673,-190.37587335604897,17.73719038379757,-208.11306373984655,18829.47427186505
2020-02-27,INVESTOR_5_MIN,short,125.55,126.75482291254453,123.95,eod,0.5,156.2841648827718,250.05466381243397,23.395739482950937,226.65892432948303,19056.133196194533
2020-02-27,SANDVIK_min,short,164.2,166.68749999999997,163.0,eod,0.5,76.60757063796851,91.92908476556134,15.039598267645976,76.88948649791537,19133.022682692448
2020-02-27,SKF_5_min,short,174.25,176.6184569833088,172.95,eod,0.5,80.78264801737363,105.01744242258664,16.828641234979273,88.18880118760737,19221.211483880055
2020-02-27,SEB_5_MIN,short,96.18,97.19131799379525,94.6,eod,0.5,190.06100555718623,300.2963887803566,21.75590318411999,278.54048559623664,19499.751969476292
2020-02-27,VOLVO_5_MIN,short,155.65,157.41198182397957,153.15,eod,0.5,110.66942748271174,276.67356870677935,20.50483152399683,256.16873718278254,19755.920706659075
2020-02-28,ABB_5_min,long,208.7,206.25775835501986,206.25775835501986,stop,0.5,80.8925715736037,-197.55920706659072,20.14020010065336,-217.6994071672441,19538.22129949183
2020-02-28,ATLAS_5_min,long,72.50000004,71.327678605,74.12500004,eod,0.5,166.66266363620502,270.8268284088332,14.662147841394944,256.16468056743827,19794.38598005927
2020-02-28,ESSITY_5_min,long,291.2,288.4615596015115,288.4615596015115,stop,0.5,72.28342815489088,-197.9438598005927,25.13995481856471,-223.0838146191574,19571.302165440113
2020-02-28,HANDELSBANKEN_5_min,long,101.2,99.86428571428571,99.86428571428571,stop,0.5,146.52311781612883,-195.71302165440113,17.676339614598042,-213.38936126899918,19357.912804171112
2020-02-28,KINNEVIK_5_min,long,95.16866966,93.77794118781983,93.77794118781983,stop,0.5,139.19261158020828,-193.57912804171113,15.779983327882412,-209.35911136959353,19148.553692801517
2020-02-28,NORDEA_5_min,long,75.69,74.91857227868667,74.91857227868667,stop,0.5,248.2222658553382,-191.48553692801516,22.430640640951847,-213.91617756896702,18934.63751523255
2020-02-28,SANDVIK_min,long,157.25,154.51538868895773,158.1,eod,0.5,69.24069040004002,58.854586840033626,13.101031030591571,45.753555809442055,18980.39107104199
2020-02-28,SEB_5_MIN,long,92.0,90.84960688647875,90.84960688647875,stop,0.5,164.9904788889493,-189.80391071041993,18.101066522913747,-207.90497723333368,18772.486093808657
2020-02-28,SKF_5_min,long,166.8,164.2857142857143,168.25,eod,0.5,74.66329696401198,108.26178059781651,15.009562588675326,93.25221800914119,18865.738311817797
2020-02-28,SWEDBANK_5_MIN,long,146.3,144.66964285714286,144.66964285714286,stop,0.5,115.71537190162013,-188.65738311817796,20.201796261177524,-208.85917937935548,18656.87913243844
2020-02-28,VOLVO_5_MIN,long,147.75,145.67077822990845,148.8,eod,0.5,89.73010671977025,94.21661205575978,15.96567788864872,78.25093416711107,18735.13006660555
2020-02-28,GETINGE_5_min,short,158.7,160.98083676991345,159.7,eod,0.5,82.14147682000221,-82.14147682000221,15.692307731693221,-97.83378455169543,18637.296282053856
2020-02-28,ERICSSON_5_MIN,short,77.34,78.47429913932618,76.46,eod,0.5,164.30671271711682,144.58990719106438,15.16222344953554,129.42768374152885,18766.723965795383
2020-02-28,HM_5_min,short,172.68,175.22337855169692,172.64,eod,0.5,73.78659363654067,2.951463745463137,15.287991908742134,-12.336528163278997,18754.387437632104
2020-02-28,ASSA_5_min,short,209.2,212.23283344617468,212.23283344617468,stop,0.5,61.83784164371764,-187.54387437632104,15.636298090864665,-203.1801724671857,18551.207265164918
2020-03-02,ALFA_LAVAL_5_MIN,short,220.7,224.308048221548,215.6,eod,0.5,51.41618439125407,262.22254039539547,13.45972874994249,248.76281164545298,18799.970076810372
2020-03-02,ASSA_5_min,long,219.9,216.58325252196553,216.58325252196553,stop,0.5,56.68194579573893,-187.99970076810374,14.844432036118727,-202.84413280422245,18597.12594400615
2020-03-02,ERICSSON_5_MIN,long,78.22,76.97873121747416,76.97873121747416,stop,0.5,149.8235209473583,-185.97125944006152,13.951452214538802,-199.9227116546003,18397.203232351552
2020-03-02,ESSITY_5_min,long,292.6,289.47251026694045,289.47251026694045,stop,0.5,58.824184258324784,-183.97203232351552,20.543964357388887,-204.5159966809044,18192.687235670648
2020-03-02,GETINGE_5_min,long,165.0,162.43940263283247,162.43940263283247,stop,0.5,71.04860556736003,-181.9268723567065,13.95846777892326,-195.88534013562975,17996.80189553502
2020-03-02,HANDELSBANKEN_5_min,short,101.4,102.85357142857143,102.85357142857143,stop,0.5,123.81092213144541,-179.9680189553502,15.173293816327485,-195.1413127716777,17801.660582763343
2020-03-02,HEXAGON_5_min,short,74.428497,75.56242442857142,73.657069,eod,0.5,156.9911806894971,121.10739253693517,13.948876709647468,107.1585158272877,17908.81909859063
2020-03-02,HM_5_min,long,177.4,174.66418845843424,174.66418845843424,stop,0.5,65.46071915589994,-179.0881909859063,13.827824979316434,-192.91601596522273,17715.903082625406
2020-03-02,INVESTOR_5_MIN,long,123.1,121.48337604099935,121.48337604099935,stop,0.5,109.58580060620207,-177.15903082625405,16.081719047052417,-193.24074987330647,17522.662332752097
2020-03-02,KINNEVIK_5_min,long,96.92203341,95.4904677875,95.4904677875,stop,0.5,122.40208941418656,-175.22662332752097,14.131015305590203,-189.35763863311118,17333.304694118986
2020-03-02,SANDVIK_min,short,162.05,164.93839450956202,156.6,eod,0.5,60.01017048307366,327.05542913275247,11.473344494658852,315.5820846380936,17648.886778757078
2020-03-02,SEB_5_MIN,long,93.68,92.40395846713766,92.40395846713766,stop,0.5,138.30965783039994,-176.4888677875708,15.442325173989698,-191.9311929615605,17456.955585795517
2020-03-02,SKF_5_min,short,170.75,173.4662663572892,164.5,eod,0.5,64.26820233939588,401.6762646212243,12.92754890056948,388.7487157206548,17845.704301516173
2020-03-02,SWEDBANK_5_MIN,long,148.35,146.6280356540186,146.6280356540186,stop,0.5,103.63573637957822,-178.45704301516173,18.342159564483413,-196.79920257964514,17648.905098936528
2020-03-02,VOLVO_5_MIN,short,152.55,154.7364192190788,149.15,eod,0.5,80.72059074916339,274.450008547156,14.612041337413558,259.8379672097425,17908.74306614627
2020-03-02,ABB_5_min,long,209.8,207.07581378650073,207.07581378650073,stop,0.5,65.73979039098828,-179.08743066146272,16.44319717043833,-195.53062783190106,17713.21243831437
2020-03-02,NORDEA_5_min,short,76.24,77.07537781245935,76.0,eod,0.5,212.03833970843198,50.88920153002259,19.368430102327007,31.520771427695582,17744.733209742066
2020-03-03,ASSA_5_min,short,218.4,221.7515068493151,221.7515068493151,stop,0.5,52.945537656795715,-177.44733209742066,13.982434908351472,-191.42976700577213,17553.303442736295
2020-03-03,ESSITY_5_min,long,294.2,290.7763242375602,300.5,eod,0.5,51.27034410007122,323.0031678304493,18.29428418178741,304.70888364866187,17858.012326384956
2020-03-03,HM_5_min,short,176.52,179.46073823819773,175.06,eod,0.5,60.726290066978244,88.66038349778871,12.810089437048926,75.85029406073978,17933.862620445696
2020-03-03,SEB_5_MIN,short,93.8,95.15892857142856,92.3,eod,0.5,131.97060535413465,197.95590803120197,14.735837793842673,183.2200702373593,18117.082690683055
2020-03-03,SWEDBANK_5_MIN,short,149.5,151.36233430288004,151.36233430288004,stop,0.5,97.28158184417019,-181.17082690683057,17.56101827898823,-198.7318451858188,17918.350845497236
2020-03-03,ALFA_LAVAL_5_MIN,long,220.1,216.2987421793535,216.2987421793535,stop,0.5,47.13795193836596,-179.18350845497235,12.342565760888231,-191.52607421586058,17726.824771281375
2020-03-03,GETINGE_5_min,long,167.0,164.28024989274988,170.35,eod,0.5,65.1781379621107,218.34676217307046,13.192706904910825,205.15405526815962,17931.978826549534
2020-03-03,VOLVO_5_MIN,long,152.7,150.30846012961396,151.05,eod,0.5,74.98089013107305,-123.71846871626883,13.66526722638806,-137.3837359426569,17794.595090606876
2020-03-03,ERICSSON_5_MIN,long,77.54,76.37599298154407,76.37599298154407,stop,0.5,152.87360650291936,-177.94595090606876,14.11781576734,-192.06376667340876,17602.53132393347
2020-03-03,SANDVIK_min,long,160.6,157.51844529922175,159.9,eod,0.5,57.12224196275983,-39.985569373931234,10.984607129438714,-50.97017650336995,17551.561147430097
2020-03-03,ABB_5_min,long,212.55,209.66048374770736,209.66048374770736,stop,0.5,60.74221293444544,-175.51561147430098,15.387599464175073,-190.90321093847606,17360.65793649162
2020-03-03,ATLAS_5_min,long,75.42500015,74.1692333128352,74.67500015,eod,0.5,138.2474630058519,-103.68559725438892,12.450566543191565,-116.1361637975805,17244.521772694043
2020-03-04,ASSA_5_min,short,215.4,218.8714285714286,218.8714285714286,stop,0.5,49.6755771229867,-172.44521772694043,12.943610305385766,-185.3888280323262,17059.132944661716
2020-03-04,ERICSSON_5_MIN,short,75.86,77.02509994353473,77.02509994353473,stop,0.5,146.41776475335695,-170.59132944661718,13.43105675869556,-184.02238620531273,16875.110558456403
2020-03-04,GETINGE_5_min,short,168.9,171.90446428571428,171.90446428571428,stop,0.5,56.166786999914486,-168.75110558456404,11.485135052493405,-180.23624063705745,16694.874317819347
2020-03-04,INVESTOR_5_MIN,short,123.65,125.50982142857143,125.50982142857143,stop,0.5,89.76600689370011,-166.94874317819347,13.419649348794138,-180.3683925269876,16514.50592529236
2020-03-04,SWEDBANK_5_MIN,long,150.95,148.93239421519107,151.2,eod,0.5,81.8519953185819,20.462998829645475,14.838948231305713,5.624050598339762,16520.1299758907
2020-03-04,VOLVO_5_MIN,short,150.35,152.87321428571428,149.25,eod,0.5,65.4725604140041,72.01981645540414,11.769347460021379,60.25046899538276,16580.380444886083
2020-03-04,HANDELSBANKEN_5_min,long,103.0,101.35470145089285,102.8,eod,0.5,100.77429688298021,-20.154859376596328,12.443610179110394,-32.59846955570672,16547.781975330377
2020-03-05,ASSA_5_min,short,217.8,221.22342817806336,208.6,eod,0.5,48.336874952906285,444.6992495667387,12.366506087951542,432.3327434787871,16980.114718809164
2020-03-05,BOLIDEN_5_min,short,186.693827,190.19727211202743,181.985339,eod,0.5,48.466906647162546,228.20584834528452,10.721243232765447,217.48460511251906,17197.599323921684
2020-03-05,ERICSSON_5_MIN,short,76.56,77.73540723053391,74.94,eod,0.5,146.31183880083842,237.0251788573589,13.29974614699621,223.7254327103627,17421.324756632046
2020-03-05,HUSQVARNA_5_min,short,62.42,63.46526674570243,63.46526674570243,stop,0.5,166.66869799751237,-174.21324756632046,12.588680103345459,-186.80192766966593,17234.52282896238
2020-03-05,SEB_5_MIN,short,93.14,94.5305913047476,91.16,eod,0.5,123.93665033084984,245.3945676550832,13.704914793585376,231.68965286149782,17466.212481823877
2020-03-05,VOLVO_5_MIN,long,151.55,149.00156974817762,149.00156974817762,stop,0.5,68.5371415181314,-174.6621248182388,12.359367281596434,-187.02149209983523,17279.19098972404
2020-03-05,ESSITY_5_min,long,311.7,307.56218321681536,314.0,eod,0.5,41.75919789378705,96.04615515571068,15.67723807328553,80.36891708242516,17359.559906806466
2020-03-06,ABB_5_min,long,200.8,197.54709153122326,197.54709153122326,stop,0.5,53.36627228658077,-173.59559906806467,12.75497961073366,-186.35057867879834,17173.20932812767
2020-03-06,GETINGE_5_min,long,184.8,181.14543223343333,181.14543223343333,stop,0.5,46.9910819146232,-171.7320932812767,10.317703069418076,-182.04979635069478,16991.159531776975
2020-03-06,HUSQVARNA_5_min,short,61.2,62.3967178314827,62.24,eod,0.5,141.98133498792686,-147.66058838744382,10.515705594545814,-158.17629398198963,16832.983237794986
2020-03-06,SANDVIK_min,short,151.6,154.92857142857142,151.35,eod,0.5,50.57119427663739,12.642798569159348,9.192325983664379,3.4504725854949694,16836.433710380483
2020-03-06,VOLVO_5_MIN,long,141.9,139.13848378460295,139.13848378460295,stop,0.5,60.968078392977084,-168.36433710380484,10.280625786493854,-178.6449628902987,16657.788747490184
2020-03-06,ERICSSON_5_MIN,short,72.74,73.98640359094458,71.52,eod,0.5,133.64682891250462,163.04913127325548,11.567934923350748,151.48119634990474,16809.26994384009
2020-03-06,ATLAS_5_min,short,71.30000015,72.68636924604284,70.52500009,eod,0.5,121.24671555229655,93.96621182783232,10.317489277382203,83.64872255045012,16892.91866639054
2020-03-06,SKF_5_min,short,151.7,155.0156714662149,153.1,eod,0.5,50.94871080721101,-71.3281951300957,9.317500232422748,-80.64569536251844,16812.27297102802
2020-03-06,HM_5_min,short,168.6,171.77421284687748,166.62,eod,0.5,52.96517209791554,104.87104075387224,10.652990994397948,94.21804975947428,16906.491020787493
2020-03-06,ESSITY_5_min,long,311.2,306.9030737327189,306.9030737327189,stop,0.5,39.345546023262756,-169.06491020787493,14.591761760802518,-183.65667196867744,16722.834348818815
2020-03-06,ALFA_LAVAL_5_MIN,short,199.25,203.4555982142857,198.8,eod,0.5,39.76327146995225,17.893472161478062,9.496662125168696,8.396810036309367,16731.231158855124
2020-03-09,ALFA_LAVAL_5_MIN,short,180.05,184.36282886986572,184.36282886986572,stop,0.5,38.794099334101524,-167.31231158855124,8.482240489079105,-175.79455207763036,16555.436606777494
2020-03-09,ASSA_5_min,short,196.15,200.05642514083488,195.35,eod,0.5,42.3800175606061,33.90401404848536,9.955066124986372,23.948947923498984,16579.38555470099
2020-03-09,BOLIDEN_5_min,short,164.248511,167.8672430377445,162.78568,eod,0.5,45.815455197491666,67.02026814200167,8.989932195485059,58.03033594651661,16637.41589064751
2020-03-09,HM_5_min,long,153.86,150.44357142857143,161.58,eod,0.5,48.6982693851274,375.9506396531835,9.216829256906752,366.73381039627674,17004.149701043785
2020-03-09,NORDEA_5_min,short,67.1,68.27579300764066,68.27579300764066,stop,0.5,144.61856458190857,-170.04149701043784,11.74671171834154,-181.78820872877938,16822.361492315005
2020-03-09,SANDVIK_min,long,138.35,134.8799755523361,141.55,eod,0.5,48.4790863754296,155.13307640137555,8.141577765889647,146.9914986354859,16969.35299095049
2020-03-09,SWEDBANK_5_MIN,long,137.65,135.21162857142858,135.21162857142858,stop,0.5,69.59297829737261,-169.69352990950492,11.393552037214304,-181.08708194671922,16788.26590900377
2020-03-09,ABB_5_min,long,180.8,177.29581881533102,183.45,eod,0.5,47.90924048805883,126.9594872933548,10.470564508665255,116.48892278468955,16904.75483178846
2020-03-09,INVESTOR_5_MIN,long,113.65,111.44050619477376,114.9,eod,0.5,76.50962764323057,95.63703455403822,10.491765238716207,85.14526931532201,16989.900101103784
2020-03-09,ERICSSON_5_MIN,long,67.36,65.9973827958819,69.48,eod,0.5,124.68578886100212,264.3338723853251,10.237202008643719,254.09667037668137,17243.996771480466
2020-03-09,ESSITY_5_min,long,298.8,294.3125,294.3125,stop,0.5,38.42673375260261,-172.43996771480465,13.674825673704307,-186.11479338850896,17057.88197809196
2020-03-10,ALFA_LAVAL_5_MIN,short,184.35,189.3926300019331,180.25,eod,0.5,33.82735194046118,138.69214295589063,7.400071510495286,131.29207144539535,17189.174049537352
2020-03-10,ASSA_5_min,long,197.2,192.83307106598986,192.83307106598986,stop,0.5,39.3621565848396,-171.89174049537354,9.211525689939219,-181.10326618531275,17008.07078335204
2020-03-10,BOLIDEN_5_min,short,164.248511,168.31864275,168.31864275,stop,0.5,41.787518999482096,-170.08070783352036,8.338293753559084,-178.41900158707944,16829.65178176496
2020-03-10,ESSITY_5_min,long,304.2,299.2933754054435,299.2933754054435,stop,0.5,34.299856158623015,-168.29651781764957,12.419841581453156,-180.7163593991027,16648.935422365856
2020-03-10,HM_5_min,long,163.84,159.94250506461754,159.94250506461754,stop,0.5,42.717016181913436,-166.48935422365855,8.298613504959441,-174.78796772861799,16474.147454637237
2020-03-10,HUSQVARNA_5_min,long,60.16,58.72295448038935,58.72295448038935,stop,0.5,114.63900920202389,-164.7414745463724,8.177174467584683,-172.91864901395707,16301.228805623281
2020-03-10,INVESTOR_5_MIN,long,117.825,115.31375288018434,115.31375288018434,stop,0.5,64.91288203774967,-163.01228805623282,9.080225018483686,-172.0925130747165,16129.136292548565
2020-03-10,KINNEVIK_5_min,long,92.19769318,90.12372361825908,90.12372361825908,stop,0.5,77.76939734356326,-161.29136292548566,8.50741602433513,-169.7987789498208,15959.337513598744
2020-03-10,NORDEA_5_min,short,66.25,67.66343232118612,67.66343232118612,stop,0.5,112.91193270722732,-159.59337513598746,9.072254675306164,-168.66562981129363,15790.67188378745
2020-03-10,ERICSSON_5_MIN,long,70.36,68.84642023504534,68.84642023504534,stop,0.5,104.3266582270972,-157.9067188378745,8.713764376127545,-166.62048321400206,15624.051400573448
2020-03-10,HANDELSBANKEN_5_min,long,97.6,95.61637702503681,95.61637702503681,stop,0.5,78.76522705058626,-156.24051400573447,9.131239083761221,-165.37175308949568,15458.679647483952
2020-03-10,SANDVIK_min,long,143.7,139.75413639324546,139.75413639324546,stop,0.5,39.17692345224956,-154.58679647483953,6.66291660222101,-161.24971307706053,15297.429934406891
2020-03-10,SKF_5_min,long,145.4,141.57623408036332,141.57623408036332,stop,0.5,40.00618828639065,-152.97429934406892,6.888495152602999,-159.86279449667194,15137.56713991022
2020-03-10,VOLVO_5_MIN,long,133.75,130.45337040124784,130.45337040124784,stop,0.5,45.91831349703371,-151.3756713991022,7.279063913434448,-158.65473531253664,14978.912404597682
2020-03-10,SEB_5_MIN,long,82.4,80.56376629714843,80.56376629714843,stop,0.5,81.57410672364979,-149.78912404597682,7.976174198406905,-157.76529824438373,14821.147106353299
2020-03-10,HEXAGON_5_min,long,64.814221,63.27588284946405,63.27588284946405,stop,0.5,96.3451832822947,-148.211471063533,7.404518719214864,-155.61598978274787,14665.531116570552
2020-03-10,SWEDBANK_5_MIN,long,135.9,133.0968294998945,133.0968294998945,stop,0.5,52.317656439444654,-146.6553111657055,8.443970225445211,-155.09928139115073,14510.4318351794
2020-03-11,ERICSSON_5_MIN,long,70.3,68.70220773673934,68.70220773673934,stop,0.5,90.81550943029083,-145.104318351794,7.574133784528257,-152.67845213632228,14357.753383043078
2020-03-11,NORDEA_5_min,long,65.37,63.86259845025903,63.86259845025903,stop,0.5,95.2483655434097,-143.57753383043078,7.385516266388972,-150.96305009681976,14206.790332946259
2020-03-11,SANDVIK_min,short,140.15,144.31161732511964,139.35,eod,0.5,34.13766625584165,27.31013300467371,5.724886631104645,21.585246373569063,14228.375579319827
2020-03-11,SEB_5_MIN,long,81.9,79.98540235525024,79.98540235525024,stop,0.5,74.31522554275094,-142.28375579319828,7.218330112865643,-149.5020859060639,14078.873493413763
2020-03-11,ALFA_LAVAL_5_MIN,long,183.5,178.14900937763073,178.14900937763073,stop,0.5,26.310779605104294,-140.78873493413764,5.709160428083483,-146.49789536222113,13932.375598051542
2020-03-12,ASSA_5_min,long,187.5,182.7906209350371,182.7906209350371,stop,0.5,29.584315481644783,-139.32375598051541,6.572876729781766,-145.89663271029718,13786.478965341244
2020-03-12,ERICSSON_5_MIN,long,65.36,63.69674094829474,63.69674094829474,stop,0.5,82.88834473022482,-137.86478965341246,6.418379780088945,-144.2831694335014,13642.195795907743
2020-03-12,GETINGE_5_min,long,149.9,144.86028954295287,144.86028954295287,stop,0.5,27.06940391155124,-136.42195795907742,4.78739120083439,-141.2093491599118,13500.986446747831
2020-03-12,HM_5_min,long,144.0,139.6942857142857,139.6942857142857,stop,0.5,31.355973831199325,-135.0098644674783,5.337306359350756,-140.34717082682906,13360.639275921001
2020-03-12,KINNEVIK_5_min,long,82.62725078,80.34420781723158,80.34420781723158,stop,0.5,58.52119076953279,-133.60639275921002,5.7223702911345615,-139.32876305034458,13221.310512870657
2020-03-12,NORDEA_5_min,long,60.57,58.99988460535981,58.99988460535981,stop,0.5,84.20597975157406,-132.2131051287066,6.041099569186185,-138.25420469789276,13083.056308172765
2020-03-12,SEB_5_MIN,long,75.24,73.2639494680851,73.2639494680851,stop,0.5,66.20810600169531,-130.83056308172766,5.8992991368320284,-136.7298622185597,12946.326445954206
2020-03-12,SANDVIK_min,long,132.35,128.04934117965368,128.04934117965368,stop,0.5,30.103123699804893,-129.46326445954207,4.703300147327287,-134.16656460686937,12812.159881347337
2020-03-12,BOLIDEN_5_min,short,142.534611,147.1688304715717,129.186277,eod,0.5,27.646856088587644,369.0394691204021,4.507336972079544,364.53213214832255,13176.69201349566
2020-03-12,ATLAS_5_min,short,62.97499998,64.68418115635794,61.42500014,eod,0.5,77.09359426467374,119.49505877526907,5.754265881465986,113.74079289380309,13290.432806389463
2020-03-12,ALFA_LAVAL_5_MIN,long,169.0,163.50171232876713,163.50171232876713,stop,0.5,24.1719487976688,-132.90432806389464,4.8223286193288954,-137.72665668322352,13152.706149706239
2020-03-12,HEXAGON_5_min,long,59.814226,58.163578224391635,58.163578224391635,stop,0.5,79.68208811149113,-131.5270614970624,5.640430674844934,-137.16749217190733,13015.538657534331
2020-03-12,VOLVO_5_MIN,long,123.45,119.85371877199155,119.85371877199155,stop,0.5,36.191659751654285,-130.1553865753433,5.28333924366486,-135.43872581900817,12880.099931715322
2020-03-13,ERICSSON_5_MIN,long,63.5,61.597857142857144,61.597857142857144,stop,0.5,67.71363088397095,-128.8009993171532,5.082498073768295,-133.88349739092152,12746.2164343244
2020-03-13,ESSITY_5_min,long,279.6,273.3339285714286,273.3339285714286,stop,0.5,20.341639222632296,-127.46216434324403,6.748549493371641,-134.21071383661567,12612.005720487785
2020-03-13,INVESTOR_5_MIN,long,103.5,100.23928571428571,100.23928571428571,stop,0.5,38.67865938375224,-126.12005720487785,4.728217461139102,-130.84827466601695,12481.157445821767
2020-03-13,KINNEVIK_5_min,long,77.8055015,75.1182839203672,75.1182839203672,stop,0.5,46.44639697365807,-124.81157445821768,4.2616553066093275,-129.073229764827,12352.084216056941
2020-03-13,NORDEA_5_min,short,56.7,58.536071428571425,58.536071428571425,stop,0.5,67.27452986765134,-123.52084216056942,4.651471517491339,-128.17231367806076,12223.91190237888
2020-03-13,VOLVO_5_MIN,long,121.8,117.87909987669543,117.87909987669543,stop,0.5,31.17628992823332,-122.23911902378882,4.483383064496308,-126.72250208828513,12097.189400290596
2020-03-13,ATLAS_5_min,long,62.82499993,60.91925074514351,64.30000014,eod,0.5,63.477342645179,93.62909373188081,4.841734312927076,88.78735941895374,12185.976759709549
2020-03-13,SWEDBANK_5_MIN,long,119.5,115.81297548605241,120.6,eod,0.5,33.050978407144825,36.35607624785912,4.761323949333283,31.59475229852584,12217.571512008075
2020-03-13,BOLIDEN_5_min,long,136.043298,130.47067893062055,138.557539,eod,0.5,21.924289745806373,55.122948174785925,3.612256988897368,51.51069118588856,12269.082203193964
2020-03-13,HANDELSBANKEN_5_min,long,87.6,85.16308296514481,85.16308296514481,stop,0.5,50.346737405129026,-122.69082203193965,5.218834542807998,-127.90965657474764,12141.172546619217
2020-03-13,SKF_5_min,long,134.65,130.06071428571428,136.35,eod,0.5,26.455473253333654,44.97430453066691,4.301659950992052,40.67264457967486,12181.845191198892
2020-03-13,ALFA_LAVAL_5_MIN,long,164.0,157.91461009073774,164.7,eod,0.5,20.018183506462798,14.01272845452373,3.947986151144592,10.064742303379138,12191.909933502271
2020-03-13,HM_5_min,long,139.4,134.49227218984007,134.49227218984007,stop,0.5,24.84226999766098,-121.91909933502272,4.082463465607715,-126.00156280063044,12065.90837070164
2020-03-13,SEB_5_MIN,long,70.48,68.13863930002454,68.13863930002454,stop,0.5,51.53374433434398,-120.6590837070164,4.2861225105972665,-124.94520621761367,11940.963164484026
2020-03-13,HUSQVARNA_5_min,long,52.9,51.103031655844156,51.103031655844156,stop,0.5,66.45060389248816,-119.40963164484027,4.146638556108243,-123.55627020094852,11817.406894283078
2020-03-13,ASSA_5_min,long,184.75,179.5204500116207,179.5204500116207,stop,0.5,22.597368646523744,-118.17406894283077,4.938932187568616,-123.11300113039938,11694.293893152679
2020-03-16,ALFA_LAVAL_5_MIN,short,155.5,161.64885154960572,156.95,eod,0.5,19.01866356474737,-27.577062168883472,3.5654288584831892,-31.14249102736666,11663.151402125312
2020-03-16,BOLIDEN_5_min,short,128.911996,134.74492598987035,134.74492598987035,stop,0.5,19.995356403008227,-116.63151402125312,3.163148473984557,-119.79466249523769,11543.356739630073
2020-03-16,GETINGE_5_min,long,141.0,135.3455815018315,157.8,eod,0.5,20.414754838838057,342.9678812924796,3.6599572475068864,339.3079240449727,11882.664663675047
2020-03-16,HEXAGON_5_min,short,55.228516,57.184381464285714,57.184381464285714,stop,0.5,60.75399806711457,-118.82664663675047,4.097719773158378,-122.92436640990884,11759.740297265138
2020-03-16,HM_5_min,long,124.74,119.75933519042076,119.75933519042076,stop,0.5,23.610784396990148,-117.59740297265138,3.46369265303307,-121.06109562568444,11638.679201639454
2020-03-16,SEB_5_MIN,short,63.74,66.18514538657833,63.0,eod,0.5,47.599129546756025,35.223355864599554,3.6196282072535153,31.603727657346038,11670.2829292968
2020-03-16,VOLVO_5_MIN,short,110.7,114.69997903901968,114.69997903901968,stop,0.5,29.17586021189995,-116.702829292968,3.94574296812457,-120.64857226109257,11549.634357035708
2020-03-16,ESSITY_5_min,short,262.6,269.21295860389614,269.21295860389614,stop,0.5,17.465154477499794,-115.49634357035707,5.5729172850919495,-121.06926085544902,11428.565096180258
2020-03-16,HUSQVARNA_5_min,short,46.86,48.70348798397863,44.65,eod,0.5,61.99424783618617,137.00728771797148,3.4038561716936377,133.60343154627785,11562.168527726537
2020-03-16,KINNEVIK_5_min,short,70.28065001,73.0045510926013,68.21070704,eod,0.5,42.447093991698,87.86306380504449,3.527133389843494,84.33593041520099,11646.504458141739
2020-03-16,NORDEA_5_min,short,50.2,52.13204972625163,50.47,eod,0.5,60.28056265786255,-16.27575191762265,3.641066545660214,-19.916818463282862,11626.587639678455
2020-03-16,HANDELSBANKEN_5_min,short,80.6,83.08765432098764,83.08765432098764,stop,0.5,46.73715130590365,-116.26587639678455,4.590176800145071,-120.85605319692962,11505.731586481526
2020-03-16,INVESTOR_5_MIN,short,95.45,98.76648305084746,98.76648305084746,stop,0.5,34.69256863393738,-115.05731586481527,4.042721200850076,-119.10003706566535,11386.63154941586
2020-03-16,ABB_5_min,short,150.55,155.71964579707418,155.71964579707418,stop,0.5,22.025941421093652,-113.86631549415861,4.047526366431274,-117.91384186058988,11268.71770755527
2020-03-16,ERICSSON_5_MIN,short,60.78,62.812279515356444,62.812279515356444,stop,0.5,55.44866059223572,-112.6871770755527,4.111815815200636,-116.79899289075334,11151.918714664516
2020-03-16,SANDVIK_min,short,117.05,121.77407097167224,121.77407097167224,stop,0.5,23.606585890721515,-111.51918714664517,3.382692566498731,-114.9018797131439,11037.016834951373
2020-03-16,SKF_5_min,short,125.4,130.28910714285715,130.28910714285715,stop,0.5,22.574708453825085,-110.37016834951373,3.463264229141307,-113.83343257865504,10923.183402372719
2020-03-16,SWEDBANK_5_MIN,short,112.95,116.79158230842006,112.9,eod,0.5,28.434073580646867,1.4217036790322626,3.8531013109134564,-2.431397631881194,10920.752004740838
2020-03-16,ATLAS_5_min,short,59.47499998,61.49205424341469,61.49205424341469,stop,0.5,54.142083348084945,-109.20752004740838,3.929644999281857,-113.13716504669024,10807.614839694148
2020-03-17,BOLIDEN_5_min,long,150.717323,144.3576656576159,144.3576656576159,stop,0.5,16.99402068043281,-108.07614839694146,3.0087062757156007,-111.08485467265706,10696.52998502149
2020-03-17,ESSITY_5_min,short,280.7,287.7866379310345,287.7866379310345,stop,0.5,15.093941709901976,-106.9652998502149,5.14842250547351,-112.11372235568841,10584.416262665802
2020-03-17,HM_5_min,long,124.58,119.34312558882327,119.34312558882327,stop,0.5,20.211323456747703,-105.84416262665803,2.958005513913959,-108.802168140572,10475.61409452523
2020-03-17,HUSQVARNA_5_min,long,46.03,43.97928936414748,43.97928936414748,stop,0.5,51.082848605650916,-104.7561409452523,2.7587585410145827,-107.51489948626688,10368.099195038963
2020-03-17,NORDEA_5_min,long,52.59,50.50857142857143,50.50857142857143,stop,0.5,49.81241891919879,-103.68099195038964,3.0813535379825634,-106.7623454883722,10261.336849550591
2020-03-17,VOLVO_5_MIN,long,115.8,111.55714285714285,111.55714285714285,stop,0.5,24.18496900567477,-102.61336849550591,3.299175271931262,-105.91254376743717,10155.424305783154
2020-03-17,GETINGE_5_min,short,167.35,173.66030774286563,173.66030774286563,stop,0.5,16.093389925815853,-101.55424305783153,3.292807110737038,-104.84705016856857,10050.577255614586
2020-03-17,ERICSSON_5_MIN,long,67.1,64.92431409649951,68.5,eod,0.5,46.19498264636512,64.67297570491142,3.758423788108266,60.914551916803156,10111.491807531389
2020-03-17,SEB_5_MIN,long,65.8,63.16963903334353,67.56,eod,0.5,38.44146083259597,67.6569710653691,3.075931929980999,64.58103913538811,10176.072846666777
2020-03-18,ESSITY_5_min,long,280.5,273.1017857142857,275.5,eod,0.5,13.754768993804955,-68.77384496902478,4.588590936333333,-73.36243590535811,10102.71041076142
2020-03-18,GETINGE_5_min,long,192.0,185.24821428571428,185.24821428571428,stop,0.5,14.963019915436108,-101.02710410761419,3.3868635260519104,-104.4139676336661,9998.296443127754
2020-03-18,HANDELSBANKEN_5_min,short,86.0,88.66785714285714,88.66785714285714,stop,0.5,37.47688091132221,-99.98296443127754,3.9276038887072184,-103.91056831998476,9894.38587480777
2020-03-18,HUSQVARNA_5_min,short,40.45,42.606433778107245,39.32,eod,0.5,45.88309631975959,51.84789884132845,2.196056756056333,49.651842085272115,9944.03771689304
2020-03-18,SANDVIK_min,long,119.75,114.63719129342822,122.85,eod,0.5,19.449266122770062,60.29272498058708,2.83103517683041,57.46168980375667,10001.499406696797
2020-03-18,VOLVO_5_MIN,short,102.75,107.19670176229792,97.0,eod,0.5,22.49195008195991,129.32871297126948,2.6956602173228954,126.63305275394659,10128.132459450744
2020-03-18,HM_5_min,short,102.0,107.49887203476624,107.49887203476624,stop,0.5,18.41856365344807,-101.28132459450744,2.315200985938748,-103.59652558044618,10024.535933870298
2020-03-18,INVESTOR_5_MIN,long,95.7,92.05613918356637,97.525,eod,0.5,27.51075422162159,50.20712645445948,3.1894592906836987,47.017667163775776,10071.553601034075
2020-03-18,NORDEA_5_min,long,50.71,48.550215196901966,51.23,eod,0.5,46.63220885056352,24.248748602292846,2.8522124221358673,21.39653618015698,10092.950137214231
2020-03-18,BOLIDEN_5_min,short,145.368847,151.85493228972882,145.780268,eod,0.5,15.56092725637931,-6.40209225274712,2.718330119564528,-9.120422372311648,10083.829714841919
2020-03-18,SEB_5_MIN,short,63.1,65.82294766087112,64.6,eod,0.5,37.03277099206496,-55.549156488097175,2.8374509134120167,-58.386607401509195,10025.44310744041
2020-03-18,ASSA_5_min,long,182.95,176.90629498513533,176.90629498513533,stop,0.5,16.588240297603143,-100.2544310744041,3.581629616291151,-103.83606069069525,9921.607046749714
2020-03-19,ESSITY_5_min,long,285.9,278.2625,297.9,eod,0.5,12.990647524385897,155.88777029263076,4.550364014841891,151.33740627778886,10072.944453027503
2020-03-19,GETINGE_5_min,long,180.0,172.80157186520066,172.80157186520066,stop,0.5,13.993255561352198,-100.72944453027503,2.9621055345339093,-103.69155006480894,9969.252902962695
2020-03-19,HEXAGON_5_min,short,59.59994,61.777910783112446,56.9428,eod,0.5,45.77312505871195,121.62560151850579,3.20071524762297,118.42488627088282,10087.677789233578
2020-03-19,NORDEA_5_min,short,51.08,53.16482142857142,53.16482142857142,stop,0.5,48.38629175135604,-100.87677789233578,3.026412205926521,-103.9031900982623,9983.774599135315
2020-03-19,SKF_5_min,long,132.3,127.01428571428572,127.01428571428572,stop,0.5,18.888222214580303,-99.83774599135315,2.9387915111919574,-102.7765375025451,9880.99806163277
2020-03-19,ALFA_LAVAL_5_MIN,long,173.6,166.32892753623187,166.32892753623187,stop,0.5,13.589464430274838,-98.8099806163277,2.7716712417450573,-101.58165185807276,9779.416409774698
2020-03-19,SANDVIK_min,long,128.0,122.93441150044924,122.93441150044924,stop,0.5,19.30558791074717,-97.79416409774699,2.906661804632117,-100.70082590237911,9678.71558387232
2020-03-19,VOLVO_5_MIN,long,100.6,96.05191616766466,102.4,eod,0.5,21.28086451498525,38.30555612697369,2.5920092979252036,35.71354682904849,9714.429130701368
2020-03-19,ERICSSON_5_MIN,long,70.64,68.24321326003118,74.8,eod,0.5,40.531053383697184,168.60918207618016,3.536901842474951,165.07228023370521,9879.501410935074
2020-03-20,BOLIDEN_5_min,long,151.540166,144.52562876069496,147.608807,eod,0.5,14.084323846164192,-55.37053331153202,2.5279866083876565,-57.89851991991968,9821.602891015154
2020-03-20,ERICSSON_5_MIN,short,75.5,77.94492249080399,74.2,eod,0.5,40.171428452054585,52.222856987670845,3.6081977035635426,48.614659284107304,9870.217550299261
2020-03-20,ESSITY_5_min,short,300.1,308.1312523793662,308.1312523793662,stop,0.5,12.289761402166578,-98.70217550299262,4.485010181450024,-103.18718568444264,9767.030364614819
2020-03-20,GETINGE_5_min,short,171.85,179.2521433717579,174.8,eod,0.5,13.194867856626333,-38.924860177047904,2.744400565499711,-41.669260742547614,9725.36110387227
2020-03-20,HEXAGON_5_min,long,59.428512,57.205536272491265,57.205536272491265,stop,0.5,43.74929057264782,-97.25361103872272,3.0615941211224715,-100.31520515984519,9625.045898712426
2020-03-20,SEB_5_MIN,short,67.1,69.7922488342518,69.7922488342518,stop,0.5,35.75095205264455,-96.25045898712426,2.9364169346712132,-99.18687592179548,9525.85902279063
2020-03-20,SKF_5_min,long,136.8,131.44547268907564,131.44547268907564,stop,0.5,17.790289356365523,-95.2585902279063,2.8632987466042206,-98.12188897451051,9427.73713381612
2020-03-20,ATLAS_5_min,short,63.27500009,65.55783575464922,60.69999993,eod,0.5,41.29836098063933,106.3432861328841,3.0719785820404364,103.27130755084367,9531.008441366963
2020-03-23,GETINGE_5_min,short,169.0,176.62678571428572,176.62678571428572,stop,0.5,12.496756560911958,-95.31008441366963,2.591528281201147,-97.90161269487078,9433.106828672093
2020-03-23,HEXAGON_5_min,short,50.828521,53.105793522064836,50.571378,eod,0.5,41.42282813002533,10.651590293839071,2.5201623532073563,8.131427940631715,9441.238256612725
2020-03-23,HUSQVARNA_5_min,short,41.7,44.01860367892977,44.01860367892977,stop,0.5,40.71950002671717,-94.41238256612725,2.0942512108766036,-96.50663377700386,9344.731622835721
2020-03-23,SKF_5_min,short,118.95,124.44999999999999,116.2,eod,0.5,16.990421132428626,46.72365811417872,2.3971785175743547,44.326479596604365,9389.058102432326
2020-03-23,SEB_5_MIN,long,62.66,59.87779922779922,62.58,eod,0.5,33.74687476276344,-2.6997499810210175,2.5358751571730958,-5.235625138194113,9383.822477294132
2020-03-23,HANDELSBANKEN_5_min,long,89.3,86.39899068322981,88.3,eod,0.5,32.34675057073423,-32.34675057073423,3.4468697408174394,-35.79362031155167,9348.02885698258
2020-03-23,HM_5_min,long,109.1,103.02990251390784,109.2,eod,0.5,15.400129698741818,1.540012969874313,2.017108987941203,-0.47709601806688995,9347.551760964514
2020-03-23,ASSA_5_min,long,165.0,158.19100340662746,159.4,eod,0.5,13.728236800798001,-76.87812608446873,2.672064010907323,-79.55019009537605,9268.001570869137
2020-03-24,ABB_5_min,long,163.8,157.5111604409063,170.25,eod,0.5,14.737220569520728,95.05507267340853,2.9537811187490397,92.1012915546595,9360.102862423797
2020-03-24,ALFA_LAVAL_5_MIN,long,157.45,149.68392857142857,162.05,eod,0.5,12.052558296061925,55.44176816188513,2.310475425355071,53.13129273653006,9413.234155160328
2020-03-24,ATLAS_5_min,long,61.25000003,58.810096197963325,63.44999993,eod,0.5,38.5803490759009,84.87676410894686,2.8865817169329766,81.99018239201388,9495.224337552341
2020-03-24,ESSITY_5_min,short,283.5,291.9517105263158,279.9,eod,0.5,11.234677652514677,40.44483954905309,3.7977704336560607,36.64706911539703,9531.871406667738
2020-03-24,HEXAGON_5_min,short,52.485662,54.950623852398344,54.950623852398344,stop,0.5,38.6694479567441,-95.31871406667739,2.49270111866112,-97.8114151853385,9434.0599914824
2020-03-24,HM_5_min,short,116.42,122.55870293040293,121.74,eod,0.5,15.368165064249448,-81.75863814180695,2.1960493150209888,-83.95468745682794,9350.105304025572
2020-03-24,INVESTOR_5_MIN,short,100.0,103.76954513148542,103.76954513148542,stop,0.5,24.804333090292776,-93.50105304025573,3.0326206026592866,-96.53367364291502,9253.571630382658
2020-03-24,SKF_5_min,long,121.15,115.44943302465495,123.0,eod,0.5,16.232721535251393,30.030534840214987,2.3779313776989763,27.652603462516012,9281.224233845174
2020-03-24,NORDEA_5_min,long,52.95,50.757299620913614,52.99,eod,0.5,42.32782701352152,1.6931130805408248,2.690525996287482,-0.9974129157466571,9280.226820929427
2020-03-24,SANDVIK_min,long,123.4,118.2002575057061,127.35,eod,0.5,17.847473853009785,70.49752171938844,2.685152441185322,67.81236927820312,9348.03919020763
2020-03-24,GETINGE_5_min,short,177.0,184.81300160513644,174.05,eod,0.5,11.964721963018706,35.29592979090504,2.5201293870706296,32.77580040383441,9380.814990611465
2020-03-24,KINNEVIK_5_min,long,72.44800202,69.32028328524689,74.15266083,eod,0.5,29.992514628563395,51.12700429563441,2.6381535150514295,48.48885078058298,9429.303841392048
2020-03-25,ALFA_LAVAL_5_MIN,long,168.8,160.77979900775983,175.2,eod,0.5,11.756942064812623,75.24442921480052,2.4266328421773253,72.81779637262319,9502.12163776467
2020-03-25,ATLAS_5_min,short,65.84999998,68.43224821495527,68.43224821495527,stop,0.5,36.79786284345862,-95.02121637764671,2.9647798508335392,-97.98599622848025,9404.13564153619
2020-03-25,HANDELSBANKEN_5_min,long,92.3,89.21071428571427,89.21071428571427,stop,0.5,30.44113271248701,-94.0413564153619,3.3152350453858443,-97.35659146074775,9306.779050075442
2020-03-25,HUSQVARNA_5_min,long,50.42,47.999414781469035,47.999414781469035,stop,0.5,38.44846683697279,-93.06779050075441,2.270445363203749,-95.33823586395816,9211.440814211484
2020-03-25,SWEDBANK_5_MIN,short,113.0,117.67751730648207,113.5,eod,0.5,19.693012790025016,-9.846506395012508,2.676280438164399,-12.522786833176907,9198.918027378308
2020-03-25,NORDEA_5_min,long,55.97,53.756772202680494,53.756772202680494,stop,0.5,41.56335845103404,-91.98918027378308,2.7363678988409803,-94.72554817262406,9104.192479205683
2020-03-25,GETINGE_5_min,long,179.8,171.7965323224262,175.9,eod,0.5,11.375309860644743,-44.36370845651456,2.4277186304588008,-46.79142708697336,9057.40105211871
2020-03-25,KINNEVIK_5_min,short,77.0749332,80.29144609588243,77.90291055,eod,0.5,28.159069605203204,-23.315071830181626,2.618419133652333,-25.93349096383396,9031.467561154876
2020-03-26,GETINGE_5_min,long,179.0,171.19780844155844,183.2,eod,0.5,11.575552193900315,48.61731921438119,2.5155990027784156,46.101720211602775,9077.56928136648
2020-03-27,BOLIDEN_5_min,short,158.945748,166.67877989037785,157.25435,eod,0.5,11.73869371036945,19.854803064331712,2.2270656609664816,17.62773740336523,9095.197018769844
2020-03-27,SKF_5_min,short,131.0,137.1910714285714,127.2,eod,0.5,14.690828758324582,55.825149281633365,2.275903191239644,53.54924609039372,9148.746264860238
2020-03-27,SANDVIK_min,short,141.05,146.96937301866853,139.9,eod,0.5,15.455600172529953,17.773940198409534,2.6053505210833743,15.16858967732616,9163.914854537565
2020-03-30,GETINGE_5_min,long,183.0,175.55714285714285,196.4,eod,0.5,12.312361608783664,164.98564555770116,2.8027859966235136,162.18285956107763,9326.097714098642
2020-03-30,HUSQVARNA_5_min,short,46.2,48.61352802233197,48.61352802233197,stop,0.5,38.64093405092394,-93.26097714098641,2.198209970067815,-95.45918711105423,9230.638526987586
2020-03-30,HANDELSBANKEN_5_min,short,88.0,91.10357142857143,87.4,eod,0.5,29.741988349327098,17.84519300959609,3.130046853883184,14.715146155712908,9245.3536731433
2020-03-31,ALFA_LAVAL_5_MIN,long,176.6,169.2356939935065,171.2,eod,0.5,12.554276893153505,-67.793095223029,2.6198265020632734,-70.41292172509227,9174.940751418208
2020-03-31,ESSITY_5_min,short,305.9,314.75424836601303,305.3,eod,0.5,10.362190410917464,6.217314246550124,3.8000224674916523,2.417291779058472,9177.358043197266
2020-03-31,HM_5_min,long,127.0,120.82768407853415,126.96,eod,0.5,14.868581193779452,-0.5947432477512711,2.2656149279833375,-2.860358175734609,9174.497685021532
2020-03-31,KINNEVIK_5_min,long,80.14331956,77.01553256763334,79.99720557,eod,0.5,29.332233005034702,-4.285849599974996,2.8183675179970646,-7.104217117972061,9167.39346790356
2020-03-31,ERICSSON_5_MIN,short,80.36,83.25428571428571,80.96,eod,0.5,31.674113660081392,-19.004468196048656,3.0658008093865976,-22.070269005435254,9145.323198898124
2020-03-31,HUSQVARNA_5_min,long,50.3,47.862244999431745,49.76,eod,0.5,37.51534997063407,-20.258288984142364,2.2522715508369866,-22.51056053497935,9122.812638363144
2020-04-01,SANDVIK_min,short,134.55,140.1594900961488,131.85,eod,0.5,16.263176299440186,43.91057600848878,2.5995060997025186,41.311069908786266,9164.12370827193
2020-04-02,ABB_5_min,short,168.85,174.75568939330014,170.9,eod,0.5,15.517449527007615,-31.810771530365788,3.163232086080502,-34.97400361644629,9129.149704655485
2020-04-02,HUSQVARNA_5_min,short,47.4,49.691007129320454,46.16,eod,0.5,39.84775772986494,49.411219585032605,2.236893727923698,47.174325857108904,9176.324030512595
2020-04-03,HM_5_min,short,124.75,130.15737785714285,115.1,eod,0.5,16.970007040272165,163.76056793862648,2.442153713165567,161.3184142254609,9337.642444738056
2020-04-06,ABB_5_min,short,173.1,178.13065433416827,178.13065433416827,stop,0.5,18.56148688514863,-93.37642444738056,3.911617910451501,-97.28804235783205,9240.354402380224
2020-04-06,ATLAS_5_min,long,71.00000004,68.77857146071429,71.37500004,eod,0.5,41.59645053883029,15.59866895206136,3.553376789276207,12.045292162785152,9252.39969454301
2020-04-06,ESSITY_5_min,long,289.7,281.8695941278066,286.0,eod,0.5,11.81598993150438,-43.71916274656607,4.081479242140242,-47.80064198870631,9204.599052554304
2020-04-06,HANDELSBANKEN_5_min,short,88.0,90.62202043132802,87.7,eod,0.5,35.10498599697133,10.5314957990913,3.700767623800717,6.830728175290583,9211.429780729595
2020-04-06,SEB_5_MIN,short,65.68,67.59195689954815,67.59195689954815,stop,0.5,48.17802003228496,-92.11429780729596,3.852467405548949,-95.9667652128449,9115.46301551675
2020-04-06,SKF_5_min,short,130.7,135.50708959300735,135.50708959300735,stop,0.5,18.962540304587975,-91.15463015516751,3.0287775994646773,-94.18340775463219,9021.279607762119
2020-04-06,SWEDBANK_5_MIN,short,109.52,112.36503162168492,109.58,eod,0.5,31.708890470677478,-1.9025334282407207,4.168450741275261,-6.070984169515981,9015.208623592604
2020-04-06,BOLIDEN_5_min,long,168.545578,162.97919019665258,168.819859,eod,0.5,16.195796883162153,4.442199364910631,3.2783412558307425,1.1638581090798885,9016.372481701683
2020-04-06,VOLVO_5_MIN,long,117.15,113.59716078323221,121.0,eod,0.5,25.37793559345012,97.70505203478281,3.626253216948087,94.07879881783472,9110.451280519517
2020-04-06,NORDEA_5_min,short,54.68,56.06084753246753,54.46,eod,0.5,65.97724271730024,14.514993397805979,4.320453762099689,10.19453963570629,9120.645820155223
2020-04-06,KINNEVIK_5_min,long,84.69719374,82.31298453686358,84.74589868,eod,0.5,38.254385597358805,1.8631775552559668,3.8891648365461506,-2.025987281290184,9118.619832873934
2020-04-07,ERICSSON_5_MIN,short,80.5,82.83794343835277,79.3,eod,0.5,39.00273925916101,46.803287110993324,3.7395826401683574,43.063704470824966,9161.68353734476
2020-04-07,GETINGE_5_min,short,191.65,197.855857105616,186.9,eod,0.5,14.762962442454395,70.12407160165837,3.3531116595546666,66.7709599421037,9228.454497286863
2020-04-07,HEXAGON_5_min,long,62.785652,60.649107471029986,62.914223,eod,0.5,43.193363733615804,5.5534139685947554,3.2576402532870237,2.2957737153077318,9230.75027100217
2020-04-07,INVESTOR_5_MIN,long,116.25,113.28968189798559,117.6,eod,0.5,31.181616140241513,42.09518178932586,4.375092560637286,37.72008922868858,9268.47036023086
2020-04-07,SEB_5_MIN,long,69.8,67.99346745027124,69.86,eod,0.5,51.305305080843844,3.078318304850747,4.299179344554391,-1.2208610397036437,9267.249499191157
2020-04-07,SKF_5_min,short,137.75,142.5183513799876,142.5183513799876,stop,0.5,19.434913161150618,-92.67249499191158,3.2681946425333437,-95.94068963444492,9171.308809556713
2020-04-07,ESSITY_5_min,short,285.2,292.41592079603976,287.2,eod,0.5,12.709824662418827,-25.419649324837653,4.365062182061121,-29.784711506898773,9141.524098049815
2020-04-07,HM_5_min,long,131.0,125.82693956043957,133.95,eod,0.5,17.671404007076703,52.13064182087607,2.809223095004983,49.32141872587109,9190.845516775686
2020-04-07,KINNEVIK_5_min,long,89.17801176,86.85420620230187,86.85420620230187,stop,0.5,39.55083714439407,-91.90845516775686,4.177332950876089,-96.08578811863295,9094.759728657053
2020-04-07,VOLVO_5_MIN,long,125.45,121.99362212257954,128.15,eod,0.5,26.31297864759098,71.04504234849573,4.0037828310174435,67.04125951747828,9161.800988174531
2020-04-07,SWEDBANK_5_MIN,short,110.8,113.21742213642213,113.21742213642213,stop,0.5,37.89905308691477,-91.61800988174531,5.094028904365234,-96.71203878611054,9065.08894938842
2020-04-07,HANDELSBANKEN_5_min,long,92.0,89.48505349276275,93.6,eod,0.5,36.044857905732144,57.671772649171224,4.013955376382332,53.65781727278889,9118.74676666121
2020-04-07,ABB_5_min,short,179.65,184.59679640777853,182.25,eod,0.5,18.433640714064083,-47.92746585656651,4.002680744651874,-51.93014660121839,9066.816620059992
2020-04-08,ABB_5_min,long,180.6,175.62540847410688,177.9,eod,0.5,18.226253498134547,-49.21088444496307,3.920467127448741,-53.13135157241181,9013.68526848758
2020-04-08,KINNEVIK_5_min,long,87.69252311,85.35470522714286,94.2919882,eod,0.5,38.55597706982891,254.44882468317678,4.209954387079428,250.23887029609736,9263.924138783677
2020-04-08,SEB_5_MIN,short,68.46,70.19921947674418,69.42,eod,0.5,53.26483668481989,-51.13424321742752,4.406493409261779,-55.540736626689295,9208.383402156987
2020-04-08,ASSA_5_min,long,179.9,174.18131975446428,182.3,eod,0.5,16.102287602713048,38.64549024651141,3.4993491418215994,35.14614110468981,9243.529543261677
2020-04-14,ALFA_LAVAL_5_MIN,long,190.0,185.31432720962692,188.3,eod,0.5,19.72721945555593,-33.53627307444486,4.477684272022085,-38.01395734646694,9205.51558591521
2020-04-14,ASSA_5_min,short,182.95,188.54341196554668,184.85,eod,0.5,16.457782195586006,-31.269786171613504,3.631903374921919,-34.90168954653542,9170.613896368674
2020-04-14,ATLAS_5_min,short,73.22499999,75.15803569607144,75.15803569607144,stop,0.5,47.44151319897952,-91.70613896368674,4.223709447603244,-95.92984841128998,9074.684047957384
2020-04-14,HANDELSBANKEN_5_min,long,94.0,91.69642857142857,91.69642857142857,stop,0.5,39.39397726245062,-90.74684047957383,4.389192530916685,-95.13603301049052,8979.548014946893
2020-04-14,HM_5_min,long,141.65,136.77894375822618,136.77894375822618,stop,0.5,18.434498739593547,-89.79548014946893,3.0796188076664297,-92.87509895713536,8886.672915989759
2020-04-14,KINNEVIK_5_min,short,94.99820444,97.39337227396402,95.4852497,eod,0.5,37.10250609570953,-18.070599728036512,4.240448111016693,-22.311047839053206,8864.361868150705
2020-04-14,NORDEA_5_min,short,58.1,59.317757189318726,58.28,eod,0.5,72.79252338563387,-13.102654209414077,5.082956322972041,-18.185610532386118,8846.17625761832
2020-04-14,SANDVIK_min,short,140.65,144.94217780188725,141.05,eod,0.5,20.609994892869302,-8.243997957147839,3.483501336792769,-11.727499293940607,8834.448758324379
2020-04-14,SEB_5_MIN,long,70.34,68.64874857305936,69.42,eod,0.5,52.236164402269324,-48.057271250087865,4.380315802116696,-52.43758705220456,8782.011171272174
2020-04-14,HEXAGON_5_min,short,64.842792,66.80197756280766,66.657076,eod,0.5,44.82480545991206,-81.32492734903111,3.5366736006624686,-84.86160094969358,8697.149570322481
2020-04-14,ABB_5_min,short,181.1,185.86066837292904,182.6,eod,0.5,18.268757428637016,-27.403136142955525,3.986608246077169,-31.389744389032693,8665.759825933448
2020-04-14,SWEDBANK_5_MIN,long,108.68,106.31191336881488,110.9,eod,0.5,36.59393077860763,81.2385263285089,4.821177192219998,76.4173491362889,8742.177175069737
2020-04-14,ESSITY_5_min,short,287.0,293.49973940236276,293.49973940236276,stop,0.5,13.450042584617794,-87.42177175069737,4.684647729192786,-92.10641947989016,8650.070755589846
2020-04-15,ESSITY_5_min,long,306.4,300.0605168465816,303.0,eod,0.5,13.644757066552913,-46.39217402627959,4.9890689738144065,-51.381243000093995,8598.689512589752
2020-04-15,ERICSSON_5_MIN,long,83.24,81.33780098047647,81.33780098047647,stop,0.5,45.20394251251176,-85.98689512589752,4.4637392726142355,-90.45063439851175,8508.23887819124
2020-04-16,ABB_5_min,long,176.3,171.9583157016723,171.9583157016723,stop,0.5,19.59663184508451,-85.0823887819124,4.094813999876931,-89.17720278178933,8419.06167540945
2020-04-17,ABB_5_min,short,176.55,180.6214285714286,175.5,eod,0.5,20.678397097496834,21.71231695237191,4.367897818904256,17.344419133467653,8436.406094542917
2020-04-17,ATLAS_5_min,short,75.44999993,77.16193267533448,75.84999999,eod,0.5,49.280008911183025,-19.71200652127357,4.473639206591755,-24.185645727865325,8412.220448815053
2020-04-17,BOLIDEN_5_min,short,183.585311,188.1019476392835,188.1019476392835,stop,0.5,18.624966143279345,-84.12220448815053,4.15359756482698,-88.27580205297751,8323.944646762075
2020-04-17,ESSITY_5_min,long,309.4,303.5371724361048,303.5371724361048,stop,0.5,14.197832967189953,-83.23944646762075,5.221427756177712,-88.46087422379847,8235.483772538277
2020-04-17,HM_5_min,long,135.1,130.6690088921823,135.5,eod,0.5,18.58609862251408,7.434439449005738,3.017638972351386,4.416800476654352,8239.900573014931
2020-04-17,INVESTOR_5_MIN,long,120.7,118.329869386906,121.25,eod,0.5,34.76559699913937,19.121078349526552,5.046921716365062,14.07415663316149,8253.974729648093
2020-04-17,SANDVIK_min,short,139.4,143.2087139791539,141.5,eod,0.5,21.67129055850417,-45.50971017285864,3.652479310730293,-49.16218948358893,8204.812540164503
2020-04-17,SEB_5_MIN,short,66.76,68.30096692765157,67.52,eod,0.5,53.24457256632129,-40.4658751504037,4.289808722523373,-44.75568387292707,8160.056856291576
2020-04-17,KINNEVIK_5_min,long,95.89923796,93.73623591594031,93.73623591594031,stop,0.5,37.72560862206206,-81.60056856291575,4.292468200981799,-85.89303676389756,8074.163819527678
2020-04-17,ERICSSON_5_MIN,long,85.9,84.20282633447191,86.54,eod,0.5,47.57417572240785,30.44747246234105,4.922214516943205,25.525257945397847,8099.689077473076
2020-04-17,HEXAGON_5_min,short,64.757078,66.43506679900925,65.499935,eod,0.5,48.27022136414432,-35.85787183190351,3.7725209110453344,-39.63039274294884,8060.058684730127
2020-04-20,GETINGE_5_min,long,184.65,179.8576308814425,191.65,eod,0.5,16.81852646433085,117.72968525031595,3.7972869051166196,113.93239834519933,8173.991083075327
2020-04-20,INVESTOR_5_MIN,short,122.325,124.5044743014481,121.6,eod,0.5,37.5044159852875,27.19070158933376,5.488958801526752,21.701742787807007,8195.692825863134
2020-04-21,ALFA_LAVAL_5_MIN,short,169.45,173.12912972689077,164.95,eod,0.5,22.276172449046232,100.24277602070805,4.469491240176636,95.77328478053141,8291.466110643665
2020-04-21,SANDVIK_min,long,143.55,140.20357142857145,140.20357142857145,stop,0.5,24.7770598823931,-82.91466110643665,4.218347538677173,-87.13300864511383,8204.33310199855
2020-04-21,BOLIDEN_5_min,short,182.39676,186.54435281384994,177.871127,eod,0.5,19.78095119318862,89.52132549128378,4.275864893532115,85.24546059775166,8289.578562596302
2020-04-21,VOLVO_5_MIN,short,122.0,124.81265969802556,120.65,eod,0.5,29.47238362470746,39.78771789335491,4.290884331921159,35.496833561433746,8325.075396157736
2020-04-21,KINNEVIK_5_min,short,91.17489773,93.30680933857597,91.22360184,eod,0.5,39.04981502360937,-1.9018864863896303,4.273576601275435,-6.175463087665065,8318.89993307007
2020-04-21,HANDELSBANKEN_5_min,long,90.3,88.38001662971175,88.6,eod,0.5,43.32797909505404,-73.65756446159199,4.650825276063101,-78.30838973765509,8240.591543332415
2020-04-22,GETINGE_5_min,short,195.4,200.06482998398138,188.6,eod,0.5,17.665363092824162,120.1244690312045,4.070099656586686,116.0543693746178,8356.645912707034
2020-04-22,ALFA_LAVAL_5_MIN,long,167.4,163.50563501637083,167.85,eod,0.5,21.458301797176297,9.65623580872909,4.3163374065020115,5.339898402227078,8361.985811109262
2020-04-23,ALFA_LAVAL_5_MIN,short,169.6,173.33278736472653,173.33278736472653,stop,0.5,22.401452303784968,-83.61985811109263,4.609315487732972,-88.2291735988256,8273.756637510436
2020-04-23,SKF_5_min,short,148.6,151.89482166698454,151.89482166698454,stop,0.5,25.11139440539937,-82.73756637510436,4.527506390195878,-87.26507276530025,8186.491564745136
2020-04-24,HEXAGON_5_min,long,63.585651,62.18415390477562,62.65708,eod,0.5,58.41247614883202,-54.24013138999698,4.424490308100549,-58.664621698097534,8127.826943047039
2020-04-24,SKF_5_min,long,150.65,147.10357142857143,154.7,eod,0.5,22.918343847463916,92.81929258222847,4.198869776293863,88.62042280593461,8216.447365852973
2020-04-24,HUSQVARNA_5_min,short,57.94,59.37526333057891,59.37526333057891,stop,0.5,57.24696779188857,-82.16447365852973,4.029565860829546,-86.19403951935928,8130.253326333614
2020-04-24,SANDVIK_min,short,141.075,144.20999999999998,143.05,eod,0.5,25.93382241254749,-51.21929926478188,4.421068375779033,-55.64036764056091,8074.612958693053
2020-04-27,VOLVO_5_MIN,long,118.95,115.91120985720312,118.55,eod,0.5,26.571801866058536,-10.628720746423566,3.7864817659133414,-14.415202512336908,8060.197756180716
2020-04-27,ABB_5_min,long,177.4,174.3422435716304,178.6,eod,0.5,26.359842404054476,31.63181088486507,5.630462337506035,26.001348547359036,8086.199104728075
2020-04-27,ALFA_LAVAL_5_MIN,long,174.45,170.52157880064428,182.4,eod,0.5,20.583839395974824,163.6415231980002,4.407205853072169,159.23431734492803,8245.433422073003
2020-04-28,ESSITY_5_min,long,311.7,307.3610798197618,314.3,eod,0.5,19.003422694031645,49.40889900448271,7.137685563878286,42.27121344060443,8287.704635513608
2020-04-28,HEXAGON_5_min,long,66.657076,65.3427703495464,67.199933,eod,0.5,63.057665716139034,34.231295237665954,5.064426316370527,29.166868921295425,8316.871504434903
2020-04-29,ASSA_5_min,short,190.2,193.53236180246265,187.6,eod,0.5,24.95788872111255,64.89051067489248,5.657454215301793,59.23305645959069,8376.104560894493
2020-04-29,BOLIDEN_5_min,long,184.316726,180.10318355823665,190.625186,eod,0.5,19.87900840364896,125.40592935408382,4.472084051716925,120.9338453023669,8497.03840619686
2020-04-29,SEB_5_MIN,short,71.5,72.9536811652035,72.9536811652035,stop,0.5,58.45187108142336,-84.9703840619686,5.066152769223305,-90.03653683119191,8407.001869365668
2020-04-29,NORDEA_5_min,short,61.0,62.15863299286414,62.15863299286414,stop,0.5,72.5596623015503,-84.07001869365668,5.361809291689677,-89.43182798534636,8317.57004138032
2020-05-04,ABB_5_min,short,180.15,183.22300069060776,177.55,eod,0.5,27.06660648271879,70.37317685506869,5.809035083321106,64.56414177174759,8382.134183152068
2020-05-04,ASSA_5_min,long,175.0,171.52385606718795,177.25,eod,0.5,24.113311603789903,54.25495110852728,5.096348407460996,49.158602701066286,8431.292785853135
2020-05-04,BOLIDEN_5_min,long,176.362582,172.08282555195922,172.08282555195922,stop,0.5,19.700403254752654,-84.31292785853135,4.118709024624139,-88.43163688315549,8342.86114896998
2020-05-04,ERICSSON_5_MIN,long,83.0,81.57010071049183,81.57010071049183,stop,0.5,58.34579547094953,-83.4286114896998,5.761184062012754,-89.18979555171256,8253.671353418267
2020-05-04,GETINGE_5_min,long,186.1,182.48928571428573,183.85,eod,0.5,22.858832630634296,-51.43237341892717,5.073975079021894,-56.50634849794906,8197.165004920318
2020-05-04,HANDELSBANKEN_5_min,short,94.2,95.92857142857143,92.8,eod,0.5,47.42161573094401,66.39026202332188,5.320705285011918,61.06955673830996,8258.234561658628
2020-05-04,HEXAGON_5_min,long,67.328504,65.96825477964283,65.96825477964283,stop,0.5,60.71118761229842,-82.58234561658628,4.855562718229309,-87.43790833481559,8170.796653323812
2020-05-04,HM_5_min,short,128.4,131.79307308970098,127.6,eod,0.5,24.08081534737551,19.26465227790068,3.698813237356878,15.565839040543802,8186.3624923643565
2020-05-04,NORDEA_5_min,short,60.2,61.47294214876033,59.12,eod,0.5,64.31056195551974,69.45540691196167,4.604121751519569,64.8512851604421,8251.2137775248
2020-05-04,SEB_5_MIN,short,76.24,77.80918824404762,74.08,eod,0.5,52.582689226891645,113.57860873008578,4.742537906751811,108.83607082333397,8360.049848348133
2020-05-04,SKF_5_min,short,148.95,152.49583433071618,145.8,eod,0.5,23.577102223666397,74.26787200454862,4.169610528255402,70.09826147629322,8430.148109824426
2020-05-04,ALFA_LAVAL_5_MIN,short,175.95,180.24624620060789,180.24624620060789,stop,0.5,19.62212526049276,-84.30148109824425,4.193596416159387,-88.49507751440365,8341.653032310021
2020-05-04,ESSITY_5_min,short,314.4,318.69924383065427,310.2,eod,0.5,19.402605111235403,81.49094146718846,7.271320291486579,74.21962117570189,8415.872653485723
2020-05-04,SANDVIK_min,short,144.8,147.9358662613982,141.3,eod,0.5,26.83747313169334,93.93115596092669,4.606920637786478,89.32423532314021,8505.196888808863
2020-05-04,ATLAS_5_min,short,74.05000015,75.44916184082554,72.72499999,eod,0.5,60.78780561659466,80.54385216803693,5.353278106731584,75.19057406130536,8580.387462870169
2020-05-04,INVESTOR_5_MIN,short,117.9,119.51582169936215,116.175,eod,0.5,53.102316092532575,91.60149525961914,7.457954783615738,84.14354047600341,8664.531003346172
2020-05-04,VOLVO_5_MIN,short,120.65,123.62474605799326,120.75,eod,0.5,29.126960199053773,-2.9126960199052117,4.2187489152309485,-7.131444935136161,8657.399558411036
2020-05-04,HUSQVARNA_5_min,short,56.5,58.02827171950241,56.54,eod,0.5,56.648300481734886,-2.2659320192693473,3.8421143318731867,-6.108046351142534,8651.291512059894
2020-05-04,KINNEVIK_5_min,short,93.99976104,95.93957362330768,94.53551124,eod,0.5,44.59859466066605,-23.893706009171197,5.0450449125924175,-28.938750921763614,8622.35276113813
2020-05-05,ABB_5_min,long,180.85,177.54368625978336,179.15,eod,0.5,26.078446991461774,-44.33335988548472,5.632944550155743,-49.96630443564046,8572.38645670249
2020-05-05,ASSA_5_min,short,178.45,182.18654381258227,180.0,eod,0.5,22.942020451723838,-35.56013170017221,4.934140338552245,-40.49427203872445,8531.892184663766
2020-05-05,BOLIDEN_5_min,long,177.322565,172.7693254015061,175.356885,eod,0.5,18.73806989530252,-36.83304923179811,3.96511931084211,-40.79816854264022,8491.094016121126
2020-05-05,HM_5_min,long,131.0,127.58581025500412,127.58581025500412,stop,0.5,24.87001206821143,-84.91094016121126,3.85861933302611,-88.76955949423737,8402.324456626888
2020-05-07,KINNEVIK_5_min,long,99.40596464,97.62036493522984,106.51682787,eod,0.5,47.056036323149335,334.6090384398273,5.813946242468941,328.7950921973584,8731.119548824247
2020-05-11,BOLIDEN_5_min,long,186.145265,181.98119512676595,181.98119512676595,stop,0.5,20.967754659801585,-87.31119548824246,4.631271179831555,-91.94246666807402,8639.177082156173
2020-05-11,HM_5_min,long,132.95,129.85834890839155,129.85834890839155,stop,0.5,27.943570688184018,-86.39177082156174,4.406282205099941,-90.79805302666168,8548.379029129512
2020-05-12,HUSQVARNA_5_min,long,58.38,57.067142857142855,59.38,eod,0.5,65.11278912285786,65.11278912285786,4.600609228264645,60.51217989459322,8608.891209024105
2020-05-13,ERICSSON_5_MIN,short,83.42,84.59247009569378,82.42,eod,0.5,73.42525187331103,73.42525187331103,7.30610626240194,66.11914561090909,8675.010354635015
2020-05-13,SANDVIK_min,short,146.15,149.2792908354875,142.4,eod,0.5,27.72196900414845,103.95738376555668,4.799504493688221,99.15787927186847,8774.168233906883
2020-05-13,SWEDBANK_5_MIN,short,104.7,106.45259005029224,101.92,eod,0.5,50.06400802311874,139.17794230427015,6.206535202642076,132.97140710162807,8907.13964100851
2020-05-13,VOLVO_5_MIN,short,121.0,123.60104099276599,118.85,eod,0.5,34.244518505402404,73.62571478661536,4.92812865811246,68.6975861285029,8975.837227137014
2020-05-13,KINNEVIK_5_min,short,104.66605507,106.31653157745052,105.20180526,eod,0.5,54.38330801207179,-29.135867600296073,6.847985094096511,-35.98385269439258,8939.85337444262
2020-05-14,BOLIDEN_5_min,short,172.019802,175.8751606685377,169.276993,eod,0.5,23.18812370791287,63.60059439917665,4.748419382144506,58.852175017032145,8998.705549459653
2020-05-14,HANDELSBANKEN_5_min,short,91.0,92.50081877729258,89.7,eod,0.5,59.958641813457184,77.94623435749416,6.500715945415028,71.44551841207914,9070.151067871733
2020-05-14,HUSQVARNA_5_min,short,55.9,57.21385235036198,55.6,eod,0.5,69.03478206948282,20.710434620844648,4.6184269204484005,16.09200770039625,9086.243075572129
2020-05-14,INVESTOR_5_MIN,long,115.675,114.0859889069264,114.0859889069264,stop,0.5,57.181747284072,-90.86243075572129,7.882880882048601,-98.74531163776989,8987.49776393436
2020-05-14,SANDVIK_min,long,141.95,138.82416729654824,138.82416729654824,stop,0.5,28.752331351610007,-89.8749776393436,4.843747135849642,-94.71872477519324,8892.779039159166
2020-05-14,SEB_5_MIN,short,70.4,71.9833589639822,70.5,eod,0.5,56.16401107676541,-5.616401107676222,4.748105496429748,-10.36450660410597,8882.41453255506
2020-05-14,SWEDBANK_5_MIN,short,100.82,102.61857496393924,101.1,eod,0.5,49.38584552017095,-13.828036745647923,5.9831939564597505,-19.81123070210767,8862.603301852952
2020-05-14,HM_5_min,long,123.35,120.43037815978663,120.43037815978663,stop,0.5,30.355312389378728,-88.62603301852953,4.440017720064721,-93.06605073859424,8769.537251114358
2020-05-14,KINNEVIK_5_min,short,103.49714645,105.10778788799888,103.15621436,eod,0.5,54.447483122065684,18.562894216045333,6.751053224892376,11.811840991152957,8781.34909210551
2020-05-15,ABB_5_min,long,173.75,171.025,173.1,eod,0.5,32.22513428295607,-20.94633728392163,6.706372695625988,-27.652709979547616,8753.696382125963
2020-05-15,ERICSSON_5_MIN,long,79.88,78.83037737200142,81.84,eod,0.5,83.39851055628976,163.4610806903286,8.092324276297907,155.36875641403068,8909.065138539994
2020-05-15,INVESTOR_5_MIN,long,114.6,112.87885527136618,114.45,eod,0.5,51.76244037078561,-7.7643660556174,7.113712180157066,-14.878078235774467,8894.187060304219
2020-05-15,SWEDBANK_5_MIN,long,103.28,101.51322929636702,101.51322929636702,stop,0.5,50.34149050589998,-88.94187060304219,6.185757844977395,-95.12762844801958,8799.0594318562
2020-05-15,KINNEVIK_5_min,short,104.42253203,106.09426169356252,106.09426169356252,stop,0.5,52.63446371529406,-87.990594318562,6.648263124421738,-94.63885744298373,8704.420574413216
2020-05-15,GETINGE_5_min,long,174.65,172.24585132412204,172.24585132412204,stop,0.5,36.205833115684825,-87.04420574413217,7.535791980938746,-94.57999772507091,8609.840576688144
2020-05-15,BOLIDEN_5_min,long,174.488329,170.47378547557182,174.579756,eod,0.5,21.446624066467212,1.9608004985251153,4.491799195557973,-2.5309986970328575,8607.309577991111
2020-05-15,HANDELSBANKEN_5_min,short,90.9,92.35068174775333,92.35068174775333,stop,0.5,59.33285912862208,-86.07309577991111,6.523672131218043,-92.59676791112916,8514.712810079982
2020-05-18,HM_5_min,long,123.4,120.32018067056576,128.7,eod,0.5,27.646793202132788,146.5280039713033,4.181853939754605,142.3461500315487,8657.05896011153
2020-05-18,ERICSSON_5_MIN,long,84.16,83.05051777618706,83.05051777618706,stop,0.5,78.02791945922316,-86.5705896011153,7.828253288265195,-94.39884288938049,8562.660117222149
2020-05-18,ATLAS_5_min,long,77.71249996,76.34853301693492,80.80000015,eod,0.5,62.777621999990025,193.8259198527174,5.970622688507373,187.85529716421001,8750.515414386358
2020-05-19,GETINGE_5_min,short,168.8,171.1607142857143,171.1607142857143,stop,0.5,37.06723624853511,-87.50515414386358,7.560842466989589,-95.06599661085316,8655.449417775506
2020-05-19,SWEDBANK_5_MIN,short,107.9,109.60548020430848,107.14,eod,0.5,50.750805526265644,38.57061219996215,6.548071932220897,32.02254026774125,8687.471958043247
2020-05-19,SANDVIK_min,long,151.2,147.76998011928427,149.2,eod,0.5,25.32775978030335,-50.6555195606067,4.5650754228018755,-55.220594983408574,8632.251363059839
2020-05-19,ERICSSON_5_MIN,short,83.44,84.54291308500477,83.74,eod,0.5,78.26773913941268,-23.480321741823584,7.850880377596207,-31.331202119419792,8600.920160940419
2020-05-22,ALFA_LAVAL_5_MIN,short,179.95,183.75364426430951,178.3,eod,0.5,22.612314830923708,37.310319471023604,4.860517072907051,32.44980239811655,8633.369963338535
2020-05-22,ERICSSON_5_MIN,short,82.74,83.83296475132786,83.83296475132786,stop,0.5,78.99037871852357,-86.33369963338535,7.8945969419847986,-94.22829657537015,8539.141666763166
2020-05-22,GETINGE_5_min,long,175.95,173.52126429181754,173.52126429181754,stop,0.5,35.15879326842637,-85.39141666763166,7.372192760694964,-92.76360942832662,8446.37805733484
2020-05-22,HANDELSBANKEN_5_min,short,92.0,93.49642857142857,93.49642857142857,stop,0.5,56.44357651679625,-84.4637805733484,6.282049115798315,-90.74582968914672,8355.632227645692
2020-05-22,HEXAGON_5_min,long,66.399934,65.22442496428572,68.17136,eod,0.5,71.08096980784573,125.91467802283331,5.7392748514900385,120.17540317134328,8475.807630817035
2020-05-22,HUSQVARNA_5_min,long,63.54,62.221428571428575,65.36,eod,0.5,64.28023121963103,116.9900208197285,4.971433082526263,112.01858773720224,8587.826218554237
2020-05-22,NORDEA_5_min,long,57.3,56.12607142857143,57.93,eod,0.5,73.15458902327934,46.08739108466617,5.057761975891487,41.029629108774685,8628.855847663011
2020-05-22,SANDVIK_min,short,143.2,146.48203726708076,142.35,eod,0.5,26.29115742898926,22.34748381464072,4.504464002308729,17.843019812331992,8646.698867475343
2020-05-22,SEB_5_MIN,short,72.7,74.29917205565354,74.29917205565354,stop,0.5,54.06984718690362,-86.46698867475344,4.7689336617903235,-91.23592233654377,8555.4629451388
2020-05-22,SKF_5_min,short,154.6,157.8117881313015,155.95,eod,0.5,26.6376940052763,-35.96088690712285,4.963401524003132,-40.92428843112598,8514.538656707673
2020-05-22,SWEDBANK_5_MIN,short,104.22,105.89866932837452,105.89866932837452,stop,0.5,50.72195287533131,-85.14538656707673,6.39457754634068,-91.53996411341741,8422.998692594256
2020-05-22,VOLVO_5_MIN,short,125.1,127.56748375327783,125.5,eod,0.5,34.135984406807346,-13.654393762723132,5.132686615407552,-18.787080378130682,8404.211612216124
2020-05-22,ASSA_5_min,long,183.65,180.26757683007682,184.25,eod,0.5,24.84671843235683,14.908031059413958,5.4846646267584465,9.423366432655511,8413.634978648779
2020-05-22,INVESTOR_5_MIN,short,118.8,120.67947610045908,119.525,eod,0.5,44.76585244469796,-32.45524302240641,6.401293070329585,-38.85653609273599,8374.778442556042
2020-05-22,ESSITY_5_min,short,304.25,307.59313272327284,307.59313272327284,stop,0.5,25.05069088120839,-83.74778442556043,9.196255911384517,-92.94404033694494,8281.834402219098
2020-05-25,ATLAS_5_min,short,80.55000015,81.96477627093222,81.6500001,eod,0.5,58.53812684343354,-64.3919366008704,5.69693051318367,-70.08886711405407,8211.745535105043
2020-05-25,ERICSSON_5_MIN,long,86.18,85.03628405122235,87.0,eod,0.5,71.79881983705258,58.875032266382625,7.460471771628459,51.41456049475417,8263.160095599796
2020-05-26,ESSITY_5_min,short,311.4,314.74639656118524,307.4,eod,0.5,24.692710336377683,98.77084134551073,9.167909493690305,89.60293185182043,8352.763027451618
2020-05-26,SEB_5_MIN,long,77.04,75.68217071540005,79.06,eod,0.5,61.51556106637144,124.26143335407006,5.761547449476349,118.49988590459371,8471.262913356211
2020-05-26,SKF_5_min,short,162.5,165.52469744803997,165.52469744803997,stop,0.5,28.006976098867856,-84.71262913356212,5.512187916759369,-90.22481705032149,8381.03809630589
2020-05-27,ALFA_LAVAL_5_MIN,long,187.8,184.6385463058125,190.95,eod,0.5,26.51007703106591,83.50674264785702,6.024415005309727,77.48232764254729,8458.520423948437
2020-05-27,NORDEA_5_min,long,62.9,61.987343707374734,64.78,eod,0.5,92.68024000160479,174.23885120301725,7.10004782604294,167.1388033769743,8625.659227325412
2020-05-27,SANDVIK_min,long,154.75,151.8625,157.2,eod,0.5,29.872412908486393,73.18741162579133,5.5912195240813976,67.59619210170993,8693.255419427122
2020-05-27,SEB_5_MIN,long,80.02,78.73253535714285,81.16,eod,0.5,67.52228472958313,76.97540459172481,6.529945111628525,70.44545948009629,8763.700878907217
2020-05-27,SKF_5_min,long,168.85,166.0165018233473,168.95,eod,0.5,30.928909540573997,3.092890954057224,6.268671385683536,-3.175780431626312,8760.525098475591
2020-05-27,HUSQVARNA_5_min,long,72.08,70.97234206349206,70.97234206349206,stop,0.5,79.09052794849758,-87.60525098475591,6.788451154842392,-94.3937021395983,8666.131396335993
2020-05-28,ASSA_5_min,short,191.3,193.92321428571432,193.92321428571432,stop,0.5,33.036307569422114,-86.66131396335994,7.6358115540145555,-94.2971255173745,8571.83427081862
2020-05-28,BOLIDEN_5_min,short,192.819432,196.24959371325642,188.065231,eod,0.5,24.98959229149865,118.80554466183504,5.710891463072916,113.09465319876213,8684.928924017382
2020-05-28,HEXAGON_5_min,short,71.914214,72.91613059557285,72.91613059557285,stop,0.5,86.68315269348072,-86.84928924017382,7.532610525136483,-94.3818997653103,8590.547024252071
2020-05-28,SANDVIK_min,short,158.6,161.4544572509117,158.85,eod,0.5,30.095202937470056,-7.523800734367514,5.732233303499921,-13.256034037867435,8577.290990214204
2020-05-28,SWEDBANK_5_MIN,long,120.2,118.53956538832696,121.18,eod,0.5,51.65690313797903,50.62376507521965,7.481365967667227,43.14239910755242,8620.433389321755
2020-05-28,SKF_5_min,short,169.65,172.40049331736225,172.40049331736225,stop,0.5,31.34140822995658,-86.20433389321755,6.4322064877904905,-92.63654038100805,8527.796848940747
2020-05-28,ALFA_LAVAL_5_MIN,long,194.55,191.47065741524645,195.95,eod,0.5,27.693563201326047,38.77098848185584,6.488601858070692,32.28238662378514,8560.079235564532
2020-05-29,ATLAS_5_min,short,84.87500005,86.14611196101937,83.00000005,eod,0.5,67.3432383203752,126.26857185070351,6.783147683860386,119.48542416684312,8679.564659731375
2020-05-29,GETINGE_5_min,long,171.6,168.66964285714286,173.25,eod,0.5,29.619477205664754,48.87213738934701,6.128566028624093,42.74357136072292,8722.308231092098
2020-05-29,HANDELSBANKEN_5_min,short,95.6,96.95357142857141,95.1,eod,0.5,64.43921648300302,32.21960824150151,7.373135149985204,24.84647309151631,8747.154704183615
2020-05-29,SANDVIK_min,short,156.95,159.80962188208613,155.65,eod,0.5,30.58850108463434,39.76505141002412,5.737179263434017,34.027872146590106,8781.182576330204
2020-05-29,SWEDBANK_5_MIN,short,118.72,120.44532482793352,120.44532482793352,stop,0.5,50.89582224842684,-87.81182576330204,7.303509516257861,-95.1153352795599,8686.067241050645
2020-05-29,ALFA_LAVAL_5_MIN,short,191.75,194.75366526683516,189.45,eod,0.5,28.91822646470461,66.51192086882094,6.614176757007238,59.8977441118137,8745.964985162458
2020-05-29,HEXAGON_5_min,short,72.999927,74.03973384161795,74.03973384161795,stop,0.5,84.11143911645826,-87.45964985162458,7.420630488350651,-94.88028033997523,8651.084704822482
2020-05-29,BOLIDEN_5_min,short,185.779558,189.26373388127382,186.968108,eod,0.5,24.82964408116977,-29.511273472674137,5.553115127320047,-35.06438859999418,8616.020316222488
2020-05-29,ESSITY_5_min,long,311.4,307.8740422599908,309.7,eod,0.5,24.435971589948963,-41.54115170291296,9.106309172710379,-50.64746087562334,8565.372855346865
2020-06-01,BOLIDEN_5_min,long,192.179444,188.63469463241438,191.99659,eod,0.5,24.163549992198433,-4.418401770273255,5.569834082018114,-9.98823585229137,8555.384619494573
2020-06-01,ESSITY_5_min,short,311.0,314.63726072456484,306.2,eod,0.5,23.52150496585074,112.90322383608381,8.710483718953844,104.19274011712997,8659.577359611703
2020-06-01,INVESTOR_5_MIN,short,126.55,128.22212516912842,125.25,eod,0.5,51.78785368158429,67.32420978605943,7.824108934213753,59.50010085184567,8719.077460463548
2020-06-01,SANDVIK_min,short,157.6,160.48379625441055,156.8,eod,0.5,30.23472080292898,24.18777664234267,5.703477732264523,18.484298910078145,8737.561759373626
2020-06-01,SEB_5_MIN,long,83.1,81.75123407917383,83.88,eod,0.5,64.78189895264818,50.529881183065655,6.490368892267915,44.03951229079774,8781.601271664424
2020-06-01,SKF_5_min,short,174.0,176.82402783462956,175.45,eod,0.5,31.096015287031832,-45.0892221661958,6.519901525231963,-51.60912369142777,8729.992147972996
2020-06-01,SWEDBANK_5_MIN,long,120.54,118.75150466045272,120.36,eod,0.5,48.81193679924713,-8.786148623864817,7.05527734496318,-15.841425968827997,8714.150722004168
2020-06-01,ERICSSON_5_MIN,short,86.5,87.7748191681736,86.66,eod,0.5,68.35597502419695,-10.936956003871279,7.101912381113966,-18.038868384985243,8696.111853619183
2020-06-02,GETINGE_5_min,long,171.7,168.5892596986347,168.5892596986347,stop,0.5,27.955120039440384,-86.96111853619183,5.707696261804581,-92.66881479799642,8603.443038821186
2020-06-02,NORDEA_5_min,short,65.33,66.35784848865399,66.35784848865399,stop,0.5,83.70341673691395,-86.03443038821186,6.613633716740033,-92.64806410495189,8510.794974716235
2020-06-02,SKF_5_min,short,175.35,178.146013667426,178.146013667426,stop,0.5,30.439032090108682,-85.10794974716235,6.456045902248966,-91.56399564941131,8419.230979066824
2020-06-03,ABB_5_min,short,192.95,195.42142857142855,195.42142857142855,stop,0.5,34.066252516455506,-84.19230979066825,7.938215493534508,-92.13052528420276,8327.100453782621
2020-06-03,BOLIDEN_5_min,long,195.105106,191.94108050000003,201.230712,eod,0.5,26.318057341139237,161.21404995722668,6.258473270682795,154.95557668654388,8482.056030469164
2020-06-03,ERICSSON_5_MIN,long,88.8,87.53257297506282,90.88,eod,0.5,66.92342725522674,139.2007286908715,7.214880845531484,131.98584784534,8614.041878314505
2020-06-03,HM_5_min,long,156.45,153.4666613316261,157.4,eod,0.5,28.873831756452077,27.430140168629965,5.43723125805749,21.992908910572474,8636.034787225077
2020-06-03,NORDEA_5_min,short,67.8,68.86180195044032,68.86180195044032,stop,0.5,81.33376270069702,-86.36034787225077,6.669131142052059,-93.02947901430284,8543.005308210773
2020-06-03,SKF_5_min,long,180.2,177.40737883715394,183.15,eod,0.5,30.591350598748356,90.24448426630818,6.669220344033128,83.57526392227504,8626.580572133049
2020-06-03,SANDVIK_min,long,165.75,162.7517160989509,169.55,eod,0.5,28.771726950588736,109.33256241223752,5.788296027919443,103.54426638431808,8730.124838517368
2020-06-03,VOLVO_5_MIN,long,145.75,143.46125276141385,146.5,eod,0.5,38.14368267205555,28.60776200404166,6.68849475654494,21.91926724749672,8752.044105764864
2020-06-03,ESSITY_5_min,short,299.3,302.9628619047619,300.0,eod,0.5,23.894005106735854,-16.725803574714828,8.591806356280077,-25.317609930994905,8726.72649583387
2020-06-03,SWEDBANK_5_MIN,long,128.06,126.19642857142857,126.19642857142857,stop,0.5,46.82796893126635,-87.2672649583387,7.143787282630559,-94.41105224096925,8632.3154435929
2020-06-04,ABB_5_min,short,199.15,201.86597344024054,198.0,eod,0.5,31.78350463850046,36.55103033427571,7.573691320308274,28.977339013967434,8661.292782606866
2020-06-04,ERICSSON_5_MIN,short,90.82,92.13984233526156,88.82,eod,0.5,65.62369270334365,131.2473854066873,7.073184094337191,124.1742013123501,8785.466983919216
2020-06-04,ESSITY_5_min,long,299.8,296.00565177975,296.00565177975,stop,0.5,23.15408727388845,-87.85466983919216,8.277201635750593,-96.13187147494276,8689.335112444272
2020-06-04,KINNEVIK_5_min,short,119.27741691,120.67595915994563,120.67595915994563,stop,0.5,62.13137366984839,-86.89335112444273,8.945179723166067,-95.8385308476088,8593.496581596664
2020-06-04,SKF_5_min,short,181.3,184.20412307268725,180.35,eod,0.5,29.5906763126431,28.11114249701145,6.420880853080426,21.690261643931024,8615.186843240595
2020-06-04,SANDVIK_min,short,168.65,171.81757969390776,171.81757969390776,stop,0.5,27.198011339099985,-86.15186843240596,5.556024655866498,-91.70789308827246,8523.478950152323
2020-06-05,ERICSSON_5_MIN,short,88.86,90.19954070177691,88.62,eod,0.5,63.62986162977995,15.271166791146863,6.775816705232008,8.495350085914854,8531.974300238238
2020-06-05,GETINGE_5_min,short,167.2,170.1910714285714,165.7,eod,0.5,28.524809600796615,42.78721440119492,5.697545469663115,37.089668931531804,8569.06396916977
2020-06-05,KINNEVIK_5_min,long,121.95616624,120.57164649470538,124.78102955,eod,0.5,61.89195927535348,174.83632494096008,9.162629084129758,165.67369585683034,8734.737665026601
2020-06-05,SWEDBANK_5_MIN,long,130.14,128.2439801645268,130.72,eod,0.5,46.068809521956496,26.719909522735342,7.210505791138543,19.509403731596798,8754.247068758199
2020-06-05,VOLVO_5_MIN,long,150.3,148.00395854145856,152.95,eod,0.5,38.127565319832186,101.03804809755442,6.937310509943466,94.10073758761095,8848.34780634581
2020-06-05,ALFA_LAVAL_5_MIN,short,207.3,210.6992359203297,210.6992359203297,stop,0.5,26.030402166048013,-88.4834780634581,6.528412929664179,-95.01189099312228,8753.335915352687
2020-06-05,ESSITY_5_min,short,285.9,289.8310359012715,284.5,eod,0.5,22.26724999515109,31.17414999321102,7.6207436383405085,23.55340635487051,8776.889321707558
2020-06-08,ABB_5_min,short,197.9,200.3892857142857,200.3892857142857,stop,0.5,35.258665854779494,-87.76889321707559,8.425889303123279,-96.19478252019887,8680.69453918736
2020-06-08,ERICSSON_5_MIN,short,87.12,88.39781897991942,86.7,eod,0.5,67.93367977469542,28.532145505372192,7.084939331062535,21.447206174309656,8702.141745361669
2020-06-08,ESSITY_5_min,short,278.8,282.6958858574753,282.6958858574753,stop,0.5,22.336747183350766,-87.02141745361669,7.525194988134002,-94.5466124417507,8607.595132919918
2020-06-08,HM_5_min,short,165.1,168.1811292414091,168.1811292414091,stop,0.5,27.93649489686237,-86.07595132919919,5.586423939763892,-91.66237526896307,8515.932757650955
2020-06-08,HUSQVARNA_5_min,short,74.0,75.33571428571429,75.33571428571429,stop,0.5,63.75564631396422,-85.15932757650955,5.712596989225927,-90.87192456573548,8425.06083308522
2020-06-08,INVESTOR_5_MIN,short,130.65,132.15777451515982,130.25,eod,0.5,55.87745878694763,22.35098351477937,8.747057398508781,13.603926116270587,8438.66475920149
2020-06-08,KINNEVIK_5_min,short,123.12507568,124.52477745930906,119.91057615,eod,0.5,60.289019303576545,193.7990242155076,8.791428662781705,185.0075955527259,8623.672354754217
2020-06-09,HANDELSBANKEN_5_min,short,101.6,103.00437833286556,100.2,eod,0.5,61.40562092807324,85.96786929930201,7.434992581971108,78.53287671733091,8702.205231471547
2020-06-09,KINNEVIK_5_min,short,119.66705311,121.15080206607142,118.25462145,eod,0.5,58.65011864616705,82.83928443860243,8.372480664863247,74.46680377373919,8776.672035245287
2020-06-10,ATLAS_5_min,long,85.55000016,84.36339301928571,84.36339301928571,stop,0.5,73.96442962547911,-87.76672035245286,7.5405283273413835,-95.30724867979424,8681.364786565493
2020-06-10,ESSITY_5_min,short,286.2,290.36547245857594,290.36547245857594,stop,0.5,20.841248796861315,-86.81364786565493,7.209806675513442,-94.02345454116838,8587.341332024325
2020-06-10,HM_5_min,short,157.1,160.14672572148933,155.45,eod,0.5,28.185475546602717,46.506034651894645,5.2856222292544075,41.22041242264024,8628.561744446966
2020-06-11,ABB_5_min,short,196.7,199.10912939095272,199.10912939095272,stop,0.5,35.81609927989242,-86.28561744446966,8.505803444492487,-94.79142088896215,8533.770323558005
2020-06-11,ALFA_LAVAL_5_MIN,short,195.65,198.7446678990311,191.35,eod,0.5,27.57572250718674,118.5756067809033,6.40308276616876,112.17252401473453,8645.94284757274
2020-06-11,ATLAS_5_min,long,82.25000005,81.08699715704279,81.08699715704279,stop,0.5,74.34154205402183,-86.4594284757274,7.2856345481070095,-93.74506302383442,8552.197784548905
2020-06-11,HM_5_min,short,147.85,151.03810665032915,144.75,eod,0.5,26.82531898255638,83.15848884592462,4.709453000577597,78.44903584534703,8630.646820394253
2020-06-11,SKF_5_min,long,173.65,170.98851937952602,170.98851937952602,stop,0.5,32.42799047267618,-86.30646820394253,6.705560773773896,-93.01202897771643,8537.634791416536
2020-06-11,VOLVO_5_MIN,short,140.0,142.39754098360658,136.9,eod,0.5,35.609963916335374,110.39088814063946,5.916239405059959,104.4746487355795,8642.109440152115
2020-06-11,BOLIDEN_5_min,short,189.162355,192.02283037207434,185.505277,eod,0.5,30.212144192960018,110.48816786090136,6.791707513451328,103.69646034745003,8745.805900499565
2020-06-11,HEXAGON_5_min,short,75.371353,76.34405388361554,73.314212,eod,0.5,89.91259335543383,184.96288220779064,8.021222846200754,176.9416593615899,8922.747559861155
2020-06-11,KINNEVIK_5_min,short,114.11473553,115.63980472021917,112.02044051,eod,0.5,58.5071655573794,122.53126546113545,7.938316909751649,114.5929485513838,9037.340508412539
2020-06-11,SANDVIK_min,short,161.8,164.59871806128723,156.95,eod,0.5,32.29100005970585,156.61135028957412,6.175653761418744,150.43569652815538,9187.776204940694
2020-06-11,SWEDBANK_5_MIN,short,127.28,129.2858187114846,123.88,eod,0.5,45.80561619220491,155.73909505349695,6.9027231377005105,148.83637191579643,9336.61257685649
2020-06-11,SEB_5_MIN,short,81.38,82.71513617928817,79.1,eod,0.5,69.93003950978482,159.44049008230948,6.73342364431816,152.70706643799133,9489.319643294482
2020-06-11,GETINGE_5_min,long,172.15,169.37436721345517,169.37436721345517,stop,0.5,34.187950543367776,-94.89319643294483,7.0056109053891475,-101.89880733833398,9387.420835956149
2020-06-11,NORDEA_5_min,short,69.08,70.19074676258992,67.46,eod,0.5,84.51450098371224,136.91349159361422,6.923765978589641,129.98972561502458,9517.410561571174
2020-06-12,ABB_5_min,long,192.4,189.86992676852162,193.9,eod,0.5,37.61713472621471,56.42570208932206,8.718899486842044,47.70680260248001,9565.117364173655
2020-06-12,ALFA_LAVAL_5_MIN,long,188.55,185.05535714285716,189.8,eod,0.5,27.37080083769677,34.213501047120964,6.213445498165544,28.00005554895542,9593.11741972261
2020-06-12,ATLAS_5_min,long,80.94999994,79.75924325381176,80.50000005,eod,0.5,80.5632043136486,-36.25343307918946,7.804157601379759,-44.05759068056922,9549.05982904204
2020-06-12,BOLIDEN_5_min,long,183.768165,180.82944167857144,190.533759,eod,0.5,32.49390563382491,219.84057299277177,7.297518838209061,212.5430541545627,9761.602883196603
2020-06-12,HEXAGON_5_min,long,73.114213,72.10038437534527,72.742784,eod,0.5,96.28454598548122,-35.762872630841905,8.426264840970418,-44.18913747181232,9717.41374572479
2020-06-12,HM_5_min,long,144.0,140.57623385724298,143.7,eod,0.5,28.382235645042506,-8.514670693513075,4.899341517047237,-13.414012210560312,9703.99973351423
2020-06-12,NORDEA_5_min,long,66.78,65.58606971514243,67.64,eod,0.5,81.27777523184155,69.89888669938368,6.555215127998484,63.343671571385194,9767.343405085616
2020-06-12,SANDVIK_min,long,155.25,152.21360533234926,155.1,eod,0.5,32.167568693046796,-4.825135303957202,5.989922966332243,-10.815058270289445,9756.528346815327
2020-06-12,SEB_5_MIN,long,78.04,76.62891510643755,77.86,eod,0.5,69.14203667919476,-12.445566602255528,6.467546110971878,-18.913112713227406,9737.615234102099
2020-06-12,SKF_5_min,long,170.5,167.65296832389342,168.8,eod,0.5,34.2026936890939,-58.144579271459236,6.962984381225736,-65.10756365268497,9672.507670449413
2020-06-12,SWEDBANK_5_MIN,long,122.3,120.1607435070248,122.66,eod,0.5,45.2143429374253,16.277163457473083,6.6454232675710205,9.631740189902063,9682.139410639315
2020-06-12,VOLVO_5_MIN,long,134.6,131.92508649137747,136.15,eod,0.5,36.196084020769845,56.10393023219367,5.880053849174061,50.22387638301961,9732.363287022334
2020-06-12,ASSA_5_min,long,185.675,182.69272489892185,186.9,eod,0.5,32.634022540388266,39.97667761197544,7.295172568791094,32.681505043184345,9765.044792065519
2020-06-12,ERICSSON_5_MIN,long,82.56,81.3348238961039,83.52,eod,0.5,79.70319336960891,76.51506563482405,7.942263812894789,68.57280182192926,9833.617593887448
2020-06-12,ESSITY_5_min,long,285.4,280.95045331596873,284.9,eod,0.5,22.10026839178656,-11.05013419589328,7.562269838301524,-18.612404034194803,9815.005189853253
2020-06-12,GETINGE_5_min,long,167.75,165.0392857142857,169.15,eod,0.5,36.208187788654904,50.691462904117074,7.319123079598701,43.37233982451837,9858.377529677771
2020-06-15,ALFA_LAVAL_5_MIN,long,186.6,182.97468577559778,190.45,eod,0.5,27.193167045549913,104.693693125367,6.151910180714756,98.54178294465225,9956.919312622424
2020-06-15,ASSA_5_min,long,184.85,181.88438201323325,189.45,eod,0.5,33.57451754424353,154.44278070352004,7.540165150086211,146.90261555343383,10103.821928175857
2020-06-15,HEXAGON_5_min,long,72.114214,71.09482725000001,71.09482725000001,stop,0.5,99.11666919523825,-101.03821928175857,8.516641900406087,-109.55486118216466,9994.267066993692
2020-06-15,NORDEA_5_min,long,66.5,65.23602542882938,66.7,eod,0.5,79.07015928127076,15.814031856254378,6.319287129759159,9.494744726495219,10003.761811720187
2020-06-15,SKF_5_min,long,166.4,163.49107142857144,168.8,eod,0.5,34.38985030425614,82.53564073021494,6.916486693191995,75.61915403702294,10079.380965757211
2020-06-15,KINNEVIK_5_min,short,108.17278174,109.83121364624387,109.83121364624387,stop,0.5,60.77657411081609,-100.79380965757211,7.949721589227635,-108.74353124679975,9970.63743451041
2020-06-15,HM_5_min,short,139.0,142.55530984763269,142.55530984763269,stop,0.5,28.044355799676342,-99.70637434510411,4.737622371993076,-104.44399671709718,9866.193437793314
2020-06-15,ERICSSON_5_MIN,long,82.32,81.09351009486741,83.58,eod,0.5,80.44251645696828,101.35757073578044,8.007248088126623,93.35032264765383,9959.543760440967
2020-06-15,INVESTOR_5_MIN,long,119.75,118.1800293828118,123.025,eod,0.5,63.437771709883165,207.75870234986772,9.24066301612013,198.5180393337476,10158.061799774714
2020-06-15,ATLAS_5_min,long,80.19999994,79.01160709964284,81.62500005,eod,0.5,85.47730560815114,121.80516989411892,8.299418987510569,113.50575090660836,10271.567550681322
2020-06-15,SANDVIK_min,long,150.9,147.8890256069172,153.15,eod,0.5,34.11376587684848,76.75597322290909,6.223374308913469,70.53259891399563,10342.100149595319
2020-06-16,ABB_5_min,short,198.35,201.05406113223793,201.05406113223793,stop,0.5,38.24654711499061,-103.42100149595319,9.165495745207636,-112.58649724116083,10229.513652354159
2020-06-16,BOLIDEN_5_min,long,193.093713,189.76829014997844,189.76829014997844,stop,0.5,30.761542557776718,-102.29513652354159,7.066455482192223,-109.36159200573381,10120.152060348424
2020-06-16,ERICSSON_5_MIN,long,85.1,83.87456228786503,86.08,eod,0.5,82.5839776280188,80.93229807545875,8.482035174218554,72.4502629012402,10192.602323249665
2020-06-16,NORDEA_5_min,short,68.0,69.20610750888936,68.37,eod,0.5,84.50824033618268,-31.268048924387976,6.914633240787139,-38.182682165175116,10154.419641084489
2020-06-16,SEB_5_MIN,short,79.4,80.85741033281873,80.85741033281873,stop,0.5,69.6744040605585,-101.54419641084488,6.6995037367365216,-108.2437001475814,10046.175940936908
2020-06-16,VOLVO_5_MIN,long,145.15,142.50892857142858,142.50892857142858,stop,0.5,38.03825914080245,-100.4617594093691,6.56522692149935,-107.02698633086844,9939.14895460604
2020-06-16,ALFA_LAVAL_5_MIN,long,198.4,194.6406349206349,198.7,eod,0.5,26.438371226996185,7.931511368098405,6.299206328544111,1.6323050395542937,9940.781259645595
2020-06-16,SANDVIK_min,long,158.675,155.6080038567369,155.6080038567369,stop,0.5,32.41210877125253,-99.40781259645595,6.11194494357632,-105.51975754003227,9835.261502105563
2020-06-16,SKF_5_min,long,173.6,170.80462427745664,170.80462427745664,stop,0.5,35.184041353686126,-98.35261502105563,7.270527925787259,-105.62314294684289,9729.63835915872
2020-06-16,HM_5_min,short,148.45,152.05874880952382,148.3,eod,0.5,26.961251316470904,4.044187697470022,4.800450796897644,-0.7562630994276223,9728.882096059293
2020-06-16,HEXAGON_5_min,long,74.828497,73.77543682142857,76.199924,eod,0.5,92.38676282733817,126.70170098400764,8.371816146668627,118.32988483733902,9847.211980896633
2020-06-16,KINNEVIK_5_min,long,118.01109924,116.27142938280063,116.27142938280063,stop,0.5,56.60391217417167,-98.47211980896633,7.956784604464719,-106.42890441343104,9740.783076483202
2020-06-16,ATLAS_5_min,long,84.22499999,82.99318033605427,85.0250001,eod,0.5,79.0763732765731,63.261107319659466,8.030205710506122,55.23090160915334,9796.013978092355
2020-06-16,HANDELSBANKEN_5_min,short,96.5,98.07499999999999,98.07499999999999,stop,0.5,62.19691414661858,-97.96013978092356,7.261178742046985,-105.22131852297053,9690.792659569384
2020-06-16,INVESTOR_5_MIN,short,125.5,127.2057439529866,127.2057439529866,stop,0.5,56.812704172872685,-96.90792659569385,8.614138004392041,-105.5220646000859,9585.270594969299
2020-06-16,ASSA_5_min,short,192.55,195.53739787355687,195.53739787355687,stop,0.5,32.085684601351325,-95.85270594969299,7.471229907558053,-103.32393585725104,9481.946659112047
2020-06-16,SWEDBANK_5_MIN,long,124.22,122.03394410438145,123.52,eod,0.5,43.37467618333291,-30.36227332833316,6.447385366595337,-36.809658694928494,9445.137000417119
2020-06-17,GETINGE_5_min,long,177.8,175.1709963411202,181.15,eod,0.5,35.92667879527253,120.35437396416278,7.737528812137844,112.61684515202494,9557.753845569143
2020-06-17,ATLAS_5_min,long,86.12500005,84.82513828732728,86.80000016,eod,0.5,73.52900223726023,49.63208459834084,7.629001636391589,42.00308296194925,9599.756928531093
2020-06-18,ASSA_5_min,short,193.55,196.63660714285717,192.9,eod,0.5,31.10132415375979,20.21586069994404,7.211464031532283,13.004396668411758,9612.761325199504
2020-06-18,GETINGE_5_min,short,178.55,181.2641305212893,177.85,eod,0.5,35.41746150304209,24.79222305213007,7.57366996781052,17.21855308431955,9629.979878283824
2020-06-18,KINNEVIK_5_min,long,119.56964406,117.63189915535715,120.9333716,eod,0.5,49.69684015274819,67.77294956728048,7.171343955305348,60.60160561197513,9690.5814838958
2020-06-22,ALFA_LAVAL_5_MIN,short,197.7,201.48532738095238,199.8,eod,0.5,25.60037880120591,-53.76079548253299,6.105690344087609,-59.866485826620604,9630.71499806918
2020-06-22,ASSA_5_min,short,190.9,193.9389742416318,193.9389742416318,stop,0.5,31.690676630736828,-96.30714998069179,7.3174844925576075,-103.6246344732494,9527.09036359593
2020-06-22,ATLAS_5_min,short,85.05000016,86.23982897772927,85.7750001,eod,0.5,80.07110116712292,-58.05154354189833,8.206887526615354,-66.25843106851369,9460.831932527415
2020-06-22,BOLIDEN_5_min,short,186.785254,190.03915362065342,189.070928,eod,0.5,29.075365055752982,-66.45680594844315,6.556893420066919,-73.01369936851006,9387.818233158905
2020-06-22,ERICSSON_5_MIN,short,85.58,86.75373711082192,86.75373711082192,stop,0.5,79.98229029825102,-93.87818233158906,8.270188193868139,-102.1483705254572,9285.669862633447
2020-06-22,GETINGE_5_min,long,178.35,175.61553923541246,177.1,eod,0.5,33.9579561092517,-42.447445136564625,7.242213299420108,-49.68965843598473,9235.980204197462
2020-06-22,HEXAGON_5_min,short,76.142781,77.22584819893001,76.314209,eod,0.5,85.27615103958392,-14.618720020414296,7.800567183768202,-22.419287204182496,9213.56091699328
2020-06-22,HUSQVARNA_5_min,long,73.92,72.4842230644288,76.2,eod,0.5,64.1712559153754,146.31046348705598,5.780033362809692,140.5304301242463,9354.091347117526
2020-06-22,INVESTOR_5_MIN,short,124.575,126.41511789007906,123.05,eod,0.5,50.834195991190796,77.52214888656626,7.552690669391172,69.96945821717509,9424.060805334702
2020-06-22,KINNEVIK_5_min,short,118.59555355,120.52823214478721,117.86498525,eod,0.5,48.761655614923,35.62371984777983,6.918124415690842,28.70559543208899,9452.766400766792
2020-06-22,NORDEA_5_min,short,65.8,66.95964752354908,65.8,eod,0.5,81.51413432796157,0.0,6.4363560465358445,-6.4363560465358445,9446.330044720256
2020-06-22,SEB_5_MIN,short,77.96,79.38174773983381,79.38174773983381,stop,0.5,66.44167442688807,-94.46330044720257,6.272429506252553,-100.73572995345512,9345.5943147668
2020-06-22,SKF_5_min,short,170.7,173.475,171.65,eod,0.5,33.67781735051093,-31.993926482985955,6.917760461968449,-38.911686944954404,9306.682627821847
2020-06-22,HM_5_min,short,139.6,143.07156065840277,143.07156065840277,stop,0.5,26.808353773958633,-93.06682627821847,4.546775519980481,-97.61360179819896,9209.069026023648
2020-06-22,ESSITY_5_min,short,297.7,302.0814947001528,296.1,eod,0.5,21.018099201860185,33.62895872297558,7.488328383638747,26.140630339336838,9235.209656362984
2020-06-23,HM_5_min,long,142.85,139.38135874743017,145.3,eod,0.5,26.624862543858814,65.23091323245455,4.60317248520775,60.627740747246804,9295.83739711023
2020-06-23,ABB_5_min,long,208.2,205.32890819287095,206.6,eod,0.5,32.37736032692616,-51.803776523081666,8.05807743816538,-59.86185396124705,9235.975543148983
2020-06-24,ASSA_5_min,long,199.0,195.86728151154855,195.86728151154855,stop,0.5,29.48230291740794,-92.35975543148983,6.984958083418122,-99.34471351490795,9136.630829634076
2020-06-25,SEB_5_MIN,long,78.58,77.17357142857142,83.06,eod,0.5,64.9633476967377,291.03579768138513,6.300405313020408,284.7353923683647,9421.36622200244
2020-06-25,SKF_5_min,short,166.35,169.20399178539338,169.20399178539338,stop,0.5,33.01118899577986,-94.21366222002439,6.64622174466959,-100.85988396469398,9320.506338037745
2020-06-26,ERICSSON_5_MIN,short,86.62,87.65023985118361,87.65023985118361,stop,0.5,90.4692856457622,-93.20506338037745,9.459662465191332,-102.66472584556878,9217.841612192176
2020-06-26,HM_5_min,short,145.65,149.14400274160386,137.9,eod,0.5,26.381895762225177,204.45969215724512,4.488351926027369,199.97134023121774,9417.812952423394
2020-06-26,SEB_5_MIN,short,83.4,84.90174091141833,80.04,eod,0.5,62.71263492135079,210.71445333573863,6.149851830927345,204.5646015048113,9622.377553928205
2020-06-26,SKF_5_min,short,173.8,176.59464285714284,176.59464285714284,stop,0.5,34.43151073610123,-96.22377553928206,7.2387701444448425,-103.4625456837269,9518.915008244478
2020-06-29,HM_5_min,short,134.75,138.18571428571428,138.18571428571428,stop,0.5,27.705781728778128,-95.18915008244478,4.53713839559289,-99.72628847803767,9419.18871976644
2020-06-29,ABB_5_min,long,205.0,202.44268616093237,207.9,eod,0.5,36.83235344786845,106.81382499881872,9.12484724317493,97.68897775564379,9516.877697522084
2020-06-30,HM_5_min,short,134.25,137.68135539293667,135.1,eod,0.5,27.735039387386887,-23.574783479278697,4.482259715395594,-28.057043194674293,9488.82065432741
2020-06-30,BOLIDEN_5_min,long,192.728006,189.64257231612518,193.642275,eod,0.5,30.753604279094308,28.11706703064385,7.129367236245882,20.98769979439797,9509.808354121807
2020-07-01,BOLIDEN_5_min,long,197.025072,194.11088743498985,195.653668,eod,0.5,32.632827955729354,-44.75279078979854,7.688530658575546,-52.44132144837408,9457.367032673434
2020-07-02,ERICSSON_5_MIN,long,87.24,86.23504624163715,86.23504624163715,stop,0.5,94.10748458795048,-94.57367032673434,9.795180144347318,-104.36885047108166,9352.998182202353
2020-07-02,HUSQVARNA_5_min,short,76.28,77.55857142857143,76.06,eod,0.5,73.15194108985101,16.09342703976714,6.686380023376741,9.407047016390397,9362.405229218743
2020-07-03,BOLIDEN_5_min,long,203.242104,200.41113392857145,200.41113392857145,stop,0.5,33.07136773966062,-93.62405229218743,8.009618802504306,-101.63367109469173,9260.77155812405
2020-07-03,HUSQVARNA_5_min,long,76.9,75.73543411891733,76.32,eod,0.5,79.52123369366139,-46.1223155423246,7.310546055925679,-53.43286159825028,9207.3386965258
2020-07-03,VOLVO_5_MIN,long,151.4,148.99363286995302,148.99363286995302,stop,0.5,38.262402197731205,-92.073386965258,6.89626919910465,-98.96965616436265,9108.369040361436
2020-07-06,ERICSSON_5_MIN,long,89.32,88.44797568115288,91.94,eod,0.5,104.4508604118228,273.66125427897623,11.359657774948198,262.30159650402805,9370.670636865465
2020-07-06,HANDELSBANKEN_5_min,long,94.4,93.21428571428572,95.5,eod,0.5,79.0297523591065,86.9327275950167,9.004649983796593,77.9280776112201,9448.598714476686
2020-07-06,BOLIDEN_5_min,long,203.424958,200.80824904427251,206.624902,eod,0.5,36.108710882024006,115.545852734667,8.88382310517265,106.66202962949434,9555.260744106181
2020-07-06,SEB_5_MIN,long,84.88,83.52016723087338,85.76,eod,0.5,70.26791059200092,61.83576132096149,7.194309758051421,54.64145156291006,9609.90219566909
2020-07-06,ABB_5_min,long,223.0,220.7009570914697,224.0,eod,0.5,41.799577380712435,41.799577380712435,11.210646653507075,30.58893072720536,9640.491126396295
2020-07-07,ERICSSON_5_MIN,short,89.84,90.79707998602865,88.7,eod,0.5,100.72816553608043,114.83010871113174,10.79040400488708,104.03970470624466,9744.53083110254
2020-07-07,GETINGE_5_min,short,179.75,181.998658234127,181.998658234127,stop,0.5,43.334868248156475,-97.4453083110254,9.405798266113965,-106.85110657713936,9637.6797245254
2020-07-07,HANDELSBANKEN_5_min,short,95.5,96.69285714285715,95.4,eod,0.5,80.79491984632023,8.079491984631563,9.254250119197518,-1.1747581345659555,9636.504966390834
2020-07-07,SWEDBANK_5_MIN,long,128.5,126.65857142857142,129.56,eod,0.5,52.33167941406946,55.47158017891375,8.102827913756858,47.368752265156886,9683.87371865599
2020-07-07,HEXAGON_5_min,short,78.828493,79.70350602760205,79.571349,eod,0.5,110.6711947500299,-82.21276104722857,10.518179857413578,-92.73094090464215,9591.142777751347
2020-07-08,ERICSSON_5_MIN,long,86.96,85.93263715998155,87.7,eod,0.5,93.35691738255971,69.08411886309504,9.783431514022727,59.30068734907232,9650.44346510042
2020-07-08,HEXAGON_5_min,long,79.057064,78.22067081213957,78.857064,eod,0.5,115.38166026659316,-23.07633205331896,10.932236560914781,-34.00856861423374,9616.434896486186
2020-07-08,SWEDBANK_5_MIN,long,129.58,127.7556044550412,131.52,eod,0.5,52.71025202324343,102.25788892509213,8.257588081961316,94.00030084313082,9710.435197329316
2020-07-09,HANDELSBANKEN_5_min,long,95.8,94.68928571428572,94.68928571428572,stop,0.5,87.42514004026435,-97.10435197329316,9.992131487844812,-107.09648346113798,9603.338713868177
2020-07-09,HM_5_min,short,138.5,141.0088642213642,136.75,eod,0.5,38.27763428602891,66.9858600005506,6.321551302337675,60.66430869821293,9664.00302256639
2020-07-09,HUSQVARNA_5_min,long,78.5,77.45196934349141,79.4,eod,0.5,92.21107190471972,82.98996471424827,8.736076952253145,74.25388776199513,9738.256910328386
2020-07-09,SWEDBANK_5_MIN,long,133.34,131.49301736148323,131.49301736148323,stop,0.5,52.725221706191604,-97.38256910328386,8.378027733302334,-105.76059683658619,9632.4963134918
2020-07-10,HM_5_min,short,135.1,137.60340321388992,137.60340321388992,stop,0.5,38.477606244358455,-96.324963134918,6.295784502216343,-102.62074763713434,9529.875565854665
2020-07-10,KINNEVIK_5_min,long,127.11884761,125.55316401046824,128.77480231,eod,0.5,60.86718650373978,100.79330356664504,9.345315908882002,91.44798765776304,9621.323553512428
2020-07-10,SWEDBANK_5_MIN,long,130.36,128.51142857142858,133.64,eod,0.5,52.04734534357563,170.71529272692663,8.244299502422379,162.47099322450424,9783.794546736932
2020-07-10,HEXAGON_5_min,short,78.857064,79.67441021428571,78.885635,eod,0.5,119.70196198054211,-3.4200047557460036,11.329266335043657,-14.74927109078966,9769.045275646142
2020-07-13,ABB_5_min,short,224.6,226.63390315200812,223.3,eod,0.5,48.03102481060087,62.44033225378031,12.907857607600878,49.53247464617944,9818.577750292321
2020-07-13,ALFA_LAVAL_5_MIN,long,211.2,208.8967283072546,208.8967283072546,stop,0.5,42.62883002998666,-98.18577750292322,10.744939216298064,-108.93071671922128,9709.6470335731
2020-07-13,BOLIDEN_5_min,long,216.681866,214.13397762269844,220.796078,eod,0.5,38.10860444308953,156.78687770301153,10.003004352283243,146.78387335072827,9856.430906923828
2020-07-13,ESSITY_5_min,short,297.6,300.1456481081859,296.6,eod,0.5,38.71874857812847,38.71874857812847,13.804008243074362,24.914740335054105,9881.345647258882
2020-07-13,GETINGE_5_min,short,177.5,179.71660834942082,179.71660834942082,stop,0.5,44.578671959982344,-98.81345647258883,9.554545201359792,-108.36800167394861,9772.977645584933
2020-07-13,HANDELSBANKEN_5_min,long,96.0,94.90714285714286,95.6,eod,0.5,89.42593924064654,-35.77037569625912,10.280405975104726,-46.05078167136385,9726.92686391357
2020-07-13,HUSQVARNA_5_min,long,81.58,80.57211586990046,80.57211586990046,stop,0.5,96.50838398410856,-97.2692686391357,9.38942319732481,-106.65869183646052,9620.268172077109
2020-07-13,NORDEA_5_min,long,66.69,65.81999356306055,67.62,eod,0.5,110.57697694651279,102.83658856025765,8.910956264211679,93.92563229604598,9714.193804373155
2020-07-13,SWEDBANK_5_MIN,long,134.9,132.96139458311205,136.7,eod,0.5,50.109185292422076,90.19653352635888,8.1657928352531,82.03074069110578,9796.22454506426
2020-07-13,VOLVO_5_MIN,long,155.75,153.7370412105602,158.0,eod,0.5,48.66579781193874,109.49804507686216,9.161336438097466,100.33670863876469,9896.561253703025
2020-07-13,SKF_5_min,long,184.8,182.42493210211842,187.85,eod,0.5,41.66854035006797,127.0890480677066,9.316668936871697,117.7723791308349,10014.33363283386
2020-07-13,KINNEVIK_5_min,long,135.88566472,134.35339867176236,136.08048282,eod,0.5,65.35636317434603,12.73260249653554,10.664830985851207,2.0677715106843326,10016.401404344544
2020-07-14,ERICSSON_5_MIN,short,86.12,87.248023021202,87.248023021202,stop,0.5,88.79607256305178,-100.16401404344545,9.236639731382091,-109.40065377482753,9907.000750569716
2020-07-14,HANDELSBANKEN_5_min,long,95.9,94.83571428571429,97.2,eod,0.5,93.08591309260115,121.01168702038123,10.78493389090877,110.22675312947246,10017.227503699189
2020-07-14,HEXAGON_5_min,long,85.142772,84.37720241584634,84.37720241584634,stop,0.5,130.84672786175756,-100.1722750369919,13.308680375713408,-113.48095541270531,9903.746548286483
2020-07-14,SKF_5_min,short,187.7,190.16362944645232,188.85,eod,0.5,40.19982210615339,-46.22979542207663,9.082345808443234,-55.31214123051986,9848.434407055964
2020-07-14,SWEDBANK_5_MIN,long,136.0,134.09257663942176,138.34,eod,0.5,51.632136895242866,120.81920033486848,8.498856261504557,112.32034407336393,9960.754751129327
2020-07-14,ALFA_LAVAL_5_MIN,short,203.8,206.29368332984734,204.4,eod,0.5,39.9439440922884,-23.96636645537281,9.783070787083274,-33.74943724245608,9927.005313886872
2020-07-14,INVESTOR_5_MIN,short,127.4,128.6373432601881,128.0,eod,0.5,80.22838636045027,-48.137031816269705,12.294197925875398,-60.431229742145106,9866.574084144726
2020-07-15,ALFA_LAVAL_5_MIN,long,207.3,204.76946143479162,204.76946143479162,stop,0.5,38.99001666995824,-98.66574084144726,9.639957102313943,-108.3056979437612,9758.268386200965
2020-07-15,ESSITY_5_min,short,293.8,296.45623875953925,296.45623875953925,stop,0.5,36.73716585587994,-97.58268386200967,13.010604804466237,-110.59328866647591,9647.67509753449
2020-07-15,GETINGE_5_min,short,178.4,180.52976023696115,180.52976023696115,stop,0.5,45.29934839660776,-96.4767509753449,9.755570555330998,-106.2323215306759,9541.442776003814
2020-07-15,HANDELSBANKEN_5_min,short,99.0,100.08461871125846,96.1,eod,0.5,87.97047918280062,255.11438963012228,10.297824293138639,244.81656533698364,9786.259341340798
2020-07-15,HEXAGON_5_min,long,84.057059,83.16779335014222,83.16779335014222,stop,0.5,110.04877274755806,-97.86259341340798,11.041733864414848,-108.90432727782283,9677.355014062974
2020-07-15,KINNEVIK_5_min,long,137.15198321,135.45541908341798,142.41207281,eod,0.5,57.04090321395308,300.040261770322,9.567951756922186,290.4723100133998,9967.827324076374
2020-07-15,SEB_5_MIN,short,88.2,89.59643584521385,88.78,eod,0.5,71.38048882259926,-41.40068351710745,7.579751347094169,-48.98043486420162,9918.846889212173
2020-07-15,SKF_5_min,long,191.9,189.57500000000002,192.95,eod,0.5,42.66170705037515,44.79479240289318,9.851014775002126,34.94377762789105,9953.790666840065
2020-07-15,VOLVO_5_MIN,long,159.75,157.82377127183162,161.45,eod,0.5,51.67501928135477,87.84753277830252,9.95880971590269,77.88872306239983,10031.679389902465
2020-07-15,HUSQVARNA_5_min,long,82.2,81.21714285714286,83.06,eod,0.5,102.06650542051935,87.77719466164658,10.120506411477017,77.65668825016957,10109.336078152635
2020-07-15,SANDVIK_min,long,183.15,180.94373939252065,184.9,eod,0.5,45.821133024273756,80.18698279247907,10.118680805750374,70.0683019867287,10179.404380139364
2020-07-15,ATLAS_5_min,long,92.90000011,91.96660132593597,94.975,eod,0.5,109.05739919456684,226.29409133241236,12.293495331405333,214.00059600100704,10393.404976140371
2020-07-16,ESSITY_5_min,short,291.1,293.7339046638223,293.7339046638223,stop,0.5,39.4600651986308,-103.93404976140373,13.846550405042553,-117.78060016644628,10275.624375973925
2020-07-16,HUSQVARNA_5_min,short,81.7,82.70230102539062,82.70230102539062,stop,0.5,102.52034185008694,-102.75624375973925,10.112748061238369,-112.86899182097761,10162.755384152946
2020-07-16,KINNEVIK_5_min,short,141.73020945,143.51876761845202,143.51876761845202,stop,0.5,56.820938582884736,-101.62755384152946,9.724868764102323,-111.35242260563179,10051.402961547314
2020-07-16,ATLAS_5_min,short,92.92500016,93.94642873964285,92.85,eod,0.5,98.40534288811243,7.380416461463478,10.968751554470364,-3.5883350930068856,10047.814626454307
2020-07-16,SANDVIK_min,short,181.75,183.9409365101091,183.9409365101091,stop,0.5,45.86082061298031,-100.47814626454307,10.062531863449733,-110.5406781279928,9937.273948326314
2020-07-16,GETINGE_5_min,long,199.0,196.62424119789557,196.62424119789557,stop,0.5,41.82778967092095,-99.37273948326315,9.928852529725965,-109.30159201298912,9827.972356313325
2020-07-17,ASSA_5_min,short,212.0,214.05140717962433,203.0,eod,0.5,47.90844281881221,431.1759853693099,11.929202261884239,419.24678310742564,10247.219139420751
2020-07-17,ATLAS_5_min,short,92.65000011,93.73303583035712,90.87500005,eod,0.5,94.61570792920598,167.94288725128277,10.418608687707623,157.52427856357514,10404.743417984326
2020-07-17,ERICSSON_5_MIN,long,95.44,94.34334161751055,94.34334161751055,stop,0.5,94.87679649486843,-104.04743417984326,10.803621288456384,-114.85105546829965,10289.892362516026
2020-07-17,GETINGE_5_min,long,193.95,191.23544884169883,198.9,eod,0.5,37.906422691829874,187.6367923245585,8.934922892691219,178.7018694318673,10468.594231947893
2020-07-17,HUSQVARNA_5_min,short,79.24,80.42785714285714,80.0,eod,0.5,88.13007771934502,-66.97885906670267,8.4203001456171,-75.39915921231977,10393.195072735572
2020-07-17,NORDEA_5_min,long,68.5,67.70727851403528,69.76,eod,0.5,131.10777564061294,165.19579730717297,10.876176636042686,154.31962067113028,10547.514693406703
2020-07-17,SANDVIK_min,long,176.15,173.61783480873873,173.61783480873873,stop,0.5,41.654133505219654,-105.47514693406704,8.74156565217289,-114.21671258623994,10433.297980820464
2020-07-17,SEB_5_MIN,short,91.24,92.57489653235119,91.44,eod,0.5,78.1581023545246,-15.631620470905142,8.566753282874732,-24.198373753779876,10409.099607066684
2020-07-17,SKF_5_min,long,187.8,185.35811376789525,185.35811376789525,stop,0.5,42.627291436483695,-104.09099607066685,9.544031800483564,-113.63502787115041,10295.464579195534
2020-07-17,HEXAGON_5_min,short,82.714203,83.57796880010937,82.399918,eod,0.5,119.19277861998982,37.46050242858328,11.808246522832325,25.652255905750955,10321.116835101284
2020-07-17,INVESTOR_5_MIN,short,129.0,130.14465391419725,130.14465391419725,stop,0.5,90.16801241919072,-103.21116835101284,14.019935023501327,-117.23110337451418,10203.88573172677
2020-07-17,SWEDBANK_5_MIN,long,145.88,144.11724503858875,146.44,eod,0.5,57.886013400056605,32.41616750403183,10.152743662262726,22.263423841769107,10226.149155568539
2020-07-17,ESSITY_5_min,short,289.5,292.1854362482161,290.0,eod,0.5,38.08002950120922,-19.04001475060461,13.240426257570444,-32.28044100817505,10193.868714560364
2020-07-20,ASSA_5_min,short,205.2,207.8260119627208,207.8260119627208,stop,0.5,38.81882055098676,-101.93868714560364,9.61990958476234,-111.55859673036598,10082.310117829997
2020-07-20,INVESTOR_5_MIN,short,129.85,130.96032451923074,130.96032451923074,stop,0.5,90.80507494165067,-100.82310117829996,14.209740638114987,-115.03284181641496,9967.277276013581
2020-07-20,KINNEVIK_5_min,short,146.84418589,148.6862611742857,147.62345913,eod,0.5,54.10895722363808,-42.1656624086848,9.560002324879573,-51.72566473356437,9915.551611280018
2020-07-20,SANDVIK_min,short,175.3,177.84107142857144,172.7,eod,0.5,39.021144780863054,101.45497643024483,8.147615030244205,93.30736140000062,10008.858972680018
2020-07-20,SWEDBANK_5_MIN,short,145.2,147.04588346122895,147.04588346122895,stop,0.5,54.222594128538596,-100.08858972680018,9.507797954792643,-109.59638768159283,9899.262584998425
2020-07-20,VOLVO_5_MIN,short,159.35,161.44624104343933,159.5,eod,0.5,47.22387540297633,-7.083581310446719,9.034399603343402,-16.11798091379012,9883.144604084635
2020-07-20,ERICSSON_5_MIN,long,99.4,97.94978723404256,102.65,eod,0.5,68.14961801525502,221.4862585495788,8.261778191989364,213.2244803575894,10096.369084442224
2020-07-21,INVESTOR_5_MIN,long,132.25,131.12857142857143,131.55,eod,0.5,90.03131667655525,-63.02192167358765,14.250156803565163,-77.27207847715282,10019.09700596507
2020-07-21,NORDEA_5_min,long,70.17,69.35396160905476,71.01,eod,0.5,122.77727515196555,103.13291112765148,10.400217423572697,92.73269370407878,10111.829699669148
2020-07-21,SEB_5_MIN,short,90.58,91.88642857142858,89.88,eod,0.5,77.40055538292336,54.18038876804657,8.38062253464141,45.79976623340516,10157.629465902553
2020-07-21,SWEDBANK_5_MIN,short,149.7,151.64344213055665,151.64344213055665,stop,0.5,52.26617919923912,-101.57629465902554,9.450042208146728,-111.02633686717226,10046.60312903538
2020-07-21,GETINGE_5_min,short,208.2,211.180328120732,203.0,eod,0.5,33.70972162141578,175.29055243136168,8.3168625184357,166.97368991292598,10213.576818948306
2020-07-21,SANDVIK_min,short,173.4,175.95931115122673,169.0,eod,0.5,39.907522827198086,175.59310043967182,8.198601489619573,167.39449895005225,10380.971317898358
2020-07-21,SKF_5_min,short,178.8,181.28471372984993,174.8,eod,0.5,41.77934541588179,167.11738166352717,8.863905923433482,158.25347574009368,10539.224793638452
2020-07-21,ATLAS_5_min,short,90.19999994,91.32641087219567,89.07499994,eod,0.5,93.56465293793589,105.26023455517787,10.064281886532418,95.19595266864546,10634.420746307098
2020-07-21,ERICSSON_5_MIN,short,104.25,105.83241067150387,103.85,eod,0.5,67.2039246057443,26.881569842298106,8.391082026273233,18.490487816024874,10652.911234123123
2020-07-21,HEXAGON_5_min,short,84.457058,85.37232818676893,83.999916,eod,0.5,116.39089077871017,53.207164592361664,11.76411435704761,41.443050235314054,10694.354284358436
2020-07-21,ASSA_5_min,short,213.7,216.55983182513808,211.4,eod,0.5,37.395046066535954,86.00860595303206,9.537980449730659,76.4706255033014,10770.824909861738
2020-07-21,BOLIDEN_5_min,short,213.390496,215.9892581606134,211.744811,eod,0.5,41.445981756635796,68.20703048716977,10.572090106814255,57.634940380355516,10828.459850242094
2020-07-22,ALFA_LAVAL_5_MIN,long,225.0,221.81428571428572,221.81428571428572,stop,0.5,33.99068114425772,-108.28459850242095,9.11251314984813,-117.39711165226907,10711.062738589824
2020-07-22,INVESTOR_5_MIN,short,131.6,132.6979142965491,132.6979142965491,stop,0.5,97.5582772922818,-107.11062738589824,15.47066952642868,-122.58129691232692,10588.481441677497
2020-07-23,ABB_5_min,short,230.0,231.8535714285714,231.8535714285714,stop,0.5,57.12475536935927,-105.88481441677497,15.829963370593223,-121.71477778736819,10466.766663890128
2020-07-23,BOLIDEN_5_min,long,223.813168,221.00602647526713,227.378819,eod,0.5,37.286209375874655,132.94960974729693,10.093943337599349,122.85566640969759,10589.622330299826
2020-07-23,INVESTOR_5_MIN,short,132.8,133.86554054054056,133.86554054054056,stop,0.5,99.3826318886719,-105.89622330299827,15.901153951760552,-121.79737725475881,10467.824953045067
2020-07-24,ABB_5_min,short,227.1,229.01176027139087,229.01176027139087,stop,0.5,54.75490368585462,-104.67824953045067,14.984613302187372,-119.66286283263804,10348.162090212429
2020-07-24,HM_5_min,short,133.9,135.5266760593333,135.15,eod,0.5,63.615383227891286,-79.51922903486411,10.26943131447849,-89.7886603493426,10258.373429863086
2020-07-24,INVESTOR_5_MIN,short,131.35,132.4229578267477,130.7,eod,0.5,95.60835639698615,62.145431658041545,15.03250187629813,47.11292978174342,10305.48635964483
2020-07-24,NORDEA_5_min,short,70.67,71.51796582973398,71.09,eod,0.5,121.53185892971449,-51.043380750480296,10.337013793125795,-61.38039454360609,10244.105965101224
2020-07-24,BOLIDEN_5_min,short,221.801775,224.8986545263874,223.996022,eod,0.5,33.07880037894558,-72.58305849510081,8.847873801802022,-81.43093229690284,10162.675032804322
2020-07-27,SKF_5_min,long,168.3,165.50822607365873,171.1,eod,0.5,36.402213434677634,101.92619761709676,7.412946743837754,94.51325087325901,10257.18828367758
2020-07-27,HANDELSBANKEN_5_min,short,94.2,95.34399969733656,94.2,eod,0.5,89.66076046661762,0.0,10.135252363146456,-10.135252363146456,10247.053031314434
2020-07-29,ESSITY_5_min,long,290.6,288.1625,293.4,eod,0.5,42.039191923341264,117.70973738535362,14.730532849938777,102.97920453541484,10350.032235849849
2020-07-30,HM_5_min,short,137.15,138.69173302107728,133.0,eod,0.5,67.13245480477431,278.59968743981375,10.881499599305867,267.7181878405079,10617.750423690357
2020-07-30,NORDEA_5_min,short,70.3,71.08199068719945,68.3,eod,0.5,135.77847661735913,271.55695323471826,11.291338115499585,260.2656151192187,10878.016038809576
2020-07-30,ESSITY_5_min,short,291.6,294.1111579717212,291.4,eod,0.5,43.318724513988755,8.66374490279972,15.152889834993266,-6.489144932193545,10871.526893877382
2020-07-31,ATLAS_5_min,short,85.17500016,86.35823414562378,84.67500016,eod,0.5,91.87977209888919,45.939886049444596,9.363467592238711,36.57641845720588,10908.103312334588
2020-07-31,HM_5_min,short,133.1,134.725,134.725,stop,0.5,67.12678961436669,-109.08103312334586,10.786939457080654,-119.86797258042651,10788.235339754161
2020-07-31,ERICSSON_5_MIN,long,102.1,100.59161495261495,100.59161495261495,stop,0.5,71.52176003373118,-107.8823533975416,8.698116627294217,-116.58047002483582,10671.654869729326
2020-08-03,ATLAS_5_min,long,84.80000016,83.62097900682541,87.34999999,eod,0.5,90.51283635577893,230.80771732005448,9.34907087533456,221.45864644471993,10893.113516174046
2020-08-03,ESSITY_5_min,short,288.7,291.28927767888047,291.28927767888047,stop,0.5,42.070086205987316,-108.93113516174046,14.640119346299288,-123.57125450803974,10769.542261666005
2020-08-03,HEXAGON_5_min,long,81.714204,80.64175614285715,83.657059,eod,0.5,100.4201946969952,195.10187736803147,9.963968656648797,185.13790871138266,10954.680170377387
2020-08-03,HM_5_min,short,135.75,137.45309065934066,136.0,eod,0.5,64.32235483352612,-16.08058870838153,10.487759955606434,-26.568348663987962,10928.111821713399
2020-08-03,INVESTOR_5_MIN,long,129.7,128.61523506393297,132.95,eod,0.5,100.74175020198342,327.4106881564461,15.875892414330565,311.53479574211553,11239.646617455515
2020-08-04,HEXAGON_5_min,short,83.942773,84.9166248405135,82.685632,eod,0.5,115.41433871017735,145.09209718045156,11.538784304043963,133.5533128764076,11373.199930331923
2020-08-04,HM_5_min,long,137.0,135.3332811194653,137.15,eod,0.5,68.23706182942722,10.23555927441447,11.224314300322483,-0.9887550259080129,11372.211175306014
2020-08-04,HUSQVARNA_5_min,long,86.34,85.06214285714286,85.06214285714286,stop,0.5,88.99438594426164,-113.72211175306015,9.152297071861224,-122.87440882492137,11249.336766481094
2020-08-05,ABB_5_min,short,223.8,225.96785714285716,225.96785714285716,stop,0.5,51.89150402989628,-112.49336766481095,14.003478342867831,-126.49684600767878,11122.839920473416
2020-08-05,ATLAS_5_min,short,85.7750001,86.98392865964284,86.30000016,eod,0.5,92.00576685655827,-48.303033120038776,9.499135413458257,-57.80216853349703,11065.037751939919
2020-08-05,BOLIDEN_5_min,short,219.333247,222.55336230761603,222.55336230761603,stop,0.5,34.36224077370628,-110.65037751939919,9.110528438222989,-119.76090595762217,10945.276845982296
2020-08-06,HANDELSBANKEN_5_min,short,92.4,93.28214285714287,93.28214285714287,stop,0.5,124.07601282894774,-109.45276845982296,13.823219963549619,-123.27598842337258,10822.000857558924
2020-08-06,HM_5_min,short,139.9,141.62795386107285,138.7,eod,0.5,62.6289920197278,75.15479042367443,10.469062306017697,64.68572811765674,10886.68658567658
2020-08-10,KINNEVIK_5_min,short,158.1923441,160.21929217534827,154.00375324,eod,0.5,53.70974579013867,224.96815030949858,10.060783814882873,214.9073664946157,11101.593952171195
2020-08-11,ALFA_LAVAL_5_MIN,long,218.5,215.99234752306785,224.9,eod,0.5,44.27086310521316,283.33352387336447,11.777820420510908,271.55570345285355,11373.149655624049
2020-08-11,ASSA_5_min,long,197.5,195.31653890015204,198.7,eod,0.5,52.08771365982196,62.50525639178576,12.382291291212875,50.122965100572884,11423.272620724621
2020-08-11,ATLAS_5_min,long,87.50000005,86.46577598920219,88.09999999,eod,0.5,110.452590050096,66.2715474029026,11.637284890328976,54.63426251257362,11477.906883237196
2020-08-11,ESSITY_5_min,long,288.7,286.5017857142857,289.8,eod,0.5,52.21468606509169,57.43615467160205,18.123717533193325,39.312437138408725,11517.219320375605
2020-08-11,GETINGE_5_min,long,203.2,200.45,203.6,eod,0.5,41.88079752863857,16.752319011455665,10.222265060790098,6.530053950665566,11523.749374326271
2020-08-11,HM_5_min,long,148.9,147.10207483564471,150.5,eod,0.5,64.09471096344832,102.55153754151695,11.513973877473857,91.03756366404309,11614.786937990315
2020-08-11,INVESTOR_5_MIN,long,134.7,133.4848121417958,135.75,eod,0.5,95.58017601619811,100.35918481700911,15.509795162148466,84.84938965486064,11699.636327645176
2020-08-11,SANDVIK_min,long,172.2,170.37645348837208,177.6,eod,0.5,64.15869435214304,346.4569495015728,13.46562677062778,332.991322730945,12032.62765037612
2020-08-11,SKF_5_min,long,171.25,169.25949348838185,176.1,eod,0.5,60.45007931470864,293.1828846763365,12.598401029978426,280.5844836463581,12313.212134022478
2020-08-11,VOLVO_5_MIN,long,161.55,159.69559960833777,164.5,eod,0.5,66.39996512827103,195.8798971283988,12.989825178043661,182.89007195035512,12496.102205972833
2020-08-11,BOLIDEN_5_min,long,228.201661,224.94950543019849,228.475942,eod,0.5,38.424060404759445,10.538989711877901,10.528444681903652,0.010545029974249331,12496.112751002807
2020-08-11,KINNEVIK_5_min,long,156.34157129,154.25992512395916,154.25992512395916,stop,0.5,60.02995588231841,-124.96112751002808,11.187236476027227,-136.1483639860553,12359.964387016753
2020-08-11,SEB_5_MIN,long,87.84,86.94132063781916,87.88,eod,0.5,137.53475274009386,5.50139010960266,14.500564050893574,-8.999173941290914,12350.965213075462
2020-08-11,NORDEA_5_min,long,70.35,69.64680815031375,71.24,eod,0.5,175.64147278706704,156.32091078048978,14.921445679152491,141.39946510133728,12492.3646781768
2020-08-12,ASSA_5_min,long,199.1,196.9056989449887,196.9056989449887,stop,0.5,56.9309514282328,-124.923646781768,13.526988727164317,-138.45063550893232,12353.914042667868
2020-08-12,ATLAS_5_min,short,87.69999994,88.75562829010025,87.37500005,eod,0.5,117.02900970303286,38.03441528029471,12.293312323552911,25.7411029567418,12379.655145624609
2020-08-12,ESSITY_5_min,long,289.8,287.5121240926374,293.4,eod,0.5,54.109819093709106,194.79534873735093,18.93410789727069,175.86124084008026,12555.51638646469
2020-08-12,HEXAGON_5_min,short,84.857058,85.91215899999999,85.199915,eod,0.5,118.99824174619083,-40.79938017037485,12.141888470207666,-52.94126864058252,12502.575117824106
2020-08-12,HM_5_min,short,149.0,150.94080864787387,147.95,eod,0.5,64.41941162783122,67.64038220922352,11.477606569730685,56.162775639492835,12558.7378934636
2020-08-12,SEB_5_MIN,short,87.42,88.33202253061224,86.7,eod,0.5,137.7020574813324,99.14548138655917,14.386009349189756,84.75947203736942,12643.497365500969
2020-08-13,GETINGE_5_min,long,204.8,202.34640586797067,202.34640586797067,stop,0.5,51.5305168057428,-126.4349736550097,12.588278825986343,-139.02325248099604,12504.474113019973
2020-08-13,SEB_5_MIN,long,86.42,85.49857142857144,86.92,eod,0.5,135.70747099401635,67.85373549700817,14.114119813261675,53.7396156837465,12558.213728703719
2020-08-13,HEXAGON_5_min,long,85.771343,84.7004796954281,85.599914,eod,0.5,117.27186537336914,-20.103798609091694,12.058216187861424,-32.162014796953116,12526.051713906765
2020-08-13,KINNEVIK_5_min,long,161.21202552,159.12216260080268,159.12216260080268,stop,0.5,59.937193003634086,-125.26051713906766,11.519959235435385,-136.78047637450305,12389.271237532263
2020-08-14,INVESTOR_5_MIN,short,134.9,136.11205075954058,134.05,eod,0.5,102.21742893200609,86.88481459220459,16.49482650675782,70.38998808544677,12459.661225617709
2020-08-14,KINNEVIK_5_min,short,157.55918485,159.59607826785717,156.48768528,eod,0.5,61.169922374855815,65.54354552159228,11.526133600751114,54.01741192084116,12513.678637538549
2020-08-14,NORDEA_5_min,short,69.89,70.61480976374256,69.56,eod,0.5,172.64776584857464,56.973762730029335,14.445438568550237,42.5283241614791,12556.206961700029
2020-08-14,VOLVO_5_MIN,short,161.75,163.53707603757775,159.4,eod,0.5,70.26117914220963,165.11377098419223,13.538626608912372,151.57514437527985,12707.782106075309
2020-08-14,HM_5_min,short,146.35,148.38589158423042,143.9,eod,0.5,62.41875650209973,152.92595343014364,10.870226444840668,142.05572698530295,12849.837833060612
2020-08-17,ATLAS_5_min,long,86.37500005,85.29544672583418,86.75000005,eod,0.5,119.02920907579858,44.635953403424466,12.364159099890328,32.271794303534136,12882.109627364147
2020-08-17,BOLIDEN_5_min,long,227.378819,224.7471197371407,231.767312,eod,0.5,48.94977860566031,214.81576076249058,13.485060876057304,201.33069988643328,13083.44032725058
2020-08-17,HANDELSBANKEN_5_min,long,96.6,95.78928571428571,95.78928571428571,stop,0.5,161.38164280309132,-130.8344032725058,18.62885939177084,-149.46326266427664,12933.977064586305
2020-08-17,HEXAGON_5_min,long,84.542773,83.5815495,85.371343,eod,0.5,134.55743710579557,111.49025566274892,13.71792478623411,97.77233087651481,13031.749395462819
2020-08-17,SANDVIK_min,long,172.65,170.6503137415163,175.1,eod,0.5,65.16897008305868,159.66397670349303,13.597505607830193,146.06647109566285,13177.815866558482
2020-08-17,SEB_5_MIN,long,86.42,85.48621246693122,85.48621246693122,stop,0.5,141.12220820994654,-131.7781586655848,14.555870585004945,-146.33402925058977,13031.481837307892
2020-08-17,SKF_5_min,long,172.25,170.0173090342874,174.35,eod,0.5,58.366706532306154,122.57008371784259,12.137940290458387,110.4321434273842,13141.913980735277
2020-08-17,HUSQVARNA_5_min,long,88.8,87.87303305625362,88.5,eod,0.5,141.7732754052872,-42.531982621585755,15.08184103761445,-57.61382365920021,13084.300157076077
2020-08-18,ASSA_5_min,short,196.75,198.70089285714286,198.70089285714286,stop,0.5,67.0682662513738,-130.84300157076078,15.913323462891809,-146.7563250336526,12937.543832042424
2020-08-18,ERICSSON_5_MIN,short,100.5,101.45785607834789,100.3,eod,0.5,135.06772180594322,27.013544361189027,16.272959123180037,10.74058523800899,12948.284417280433
2020-08-18,ESSITY_5_min,long,292.7,290.2832372483877,294.9,eod,0.5,53.57697775109416,117.86935105240654,18.889099275925755,98.98025177648078,13047.264669056913
2020-08-18,HANDELSBANKEN_5_min,short,94.0,94.85706719128329,94.85706719128329,stop,0.5,152.23152632317147,-130.47264669056912,17.249999757268082,-147.7226464478372,12899.542022609076
2020-08-18,SKF_5_min,short,172.0,174.20113109048725,174.20113109048725,stop,0.5,58.60415164893054,-128.99542022609074,12.173294152474917,-141.16871437856565,12758.37330823051
2020-08-18,SANDVIK_min,short,173.2,175.2378670120898,175.2378670120898,stop,0.5,62.60650588355602,-127.5837330823051,13.088686422687665,-140.67241950499277,12617.700888725518
2020-08-18,VOLVO_5_MIN,short,160.8,162.61185100083958,162.61185100083958,stop,0.5,69.63983728727574,-126.17700888725517,13.51340920828508,-139.69041809554025,12478.010470629977
2020-08-18,SWEDBANK_5_MIN,long,144.38,143.00333221117668,143.56,eod,0.5,90.63922735706186,-74.32416643279011,15.659195475115432,-89.98336190790553,12388.027108722072
2020-08-19,HANDELSBANKEN_5_min,long,94.2,93.29285714285714,94.9,eod,0.5,136.56092875756596,95.59265013029656,15.494202976833433,80.09844715346313,12468.125555875535
2020-08-19,HUSQVARNA_5_min,long,91.2,90.16510029192956,92.48,eod,0.5,120.47665545410405,154.21011898125332,13.2774912442859,140.93262773696742,12609.058183612502
2020-08-19,SANDVIK_min,long,173.2,171.0543917942791,172.5,eod,0.5,58.76682494964666,-41.136777464751994,12.189414831055709,-53.3261922958077,12555.731991316694
2020-08-19,SEB_5_MIN,long,84.54,83.59406192955176,85.06,eod,0.5,132.7331289813395,69.021227070296,13.506923205141105,55.5143038651549,12611.246295181849
2020-08-19,SKF_5_min,long,171.8,169.57410714285714,172.9,eod,0.5,56.657023067002044,62.32272537370193,11.717805510717364,50.604919862984566,12661.851215044833
2020-08-19,BOLIDEN_5_min,long,232.13302,229.4098984636778,233.047289,eod,0.5,46.49756188313844,42.51127940533596,12.977850122726974,29.53342928260899,12691.384644327441
2020-08-20,ABB_5_min,short,225.4,227.31071428571428,227.31071428571428,stop,0.5,66.42220000769531,-126.91384644327442,18.042024965947387,-144.9558714092218,12546.42877291822
2020-08-20,ASSA_5_min,short,197.05,199.01418177783415,199.01418177783415,stop,0.5,63.87610818155985,-125.4642877291822,15.179423113249152,-140.64371084243135,12405.785062075789
2020-08-20,HM_5_min,short,138.85,140.9095334412082,138.8,eod,0.5,60.23590010171465,3.0117950050847053,10.034698597944642,-7.022903592859937,12398.762158482928
2020-08-20,INVESTOR_5_MIN,short,136.3,137.55979000837874,136.95,eod,0.5,98.41927683201232,-63.972529940805764,16.13584043660842,-80.10837037741419,12318.653788105514
2020-08-20,SWEDBANK_5_MIN,short,142.72,143.99624314241825,143.99624314241825,stop,0.5,96.52278142520609,-123.18653788105513,16.604789560735128,-139.79132744179026,12178.862460663724
2020-08-20,ESSITY_5_min,short,294.1,296.60135864305073,296.60135864305073,stop,0.5,48.68898945978469,-121.78862460663724,17.256391334911196,-139.04501594154843,12039.817444722175
2020-08-20,ERICSSON_5_MIN,short,99.9,100.85796964285714,100.25,eod,0.5,125.68057385214753,-43.98820084825092,15.092980113904396,-59.081180962155315,11980.73626376002
2020-08-20,VOLVO_5_MIN,short,162.25,163.8913704191354,161.75,eod,0.5,72.99227599136911,36.496137995684556,14.189698452722155,22.3064395429624,12003.042703302983
2020-08-20,SANDVIK_min,short,167.85,169.82896081275675,168.55,eod,0.5,60.65326117591169,-42.45728282313922,12.242254235746014,-54.69953705888523,11948.343166244098
2020-08-20,BOLIDEN_5_min,short,228.018807,230.6333426765379,228.567369,eod,0.5,45.69967537052643,-25.0691053206069,12.519504013122027,-37.588609333728925,11910.75455691037
2020-08-21,ASSA_5_min,short,200.3,202.2552738273453,202.2552738273453,stop,0.5,60.916043524614,-119.10754556910369,14.713244748917681,-133.82079031802138,11776.933766592349
2020-08-21,BOLIDEN_5_min,long,232.955862,230.30476824384232,232.315874,eod,0.5,44.42292445990694,-28.4301385792464,12.401238708994658,-40.83137728824106,11736.102389304107
2020-08-21,ERICSSON_5_MIN,short,99.7,100.61928571428572,99.94,eod,0.5,127.66544945629865,-30.63970786951102,15.292278197673275,-45.9319860671843,11690.170403236923
2020-08-21,ABB_5_min,short,226.0,227.88428319253563,227.88428319253563,stop,0.5,62.04041117357603,-116.90170403236924,16.895500532693237,-133.7972045650625,11556.373198671861
2020-08-24,ALFA_LAVAL_5_MIN,long,221.3,218.6786070295812,224.3,eod,0.5,44.08485613977038,132.25456841931114,11.786527137529008,120.46804128178213,11676.841239953643
2020-08-24,ASSA_5_min,long,203.6,201.79644965216778,205.2,eod,0.5,64.74363886757405,103.5898221881181,15.88031974143856,87.70950244667955,11764.550742400323
2020-08-24,ATLAS_5_min,long,87.05000016,86.05986136899058,87.75000005,eod,0.5,118.8171885519882,83.1720189165011,12.461546750303485,70.71047216619762,11835.26121456652
2020-08-24,HEXAGON_5_min,long,86.571342,85.65912329574971,87.457055,eod,0.5,129.74148808199817,114.91372263357026,13.547221917182847,101.3665007163874,11936.627715282908
2020-08-24,HM_5_min,long,140.35,138.35179782298357,143.35,eod,0.5,59.73683670541211,179.21051011623632,10.168404343995247,169.0421057722411,12105.66982105515
2020-08-24,HUSQVARNA_5_min,long,93.42,92.3864597207304,94.9,eod,0.5,117.12818613716898,173.34971548301056,13.234548008010997,160.11516747499957,12265.78498853015
2020-08-24,INVESTOR_5_MIN,long,139.4,138.2604563420769,139.5,eod,0.5,107.63769253812912,10.763769253812299,18.012091469330525,-7.248322215518225,12258.53666631463
2020-08-24,KINNEVIK_5_min,long,163.89077484,162.2149359236458,165.98506986,eod,0.5,73.14865734818478,153.1948688039901,14.477985078841991,138.7168837251481,12397.253550039779
2020-08-24,NORDEA_5_min,long,68.85,68.19581262864627,69.73,eod,0.5,189.50615821864292,166.7654192324076,15.75705804356372,151.00836118884388,12548.261911228623
2020-08-24,SANDVIK_min,long,170.2,168.24259994121104,173.45,eod,0.5,64.10678213115148,208.3470419262423,13.218177407622122,195.12886451862016,12743.390775747243
2020-08-24,VOLVO_5_MIN,long,162.95,161.35712361453201,164.7,eod,0.5,80.00238368781729,140.00417145368024,15.727668609187997,124.27650284449224,12867.667278591734
2020-08-24,ERICSSON_5_MIN,long,100.8,99.94164846077457,101.1,eod,0.5,149.91139050328385,44.97341715098473,18.160265845567803,26.813151305416927,12894.480429897152
2020-08-24,HANDELSBANKEN_5_min,long,94.1,93.2902756625038,94.8,eod,0.5,159.24531143239588,111.47171800267756,18.048863597747747,93.42285440492981,12987.903284302081
2020-08-24,SEB_5_MIN,long,85.4,84.64233615221988,86.56,eod,0.5,171.42039074921297,198.84765326908646,17.686470235940796,181.16118303314568,13169.064467335227
2020-08-24,ABB_5_min,long,229.4,227.63031419826348,228.7,eod,0.5,74.41470375369967,-52.09029262759104,20.45362547374189,-72.54391810133293,13096.520549233894
2020-08-25,ALFA_LAVAL_5_MIN,long,225.4,222.7357142857143,225.7,eod,0.5,49.155841203558914,14.746752361066836,13.304519980155256,1.4422323809115802,13097.962781614806
2020-08-25,ASSA_5_min,long,205.9,204.0678601797862,204.0678601797862,stop,0.5,71.48997383882181,-130.97962781614805,17.585154959406402,-148.56478277555445,12949.397998839251
2020-08-25,BOLIDEN_5_min,long,237.801491,235.1958229642857,235.1958229642857,stop,0.5,49.697036695963384,-129.4939799883925,14.103938921505131,-143.59791890989763,12805.800079929353
2020-08-25,ERICSSON_5_MIN,long,101.8,100.9417213057213,102.05,eod,0.5,149.20328519504326,37.300821298760816,18.249053812205737,19.05176748655508,12824.851847415908
2020-08-25,ESSITY_5_min,long,303.8,301.22857142857146,305.2,eod,0.5,49.87442385106218,69.82419339148592,18.22411447517812,51.6000789163078,12876.451926332216
2020-08-25,GETINGE_5_min,short,201.1,203.17950988030313,203.17950988030313,stop,0.5,61.92060950657847,-128.76451926332217,15.019940197685509,-143.78445946100769,12732.66746687121
2020-08-25,HANDELSBANKEN_5_min,long,95.8,94.98571428571428,94.98571428571428,stop,0.5,156.3660916984179,-127.3266746687121,17.899449896848893,-145.226124565561,12587.441342305649
2020-08-25,HEXAGON_5_min,long,87.599912,86.67695371428572,86.67695371428572,stop,0.5,136.38147614183984,-125.87441342305647,14.260881722092488,-140.13529514514894,12447.3060471605
2020-08-25,HM_5_min,long,145.3,143.23536858422324,143.23536858422324,stop,0.5,60.28827204722867,-124.47306047160501,10.437179277871827,-134.91023974947683,12312.395807411023
2020-08-25,INVESTOR_5_MIN,long,140.7,139.5638819765375,139.5638819765375,stop,0.5,108.37250666869127,-123.12395807411023,18.223739651097365,-141.3476977252076,12171.048109685815
2020-08-25,NORDEA_5_min,long,70.34,69.68649250848767,70.21,eod,0.5,186.24190644731422,-24.211447838152647,15.705779970702006,-39.917227808854655,12131.13088187696
2020-08-25,SANDVIK_min,long,174.35,172.29316014056224,172.29316014056224,stop,0.5,58.979462237731184,-121.31130881876959,12.266896304086854,-133.57820512285645,11997.552676754103
2020-08-25,SEB_5_MIN,long,87.44,86.67892857142857,86.67892857142857,stop,0.5,157.6402979582899,-119.97552676754104,16.468895868106916,-136.44442263564795,11861.108254118455
2020-08-25,SWEDBANK_5_MIN,long,146.6,145.4080136035807,145.4080136035807,stop,0.5,99.50707734374436,-118.61108254118456,17.434118396786793,-136.04520093797134,11725.063053180484
2020-08-25,VOLVO_5_MIN,long,165.25,163.5767857142857,163.5767857142857,stop,0.5,70.07508334878374,-117.25063053180484,13.82553864974473,-131.07616918154957,11593.986883998934
2020-08-26,ABB_5_min,short,224.9,226.65000000000003,226.65000000000003,stop,0.5,66.25135362284998,-115.93986883998934,17.949479237038744,-133.8893480770281,11460.097535921906
2020-08-26,ASSA_5_min,short,201.6,203.51517857142858,203.51517857142858,stop,0.5,59.83827151623522,-114.60097535921906,14.544835230423153,-129.14581058964222,11330.951725332265
2020-08-26,ATLAS_5_min,short,86.84999999,87.79464284392857,87.59999999,eod,0.5,119.94958388992438,-89.96218791744329,12.555122944318992,-102.51731086176228,11228.434414470503
2020-08-26,ESSITY_5_min,short,302.2,304.82142857142856,304.82142857142856,stop,0.5,42.833264796345325,-112.28434414470503,15.60042575223349,-127.88476989693852,11100.549644573564
2020-08-26,KINNEVIK_5_min,long,165.12913305,163.31058548116098,169.68013199,eod,0.5,61.04074391444298,277.7963608514414,12.262203964493704,265.5341568869477,11366.083801460512
2020-08-26,SWEDBANK_5_MIN,short,143.96,145.18595062952315,144.96,eod,0.5,92.71241049797898,-92.71241049797898,16.07188178464565,-108.78429228262463,11257.299509177888
2020-08-27,ESSITY_5_min,short,303.9,306.56613363222385,306.56613363222385,stop,0.5,42.22331308947913,-112.57299509177888,15.465541614526314,-128.0385367063052,11129.260972471584
2020-08-27,NORDEA_5_min,short,70.31,70.9814951968871,69.78,eod,0.5,165.73850452042595,87.84140739582594,13.930984258959882,73.91042313686606,11203.17139560845
2020-08-27,SANDVIK_min,long,175.0,172.9121998284734,172.9121998284734,stop,0.5,53.66017087457519,-112.0317139560845,11.20141685528714,-123.23313081137164,11079.938264797078
2020-08-27,SWEDBANK_5_MIN,short,145.54,146.73528632118874,146.73528632118874,stop,0.5,92.69693853584609,-110.79938264797079,16.25581455099723,-127.05519719896802,10952.88306759811
2020-08-27,VOLVO_5_MIN,long,165.55,163.91489409984874,165.7,eod,0.5,66.98577178753249,10.04786576812835,13.313422142772081,-3.2655563746437313,10949.617511223467
2020-08-27,HANDELSBANKEN_5_min,short,95.7,96.56785714285715,96.56785714285715,stop,0.5,126.16843222808868,-109.49617511223467,14.554880462141044,-124.05105557437571,10825.566455649092
2020-08-28,ERICSSON_5_MIN,short,102.85,103.76990993336108,101.2,eod,0.5,117.68072137340253,194.17319026611318,14.407650717745671,179.7655395483675,11005.331995197459
2020-08-28,HEXAGON_5_min,short,88.799911,89.72082846428572,88.742768,eod,0.5,119.50399923985985,6.82881702856288,12.730236105755207,-5.901419077192327,10999.430576120267
2020-08-28,SEB_5_MIN,long,87.56,86.80938539347912,86.80938539347912,stop,0.5,146.538989257122,-109.99430576120267,15.331148095767603,-125.32545385697027,10874.105122263296
2020-08-28,HANDELSBANKEN_5_min,long,97.0,96.11779059449867,96.11779059449867,stop,0.5,123.25990920584134,-108.74105122263296,14.28220880082635,-123.02326002345931,10751.081862239836
2020-08-28,KINNEVIK_5_min,short,166.29796853,168.30189085649923,164.33332983,eod,0.5,53.650192525283664,105.40324449762274,10.643059687139104,94.76018481048364,10845.84204705032
2020-08-28,SWEDBANK_5_MIN,long,149.12,147.85169950738916,149.18,eod,0.5,85.51476649452145,5.130885989671482,15.305432907189449,-10.174546917517967,10835.667500132802
2020-08-28,NORDEA_5_min,long,70.69,70.02335665612071,71.08,eod,0.5,162.54069885523208,63.3908725535406,13.826036926023749,49.56483562751686,10885.232335760318
2020-08-28,BOLIDEN_5_min,long,235.332963,232.7091371745993,234.601548,eod,0.5,41.4861086829114,-30.343562182311572,11.697452518318093,-42.04101470062967,10843.191321059689
2020-08-31,ALFA_LAVAL_5_MIN,long,217.8,215.10000000000002,215.10000000000002,stop,0.5,40.15996785577679,-108.43191321059687,10.431150050859463,-118.86306326145633,10724.328257798232
2020-08-31,ASSA_5_min,long,202.45,200.54144304780735,200.54144304780735,stop,0.5,56.19076887109718,-107.24328257798231,13.586639419997557,-120.82992199797987,10603.498335800252
2020-08-31,GETINGE_5_min,short,190.35,192.60540756302518,192.60540756302518,stop,0.5,47.013668436837804,-106.03498335800252,10.80248313435729,-116.83746649235981,10486.660869307892
2020-08-31,HEXAGON_5_min,long,89.571339,88.67025482221953,89.428482,eod,0.5,116.37825996610546,-16.625449083977024,12.499012621334604,-29.124461705311628,10457.536407602582
2020-08-31,KINNEVIK_5_min,long,166.79534544,164.78037395107143,166.27309961,eod,0.5,51.89917805319996,-27.104129318711344,10.371587120131439,-37.47571643884278,10420.060691163739
2020-08-31,ABB_5_min,long,223.4,221.6504388212684,221.6504388212684,stop,0.5,59.55813845114073,-104.2006069116374,15.903825391834825,-120.10443230347222,10299.956258860266
2020-09-01,ALFA_LAVAL_5_MIN,short,211.3,213.80714285714285,208.5,eod,0.5,41.08244661653698,115.03085052630401,10.347846653773335,104.68300387253068,10404.639262732797
2020-09-01,NORDEA_5_min,short,69.63,70.30331871914117,69.49,eod,0.5,154.5276993932972,21.633877915061696,12.898736123757303,8.735141791304393,10413.374404524102
2020-09-01,SEB_5_MIN,short,86.1,86.88194283395175,85.56,eod,0.5,133.17309082426516,71.91346904510213,13.716295662536012,58.19717338256612,10471.571577906669
2020-09-01,SKF_5_min,short,173.7,175.6466379310345,174.05,eod,0.5,53.793113814142934,-18.82758983495125,11.223933197320923,-30.051523032272172,10441.520054874396
2020-09-01,ESSITY_5_min,long,300.0,297.18459336990225,297.18459336990225,stop,0.5,37.08707631519591,-104.41520054874397,13.28869835314128,-117.70389890188525,10323.81615597251
2020-09-01,ATLAS_5_min,long,88.12500005,87.14645127342791,87.14645127342791,stop,0.5,105.50129337586499,-103.2381615597251,11.094818883891962,-114.33298044361706,10209.483175528894
2020-09-01,INVESTOR_5_MIN,long,138.8,137.68549260194877,137.68549260194877,stop,0.5,91.60534235466298,-102.09483175528895,15.196528923539491,-117.29136067882844,10092.191814850066
2020-09-01,BOLIDEN_5_min,long,242.647119,240.1631801033253,240.1631801033253,stop,0.5,40.629790967727224,-100.92191814850067,11.769888917780378,-112.69180706628104,9979.500007783785
2020-09-02,ABB_5_min,long,224.1,222.3892857142857,223.5,eod,0.5,58.33528188266085,-35.00116912959618,15.666523302407395,-50.66769243200358,9928.832315351781
2020-09-02,ALFA_LAVAL_5_MIN,long,211.4,208.86665877898724,208.86665877898724,stop,0.5,39.19263711101065,-99.2883231535178,9.88281518842907,-109.17113834194686,9819.661177009835
2020-09-02,ATLAS_5_min,long,87.92500016,86.94464303,88.50000005,eod,0.5,100.16412260917427,57.594359482221805,10.602873211414819,46.99148627080699,9866.652663280642
2020-09-02,ESSITY_5_min,long,298.2,295.4167618407793,300.7,eod,0.5,35.4502636815075,88.62565920376875,12.738697751312902,75.88696145245585,9942.539624733097
2020-09-02,HM_5_min,long,136.85,135.07410714285714,136.4,eod,0.5,55.98614569985478,-25.193765564934015,9.17892858749119,-34.372694152425204,9908.166930580672
2020-09-02,HUSQVARNA_5_min,long,95.6,94.51025832685522,95.96,eod,0.5,90.92216233217663,32.731978439583536,10.450229649811051,22.281748789772486,9930.448679370444
2020-09-02,HANDELSBANKEN_5_min,short,95.6,96.41700253769218,94.1,eod,0.5,121.54734191427683,182.32101287141523,13.834518456682986,168.48649441473225,10098.935173785176
2020-09-02,NORDEA_5_min,short,69.5,70.16576270752203,69.11,eod,0.5,151.68970955692848,59.15898672720219,12.615426385011514,46.54356034219067,10145.478734127366
2020-09-03,ESSITY_5_min,long,303.6,300.6854457218244,300.6854457218244,stop,0.5,34.80970936138475,-101.45478734127367,12.621000442134926,-114.0757877834086,10031.402946343957
2020-09-03,NORDEA_5_min,long,69.95,69.26679954296348,69.26679954296348,stop,0.5,146.8295701946191,-100.31402946343955,12.264685704458262,-112.57871516789781,9918.824231176059
2020-09-03,SEB_5_MIN,long,86.4,85.6083788345081,85.6083788345081,stop,0.5,125.2976128425346,-99.18824231176059,12.931343554126931,-112.11958586588752,9806.704645310172
2020-09-03,SWEDBANK_5_MIN,long,149.82,148.55524671680536,148.55524671680536,stop,0.5,77.53847944588408,-98.06704645310172,13.88133776082696,-111.94838421392869,9694.756261096243
2020-09-03,VOLVO_5_MIN,long,170.9,169.1525415915853,169.1525415915853,stop,0.5,55.47918173280789,-96.94756261096244,11.319502052197663,-108.2670646631601,9586.489196433084
2020-09-03,HEXAGON_5_min,long,94.399906,93.41423164777838,93.41423164777838,stop,0.5,97.25817837124394,-95.86489196433084,10.959876539993395,-106.82476850432423,9479.66442792876
2020-09-04,ABB_5_min,long,220.5,218.68710191082803,223.1,eod,0.5,52.29011208378821,135.95429141784905,13.91753623222107,122.03675518562798,9601.701183114388
2020-09-04,ATLAS_5_min,long,87.1500001,86.05189219322666,87.94999994,eod,0.5,87.43859436663091,69.95086150312946,9.186298726256767,60.764562776872694,9662.46574589126
2020-09-04,ESSITY_5_min,long,296.5,293.5827626121347,293.5827626121347,stop,0.5,33.12197281607486,-96.62465745891261,11.726823133484087,-108.3514805923967,9554.114265298864
2020-09-04,GETINGE_5_min,long,183.65,180.666393626134,180.666393626134,stop,0.5,32.02203329831059,-95.54114265298864,6.999691012689894,-102.54083366567853,9451.573431633185
2020-09-04,HEXAGON_5_min,long,89.714196,88.6238696107485,90.485624,eod,0.5,86.685725713028,66.87179601534979,9.372451302034209,57.49934471331558,9509.0727763465
2020-09-04,HUSQVARNA_5_min,long,91.52,90.355,91.54,eod,0.5,81.62294228623661,1.6324588457255673,8.965137488951083,-7.332678643225515,9501.740097703274
2020-09-04,SEB_5_MIN,long,84.54,83.72464285714287,83.72464285714287,stop,0.5,116.53470115448671,-95.01740097703274,11.765201922134148,-106.78260289916689,9394.957494804106
2020-09-04,SWEDBANK_5_MIN,long,145.38,144.03373009319336,145.68,eod,0.5,69.78509619285036,20.935528857855903,12.186990058734615,8.748538799121288,9403.706033603228
2020-09-04,VOLVO_5_MIN,long,168.5,166.7287803894947,171.2,eod,0.5,53.09170007958775,143.34759021488634,10.821150310221574,132.52643990466476,9536.232473507893
2020-09-04,HANDELSBANKEN_5_min,long,92.8,91.87857142857143,92.6,eod,0.5,103.49399583652064,-20.698799167304422,11.512672096854553,-32.21147126415897,9504.021002243733
2020-09-04,KINNEVIK_5_min,short,160.55326518,162.714907373956,158.61349541,eod,0.5,43.966670473111584,85.28521827129336,8.419619873298616,76.86559839799475,9580.886600641728
2020-09-04,ERICSSON_5_MIN,short,96.68,97.84876898127673,97.84876898127673,stop,0.5,81.97416901136323,-95.80886600641729,9.567800511626167,-105.37666651804346,9475.509934123686
2020-09-04,INVESTOR_5_MIN,short,137.0,138.2312207792208,137.65,eod,0.5,76.96028278632933,-50.024183811114504,12.68228500035921,-62.70646881147371,9412.803465312212
2020-09-07,ERICSSON_5_MIN,short,98.0,99.20939604162415,98.44,eod,0.5,77.8306124821724,-34.24546949215568,9.173427309598766,-43.41889680175444,9369.384568510457
2020-09-07,ESSITY_5_min,short,295.8,298.7392857142857,298.7392857142857,stop,0.5,31.876399504045583,-93.69384568510458,11.371063075367083,-105.06490876047167,9264.319659749985
2020-09-07,GETINGE_5_min,long,180.15,177.04569205113953,179.65,eod,0.5,29.84342987992123,-14.921714939960616,6.442599642477395,-21.364314582438013,9242.955345167547
2020-09-07,HM_5_min,long,140.3,138.49782262584066,142.15,eod,0.5,51.287711618724636,94.88226649464029,8.691728488025264,86.19053800661503,9329.145883174162
2020-09-07,NORDEA_5_min,long,70.11,69.39094231592466,69.39094231592466,stop,0.5,129.7412723594053,-93.29145883174162,10.859417850842439,-104.15087668258406,9224.995006491577
2020-09-07,SKF_5_min,long,181.9,179.8334026368169,184.75,eod,0.5,44.63856951933157,127.21992313009471,9.82003890855775,117.39988422153696,9342.394890713114
2020-09-07,VOLVO_5_MIN,long,172.2,170.36182136602451,171.25,eod,0.5,50.82419476559843,-48.28298502731793,10.473341815346869,-58.7563268426648,9283.638563870449
2020-09-07,ALFA_LAVAL_5_MIN,long,209.9,207.217709365497,208.6,eod,0.5,34.61086000320987,-44.994118004173224,8.690786946805998,-53.684904950979224,9229.953658919469
2020-09-07,HEXAGON_5_min,long,91.857051,90.70719442059602,92.85705,eod,0.5,80.27047741644269,80.27039714596548,8.896253443691407,71.37414370227407,9301.327802621743
2020-09-08,GETINGE_5_min,short,179.0,182.0162727200255,179.15,eod,0.5,30.837157863308434,-4.625573679496441,6.6265968532463475,-11.252170532742788,9290.075632089
2020-09-08,HUSQVARNA_5_min,short,93.78,94.92532017343679,92.38,eod,0.5,81.11335020156042,113.55869028218505,9.060036764113493,104.49865351807156,9394.574285607072
2020-09-08,NORDEA_5_min,short,70.17,70.88665662191804,69.38,eod,0.5,131.08892038789472,103.56024710643764,10.976075304078424,92.58417180235922,9487.15845740943
2020-09-08,SANDVIK_min,short,178.65,181.0665044955045,179.45,eod,0.5,39.25984195377562,-31.407873563019827,8.43536964218823,-39.843243205208054,9447.315214204222
2020-09-09,ABB_5_min,long,228.9,226.87768793706294,230.5,eod,0.5,46.71541740439217,74.7446678470272,12.876637653346656,61.868030193680546,9509.183244397902
2020-09-09,ASSA_5_min,long,199.9,197.65959352209353,202.6,eod,0.5,42.44400888040486,114.59882397709264,10.250228144617772,104.34859583247487,9613.531840230376
2020-09-09,ATLAS_5_min,long,88.6,87.35376099281405,90.57499994,eod,0.5,77.14035417602653,152.35219486923143,8.29297377291668,144.05922109631476,9757.591061326691
2020-09-09,GETINGE_5_min,long,185.95,182.85250539519825,182.85250539519825,stop,0.5,31.501559506190794,-97.57591061326691,6.970712441843453,-104.54662305511036,9653.044438271581
2020-09-09,SANDVIK_min,long,182.1,179.65401393249607,186.1,eod,0.5,39.46483819559245,157.8593527823698,8.718572054170282,149.1407807281995,9802.18521899978
2020-09-09,SEB_5_MIN,long,83.98,83.10705753494716,85.18,eod,0.5,112.28901802143854,134.74682162572657,11.396886173103926,123.34993545262265,9925.535154452404
2020-09-09,SWEDBANK_5_MIN,long,147.92,146.4496693445104,151.86,eod,0.5,67.50546292015794,265.971523905424,12.142072604522967,253.82945130090104,10179.364605753304
2020-09-09,VOLVO_5_MIN,long,170.35,168.46589848185374,168.46589848185374,stop,0.5,54.02768644743025,-101.79364605753304,10.983263475949169,-112.77690953348221,10066.587696219822
2020-09-10,HEXAGON_5_min,short,93.685621,94.93029325311089,92.799907,eod,0.5,80.87741709562283,71.63426060543192,9.049480698212069,62.584779907219854,10129.172476127042
2020-09-10,SEB_5_MIN,long,85.5,84.61232556972192,84.61232556972192,stop,0.5,114.10909372430466,-101.29172476127042,11.646817981256895,-112.93854274252732,10016.233933384514
2020-09-10,SWEDBANK_5_MIN,long,151.84,150.27908011366844,151.52,eod,0.5,64.16878932156116,-20.534012582899134,11.679746357153277,-32.213758940052415,9984.020174444462
2020-09-10,ASSA_5_min,short,200.6,202.79918621179814,199.1,eod,0.5,45.39870303334203,68.09805455001305,10.887516961456084,57.21053758855696,10041.230712033019
2020-09-10,ATLAS_5_min,short,90.1500001,91.42661658840042,89.87500005,eod,0.5,78.65502915926231,21.630136951548806,8.49592298171667,13.134213969832135,10054.36492600285
2020-09-10,ERICSSON_5_MIN,short,97.24,98.45927794393619,96.22,eod,0.5,82.46163211600772,84.11086475832755,9.571816409497712,74.53904834882984,10128.90397435168
2020-09-11,ABB_5_min,short,227.5,229.43044576196752,229.43044576196752,stop,0.5,52.46924919573112,-101.28903974351681,14.384878454280708,-115.67391819779752,10013.230056153883
2020-09-11,ERICSSON_5_MIN,short,96.3,97.54935280353071,96.2,eod,0.5,80.14733730821403,8.014733730820948,9.25701745909872,-1.242283728277771,10011.987772425606
2020-09-11,SKF_5_min,short,188.2,190.43038128052706,188.1,eod,0.5,44.88913110882834,4.488913110882579,10.135068021751259,-5.64615491086868,10006.341617514738
2020-09-11,BOLIDEN_5_min,short,241.001434,244.24133015695904,244.24133015695904,stop,0.5,30.884760290918226,-100.06341617514738,8.991963872334146,-109.05538004748152,9897.286237467257
2020-09-14,BOLIDEN_5_min,long,246.944185,243.7415785597975,243.7415785597975,stop,0.5,30.9038479197007,-98.97286237467257,9.098446928048517,-108.07130930272109,9789.214928164536
2020-09-14,HEXAGON_5_min,long,94.742762,93.52847753571429,94.571334,eod,0.5,80.61714710253604,-13.820036293494024,9.157177395489375,-22.977213688983397,9766.237714475552
2020-09-14,HM_5_min,short,139.1,140.87207099303137,140.87207099303137,stop,0.5,55.112000325500645,-97.66237714475552,9.25789252061942,-106.92026966537495,9659.317444810176
2020-09-14,INVESTOR_5_MIN,long,143.2,141.89730458221024,141.89730458221024,stop,0.5,74.14870209030825,-96.59317444810176,12.683757062529706,-109.27693151063147,9550.040513299546
2020-09-14,NORDEA_5_min,long,69.9,69.19878620626038,69.64,eod,0.5,136.19299275857736,-35.410178117230814,11.402622125719132,-46.81280024294995,9503.227713056596
2020-09-14,SWEDBANK_5_MIN,short,149.72,151.29415887850467,149.1,eod,0.5,60.37019415780888,37.42952037784178,10.823892850941869,26.605627526899916,9529.833340583496
2020-09-14,ABB_5_min,short,230.6,232.5252319109462,230.2,eod,0.5,49.499664359395865,19.799865743758627,13.685667202085767,6.1141985416728595,9535.947539125169
2020-09-15,BOLIDEN_5_min,long,244.201377,240.941438934399,242.738546,eod,0.5,29.251928555787185,-42.790627901190554,8.546359103133907,-51.33698700432446,9484.610552120845
2020-09-15,HM_5_min,short,156.65,158.48014821258016,158.48014821258016,stop,0.5,51.824275689395535,-94.84610552120844,9.798835007405296,-104.64494052861374,9379.965611592232
2020-09-15,INVESTOR_5_MIN,short,141.6,142.88876150248905,142.88876150248905,stop,0.5,72.78278869656035,-93.79965611592232,12.423531248989086,-106.22318736491141,9273.742424227321
2020-09-15,SEB_5_MIN,short,83.58,84.43418240497252,83.48,eod,0.5,108.568642601877,10.856864260187082,10.882486459841743,-0.02562219965466106,9273.716802027666
2020-09-15,ASSA_5_min,long,203.4,201.28795631989874,210.6,eod,0.5,43.90873583439818,316.1428980076664,10.906929981264508,305.2359680264019,9578.952770054068
2020-09-16,GETINGE_5_min,short,186.3,189.62410929778187,184.15,eod,0.5,28.81659991278263,61.955689812482824,6.405065662614195,55.550624149868625,9634.503394203935
2020-09-16,HANDELSBANKEN_5_min,long,94.7,93.73725245653817,93.73725245653817,stop,0.5,100.07299898746415,-96.34503394203935,11.314488584570203,-107.65952252660955,9526.843871677325
2020-09-16,HM_5_min,long,163.2,160.71709644936735,160.71709644936735,stop,0.5,38.36977022023225,-95.26843871677326,7.457174736700218,-102.72561345347349,9424.118258223853
2020-09-16,NORDEA_5_min,long,69.74,69.05982142857142,70.45,eod,0.5,138.55358951444916,98.37304855526,11.654296628418376,86.71875192684162,9510.837010150693
2020-09-16,SEB_5_MIN,long,83.88,83.0097925113284,85.44,eod,0.5,109.29389983381246,170.49848374074767,11.103385871916673,159.395097868831,9670.232108019525
2020-09-16,HEXAGON_5_min,long,96.199904,95.00736009001699,96.828475,eod,0.5,81.08910730303631,50.97026126657634,9.391499362357296,41.57876190421904,9711.810869923744
2020-09-17,ABB_5_min,long,229.0,227.1189643325629,229.5,eod,0.5,51.63012609514249,25.815063047571243,14.203447688773698,11.611615358797545,9723.422485282541
2020-09-17,ALFA_LAVAL_5_MIN,long,207.0,204.37142857142857,208.7,eod,0.5,36.991281194009595,62.88517802981589,9.226365355409872,53.65881267440602,9777.081297956947
2020-09-17,ASSA_5_min,long,210.4,208.0935466340602,212.7,eod,0.5,42.3901104715079,97.49725408446746,10.761153444296994,86.73610064017046,9863.817398597117
2020-09-17,HANDELSBANKEN_5_min,short,91.4,92.44285714285715,91.7,eod,0.5,94.58455039750646,-28.37536511925167,10.391058706670059,-38.76642382592173,9825.050974771195
2020-09-17,HEXAGON_5_min,long,95.542762,94.36348647492025,96.685618,eod,0.5,83.3142956486509,95.21624266783532,9.609223250028727,85.60701941780658,9910.657994189001
2020-09-17,NORDEA_5_min,short,69.58,70.26610087467738,69.84,eod,0.5,144.44899226880054,-37.55673798988888,12.083447101269702,-49.640185091158585,9861.017809097842
2020-09-17,SEB_5_MIN,short,84.38,85.28171540257894,84.52,eod,0.5,109.35842707017002,-15.310179789823865,11.08238299929103,-26.392562789114894,9834.625246308728
2020-09-17,SWEDBANK_5_MIN,short,149.0,150.62458616400343,150.04,eod,0.5,60.53618739478537,-62.95763489057631,10.861644887121969,-73.81927977769828,9760.805966531028
2020-09-17,INVESTOR_5_MIN,long,144.45,143.09125508785863,144.35,eod,0.5,71.83692744172376,-7.183692744171967,12.447902787101892,-19.63159553127386,9741.174370999755
2020-09-18,BOLIDEN_5_min,long,250.966971,247.62009175,253.069791,eod,0.5,29.105245942170615,61.20309327211545,8.80206835314319,52.40102491897226,9793.575395918728
2020-09-18,ERICSSON_5_MIN,long,97.7,96.58281327806907,98.16,eod,0.5,87.66283382773835,40.3249035607591,10.301785580100498,30.023117980658597,9823.598513899386
2020-09-18,HANDELSBANKEN_5_min,short,90.6,91.70461815900893,89.0,eod,0.5,88.93207515901352,142.29132025442112,9.583320419135296,132.70799983528582,9956.306513734671
2020-09-18,HEXAGON_5_min,long,97.085617,95.88899554540346,96.628475,eod,0.5,83.20347655049868,-38.03580367724845,9.670611546733886,-47.70641522398234,9908.60009851069
2020-09-18,SEB_5_MIN,short,83.56,84.44858746077227,81.38,eod,0.5,111.50956474109061,243.0908511355783,11.03543256503729,232.055418570541,10140.65551708123
2020-09-18,SWEDBANK_5_MIN,short,148.16,149.7506398227531,141.72,eod,0.5,63.752053557477424,410.5632249101545,11.088267171144933,399.47495773900954,10540.13047482024
2020-09-21,ABB_5_min,short,225.7,227.55742244266128,221.5,eod,0.5,56.74600582363208,238.3332244592541,15.226088282596958,223.10713617665715,10763.237610996897
2020-09-21,ALFA_LAVAL_5_MIN,short,205.8,208.24286754002915,202.5,eod,0.5,44.059849478652055,145.39750327955227,10.793781925280179,134.6037213542721,10897.841332351169
2020-09-21,HANDELSBANKEN_5_min,short,88.9,90.07142857142857,87.8,eod,0.5,93.03035283714473,102.33338812086,9.863078007794083,92.4703101130659,10990.311642464234
2020-09-21,HEXAGON_5_min,short,95.51419,96.73284741732864,91.371337,eod,0.5,90.18376687482474,373.6180891486685,10.112424479548059,363.50566466912045,11353.817307133355
2020-09-21,INVESTOR_5_MIN,short,144.85,146.17499999999998,141.15,eod,0.5,85.68918722364869,317.04999272749916,14.704264527578113,302.34572819992104,11656.163035333277
2020-09-21,KINNEVIK_5_min,short,166.27309961,168.56680865379218,162.89093697,eod,0.5,50.8179669382225,171.87462921921082,10.03646827690458,161.83816094230625,11818.001196275583
2020-09-21,NORDEA_5_min,short,66.54,67.20447953975165,65.6,eod,0.5,177.8535002099955,167.1822901973979,14.100936910649283,153.0813532867486,11971.082549562332
2020-09-21,SEB_5_MIN,short,79.84,80.76363194915557,78.4,eod,0.5,129.6087966695714,186.63666720418252,12.305577590995789,174.33108961318672,12145.413639175518
2020-09-21,SWEDBANK_5_MIN,short,138.8,140.57412035042367,137.64,eod,0.5,68.45879219115663,79.41219894174341,11.354849107994003,68.05734983374941,12213.470989009267
2020-09-21,BOLIDEN_5_min,short,250.875544,254.22003066623202,245.2985,eod,0.5,36.518222997639356,203.6637364596466,10.871636630659513,192.7920998289871,12406.263088838254
2020-09-21,ERICSSON_5_MIN,short,97.1,98.2366746080767,94.64,eod,0.5,109.14524702746837,268.4973076875715,12.55650579902807,255.94080188854343,12662.203890726798
2020-09-22,ABB_5_min,long,222.9,220.85888286612357,223.5,eod,0.5,62.035655281963386,37.22139316917768,16.615629910721072,20.60576325845661,12682.809653985254
2020-09-22,ESSITY_5_min,long,302.2,299.7733940397351,304.1,eod,0.5,52.265632993832654,99.30470268828383,19.013191970496443,80.29151071778739,12763.101164703041
2020-09-22,HEXAGON_5_min,long,92.571336,91.24990875,91.24990875,stop,0.5,96.58572702131765,-127.6310116470304,10.652705139685391,-138.2837167867158,12624.817447916324
2020-09-22,INVESTOR_5_MIN,long,142.9,141.4456699714586,141.4456699714586,stop,0.5,86.80847675667042,-126.24817447916325,14.810168689546344,-141.0583431687096,12483.759104747614
2020-09-22,KINNEVIK_5_min,long,165.65137888,163.25012986843933,163.25012986843933,stop,0.5,51.988606948489114,-124.83759104747615,10.2594787578526,-135.09706980532874,12348.662034942286
2020-09-22,NORDEA_5_min,short,65.57,66.32427904328017,66.32427904328017,stop,0.5,163.71477034866206,-123.48662034942288,12.955824962323774,-136.44244531174667,12212.21958963054
2020-09-22,SEB_5_MIN,long,78.72,77.76212705677237,77.76212705677237,stop,0.5,127.49310517614698,-122.1221958963054,11.970235369821765,-134.09243126612716,12078.127158364414
2020-09-22,SKF_5_min,long,183.75,181.50380516208116,181.50380516208116,stop,0.5,53.77150260729451,-120.78127158364414,11.784147561958251,-132.5654191456024,11945.56173921881
2020-09-22,VOLVO_5_MIN,long,167.2,165.35123285329686,167.2,eod,0.5,64.61366300521473,0.0,12.96408534536628,-12.96408534536628,11932.597653873445
2020-09-23,KINNEVIK_5_min,long,166.09901794,163.6701795437644,167.41706698,eod,0.5,49.12882500691444,64.75420063669044,9.831152023815536,54.92304861287491,11987.52070248632
2020-09-23,SEB_5_MIN,long,77.12,76.1369937758563,78.5,eod,0.5,121.94755646566324,168.28762792261472,11.386487242311906,156.9011406803028,12144.421843166621
2020-09-23,SKF_5_min,long,184.65,182.3662068347415,182.3662068347415,stop,0.5,53.176539924498485,-121.44421843166621,11.709991185411374,-133.15420961707758,12011.267633549543
2020-09-24,ALFA_LAVAL_5_MIN,long,197.85,195.51971890277022,199.25,eod,0.5,51.54428642891403,72.16200100047993,12.280941684553055,59.881059315926876,12071.14869286547
2020-09-24,BOLIDEN_5_min,long,239.721457,236.48842752234762,240.087164,eod,0.5,37.33695834295585,13.654387024727903,10.748756696920854,2.9056303278070494,12074.054323193277
2020-09-24,ESSITY_5_min,long,305.0,302.74137607799025,302.74137607799025,stop,0.5,53.45756859092177,-120.74054323193278,19.493025778338204,-140.23356901027097,11933.820754183005
2020-09-24,INVESTOR_5_MIN,long,141.0,139.63831998377776,141.8,eod,0.5,87.64041927626634,70.11233542101407,14.870826342796873,55.24150907821719,11989.062263261223
2020-09-24,SKF_5_min,long,178.75,176.4405199579832,177.7,eod,0.5,51.91238739951007,-54.50800676948616,11.102502293133217,-65.61050906261937,11923.451754198604
2020-09-24,ASSA_5_min,short,204.6,207.07200607160306,205.6,eod,0.5,48.23390966214906,-48.23390966214906,11.871329846048127,-60.10523950819719,11863.346514690407
2020-09-25,GETINGE_5_min,long,188.5,185.903827887538,192.95,eod,0.5,45.695531732062896,203.34511620767938,10.458336347517236,192.88677986016214,12056.23329455057
2020-09-25,INVESTOR_5_MIN,long,143.05,141.699322530555,141.699322530555,stop,0.5,89.26063821516553,-120.5623329455057,15.250143756248011,-135.81247670175372,11920.420817848815
2020-09-25,KINNEVIK_5_min,long,172.49031094,170.34103480555584,170.34103480555584,stop,0.5,55.46249096062111,-119.20420817848816,11.408568248658275,-130.61277642714643,11789.80804142167
2020-09-25,SKF_5_min,short,177.25,179.48839285714288,177.05,eod,0.5,52.6708616130519,10.53417232260978,11.196771761702571,-0.6625994390927907,11789.145441982577
2020-09-25,ESSITY_5_min,long,303.7,301.42823398933405,301.42823398933405,stop,0.5,51.89418886730647,-117.89145441982578,18.841583318149272,-136.73303773797505,11652.412404244602
2020-09-28,SKF_5_min,long,180.7,178.4445654976792,185.4,eod,0.5,51.663714429545976,242.81945781886697,11.34845151159407,231.4710063072729,11883.883410551874
2020-09-28,SWEDBANK_5_MIN,long,140.18,138.33108769246456,141.66,eod,0.5,64.274997587056,95.12699642884223,10.86915919196152,84.25783723688072,11968.141247788755
2020-09-28,VOLVO_5_MIN,short,172.0,173.81270486701797,173.81270486701797,stop,0.5,66.0236614660676,-119.68141247788755,13.699092574083082,-133.38050505197063,11834.760742736784
2020-09-28,ABB_5_min,long,230.7,228.86904761904762,228.86904761904762,stop,0.5,64.63718481078654,-118.34760742736786,17.823149678561723,-136.1707571059296,11698.589985630855
2020-09-28,ATLAS_5_min,long,93.725,92.6130993629601,96.30000016,eod,0.5,105.21254863901216,270.9223295794643,11.995808743177372,258.92652083628695,11957.516506467142
2020-09-28,ALFA_LAVAL_5_MIN,long,204.2,202.01859037328092,205.3,eod,0.5,54.81554844172812,60.297103285902175,13.468180252132598,46.82892303376958,12004.345429500912
2020-09-28,SANDVIK_min,long,170.85,168.62921506142814,173.45,eod,0.5,54.054515684984295,140.54174078095886,11.166581850204055,129.3751589307548,12133.720588431666
2020-09-28,INVESTOR_5_MIN,long,145.3,143.9700105947864,147.35,eod,0.5,91.23170862013647,187.0250026712782,16.019375716609762,171.00562695466843,12304.726215386334
2020-09-28,KINNEVIK_5_min,long,177.21539155,174.86777882758952,178.40909679,eod,0.5,52.413782298607266,62.56660657806748,11.183774707143813,51.38283187092367,12356.109047257258
2020-09-28,ASSA_5_min,long,212.1,209.69856382978725,212.2,eod,0.5,51.45299800395115,5.145299800394823,13.098904231845882,-7.953604431451059,12348.155442825806
2020-09-29,GETINGE_5_min,short,189.55,192.24823965497802,191.15,eod,0.5,45.76374607809416,-73.2219937249504,10.453354879158267,-83.67534860410866,12264.480094221697
2020-09-29,HANDELSBANKEN_5_min,short,88.3,89.42142857142858,88.8,eod,0.5,109.36479064910976,-54.68239532455488,11.621102654374402,-66.30349797892929,12198.176596242767
2020-09-29,KINNEVIK_5_min,long,179.4038506,177.19152715047255,179.87635858,eod,0.5,55.13740135443715,26.052862136433752,11.885866255358275,14.166995881075477,12212.343592123843
2020-09-30,ALFA_LAVAL_5_MIN,short,201.6,203.6968796433878,199.15,eod,0.5,58.24055582128243,142.6893617621413,14.003941647227357,128.68542011491394,12341.029012238758
2020-09-30,ESSITY_5_min,long,305.3,303.07427096985583,303.07427096985583,stop,0.5,55.44713145714473,-123.41029012238758,20.23956490656611,-143.64985502895368,12197.379157209803
2020-09-30,HANDELSBANKEN_5_min,long,88.1,86.97142857142856,89.2,eod,0.5,108.0780431651497,118.88584748166558,11.497342231908624,107.38850524975696,12304.76766245956
2020-09-30,INVESTOR_5_MIN,long,146.95,145.6312454399533,146.7,eod,0.5,93.30597243223053,-23.326493108057633,16.439579282834696,-39.76607239089233,12265.001590068669
2020-09-30,GETINGE_5_min,long,193.0,190.56574632983083,195.5,eod,0.5,50.38505945527158,125.96264863817895,11.744757359023804,114.21789127915514,12379.219481347824
2020-10-01,ALFA_LAVAL_5_MIN,short,198.9,201.0561554148331,194.65,eod,0.5,57.41339142895692,244.00691357306692,13.557024118119598,230.44988945494734,12609.66937080277
2020-10-01,ATLAS_5_min,short,93.69999994,94.88752841786676,94.88752841786676,stop,0.5,106.18414299802193,-126.09669370802771,12.015003047277142,-138.11169675530485,12471.557674047466
2020-10-01,HM_5_min,long,162.8,159.95017604084148,164.35,eod,0.5,43.76255464470853,67.83195969929747,8.590151851209836,59.24180784808763,12530.799481895554
2020-10-01,INVESTOR_5_MIN,short,145.8,147.11470113875177,144.95,eod,0.5,95.31291266540556,81.01597576559689,16.627337614480002,64.3886381511169,12595.18812004667
2020-10-01,KINNEVIK_5_min,short,175.72326083,177.8294551127933,177.8294551127933,stop,0.5,59.80069466023995,-125.9518812004667,12.685618807436116,-138.63750000790282,12456.550620038768
2020-10-02,ALFA_LAVAL_5_MIN,short,190.7,192.96845331686131,190.6,eod,0.5,54.91208713641895,5.491208713641583,12.562787295069926,-7.071578581428343,12449.47904145734
2020-10-02,ASSA_5_min,short,207.2,209.43211362542127,209.43211362542127,stop,0.5,55.774396516699234,-124.4947904145734,13.94244282416084,-138.43723323873425,12311.041808218606
2020-10-02,BOLIDEN_5_min,short,232.407301,235.27092357142857,235.27092357142857,stop,0.5,42.99114670714787,-123.11041808218604,12.063613898573239,-135.17403198075928,12175.867776237847
2020-10-02,ABB_5_min,short,226.2,228.00118259224217,228.00118259224217,stop,0.5,67.59929742092852,-121.75867776237848,18.422208498594262,-140.18088626097276,12035.686889976874
2020-10-02,ATLAS_5_min,short,91.35,92.55379592019794,91.1,eod,0.5,99.98112377717456,24.99528094429364,10.944933619887298,14.050347324406342,12049.73723730128
2020-10-02,SANDVIK_min,short,172.6,174.8710994883222,173.0,eod,0.5,53.05684448990474,-21.222737795962196,11.001867273426647,-32.22460506938884,12017.512632231892
2020-10-02,ERICSSON_5_MIN,short,94.7,95.69896168899594,94.96,eod,0.5,120.30003517262823,-31.278009144882244,13.689662802504403,-44.96767194738665,11972.544960284506
2020-10-02,INVESTOR_5_MIN,short,142.7,144.04669695910522,143.45,eod,0.5,88.90303701464715,-66.67727776098536,15.263762425044767,-81.94104018603014,11890.603920098476
2020-10-02,HEXAGON_5_min,short,95.51419,96.66517186597774,95.942761,eod,0.5,103.30835151775042,-44.27496351831435,11.867461196654828,-56.14242471496918,11834.461495383506
2020-10-02,NORDEA_5_min,short,68.18,68.9476549254604,68.78,eod,0.5,154.16381896183287,-92.49829137709885,12.668565987007579,-105.16685736410643,11729.294638019399
2020-10-02,KINNEVIK_5_min,short,174.62903213,176.89405502590017,176.89405502590017,stop,0.5,51.78444182286278,-117.292946380194,10.922056113730699,-128.2150024939247,11601.079635525473
2020-10-05,ABB_5_min,long,232.8,230.91704831481368,230.91704831481368,stop,0.5,61.61113812316161,-116.01079635525474,17.142081068273274,-133.15287742352803,11467.926758101945
2020-10-05,ASSA_5_min,long,215.9,213.58928571428572,213.58928571428572,stop,0.5,49.62935845855561,-114.67926758101945,12.789166628893975,-127.46843420991343,11340.458323892031
2020-10-05,BOLIDEN_5_min,long,240.81858,237.82960418009458,240.772866,eod,0.5,37.94095036958471,-1.73443260519534,10.963222290661522,-12.69765489585686,11327.760668996174
2020-10-05,NORDEA_5_min,long,69.6,68.83026275179523,70.67,eod,0.5,147.16399258858272,157.4654720697846,12.385615944240298,145.0798561255443,11472.84052512172
2020-10-05,SANDVIK_min,long,176.35,173.98973836972877,177.95,eod,0.5,48.60834230399848,77.77334768639729,10.333161406983995,67.4401862794133,11540.280711401132
2020-10-05,SWEDBANK_5_MIN,long,144.42,142.69022647600562,144.2,eod,0.5,66.71555872096184,-14.677422918611528,11.553266734826401,-26.230689653437928,11514.050021747695
2020-10-05,VOLVO_5_MIN,long,177.35,175.33815131976627,179.75,eod,0.5,57.23119305578218,137.35486333387755,12.26235542413189,125.09250790974565,11639.14252965744
2020-10-05,HEXAGON_5_min,long,97.34276,96.14799243097953,97.114189,eod,0.5,97.41763026928982,-22.266845168282067,11.366121096585685,-33.632966264867754,11605.509563392572
2020-10-06,ABB_5_min,long,234.3,232.37335540367366,233.4,eod,0.5,60.2368988318939,-54.21320894870485,16.903678550206067,-71.11688749891093,11534.392675893661
2020-10-06,ESSITY_5_min,short,296.9,299.35053985315994,299.35053985315994,stop,0.5,47.068782256367236,-115.34392675893662,16.838872098353878,-132.1827988572905,11402.20987703637
2020-10-06,VOLVO_5_MIN,long,181.55,179.34632355841288,179.34632355841288,stop,0.5,51.74176055003908,-114.0220987703637,11.204046694169298,-125.22614546453299,11276.983731571838
2020-10-07,ALFA_LAVAL_5_MIN,long,202.8,200.42382831771093,203.7,eod,0.5,47.458623531394686,42.71276117825414,11.575158279307164,31.137602898946977,11308.121334470785
2020-10-08,ABB_5_min,long,234.3,232.38132395998537,235.2,eod,0.5,58.93710610147854,53.04339549132935,16.602582788786503,36.44081270254284,11344.562147173328
2020-10-08,SKF_5_min,long,197.4,194.80046882919413,196.95,eod,0.5,43.640800597349354,-19.638360268807954,10.32584982933883,-29.964210098146786,11314.597937075181
2020-10-08,ERICSSON_5_MIN,long,95.88,94.83657890800299,95.72,eod,0.5,108.43750451143524,-17.350000721829268,12.465975518634593,-29.81597624046386,11284.781960834718
2020-10-08,ESSITY_5_min,short,294.1,296.44873501836463,294.9,eod,0.5,48.04621156750224,-38.43696925399961,16.97953116795529,-55.41650042195489,11229.365460412762
2020-10-09,KINNEVIK_5_min,long,177.81224417,175.61695449634857,176.46932619,eod,0.5,51.152089836667706,-68.69306115623684,10.873345628718258,-79.56640678495509,11149.799053627807
2020-10-09,BOLIDEN_5_min,long,237.892918,234.87561524227868,236.521513,eod,0.5,36.95286800469491,-50.677347945978994,10.518584308959264,-61.195932254938256,11088.60312137287
2020-10-12,ERICSSON_5_MIN,short,96.2,97.09464285714287,95.94,eod,0.5,123.94446602731976,32.22556116710377,14.288813821493529,17.936747345610243,11106.539868718479
2020-10-12,HANDELSBANKEN_5_min,long,91.7,90.91785714285714,92.4,eod,0.5,142.00142297904884,99.4009960853346,15.685477182265734,83.71551890306887,11190.255387621548
2020-10-12,SEB_5_MIN,long,83.2,82.38775706719856,83.18,eod,0.5,137.76980920013887,-2.755396184002229,13.753284512831462,-16.50868069683369,11173.746706924714
2020-10-12,SWEDBANK_5_MIN,long,144.1,142.78642857142856,144.14,eod,0.5,85.06386835070427,3.4025547340274938,14.711285648044198,-11.308730914016705,11162.437976010697
2020-10-12,VOLVO_5_MIN,long,181.05,178.95241286069555,183.15,eod,0.5,53.215610292652855,111.7527816145707,11.628675161150502,100.1241064534202,11262.562082464117
2020-10-12,ESSITY_5_min,short,295.9,298.13495897683396,298.13495897683396,stop,0.5,50.39270160751921,-112.62562082464117,17.9610158592927,-130.58663668393388,11131.975445780183
2020-10-13,ATLAS_5_min,long,94.44999994,93.24196423964285,93.24196423964285,stop,0.5,92.14939130101145,-111.31975445780184,10.377420150747199,-121.69717460854903,11010.278271171634
2020-10-13,HANDELSBANKEN_5_min,long,93.4,92.53928571428571,93.2,eod,0.5,127.92024547419193,-25.58404909483875,14.321950683290527,-39.90599977812928,10970.372271393504
2020-10-13,ERICSSON_5_MIN,short,95.62,96.47214621164684,95.58,eod,0.5,128.73814518511315,5.149525807405331,14.76884001563618,-9.619314208230849,10960.752957185274
2020-10-13,HUSQVARNA_5_min,long,99.4,98.36341438703141,99.48,eod,0.5,105.73900332067758,8.459120265654025,12.617623788249814,-4.1585035225957885,10956.594453662678
2020-10-14,ATLAS_5_min,short,93.225,94.41811007401547,93.02500011,eod,0.5,91.83221810195302,18.36643351884669,10.262250378954175,8.104183139892516,10964.69863680257
2020-10-14,HANDELSBANKEN_5_min,short,93.3,94.17482085683794,94.17482085683794,stop,0.5,125.33650233757221,-109.64698636802571,14.098462993535398,-123.7454493615611,10840.95318744101
2020-10-14,NORDEA_5_min,short,69.78,70.45137315447221,70.45137315447221,stop,0.5,161.4743323474636,-108.40953187441009,13.586260412571855,-121.99579228698195,10718.957395154028
2020-10-14,GETINGE_5_min,long,210.0,207.32322025800286,209.9,eod,0.5,40.044226377612404,-4.004422637761013,10.088742393575668,-14.093165031336682,10704.864230122692
2020-10-14,SANDVIK_min,short,172.45,174.70667270157628,172.8,eod,0.5,47.436494546352755,-16.60277309122454,9.826469845276971,-26.429242936501513,10678.43498718619
2020-10-15,ABB_5_min,short,233.7,235.24285714285713,235.24285714285713,stop,0.5,69.21207862065117,-106.78434987186192,19.473905938298525,-126.25825581016045,10552.17673137603
2020-10-15,ALFA_LAVAL_5_MIN,short,192.35,194.81414981447125,193.25,eod,0.5,42.82278889621921,-38.54051000659753,9.907480439029275,-48.4479904456268,10503.728740930403
2020-10-15,ASSA_5_min,short,211.4,213.18318375059044,210.3,eod,0.5,58.90435429019842,64.79478971921793,14.903979722506003,49.89080999671193,10553.619550927115
2020-10-15,ATLAS_5_min,short,91.25000005,92.39271809042039,90.82499994,eod,0.5,92.35541207562083,39.251060291234104,10.089366991647065,29.16169329958704,10582.781244226702
2020-10-15,BOLIDEN_5_min,short,227.92738,230.5842941413835,227.653099,eod,0.5,39.831099843956686,10.924913896300364,10.887762927603966,0.03715096869639822,10582.818395195398
2020-10-15,ERICSSON_5_MIN,short,95.04,95.83131024955705,95.36,eod,0.5,133.73791633710564,-42.79613322787289,15.278219562350948,-58.07435279022384,10524.744042405175
2020-10-15,HANDELSBANKEN_5_min,short,89.4,90.4345570630487,88.5,eod,0.5,101.731885251358,91.55869672622278,10.858861431729952,80.69983529449283,10605.443877699667
2020-10-15,HEXAGON_5_min,short,95.399905,96.48399491059293,95.971333,eod,0.5,97.82808394461692,-55.9017063523043,11.232888921389556,-67.13459527369386,10538.309282425973
2020-10-15,HM_5_min,short,154.8,156.91197844708483,153.5,eod,0.5,49.89780694482023,64.86714902826687,9.230096328652845,55.63705269961402,10593.946335125587
2020-10-15,INVESTOR_5_MIN,short,139.15,140.3563277928597,139.35,eod,0.5,87.81979821597076,-17.563959643193154,14.674688281888715,-32.23864792508187,10561.707687200505
2020-10-15,KINNEVIK_5_min,short,177.06617881,179.07048438419724,179.07048438419724,stop,0.5,52.69509711078174,-105.61707687200506,11.259993631036796,-116.87707050304185,10444.830616697463
2020-10-15,SEB_5_MIN,short,82.6,83.42344656673114,83.22,eod,0.5,126.8428461382806,-78.64256460573455,12.619848447989813,-91.26241305372436,10353.56820364374
2020-10-15,SKF_5_min,short,186.8,189.08209605318459,188.0,eod,0.5,45.3686784532831,-54.44241414393921,10.202508410574303,-64.64492255451351,10288.923281089226
2020-10-15,VOLVO_5_MIN,short,178.05,180.0483164983165,176.9,eod,0.5,51.48795643611663,59.21114990153442,10.96539008219976,48.24575981933466,10337.16904090856
2020-10-16,ALFA_LAVAL_5_MIN,long,196.65,194.10377080443828,194.10377080443828,stop,0.5,40.59795190050865,-103.3716904090856,9.518281675236578,-112.88997208432218,10224.279068824238
2020-10-16,ATLAS_5_min,long,91.94999994,90.78891578971304,90.78891578971304,stop,0.5,88.05803667458026,-102.2427906882424,9.654978085920062,-111.89776877416246,10112.381300050076
2020-10-16,GETINGE_5_min,short,187.95,190.68472222222218,190.68472222222218,stop,0.5,36.97772745574476,-101.12381300050076,8.400630938168973,-109.52444393866973,10002.856856111406
2020-10-16,KINNEVIK_5_min,long,183.00983277,181.11085877967622,188.20742136,eod,0.5,52.6750598327357,273.78328996419486,11.732334643344961,262.0509553208499,10264.907811432256
2020-10-16,VOLVO_5_MIN,short,180.2,182.23938753132833,182.23938753132833,stop,0.5,50.33328709598544,-102.64907811432256,10.945659448504484,-113.59473756282705,10151.313073869429
2020-10-16,HEXAGON_5_min,long,98.285616,97.18235159011029,98.257045,eod,0.5,92.01160649135915,-2.628863609064572,10.850523589617959,-13.47938719868253,10137.833686670747
2020-10-16,HUSQVARNA_5_min,long,102.6,101.46246271777002,101.46246271777002,stop,0.5,89.12089164055395,-101.37833686670749,10.911737176664976,-112.29007404337246,10025.543612627374
2020-10-16,ABB_5_min,long,236.7,235.11674636803875,236.4,eod,0.5,63.32241032163824,-18.996723096490392,17.974699393900227,-36.97142249039062,9988.572190136983
2020-10-16,SKF_5_min,long,191.7,189.42503933910305,192.85,eod,0.5,43.906571053403795,50.492556711414615,10.130563139151855,40.36199357226276,10028.934183709247
2020-10-16,SANDVIK_min,long,175.2,173.17135898485466,174.75,eod,0.5,49.43671210842992,-22.246520448792904,10.380226441407029,-32.62674689019993,9996.307436819046
2020-10-19,ERICSSON_5_MIN,long,96.58,95.7853851845275,97.4,eod,0.5,125.80066772194489,103.15654753199574,14.64168811482172,88.51485941717402,10084.82229623622
2020-10-19,HANDELSBANKEN_5_min,short,89.6,90.67857142857142,89.4,eod,0.5,93.50166367371386,18.70033273474171,10.042078678556868,8.658254056184843,10093.480550292405
2020-10-19,HEXAGON_5_min,long,98.914187,97.88969817857144,97.88969817857144,stop,0.5,98.5221150214007,-100.93480550292405,11.63372100733305,-112.5685265102571,9980.912023782148
2020-10-19,NORDEA_5_min,long,70.17,69.53553344873231,69.53553344873231,stop,0.5,157.31187095426606,-99.80912023782149,13.186403309690327,-112.99552354751182,9867.916500234636
2020-10-19,SANDVIK_min,long,176.4,174.24092071611256,174.7,eod,0.5,45.704280402650724,-77.69727668450702,9.6280637096224,-87.32534039412941,9780.591159840507
2020-10-19,SWEDBANK_5_MIN,long,147.76,146.47376342005995,148.38,eod,0.5,76.04037478312475,47.14503236553769,13.511157952964735,33.63387441257295,9814.22503425308
2020-10-19,VOLVO_5_MIN,long,186.3,184.32379799377378,184.32379799377378,stop,0.5,49.66205379476562,-98.14225034253082,11.043563396152283,-109.1858137386831,9705.039220514398
2020-10-19,GETINGE_5_min,short,189.5,192.88570958646616,189.5,eod,0.5,28.6647125887842,0.0,6.518355642689526,-6.518355642689526,9698.520864871709
2020-10-20,GETINGE_5_min,short,186.75,190.2167170917004,186.25,eod,0.5,27.976095563410066,13.988047781705033,6.261050187091172,7.726997594613861,9706.247862466324
2020-10-20,HANDELSBANKEN_5_min,short,89.4,90.5,89.2,eod,0.5,88.2386169315125,17.64772338630275,9.45565019038088,8.192073195921871,9714.439935662245
2020-10-20,INVESTOR_5_MIN,long,143.45,142.24169474393528,142.24169474393528,stop,0.5,80.39723312386252,-97.14439935662246,13.781293070327719,-110.92569242695018,9603.514243235295
2020-10-20,SEB_5_MIN,long,85.5,84.73499924776837,85.44,eod,0.5,125.53601045777171,-7.532160627466588,12.875475376590895,-20.407636004057483,9583.106607231237
2020-10-21,ASSA_5_min,short,218.0,219.86558649018713,208.9,eod,0.5,51.36779590567258,467.4469427416202,13.157347243278974,454.2895954983412,10037.396202729578
2020-10-21,ERICSSON_5_MIN,short,104.95,105.76422417896241,105.76422417896241,stop,0.5,123.27558505472767,-100.37396202729579,15.58555155900878,-115.95951358630457,9921.436689143275
2020-10-21,HANDELSBANKEN_5_min,short,88.7,89.77735682110682,89.77735682110682,stop,0.5,92.09053578878842,-99.21436689143275,9.861645249493499,-109.07601214092625,9812.360677002349
2020-10-21,HUSQVARNA_5_min,short,100.45,101.75185199004974,100.05,eod,0.5,75.37232152348932,30.148928609396155,9.067290279275765,21.08163833012039,9833.44231533247
2020-10-21,SANDVIK_min,short,177.75,179.89165227519177,172.4,eod,0.5,45.915214291507404,245.64639645956436,9.646327370502789,236.00006908906158,10069.44238442153
2020-10-21,SEB_5_MIN,short,85.56,86.32303675661252,83.8,eod,0.5,131.9653646716118,232.25904182203746,13.409792496470503,218.84924932556694,10288.291633747098
2020-10-21,NORDEA_5_min,short,69.38,70.00917822718212,68.28,eod,0.5,163.51951147173162,179.87146261890385,13.506057569519143,166.36540504938472,10454.657038796482
2020-10-21,SWEDBANK_5_MIN,short,148.36,149.7726672816019,148.48,eod,0.5,74.00650652106414,-8.88078078252593,13.180854837427606,-22.061635619953535,10432.595403176529
2020-10-22,ASSA_5_min,long,208.0,205.52978488692776,210.3,eod,0.5,42.233550219848496,97.13716550565202,10.599776434177574,86.53738907147445,10519.132792248003
2020-10-22,ATLAS_5_min,short,87.05000016,88.0991073032143,88.0991073032143,stop,0.5,100.26747849622895,-105.19132792248003,10.537055619720919,-115.72838354220094,10403.404408705803
2020-10-22,ERICSSON_5_MIN,short,107.1,108.16464285714285,108.16464285714285,stop,0.5,97.71731749203705,-104.03404408705804,12.621050070528835,-116.65509415758687,10286.749314548217
2020-10-22,ESSITY_5_min,short,285.2,287.4025092472258,276.2,eod,0.5,46.70468161486725,420.3421345338052,15.732004955151883,404.61012957865336,10691.35944412687
2020-10-22,HEXAGON_5_min,short,94.571334,95.58847118403828,95.58847118403828,stop,0.5,105.11226619087394,-106.91359444126871,11.992876836785616,-118.90647127805433,10572.452972848816
2020-10-22,SEB_5_MIN,long,83.64,82.82577998289136,82.82577998289136,stop,0.5,129.84761797422343,-105.72452972848818,12.969111002999762,-118.69364073148795,10453.759332117328
2020-10-22,ALFA_LAVAL_5_MIN,short,188.0,190.44123633622314,190.44123633622314,stop,0.5,42.82157846417456,-104.53759332117329,9.723270657510483,-114.26086397868377,10339.498468138645
2020-10-23,ALFA_LAVAL_5_MIN,long,195.75,193.098645540506,193.098645540506,stop,0.5,38.997043307864196,-103.39498468138645,9.098368482208468,-112.49335316359492,10227.00511497505
2020-10-23,ESSITY_5_min,short,273.5,276.39179981203006,276.39179981203006,stop,0.5,35.36553627408822,-102.27005114975051,11.668331035845604,-113.93838218559611,10113.066732789455
2020-10-23,ABB_5_min,short,228.0,229.5857142857143,229.5857142857143,stop,0.5,63.77609651308653,-101.13066732789456,17.50981840637721,-118.64048573427176,9994.426247055184
2020-10-23,NORDEA_5_min,long,71.2,70.53770782889427,70.53770782889427,stop,0.5,150.90660411052335,-99.94426247055185,12.833493697720783,-112.77775616827263,9881.648490886912
2020-10-26,ABB_5_min,long,225.7,223.9811448879863,226.3,eod,0.5,57.489711737891696,34.49382704273633,15.591209823316229,18.9026172194201,9900.551108106332
2020-10-26,ASSA_5_min,short,202.2,204.64222720214568,198.85,eod,0.5,40.53902560502121,135.80573577682082,9.754905731336253,126.05083004548457,10026.601938151816
2020-10-26,ESSITY_5_min,long,271.5,268.3928571428571,268.3928571428571,stop,0.5,32.269523479108955,-100.26601938151816,10.453251137864786,-110.71927051938295,9915.882667632433
2020-10-26,HUSQVARNA_5_min,short,95.5,97.0482142857143,97.0482142857143,stop,0.5,64.04722368943634,-99.15882667632432,7.399307130815199,-106.55813380713953,9809.324533825295
2020-10-26,HANDELSBANKEN_5_min,short,88.6,89.73900048208259,89.73900048208259,stop,0.5,86.122215821099,-98.09324533825294,9.215369933302197,-107.30861527155514,9702.01591855374
2020-10-26,HM_5_min,short,154.45,156.20034320726032,156.20034320726032,stop,0.5,55.42922027126053,-97.0201591855374,10.33146378058675,-107.35162296612414,9594.664295587616
2020-10-26,ALFA_LAVAL_5_MIN,short,187.8,190.48997347480105,185.3,eod,0.5,35.66824872240529,89.17062180601322,7.984694158997648,81.18592764701557,9675.85022323463
2020-10-26,BOLIDEN_5_min,short,233.230143,235.79785596828572,227.561673,eod,0.5,37.6827563779238,213.60357404556916,10.418343445961453,203.1852305996077,9879.035453834238
2020-10-26,NORDEA_5_min,short,70.08,70.80156687276276,69.48,eod,0.5,136.9108786273542,82.14652717641175,11.46436933274013,70.68215784367162,9949.71761167791
2020-10-27,ALFA_LAVAL_5_MIN,short,181.9,184.76785714285717,181.8,eod,0.5,34.69390948032125,3.4693909480319283,7.570904926795704,-4.1015139787637755,9945.616097699147
2020-10-27,ESSITY_5_min,short,269.1,272.26554684188216,272.26554684188216,stop,0.5,31.418319154569204,-99.45616097699147,10.20527731797968,-109.66143829497115,9835.954659404175
2020-10-27,INVESTOR_5_MIN,short,137.55,138.86998910675385,136.75,eod,0.5,74.515422961278,59.61233836902325,12.263748310967133,47.34859005805612,9883.303249462231
2020-10-27,SKF_5_min,short,187.05,189.13103030418685,189.13103030418685,stop,0.5,47.49235621210294,-98.83303249462232,10.719434094865399,-109.55246658948772,9773.750782872743
2020-10-28,BOLIDEN_5_min,short,222.441763,225.2172238571429,225.2172238571429,stop,0.5,35.214875243940654,-97.73750782872743,9.458553224401893,-107.19606105312933,9666.554721819613
2020-10-28,HM_5_min,short,143.15,145.08860858938547,145.08860858938547,stop,0.5,49.86336475938076,-96.66554721819614,8.623528126697343,-105.28907534489348,9561.26564647472
2020-10-28,SEB_5_MIN,short,78.7,79.68464059388015,77.26,eod,0.5,97.10411804978429,139.82992999168917,9.086614950626615,130.74331504106254,9692.008961515783
2020-10-28,SKF_5_min,short,191.55,193.94659901541894,185.25,eod,0.5,40.44067822426944,254.77627281289793,9.142828532942834,245.63344427995509,9937.642405795737
2020-10-28,INVESTOR_5_MIN,short,134.05,135.36358917315536,134.1,eod,0.5,75.6525906948875,-3.7826295347430845,12.171745316900449,-15.954374851643532,9921.688030944093
2020-10-28,SWEDBANK_5_MIN,short,141.76,143.34683396603396,140.64,eod,0.5,62.52505456346989,70.02806111108656,10.594245245234335,59.433815865852225,9981.121846809945
2020-10-28,HEXAGON_5_min,long,94.228477,93.1661841032331,93.1661841032331,stop,0.5,93.95828473660778,-99.81121846809945,10.564368555634617,-110.37558702373407,9870.74625978621
2020-10-29,ABB_5_min,long,218.2,216.2706133719019,216.2706133719019,stop,0.5,51.16002213364775,-98.7074625978621,13.336515717915608,-112.04397831577771,9758.702281470432
2020-10-29,ALFA_LAVAL_5_MIN,long,182.15,179.34464285714284,179.34464285714284,stop,0.5,34.785953390346315,-97.58702281470433,7.544961478373073,-105.1319842930774,9653.570297177355
2020-10-29,ATLAS_5_min,long,86.12500005,85.18578930085246,85.18578930085246,stop,0.5,102.78385661513485,-96.53570297177356,10.564790165558152,-107.10049313733171,9546.469804040024
2020-10-29,ESSITY_5_min,long,265.0,261.64746978851963,261.64746978851963,stop,0.5,28.47541767513142,-95.46469804040024,8.997904001867552,-104.46260204226779,9442.007201997756
2020-10-29,HEXAGON_5_min,long,94.942762,93.80262418554729,93.80262418554729,stop,0.5,82.81461313104576,-94.42007201997757,9.378525682335557,-103.79859770231312,9338.208604295443
2020-10-29,HM_5_min,long,143.6,141.44953941144252,141.44953941144252,stop,0.5,43.424225740214474,-93.38208604295446,7.426833327927985,-100.80891937088244,9237.399684924561
2020-10-29,HUSQVARNA_5_min,long,91.54,89.79526092593171,90.14,eod,0.5,52.944304522195814,-74.12202633107444,5.771352747355522,-79.89337907842996,9157.506305846131
2020-10-29,INVESTOR_5_MIN,long,134.45,133.0660714285714,134.0,eod,0.5,66.17036814546823,-29.77666566545995,10.658061197190568,-40.43472686265052,9117.071578983481
2020-10-29,KINNEVIK_5_min,long,181.99021002,179.37720496607142,179.37720496607142,stop,0.5,34.89113641504898,-91.17071578983482,7.565111863339579,-98.7358276531744,9018.335751330307
2020-10-29,SANDVIK_min,long,164.0,161.61024275235766,161.61024275235766,stop,0.5,37.737455384757304,-90.18335751330308,7.372621205212255,-97.55597871851533,8920.779772611791
2020-10-29,SEB_5_MIN,long,77.5,76.43302072959315,76.43302072959315,stop,0.5,83.60780776190931,-89.20779772611792,7.722001443221894,-96.92979916933982,8823.849973442451
2020-10-29,SWEDBANK_5_MIN,long,141.0,139.2471112327434,139.2471112327434,stop,0.5,50.33890420355914,-88.23849973442451,8.46439949140155,-96.70289922582606,8727.147074216626
2020-10-29,BOLIDEN_5_min,long,222.807471,219.8761377729348,221.893202,eod,0.5,29.771937880137052,-27.21955987373473,7.943760487086683,-35.163320360821416,8691.983753855804
2020-11-02,ASSA_5_min,short,189.85,192.60714285714286,191.65,eod,0.5,31.525329677197107,-56.74559341895515,7.216147963110417,-63.96174138206557,8628.022012473739
2020-11-02,ESSITY_5_min,short,259.1,262.7378816688713,262.7378816688713,stop,0.5,23.717159594008344,-86.2802201247374,7.425907393043916,-93.70612751778131,8534.315884955957
2020-11-02,HEXAGON_5_min,short,92.714193,93.92031417857142,93.92031417857142,stop,0.5,70.7583619007863,-85.34315884955959,7.923571201269751,-93.26673005082934,8441.049154905128
2020-11-02,HM_5_min,short,143.0,145.2160714285714,143.55,eod,0.5,38.09014928885503,-20.9495821088707,6.548839367232846,-27.498421476103545,8413.550733429023
2020-11-02,HUSQVARNA_5_min,short,91.36,93.12392857142856,91.7,eod,0.5,47.69779723345081,-16.21725105937344,5.238935256933303,-21.45618631630674,8392.094547112716
2020-11-02,SANDVIK_min,long,159.4,156.94846202134337,164.55,eod,0.5,34.23195814290966,176.29458443598494,6.653665704237351,169.6409187317476,8561.735465844464
2020-11-02,SKF_5_min,short,185.2,187.9474725274725,187.9474725274725,stop,0.5,31.162224117744465,-85.61735465844464,6.976863100722595,-92.59421775916724,8469.141248085296
2020-11-02,VOLVO_5_MIN,long,175.5,173.06647051637074,179.4,eod,0.5,34.80188469076938,135.72735029400076,7.41071332605243,128.31663696794834,8597.457885053243
2020-11-02,ALFA_LAVAL_5_MIN,short,179.75,182.63429077521533,180.6,eod,0.5,29.807874985875443,-25.336693737993958,6.4447606506961295,-31.781454388690086,8565.676430664553
2020-11-02,ATLAS_5_min,short,85.25000005,86.1870189819481,86.1870189819481,stop,0.5,91.41412343565078,-85.65676430664553,9.403058891535908,-95.05982319818143,8470.61660746637
2020-11-02,ERICSSON_5_MIN,short,99.34,100.70209832168634,100.70209832168634,stop,0.5,62.187996803192654,-84.70616607466371,7.464130422559787,-92.1702964972235,8378.446310969148
2020-11-02,INVESTOR_5_MIN,short,134.2,135.61878552834295,135.61878552834295,stop,0.5,59.05364936132766,-83.78446310969149,9.56027037101402,-93.34473348070551,8285.101577488442
2020-11-02,KINNEVIK_5_min,long,183.03470169,180.45057340016265,184.62630812,eod,0.5,32.06149481847111,51.02928130849072,7.072656936586302,43.95662437190441,8329.058201860345
2020-11-03,BOLIDEN_5_min,long,231.401604,228.35684613735194,232.590155,eod,0.5,27.355404198271728,32.51329301526056,7.61560926726725,24.89768374799331,8353.955885608339
2020-11-04,HM_5_min,short,145.25,147.60292726960108,147.60292726960108,stop,0.5,35.50452236045816,-83.53955885608339,6.2385619827415075,-89.77812083882489,8264.177764769514
2020-11-04,INVESTOR_5_MIN,short,136.85,138.32213855421685,138.32213855421685,stop,0.5,56.13722798779545,-82.64177764769515,9.268440646744384,-91.91021829443953,8172.267546475075
2020-11-04,NORDEA_5_min,short,69.51,70.4509389772239,70.4509389772239,stop,0.5,86.85225869361034,-81.72267546475075,7.293554207430275,-89.01622967218103,8083.251316802894
2020-11-04,SKF_5_min,short,188.25,191.19898145167397,191.19898145167397,stop,0.5,27.410315898102652,-80.83251316802894,6.240489869282206,-87.07300303731114,7996.178313765582
2020-11-04,SANDVIK_min,long,158.05,155.4115285532707,160.2,eod,0.5,30.306101374255014,65.1581179546476,5.786950057413994,59.3711678972336,8055.549481662816
2020-11-05,VOLVO_5_MIN,long,186.6,183.62214958661795,189.05,eod,0.5,27.05155855197529,66.27631845233992,6.09715078202971,60.179167670310214,8115.728649333127
2020-11-05,SKF_5_min,short,195.8,199.05803571428575,196.1,eod,0.5,24.909882398610666,-7.472964719582775,5.857309747209311,-13.330274466792087,8102.398374866335
2020-11-05,HUSQVARNA_5_min,long,98.38,96.54672351402412,96.54672351402412,stop,0.5,44.1962706490142,-81.02398374866335,5.169020537490821,-86.19300428615418,8016.205370580181
2020-11-06,SEB_5_MIN,long,81.55,80.41214285714285,81.54,eod,0.5,70.45001581175298,-0.704500158116889,6.893815847243276,-7.598316005360164,8008.607054574821
2020-11-06,VOLVO_5_MIN,long,189.95,186.97343297340004,190.15,eod,0.5,26.905515592312486,5.381103118462956,6.136071885982784,-0.754968767519828,8007.852085807301
2020-11-09,HM_5_min,long,157.05,154.59900945983,169.3,eod,0.5,32.67190123570139,400.230790137342,6.397484980962689,393.8333051563793,8401.68539096368
2020-11-09,INVESTOR_5_MIN,long,146.75,145.14975483021075,148.2,eod,0.5,52.50248867847035,76.12860858378141,9.291365421428896,66.83724316235252,8468.522634126031
2020-11-09,KINNEVIK_5_min,long,209.89305466,206.9772316269792,206.9772316269792,stop,0.5,29.043335408982838,-84.68522634126032,7.26438212800286,-91.94960846926318,8376.573025656768
2020-11-09,VOLVO_5_MIN,long,194.5,191.6220406587751,197.85,eod,0.5,29.10594637550215,97.50492035793204,6.851830836256961,90.65308952167507,8467.226115178442
2020-11-09,BOLIDEN_5_min,long,242.189984,238.7879228191077,244.567085,eod,0.5,24.88851806291629,59.16252117587592,7.268797262435213,51.89372391344071,8519.119839091883
2020-11-09,HEXAGON_5_min,short,99.971329,101.33672345047258,101.33672345047258,stop,0.5,62.39310432339402,-85.19119839091884,7.536140590608966,-92.72733898152781,8426.392500110356
2020-11-09,HUSQVARNA_5_min,short,98.1,99.87595317798453,91.02,eod,0.5,47.44715460163861,335.92585457960126,5.383923526957136,330.54193105264414,8756.934431163001
2020-11-10,ERICSSON_5_MIN,short,104.6,106.13735588375415,99.78,eod,0.5,56.961010288515176,274.55206959064276,6.985014769660039,267.5670548209827,9024.501485983983
2020-11-10,GETINGE_5_min,short,182.05,185.19849551981847,180.5,eod,0.5,28.662900833679277,44.42749629220321,6.235040818350253,38.19245547385296,9062.693941457836
2020-11-10,INVESTOR_5_MIN,short,148.4,150.14823291820935,147.25,eod,0.5,51.83916769363015,59.61504284767497,9.195749957173051,50.41929289050192,9113.113234348337
2020-11-10,SEB_5_MIN,long,88.7,87.35666817359856,90.3,eod,0.5,67.83962871452873,108.54340594324557,7.285976123940385,101.25742981930519,9214.370664167642
2020-11-10,HM_5_min,long,170.4,167.16276546532654,175.0,eod,0.5,28.46371050807133,130.93306833712796,5.8988193656927015,125.03424897143526,9339.404913139077
2020-11-10,HUSQVARNA_5_min,short,89.06,91.03059028110908,86.76,eod,0.5,47.39394587840299,109.00607552032673,4.999682138604487,104.00639338172225,9443.411306520798
2020-11-11,GETINGE_5_min,short,177.85,181.02410864767253,181.02410864767253,stop,0.5,29.751380166035943,-94.43411306520798,6.406200022874515,-100.8403130880825,9342.570993432715
2020-11-11,SEB_5_MIN,long,89.7,88.275,90.74,eod,0.5,65.56190170829989,68.18437777663137,7.097993726547378,61.086384050083986,9403.6573774828
2020-11-11,SKF_5_min,long,208.1,204.56441581080617,207.9,eod,0.5,26.59718132642457,-5.319436265284612,6.638656459075572,-11.958092724360185,9391.699284758439
2020-11-11,SWEDBANK_5_MIN,short,155.28,157.37159175272888,157.37159175272888,stop,0.5,44.902162539631384,-93.9169928475844,8.423239554693303,-102.3402324022777,9289.359052356162
2020-11-12,HM_5_min,long,170.6,167.14107142857142,167.14107142857142,stop,0.5,26.85617485451445,-92.89359052356161,5.442259961902061,-98.33585048546368,9191.023201870697
2020-11-12,NORDEA_5_min,short,72.37,73.66624403776412,71.25,eod,0.5,70.90503743202764,79.41364192387128,6.110028885592685,73.3036130382786,9264.326814908976
2020-11-12,SEB_5_MIN,long,89.52,88.07227766419626,90.1,eod,0.5,63.99242856031298,37.11560856498142,6.896592010802049,30.219016554179372,9294.545831463156
2020-11-12,HUSQVARNA_5_min,long,89.64,87.71419662849466,89.52,eod,0.5,48.26321299976699,-5.791585559972258,5.188102344622952,-10.97968790459521,9283.56614355856
2020-11-13,HM_5_min,short,166.3,169.7712656979984,168.75,eod,0.5,26.744037913639715,-65.522892888417,5.376353941778992,-70.89924683019599,9212.666896728364
2020-11-16,BOLIDEN_5_min,long,252.79551,249.34154570564087,255.904026,eod,0.5,26.67273344942819,82.91261869128219,8.141044277745479,74.77157441353671,9287.4384711419
2020-11-16,ERICSSON_5_MIN,long,104.15,102.74057336695486,104.1,eod,0.5,65.89515376955723,-3.2947576884786103,8.233599463506174,-11.528357151984784,9275.910113989916
2020-11-16,KINNEVIK_5_min,short,197.45863199,200.89194660262754,194.39976377,eod,0.5,27.017361239991214,82.64254768526875,6.352187899902816,76.29035978536594,9352.200473775281
2020-11-16,SANDVIK_min,short,184.15,187.17857142857142,187.17857142857142,stop,0.5,30.879907224729884,-93.52200473775281,6.8799551013634614,-100.40195983911627,9251.798513936164
2020-11-16,SEB_5_MIN,long,90.48,89.10541044186854,91.02,eod,0.5,67.30589839859202,36.345185135239156,7.3296123356066705,29.015572799632487,9280.814086735796
2020-11-16,ABB_5_min,short,232.6,234.97805334150829,234.97805334150829,stop,0.5,39.02693823028123,-92.80814086735796,10.94888388335651,-103.75702475071448,9177.057061985082
2020-11-16,ALFA_LAVAL_5_MIN,long,202.0,198.8956384637188,208.7,eod,0.5,29.561817960734437,198.0641803369204,7.28462318188418,190.77955715503623,9367.836619140118
2020-11-16,INVESTOR_5_MIN,short,148.2,149.8252813852814,148.5,eod,0.5,57.63824470012123,-17.291473410037025,10.26076032151558,-27.552233731552604,9340.284385408566
2020-11-16,ESSITY_5_min,short,271.2,274.67929964772065,274.67929964772065,stop,0.5,26.845300293487245,-93.40284385408566,8.792576233824938,-102.1954200879106,9238.088965320656
2020-11-17,SKF_5_min,long,207.5,203.80268632416787,207.3,eod,0.5,24.98594865160173,-4.997189730320062,6.2185029004106385,-11.2156926307307,9226.873272689925
2020-11-18,HM_5_min,short,170.85,174.3255200501253,174.3255200501253,stop,0.5,26.548180242428028,-92.26873272689926,5.498269152938733,-97.76700187983799,9129.106270810087
2020-11-19,ABB_5_min,short,231.4,233.67169939065673,233.67169939065673,stop,0.5,40.186242547571275,-91.29106270810087,11.213690468234452,-102.50475317633531,9026.601517633751
2020-11-19,ASSA_5_min,long,218.0,215.08035714285714,217.3,eod,0.5,30.916800305045225,-21.641760213531306,8.074849903671712,-29.716610117203018,8996.884907516549
2020-11-19,HM_5_min,long,171.9,168.5389069738325,173.7,eod,0.5,26.767735488045265,48.18192387848102,5.550557630801065,42.631366247679956,9039.51627376423
2020-11-19,INVESTOR_5_MIN,long,149.4,147.90396360418958,149.7,eod,0.5,60.42310400387962,18.126931201162858,10.843530244536238,7.28340095662662,9046.799674720856
2020-11-19,SANDVIK_min,long,188.3,185.37857142857146,187.6,eod,0.5,30.967040451367467,-21.676928315957756,6.984306303401417,-28.661234619359174,9018.138440101497
2020-11-19,SEB_5_MIN,long,90.58,89.31674143646408,91.52,eod,0.5,71.38790664406304,67.1046322454191,7.799842679930326,59.30478956548877,9077.443229666986
2020-11-19,SWEDBANK_5_MIN,long,154.9,152.9250521814622,155.92,eod,0.5,45.96295225859532,46.88221130376639,8.571722892609959,38.31048841115643,9115.753718078142
2020-11-19,VOLVO_5_MIN,long,198.8,195.90090794451453,200.1,eod,0.5,31.44347797038689,40.87652136150242,7.5256820174323975,33.350839344070025,9149.104557422212
2020-11-19,ATLAS_5_min,long,95.82499994,94.64331357438243,96.75000005,eod,0.5,77.42413574045736,71.61733407657792,8.9459717636666,62.67136231291132,9211.775919735122
2020-11-20,ABB_5_min,short,229.9,232.32435332795734,228.4,eod,0.5,37.9968373978582,56.9952560967873,10.448370347663047,46.54688574912426,9258.322805484248
2020-11-20,BOLIDEN_5_min,long,254.715476,251.6543059642857,256.269734,eod,0.5,30.24439249525026,47.00758899088367,9.272662350304726,37.73492664057894,9296.057732124826
2020-11-20,GETINGE_5_min,long,182.8,180.16462975994997,185.25,eod,0.5,35.2742001516581,86.42179037156194,7.789601619490658,78.63218875207129,9374.689920876897
2020-11-20,SKF_5_min,long,202.3,199.10645709693375,204.4,eod,0.5,29.35514006051352,61.645794127078226,7.1632412775665095,54.48255284951172,9429.172473726408
2020-11-23,BOLIDEN_5_min,long,262.39534,259.3864138928571,264.132452,eod,0.5,31.337334776492234,54.43646028826275,9.899986612218761,44.53647367604399,9473.708947402452
2020-11-23,ABB_5_min,long,230.6,228.313891647015,230.0,eod,0.5,41.44033214800396,-24.86419928880214,11.452450192422376,-36.316649481224516,9437.392297921228
2020-11-24,BOLIDEN_5_min,long,267.880956,264.8842650703399,271.629461,eod,0.5,31.49271152561456,118.05058661732274,10.19438755658701,107.85619906073572,9545.248496981963
2020-11-24,HM_5_min,long,183.2,179.9169611169611,187.65,eod,0.5,29.074430236861954,129.38121455403618,6.469351472004153,122.91186308203203,9668.160360063996
2020-11-24,SWEDBANK_5_MIN,short,154.42,156.24931025574784,156.24931025574784,stop,0.5,52.851397567393356,-96.68160360063996,9.85158433698864,-106.5331879376286,9561.627172126367
2020-11-24,HUSQVARNA_5_min,long,91.5,90.09130506245891,90.32,eod,0.5,67.87578287756499,-80.09342379552714,7.404704905679318,-87.49812870120647,9474.12904342516
2020-11-24,HANDELSBANKEN_5_min,long,93.5,92.57301714898178,94.1,eod,0.5,102.20393001896977,61.32235801138128,11.504074362935235,49.81828364844605,9523.947327073607
2020-11-24,SEB_5_MIN,long,91.34,90.16948740416211,93.22,eod,0.5,81.36561162125771,152.96734984796413,9.010102368491593,143.95724747947253,9667.90457455308
2020-11-25,GETINGE_5_min,short,175.2,177.85357142857143,177.85357142857143,stop,0.5,36.43355694313394,-96.6790457455308,7.717798439171795,-104.3968441847026,9563.507730368377
2020-11-25,HANDELSBANKEN_5_min,long,95.1,94.21413109066224,94.21413109066224,stop,0.5,107.95624081126947,-95.63507730368377,12.26258515499986,-107.89766245868363,9455.610067909694
2020-11-25,HEXAGON_5_min,short,99.457043,100.51715509391775,100.51715509391775,stop,0.5,89.19443634460886,-94.55610067909694,10.70195152947129,-105.25805220856823,9350.352015701126
2020-11-25,SKF_5_min,long,216.0,213.05535714285713,213.05535714285713,stop,0.5,31.75377276405466,-93.50352015701127,8.17447578834876,-101.67799594536002,9248.674019755766
2020-11-25,VOLVO_5_MIN,long,207.9,205.61497232916264,205.61497232916264,stop,0.5,40.475107316168824,-92.48674019755767,10.042237729119263,-102.52897792667693,9146.14504182909
2020-11-25,SEB_5_MIN,short,93.3,94.42828437061014,93.56,eod,0.5,81.0624101518228,-21.076226639474342,9.088393176581764,-30.164619816056106,9115.980422013034
2020-11-25,ATLAS_5_min,long,96.92500016,95.821791695609,95.821791695609,stop,0.5,82.63153081448911,-91.15980422013034,9.556177482366403,-100.71598170249675,9015.264440310537
2020-11-25,NORDEA_5_min,short,75.19,76.17982811230563,74.85,eod,0.5,91.07909068485701,30.966890832851693,8.199304059813567,22.767586773038126,9038.032027083575
2020-11-25,SANDVIK_min,short,194.3,196.86099056430592,192.9,eod,0.5,35.291157074345165,49.40761990408343,8.198841611511869,41.208778292571566,9079.240805376146
2020-11-26,SANDVIK_min,long,196.25,193.6681395772595,194.8,eod,0.5,35.16549820202529,-50.989972392936274,8.250880843141193,-59.24085323607747,9019.99995214007
2020-11-27,HEXAGON_5_min,long,100.714185,99.76418589285714,101.599898,eod,0.5,94.9474571535957,84.09619711788228,11.525524636326903,72.57067248155538,9092.570624621625
2020-11-30,HANDELSBANKEN_5_min,short,93.6,94.37142857142857,94.37142857142857,stop,0.5,117.86665624509502,-90.92570624621625,13.2933382531968,-104.21904449941306,8988.351580122211
2020-11-30,SANDVIK_min,short,193.75,195.86785714285716,193.25,eod,0.5,42.440783177642444,21.220391588821222,9.854749853848574,11.365641734972648,8999.717221857183
2020-12-01,ASSA_5_min,long,203.5,201.264289246856,204.2,eod,0.5,40.25438983643676,28.178072885505273,9.84702884178916,18.331044043716112,9018.0482659009
2020-12-01,ESSITY_5_min,short,270.4,273.2071428571428,266.4,eod,0.5,32.125362779291144,128.50145111716458,10.34693684395409,118.15451427321048,9136.20278017411
2020-12-01,KINNEVIK_5_min,short,207.43103905,209.8779962517412,201.16408986,eod,0.5,37.33699458933343,233.98904799865824,9.153428470404398,224.83561952825383,9361.038399702364
2020-12-01,ATLAS_5_min,short,94.25000005,95.12337838302783,94.225,eod,0.5,107.18193989596118,2.6795538564963155,12.120669676350229,-9.441115819853913,9351.59728388251
2020-12-01,HEXAGON_5_min,short,101.42847,102.27130114916399,102.27130114916399,stop,0.5,110.9545760518994,-93.51597283882509,13.560853049834648,-107.07682588865974,9244.520457993849
2020-12-01,INVESTOR_5_MIN,short,147.25,148.2222613208003,147.9,eod,0.5,95.08267232501223,-61.803737011258484,16.838190442036414,-78.6419274532949,9165.878530540554
2020-12-01,VOLVO_5_MIN,short,199.0,201.01132142857142,198.3,eod,0.5,45.57142583147833,31.899998082034312,10.863316489707804,21.03668159232651,9186.91521213288
2020-12-02,GETINGE_5_min,short,180.5,182.53744916291555,182.53744916291555,stop,0.5,45.090279450146305,-91.86915212132881,9.821676020174486,-101.69082814150329,9085.224383991377
2020-12-02,HUSQVARNA_5_min,short,89.0,89.87015351860153,89.87015351860153,stop,0.5,104.40944258425527,-90.85224383991377,11.205439814302412,-102.05768365421618,8983.16670033716
2020-12-03,BOLIDEN_5_min,short,269.800922,272.3035442499331,272.178023,eod,0.5,35.89501651948195,-85.3260796634764,11.672605910391837,-96.99868557386824,8886.168014763292
2020-12-03,NORDEA_5_min,short,74.12,74.73187997768459,74.03,eod,0.5,145.2273050082388,13.070457450741987,12.909255142182346,0.16120230855964124,8886.329217071852
2020-12-03,VOLVO_5_MIN,short,196.85,198.85612374424252,194.55,eod,0.5,44.29601734476826,101.88083989296624,10.402476713245376,91.47836317972086,8977.807580251572
2020-12-04,HUSQVARNA_5_min,long,90.2,89.3171084738243,91.52,eod,0.5,101.68641689358526,134.22607029953184,11.087073406741386,123.13899689279046,9100.946577144363
2020-12-04,ATLAS_5_min,short,94.15000011,94.96099269138254,94.96099269138254,stop,0.5,112.21984992303393,-91.00946577144363,12.733204338580258,-103.74267011002388,8997.20390703434
2020-12-07,ABB_5_min,long,228.5,226.77950752950753,226.77950752950753,stop,0.5,52.294352119187025,-89.9720390703434,14.285128127638876,-104.25716719798227,8892.946739836358
2020-12-07,ALFA_LAVAL_5_MIN,long,220.4,217.78096755315693,218.5,eod,0.5,33.95508425470525,-64.51466008394017,8.941731887634079,-73.45639197157425,8819.490347864783
2020-12-07,GETINGE_5_min,long,183.85,181.99273979591834,183.9,eod,0.5,47.48656288700101,2.3743281443505904,10.477910101016771,-8.103581956666181,8811.386765908117
2020-12-07,HUSQVARNA_5_min,long,92.16,91.26035714285713,91.26035714285713,stop,0.5,97.9431637337932,-88.11386765908117,10.778862043052207,-98.89272970213338,8712.494036205984
2020-12-07,KINNEVIK_5_min,long,199.14971331,196.52543754512888,196.52543754512888,stop,0.5,33.199613214558006,-87.12494036205986,7.881757180201301,-95.00669754226116,8617.487338663723
2020-12-07,HANDELSBANKEN_5_min,short,93.5,94.16785714285714,93.4,eod,0.5,129.03189597999125,12.903189597998391,14.469636815196218,-1.566447217197826,8615.920891446525
2020-12-07,SKF_5_min,long,213.0,210.7131791458305,210.7131791458305,stop,0.5,37.676413855232155,-86.15920891446525,9.578395856048658,-95.73760477051391,8520.18328667601
2020-12-08,ASSA_5_min,long,202.3,200.26428571428573,204.4,eod,0.5,41.853531934549,87.89241706255265,10.213098862668645,77.67931819988401,8597.862604875894
2020-12-08,GETINGE_5_min,short,183.55,185.43839285714287,184.35,eod,0.5,45.53005256482733,-36.424042051861086,10.050303803159984,-46.47434585502107,8551.388259020872
2020-12-08,HEXAGON_5_min,long,102.028469,101.2946900174025,101.2946900174025,stop,0.5,116.53901872127584,-85.51388259020872,14.217048861118808,-99.73093145132754,8451.657327569545
2020-12-08,HUSQVARNA_5_min,long,93.12,92.19101952944796,96.2,eod,0.5,90.97777182061894,280.2115372075062,10.334347056647747,269.87719015085844,8721.534517720404
2020-12-09,INVESTOR_5_MIN,short,149.5,150.40862468357454,148.05,eod,0.5,95.98610598393329,139.17985367670218,17.136399501311608,122.04345417539056,8843.577971895795
2020-12-09,NORDEA_5_min,long,74.08,73.52158738735261,74.07,eod,0.5,158.36995389429205,-1.5836995389437307,14.077505201663618,-15.66120474060735,8827.916767155188
2020-12-09,SWEDBANK_5_MIN,long,158.32,157.15409415379054,158.22,eod,0.5,75.71723562289482,-7.571723562289051,14.380520258442672,-21.952243820731724,8805.964523334456
2020-12-09,HUSQVARNA_5_min,long,100.2,99.17218852575995,100.3,eod,0.5,85.67684584223426,8.567684584222938,10.306924554820778,-1.7392399705978399,8804.225283363858
2020-12-10,ASSA_5_min,long,207.9,205.95791184971097,205.95791184971097,stop,0.5,45.33380877718418,-88.04225283363859,11.257053262031725,-99.29930609567032,8704.925977268187
2020-12-10,HUSQVARNA_5_min,short,101.25,102.39096941266742,100.35,eod,0.5,76.29412217911579,68.66470996120465,9.228537018785843,59.43617294241881,8764.362150210605
2020-12-10,ESSITY_5_min,long,266.1,263.3928786737001,272.0,eod,0.5,32.37521002499642,191.01373914747813,10.452660308670344,180.5610788388078,8944.923229049413
2020-12-10,ERICSSON_5_MIN,short,104.85,105.53975572856463,104.85,eod,0.5,129.68247828348726,0.0,16.316649417628366,-16.316649417628366,8928.606579631785
2020-12-11,ERICSSON_5_MIN,short,98.2,98.94623850149443,98.94623850149443,stop,0.5,119.64816290972905,-89.28606579631786,14.152911156760263,-103.43897695307813,8825.167602678706
2020-12-11,HUSQVARNA_5_min,long,101.4,100.15214285714286,100.15214285714286,stop,0.5,70.722579529194,-88.25167602678707,8.552572471496251,-96.80424849828331,8728.363354180423
2020-12-14,ABB_5_min,long,228.9,227.4630301705291,227.4630301705291,stop,0.5,60.74145173524059,-87.28363354180424,16.632091782510802,-103.91572532431503,8624.447628856107
2020-12-14,ALFA_LAVAL_5_MIN,long,224.2,221.683009383378,222.6,eod,0.5,34.26491768344695,-54.82386829351493,9.185739132578458,-64.00960742609338,8560.438021430014
2020-12-14,ASSA_5_min,long,209.0,206.9230124521073,206.9230124521073,stop,0.5,41.215644408245645,-85.60438021430015,10.285520989459426,-95.88990120375958,8464.548120226254
2020-12-14,ERICSSON_5_MIN,short,99.64,100.64455059881955,99.28,eod,0.5,84.26203846947061,30.334333849009372,10.056842815408256,20.277491033601116,8484.825611259856
2020-12-14,GETINGE_5_min,long,187.2,185.31160714285713,188.15,eod,0.5,44.93146422983933,42.684891018348125,10.119015059202116,32.56587595914601,8517.391487219002
2020-12-14,HANDELSBANKEN_5_min,long,92.2,91.50714285714285,91.50714285714285,stop,0.5,122.9314235268709,-85.17391487219002,13.550028350089683,-98.7239432222797,8418.667543996722
2020-12-14,HEXAGON_5_min,long,101.142756,100.33306292857144,100.33306292857144,stop,0.5,103.97356530596686,-84.18667543996722,12.568895530165785,-96.75557097013301,8321.911973026588
2020-12-14,HM_5_min,long,183.75,181.79235466703057,182.6,eod,0.5,42.50980416561758,-48.88627479046046,9.344080053644399,-58.23035484410486,8263.681618182483
2020-12-14,INVESTOR_5_MIN,long,148.0,147.01540616246498,147.01540616246498,stop,0.5,83.92985313488312,-82.63681618182484,14.856359827046145,-97.49317600887099,8166.188442173612
2020-12-14,NORDEA_5_min,long,73.86,73.27759971950866,73.27759971950866,stop,0.5,140.21608017228644,-81.66188442173612,12.378634487177049,-94.04051890891317,8072.147923264699
2020-12-14,SANDVIK_min,long,198.9,197.0538589245222,199.4,eod,0.5,43.72443704593632,21.86221852296816,10.44926596523786,11.4129525577303,8083.560875822429
2020-12-14,SEB_5_MIN,long,89.62,88.84397168726646,88.84397168726646,stop,0.5,104.16579837594132,-80.8356087582243,11.153905255287299,-91.9895140135116,7991.571361808918
2020-12-14,HUSQVARNA_5_min,long,104.75,103.43660330352877,105.2,eod,0.5,60.846592528215425,27.380966637697114,7.664845260779296,19.71612137691782,8011.287483185835
2020-12-15,BOLIDEN_5_min,long,256.269734,253.64352350316926,258.1897,eod,0.5,30.50512322928274,58.568799426032705,9.41618905838223,49.152610367650475,8060.440093553486
2020-12-15,HM_5_min,long,183.7,182.0028614399,182.0028614399,stop,0.5,47.49429588753519,-80.60440093553485,10.421279944886935,-91.02568088042179,7969.414412673064
2020-12-15,INVESTOR_5_MIN,long,147.15,146.1875,146.1875,stop,0.5,82.79911078101837,-79.69414412673065,14.572850495236183,-94.26699462196683,7875.147418051098
2020-12-15,SWEDBANK_5_MIN,long,155.28,154.09847820479752,154.09847820479752,stop,0.5,66.65257847995501,-78.75147418051098,12.37252397913259,-91.12399815964358,7784.023419891454
2020-12-15,ESSITY_5_min,short,270.2,272.89857776135943,266.4,eod,0.5,28.844910572338474,109.61066017488653,9.286907407870093,100.32375276701644,7884.34717265847
2020-12-16,ALFA_LAVAL_5_MIN,long,227.6,225.3625,227.7,eod,0.5,35.2373057995912,3.5237305799589196,9.626127198332323,-6.102396618373404,7878.244776040097
2020-12-16,ATLAS_5_min,long,95.82499994,94.96361146832643,94.96361146832643,stop,0.5,91.45983531371981,-78.78244776040097,10.469696987483292,-89.25214474788426,7788.992631292213
2020-12-16,HM_5_min,long,177.55,175.62905995402113,175.62905995402113,stop,0.5,40.54781744800924,-77.88992631292214,8.592384029685094,-86.48231034260724,7702.5103209496065
2020-12-16,NORDEA_5_min,short,71.72,72.29541147554033,72.29541147554033,stop,0.5,133.86090907757153,-77.02510320949607,11.566820340777813,-88.59192355027388,7613.918397399332
2020-12-16,SKF_5_min,long,220.7,218.75892857142856,218.75892857142856,stop,0.5,39.22533856985847,-76.13918397399333,10.342755156456919,-86.48193913045024,7527.436458268882
2020-12-16,SWEDBANK_5_MIN,long,149.46,147.8366790166006,147.8366790166006,stop,0.5,46.37059789928719,-75.27436458268882,8.271494855683342,-83.54585943837216,7443.8905988305105
2020-12-16,SEB_5_MIN,short,85.3,86.22360203128648,86.22360203128648,stop,0.5,80.59629956055828,-74.43890598830511,8.294500566611728,-82.73340655491684,7361.157192275594
2020-12-17,ASSA_5_min,short,210.3,212.53787901912904,207.8,eod,0.5,32.89345460301304,82.2336365075326,8.25165202171185,73.98198448582075,7435.139176761415
2020-12-17,GETINGE_5_min,long,189.45,187.85819361051318,187.85819361051318,stop,0.5,46.70881600844991,-74.35139176761415,10.574171396300432,-84.92556316391457,7350.213613597501
2020-12-17,KINNEVIK_5_min,long,202.92977796,200.26507583277478,208.42579287,eod,0.5,27.583621968476347,151.59999761054993,6.808005936240909,144.79199167430903,7495.00560527181
2020-12-17,NORDEA_5_min,long,71.3,70.66957003234425,70.66957003234425,stop,0.5,118.88720381015548,-74.9500560527181,10.127019124365273,-85.07707517708337,7409.928530094727
2020-12-17,SEB_5_MIN,long,85.18,84.18989219436894,84.18989219436894,stop,0.5,74.83961330222851,-74.09928530094727,7.60534634212002,-81.70463164306729,7328.22389845166
2020-12-17,SKF_5_min,long,218.3,216.28565451627696,216.28565451627696,stop,0.5,36.38017389602476,-73.2822389845166,9.486181010411936,-82.76841999492854,7245.455478456732
2020-12-17,SWEDBANK_5_MIN,short,145.56,147.29428512566955,143.64,eod,0.5,41.77776405514363,80.21330698587643,7.249277618848521,72.9640293670279,7318.41950782376
2020-12-17,ABB_5_min,short,226.2,227.66818325036235,225.7,eod,0.5,49.84677155264863,24.923385776324317,13.515453638785148,11.407932137539168,7329.827439961299
2020-12-18,ABB_5_min,long,226.0,224.50714285714287,225.6,eod,0.5,49.09932256433438,-19.63972902573403,13.303952442032042,-32.94368146776607,7296.883758493533
2020-12-18,ALFA_LAVAL_5_MIN,long,223.9,221.52215227243713,225.2,eod,0.5,30.686926138757862,39.8930039803847,8.268899117349692,31.624104863035008,7328.507863356568
2020-12-18,ATLAS_5_min,long,94.05000016,93.09949484116895,93.82499994,eod,0.5,77.10117679687815,-17.34778174155635,8.69123015905416,-26.03901190061051,7302.4688514559575
2020-12-18,GETINGE_5_min,long,187.3,185.7027988922842,186.2,eod,0.5,45.72040938476012,-50.29245032323717,10.24594374312474,-60.53839406636191,7241.930457389595
2020-12-18,SANDVIK_min,long,202.6,200.6955357142857,203.2,eod,0.5,38.02607647574476,22.81564588544664,9.258589100314332,13.557056785132307,7255.487514174727
2020-12-18,SKF_5_min,short,214.2,216.21400139664803,216.21400139664803,stop,0.5,36.02523576324346,-72.55487514174727,9.303459525669146,-81.85833466741641,7173.62917950731
2020-12-18,SWEDBANK_5_MIN,long,144.1,142.2903847298853,142.2903847298853,stop,0.5,39.64173655018174,-71.7362917950731,6.811807309180382,-78.54809910425348,7095.081080403057
2020-12-18,HEXAGON_5_min,long,103.685611,102.78537793663332,104.428467,eod,0.5,78.81382465412946,58.54732252726826,9.841359870928692,48.705962656339565,7143.787043059397
2020-12-18,HUSQVARNA_5_min,long,107.0,105.51107142857143,107.65,eod,0.5,47.97938047629236,31.186597309590308,6.179264411541693,25.007332898048617,7168.7943759574455
2020-12-18,INVESTOR_5_MIN,long,148.9,147.85321992418062,147.85321992418062,stop,0.5,68.48424555985126,-71.68794375957445,12.193752230378477,-83.88169598995293,7084.912679967492
2020-12-18,KINNEVIK_5_min,long,209.29620204,206.45664347494267,209.64436621,eod,0.5,24.95075385009517,8.686958505092434,6.271729797734848,2.4152287073575867,7087.32790867485
2020-12-21,ABB_5_min,short,223.6,225.05194805194805,225.05194805194805,stop,0.5,48.81254463040821,-70.8732790867485,13.139905942683178,-84.01318502943167,7003.314723645418
2020-12-21,ALFA_LAVAL_5_MIN,short,218.1,220.36088828257743,220.36088828257743,stop,0.5,30.97594329456011,-70.03314723645418,8.149043767394144,-78.18219100384833,6925.13253264157
2020-12-21,ASSA_5_min,short,202.3,204.47571022727274,200.2,eod,0.5,31.82929622628228,66.84152207519351,7.68677503864717,59.15474703654634,6984.287279678117
2020-12-21,ATLAS_5_min,short,92.25000005,93.21041784133836,91.975,eod,0.5,72.72134421776379,19.99837329595245,8.03825378529216,11.960119510660292,6996.247399188777
2020-12-21,ERICSSON_5_MIN,short,97.6,98.68136848859592,96.8,eod,0.5,64.69808832947275,51.75847066357802,7.546385022749701,44.21208564082831,7040.459484829606
2020-12-21,GETINGE_5_min,long,185.5,183.99285714285713,186.5,eod,0.5,46.71394918844258,46.71394918844258,10.426553458860381,36.287395729582194,7076.746880559188
2020-12-21,HANDELSBANKEN_5_min,short,88.0,88.68928571428572,88.68928571428572,stop,0.5,102.6678303915319,-70.76746880559188,10.884183370629122,-81.65165217622099,6995.0952283829665
2020-12-21,HM_5_min,short,167.55,169.43994185307577,169.43994185307577,stop,0.5,37.012224566586085,-69.95095228382966,7.483648442728095,-77.43460072655776,6917.660627656409
2020-12-21,INVESTOR_5_MIN,short,145.1,146.15069953282517,144.25,eod,0.5,65.83861904892856,55.9628261915889,11.430242653084486,44.53258353850442,6962.193211194914
2020-12-21,KINNEVIK_5_min,short,206.36167846,208.9525488818753,204.02400749,eod,0.5,26.872023982409956,62.81795036882368,6.616736396931696,56.20121397189199,7018.394425166805
2020-12-21,NORDEA_5_min,short,67.28,67.94898537515897,66.18,eod,0.5,104.91102923586416,115.40213215944998,8.400855577091058,107.00127658235891,7125.395701749164
2020-12-21,SANDVIK_min,long,199.15,197.2392191032404,197.2392191032404,stop,0.5,37.29049057290011,-71.25395701749164,8.868929062901172,-80.12288608039282,7045.272815668771
2020-12-21,SWEDBANK_5_MIN,long,143.22,141.35210266983506,142.34,eod,0.5,37.71766628654407,-33.191546332158616,6.462394070871315,-39.65394040302993,7005.618875265741
2020-12-21,VOLVO_5_MIN,short,193.55,195.29597753099176,195.29597753099176,stop,0.5,40.12433579993668,-70.0561887526574,9.36131194614489,-79.4175006988023,6926.201374566938
2020-12-21,BOLIDEN_5_min,short,255.995453,258.8474523197189,256.178307,eod,0.5,24.28542435714735,-4.440686985402314,7.463014263717444,-11.903701249119758,6914.297673317818
2020-12-21,SKF_5_min,short,209.1,211.083010410642,210.6,eod,0.5,34.86768216753477,-52.30152325130215,8.780379723428604,-61.08190297473075,6853.215770343088
2020-12-21,SEB_5_MIN,short,83.34,84.37216585724545,83.56,eod,0.5,66.39645869155521,-14.60722091214207,6.648941373372338,-21.256162285514407,6831.959608057573
2020-12-22,ABB_5_min,long,226.3,224.76958980044347,226.7,eod,0.5,44.64136223110138,17.856544892439537,12.133522254413357,5.72302263802618,6837.682630695599
2020-12-22,ATLAS_5_min,long,92.55000016,91.56107304063282,93.50000005,eod,0.5,69.14243220542984,65.68530298949086,7.718369715804079,57.966933273686784,6895.649563969286
2020-12-22,BOLIDEN_5_min,long,259.37825,256.43641574784556,259.835385,eod,0.5,23.439966269069473,10.715228980410929,7.302210054504568,3.4130189259063615,6899.0625828951925
2020-12-22,HEXAGON_5_min,long,103.857039,102.89348966830413,104.571324,eod,0.5,71.6005123552175,51.14317196764681,8.954146548095554,42.18902541955126,6941.251608314744
2020-12-22,INVESTOR_5_MIN,long,145.0,143.88175725619672,145.5,eod,0.5,62.07285177372765,31.036425886863825,10.819298064160728,20.217127822703098,6961.468736137447
2020-12-22,KINNEVIK_5_min,long,205.9140394,203.49945510215917,206.3119406,eod,0.5,28.830920263842213,11.47185777008733,7.130912616038528,4.340945154048803,6965.809681291496
2020-12-22,SEB_5_MIN,long,83.92,82.83230987068819,83.88,eod,0.5,64.04222575503945,-2.5616890302019786,6.447771289017372,-9.00946031921935,6956.800220972277
2020-12-23,HEXAGON_5_min,long,105.31418,104.33407896428571,104.33407896428571,stop,0.5,70.98043943910595,-69.56800220972278,8.928555329357089,-78.49655753907987,6878.3036634331975
2020-12-28,ALFA_LAVAL_5_MIN,short,223.3,225.7125,225.7125,stop,0.5,28.511103268116948,-68.78303663433198,7.681105053705216,-76.46414168803719,6801.839521745161
2020-12-28,BOLIDEN_5_min,short,264.681013,267.4722089231074,266.052417,eod,0.5,24.36890748311478,-33.41961719797315,7.760036312319703,-41.17965351029286,6760.659868234868
2020-12-28,SANDVIK_min,long,204.6,202.49017857142857,202.49017857142857,stop,0.5,32.043753924769675,-67.60659868234866,7.82681850440004,-75.4334171867487,6685.226451048119
2020-12-28,SKF_5_min,long,215.8,213.61428571428573,213.61428571428573,stop,0.5,30.586003370808424,-66.85226451048119,7.88044007419826,-74.73270458467945,6610.4937464634395
2020-12-28,SWEDBANK_5_MIN,short,145.04,147.00048981271866,145.62,eod,0.5,33.71858248677402,-19.556777842329353,5.88038591136344,-25.437163753692793,6585.056582709747
2020-12-28,INVESTOR_5_MIN,short,146.55,147.63847187104932,147.63847187104932,stop,0.5,60.498178757358495,-65.85056582709747,10.678720055765321,-76.5292858828628,6508.527296826885
2020-12-28,HANDELSBANKEN_5_min,long,90.4,89.63844328429047,91.4,eod,0.5,85.46346138859776,85.46346138859776,9.322354368268243,76.14110702032951,6584.668403847214
2020-12-29,ESSITY_5_min,long,266.7,264.2158399098083,266.3,eod,0.5,26.506618594533396,-10.602647437812756,8.47681662653178,-19.079464064344535,6565.58893978287
2020-12-29,HANDELSBANKEN_5_min,short,91.3,92.10714285714285,92.10714285714285,stop,0.5,81.34357978492125,-65.6558893978287,8.951396134874669,-74.60728553270337,6490.981654250167
2020-12-29,ALFA_LAVAL_5_MIN,short,225.6,227.9918529746116,227.9918529746116,stop,0.5,27.137878971445627,-64.90981654250167,7.385712485075261,-72.29552902757693,6418.68612522259
