date,ticker,direction,entry_price,stop_price,exit_price,exit_type,atr_multiplier,shares,gross_pnl,costs,net_pnl,capital_after
2009-02-23,BOLIDEN_5_min,long,22.730333,21.871337892857145,21.871337892857145,stop,0.5,1164.1509848946014,-1000.0000000000001,31.15384745871871,-1031.153847458719,98968.84615254129
2009-02-23,ERICSSON_5_MIN,short,73.7,75.26428571428572,70.5,eod,0.5,632.6775553130484,2024.5681770017568,54.73926208568494,1969.8289149160719,100938.67506745736
2009-02-24,ASSA_5_min,long,25.499975,24.732118571428572,25.083308,eod,0.5,1314.551409763549,-547.7301922519491,39.89659558687112,-587.6267878388203,100351.04827961854
2009-02-24,BOLIDEN_5_min,short,20.792087,21.688840142857142,21.688840142857142,stop,0.5,1119.0487491339063,-1003.5104827961854,28.52293702875773,-1032.0334198249432,99319.01485979359
2009-02-24,ERICSSON_5_MIN,long,69.3,67.675,69.0,eod,0.5,611.1939375987298,-183.3581812796172,50.71687294194259,-234.0750542215598,99084.93980557204
2009-02-24,HM_5_min,long,163.0,160.41071428571428,161.25,eod,0.5,382.67287097324254,-669.6775242031745,74.44900704784433,-744.1265312510188,98340.81327432102
2009-02-25,ASSA_5_min,long,25.833308,25.077356285714284,25.333308,eod,0.5,1300.88749606503,-650.443748032515,39.93720658221654,-690.3809546147315,97650.43231970628
2009-02-25,ATLAS_5_min,long,13.75000002,13.302232175357142,13.302232175357142,stop,0.5,2180.8272632348767,-976.5043231970627,35.39774730179708,-1011.9020704988598,96638.53024920741
2009-02-25,ERICSSON_5_MIN,long,70.6,68.99642857142857,70.7,eod,0.5,602.6456229349241,60.26456229349755,51.092295912422856,9.172266381074692,96647.70251558849
2009-02-25,BOLIDEN_5_min,long,23.082741,22.145083357142855,22.145083357142855,stop,0.5,1030.7355062034433,-966.477025155885,27.97075465994403,-994.4477798158291,95653.25473577266
2009-02-25,HM_5_min,long,165.0,162.46428571428572,163.75,eod,0.5,377.22410318333,-471.5301289791625,74.40745435291184,-545.9375833320744,95107.31715244058
2009-02-26,INVESTOR_5_MIN,long,24.9375,24.390625,26.0,eod,0.5,1739.105227930342,1847.7993046759882,53.15140352862108,1794.647901147367,96901.96505358795
2009-02-26,ABB_5_min,long,104.75,102.22321428571429,108.0,eod,0.5,383.4989429682642,1246.3715646468586,48.95364006989892,1197.4179245769596,98099.38297816491
2009-02-27,ABB_5_min,short,107.25,109.85714285714286,109.85714285714286,stop,0.5,376.2716059436456,-980.9938297816491,49.01475198281618,-1030.0085817644654,97069.37439640044
2009-02-27,INVESTOR_5_MIN,short,25.625,26.200892857142858,25.625,eod,0.5,1685.5457259529985,0.0,51.8305310730547,-51.8305310730547,97017.54386532739
2009-03-02,ABB_5_min,long,108.0,105.4375,105.4375,stop,0.5,378.6050492305459,-970.1754386532739,48.48510911708677,-1018.6605477703606,95998.88331755703
2009-03-02,ALFA_LAVAL_5_MIN,long,61.5,59.75,59.75,stop,0.5,548.5650475288974,-959.9888331755703,39.908107207727284,-999.8969403832976,94998.98637717373
2009-03-02,BOLIDEN_5_min,short,21.849312,22.708307107142858,22.708307107142858,stop,0.5,1105.931635549756,-949.9898637717373,29.566608345219336,-979.5564721169567,94019.42990505678
2009-03-02,VOLVO_5_MIN,short,36.5,37.925,36.6,eod,0.5,659.7854730179437,-65.9785473017953,28.938190846567004,-94.9167381483623,93924.51316690842
2009-03-02,HM_5_min,long,167.5,165.13392857142858,165.13392857142858,stop,0.5,396.9639801771244,-939.2451316690842,79.22621293660055,-1018.4713446056847,92906.04182230274
2009-03-03,ABB_5_min,short,103.25,105.90178571428571,103.0,eod,0.5,350.3527503063276,87.5881875765819,43.35615285040803,44.23203472617387,92950.27385702891
2009-03-04,ALFA_LAVAL_5_MIN,long,61.75,60.0,66.25,eod,0.5,531.1444220401652,2390.1498991807434,40.79189161268468,2349.358007568059,95299.63186459697
2009-03-04,ATLAS_5_min,long,13.37500019,12.9584823275,14.12500014,eod,0.5,2288.008281147778,1716.006096460418,37.75213709196397,1678.253959368454,96977.88582396542
2009-03-04,NORDEA_5_min,long,32.72976,31.74731057142857,32.963544,eod,0.5,987.1030813767198,230.76890677657505,38.907637682530556,191.8612690940445,97169.74709305947
2009-03-04,ERICSSON_5_MIN,long,70.9,69.29642857142858,71.9,eod,0.5,605.9583337651818,605.9583337651818,51.91851003700078,554.039823728181,97723.78691678765
2009-03-05,BOLIDEN_5_min,short,25.725803,26.726390714285714,26.726390714285714,stop,0.5,976.6638698592191,-977.2378691678765,30.73689749735981,-1007.9747666652363,96715.81215012241
2009-03-05,ABB_5_min,long,109.25,106.57142857142857,108.0,eod,0.5,361.07236536045673,-451.34045670057094,47.06578282473553,-498.4062395253065,96217.4059105971
2009-03-06,NORDEA_5_min,short,31.56084,32.50710857142857,31.95048,eod,0.5,1016.8086399122295,-396.1893184554011,38.74731534493822,-434.93663380033934,95782.46927679675
2009-03-12,VOLVO_5_MIN,short,43.2,44.61071428571429,44.61071428571429,stop,0.5,678.9643391772938,-957.8246927679673,35.772206158611695,-993.596898926579,94788.87237787017
2009-03-12,HM_5_min,long,159.0,156.41071428571428,156.41071428571428,stop,0.5,366.0811622869457,-947.8887237787017,69.27955253008201,-1017.1682763087837,93771.70410156138
2009-03-13,ABB_5_min,long,115.5,112.75892857142857,112.75892857142857,stop,0.5,342.0987250610706,-937.7170410156139,46.852253068855006,-984.5692940844689,92787.1348074769
2009-03-13,ASSA_5_min,long,25.666641,25.07735575,25.583308,eod,0.5,1574.5708009402401,-131.2137085547525,48.41800394704587,-179.63171250179835,92607.50309497511
2009-03-13,ATLAS_5_min,long,16.00000017,15.498660878928572,15.498660878928572,stop,0.5,1847.2021791282443,-926.0750309497511,34.91063719752168,-960.9856681472727,91646.51742682784
2009-03-13,ERICSSON_5_MIN,short,77.7,79.15,74.4,eod,0.5,632.0449477712252,2085.7483276450416,57.680421933602005,2028.0679057114396,93674.58533253928
2009-03-13,NORDEA_5_min,long,46.1,44.88487982142857,44.88487982142857,stop,0.5,770.9079890572531,-936.745853325393,42.08458244265201,-978.830435768045,92695.75489677124
2009-03-13,VOLVO_5_MIN,long,45.9,44.46071428571428,44.46071428571428,stop,0.5,644.0399843944392,-926.9575489677123,34.91754781106508,-961.8750967787774,91733.87979999246
2009-03-17,ALFA_LAVAL_5_MIN,short,68.5,70.33928571428571,66.0,eod,0.5,498.7473076504461,1246.8682691261151,40.24890772739099,1206.619361398724,92940.49916139118
2009-03-18,ASSA_5_min,short,25.499975,26.0297365,24.333309,eod,0.5,1754.3837965082646,2046.7799263371098,52.45602358583673,1994.3239027512732,94934.82306414246
2009-03-18,BOLIDEN_5_min,short,30.395212,31.546831785714286,29.249885,eod,0.5,824.3590831088381,944.1607155797977,29.501386484914622,914.6593290948831,95849.48239323734
2009-03-18,VOLVO_5_MIN,long,43.6,42.300000000000004,42.300000000000004,stop,0.5,737.3037107172119,-958.4948239323733,38.0006332503651,-996.4954571827384,94852.9869360546
2009-03-18,ERICSSON_5_MIN,short,78.0,79.50357142857143,76.6,eod,0.5,630.851219527202,883.1917073380864,58.51775912334326,824.6739482147432,95677.66088426934
2009-03-20,ABB_5_min,long,109.0,106.55357142857143,113.25,eod,0.5,391.09116857803554,1662.137466456651,52.15200732988104,1609.98545912677,97287.6463433961
2009-03-20,ATLAS_5_min,long,13.93749993,13.453124894642857,13.62500017,eod,0.5,2008.5190037026423,-627.6617066125142,33.21588314424358,-660.8775897567577,96626.76875363935
2009-03-20,HM_5_min,long,163.0,160.66964285714286,160.66964285714286,stop,0.5,414.64360537960255,-966.2676875363935,80.52452859972841,-1046.7922161361219,95579.97653750323
2009-03-20,INVESTOR_5_MIN,long,26.6875,26.120535714285715,26.120535714285715,stop,0.5,1685.8200586142332,-955.7997653750323,53.41490751789579,-1009.2146728929281,94570.76186461031
2009-03-20,ERICSSON_5_MIN,short,71.3,72.77142857142857,69.0,eod,0.5,642.7139155847287,1478.2420058448743,54.103657413922456,1424.1383484309517,95994.90021304126
2009-03-20,NORDEA_5_min,short,45.5,47.09148732142857,47.09148732142857,stop,0.5,603.1772853011041,-959.9490021304126,33.509449178718526,-993.4584513091312,95001.44176173213
2009-03-20,VOLVO_5_MIN,long,43.7,42.44285714285714,42.44285714285714,stop,0.5,755.6932867410495,-950.0144176173214,39.058547306130244,-989.0729649234517,94012.36879680867
2009-03-24,HM_5_min,long,164.0,161.60714285714286,162.5,eod,0.5,392.88751138964886,-589.3312670844733,76.9666634812322,-666.2979305657055,93346.07086624297
2009-03-24,NORDEA_5_min,short,46.9,48.58127160714285,42.3,eod,0.5,555.2111298951565,2553.971197517721,29.714899671988775,2524.256297845732,95870.3271640887
2009-03-24,VOLVO_5_MIN,long,44.1,42.82142857142857,42.82142857142857,stop,0.5,749.8237878755521,-958.703271640887,39.10545289138968,-997.8087245322766,94872.51843955641
2009-03-24,ERICSSON_5_MIN,long,68.4,66.78214285714286,66.78214285714286,stop,0.5,586.4085024961528,-948.725184395564,47.56317477424689,-996.288359169811,93876.23008038661
2009-03-24,BOLIDEN_5_min,short,37.531479,38.96628403571428,36.121846,eod,0.5,654.2786493194355,922.2927752761035,28.913878799331247,893.3788964767723,94769.60897686338
2009-03-25,HM_5_min,long,163.0,160.70535714285714,160.70535714285714,stop,0.5,413.00374340111597,-947.6960897686339,80.21491455539709,-1027.911004324031,93741.69797253935
2009-03-25,NORDEA_5_min,short,40.9,42.71762932142857,42.71762932142857,stop,0.5,515.7360572223982,-937.4169797253935,25.874775876310537,-963.291755601704,92778.40621693764
2009-03-26,ASSA_5_min,long,26.249974,25.705331642857143,26.333307,eod,0.5,1703.473940287057,141.95559386594076,53.744549326974926,88.21104453896584,92866.61726147661
2009-03-26,INVESTOR_5_MIN,short,26.25,26.819196428571427,26.5,eod,0.5,1631.5390012996718,-407.88475032491795,51.63820939113461,-459.5229597160526,92407.09430176056
2009-03-26,HM_5_min,short,154.75,157.0625,157.0625,stop,0.5,399.59824562923484,-924.0709430176056,74.75983677915947,-998.8307797967651,91408.26352196379
2009-03-27,VOLVO_5_MIN,long,44.3,42.99642857142857,46.0,eod,0.5,701.2140763328719,1192.063929765884,37.991778655714995,1154.072151110169,92562.33567307396
2009-03-30,ABB_5_min,short,112.25,114.5,110.5,eod,0.5,411.3881585469954,719.9292774572419,54.98202738980592,664.947250067436,93227.28292314139
2009-04-01,ASSA_5_min,short,25.583308,26.107117071428572,26.107117071428572,stop,0.5,1779.7951201739334,-932.272829231414,55.19901978110694,-987.4718490125209,92239.81107412887
2009-04-01,INVESTOR_5_MIN,long,25.1875,24.707589285714285,24.707589285714285,stop,0.5,1922.0202493585882,-922.3981107412887,57.53962317041855,-979.9377339117073,91259.87334021716
2009-04-02,ATLAS_5_min,long,14.87500009,14.500000071428572,15.87500003,eod,0.5,2433.5965018848196,2433.5963558690305,44.89985563499386,2388.6965002340366,93648.56984045121
2009-04-02,INVESTOR_5_MIN,long,26.0625,25.5625,26.875,eod,0.5,1872.971396809024,1521.789259907332,59.49025399114663,1462.2990059161855,95110.86884636739
2009-04-02,VOLVO_5_MIN,short,44.8,46.003571428571426,46.003571428571426,stop,0.5,790.2386729075032,-951.108688463674,43.05389626858557,-994.1625847322596,94116.70626163513
2009-04-02,ABB_5_min,short,115.75,117.75892857142857,117.75892857142857,stop,0.5,468.4920489468065,-941.1670626163514,65.63824583628123,-1006.8053084526326,93109.9009531825
2009-04-03,ABB_5_min,short,119.25,121.34821428571429,121.34821428571429,stop,0.5,443.75782581942167,-931.099009531825,64.06040428047832,-995.1594138123033,92114.7415393702
2009-04-03,BOLIDEN_5_min,short,41.319868,42.76725907142857,42.76725907142857,stop,0.5,636.4191638162678,-921.147415393702,32.10879545910649,-953.2562108528084,91161.48532851739
2009-04-03,INVESTOR_5_MIN,short,26.6875,27.189732142857142,27.189732142857142,stop,0.5,1815.1264634300371,-911.6148532851739,58.676393903318036,-970.291247188492,90191.1940813289
2009-04-08,ABB_5_min,short,114.75,116.91964285714286,116.91964285714286,stop,0.5,415.69603856414886,-901.911940813289,57.782491674771265,-959.6944324880602,89231.49964884084
2009-04-08,ASSA_5_min,short,26.66664,27.25294892857143,27.25294892857143,stop,0.5,1521.919508649777,-892.3149964884084,49.23676457326163,-941.55176106167,88289.94788777917
2009-04-08,VOLVO_5_MIN,short,47.2,48.59821428571429,48.59821428571429,stop,0.5,631.447903156529,-882.8994788777918,36.29494892211248,-919.1944277999042,87370.75345997927
2009-04-15,ALFA_LAVAL_5_MIN,short,69.25,70.91071428571429,69.5,eod,0.5,526.1034616944969,-131.52586542362423,43.798113186066864,-175.3239786096911,87195.42948136957
2009-04-15,ATLAS_5_min,short,15.62500005,16.0401786425,15.81249996,eod,0.5,2100.1908830684692,-393.7856015581578,39.61485054448015,-433.4004521026379,86762.02902926694
2009-04-15,INVESTOR_5_MIN,long,28.9375,28.386160714285715,28.8125,eod,0.5,1573.6594738911604,-196.70743423639504,54.5273007703287,-251.23473500672375,86510.79429426021
2009-04-15,NORDEA_5_min,short,52.8,54.76071428571428,51.7,eod,0.5,441.22080878675604,485.34288966542914,27.6645447109296,457.67834495449955,86968.47263921471
2009-04-15,VOLVO_5_MIN,short,51.0,52.489285714285714,52.489285714285714,stop,0.5,583.9609673616337,-869.6847263921471,36.260222038367274,-905.9449484305144,86062.5276907842
2009-04-15,BOLIDEN_5_min,short,48.456135,50.16625896428572,50.16625896428572,stop,0.5,503.2531529182499,-860.625276907842,29.77921842652354,-890.4044953343656,85172.12319544984
2009-04-15,HM_5_min,short,169.25,171.875,169.0,eod,0.5,324.4652312207613,81.11630780519033,65.8502186762535,15.266089128936827,85187.38928457878
2009-04-17,BOLIDEN_5_min,long,52.420728,50.754655071428566,51.319452,eod,0.5,511.30648499056065,-563.0895605644639,31.82581607285283,-594.9153766373167,84592.47390794146
2009-04-17,ATLAS_5_min,short,16.06249994,16.473214241785712,16.473214241785712,stop,0.5,2059.642762381254,-845.9247390794147,40.20716894005203,-886.1319080194668,83706.34199992199
2009-04-17,INVESTOR_5_MIN,long,30.1875,29.649553571428573,29.8125,eod,0.5,1556.0349052267702,-583.5130894600388,56.017256588163725,-639.5303460482025,83066.8116538738
2009-04-20,BOLIDEN_5_min,short,49.997921,51.627809178571425,45.152308,eod,0.5,509.64730431188616,2469.5536031886318,29.09583462870519,2440.4577685599265,85507.26942243372
2009-04-20,INVESTOR_5_MIN,short,29.5625,30.082589285714285,28.6875,eod,0.5,1644.0882704399305,1438.5772366349393,57.460885051875564,1381.1163515830638,86888.38577401679
2009-04-21,ALFA_LAVAL_5_MIN,short,68.75,70.60714285714286,69.75,eod,0.5,467.8605387831663,-467.8605387831663,38.879210772881116,-506.7397495560474,86381.64602446074
2009-04-21,VOLVO_5_MIN,long,49.4,47.675,47.675,stop,0.5,500.7631653591923,-863.8164602446075,29.166950566346152,-892.9834108109536,85488.6626136498
2009-04-22,ALFA_LAVAL_5_MIN,short,70.0,71.91964285714286,71.91964285714286,stop,0.5,445.33628896412824,-854.886626136498,37.92118024866867,-892.8078063851666,84595.85480726462
2009-04-22,VOLVO_5_MIN,long,50.5,48.78928571428571,54.0,eod,0.5,494.5060406270157,1730.7711421945548,31.005528747313882,1699.7656134472409,86295.62042071186
2009-04-24,VOLVO_5_MIN,long,51.5,49.61071428571429,54.0,eod,0.5,456.76320827598005,1141.90802068995,28.913111083869534,1112.9949096060805,87408.61533031793
2009-05-04,BOLIDEN_5_min,long,47.575115,45.34109839285714,48.67639,eod,0.5,391.26215557594793,430.8872303819025,22.595742794237474,408.291487587665,87816.90681790559
2009-05-04,ERICSSON_5_MIN,long,69.4,67.88928571428572,69.5,eod,0.5,581.293945839564,58.12939458395309,48.44503744626927,9.684357137683826,87826.59117504327
2009-05-04,INVESTOR_5_MIN,long,29.625,29.111607142857142,29.75,eod,0.5,1710.7092541921454,213.83865677401818,60.94401718059517,152.894639593423,87979.48581463669
2009-05-04,NORDEA_5_min,long,62.3,60.28214285714286,60.28214285714286,stop,0.5,436.0045314707668,-879.7948581463669,32.0678218578667,-911.8626800042335,87067.62313463245
2009-05-07,ERICSSON_5_MIN,short,70.3,72.01071428571429,68.1,eod,0.5,508.9547907661177,1119.7005396854604,42.263605825218406,1077.4369338602419,88145.06006849269
2009-05-07,ALFA_LAVAL_5_MIN,short,78.5,80.33928571428571,75.75,eod,0.5,479.23527804229195,1317.8970146163028,44.35322498281412,1273.5437896334888,89418.60385812618
2009-05-07,INVESTOR_5_MIN,short,30.75,31.212053571428573,29.3125,eod,0.5,1935.2432139343189,2781.9121200305835,69.74132732215801,2712.1707927084253,92130.7746508346
2009-05-08,NORDEA_5_min,long,65.6,63.68928571428571,64.6,eod,0.5,482.1797551819384,-482.1797551819384,37.66788247481302,-519.8476376567514,91610.92701317785
2009-05-08,INVESTOR_5_MIN,short,29.75,30.261160714285715,30.261160714285715,stop,0.5,1792.2137686420783,-916.1092701317784,64.53169710260126,-980.6409672343797,90630.28604594347
2009-05-11,ERICSSON_5_MIN,short,66.6,68.28214285714286,65.8,eod,0.5,538.778770549131,431.02301643930326,42.80058553242296,388.2224309068803,91018.50847685036
2009-05-11,INVESTOR_5_MIN,short,30.125,30.636160714285715,29.6875,eod,0.5,1780.6240959663266,779.0230419852679,63.90214724399154,715.1208947412764,91733.62937159164
2009-05-12,HM_5_min,short,184.5,187.5625,187.5625,stop,0.5,299.53838162152374,-917.3362937159164,66.8681994672349,-984.2044931831514,90749.42487840849
2009-05-13,ABB_5_min,short,120.0,122.64285714285714,116.0,eod,0.5,343.37620224262724,1373.504808970509,48.62207023755602,1324.882738732953,92074.30761714144
2009-05-14,NORDEA_5_min,short,56.0,57.714285714285715,57.714285714285715,stop,0.5,537.1001277666581,-920.7430761714145,36.64557443162227,-957.3886506030368,91116.9189665384
2009-05-14,BOLIDEN_5_min,short,43.258114,45.314353249999996,45.314353249999996,stop,0.5,443.1241110028345,-911.169189665384,23.54915748569035,-934.7183471510743,90182.20061938732
2009-05-15,ALFA_LAVAL_5_MIN,short,71.75,73.52678571428571,72.5,eod,0.5,507.5581140387646,-380.6685855290734,43.92915477005507,-424.5977402991285,89757.6028790882
2009-05-15,ASSA_5_min,short,33.499967,34.29758525,33.3333,eod,0.5,1125.3203255954622,187.5537627060153,45.12530026862907,142.42846243738623,89900.03134152558
2009-05-15,HM_5_min,short,182.75,185.67857142857142,180.0,eod,0.5,306.9757167759423,844.1832211338414,66.81326475628384,777.3699563775575,90677.40129790314
2009-05-18,ABB_5_min,short,117.0,119.34821428571429,119.34821428571429,stop,0.5,386.1547127515257,-906.7740129790315,54.760186078101626,-961.534199057133,89715.867098846
2009-05-19,ABB_5_min,long,121.0,118.625,121.5,eod,0.5,377.75101936356214,188.87550968178107,54.96277331739829,133.9127363643828,89849.77983521039
2009-05-19,ERICSSON_5_MIN,short,68.5,70.06785714285714,68.9,eod,0.5,573.0737666027112,-229.22950664108774,47.244201318727505,-276.4737079598152,89573.30612725057
2009-05-22,ABB_5_min,short,119.0,121.30357142857143,121.30357142857143,stop,0.5,388.84535993225023,-895.7330612725058,56.06455723508883,-951.7976185075946,88621.50850874298
2009-05-22,BOLIDEN_5_min,short,49.997921,51.90627467857143,51.90627467857143,stop,0.5,464.38723337219096,-886.2150850874298,28.393804500114097,-914.6088895875439,87706.89961915543
2009-05-22,INVESTOR_5_MIN,short,29.6875,30.191964285714285,29.75,eod,0.5,1738.6146473177748,-108.66341545736093,62.003344859970134,-170.66676031733107,87536.2328588381
2009-05-25,BOLIDEN_5_min,short,50.438432,52.29014864285714,48.015625,eod,0.5,472.73017281830124,1145.3339718153895,27.925322028163727,1117.4086497872258,88653.64150862533
2009-05-27,ATLAS_5_min,long,16.75000012,16.354910825714285,17.12499995,eod,0.5,2243.888730746376,841.4578925688071,45.60703854666341,795.8508540221437,89449.49236264746
2009-05-28,ASSA_5_min,short,32.333301,33.124966928571425,32.833301,eod,0.5,1129.889378011512,-564.944689005756,44.17863084054225,-609.1233198462983,88840.36904280116
2009-05-28,HM_5_min,short,176.25,179.0,179.0,stop,0.5,323.05588742836784,-888.4036904280116,68.8593624053566,-957.2630528333682,87883.1059899678
2009-05-29,ASSA_5_min,long,33.5833,32.803538821428575,33.166633,eod,0.5,1127.0515691865473,-469.6051961782555,45.13837003844814,-514.7435662167036,87368.3624237511
2009-05-29,HM_5_min,long,179.0,176.3125,180.25,eod,0.5,325.091581111632,406.36447638954,70.07349030861228,336.2909860809277,87704.65340983203
2009-05-29,ATLAS_5_min,long,17.25000009,16.850446505,16.93750004,eod,0.5,2195.066111341039,-685.9582695473815,45.02629378009821,-730.9845633274797,86973.66884650454
2009-06-01,BOLIDEN_5_min,long,53.301749,51.601064535714286,53.742259,eod,0.5,511.40391220680306,225.27853736621685,32.84563468169779,192.43290268451906,87166.10174918907
2009-06-01,NORDEA_5_min,short,60.7,62.06785714285714,62.06785714285714,stop,0.5,637.2456524744905,-871.6610174918907,46.93996993673702,-918.6009874286277,86247.50076176044
2009-06-01,VOLVO_5_MIN,long,49.6,48.323214285714286,51.0,eod,0.5,675.5049010711302,945.7068614995814,40.77347582865341,904.9333856709279,87152.43414743137
2009-06-01,ERICSSON_5_MIN,short,70.6,71.75714285714285,71.75714285714285,stop,0.5,753.1691839901468,-871.5243414743137,64.33140787252982,-935.8557493468435,86216.57839808453
2009-06-02,ABB_5_min,short,126.5,128.39285714285714,128.39285714285714,stop,0.5,455.4838104049758,-862.1657839808453,69.65974188986384,-931.8255258707092,85284.75287221382
2009-06-02,INVESTOR_5_MIN,short,30.125,30.546875,30.1875,eod,0.5,2021.5645125265498,-126.34778203290936,73.15536579705451,-199.5031478299639,85085.24972438386
2009-06-02,NORDEA_5_min,short,61.4,62.739285714285714,61.2,eod,0.5,635.3031979420656,127.06063958841041,46.73290324061834,80.32773634779207,85165.57746073166
2009-06-03,ASSA_5_min,short,33.916633,34.63389425,33.499967,eod,0.5,1187.3717904143248,494.7374544247742,48.02914142738781,446.70831299738643,85612.28577372905
2009-06-03,INVESTOR_5_MIN,short,30.125,30.533482142857142,29.4375,eod,0.5,2095.8636080126043,1440.9062305086654,74.90092569135044,1366.005304817315,86978.29107854636
2009-06-03,NORDEA_5_min,short,60.7,61.97857142857143,58.0,eod,0.5,680.2771369271802,1836.7482697033886,48.44933769195377,1788.2989320114348,88766.59001055779
2009-06-03,VOLVO_5_MIN,short,51.0,52.205357142857146,49.1,eod,0.5,736.4339319394405,1399.224470684936,44.23022195228279,1354.9942487326532,90121.58425929044
2009-06-04,INVESTOR_5_MIN,short,29.3125,29.723214285714285,29.723214285714285,stop,0.5,2194.2646602262075,-901.2158425929044,77.72398892901259,-978.9398315219171,89142.64442776852
2009-06-05,ASSA_5_min,long,33.749966,33.08627610714286,33.666633,eod,0.5,1343.1369889334178,-111.92763469879282,54.329836670995,-166.25747136978782,88976.38695639874
2009-06-05,BOLIDEN_5_min,long,53.522004,52.04472125,52.04472125,stop,0.5,602.2976099626068,-889.7638695639874,38.1495517857925,-927.9134213497799,88048.47353504896
2009-06-05,ERICSSON_5_MIN,short,69.7,70.71785714285714,69.9,eod,0.5,865.0376347303092,-173.0075269460643,72.4555522850107,-245.463079231075,87803.01045581789
2009-06-08,VOLVO_5_MIN,short,47.7,48.78571428571429,46.7,eod,0.5,808.7119384088465,808.7119384088465,45.80544419147707,762.9064942173695,88565.91695003526
2009-06-09,BOLIDEN_5_min,long,53.081494,51.68130060714286,51.68130060714286,stop,0.5,632.5263167348163,-885.6591695003526,39.75913476222128,-925.4183042625739,87640.49864577268
2009-06-09,HM_5_min,long,181.0,178.66964285714286,179.75,eod,0.5,376.08183326921676,-470.10229158652095,81.40291281112196,-551.505204397643,87088.99344137503
2009-06-09,INVESTOR_5_MIN,long,29.5,29.122767857142858,29.122767857142858,stop,0.5,2308.6313054281695,-870.8899344137503,81.20301425150895,-952.0929486652593,86136.90049270977
2009-06-09,VOLVO_5_MIN,long,46.9,45.832142857142856,45.832142857142856,stop,0.5,806.6331818715295,-861.3690049270978,44.880494072773416,-906.2494989998712,85230.6509937099
2009-06-09,ABB_5_min,long,125.75,123.98214285714286,125.25,eod,0.5,482.1127732977541,-241.05638664887704,72.60618365864175,-313.66257030751876,84916.98842340239
2009-06-10,BOLIDEN_5_min,long,55.284045,53.89171785714286,56.825831,eod,0.5,609.8925016224815,940.3237205065204,41.024983638135716,899.2987368683847,85816.28716027077
2009-06-11,ASSA_5_min,short,34.083299,34.67853660714285,34.67853660714285,stop,0.5,1441.7148064986932,-858.1628716027078,59.48097391010813,-917.6438455128159,84898.64331475795
2009-06-12,NORDEA_5_min,short,64.1,65.31785714285714,63.8,eod,0.5,697.1149597692743,209.1344879307803,53.496602012694105,155.6378859180862,85054.28120067604
2009-06-15,INVESTOR_5_MIN,long,30.0,29.665178571428573,29.665178571428573,stop,0.5,2540.287865193536,-850.5428120067605,90.94003745976323,-941.4828494665237,84112.79835120951
2009-06-16,BOLIDEN_5_min,long,55.724556,54.48168764285714,54.48168764285714,stop,0.5,676.7635354766797,-841.127983512095,44.75014024760661,-885.8781237597017,83226.92022744981
2009-06-16,ERICSSON_5_MIN,long,72.2,71.3607142857143,73.7,eod,0.5,991.6399005823879,1487.459850873582,86.80815689698224,1400.6516939765997,84627.57192142641
2009-06-16,ASSA_5_min,long,35.416631,34.89282192857143,35.333298,eod,0.5,1615.6186774433563,-134.6343512473924,68.58294403211481,-203.2172952795072,84424.3546261469
2009-06-16,NORDEA_5_min,short,61.0,62.17142857142857,62.17142857142857,stop,0.5,720.6957102232057,-844.2435462614691,53.26147211609553,-897.5050183775646,83526.84960776934
2009-06-17,ABB_5_min,short,122.75,124.41071428571429,122.5,eod,0.5,502.95737398226515,125.73934349556629,74.01017758149031,51.72916591407598,83578.57877368342
2009-06-17,ALFA_LAVAL_5_MIN,short,73.7,75.00892857142857,73.0,eod,0.5,638.5266591168198,446.9686613817757,56.20311653546248,390.7655448463132,83969.34431852974
2009-06-17,ASSA_5_min,short,34.666632,35.19044110714286,33.749966,eod,0.5,1603.0523939636,1469.4636257650363,65.80523472644714,1403.6583910385891,85373.00270956833
2009-06-17,ERICSSON_5_MIN,short,72.9,73.775,73.775,stop,0.5,975.6914595379238,-853.7300270956833,85.86572689663498,-939.5957539923184,84433.406955576
2009-06-17,INVESTOR_5_MIN,short,29.0625,29.386160714285715,29.0,eod,0.5,2608.7011252481334,163.04382032800834,90.88062545083186,72.16319487717648,84505.57015045319
2009-06-17,NORDEA_5_min,short,60.7,61.871428571428574,59.5,eod,0.5,721.3890134794789,865.6668161753767,52.02657565214002,813.6402405232367,85319.21039097643
2009-06-17,HM_5_min,long,183.0,180.88392857142858,180.88392857142858,stop,0.5,403.1962685143213,-853.1921039097642,88.02998530339909,-941.2220892131634,84377.98830176327
2009-06-18,ERICSSON_5_MIN,long,75.2,74.27857142857142,75.3,eod,0.5,915.7301056005251,91.57301056004731,82.69042853572742,8.882582024319888,84386.87088378759
2009-06-22,INVESTOR_5_MIN,short,28.6875,29.011160714285715,27.8125,eod,0.5,2607.2633210990844,2281.355405961699,88.38622658525897,2192.96917937644,86579.84006316403
2009-06-22,NORDEA_5_min,long,60.1,58.917857142857144,58.917857142857144,stop,0.5,732.3974386007834,-865.7984006316402,52.30102423150951,-918.0994248631497,85661.74063830088
2009-06-22,VOLVO_5_MIN,short,48.1,49.24464285714286,46.5,eod,0.5,748.3709010522396,1197.3934416835843,42.47753234372511,1154.9159093398591,86816.65654764074
2009-06-23,ABB_5_min,long,119.5,117.80357142857143,118.5,eod,0.5,511.76134385977764,-511.76134385977764,73.07951990317623,-584.8408637629539,86231.8156838778
2009-06-23,ALFA_LAVAL_5_MIN,long,70.2,68.91607142857143,70.5,eod,0.5,671.6247118633022,201.48741355898875,56.69855817549997,144.7888553834888,86376.60453926129
2009-06-23,ASSA_5_min,long,32.583301,32.0059205,32.749967,eod,0.5,1496.008343531896,249.33372658308593,58.64346842292324,190.6902581601627,86567.29479742145
2009-06-23,BOLIDEN_5_min,long,48.23588,46.76489025,49.337156,eod,0.5,588.496927306403,648.0975421162855,34.45285912437422,613.6446829919113,87180.93948041336
2009-06-23,INVESTOR_5_MIN,short,27.625,27.957589285714285,27.957589285714285,stop,0.5,2621.279254176195,-871.8093948041336,87.41849291282335,-959.227887716957,86221.7115926964
2009-06-23,ERICSSON_5_MIN,long,74.0,73.10714285714286,74.6,eod,0.5,965.6831698382042,579.409901902917,86.10031142277427,493.30959048014273,86715.02118317655
2009-06-24,VOLVO_5_MIN,short,46.0,47.09464285714286,47.09464285714286,stop,0.5,792.1763762247767,-867.1502118317655,44.24842609470672,-911.3986379264722,85803.62254525008
2009-06-24,ALFA_LAVAL_5_MIN,long,70.5,69.22142857142858,74.0,eod,0.5,671.0897852701144,2348.8142484454,58.183484382918905,2290.6307640624814,88094.25330931257
2009-06-24,INVESTOR_5_MIN,long,28.4375,28.089285714285715,29.0,eod,0.5,2529.88624888283,1423.061014996592,87.1862048521245,1335.8748101444673,89430.12811945703
2009-06-25,HM_5_min,short,187.0,189.23214285714286,189.23214285714286,stop,0.5,400.6469739751668,-894.3012811945704,90.44176172874415,-984.7430429233145,88445.38507653371
2009-06-26,HM_5_min,long,190.75,188.49107142857142,193.25,eod,0.5,391.536882552242,978.8422063806049,90.21009774003656,888.6321086405684,89334.01718517428
2009-06-29,ERICSSON_5_MIN,long,75.2,74.29285714285714,76.2,eod,0.5,984.7844414113687,984.7844414113687,89.45781865780872,895.32662275356,90229.34380792784
2009-06-30,ABB_5_min,long,124.25,122.46428571428571,122.46428571428571,stop,0.5,505.2843253243942,-902.2934380792784,74.7965168430196,-977.089954922298,89252.25385300555
2009-07-01,BOLIDEN_5_min,long,52.200473,50.68228557142857,53.081494,eod,0.5,587.8869247190995,517.940726302944,37.13633508480463,480.80439121813936,89733.05824422369
2009-07-01,ERICSSON_5_MIN,long,76.1,75.17857142857142,78.8,eod,0.5,973.8471437357542,2629.3872880865392,90.509353538801,2538.8779345477383,92271.93617877143
2009-07-02,BOLIDEN_5_min,long,53.081494,51.61050410714286,53.081494,eod,0.5,627.2778394115907,0.0,39.95621384287117,-39.95621384287117,92231.97996492856
2009-07-06,ALFA_LAVAL_5_MIN,short,73.6,74.95714285714286,72.1,eod,0.5,679.6040628994715,1019.4060943492073,59.41098717867179,959.9951071705354,93191.97507209909
2009-07-06,NORDEA_5_min,long,59.3,58.21428571428571,59.1,eod,0.5,858.3471388219627,-171.6694277643889,60.97698074191222,-232.64640850630113,92959.32866359278
2009-07-08,VOLVO_5_MIN,long,46.2,45.346428571428575,45.346428571428575,stop,0.5,1089.0632646780755,-929.5932866359278,59.819911421770946,-989.4131980576988,91969.91546553509
2009-07-09,INVESTOR_5_MIN,long,29.0,28.658482142857142,28.658482142857142,stop,0.5,2692.975302520239,-919.6991546553509,93.16372103491109,-1012.862875690262,90957.05258984482
2009-07-10,ABB_5_min,short,118.0,119.72321428571429,118.25,eod,0.5,527.8336730602375,-131.95841826505938,74.82042315628867,-206.77884142134803,90750.27374842348
2009-07-10,ALFA_LAVAL_5_MIN,short,71.0,72.23571428571428,70.2,eod,0.5,734.3952788889793,587.5162231111814,62.21796802747433,525.2982550837071,91275.57200350719
2009-07-13,ABB_5_min,short,117.5,119.11607142857143,119.11607142857143,stop,0.5,564.7991195797123,-912.7557200350719,80.18432929276045,-992.9400493278324,90282.63195417935
2009-07-13,ALFA_LAVAL_5_MIN,short,70.1,71.26071428571427,71.26071428571427,stop,0.5,777.8195983744737,-902.8263195417935,65.97188040698579,-968.7981999487793,89313.83375423057
2009-07-13,BOLIDEN_5_min,short,46.914349,48.08642117857143,48.08642117857143,stop,0.5,762.016498532456,-893.1383375423056,43.43529254961694,-936.5736300919226,88377.26012413864
2009-07-13,INVESTOR_5_MIN,short,27.75,28.075892857142858,28.075892857142858,stop,0.5,2711.8501736721955,-883.7726012413865,90.83487434402893,-974.6074755854154,87402.65264855322
2009-07-14,BOLIDEN_5_min,short,50.218177,51.37451664285714,51.099197,eod,0.5,755.8562329714343,-665.9244583724927,45.94882118771876,-711.8732795602115,86690.77936899301
2009-07-14,ERICSSON_5_MIN,short,74.1,75.0642857142857,73.9,eod,0.5,899.0154897525258,179.80309795049493,79.8325754900243,99.97052246047063,86790.74989145348
2009-07-14,INVESTOR_5_MIN,short,28.6875,29.015625,28.625,eod,0.5,2645.0514252633443,165.31571407895902,90.95670588624326,74.35900819271576,86865.10889964619
2009-07-14,VOLVO_5_MIN,short,46.9,47.75714285714285,47.75714285714285,stop,0.5,1013.4262704958759,-868.6510889964619,57.55682115690577,-926.2079101533677,85938.90098949282
2009-07-15,ABB_5_min,long,123.75,122.15178571428571,126.25,eod,0.5,537.7182631744781,1344.2956579361953,80.6577394761717,1263.6379184600237,87202.53890795284
2009-07-15,ALFA_LAVAL_5_MIN,long,74.0,72.90714285714286,76.7,eod,0.5,797.931728569504,2154.415667137663,72.14898689725455,2082.2666802404087,89284.80558819325
2009-07-15,ASSA_5_min,short,34.916632,35.422583857142854,35.422583857142854,stop,0.5,1764.6897491866293,-892.8480558819325,74.47613591335535,-967.3241917952879,88317.48139639797
2009-07-15,INVESTOR_5_MIN,long,29.0,28.6875,29.8125,eod,0.5,2826.159404684735,2296.254516306347,99.72809999281257,2196.5264163135344,90514.0078127115
2009-07-15,VOLVO_5_MIN,long,48.4,47.589285714285715,49.9,eod,0.5,1116.4723430642862,1674.7085145964293,65.8495387939316,1608.8589758024978,92122.866788514
2009-07-16,BOLIDEN_5_min,short,54.62328,55.74028835714286,55.74028835714286,stop,0.5,824.728536715255,-921.22866788514,54.61199054271626,-975.8406584278563,91147.02613008615
2009-07-16,VOLVO_5_MIN,long,50.25,49.4125,50.75,eod,0.5,1088.322700060732,544.161350030366,65.95235562368035,478.20899440668563,91625.23512449283
2009-07-17,ALFA_LAVAL_5_MIN,short,72.9,74.075,74.075,stop,0.5,779.7892351020685,-916.2523512449283,68.7657136974759,-985.0180649424042,90640.21705955043
2009-07-17,NORDEA_5_min,short,63.2,64.10000000000001,63.9,eod,0.5,1007.1135228838873,-704.9794660187168,76.80247725512524,-781.7819432738421,89858.43511627658
2009-07-21,BOLIDEN_5_min,long,65.636038,64.51902964285713,64.51902964285713,stop,0.5,804.4562472757196,-898.5843511627659,62.822434367934164,-961.4067855307001,88897.02833074589
2009-07-21,ERICSSON_5_MIN,short,76.9,77.97142857142858,77.97142857142858,stop,0.5,829.7055977536298,-888.9702833074589,77.09861473068943,-966.0688980381483,87930.95943270774
2009-07-21,VOLVO_5_MIN,short,52.0,52.848214285714285,52.848214285714285,stop,0.5,1036.6597322592925,-879.3095943270774,65.21515304957609,-944.5247473766535,86986.43468533109
2009-07-21,NORDEA_5_min,short,65.4,66.25714285714287,65.0,eod,0.5,1014.8417379955246,405.9366951982156,79.40121758076984,326.53547761744574,87312.97016294854
2009-07-22,ALFA_LAVAL_5_MIN,short,75.9,77.04642857142858,77.04642857142858,stop,0.5,761.6084624805475,-873.1297016294855,69.89117658370596,-943.0208782131914,86369.94928473534
2009-07-22,ASSA_5_min,short,37.666629,38.160676107142855,38.160676107142855,stop,0.5,1748.2128330681896,-863.6994928473534,79.53736073117052,-943.236853578524,85426.71243115682
2009-07-22,ABB_5_min,short,127.25,128.66071428571428,128.5,eod,0.5,605.5564425499758,-756.9455531874698,92.92263610929379,-849.8681892967636,84576.84424186006
2009-07-23,ALFA_LAVAL_5_MIN,long,78.2,77.01071428571429,78.5,eod,0.5,711.156648279903,213.3469944839689,66.86294807127648,146.4840464126924,84723.32828827275
2009-07-23,INVESTOR_5_MIN,long,31.5,31.158482142857142,31.8125,eod,0.5,2480.787651839617,775.2461411998803,94.23892092425746,681.0072202756228,85404.33550854838
2009-07-23,ABB_5_min,long,131.75,130.25,130.25,stop,0.5,569.3622367236559,-854.0433550854839,89.5037436129587,-943.5470986984426,84460.78840984993
2009-07-24,ABB_5_min,short,131.0,132.55357142857142,132.55357142857142,stop,0.5,543.6556495346705,-844.6078840984993,85.9694328373093,-930.5773169358087,83530.21109291412
2009-07-24,ERICSSON_5_MIN,short,71.8,72.77857142857142,72.77857142857142,stop,0.5,853.59339802978,-835.3021109291412,74.04678844080333,-909.3488993699445,82620.86219354418
2009-07-24,ASSA_5_min,long,38.249962,37.744010107142856,38.333295,eod,0.5,1632.9786163458982,136.08100703595798,75.03529263067338,61.0457144052846,82681.90790794945
2009-07-27,ASSA_5_min,short,38.333295,38.860080214285716,37.333296,eod,0.5,1569.5563517298083,1569.5547821734606,71.25778711067493,1498.2969950627858,84180.20490301224
2009-07-27,ERICSSON_5_MIN,long,72.6,71.45357142857142,71.45357142857142,stop,0.5,734.2821611477699,-841.8020490301225,63.465580649775625,-905.267629679898,83274.93727333234
2009-07-28,INVESTOR_5_MIN,long,31.5625,31.203125,31.4375,eod,0.5,2317.215645866639,-289.6519557333299,87.59075141375895,-377.2427071470888,82897.69456618525
2009-07-28,NORDEA_5_min,long,66.9,65.83571428571429,67.0,eod,0.5,778.90451270241,77.89045127023657,62.57718855051162,15.313262719724946,82913.00782890497
2009-07-29,ASSA_5_min,long,38.999961,38.428533,38.428533,stop,0.5,1450.9790879849315,-829.1300782890496,67.40827536490004,-896.5383536539497,82016.46947525103
2009-07-29,BOLIDEN_5_min,short,64.534762,66.08441439285714,63.873997,eod,0.5,529.2572053790386,349.7146373122793,40.77675656071828,308.937880751561,82325.40735600259
2009-07-30,ALFA_LAVAL_5_MIN,long,77.2,76.01071428571429,78.6,eod,0.5,692.2256474378581,969.1159064129955,64.70925352249098,904.4066528905046,83229.8140088931
2009-07-30,ASSA_5_min,long,38.249962,37.607105499999996,37.607105499999996,stop,0.5,1294.6872903811818,-832.298140088931,58.926708706702435,-891.2248487956334,82338.58916009746
2009-07-30,INVESTOR_5_MIN,long,32.0,31.640625,32.25,eod,0.5,2291.16074184619,572.7901854615475,88.32424659817062,484.4659388633769,82823.05509896083
2009-07-30,VOLVO_5_MIN,long,50.75,49.691071428571426,51.75,eod,0.5,782.1401493325121,782.1401493325121,48.10161918394949,734.0385301485626,83557.0936291094
2009-07-31,BOLIDEN_5_min,long,68.2791,66.59572125,68.499355,eod,0.5,496.36538199801595,109.3269572119703,40.73525403910405,68.59170317286625,83625.68533228226
2009-07-31,ALFA_LAVAL_5_MIN,long,78.5,77.24642857142857,77.24642857142857,stop,0.5,667.0994841321636,-836.2568533228226,62.33901729325612,-898.5958706160787,82727.08946166618
2009-08-03,ASSA_5_min,short,38.999961,39.720198357142856,39.720198357142856,stop,0.5,1148.608700190728,-827.2708946166617,54.25119595080889,-881.5220905674706,81845.56737109872
2009-08-05,ABB_5_min,long,134.0,132.21428571428572,132.21428571428572,stop,0.5,458.3351772781549,-818.4556737109872,73.20922310210071,-891.6648968130879,80953.90247428563
2009-08-05,ALFA_LAVAL_5_MIN,long,79.7,78.40357142857142,78.40357142857142,stop,0.5,624.4378152286464,-809.5390247428563,59.23550923362202,-868.7745339764783,80085.12794030915
2009-08-06,BOLIDEN_5_min,long,72.684203,70.99295796428571,72.243693,eod,0.5,473.5276453094545,-208.59366303526934,41.1764191995201,-249.77008223478944,79835.35785807436
2009-08-06,ASSA_5_min,short,37.749962,38.52972310714286,36.833296,eod,0.5,1023.8438045544592,938.5228049457172,45.816963976072074,892.7058409696451,80728.06369904401
2009-08-07,HM_5_min,short,207.5,209.49107142857142,209.49107142857142,stop,0.5,405.4503647665016,-807.2806369904401,101.44150920905315,-908.7221461994933,79819.34155284452
2009-08-11,HM_5_min,long,208.75,206.80357142857142,206.80357142857142,stop,0.5,410.081020821951,-798.1934155284453,102.24637966658165,-900.4397951950269,78918.9017576495
2009-08-11,NORDEA_5_min,short,68.3,69.49642857142857,66.4,eod,0.5,659.6206714072208,1253.279275673714,53.310542663131585,1199.9687330105824,80118.87049066008
2009-08-12,BOLIDEN_5_min,long,67.838589,66.25747157142857,66.25747157142857,stop,0.5,506.7230873740285,-801.1887049066008,40.76974189046941,-841.9584467970702,79276.912043863
2009-08-13,ALFA_LAVAL_5_MIN,short,77.1,78.28928571428571,78.28928571428571,stop,0.5,666.5926538222702,-792.7691204386301,62.1488138038996,-854.9179342425298,78421.99410962047
2009-08-13,NORDEA_5_min,long,68.4,67.25714285714287,68.6,eod,0.5,686.1924484591816,137.23848969182853,56.40501926334472,80.83347042848382,78502.82758004895
2009-08-13,VOLVO_5_MIN,long,58.5,57.308928571428574,58.5,eod,0.5,659.0942045701273,0.0,46.26841316082294,-46.26841316082294,78456.55916688812
2009-08-14,BOLIDEN_5_min,long,71.362672,69.74222335714286,69.74222335714286,stop,0.5,484.1656630879405,-784.5655916688812,40.99088713532732,-825.5564788042085,77631.00268808391
2009-08-14,ALFA_LAVAL_5_MIN,long,79.0,77.77142857142857,77.77142857142857,stop,0.5,631.8802544378927,-776.3100268808391,59.43646210458372,-835.7464889854228,76795.2561990985
2009-08-17,BOLIDEN_5_min,short,67.838589,69.45117142857143,66.296803,eod,0.5,476.2253069266709,734.2375110652451,38.32720093495759,695.9103101302876,77491.16650922879
2009-08-17,ERICSSON_5_MIN,short,66.7,67.53571428571429,67.53571428571429,stop,0.5,927.2447274608537,-774.9116650922879,74.6816149850221,-849.5932800773099,76641.57322915147
2009-08-17,NORDEA_5_min,short,66.6,67.70357142857142,67.70357142857142,stop,0.5,694.4867477075219,-766.4157322915147,55.96323031616005,-822.3789626076748,75819.1942665438
2009-08-17,VOLVO_5_MIN,short,55.5,56.714285714285715,55.5,eod,0.5,624.3933645480072,0.0,41.58459807889728,-41.58459807889728,75777.6096684649
2009-08-17,ALFA_LAVAL_5_MIN,long,76.9,75.68214285714286,75.68214285714286,stop,0.5,622.2208418524982,-757.7760966846489,56.96387362813774,-814.7399703127867,74962.8696981521
2009-08-17,HM_5_min,long,203.5,201.44642857142858,201.44642857142858,stop,0.5,365.03658287796026,-749.6286969815211,88.69215632060899,-838.3208533021301,74124.54884484998
2009-08-17,INVESTOR_5_MIN,short,31.6875,32.042410714285715,31.4375,eod,0.5,2088.5407473265846,522.1351868316461,79.10348080499439,443.03170602665176,74567.58055087664
2009-08-18,BOLIDEN_5_min,long,67.398079,65.75403153571428,67.838589,eod,0.5,453.56099608275974,199.79815438441798,36.80284670699608,162.99530767742192,74730.57585855406
2009-08-18,ERICSSON_5_MIN,long,67.8,66.93928571428572,68.0,eod,0.5,868.2390556180608,173.64781112361462,70.74411825175959,102.90369287185503,74833.47955142592
2009-08-18,INVESTOR_5_MIN,long,31.75,31.386160714285715,31.625,eod,0.5,2056.7729349103624,-257.0966168637953,78.20879084996652,-335.30540771376184,74498.17414371215
2009-08-18,VOLVO_5_MIN,short,55.75,56.98392857142857,56.98392857142857,stop,0.5,603.7478657088108,-744.9817414371215,40.837721260781706,-785.8194626979032,73712.35468101424
2009-08-19,BOLIDEN_5_min,short,66.517058,68.16110546428573,65.415783,eod,0.5,448.3590424382282,493.7666044611602,35.491969354149006,458.27463510701125,74170.62931612125
2009-08-19,VOLVO_5_MIN,short,56.25,57.5,57.5,stop,0.5,593.36503452897,-741.7062931612124,40.4971636066022,-782.2034567678146,73388.42585935343
2009-08-20,ALFA_LAVAL_5_MIN,short,76.0,77.18571428571428,76.0,eod,0.5,618.9385313439459,0.0,56.44719405856786,-56.44719405856786,73331.97866529487
2009-08-20,ERICSSON_5_MIN,long,67.8,66.89285714285714,68.2,eod,0.5,808.3840167827769,323.35360671311537,65.9641357694746,257.3894709436408,73589.36813623851
2009-08-20,INVESTOR_5_MIN,long,32.0,31.654017857142858,32.4375,eod,0.5,2126.9701241958,930.5494293356626,82.23398242672012,848.3154469089425,74437.68358314746
2009-08-20,VOLVO_5_MIN,long,58.5,57.285714285714285,59.75,eod,0.5,613.0162177435668,766.2702721794585,43.493500648906064,722.7767715305524,75160.46035467801
2009-08-20,HM_5_min,long,203.0,200.84821428571428,200.84821428571428,stop,0.5,349.2934257146849,-751.6046035467801,84.63691574196915,-836.2415192887493,74324.21883538927
2009-08-21,ERICSSON_5_MIN,long,68.4,67.47857142857144,68.4,eod,0.5,806.6194292212857,0.0,66.20732275048313,-66.20732275048313,74258.01151263878
2009-08-21,NORDEA_5_min,long,70.2,69.02142857142857,73.4,eod,0.5,630.0679764708734,2016.2175247067967,54.28665685273046,1961.9308678540663,76219.94238049285
2009-08-24,ERICSSON_5_MIN,short,68.5,69.41785714285714,67.6,eod,0.5,830.4118236006989,747.3706412406337,67.81142951523306,679.5592117254007,76899.50159221825
2009-08-24,VOLVO_5_MIN,long,65.75,64.41071428571429,64.41071428571429,stop,0.5,574.182945221899,-768.9950159221827,44.84163736845451,-813.8366532906372,76085.66493892761
2009-08-24,INVESTOR_5_MIN,long,34.4375,34.051339285714285,34.051339285714285,stop,0.5,1970.310860846213,-760.8566493892762,80.96658233483618,-841.8232317241124,75243.84170720351
2009-08-24,ALFA_LAVAL_5_MIN,long,79.5,78.31785714285715,80.2,eod,0.5,636.503796918946,445.552657843264,60.98979382077341,384.5628640224906,75628.404571226
2009-08-24,NORDEA_5_min,long,74.1,72.87142857142857,75.4,eod,0.5,615.5800372076538,800.254048369957,55.21752933752655,745.0365190324304,76373.44109025843
2009-08-25,ABB_5_min,short,136.0,137.33035714285714,137.33035714285714,stop,0.5,574.08224175228,-763.7344109025844,94.14846250051365,-857.8828734030981,75515.55821685534
2009-08-25,ALFA_LAVAL_5_MIN,short,79.5,80.70714285714286,80.70714285714286,stop,0.5,625.5726716189208,-755.1555821685535,60.132726221746175,-815.2883083902997,74700.26990846504
2009-08-25,ASSA_5_min,long,37.916629,37.303534392857145,39.249961,eod,0.5,1218.4134232819856,1624.5496064914148,56.41248545093846,1568.1371210404764,76268.40702950551
2009-08-25,BOLIDEN_5_min,short,66.296803,67.86218792857143,65.856293,eod,0.5,487.21822752636245,214.6245014076395,38.632438317144725,175.99206309049478,76444.39909259601
2009-08-25,ERICSSON_5_MIN,short,66.8,67.75357142857142,67.0,eod,0.5,801.6641103343457,-160.33282206687142,64.35759477764127,-224.6904168445127,76219.70867575149
2009-08-25,INVESTOR_5_MIN,short,33.625,34.013392857142854,34.013392857142854,stop,0.5,1962.4384762492493,-762.197086757515,79.64171076871172,-841.8387975262267,75377.86987822526
2009-08-25,NORDEA_5_min,long,74.7,73.51428571428572,73.51428571428572,stop,0.5,635.7169748765999,-753.7786987822526,56.53340240866906,-810.3121011909217,74567.55777703434
2009-08-25,VOLVO_5_MIN,short,63.5,64.86607142857143,64.86607142857143,stop,0.5,545.8540177142374,-745.6755777703434,42.04148149648709,-787.7170592668305,73779.84071776751
2009-08-26,ALFA_LAVAL_5_MIN,short,83.3,84.60714285714285,79.5,eod,0.5,564.4359399173502,2144.8565716859293,55.134102611126764,2089.7224690748026,75869.56318684231
2009-08-27,ALFA_LAVAL_5_MIN,long,79.9,78.53928571428573,80.8,eod,0.5,557.5715929741714,501.8144336767495,53.76105299456961,448.05338068217986,76317.61656752448
2009-08-27,ASSA_5_min,long,37.399963,36.757701714285716,37.999962,eod,0.5,1188.2643133728463,712.9573997593907,53.75702406509346,659.2003756942972,76976.81694321879
2009-08-27,ERICSSON_5_MIN,long,66.9,66.03214285714286,66.8,eod,0.5,886.9756684815287,-88.69756684816043,71.15318812558823,-159.85075497374868,76816.96618824503
2009-08-27,VOLVO_5_MIN,long,63.25,61.88392857142857,61.88392857142857,stop,0.5,562.3202753649301,-768.1696618824503,42.219207103068726,-810.388868985519,76006.57731925951
2009-08-28,ALFA_LAVAL_5_MIN,long,82.0,80.66428571428571,80.66428571428571,stop,0.5,569.0331991816206,-760.0657731925951,55.5368273355559,-815.602600528151,75190.97471873136
2009-08-28,ERICSSON_5_MIN,long,67.2,66.40357142857144,68.8,eod,0.5,944.1019247195061,1510.5630795512043,77.0387170571117,1433.5243624940927,76624.49908122545
2009-08-28,HM_5_min,short,196.0,198.5,198.5,stop,0.5,306.4979963249018,-766.2449908122545,72.54807573010426,-838.7930665423588,75785.70601468309
2009-08-28,INVESTOR_5_MIN,long,33.25,32.854910714285715,33.5625,eod,0.5,1918.1918810496109,599.4349628280033,76.89551703157626,522.5394457964271,76308.24546047952
2009-08-31,ABB_5_min,short,137.5,138.85714285714286,136.75,eod,0.5,562.2712823403738,421.70346175528033,92.5217395091085,329.18172224617183,76637.42718272569
2009-08-31,ERICSSON_5_MIN,short,68.2,69.07857142857144,69.07857142857144,stop,0.5,872.2959191529706,-766.374271827257,71.84852258657546,-838.2227944138324,75799.20438831186
2009-08-31,INVESTOR_5_MIN,short,33.25,33.65625,33.125,eod,0.5,1865.826569558446,233.22832119480574,74.3065431326651,158.92177806214065,75958.126166374
2009-08-31,NORDEA_5_min,short,74.5,75.63571428571429,74.5,eod,0.5,668.8136895152426,0.0,59.79194384266268,-59.79194384266268,75898.33422253134
2009-09-01,ABB_5_min,long,137.75,136.36607142857142,136.36607142857142,stop,0.5,548.4266730918346,-758.9833422253134,90.19953905674505,-849.1828812820585,75049.15134124928
2009-09-01,ALFA_LAVAL_5_MIN,long,80.5,79.175,79.175,stop,0.5,566.4086893679179,-750.4915134124927,54.26478448489337,-804.756297897386,74244.39504335189
2009-09-01,ERICSSON_5_MIN,long,68.5,67.64285714285714,67.64285714285714,stop,0.5,866.1846088391013,-742.4439504335189,70.75490847631401,-813.1988589098329,73431.19618444206
2009-09-01,INVESTOR_5_MIN,long,33.3125,32.917410714285715,32.917410714285715,stop,0.5,1858.5975079452048,-734.3119618444206,73.8568482030029,-808.1688100474234,72623.02737439463
2009-09-02,ASSA_5_min,short,37.299963,37.89996239285714,37.366629,eod,0.5,1210.3850143676038,-80.69152736783673,54.22519441842001,-134.91672178625674,72488.11065260837
2009-09-02,HM_5_min,short,194.5,197.0,193.75,eod,0.5,289.9524426104335,217.4643319578251,67.54442150610048,149.9199104517246,72638.03056306009
2009-09-02,INVESTOR_5_MIN,short,32.1875,32.59375,31.875,eod,0.5,1788.0130600137868,558.7540812543084,68.72675199427992,490.02732926002847,73128.05789232012
2009-09-02,NORDEA_5_min,short,71.5,72.62142857142857,69.9,eod,0.5,652.0973315238765,1043.3557304381986,55.323937606485686,988.0317928317129,74116.08968515183
2009-09-02,ABB_5_min,long,134.75,133.27678571428572,133.27678571428572,stop,0.5,503.09103301436676,-741.1608968515184,80.90512350031219,-822.0660203518305,73294.0236648
2009-09-02,ERICSSON_5_MIN,long,69.2,68.30714285714286,68.30714285714286,stop,0.5,820.8930650457637,-732.940236648,67.72719597941142,-800.6674326274115,72493.35623217259
2009-09-03,BOLIDEN_5_min,long,61.583343,60.20989471428571,63.433486,eod,0.5,527.8200641858966,976.5425970130888,39.59183442425835,936.9507625888305,73430.30699476143
2009-09-04,BOLIDEN_5_min,long,64.843119,63.436632464285715,65.371732,eod,0.5,522.0832559016978,275.9799961519605,40.78979602610067,235.19020012585983,73665.49719488728
2009-09-07,ERICSSON_5_MIN,long,70.5,69.65357142857142,71.0,eod,0.5,870.3096715007744,435.1548357503872,73.88929111041574,361.26554463997144,74026.76273952726
2009-09-08,ERICSSON_5_MIN,short,71.4,72.23928571428571,72.23928571428571,stop,0.5,882.0210028539482,-740.2676273952726,76.01572010096343,-816.283347496236,73210.47939203102
2009-09-08,BOLIDEN_5_min,long,66.517058,65.19080728571429,67.838589,eod,0.5,552.0108574000658,729.4994603907626,44.499465538206344,684.9999948525563,73895.47938688357
2009-09-09,ABB_5_min,long,137.5,136.08928571428572,142.5,eod,0.5,523.8160564133549,2619.0802820667745,88.00109747744362,2531.079184589331,76426.5585714729
2009-09-09,ERICSSON_5_MIN,long,72.4,71.53214285714286,71.53214285714286,stop,0.5,880.6352427988602,-764.265585714729,76.05103054293613,-840.3166162576651,75586.24195521523
2009-09-10,ABB_5_min,long,143.25,141.69642857142858,146.25,eod,0.5,486.53213212552714,1459.5963963765814,84.51063135020406,1375.0857650263774,76961.3277202416
2009-09-10,ALFA_LAVAL_5_MIN,long,84.3,83.06785714285714,85.3,eod,0.5,624.6136742512341,624.6136742512341,63.56068749180558,561.0529867594286,77522.38070700104
2009-09-10,ERICSSON_5_MIN,long,71.8,70.91785714285714,71.6,eod,0.5,878.7962185409069,-175.75924370818387,75.61162664325963,-251.3708703514435,77271.0098366496
2009-09-11,ERICSSON_5_MIN,long,72.7,71.81785714285715,72.8,eod,0.5,875.9466702130362,87.59466702129865,76.47014430959806,11.124522711700592,77282.1343593613
2009-09-14,ABB_5_min,short,142.25,143.84821428571428,143.84821428571428,stop,0.5,483.55301945522405,-772.821343593613,83.00619322716291,-855.827536820776,76426.30682254053
2009-09-15,ABB_5_min,short,143.0,144.5625,142.0,eod,0.5,489.1283636642594,489.1283636642594,83.64095018658834,405.48741347767105,76831.7942360182
2009-09-15,ERICSSON_5_MIN,long,73.9,73.01785714285715,73.5,eod,0.5,870.9677079386723,-348.3870831754739,77.02838409009618,-425.4154672655701,76406.37876875263
2009-09-15,VOLVO_5_MIN,long,66.25,65.0625,65.0625,stop,0.5,643.4221370000222,-764.0637876875263,50.693621618889246,-814.7574093064155,75591.62135944622
2009-09-15,INVESTOR_5_MIN,short,32.5,32.85044642857143,32.85044642857143,stop,0.5,2157.0093228682617,-755.9162135944622,84.57691332001887,-840.4931269144811,74751.12823253173
2009-09-15,ASSA_5_min,long,38.633295,38.13448592857142,38.13448592857142,stop,0.5,1498.5919967021987,-747.5112823253173,69.02614926248688,-816.5374315878042,73934.59080094393
2009-09-16,ABB_5_min,long,143.5,141.97321428571428,143.5,eod,0.5,484.2499514447764,0.0,83.38784163879048,-83.38784163879048,73851.20295930514
2009-09-16,ASSA_5_min,long,38.966628,38.53805692857143,38.53805692857143,stop,0.5,1723.1961717139302,-738.5120295930515,80.13346581528516,-818.6454954083366,73032.55746389681
2009-09-16,BOLIDEN_5_min,long,70.217345,69.01223464285714,69.776835,eod,0.5,606.0238137613096,-266.95955019998786,50.90388412079235,-317.8634343207802,72714.69402957603
2009-09-16,HM_5_min,long,201.5,199.49107142857142,199.49107142857142,stop,0.5,361.9575880583318,-727.1469402957603,87.08505662832715,-814.2319969240874,71900.46203265194
2009-09-16,NORDEA_5_min,long,71.9,70.81428571428572,71.4,eod,0.5,662.2410976691606,-331.1205488345803,56.939489577594415,-388.0600384121747,71512.40199423976
2009-09-17,BOLIDEN_5_min,long,70.745958,69.58804517857143,70.305447,eod,0.5,617.5974621820993,-272.05847566329925,52.26779385913168,-324.32626952243095,71188.07572471733
2009-09-17,VOLVO_5_MIN,long,66.0,64.89285714285714,66.5,eod,0.5,642.9890710619607,321.49453553098033,51.11763114942587,270.3769043815545,71458.45262909889
2009-09-17,INVESTOR_5_MIN,long,32.875,32.53794642857143,32.53794642857143,stop,0.5,2120.0918395918206,-714.5845262909888,83.20887235612274,-797.7933986471115,70660.65923045177
2009-09-17,NORDEA_5_min,long,72.1,71.0142857142857,72.3,eod,0.5,650.8218613331064,130.16437226662313,56.38720606590034,73.7771662007228,70734.4363966525
2009-09-18,ABB_5_min,short,141.25,142.80357142857142,140.75,eod,0.5,455.30211933477824,227.65105966738912,77.03711859144447,150.61394107594464,70885.05033772845
2009-09-18,ALFA_LAVAL_5_MIN,short,86.1,87.0642857142857,87.0642857142857,stop,0.5,735.104225724596,-708.8505033772844,76.37627890389162,-785.226782281176,70099.82355544728
2009-09-18,ASSA_5_min,long,38.433295,38.00948578571429,38.00948578571429,stop,0.5,1654.0419885299953,-700.9982355544728,75.86374148373922,-776.861977038212,69322.96157840907
2009-09-18,INVESTOR_5_MIN,long,32.75,32.421875,32.421875,stop,0.5,2112.699781437229,-693.2296157840907,82.61316364101263,-775.8427794251033,68547.11879898397
2009-09-21,BOLIDEN_5_min,short,69.336325,70.49109132142857,69.424427,eod,0.5,593.6016449993446,-52.29749212772758,49.42116638912764,-101.71865851685521,68445.40014046711
2009-09-21,HM_5_min,long,204.25,202.29464285714286,202.29464285714286,stop,0.5,350.0404025448554,-684.4540014046712,85.38423026290124,-769.8382316675725,67675.56190879954
2009-09-23,ASSA_5_min,short,37.733296,38.12853378571429,38.12853378571429,stop,0.5,1712.2745940521377,-676.7556190879955,77.93777028023177,-754.6933893682273,66920.86851943131
2009-09-24,ABB_5_min,short,142.25,143.61607142857142,143.61607142857142,stop,0.5,489.8782532141421,-669.2086851943131,84.02374303477063,-753.2324282290838,66167.63609120224
2009-09-24,ALFA_LAVAL_5_MIN,short,85.3,86.25714285714285,83.3,eod,0.5,691.3036606543528,1382.6073213087057,69.93227831179432,1312.6750429969113,67480.31113419915
2009-09-24,ASSA_5_min,short,37.533296,37.91900996428571,37.91900996428571,stop,0.5,1749.4910058328567,-674.8031113419914,79.20187839232,-754.0049897343115,66726.30614446483
2009-09-24,HM_5_min,long,201.5,199.51785714285714,199.51785714285714,stop,0.5,336.63722018829037,-667.2630614446483,80.99852200466181,-748.2615834493101,65978.04456101553
2009-09-24,INVESTOR_5_MIN,short,32.25,32.55580357142857,31.75,eod,0.5,2157.530216301836,1078.765108150918,82.8491603059905,995.9159478449275,66973.96050886046
2009-09-24,NORDEA_5_min,short,71.7,72.63928571428572,71.2,eod,0.5,713.030758269235,356.5153791346175,61.1352572140042,295.3801219206133,67269.34063078107
2009-09-24,VOLVO_5_MIN,short,67.5,68.54464285714286,68.54464285714286,stop,0.5,643.9458248416623,-672.6934063078106,52.56322785595933,-725.25663416377,66544.0839966173
2009-09-25,ERICSSON_5_MIN,long,70.8,70.03928571428571,70.03928571428571,stop,0.5,874.7579116926212,-665.4408399661729,73.92016767342538,-739.3610076395983,65804.7229889777
2009-09-28,ABB_5_min,long,140.75,139.32142857142858,139.32142857142858,stop,0.5,460.6330609228478,-658.047229889777,77.40609565193512,-735.453325541712,65069.26966343598
2009-09-28,ERICSSON_5_MIN,long,70.6,69.86071428571428,69.86071428571428,stop,0.5,880.1640340947866,-650.6926966343598,74.17708135052969,-724.8697779848894,64344.399885451094
2009-09-29,ABB_5_min,short,140.75,142.27678571428572,141.25,eod,0.5,421.4370050976891,-210.71850254884455,71.30714126252899,-282.0256438113735,64062.37424163972
2009-09-29,ERICSSON_5_MIN,short,71.7,72.41785714285714,70.7,eod,0.5,892.4111834656295,892.4111834656295,76.24761151530338,816.1635719503262,64878.53781359005
2009-09-29,INVESTOR_5_MIN,long,32.25,31.939732142857142,31.939732142857142,stop,0.5,2091.0492762941217,-648.7853781359004,80.53433576570096,-729.3197139016013,64149.21809968844
2009-09-29,VOLVO_5_MIN,short,66.25,67.32142857142857,66.0,eod,0.5,598.7260355970933,149.68150889927333,47.50891092462935,102.17259797464398,64251.39069766308
2009-09-30,NORDEA_5_min,long,71.0,70.05357142857143,70.05357142857143,stop,0.5,678.8826186922907,-642.5139069766309,57.45529076839719,-699.969197745028,63551.421499918055
2009-09-30,ALFA_LAVAL_5_MIN,short,83.3,84.33214285714286,81.8,eod,0.5,615.7231148780982,923.5846723171472,60.99353175982439,862.5911405573229,64414.012640475376
2009-10-01,ALFA_LAVAL_5_MIN,short,81.5,82.50714285714285,79.5,eod,0.5,639.5717567139428,1279.1435134278856,61.782631698566874,1217.3608817293189,65631.3735222047
2009-10-01,ERICSSON_5_MIN,short,69.6,70.32499999999999,69.5,eod,0.5,905.2603244442098,90.52603244441583,75.55302667811374,14.973005766302094,65646.34652797099
2009-10-02,ERICSSON_5_MIN,short,68.6,69.31785714285714,69.31785714285714,stop,0.5,914.4764690463636,-656.4634652797099,75.67358101106446,-732.1370462907744,64914.20948168022
2009-10-02,HM_5_min,long,191.25,189.04464285714286,190.75,eod,0.5,294.3478324675384,-147.1739162337692,67.4645232015598,-214.63843943532902,64699.57104224489
2009-10-02,INVESTOR_5_MIN,short,31.1875,31.497767857142858,31.125,eod,0.5,2085.281138627746,130.3300711642341,77.96344857044484,52.36662259378927,64751.93766483868
2009-10-02,VOLVO_5_MIN,short,61.5,62.517857142857146,61.0,eod,0.5,636.1593875843781,318.07969379218906,46.75771498745179,271.3219788047373,65023.25964364342
2009-10-02,ALFA_LAVAL_5_MIN,long,79.1,78.03571428571428,78.03571428571428,stop,0.5,610.9568020208093,-650.2325964364342,57.60188008995335,-707.8344765263876,64315.42516711703
2009-10-05,ERICSSON_5_MIN,short,69.3,70.02499999999999,70.02499999999999,stop,0.5,887.109312649897,-643.1542516711703,74.15790299096813,-717.3121546621385,63598.11301245489
2009-10-05,ALFA_LAVAL_5_MIN,long,78.2,77.08214285714286,78.1,eod,0.5,568.9288065011916,-56.89288065012401,53.354143473681745,-110.24702412380576,63487.86598833108
2009-10-06,ERICSSON_5_MIN,short,70.1,70.80357142857142,70.5,eod,0.5,902.3656079559833,-360.9462431823984,76.12356268716674,-437.06980586956513,63050.79618246152
2009-10-06,NORDEA_5_min,long,69.0,67.98928571428571,69.6,eod,0.5,623.8241318406084,374.29447910436147,51.877214803864995,322.41726430049647,63373.21344676201
2009-10-07,ABB_5_min,short,139.5,140.9375,139.0,eod,0.5,440.8571370209531,220.42856851047654,73.66722759620126,146.76134091427528,63519.974787676285
2009-10-07,INVESTOR_5_MIN,short,31.375,31.685267857142858,31.685267857142858,stop,0.5,2047.26249675388,-635.1997478767629,77.46055285150963,-712.6603007282725,62807.31448694801
2009-10-07,NORDEA_5_min,short,69.0,70.025,68.2,eod,0.5,612.7542876775382,490.2034301420288,50.44193296161493,439.76149718041387,63247.07598412842
2009-10-07,VOLVO_5_MIN,short,62.0,63.00892857142857,62.0,eod,0.5,626.8736734710086,0.0,46.63940130624304,-46.63940130624304,63200.43658282218
2009-10-08,ALFA_LAVAL_5_MIN,long,82.0,80.82857142857142,82.1,eod,0.5,539.5159220484791,53.95159220484484,53.12073768489324,0.8308545199516004,63201.26743734213
2009-10-08,NORDEA_5_min,long,69.8,68.75357142857142,68.75357142857142,stop,0.5,603.971156397805,-632.0126743734213,50.20941645525609,-682.2220908286774,62519.045346513456
2009-10-08,BOLIDEN_5_min,long,68.2791,67.19670328571428,68.71961,eod,0.5,577.5982550701854,254.43780734096924,47.478129505719814,206.95967783524944,62726.005024348706
2009-10-08,ABB_5_min,long,143.0,141.625,143.75,eod,0.5,456.1891274498088,342.14184558735656,78.4873393777396,263.65450620961695,62989.659530558325
2009-10-12,ABB_5_min,long,147.0,145.48214285714286,148.5,eod,0.5,414.9906980836795,622.4860471255192,73.57785077023637,548.9081963552828,63538.56772691361
2009-10-12,ERICSSON_5_MIN,long,70.7,69.98214285714286,71.2,eod,0.5,885.1143762953154,442.5571881476577,75.35863799778315,367.19855014987456,63905.76627706348
2009-10-12,NORDEA_5_min,short,70.7,71.75714285714285,70.9,eod,0.5,604.5140053235776,-120.90280106471725,51.35950989229115,-172.2623109570084,63733.50396610647
2009-10-13,INVESTOR_5_MIN,short,31.9375,32.25,31.625,eod,0.5,2039.4721269154074,637.3350396610648,77.78036824023636,559.5546714208284,64293.0586375273
2009-10-13,ASSA_5_min,short,39.166628,39.60472285714286,39.066628,eod,0.5,1467.5602233002726,146.75602233002934,68.88720878692043,77.86881354310891,64370.927451070405
2009-10-13,ERICSSON_5_MIN,short,70.6,71.32857142857142,70.1,eod,0.5,883.5225336421438,441.7612668210719,74.58697229006977,367.17429453100215,64738.10174560141
2009-10-14,BOLIDEN_5_min,long,73.124713,71.94162821428571,76.472592,eod,0.5,547.1974834543737,1831.9509637097485,49.11556129653383,1782.8354024132148,66520.93714801462
2009-10-14,ERICSSON_5_MIN,long,70.5,69.75714285714285,71.2,eod,0.5,895.4741539155762,626.8319077409059,76.13321256590228,550.6986951750036,67071.63584318962
2009-10-14,VOLVO_5_MIN,long,64.75,63.776785714285715,66.25,eod,0.5,689.1764416914904,1033.7646625372356,54.16926831695114,979.5953942202844,68051.23123740991
2009-10-14,ALFA_LAVAL_5_MIN,short,83.6,84.78928571428571,84.1,eod,0.5,572.2025449391813,-286.10127246959064,57.575020071780415,-343.676292541371,67707.55494486855
2009-10-15,ALFA_LAVAL_5_MIN,long,84.7,83.57142857142857,84.1,eod,0.5,599.9403602709846,-359.96421616259585,60.76195968824531,-420.7261758508412,67286.82876901771
2009-10-15,ASSA_5_min,long,39.333294,38.89758010714286,38.89758010714286,stop,0.5,1544.289265779247,-672.8682876901771,72.486659481713,-745.3549471718901,66541.47382184582
2009-10-15,ATLAS_5_min,long,21.45,21.139285738214284,21.139285738214284,stop,0.5,2141.564839651171,-665.4147382184582,54.72463012969006,-720.1393683481482,65821.33445349768
2009-10-15,BOLIDEN_5_min,long,77.617919,76.34043914285715,76.34043914285715,stop,0.5,515.2436187973287,-658.2133445349768,47.59563695617254,-705.8089814911493,65115.52547200653
2009-10-15,HM_5_min,long,202.5,200.80357142857142,203.25,eod,0.5,383.8388869928778,287.87916524465834,93.44557703841609,194.43358820624223,65309.95906021277
2009-10-15,INVESTOR_5_MIN,long,32.5,32.176339285714285,32.375,eod,0.5,2017.8525282051883,-252.23156602564853,78.54490966038695,-330.7764756860355,64979.18258452674
2009-10-15,NORDEA_5_min,long,73.3,72.18928571428572,72.18928571428572,stop,0.5,585.0215795391503,-649.7918258452673,51.06862304075649,-700.8604488860238,64278.322135640716
2009-10-16,ATLAS_5_min,long,21.27500004,20.961607216785712,21.00000015,eod,0.5,2051.0463984585112,-564.0375339609798,52.024792130719426,-616.0623260916992,63662.25980954902
2009-10-16,ERICSSON_5_MIN,long,72.4,71.62142857142858,72.6,eod,0.5,817.6804012235692,163.53608024470455,71.13819490645051,92.39788533825404,63754.65769488727
2009-10-19,ERICSSON_5_MIN,long,72.6,71.80714285714285,73.3,eod,0.5,804.1127997553333,562.8789598287356,70.39203449058186,492.4869253381537,64247.14462022542
2009-10-20,BOLIDEN_5_min,long,79.556164,78.37622571428571,78.37622571428571,stop,0.5,544.4958045524631,-642.4714462022542,51.59611416142388,-694.0675603636781,63553.077059861746
2009-10-21,ALFA_LAVAL_5_MIN,short,83.1,84.17142857142856,84.17142857142856,stop,0.5,593.1620525587107,-635.5307705986174,59.53143834351379,-695.0622089421312,62858.014850919615
2009-10-22,INVESTOR_5_MIN,short,31.8125,32.098214285714285,31.625,eod,0.5,2200.0305197821945,412.50572245916146,83.73866165920978,328.76706079995165,63186.78191171957
2009-10-22,NORDEA_5_min,long,74.4,73.40714285714286,73.40714285714286,stop,0.5,636.4136307655181,-631.8678191171957,56.43988826327514,-688.3077073804709,62498.474204339094
2009-10-22,ERICSSON_5_MIN,long,68.5,67.66071428571429,69.4,eod,0.5,744.6626713708542,670.196404233773,61.613389429224476,608.5830148045485,63107.057219143644
2009-10-26,ASSA_5_min,long,38.999961,38.57139,38.57139,stop,0.5,1472.4994742794993,-631.0705721914364,68.5342641399903,-699.6048363314268,62407.45238281222
2009-10-26,ALFA_LAVAL_5_MIN,short,89.1,90.17857142857142,88.15,eod,0.5,578.6121412976003,549.6815342327137,61.53540122699979,488.1461330057139,62895.59851581793
2009-10-27,ALFA_LAVAL_5_MIN,short,88.2,89.26785714285714,89.26785714285714,stop,0.5,588.9888824223791,-628.9559851581794,62.71595690667951,-691.6719420648589,62203.92657375307
2009-10-27,INVESTOR_5_MIN,short,31.2,31.507142857142856,31.507142857142856,stop,0.5,2025.2441210059153,-622.0392657375307,76.19836344990398,-698.2376291874348,61505.68894456564
2009-10-27,NORDEA_5_min,long,72.5,71.53392857142858,74.4,eod,0.5,636.6577783541015,1209.6497788727966,56.1150165841305,1153.5347622886661,62659.22370685431
2009-10-28,ASSA_5_min,long,39.89996,39.417817642857145,39.417817642857145,stop,0.5,1299.6000616533433,-626.5922370685431,61.84883322891799,-688.4410702974611,61970.78263655685
2009-10-28,ERICSSON_5_MIN,short,72.05,73.17142857142856,73.17142857142856,stop,0.5,552.6057050393629,-619.7078263655685,48.15011395352265,-667.8579403190912,61302.92469623776
2009-10-28,NORDEA_5_min,short,75.95,76.94821428571429,76.94821428571429,stop,0.5,614.1259003558716,-613.0292469623776,56.33925210661157,-669.3684990689891,60633.55619716877
2009-11-02,ABB_5_min,long,132.7,130.6142857142857,133.9,eod,0.5,290.7088310823156,348.85059729878367,46.50178461992719,302.34881267885646,60935.90500984763
2009-11-02,ASSA_5_min,short,41.099959,41.68686314285714,41.68686314285714,stop,0.5,1038.2599228760232,-609.3590500984764,51.572543743916334,-660.9315938423927,60274.97341600524
2009-11-02,BOLIDEN_5_min,short,74.886755,76.41438196428571,76.41438196428571,stop,0.5,394.5660480285412,-602.7497341600524,35.81897500453395,-638.5687091645864,59636.40470684065
2009-11-02,INVESTOR_5_MIN,short,31.35,31.689285714285717,31.075,eod,0.5,1757.7045597805613,483.3687539396581,65.83482428658093,417.53392965307717,60053.93863649373
2009-11-02,NORDEA_5_min,long,76.2,75.10357142857143,75.10357142857143,stop,0.5,547.7232188344686,-600.5393863649373,49.72348749840484,-650.2628738633422,59403.67576263039
2009-11-02,ALFA_LAVAL_5_MIN,long,86.95,85.78571428571429,85.78571428571429,stop,0.5,510.21562004713365,-594.0367576263039,52.879475741142144,-646.9162333674461,58756.75952926294
2009-11-02,ERICSSON_5_MIN,long,74.9,73.70714285714287,74.9,eod,0.5,492.5716367722671,0.0,44.272338713091365,-44.272338713091365,58712.48719054985
2009-11-03,ABB_5_min,long,132.3,130.1482142857143,130.1482142857143,stop,0.5,272.85471225483644,-587.1248719054985,42.96613919443454,-630.091011099933,58082.39617944992
2009-11-03,BOLIDEN_5_min,short,75.899928,77.45587350000001,75.723724,eod,0.5,373.29325596204785,65.7757648735361,33.96005204156188,31.815712831974224,58114.21189228189
2009-11-03,INVESTOR_5_MIN,short,30.825,31.162946428571427,30.7,eod,0.5,1719.6279344611855,214.9534918076482,63.48006520063466,151.47342660701352,58265.68531888891
2009-11-04,VOLVO_5_MIN,long,67.7,66.32678571428572,69.15,eod,0.5,424.3014795653816,615.2371453698046,34.83939448711349,580.3977508826911,58846.0830697716
2009-11-06,INVESTOR_5_MIN,long,31.575,31.23482142857143,31.23482142857143,stop,0.5,1729.858609925051,-588.460830697716,65.19126623164155,-653.6520969293575,58192.430972842245
2009-11-09,BOLIDEN_5_min,long,80.084776,78.53355025,80.965797,eod,0.5,375.1383766859352,330.50478776621554,36.249750311735816,294.25503745447975,58486.686010296726
2009-11-10,BOLIDEN_5_min,short,80.65744,82.21967853571428,79.600215,eod,0.5,374.37743771667664,395.8011865900091,35.99811015202989,359.8030764379792,58846.489086734706
2009-11-10,HM_5_min,long,216.9,214.80535714285716,214.80535714285716,stop,0.5,280.9380553160413,-588.4648908673471,72.76947810313881,-661.2343689704859,58185.25471776422
2009-11-11,HM_5_min,long,217.1,214.95,216.1,eod,0.5,270.62909171053053,-270.62909171053053,70.34191351740108,-340.97100522793164,57844.283712536286
2009-11-11,ABB_5_min,long,137.9,135.925,136.9,eod,0.5,292.8824491773998,-292.8824491773998,48.29045822036968,-341.17290739776945,57503.110805138516
2009-11-16,ABB_5_min,short,134.6,136.47857142857143,133.7,eod,0.5,306.1002096091016,275.4901886481932,49.27601174287318,226.21417690532004,57729.324982043836
2009-11-16,HM_5_min,short,210.2,212.3392857142857,210.25,eod,0.5,269.85327203626616,-13.492663601816377,68.07588493658886,-81.56854853840524,57647.756433505434
2009-11-16,BOLIDEN_5_min,long,82.155175,80.74554189285715,83.124298,eod,0.5,408.9557498429512,396.3284231550488,40.55519448861769,355.7732286664311,58003.529662171866
2009-11-17,HM_5_min,short,208.95,211.33749999999998,208.0,eod,0.5,242.9467210981032,230.7993850431953,60.777981217112476,170.0214038260828,58173.55106599795
2009-11-17,VOLVO_5_MIN,short,72.7,73.84642857142858,71.75,eod,0.5,507.4328441893898,482.06120197992175,43.97920460589441,438.0819973740273,58611.63306337198
2009-11-17,ERICSSON_5_MIN,long,72.5,71.74821428571428,72.35,eod,0.5,779.6321737645654,-116.94482606468925,67.75783222187837,-184.7026582865676,58426.93040508541
2009-11-18,ALFA_LAVAL_5_MIN,long,91.25,90.09107142857142,92.1,eod,0.5,504.14608670027314,428.5241736952293,55.461110997897045,373.06306269733227,58799.99346778274
2009-11-18,BOLIDEN_5_min,long,83.608859,82.31092671428571,83.564808,eod,0.5,453.02820582372493,-19.956345494739125,45.4406318531897,-65.39697734792882,58734.596490434815
2009-11-23,ABB_5_min,long,131.2,129.81428571428572,132.4,eod,0.5,423.8579128175751,508.62949538109734,67.03736749122767,441.5921278898697,59176.18861832468
2009-11-23,ALFA_LAVAL_5_MIN,long,93.1,91.99285714285713,94.9,eod,0.5,534.4946068751888,962.0902923753458,60.29099165552129,901.7993007198245,60077.987919044506
2009-11-23,ERICSSON_5_MIN,long,70.45,69.78214285714286,70.5,eod,0.5,899.563455472322,44.978172773613544,76.07608142929426,-31.09790865568072,60046.89001038882
2009-11-23,INVESTOR_5_MIN,long,32.125,31.84732142857143,32.25,eod,0.5,2162.4603476410225,270.3075434551278,83.52503092763449,186.78251252749334,60233.67252291631
2009-11-23,NORDEA_5_min,long,76.1,75.1625,79.0,eod,0.5,642.4925069111073,1863.2282700422147,59.790352693147646,1803.437917349067,62037.11044026538
2009-11-23,BOLIDEN_5_min,long,83.564808,82.54376796428572,83.608859,eod,0.5,607.5874429043979,26.76483444737924,60.943572512088785,-34.17873806470955,62002.93170220067
2009-11-24,ERICSSON_5_MIN,short,69.6,70.21964285714284,69.3,eod,0.5,1000.6236816493598,300.1871044948051,83.39197762865764,216.79512686614748,62219.72682906682
2009-11-24,NORDEA_5_min,short,77.9,78.85714285714286,77.6,eod,0.5,650.0568474678635,195.01705424036643,60.65030386875166,134.36675037161478,62354.093579438435
2009-11-24,ABB_5_min,long,131.8,130.46785714285716,132.5,eod,0.5,468.0736247250076,327.6515373075,74.2271154088917,253.4244218986083,62607.51800133704
2009-11-24,BOLIDEN_5_min,short,81.670613,82.67592053571428,82.67592053571428,stop,0.5,622.769807020832,-626.0751800133704,61.41003538474768,-687.485215398118,61920.03278593892
2009-11-25,ABB_5_min,long,132.9,131.60357142857143,131.60357142857143,stop,0.5,477.6200876050361,-619.2003278593892,75.79933137453551,-694.9996592339247,61225.033126705
2009-11-25,ASSA_5_min,long,43.899956,43.36662321428572,43.933289,eod,0.5,1147.9705498454787,38.26530233799813,60.49798713441758,-22.23268479641945,61202.80044190858
2009-11-25,BOLIDEN_5_min,long,81.362256,80.40886575,80.40886575,stop,0.5,641.9490910664199,-612.0280044190857,62.309294740924585,-674.3372991600103,60528.463142748566
2009-11-25,HM_5_min,long,211.5,209.5392857142857,209.5392857142857,stop,0.5,308.7061872489904,-605.2846314274857,77.98645954493726,-683.2710909724229,59845.19205177614
2009-11-25,INVESTOR_5_MIN,long,32.525,32.25089285714286,32.75,eod,0.5,2183.277364755372,491.2374070699619,85.50805799064415,405.7293490793177,60250.921400855455
2009-11-25,NORDEA_5_min,long,78.35,77.45714285714286,77.45714285714286,stop,0.5,674.8103196895842,-602.5092140085545,63.084160728809564,-665.5933747373641,59585.32802611809
2009-11-26,ABB_5_min,long,131.5,130.26785714285714,130.26785714285714,stop,0.5,483.59106803805827,-595.8532802611809,75.95315856824887,-671.8064388294298,58913.52158728866
2009-11-26,BOLIDEN_5_min,short,80.172878,81.12154849999999,76.825,eod,0.5,621.0114216399602,2079.070476257143,58.49848524674221,2020.571991010401,60934.093578299064
2009-11-27,INVESTOR_5_MIN,long,31.55,31.288392857142856,32.25,eod,0.5,2329.221324494694,1630.454927146284,89.16259230165687,1541.2923348446272,62475.38591314369
2009-11-27,NORDEA_5_min,long,72.35,71.40714285714286,74.9,eod,0.5,662.6177293818319,1689.6752099236787,58.542276390884844,1631.132933532794,64106.51884667649
2009-11-27,VOLVO_5_MIN,long,65.9,65.09821428571429,67.1,eod,0.5,799.5467829429589,959.4561395315416,63.80383327884811,895.6523062526935,65002.17115292918
2009-11-30,SWEDBANK_5_MIN,long,66.55,65.54821428571428,65.54821428571428,stop,0.5,648.8630275515196,-650.0217115292918,51.42818835334677,-701.4498998826385,64300.72125304654
2009-12-01,ABB_5_min,long,129.2,127.86071428571428,129.6,eod,0.5,480.11205202274965,192.0448208091026,74.55179943809256,117.49302137101003,64418.21427441755
2009-12-01,ALFA_LAVAL_5_MIN,long,94.5,93.275,96.5,eod,0.5,525.8629736687171,1051.7259473374343,60.26389678243497,991.4620505549993,65409.67632497255
2009-12-01,ASSA_5_min,long,43.399957,42.82376710714286,44.433289,eod,0.5,1135.2104078158432,1173.0492411291625,59.825529006869566,1113.223712122293,66522.90003709483
2009-12-01,BOLIDEN_5_min,long,79.027552,77.83188107142857,80.305031,eod,0.5,556.364618788343,710.7441168451135,53.188207080814216,657.5559097642993,67180.45594685913
2009-12-01,INVESTOR_5_MIN,long,32.125,31.865178571428572,32.425,eod,0.5,2585.6395415973357,775.6918624791933,100.1418194460648,675.5500430331285,67856.00598989226
2009-12-01,NORDEA_5_min,long,73.8,72.76607142857142,73.95,eod,0.5,656.2929767588865,98.4439465138367,58.18037238967529,40.263574124161416,67896.26956401643
2009-12-02,INVESTOR_5_MIN,short,32.375,32.64821428571429,32.5,eod,0.5,2485.0922193365195,-310.63652741706494,96.732214637674,-407.36874205473896,67488.9008219617
2009-12-02,ALFA_LAVAL_5_MIN,short,96.2,97.51428571428572,97.51428571428572,stop,0.5,513.5025062540554,-674.8890082196169,59.683662726899925,-734.5726709465168,66754.32815101517
2009-12-02,BOLIDEN_5_min,short,80.393134,81.6360025,81.406307,eod,0.5,537.0988817482715,-544.1740853175387,52.14137929715726,-596.315464614696,66158.01268640047
2009-12-03,ASSA_5_min,long,45.799954,45.160668928571425,45.160668928571425,stop,0.5,1034.8749821196495,-661.5801268640047,56.47972381607852,-718.0598506800832,65439.95283572039
2009-12-03,BOLIDEN_5_min,long,82.683787,81.42990575,81.42990575,stop,0.5,521.8991258998474,-654.3995283572038,51.39047567665266,-705.7900040338565,64734.16283168653
2009-12-04,ABB_5_min,short,129.7,131.02499999999998,129.8,eod,0.5,488.5597194844309,-48.8559719484542,76.06874832372588,-124.92472027218008,64609.23811141435
2009-12-07,ERICSSON_5_MIN,long,67.1,66.33571428571427,67.0,eod,0.5,845.3545173456025,-84.53545173455545,68.01722446562717,-152.55267620018262,64456.68543521417
2009-12-07,INVESTOR_5_MIN,short,32.925,33.21339285714286,33.21339285714286,stop,0.5,2235.0305785584897,-644.5668543521417,88.69279827145719,-733.2596526235989,63723.425782590566
2009-12-08,ASSA_5_min,long,46.66662,45.974954000000004,46.46662,eod,0.5,921.3034294383527,-184.26068588767316,51.48238404402309,-235.74306993169625,63487.68271265887
2009-12-08,ERICSSON_5_MIN,short,66.95,67.72678571428573,67.72678571428573,stop,0.5,817.3126969905425,-634.8768271265888,66.04382817249613,-700.9206552990848,62786.76205735978
2009-12-08,NORDEA_5_min,short,74.5,75.70357142857142,73.0,eod,0.5,521.6704265893422,782.5056398840134,46.16783275315679,736.3378071308566,63523.099864490636
2009-12-09,ALFA_LAVAL_5_MIN,short,98.25,99.53035714285714,97.15,eod,0.5,496.13578694720763,545.7493656419256,58.166959661690626,487.58240598023497,64010.68227047087
2009-12-09,HM_5_min,long,198.4,196.6357142857143,196.6357142857143,stop,0.5,362.81358371926996,-640.1068227047087,85.99459391826095,-726.1014166229697,63284.580853847896
2009-12-09,NORDEA_5_min,long,73.3,72.03214285714286,73.0,eod,0.5,499.14598983316813,-149.74379694994903,43.8150349875555,-193.55883193750452,63091.022021910394
2009-12-10,HM_5_min,long,197.85,196.075,197.75,eod,0.5,355.44237758822646,-35.54423775882063,84.36780274434142,-119.91204050316205,62971.10998140723
2009-12-11,INVESTOR_5_MIN,long,32.85,32.542857142857144,32.8,eod,0.5,2050.222185441167,-102.51110927206709,80.75825188452754,-183.26936115659464,62787.84062025064
2009-12-11,VOLVO_5_MIN,long,66.85,65.88571428571429,66.35,eod,0.5,651.1331619877885,-325.56658099389426,52.03856230606405,-377.6051432999583,62410.23547695068
2009-12-14,ABB_5_min,long,130.0,128.76785714285714,129.6,eod,0.5,506.51785314626466,-202.60714125850873,78.89522080606217,-281.5023620645709,62128.733114886105
2009-12-14,HM_5_min,long,199.05,197.31428571428572,197.31428571428572,stop,0.5,357.9433183573667,-621.2873311488611,85.12556862415128,-706.4128997730123,61422.32021511309
2009-12-15,ASSA_5_min,short,47.633286,48.291618785714284,46.399954,eod,0.5,932.9980451827312,1150.6963450613057,52.63969746131915,1098.0566475999865,62520.37686271308
2009-12-15,HM_5_min,long,197.0,195.2732142857143,195.2732142857143,stop,0.5,362.0621617695904,-625.2037686271308,85.21637278115489,-710.4201414082856,61809.95672130479
2009-12-15,VOLVO_5_MIN,short,65.35,66.33035714285714,64.4,eod,0.5,630.4840758457309,598.9598720534372,49.08318530459014,549.876686748847,62359.83340805364
2009-12-16,ERICSSON_5_MIN,long,66.55,65.77678571428571,66.75,eod,0.5,806.5013096653554,161.30026193307336,64.50397474703512,96.79628718603824,62456.62969523967
2009-12-16,INVESTOR_5_MIN,long,32.95,32.65982142857143,32.775,eod,0.5,2152.3515464205825,-376.6615206236111,84.87798323309565,-461.5395038567068,61995.090191382966
2009-12-16,NORDEA_5_min,long,74.1,72.86428571428571,75.2,eod,0.5,501.6943714909625,551.863808640063,44.94178179816041,506.92202684190255,62502.01221822487
2009-12-18,ABB_5_min,long,134.0,132.81785714285715,132.81785714285715,stop,0.5,528.7179281300022,-625.0201221822487,84.64283076999499,-709.6629529522436,61792.34926527262
2009-12-18,ERICSSON_5_MIN,long,65.95,65.25892857142857,65.25892857142857,stop,0.5,894.1528575853339,-617.9234926527262,70.39250305371168,-688.3159957064379,61104.033269566185
2009-12-18,INVESTOR_5_MIN,long,32.55,32.29821428571428,32.475,eod,0.5,2426.826853259343,-182.01201399444037,94.68264967991324,-276.6946636743536,60827.33860589183
2009-12-21,ERICSSON_5_MIN,long,65.7,65.0482142857143,66.1,eod,0.5,933.2413594328698,373.29654377313994,73.80072670395133,299.4958170691886,61126.83442296102
2009-12-22,ABB_5_min,long,135.4,134.27857142857144,137.5,eod,0.5,545.0800521792726,1144.6681095764693,89.2514077438341,1055.4167018326352,62182.251124793656
2009-12-22,ERICSSON_5_MIN,long,66.5,65.88928571428572,66.85,eod,0.5,1018.1889073065717,356.3661175572943,81.46529447359879,274.9008230836955,62457.151947877355
2009-12-22,INVESTOR_5_MIN,long,33.1,32.86875,33.05,eod,0.5,2700.8498139622307,-135.04249069812306,107.19672911616092,-242.23921981428398,62214.91272806307
2009-12-22,VOLVO_5_MIN,long,63.45,62.533928571428575,63.45,eod,0.5,679.149144789773,0.0,51.71041588429332,-51.71041588429332,62163.20231217878
2009-12-23,ERICSSON_5_MIN,short,66.8,67.39999999999999,66.9,eod,0.5,1036.0533718696563,-103.60533718697447,83.11220149138383,-186.7175386783583,61976.48477350042
2009-12-28,INVESTOR_5_MIN,long,33.8,33.566071428571426,33.566071428571426,stop,0.5,2649.376448332849,-619.7648477350042,107.08684983573933,-726.8516975707436,61249.633075929676
2009-12-28,VOLVO_5_MIN,long,63.15,62.30535714285714,62.30535714285714,stop,0.5,725.1542182351072,-612.4963307592968,54.58468885940085,-667.0810196186977,60582.552056310975
2009-12-28,ABB_5_min,long,138.7,137.575,138.3,eod,0.5,538.5115738338753,-215.4046295335379,89.50062357119006,-304.905253104728,60277.64680320625
2009-12-28,BOLIDEN_5_min,long,80.437185,79.59077582142856,80.349083,eod,0.5,712.1572914053529,-62.74248168739892,68.7030678684331,-131.44554955583203,60146.20125365042
2009-12-30,SKF_5_min,long,125.7,124.49642857142857,124.49642857142857,stop,0.5,499.731048991751,-601.4620125365042,75.01855422239382,-676.480566758898,59469.720686891524
2010-01-04,VOLVO_5_MIN,long,62.2,61.45357142857143,63.15,eod,0.5,796.7235307334726,756.8873541967955,59.92157674646447,696.9657774503311,60166.68646434185
2010-01-04,ERICSSON_5_MIN,long,66.3,65.81964285714285,66.9,eod,0.5,1252.5406847595289,751.524410855728,100.10305152598153,651.4213593297465,60818.1078236716
2010-01-04,ABB_5_min,long,138.5,137.47857142857143,138.6,eod,0.5,595.4220346373438,59.542203463731,98.99486747880478,-39.45266401507378,60778.655159656526
2010-01-04,ALFA_LAVAL_5_MIN,long,100.5,99.66071428571429,101.3,eod,0.5,724.171210412934,579.3369683303451,87.68265015679803,491.6543181735471,61270.30947783007
2010-01-07,ALFA_LAVAL_5_MIN,short,101.8,102.64999999999999,102.64999999999999,stop,0.5,720.8271703274174,-612.7030947783007,88.42386898406427,-701.126963762365,60569.18251406771
2010-01-07,ERICSSON_5_MIN,long,69.3,68.83749999999999,69.9,eod,0.5,1309.6039462500967,785.7623677500692,109.37812159080808,676.3842461592611,61245.56676022697
2010-01-07,HM_5_min,short,196.5,198.07857142857142,196.35,eod,0.5,387.9809659018919,58.197144885285994,91.45099347273494,-33.25384858744894,61212.31291163952
2010-01-07,VOLVO_5_MIN,short,64.4,65.15357142857144,65.15357142857144,stop,0.5,812.2960955099031,-612.1231291163953,63.141516138475154,-675.2646452548704,60537.04826638465
2010-01-07,ABB_5_min,long,142.0,141.06071428571428,141.06071428571428,stop,0.5,644.5008940907854,-605.3704826638465,109.45973006347151,-714.830212727318,59822.21805365733
2010-01-08,BOLIDEN_5_min,long,92.242861,91.15889089285714,91.15889089285714,stop,0.5,551.8806991028317,-598.2221805365733,60.72953223078844,-658.9517127673618,59163.26634088997
2010-01-11,BOLIDEN_5_min,long,92.947678,91.81651035714285,91.81651035714285,stop,0.5,523.028277147788,-591.6326634088996,57.98213706902747,-649.614800477927,58513.651540412044
2010-01-12,ASSA_5_min,short,46.833287,47.31781032142857,45.499955,eod,0.5,1207.6539756206246,1610.203690622197,66.90396406994473,1543.2997265522522,60056.95126696429
2010-01-12,VOLVO_5_MIN,short,66.3,67.11785714285713,64.8,eod,0.5,734.3208015174735,1101.4812022762103,57.76167424736445,1043.7195280288458,61100.67079499314
2010-01-13,ASSA_5_min,short,45.666621,46.16662053571429,46.16662053571429,stop,0.5,1222.0145506276544,-611.0067079499314,67.33293443276804,-678.3396423826995,60422.33115261044
2010-01-13,BOLIDEN_5_min,short,87.793707,89.03500221428571,89.03500221428571,stop,0.5,486.7684210591244,-604.2233115261043,51.64477894929654,-655.8680904754009,59766.46306213504
2010-01-13,NORDEA_5_min,short,74.5,75.16785714285714,75.16785714285714,stop,0.5,894.8989121603086,-597.6646306213504,80.36256152550439,-678.0271921468548,59088.435869988185
2010-01-14,BOLIDEN_5_min,short,89.599799,90.86469292857143,88.630677,eod,0.5,467.14143008594283,452.7170370077485,49.95530366612298,402.76173334162553,59491.19760332981
2010-01-14,ERICSSON_5_MIN,long,71.0,70.39464285714286,71.45,eod,0.5,982.7454471346492,442.23545121059493,83.99525336659848,358.24019784399644,59849.43780117381
2010-01-14,NORDEA_5_min,long,75.7,75.07321428571429,75.07321428571429,stop,0.5,954.8628253178691,-598.4943780117381,86.38064242506817,-684.8750204368064,59164.562780737004
2010-01-14,VOLVO_5_MIN,long,65.5,64.65892857142858,65.15,eod,0.5,703.442784654201,-246.20497462896634,55.14287988904282,-301.34785451800917,58863.21492621899
2010-01-18,BOLIDEN_5_min,long,90.568922,89.29616178571429,93.652494,eod,0.5,462.48471837449586,1426.1049280074826,51.119753818386506,1374.9851741890961,60238.20010040809
2010-01-18,ALFA_LAVAL_5_MIN,short,100.7,101.73214285714286,101.3,eod,0.5,583.6226999347489,-350.173619960846,70.73507123209156,-420.90869119293757,59817.29140921515
2010-01-19,ABB_5_min,short,138.3,139.42142857142858,139.42142857142858,stop,0.5,533.4025985535131,-598.1729140921515,88.88239900439633,-687.0553130965478,59130.2360961186
2010-01-19,BOLIDEN_5_min,short,92.683372,94.0662597857143,94.0662597857143,stop,0.5,427.58520761376656,-591.302360961186,47.91082804733346,-639.2131890085194,58491.02290711008
2010-01-20,ALFA_LAVAL_5_MIN,short,102.0,103.04107142857143,103.04107142857143,stop,0.5,561.8348684044882,-584.9102290711007,69.11953403015202,-654.0297631012528,57836.993144008826
2010-01-20,ASSA_5_min,short,44.366622,44.85709767857143,43.799956,eod,0.5,1179.2020618120412,668.2137155587797,62.379726336307286,605.8339892224724,58442.8271332313
2010-01-20,BOLIDEN_5_min,short,94.974025,96.42141610714286,91.890453,eod,0.5,403.7804767820973,1245.086172351927,45.27133681228663,1199.8148355396404,59642.64196877094
2010-01-20,INVESTOR_5_MIN,short,33.875,34.10178571428572,34.10178571428572,stop,0.5,2629.9117718512725,-596.4264196877094,107.26376937756686,-703.6901890652763,58938.95177970567
2010-01-20,NORDEA_5_min,short,71.95,72.60178571428571,70.4,eod,0.5,904.2688492228899,1401.6167162954769,77.23360241212703,1324.3831138833498,60263.33489358902
2010-01-20,VOLVO_5_MIN,short,66.0,66.875,65.25,eod,0.5,688.7238273553031,516.5428705164774,54.23700140423012,462.30586911224725,60725.64076270127
2010-01-21,BOLIDEN_5_min,long,94.004902,92.44109032142858,92.44109032142858,stop,0.5,388.318117806713,-607.2564076270127,43.44021408651721,-650.6966217135299,60074.94414098774
2010-01-21,NORDEA_5_min,long,71.0,70.28392857142858,70.28392857142858,stop,0.5,838.9518383778878,-600.7494414098774,71.11824696495012,-671.8676883748275,59403.07645261291
2010-01-21,INVESTOR_5_MIN,short,33.85,34.081250000000004,33.55,eod,0.5,2568.7816844372837,770.6345053311961,103.88153131864374,666.7529740125524,60069.82942662547
2010-01-21,HM_5_min,short,201.3,202.93928571428572,202.93928571428572,stop,0.5,366.4390466112249,-600.6982942662547,88.87743507596726,-689.575729342222,59380.253697283246
2010-01-22,ERICSSON_5_MIN,long,71.45,70.73392857142858,71.9,eod,0.5,829.2504256977254,373.1626915639788,71.32382911426136,301.83886244971745,59682.09255973296
2010-01-22,VOLVO_5_MIN,long,63.7,62.776785714285715,63.5,eod,0.5,646.4598033549399,-129.29196067098982,49.337812192049014,-178.62977286303885,59503.462786869924
2010-01-22,BOLIDEN_5_min,short,89.247391,90.91975699999999,90.91975699999999,stop,0.5,355.8040691264355,-595.0346278686992,38.462522628782835,-633.497150497482,58869.96563637244
2010-01-25,BOLIDEN_5_min,short,89.864105,91.59625453571428,91.59625453571428,stop,0.5,339.86653243593247,-588.6996563637244,37.00338190198848,-625.703038265713,58244.26259810673
2010-01-25,ERICSSON_5_MIN,short,69.2,69.9625,69.9625,stop,0.5,763.8591816145116,-582.4426259810673,63.780332016857685,-646.2229579979249,57598.03964010881
2010-01-25,INVESTOR_5_MIN,short,33.025,33.27946428571428,33.27946428571428,stop,0.5,2263.501908663934,-575.9803964010881,90.04816887819234,-666.0285652792804,56932.01107482953
2010-01-25,ABB_5_min,long,133.3,131.89642857142857,133.8,eod,0.5,405.6224707621412,202.8112353810706,65.00505716434074,137.80617821672985,57069.817253046254
2010-01-25,NORDEA_5_min,long,69.1,68.32142857142857,69.1,eod,0.5,733.0068271033498,0.0,60.780926103409755,-60.780926103409755,57009.03632694284
2010-01-26,BOLIDEN_5_min,short,88.983085,90.81434935714286,89.423595,eod,0.5,311.30970307251806,-137.13503730047594,33.323838346172245,-170.45887564664818,56838.577451296194
2010-01-26,HM_5_min,short,199.45,201.18571428571428,201.18571428571428,stop,0.5,327.4650552749558,-568.3857745129619,78.71651779421568,-647.1022923071775,56191.475158989015
2010-01-26,NORDEA_5_min,short,68.3,69.07321428571429,68.65,eod,0.5,726.7257757282614,-254.35402150489767,59.71505699159123,-314.0690784964889,55877.406080492525
2010-01-26,ABB_5_min,long,133.8,132.3607142857143,134.6,eod,0.5,388.2301166882849,310.5840933506213,62.520577991481396,248.0635153591399,56125.46959585167
2010-01-26,ERICSSON_5_MIN,long,70.25,69.43571428571428,70.8,eod,0.5,689.2601529315097,379.09308411232837,58.33208674259365,320.7609973697347,56446.2305932214
2010-01-27,ERICSSON_5_MIN,short,70.65,71.48035714285714,71.48035714285714,stop,0.5,679.7825619828847,-564.462305932214,57.970642988468285,-622.4329489206823,55823.79764430072
2010-01-27,BOLIDEN_5_min,short,87.265095,89.05860132142857,89.05860132142857,stop,0.5,311.2550927606203,-558.2379764430073,32.92898907265301,-591.1669655156603,55232.63067878506
2010-01-28,ALFA_LAVAL_5_MIN,long,103.0,101.74821428571428,101.74821428571428,stop,0.5,441.2307158362279,-552.3263067878506,54.20472069328506,-606.5310274811357,54626.09965130393
2010-01-29,BOLIDEN_5_min,long,87.661554,85.94356375,85.94356375,stop,0.5,317.9651319400907,-546.2609965130393,33.12022450251224,-579.3812210155515,54046.718430288376
2010-01-29,NORDEA_5_min,long,68.4,67.4857142857143,68.55,eod,0.5,591.1359828312812,88.67039742468715,48.573643709246376,40.09675371544078,54086.81518400382
2010-01-29,ERICSSON_5_MIN,long,71.75,70.96607142857142,72.85,eod,0.5,689.9457062196354,758.940276841595,59.85968947161556,699.0805873699795,54785.8957713738
2010-01-29,ALFA_LAVAL_5_MIN,long,99.5,98.11607142857143,101.2,eod,0.5,395.8722791221855,672.9828745077165,47.67093985189357,625.3119346558229,55411.20770602962
2010-02-01,INVESTOR_5_MIN,short,32.575,32.862500000000004,32.862500000000004,stop,0.5,1927.3463549923251,-554.1120770602962,75.67243626288618,-629.7845133231824,54781.42319270644
2010-02-01,VOLVO_5_MIN,long,62.35,61.378571428571426,63.35,eod,0.5,563.9264152190348,563.9264152190348,42.531330235819595,521.3950849832152,55302.81827768966
2010-02-01,ABB_5_min,long,133.6,132.00357142857143,134.3,eod,0.5,346.4158639318391,242.4911047522933,55.682885968403816,186.8082187838895,55489.626496473546
2010-02-03,ALFA_LAVAL_5_MIN,long,103.2,101.77678571428572,104.2,eod,0.5,389.8894709915345,389.8894709915345,48.517845770186554,341.3716252213479,55830.998121694895
2010-02-04,BOLIDEN_5_min,short,90.745126,92.54807178571428,86.868635,eod,0.5,309.66542956573664,1200.4152507227125,33.000504958110646,1167.4147457646018,56998.4128674595
2010-02-05,ABB_5_min,long,133.0,131.3642857142857,131.3642857142857,stop,0.5,348.4619127268235,-569.984128674595,55.272530793996275,-625.2566594685912,56373.156207990905
2010-02-05,ALFA_LAVAL_5_MIN,long,101.1,99.64821428571427,99.64821428571427,stop,0.5,388.3021829824698,-563.731562079909,46.770581902185285,-610.5021439820944,55762.65406400881
2010-02-05,ASSA_5_min,long,43.966623,43.39638557142857,43.39638557142857,stop,0.5,977.8848470838959,-557.6265406400881,51.2585773665963,-608.8851180066845,55153.76894600213
2010-02-05,BOLIDEN_5_min,short,85.018492,86.97876292857143,84.754186,eod,0.5,281.3578885557212,74.36457809260581,28.660129329918203,45.704448762687605,55199.47339476481
2010-02-05,VOLVO_5_MIN,long,66.0,64.9125,64.9125,stop,0.5,507.5813645495588,-551.9947339476481,39.86924723195647,-591.8639811796046,54607.60941358521
2010-02-05,ERICSSON_5_MIN,short,72.9,73.72321428571429,71.95,eod,0.5,663.3462314882365,630.1789199138266,57.65142097864264,572.527498935184,55180.13691252039
2010-02-05,NORDEA_5_min,long,68.25,67.27857142857142,67.27857142857142,stop,0.5,568.030821158296,-551.8013691252039,46.19064343138931,-597.9920125565932,54582.1448999638
2010-02-08,ASSA_5_min,long,44.199956,43.61543285714286,43.61543285714286,stop,0.5,933.78928733543,-545.821448999638,49.20064162679705,-595.0220906264351,53987.122809337365
2010-02-08,BOLIDEN_5_min,long,87.221044,85.28122532142858,85.28122532142858,stop,0.5,278.3101503543414,-539.8712280933737,28.805479506787126,-568.6767076001609,53418.4461017372
2010-02-08,INVESTOR_5_MIN,short,31.125,31.483035714285716,31.225,eod,0.5,1491.9865245372912,-149.19865245373123,55.81521588294006,-205.0138683366713,53213.43223340053
2010-02-08,HANDELSBANKEN_5_min,long,61.799938,61.00112932142857,61.00112932142857,stop,0.5,666.1599161462092,-532.1343223340052,49.083089225704704,-581.21741155971,52632.21482184082
2010-02-08,SEB_5_MIN,long,43.5,42.70892857142857,43.48,eod,0.5,665.3282234815099,-13.306564469632278,34.72214932705303,-48.02871379668531,52584.18610804413
2010-02-09,ALFA_LAVAL_5_MIN,short,99.6,101.16964285714285,101.16964285714285,stop,0.5,335.0073290159817,-525.8418610804413,40.355581080638395,-566.1974421610797,52017.98866588305
2010-02-09,SEB_5_MIN,short,42.9,43.68892857142857,43.68892857142857,stop,0.5,659.3497884312933,-520.1798866588305,34.25543504043827,-554.4353216992688,51463.55334418378
2010-02-09,SKF_5_min,long,111.0,109.03571428571429,112.1,eod,0.5,261.996271570391,288.19589872742864,35.070820912412536,253.1250778150161,51716.6784219988
2010-02-09,SWEDBANK_5_MIN,long,65.4,64.00714285714287,64.00714285714287,stop,0.5,371.29922969640273,-517.166784219988,28.829263476041692,-545.9960476960297,51170.68237430276
2010-02-09,GETINGE_5_min,long,155.642662,153.54804089285716,157.219788,eod,0.5,244.29564946045008,385.28502045096,45.858561248722545,339.4264592022375,51510.108833505
2010-02-09,ATLAS_5_min,long,22.50000005,22.11651792,22.62500019,eod,0.5,1343.2205780620047,167.90276030863276,36.36769734445254,131.5350629641802,51641.643896469184
2010-02-10,ALFA_LAVAL_5_MIN,long,102.2,100.46964285714286,100.46964285714286,stop,0.5,298.4450008464677,-516.4164389646919,36.291445040431974,-552.7078840051239,51088.93601246406
2010-02-10,NORDEA_5_min,short,66.35,67.36607142857142,67.36607142857142,stop,0.5,502.8085090857655,-510.8893601246406,40.340147109483425,-551.229507234124,50537.70650522994
2010-02-10,SEB_5_MIN,long,42.85,42.0675,42.0675,stop,0.5,645.8492844118852,-505.3770650522994,32.90634396542775,-538.2834090177271,49999.42309621221
2010-02-10,GETINGE_5_min,short,157.219788,159.28624614285712,154.262676,eod,0.5,241.9571055384743,715.4942602730877,45.21923724925921,670.2750230238285,50669.69811923604
2010-02-10,SKF_5_min,short,113.3,115.20714285714286,111.4,eod,0.5,265.68381036303526,504.79923968976476,35.81949131314441,468.97974837662036,51138.67786761266
2010-02-10,VOLVO_5_MIN,short,65.0,66.18928571428572,63.55,eod,0.5,429.9948889769224,623.4925890165388,33.16550578679002,590.3270832297487,51729.00495084241
2010-02-11,ABB_5_min,long,130.8,129.2107142857143,129.2107142857143,stop,0.5,325.4858738479955,-517.2900495084241,50.777888729476324,-568.0679382379004,51160.93701260451
2010-02-11,SEB_5_MIN,short,42.12,42.93178571428571,42.73,eod,0.5,630.2271167412805,-384.4385412121807,32.08486251329858,-416.5234037254793,50744.41360887903
2010-02-11,KINNEVIK_5_min,long,51.27340776,50.53773195142857,51.49730864,eod,0.5,689.7659678033589,154.43920718522523,42.53264559569431,111.90656158953092,50856.32017046856
2010-02-11,SKF_5_min,short,111.6,113.53214285714286,112.5,eod,0.5,263.21200827599165,-236.89080744839399,35.391486632789835,-272.2822940811838,50584.03787638738
2010-02-12,ALFA_LAVAL_5_MIN,short,102.3,103.98035714285714,100.1,eod,0.5,301.03146876489757,662.2692312827755,36.55726156680915,625.7119697159663,51209.74984610335
2010-02-12,HUSQVARNA_5_min,short,49.5,50.230357142857144,47.9,eod,0.5,701.1603890909001,1121.8566225454413,40.9758131384722,1080.880809406969,52290.630655510315
2010-02-12,INVESTOR_5_MIN,short,31.25,31.59017857142857,30.8,eod,0.5,1537.1523972223563,691.7185787500592,57.22818374858832,634.4903950014709,52925.121050511785
2010-02-12,SKF_5_min,short,113.0,114.97142857142858,109.6,eod,0.5,268.4607589518709,912.7665804363626,35.855618965611875,876.9109614707507,53802.032011982534
2010-02-12,GETINGE_5_min,long,158.008351,155.92077064285715,159.092626,eod,0.5,257.7243641323495,279.4440849196009,49.03478859784306,230.40929632175786,54032.44130830429
2010-02-15,BOLIDEN_5_min,short,77.926276,80.2279425,75.723724,eod,0.5,234.75356359535314,517.0569310040715,21.641931027855605,495.41499997621594,54527.856308280505
2010-02-16,HEXAGON_5_min,long,11.739363,11.457618250000001,11.645448,eod,0.5,1935.363704497797,-181.75968230791227,27.1548686675645,-208.91455097547677,54318.94175730503
2010-02-16,NORDEA_5_min,short,67.5,68.58571428571429,67.3,eod,0.5,500.3060425014922,100.06120850029986,40.464752717520675,59.59645578277918,54378.538213087806
2010-02-16,SANDVIK_min,short,76.8,78.37142857142857,77.35,eod,0.5,346.04524317419555,-190.32488374580657,32.005724541181344,-222.3306082869879,54156.20760480082
2010-02-16,HANDELSBANKEN_5_min,long,63.33327,62.540413678571426,64.133269,eod,0.5,683.0519747540368,546.4408967512545,52.239762707407465,494.20113404384705,54650.408738844664
2010-02-17,ATLAS_5_min,long,22.35,21.946428572142857,22.81250011,eod,0.5,1354.1694224743208,626.3035068530058,36.69460601487309,589.6089008381327,55240.017639682796
2010-02-17,HEXAGON_5_min,long,11.801973,11.542588928571428,12.021108,eod,0.5,2129.661136686047,466.68329318769617,30.441053857094257,436.24223933060193,55676.2598790134
2010-02-17,SEB_5_MIN,short,42.16,42.90571428571428,42.59,eod,0.5,746.6165117875362,-321.04510006864564,37.965449624396214,-359.01054969304187,55317.24932932036
2010-02-17,ABB_5_min,long,132.1,130.57142857142856,132.4,eod,0.5,361.8885470142429,108.56656410427698,57.43171241116034,51.13485169311664,55368.384181013476
2010-02-17,KINNEVIK_5_min,short,51.72121034,52.50086676678571,52.16901291,eod,0.5,710.163891154986,-318.01321558040325,44.26745111770811,-362.28066669811136,55006.103514315364
2010-02-18,ALFA_LAVAL_5_MIN,long,102.9,101.36607142857143,104.3,eod,0.5,358.59625108284666,502.0347515159823,44.580685934619495,457.4540655813628,55463.557579896726
2010-02-18,INVESTOR_5_MIN,long,31.2,30.865178571428572,31.475,eod,0.5,1656.5115863862563,455.54068625622403,62.29311820605516,393.24756805016887,55856.80514794689
2010-02-18,ABB_5_min,long,138.3,136.88928571428573,141.9,eod,0.5,395.9469732006385,1425.4091035222964,66.56660513449134,1358.842498387805,57215.6476463347
2010-02-18,HANDELSBANKEN_5_min,short,63.999936,64.81422082142856,64.499935,eod,0.5,702.6490748772243,-351.32383478953403,54.17418928799559,-405.49802407752964,56810.149622257166
2010-02-19,KINNEVIK_5_min,short,52.16901291,52.916683438571425,52.916683438571425,stop,0.5,759.8286605037691,-568.1014962225717,47.90827433678451,-616.0097705593562,56194.13985169781
2010-02-19,SKF_5_min,long,113.2,111.66071428571429,115.6,eod,0.5,365.06633778365244,876.1592106807627,50.1163068509398,826.0429038298229,57020.18275552763
2010-02-19,HEXAGON_5_min,short,11.770668,12.021107785714287,12.021107785714287,stop,0.5,2276.802090087192,-570.2018275552763,32.501498901480076,-602.7033264567564,56417.479429070874
2010-02-22,SKF_5_min,long,116.2,114.6107142857143,115.6,eod,0.5,354.9863874188743,-212.9918324513276,49.37150676221703,-262.36333921354463,56155.11608985733
2010-02-23,GETINGE_5_min,long,164.612568,162.8277395714286,162.8277395714286,stop,0.5,314.62472913883454,-561.5511608985734,61.81249084727843,-623.3636517458518,55531.75243811148
2010-02-23,HUSQVARNA_5_min,short,48.9,49.625,48.0,eod,0.5,765.9552060429155,689.3596854386228,44.532635679335094,644.8270497592878,56176.57948787077
2010-02-24,HUSQVARNA_5_min,long,44.6,43.864285714285714,47.2,eod,0.5,763.5651580875619,1985.269411027662,42.05716890746291,1943.212242120199,58119.79172999097
2010-02-25,KINNEVIK_5_min,short,53.84827278,54.55995912142858,53.06461807,eod,0.5,816.648969450876,639.9708113268255,52.38618128019989,587.5846300466255,58707.3763600376
2010-02-25,ALFA_LAVAL_5_MIN,short,99.85,101.35892857142856,100.1,eod,0.5,389.06663623220237,-97.26665905805059,46.67632434877731,-143.9429834068279,58563.43337663077
2010-02-26,SANDVIK_min,long,77.35,76.15178571428571,76.15178571428571,stop,0.5,488.7559268392432,-585.6343337663077,45.01494452895876,-630.6492782952664,57932.7840983355
2010-02-26,ERICSSON_5_MIN,short,71.2,71.91428571428571,71.45,eod,0.5,811.058977376704,-202.764744344176,69.41853787367208,-272.18328221784805,57660.60081611765
2010-02-26,KINNEVIK_5_min,short,53.96022322,54.66791130214286,53.1765685,eod,0.5,814.7742242814523,638.5016665924998,52.37537781939991,586.1262887730999,58246.72710489075
2010-02-26,SWEDBANK_5_MIN,long,67.0,65.95357142857142,68.2,eod,0.5,556.6240132890549,667.9488159468675,45.15333995800814,622.7954759888594,58869.52258087961
2010-02-26,HM_5_min,long,216.7,214.8410714285714,217.0,eod,0.5,316.6852319432513,95.00556958297899,82.40783105627285,12.597738526706138,58882.12031940631
2010-03-02,HM_5_min,long,219.45,217.63214285714284,218.95,eod,0.5,323.90950273936545,-161.95475136968273,85.20115560056269,-247.1559069702454,58634.964412436064
2010-03-02,SANDVIK_min,long,78.8,77.66428571428571,79.45,eod,0.5,516.2827055183049,335.58375858690107,49.021042888963045,286.562715697938,58921.527128134
2010-03-02,VOLVO_5_MIN,long,63.5,62.635714285714286,64.2,eod,0.5,681.7366775156004,477.2156742609222,52.2346642312453,424.9810100296769,59346.50813816368
2010-03-02,ASSA_5_min,short,45.666621,46.30233460714286,46.30233460714286,stop,0.5,933.5415739312149,-593.4650813816368,51.514106142181305,-644.979187523818,58701.52895063986
2010-03-02,SWEDBANK_5_MIN,long,70.5,69.57142857142857,69.57142857142857,stop,0.5,632.1703117761202,-587.0152895063986,53.12939920255592,-640.1446887089545,58061.38426193091
2010-03-02,GETINGE_5_min,long,169.146806,167.41830353571427,170.03394,eod,0.5,335.90570717481626,297.99337362882454,68.35964900712703,229.63372462169752,58291.01798655261
2010-03-03,ERICSSON_5_MIN,long,72.45,71.82321428571429,73.7,eod,0.5,929.9991473637987,1162.4989342047484,81.5516252323315,1080.947308972417,59371.96529552503
2010-03-03,SKF_5_min,long,116.7,115.32857142857144,117.3,eod,0.5,432.9205802798715,259.75234816792045,60.78204947129395,198.9702986966265,59570.93559422166
2010-03-04,HEXAGON_5_min,short,12.647207,12.854043464285715,12.741122,eod,0.5,2880.0983327549534,-270.4844349206839,43.87253041460053,-314.3569653352844,59256.578628886375
2010-03-04,NORDEA_5_min,short,72.0,72.74642857142857,72.74642857142857,stop,0.5,793.8680390472867,-592.5657862888637,68.9457380454589,-661.5115243343226,58595.06710455205
2010-03-04,HUSQVARNA_5_min,long,47.9,47.10357142857143,47.6,eod,0.5,735.7228156625375,-220.71684469875916,42.15691733746339,-262.87376203622256,58332.19334251583
2010-03-04,SKF_5_min,long,117.1,115.78928571428571,117.2,eod,0.5,445.04125710911336,44.50412571091513,62.56389992439915,-18.05977421348402,58314.13356830234
2010-03-04,ATLAS_5_min,short,23.76250022,24.054018080357142,24.054018080357142,stop,0.5,2000.3622933037745,-583.1413356830234,57.39021612306258,-640.531551806086,57673.602016496254
2010-03-05,ERICSSON_5_MIN,long,74.25,73.62142857142857,74.85,eod,0.5,917.5345775351605,550.520746521091,82.08264330629544,468.4381032147956,58142.04011971105
2010-03-05,GETINGE_5_min,short,167.963962,169.61853667857145,167.273969,eod,0.5,351.40172802542247,242.46473252545073,70.6819129518404,171.7828195736103,58313.822939284655
2010-03-05,HM_5_min,short,221.5,223.2017857142857,223.2017857142857,stop,0.5,342.66254822664825,-583.1382293928466,91.42958825627882,-674.5678176491255,57639.25512163553
2010-03-05,SKF_5_min,long,118.8,117.62857142857142,120.6,eod,0.5,492.04242177005665,885.6763591861005,70.67697346305093,814.9993857230496,58454.25450735858
2010-03-05,HEXAGON_5_min,long,12.772427,12.575652821428571,12.803732,eod,0.5,2970.6262748361382,92.9954555337444,45.58632596087206,47.409129572872345,58501.66363693145
2010-03-05,SANDVIK_min,long,81.6,80.63392857142857,83.45,eod,0.5,605.5625071475367,1120.290638222948,59.96885508282055,1060.3217831401275,59561.98542007158
2010-03-05,SWEDBANK_5_MIN,long,71.5,70.625,70.625,stop,0.5,680.7084048008181,-595.6198542007158,58.04740921938976,-653.6672634201057,58908.318156651476
2010-03-05,SEB_5_MIN,short,45.74,46.25535714285714,45.85,eod,0.5,1143.0581485698178,-125.73639634267931,62.81561749650577,-188.5520138391851,58719.76614281229
2010-03-05,ATLAS_5_min,long,24.17500021,23.905803771428573,24.23749999,eod,0.5,2181.2980310745043,136.33064705658873,63.36125481939243,72.9693922371963,58792.73553504948
2010-03-05,BOLIDEN_5_min,long,86.340023,84.99803985714286,86.340023,eod,0.5,438.1033833992651,0.0,45.391027438884436,-45.391027438884436,58747.3445076106
2010-03-05,ALFA_LAVAL_5_MIN,long,105.5,104.38571428571429,106.6,eod,0.5,527.2197584016338,579.9417342417943,67.0939864541919,512.8477477876024,59260.1922553982
2010-03-05,ASSA_5_min,long,46.533287,46.02733514285714,46.46662,eod,0.5,1171.2614830597495,-78.08448929114722,65.35632539834326,-143.44081468949048,59116.75144070871
2010-03-08,ALFA_LAVAL_5_MIN,long,107.7,106.55892857142858,108.1,eod,0.5,518.0810767886865,207.23243071547017,67.0811378225991,140.15129289287108,59256.90273360158
2010-03-08,BOLIDEN_5_min,long,87.48535,86.20787014285713,86.20787014285713,stop,0.5,463.8578244680275,-592.5690273360158,48.34137553218712,-640.9104028682029,58615.992330733374
2010-03-08,INVESTOR_5_MIN,short,33.15,33.42142857142857,33.15,eod,0.5,2159.5365595533285,0.0,85.9063643390314,-85.9063643390314,58530.08596639434
2010-03-08,SANDVIK_min,long,84.35,83.38749999999999,84.5,eod,0.5,608.1047892612364,91.21571838918892,61.60709620005586,29.608622189133065,58559.69458858347
2010-03-08,ATLAS_5_min,long,24.43750015,24.183482280714287,24.70000009,eod,0.5,2305.3376029509404,605.1509824543608,67.96711621096972,537.1838662433911,59096.87845482686
2010-03-08,SWEDBANK_5_MIN,long,72.8,71.89285714285714,71.89285714285714,stop,0.5,651.461652257933,-590.9687845482686,56.55710867052405,-647.5258932187926,58449.352561608066
2010-03-08,HM_5_min,short,225.5,227.15357142857144,227.15357142857144,stop,0.5,353.4734064200897,-584.4935256160807,96.00059989264591,-680.4941255087266,57768.85843609934
2010-03-08,VOLVO_5_MIN,long,67.0,66.20714285714286,66.8,eod,0.5,728.6162325273776,-145.7232465054776,58.49331114729787,-204.21655765277546,57564.641878446564
2010-03-08,SEB_5_MIN,long,46.13,45.61857142857143,45.92,eod,0.5,1125.5656233215748,-236.36878089753165,62.16498937605057,-298.5337702735822,57266.10810817298
2010-03-08,SKF_5_min,long,121.4,120.16785714285714,121.0,eod,0.5,464.7684136315473,-185.90736545262155,67.59591807857224,-253.5032835311938,57012.604824641785
2010-03-09,ALFA_LAVAL_5_MIN,long,108.5,107.36428571428571,107.36428571428571,stop,0.5,501.9977783301791,-570.1260482464179,65.01803510964146,-635.1440833560594,56377.46074128572
2010-03-09,ASSA_5_min,long,47.099953,46.61423921428571,47.733286,eod,0.5,1160.7136218787211,735.1182402853166,66.04453938850823,669.0737008968083,57046.53444218253
2010-03-09,ATLAS_5_min,long,24.81249998,24.554017819642855,24.554017819642855,stop,0.5,2206.9814939399157,-570.4653444218253,65.37059472244033,-635.8359391442657,56410.698503038264
2010-03-09,ERICSSON_5_MIN,long,75.7,75.07142857142857,75.55,eod,0.5,897.4429307301474,-134.61643960952722,81.44294596376088,-216.0593855732881,56194.639117464976
2010-03-09,HM_5_min,long,226.95,225.36964285714285,226.95,eod,0.5,355.58189724045724,0.0,96.83917389446611,-96.83917389446611,56097.79994357051
2010-03-09,NORDEA_5_min,short,74.75,75.4375,72.85,eod,0.5,815.9679991792074,1550.3391984404986,72.2621260073106,1478.077072433188,57575.8770160037
2010-03-09,GETINGE_5_min,short,165.401131,166.95713525,166.95713525,stop,0.5,370.02390588588474,-575.758770160037,73.78830229877148,-649.5470724588084,56926.32994354489
2010-03-09,HEXAGON_5_min,short,12.772427,12.944604428571429,12.803732,eod,0.5,3306.2597354291856,-103.50246101760965,50.73685481318086,-154.2393158307905,56772.090627714104
2010-03-10,GETINGE_5_min,short,165.00685,166.57341535714284,165.20399,eod,0.5,362.39848129449774,-71.44323660240408,71.80074415378823,-143.24398075619231,56628.846646957914
2010-03-10,SANDVIK_min,short,85.1,86.01785714285714,86.01785714285714,stop,0.5,616.9679790330034,-566.2884664695791,63.344543098732046,-629.6330095683112,55999.21363738961
2010-03-11,ATLAS_5_min,short,24.77500012,25.020535855714286,24.60000016,eod,0.5,2280.695047280312,399.1215420462549,67.56559115883601,331.5559508874189,56330.76958827703
2010-03-11,ERICSSON_5_MIN,long,77.1,76.48214285714285,77.15,eod,0.5,911.7118777293326,45.585593886477,84.37893428384973,-38.79334039737273,56291.976247879655
2010-03-11,SKF_5_min,long,123.4,122.23928571428571,122.23928571428571,stop,0.5,484.977026135576,-562.9197624787965,71.47764617266881,-634.3974086514654,55657.57883922819
2010-03-11,ASSA_5_min,short,47.899952,48.399951464285714,48.399951464285714,stop,0.5,1113.1527694482445,-556.5757883922819,64.31790254332094,-620.8936909356028,55036.685148292585
2010-03-11,GETINGE_5_min,short,164.021146,165.62291507142857,161.261174,eod,0.5,343.59937477882966,948.324653607068,67.06008106716432,881.2645725399036,55917.94972083249
2010-03-11,ALFA_LAVAL_5_MIN,long,110.1,109.00357142857142,110.4,eod,0.5,510.00084435938265,153.0002533078206,67.47311170874632,85.52714159907428,56003.47686243156
2010-03-11,HM_5_min,long,230.45,228.77499999999998,228.77499999999998,stop,0.5,334.3491155966041,-560.0347686243157,92.12488356591031,-652.159652190226,55351.31721024134
2010-03-12,GETINGE_5_min,long,162.246878,160.65214967857145,160.65214967857145,stop,0.5,347.0893221527381,-553.5131721024134,67.24488278444014,-620.7580548868535,54730.55915535449
2010-03-12,SANDVIK_min,short,86.85,87.78392857142856,87.78392857142856,stop,0.5,586.0251075907968,-547.3055915535449,61.40392006804496,-608.7095116215899,54121.849643732894
2010-03-12,VOLVO_5_MIN,long,71.1,70.27142857142857,70.75,eod,0.5,653.19473707954,-228.6181579778353,55.59340407283965,-284.21156205067496,53837.63808168222
2010-03-12,ALFA_LAVAL_5_MIN,long,111.0,109.90357142857142,109.90357142857142,stop,0.5,491.02731800882646,-538.3763808168222,65.0818129302856,-603.4581937471078,53234.17988793511
2010-03-15,ALFA_LAVAL_5_MIN,short,109.6,110.65357142857142,108.0,eod,0.5,505.2735718176882,808.4377149082983,65.96851753651737,742.4691973717809,53976.64908530689
2010-03-15,ASSA_5_min,short,47.833285,48.30114160714285,48.30114160714285,stop,0.5,1153.7006907936122,-539.766490853069,66.5462126314251,-606.312703484494,53370.336381822395
2010-03-15,ERICSSON_5_MIN,short,79.2,79.87142857142857,79.87142857142857,stop,0.5,794.8773503675767,-533.7033638182239,75.86536539722542,-609.5687292154494,52760.76765260695
2010-03-15,HM_5_min,short,231.0,232.56071428571428,232.56071428571428,stop,0.5,338.05526184736766,-527.6076765260694,94.02548319000596,-621.6331597160754,52139.13449289087
2010-03-15,SKF_5_min,short,124.7,125.84642857142858,123.5,eod,0.5,454.79618872303536,545.7554264676437,67.72824842463442,478.02717804300926,52617.161670933885
2010-03-15,ABB_5_min,short,149.1,150.21428571428572,148.9,eod,0.5,472.20529704683673,94.44105940936198,84.4303071119744,10.010752297387583,52627.17242323127
2010-03-16,SEB_5_MIN,long,45.5,45.0575,45.49,eod,0.5,1189.3146310334682,-11.893146310332316,64.92944296664116,-76.82258927697347,52550.34983395429
2010-03-16,GETINGE_5_min,long,158.205492,156.59668214285713,161.458315,eod,0.5,326.6411478064927,1062.5058383313612,62.64921169840389,999.8566266329574,53550.20646058725
2010-03-16,SKF_5_min,short,123.9,125.025,124.9,eod,0.5,476.00183520522,-476.00183520522,71.05755395943524,-547.0593891646553,53003.147071422594
2010-03-16,ERICSSON_5_MIN,long,79.15,78.48928571428571,79.7,eod,0.5,802.2097935134157,441.2153864323763,76.45861541976365,364.75677101261266,53367.903842435204
2010-03-16,INVESTOR_5_MIN,long,33.475,33.245535714285715,33.875,eod,0.5,2325.7607900205185,930.3043160082041,93.98399352472914,836.3203224834749,54204.224164918676
2010-03-17,GETINGE_5_min,long,162.936871,161.28581671428572,163.035442,eod,0.5,328.30067814195934,32.36092614512866,64.2101588480418,-31.84923270291314,54172.37493221576
2010-03-17,HUSQVARNA_5_min,short,49.5,50.010714285714286,50.010714285714286,stop,0.5,1060.7178308405873,-541.7237493221576,63.33167340152418,-605.0554227236818,53567.31950949208
2010-03-17,INVESTOR_5_MIN,long,34.075,33.84285714285715,34.025,eod,0.5,2307.5153019473814,-115.3757650973789,94.28507523757,-209.6608403349489,53357.658669157136
2010-03-17,SKF_5_min,long,125.5,124.42142857142858,125.1,eod,0.5,494.70676911801615,-197.8827076472093,74.38410980458491,-272.26681745179417,53085.39185170534
2010-03-17,BOLIDEN_5_min,long,86.780533,85.75949307142858,85.75949307142858,stop,0.5,519.9149452066879,-530.8539185170534,53.82368292053237,-584.6776014375858,52500.71425026775
2010-03-17,ABB_5_min,long,152.4,151.32500000000002,152.7,eod,0.5,488.37873721179824,146.51362116353116,89.40261163399177,57.11100952953939,52557.82525979729
2010-03-17,SEB_5_MIN,short,45.53,45.96642857142857,45.25,eod,0.5,1204.2709552163046,337.19586746056666,65.59423038872167,271.601637071845,52829.42689686913
2010-03-17,HM_5_min,long,235.25,233.74285714285713,237.3,eod,0.5,350.52700310718626,718.5803563697358,99.38492119098052,619.1954351787552,53448.62233204789
2010-03-17,ASSA_5_min,short,48.099952,48.53923725,48.499952,eod,0.5,1216.7178918948039,-486.6871567579198,70.52089893127226,-557.2080556891921,52891.4142763587
2010-03-18,ALFA_LAVAL_5_MIN,short,109.2,110.17678571428571,108.5,eod,0.5,541.4843143466358,379.03902004264654,70.72868113995756,308.31033890268895,53199.72461526139
2010-03-18,ATLAS_5_min,long,25.3250002,25.112053780357144,25.112053780357144,stop,0.5,2498.2680950675326,-531.9972461526139,75.60316966099508,-607.600415813609,52592.12419944778
2010-03-18,SANDVIK_min,long,89.5,88.57678571428572,89.1,eod,0.5,569.6632408450856,-227.8652963380375,61.04511288895937,-288.9104092269969,52303.21379022078
2010-03-18,SKF_5_min,short,124.8,125.84285714285714,124.9,eod,0.5,501.5376664815684,-50.15376664816112,75.14037319226857,-125.2941398404297,52177.919650380354
2010-03-18,SWEDBANK_5_MIN,short,71.95,72.74285714285715,71.65,eod,0.5,658.0998874822734,197.42996624468014,56.701886305472684,140.72807993920748,52318.647730319564
2010-03-18,SEB_5_MIN,long,45.18,44.778571428571425,44.778571428571425,stop,0.5,1303.311509296206,-523.1864773031956,70.34642490162118,-593.5329022048168,51725.11482811475
2010-03-19,ERICSSON_5_MIN,long,76.1,75.35535714285713,76.55,eod,0.5,694.6298394183211,312.5834277382465,63.62114699232402,248.96228074592247,51974.07710886067
2010-03-19,ATLAS_5_min,long,25.29999999,25.087499987142856,25.087499987142856,stop,0.5,2445.8388898846697,-519.7407710886067,73.94382420489534,-593.6845952935021,51380.39251356717
2010-03-19,INVESTOR_5_MIN,long,34.2,33.979464285714286,33.979464285714286,stop,0.5,2329.7991747042342,-513.8039251356716,95.30667577478036,-609.110600910452,50771.28191265671
2010-03-19,HEXAGON_5_min,short,13.054172,13.226349428571428,12.866342,eod,0.5,2948.7768712723,553.8687597310759,45.8602873048139,508.008472426262,51279.290385082975
2010-03-19,BOLIDEN_5_min,short,84.754186,85.75005392857143,83.608859,eod,0.5,514.9205925191615,589.7524574681983,52.01615933383814,537.7362981343601,51817.02668321734
2010-03-22,KINNEVIK_5_min,long,57.76654635,57.338734863571425,57.54264465,eod,0.5,1211.2116744642044,-271.1923529723807,83.79830298733366,-354.9906559597144,51462.03602725762
2010-03-23,ERICSSON_5_MIN,short,76.6,77.39464285714286,76.7,eod,0.5,647.6121387699803,-64.76121387700356,59.56736452406278,-124.32857840106634,51337.707448856556
2010-03-24,ABB_5_min,short,155.9,157.09285714285716,155.8,eod,0.5,430.375990589214,43.03759905891895,80.4889177599948,-37.451318701075856,51300.25613015548
2010-03-24,SWEDBANK_5_MIN,short,71.35,72.1,70.1,eod,0.5,684.0034150687397,855.0042688359247,58.05136983688393,796.9528989990407,52097.209029154525
2010-03-24,ATLAS_5_min,long,25.85000008,25.63392865107143,25.63392865107143,stop,0.5,2411.11049653754,-520.9720902915452,74.48006457988616,-595.4521548714314,51501.75687428309
2010-03-24,HANDELSBANKEN_5_min,short,69.233264,69.74873964285715,68.899931,eod,0.5,999.111356432342,333.03678577367214,82.80626629486991,250.23051947880222,51751.98739376189
2010-03-24,NORDEA_5_min,short,74.1,74.74107142857142,74.35,eod,0.5,807.2733409611966,-201.81833524029915,71.90383647941377,-273.72217171971295,51478.26522204218
2010-03-25,NORDEA_5_min,long,74.1,73.45535714285714,75.1,eod,0.5,798.5548067685233,798.5548067685233,71.48662630191819,727.0681804666051,52205.33340250878
2010-03-25,ERICSSON_5_MIN,short,74.55,75.34285714285714,75.34285714285714,stop,0.5,658.4456465181274,-522.0533340250878,59.217779537926724,-581.2711135630145,51624.062288945766
2010-03-26,ASSA_5_min,short,47.333286,47.77495217857143,47.099953,eod,0.5,1168.847985053412,272.73080689646986,66.22686067633038,206.50394622013948,51830.566235165905
2010-03-26,GETINGE_5_min,short,169.738229,171.23086653571428,170.526792,eod,0.5,347.2414768824813,-273.82178073488376,70.8924770540931,-344.71425778897685,51485.85197737693
2010-03-26,NORDEA_5_min,short,72.95,73.55892857142858,72.2,eod,0.5,845.5154576929846,634.1365932697385,73.63594121048202,560.5006520592565,52046.35262943619
2010-03-26,SEB_5_MIN,long,45.1,44.72,44.91,eod,0.5,1369.640858669364,-260.23176314718575,73.96882421329767,-334.2005873604834,51712.1520420757
2010-03-26,SWEDBANK_5_MIN,long,70.9,70.18035714285715,72.35,eod,0.5,718.5807727931103,1041.9421205500018,61.762017421567826,980.180103128434,52692.332145204135
2010-03-26,VOLVO_5_MIN,long,74.8,73.90168214285714,74.65,eod,0.5,586.5666782222792,-87.98500173333687,52.59743403619177,-140.58243576952864,52551.7497094346
2010-03-26,ERICSSON_5_MIN,long,73.9,73.1107142857143,73.55,eod,0.5,665.8140234679524,-233.03490821378904,58.90456665620975,-291.9394748699988,52259.810234564604
2010-03-29,SEB_5_MIN,long,45.15,44.76714285714286,44.93,eod,0.5,1364.9950434401276,-300.2989095568265,73.77525210785201,-374.0741616646785,51885.73607289993
2010-03-29,BOLIDEN_5_min,long,87.881809,87.03854639285714,88.454472,eod,0.5,615.2974842403951,352.3581032175521,65.09956204776442,287.2585411697877,52172.994614069714
2010-03-29,ABB_5_min,short,157.5,158.75357142857143,155.7,eod,0.5,416.1948288301842,749.1506918943362,78.2113322337682,670.939359660568,52843.93397373028
2010-03-30,BOLIDEN_5_min,long,89.247391,88.38996910714285,88.983085,eod,0.5,616.311927814683,-162.89494039298182,65.90734095533314,-228.80228134831498,52615.13169238196
2010-03-30,HEXAGON_5_min,short,13.242002,13.400763071428571,13.085477,eod,0.5,3314.1078741115757,518.7407349953152,52.351263275644285,466.3894717196709,53081.521164101636
2010-03-30,ATLAS_5_min,short,25.35000011,25.572767953928572,25.29999999,eod,0.5,2382.817925064692,119.14118219138557,72.41383688568507,46.727345305700496,53128.248509407334
2010-03-31,ALFA_LAVAL_5_MIN,short,106.1,107.18571428571428,106.0,eod,0.5,489.33913100769763,48.93391310076698,62.273297812039594,-13.339384711272615,53114.90912469606
2010-03-31,GETINGE_5_min,long,168.851095,167.46758903571427,169.93537,eod,0.5,383.9152883747664,416.26974930255733,78.03918204476561,338.23056725779173,53453.13969195385
2010-03-31,HM_5_min,short,236.2,237.92499999999998,235.4,eod,0.5,309.8732735765451,247.8986188612308,87.68174149121919,160.21687737001162,53613.35656932386
2010-03-31,SKF_5_min,short,128.3,129.35714285714286,127.9,eod,0.5,507.1533729530671,202.8613491812297,77.95961649034547,124.90173269088424,53738.25830201475
2010-03-31,INVESTOR_5_MIN,short,34.775,35.00625,34.475,eod,0.5,2323.816575222231,697.1449725666628,96.5545787004837,600.590393866179,54338.84869588093
2010-04-06,BOLIDEN_5_min,long,95.678842,94.81670032142857,98.233802,eod,0.5,630.2774827673368,1610.333757371231,73.33126388224721,1537.0024934889839,55875.85118936991
2010-04-06,HEXAGON_5_min,long,13.335917,13.173801821428572,13.555051,eod,0.5,3446.6761028641768,755.2839211250398,55.61067407309117,699.6732470519486,56575.52443642186
2010-04-06,HM_5_min,long,239.7,237.93928571428572,238.25,eod,0.5,321.32143696142487,-465.9160835940624,92.14534847742779,-558.0614320714902,56017.46300435037
2010-04-06,HUSQVARNA_5_min,long,52.75,52.09548214285714,53.0,eod,0.5,855.8584367565066,213.96460918912666,54.30421781220035,159.66039137692633,56177.1233957273
2010-04-06,KINNEVIK_5_min,long,60.78921477,60.27344201928572,60.27344201928572,stop,0.5,1089.1836243370494,-561.771233957273,79.11567797617589,-640.8869119334489,55536.23648379385
2010-04-06,SEB_5_MIN,short,46.75,47.125,47.125,stop,0.5,1480.9663062345028,-555.3623648379386,83.41542719865836,-638.7777920365969,54897.45869175725
2010-04-06,SKF_5_min,long,130.1,129.03214285714284,131.5,eod,0.5,514.0899141702985,719.7258798384208,80.69155292817003,639.0343269102508,55536.493018667505
2010-04-06,VOLVO_5_MIN,long,74.65,73.78382500000001,77.3,eod,0.5,641.1694290260931,1699.0989869191412,58.45541684430891,1640.6435700748323,57177.13658874234
2010-04-06,SANDVIK_min,long,95.1,94.225,96.45,eod,0.5,653.4529895856267,882.1615359406017,75.10135209307607,807.0601838475255,57984.196772589865
2010-04-06,ALFA_LAVAL_5_MIN,long,108.8,107.73928571428571,109.7,eod,0.5,546.6523601456297,491.98712413106983,71.66612441509204,420.3209997159778,58404.517772305844
2010-04-06,ASSA_5_min,long,47.633286,47.18685789285714,47.933285,eod,0.5,1308.2625586927115,392.4774593452544,75.0157000211692,317.46175932408516,58721.97953162993
2010-04-06,ATLAS_5_min,long,25.97500022,25.751339511785712,26.35000005,eod,0.5,2625.4937668966536,984.5597162523051,82.42737723705041,902.1323390152546,59624.11187064518
2010-04-06,SWEDBANK_5_MIN,long,75.3,74.56964285714285,77.25,eod,0.5,816.3692578865827,1591.9200528788385,74.72227817435889,1517.1977747044796,61141.30964534966
2010-04-06,GETINGE_5_min,long,170.03394,168.71732107142856,169.93537,eod,0.5,464.3812140213504,-45.77405626608226,94.72521654468048,-140.49927281076273,61000.8103725389
2010-04-06,NORDEA_5_min,short,72.2,72.88392857142857,72.65,eod,0.5,891.917854011019,-401.3630343049611,77.51658069209766,-478.87961499705875,60521.93075754184
2010-04-07,BOLIDEN_5_min,short,98.498108,99.59781060714286,97.176577,eod,0.5,550.3481610795127,727.3021556595735,64.61352183573774,662.6886338238357,61184.619391365675
2010-04-07,GETINGE_5_min,short,169.541088,170.79081985714285,168.949666,eod,0.5,489.58197745912224,289.54955227282625,99.43138361696957,190.11816865585666,61374.73756002153
2010-04-07,HUSQVARNA_5_min,short,52.25,52.911660714285716,51.5,eod,0.5,927.5862422371187,695.689681677839,57.74224357926064,637.9474380985783,62012.68499812011
2010-04-07,KINNEVIK_5_min,short,61.57286949,62.14861580714286,61.23701735,eod,0.5,1077.083485411737,361.74079353419074,79.36590057638894,282.3748929578018,62295.05989107791
2010-04-07,SEB_5_MIN,long,47.64,47.247142857142855,47.7,eod,0.5,1585.692433591062,95.14154601546731,90.70794997114311,4.433596044324204,62299.493487122236
2010-04-07,INVESTOR_5_MIN,long,35.5,35.24285714285714,35.5,eod,0.5,2422.758080054729,0.0,103.20949421033144,-103.20949421033144,62196.28399291191
2010-04-08,ASSA_5_min,short,48.099952,48.554713500000005,48.099952,eod,0.5,1367.668195150896,0.0,78.94172944642168,-78.94172944642168,62117.342263465485
2010-04-08,GETINGE_5_min,short,168.555384,169.72414728571428,168.653954,eod,0.5,531.4792398317263,-52.38790867021069,107.5318575746398,-159.9197662448505,61957.422497220636
2010-04-08,HEXAGON_5_min,short,13.586356,13.760769535714285,13.492442,eod,0.5,3552.3287939484267,333.6134063548719,57.71567630454784,275.89773005032407,62233.32022727096
2010-04-08,BOLIDEN_5_min,short,95.766944,96.86035357142856,96.207454,eod,0.5,569.167509170069,-250.72397946450897,65.55935396045008,-316.28333342495904,61917.036893846
2010-04-08,SKF_5_min,short,130.8,131.88928571428573,129.9,eod,0.5,568.4186993533361,511.57682941800573,88.91205295284884,422.6647764651569,62339.70167031116
2010-04-08,SANDVIK_min,short,93.45,94.52857142857142,94.3,eod,0.5,577.9839889962659,-491.2863906468227,65.10989636042935,-556.3962870072521,61783.30538330391
2010-04-08,ABB_5_min,short,158.3,159.63928571428573,157.5,eod,0.5,461.3153468619997,369.05227748960505,87.41003192341171,281.6422455661933,62064.947628870104
2010-04-08,SEB_5_MIN,short,47.19,47.583571428571425,46.93,eod,0.5,1576.967816341534,410.0116322487957,89.0545265244391,320.9571057243566,62385.904734594464
2010-04-08,SWEDBANK_5_MIN,short,75.7,76.49821428571428,74.65,eod,0.5,781.5683814624862,820.6468005356082,70.50528369173087,750.1415168438774,63136.04625143834
2010-04-09,HUSQVARNA_5_min,long,51.25,50.53655357142857,52.75,eod,0.5,884.9444572574122,1327.4166858861183,55.22053413286252,1272.196151753256,64408.242403191594
2010-04-09,SEB_5_MIN,long,47.57,47.145,47.6,eod,0.5,1515.4880565456947,45.46464169637257,86.53739900487227,-41.0727573084997,64367.16964588309
2010-04-09,SWEDBANK_5_MIN,long,75.95,75.05535714285715,75.05535714285715,stop,0.5,719.4733533272375,-643.671696458831,65.18659840436912,-708.8582948632001,63658.31135101989
2010-04-09,BOLIDEN_5_min,long,97.617087,96.47962639285714,98.498108,eod,0.5,559.6528877683139,493.06594683452994,65.8538611301976,427.21208570433237,64085.52343672422
2010-04-09,HANDELSBANKEN_5_min,long,71.233262,70.754691,71.499929,eod,0.5,1339.1016889181317,357.094230078729,114.68055427966456,242.41367579906446,64327.93711252329
2010-04-09,ASSA_5_min,long,48.933284,48.46899871428572,49.166618,eod,0.5,1385.5260782938135,323.29034195260766,81.55198349944045,241.73835845316722,64569.67547097646
2010-04-12,ABB_5_min,long,161.5,160.11785714285713,161.5,eod,0.5,467.1707786013768,0.0,90.53769689294683,-90.53769689294683,64479.13777408351
2010-04-12,ATLAS_5_min,short,26.12499997,26.3799106925,26.07500015,eod,0.5,2529.4792287163796,126.47350612955788,79.22328962551951,47.25021650403836,64526.387990587544
2010-04-12,BOLIDEN_5_min,long,100.083945,98.91816585714285,99.291026,eod,0.5,553.5043956305755,-438.884151878999,66.2129536963311,-505.0971055753301,64021.29088501221
2010-04-12,SANDVIK_min,short,95.8,96.88392857142857,95.8,eod,0.5,590.6412338650217,0.0,67.90011624512289,-67.90011624512289,63953.39076876709
2010-04-12,SEB_5_MIN,long,48.19,47.75535714285714,48.63,eod,0.5,1471.400937983146,647.4164127125913,85.4766232893169,561.9397894232744,64515.33055819036
2010-04-12,SKF_5_min,short,131.6,132.75,131.6,eod,0.5,561.0028744190439,0.0,88.59357392825541,-88.59357392825541,64426.736984262105
2010-04-12,HUSQVARNA_5_min,long,53.5,52.72857142857143,53.25,eod,0.5,835.161405351545,-208.79035133788625,53.49208801276645,-262.2824393506527,64164.45454491145
2010-04-12,ASSA_5_min,short,49.033284,49.521378750000004,49.099951,eod,0.5,1314.5901394127104,-87.63978082422108,77.40298984780216,-165.04277067202324,63999.41177423943
2010-04-12,INVESTOR_5_MIN,long,35.75,35.488392857142856,35.775,eod,0.5,2446.3938971722773,61.159847429303454,104.98699409714825,-43.8271466678448,63955.58462757159
2010-04-13,ATLAS_5_min,short,25.9250001,26.183482238571425,26.183482238571425,stop,0.5,2474.274817634974,-639.5558462757159,77.35842338130244,-716.9142696570184,63238.67035791457
2010-04-13,INVESTOR_5_MIN,short,35.75,36.01428571428571,35.75,eod,0.5,2392.81455408327,0.0,102.65174437017228,-102.65174437017228,63136.018613544395
2010-04-13,SEB_5_MIN,short,48.4,48.840357142857144,48.14,eod,0.5,1433.7457592694511,372.7738974100544,83.04828935992369,289.72560805013075,63425.74422159453
2010-04-13,BOLIDEN_5_min,short,96.47176,97.64540539285714,96.912271,eod,0.5,540.416590970378,-238.0594529049526,62.70476326867794,-300.76421617363053,63124.9800054209
2010-04-13,HEXAGON_5_min,long,13.930711,13.756297535714285,13.756297535714285,stop,0.5,3619.272185432474,-631.249800054209,60.12409193468532,-691.3738919888943,62433.606113432004
2010-04-13,ABB_5_min,short,159.8,161.19642857142858,160.2,eod,0.5,447.0948775386433,-178.83795101544715,85.8422164874195,-264.68016750286665,62168.925945929135
2010-04-14,ABB_5_min,short,160.8,162.15714285714287,160.6,eod,0.5,458.0868227594765,91.61736455190311,88.33746290093744,3.2799016509656695,62172.2058475801
2010-04-14,SEB_5_MIN,short,48.2,48.64214285714286,48.64214285714286,stop,0.5,1406.1565135155506,-621.7220584758011,81.70512597682492,-703.427184452626,61468.77866312748
2010-04-14,HEXAGON_5_min,short,13.711576,13.885989464285716,13.617661,eod,0.5,3524.313843249653,330.9859345887942,57.79008497073036,273.1958496180638,61741.974512745546
2010-04-14,ASSA_5_min,long,49.433284,48.99637967857143,49.533284,eod,0.5,1413.169233732097,141.3169233732117,83.91390543939328,57.40301793381842,61799.37753067936
2010-04-14,INVESTOR_5_MIN,short,35.775,36.0375,36.0375,stop,0.5,2354.2620011687122,-617.9937753067936,101.43926397535688,-719.4330392821505,61079.94449139721
2010-04-14,ATLAS_5_min,long,26.42500007,26.16383935857143,26.42500007,eod,0.5,2338.787643718885,0.0,74.162956378784,-74.162956378784,61005.781535018425
2010-04-14,BOLIDEN_5_min,long,98.674312,97.45661557142857,99.291026,eod,0.5,500.9933519028948,308.96961402544275,59.507590947125706,249.46202307831703,61255.24355809674
2010-04-15,ASSA_5_min,short,49.633284,50.05590260714286,50.05590260714286,stop,0.5,1449.421358236376,-612.5524355809674,86.69498175216272,-699.2474173331301,60555.996140763615
2010-04-15,ATLAS_5_min,short,26.42500007,26.680803636785715,26.57500012,eod,0.5,2367.285057893304,-355.0928770482465,75.27966511087756,-430.37254215912407,60125.62359860449
2010-04-15,INVESTOR_5_MIN,short,34.825,35.07767857142858,34.775,eod,0.5,2379.5299798740657,118.97649899371343,99.36917195954098,19.607327034172457,60145.230925638665
2010-04-15,NORDEA_5_min,short,72.75,73.49464285714286,72.55,eod,0.5,807.7057390493368,161.54114780986964,70.41578633032117,91.12536147954847,60236.356287118215
2010-04-15,VOLVO_5_MIN,short,80.15,81.07678571428572,80.55,eod,0.5,649.9491237145706,-259.97964948582273,62.66809450855889,-322.64774399438164,59913.70854312383
2010-04-15,KINNEVIK_5_min,long,61.79677036,61.24101519285714,61.34896779,eod,0.5,1078.0594061075667,-482.75777266763475,79.65505280080014,-562.4128254684349,59351.2957176554
2010-04-16,ERICSSON_5_MIN,short,79.25,80.11071428571428,77.65,eod,0.5,689.558622445793,1103.293795913265,64.91504871704694,1038.3787471962182,60389.67446485162
2010-04-16,KINNEVIK_5_min,short,60.78921477,61.3489681375,59.55775748,eod,0.5,1078.8621912998412,1328.5727103815657,77.9026789187617,1250.670031462804,61640.34449631442
2010-04-16,ASSA_5_min,long,50.933282,50.51423482142857,51.133282,eod,0.5,1470.9643125734121,294.1928625146866,90.0817638905941,204.1110986240925,61844.45559493851
2010-04-16,ATLAS_5_min,long,27.17500002,26.921875025357142,26.921875025357142,stop,0.5,2443.2378036075465,-618.4445559493851,79.30291810071014,-697.7474740500952,61146.70812088841
2010-04-16,INVESTOR_5_MIN,long,34.875,34.6,34.6,stop,0.5,2223.5166589414084,-611.4670812088841,92.68729192797261,-704.1543731368567,60442.55374775155
2010-04-16,SKF_5_min,short,143.5,144.50714285714287,144.50714285714287,stop,0.5,600.1388315379529,-604.4255374775156,103.706562113322,-708.1320995908376,59734.421648160715
2010-04-16,SANDVIK_min,long,102.0,100.8375,100.8375,stop,0.5,513.8444872960087,-597.3442164816072,62.536158715142484,-659.8803751967497,59074.541272963965
2010-04-16,BOLIDEN_5_min,short,97.881393,99.11954171428572,98.057597,eod,0.5,477.1199177559537,-84.07043798826933,56.09183687639077,-140.1622748646601,58934.3789980993
2010-04-19,ABB_5_min,long,160.1,158.8642857142857,158.8642857142857,stop,0.5,476.92561038923947,-589.343789980993,91.27334199399206,-680.6171319749851,58253.76186612432
2010-04-19,BOLIDEN_5_min,short,95.414535,96.67156271428571,96.67156271428571,stop,0.5,463.4246421466226,-582.5376186612432,53.41045865675042,-635.9480773179936,57617.81378880632
2010-04-19,HEXAGON_5_min,short,13.617661,13.779776035714285,13.779776035714285,stop,0.5,3554.131394101731,-576.1781378880632,58.42445465193455,-634.6025925399978,56983.211196266326
2010-04-19,SEB_5_MIN,short,46.71,47.183214285714286,47.183214285714286,stop,0.5,1204.1735196192155,-569.8321119626632,67.83823338887386,-637.6703453515371,56345.54085091479
2010-04-19,SWEDBANK_5_MIN,short,73.3,74.20892857142857,73.65,eod,0.5,619.9116478686082,-216.96907675401815,54.65760999257518,-271.62668674659335,56073.91416416819
2010-04-19,GETINGE_5_min,short,168.062532,169.07639896428572,169.07639896428572,stop,0.5,553.0697432643282,-560.739141641682,111.87680519569653,-672.6159468373785,55401.29821733081
2010-04-19,ATLAS_5_min,short,26.67500005,26.94419647857143,26.44999998,eod,0.5,2058.025008404982,463.0557709528718,65.59954717995326,397.4562237729185,55798.75444110373
2010-04-19,ASSA_5_min,short,50.666616,51.08566317857142,50.633283,eod,0.5,1331.5625851802038,44.38497565181033,80.93229323456012,-36.54731758274979,55762.20712352098
2010-04-20,VOLVO_5_MIN,long,81.55,80.55892857142857,81.9,eod,0.5,562.6456934985889,196.9259927245109,55.17866316140662,141.7473295631043,55903.95445308409
2010-04-21,ERICSSON_5_MIN,long,80.1,79.24464285714285,80.65,eod,0.5,653.5744153178921,359.4659284248481,63.037252357410686,296.4286760674374,56200.38312915152
2010-04-21,ALFA_LAVAL_5_MIN,short,113.3,114.375,111.6,eod,0.5,522.7942616665244,888.750244833093,70.54585766928079,818.2043871638123,57018.58751631533
2010-04-22,ABB_5_min,short,148.6,149.89285714285714,149.89285714285714,stop,0.5,441.02774874497993,-570.1858751631534,78.98617968130272,-649.172054844456,56369.415461470875
2010-04-22,ERICSSON_5_MIN,long,80.4,79.50714285714287,79.50714285714287,stop,0.5,631.3374531684766,-563.6941546147087,60.5732209889258,-624.2673756036345,55745.148085867244
2010-04-22,INVESTOR_5_MIN,long,33.85,33.55714285714286,33.55714285714286,stop,0.5,1903.492861468627,-557.4514808586724,76.98540914434042,-634.4368900030129,55110.711195864234
2010-04-22,KINNEVIK_5_min,short,60.3414122,60.96113916392857,60.1175105,eod,0.5,889.2740578287353,199.10997331375123,64.27259699466417,134.83737631908707,55245.548572183325
2010-04-22,ASSA_5_min,short,50.233283,50.74637767857143,50.74637767857143,stop,0.5,1076.7125616270189,-552.4554857218333,65.23564147287107,-617.6911271947043,54627.85744498862
2010-04-22,NORDEA_5_min,short,69.5,70.28214285714286,68.9,eod,0.5,698.4383600272507,419.06301601634647,57.9983214166629,361.06469459968355,54988.92213958831
2010-04-23,INVESTOR_5_MIN,short,33.55,33.85357142857143,33.85357142857143,stop,0.5,1811.3997881276027,-549.889221395883,73.2568890028548,-623.1461103987378,54365.77602918957
2010-04-23,ERICSSON_5_MIN,long,79.8,78.89285714285714,78.89285714285714,stop,0.5,599.3077672509078,-543.6577602918957,57.06351713577179,-600.7212774276675,53765.0547517619
2010-04-23,ABB_5_min,long,149.0,147.26071428571427,149.9,eod,0.5,309.1214646918524,278.2093182226689,55.43784347783681,222.77147474483212,53987.82622650673
2010-04-23,ATLAS_5_min,long,27.00000006,26.718303645357146,27.47500012,eod,0.5,1916.525146227168,910.3495594494123,62.6416246114197,847.7079348379925,54835.53416134472
2010-04-26,ALFA_LAVAL_5_MIN,long,111.9,110.80357142857143,110.80357142857143,stop,0.5,500.12865033148114,-548.3553416134472,66.82826196154322,-615.1836035749905,54220.350557769736
2010-04-26,ATLAS_5_min,long,27.7000002,27.406250215,27.59999997,eod,0.5,1845.7992621776452,-184.58035075159978,61.24361970732579,-245.82397045892557,53974.52658731081
2010-04-26,BOLIDEN_5_min,long,98.057597,96.50637132142857,99.114822,eod,0.5,347.94760899663333,367.85891092146653,41.16340305067941,326.69550787078714,54301.2220951816
2010-04-26,HEXAGON_5_min,long,14.055931,13.879281535714284,14.55681,eod,0.5,3073.953397750141,1539.6787039116964,52.77253944953686,1486.9061644621595,55788.12825964376
2010-04-26,HUSQVARNA_5_min,long,55.0,54.29107142857143,56.75,eod,0.5,786.9358142418254,1377.1376749231945,52.764046344914384,1324.3736285782802,57112.50188822204
2010-04-26,VOLVO_5_MIN,long,92.45,90.95535714285715,93.7,eod,0.5,382.1147079737694,477.6433849672117,42.678391733590296,434.96499323362144,57547.46688145566
2010-04-26,ERICSSON_5_MIN,long,88.5,87.28392857142858,87.28392857142858,stop,0.5,473.22439726307294,-575.4746688145566,49.91114618804961,-625.3858150026063,56922.08106645305
2010-04-26,NORDEA_5_min,short,70.2,71.01964285714286,69.55,eod,0.5,694.4741916604331,451.4082245792855,58.23166097072731,393.1765636085582,57315.257630061606
2010-04-27,ABB_5_min,short,148.0,149.74642857142857,145.5,eod,0.5,328.1855242621123,820.4638106552808,57.793470822557985,762.6703398327228,58077.92796989433
2010-04-27,GETINGE_5_min,short,162.73973,164.35206014285714,158.796914,eod,0.5,360.2111405482827,1420.2462483320255,69.49264875798427,1350.7535995740413,59428.68156946837
2010-04-27,KINNEVIK_5_min,short,60.22946094,60.83319495464286,58.99800364,eod,0.5,984.352051202937,1212.1875192238329,70.41707959142911,1141.7704396324038,60570.45200910077
2010-04-27,NORDEA_5_min,short,69.35,70.14285714285714,67.8,eod,0.5,763.9516469616299,1184.1250527905243,62.86558102847251,1121.2594717620518,61691.711480862825
2010-04-27,SEB_5_MIN,long,48.05,47.536428571428566,47.536428571428566,stop,0.5,1201.2294307817451,-616.9171148086283,68.89273870999024,-685.8098535186185,61005.9016273442
2010-04-27,ALFA_LAVAL_5_MIN,short,104.1,105.33571428571427,105.33571428571427,stop,0.5,493.68937733111125,-610.059016273442,62.03771242596647,-672.0967286994085,60333.8048986448
2010-04-27,SWEDBANK_5_MIN,long,75.3,74.3125,74.3125,stop,0.5,610.9752394799491,-603.338048986448,54.84571981001633,-658.1837687964644,59675.62112984833
2010-04-27,BOLIDEN_5_min,short,95.150229,96.50637153571428,96.50637153571428,stop,0.5,440.0394468743437,-596.7562112984833,50.60187869373164,-647.358089992215,59028.263039856116
2010-04-28,ALFA_LAVAL_5_MIN,short,105.2,106.58214285714286,106.58214285714286,stop,0.5,427.0778721229914,-590.2826303985612,54.268480155045566,-644.5511105536068,58383.71192930251
2010-04-28,BOLIDEN_5_min,short,86.075717,87.70560524999999,87.70560524999999,stop,0.5,358.20683982047694,-583.8371192930251,37.349794957797855,-621.186914250823,57762.52501505169
2010-04-28,ERICSSON_5_MIN,long,83.65,82.28035714285716,85.35,eod,0.5,421.73421132241356,716.9481592480982,42.76384902809273,674.1843102200055,58436.709325271695
2010-04-28,GETINGE_5_min,long,158.205492,156.44530625,156.44530625,stop,0.5,331.9917191993602,-584.3670932527169,62.67687567508112,-647.043968927798,57789.665356343896
2010-04-28,HUSQVARNA_5_min,short,53.75,54.59285714285714,53.25,eod,0.5,685.6400974481488,342.8200487240744,44.01809425617115,298.8019544679033,58088.4673108118
2010-04-28,NORDEA_5_min,long,68.75,67.9,70.95,eod,0.5,683.3937330683788,1503.4662127504353,57.282062705791496,1446.1841500446437,59534.65146085645
2010-04-28,VOLVO_5_MIN,short,88.25,89.82142857142857,89.82142857142857,stop,0.5,378.8568729327233,-595.3465146085645,40.47815075234053,-635.824665360905,58898.826795495545
2010-04-28,HEXAGON_5_min,long,14.181151,13.997793357142857,13.997793357142857,stop,0.5,3212.2373454257763,-588.9882679549554,54.310474451213544,-643.2987424061689,58255.52805308937
2010-04-28,KINNEVIK_5_min,short,58.32629937,58.9660175125,57.65459591,eod,0.5,910.6436754385037,611.6825076191631,63.37036125505644,548.3121463641066,58803.84019945348
2010-04-28,SKF_5_min,short,143.2,144.975,144.975,stop,0.5,331.2892405603003,-588.0384019945349,57.28156613907872,-645.3199681336135,58158.52023131987
2010-04-29,ASSA_5_min,short,53.766613,54.397564607142854,54.397564607142854,stop,0.5,921.7588095968208,-581.5852023131987,59.82077015530745,-641.4059724685061,57517.11425885136
2010-04-29,ATLAS_5_min,short,26.44999998,26.748214245,26.748214245,stop,0.5,1928.7177378604486,-575.1711425885136,61.56260363895451,-636.7337462274681,56880.380512623895
2010-04-29,HM_5_min,short,241.1,242.85535714285714,242.85535714285714,stop,0.5,324.0387903058927,-568.803805126239,94.0921850943766,-662.8959902206157,56217.484522403276
2010-04-29,GETINGE_5_min,long,156.628366,154.8188950357143,160.866893,eod,0.5,310.6846455786884,1316.845258770703,59.18454120919732,1257.6607175615056,57475.14523996478
2010-04-29,NORDEA_5_min,long,71.15,70.22678571428573,70.22678571428573,stop,0.5,622.5547646882102,-574.7514523996479,52.8088749376396,-627.5603273372875,56847.58491262749
2010-05-03,ASSA_5_min,short,55.533278,56.17613435714286,55.933277,eod,0.5,884.2968461147995,-353.71785414906833,59.14171382026909,-412.85956796933743,56434.72534465815
2010-05-03,GETINGE_5_min,long,159.684048,157.76192517857143,160.669752,eod,0.5,293.6062394946998,289.4088446948831,56.43472471550229,232.97411997938082,56667.69946463753
2010-05-03,ATLAS_5_min,short,26.40000016,26.717857295714285,26.717857295714285,stop,0.5,1782.8040681639766,-566.6769946463753,56.81923941852098,-623.4962340648963,56044.20323057263
2010-05-03,BOLIDEN_5_min,short,87.000788,88.85093142857143,86.163819,eod,0.5,302.9181541554682,253.53310456534695,31.472821870498233,222.06028269484872,56266.26351326748
2010-05-03,HM_5_min,long,234.0,232.3375,240.0,eod,0.5,338.4436903053695,2030.662141832217,96.2533855228471,1934.40875630937,58200.67226957685
2010-05-03,INVESTOR_5_MIN,short,34.15,34.513392857142854,34.325,eod,0.5,1601.5909813741123,-280.27842174047646,65.8013654697554,-346.07978721023187,57854.592482366614
2010-05-03,SEB_5_MIN,short,49.29,49.89214285714286,49.89214285714286,stop,0.5,960.8117375481976,-578.5459248236662,57.17722020739498,-635.7231450310611,57218.86933733555
2010-05-03,SWEDBANK_5_MIN,short,78.8,79.92321428571428,79.92321428571428,stop,0.5,509.42077629424443,-572.1886933733555,48.514141822407765,-620.7028351957632,56598.166502139786
2010-05-04,HM_5_min,short,240.5,242.40178571428572,235.55,eod,0.5,297.60538254646144,1473.1466436049807,85.00502541674578,1388.1416181882348,57986.30812032802
2010-05-05,ALFA_LAVAL_5_MIN,long,104.5,102.8,102.8,stop,0.5,341.09593011957605,-579.8630812032802,42.425511788272864,-622.2885929915531,57364.01952733647
2010-05-05,BOLIDEN_5_min,long,82.419481,80.42145192857143,80.42145192857143,stop,0.5,287.1030274165212,-573.6401952733647,28.051274898674116,-601.6914701720389,56762.328057164435
2010-05-05,HANDELSBANKEN_5_min,long,66.833266,66.10826667857143,66.10826667857143,stop,0.5,782.9293956485026,-567.6232805716444,62.450300301971744,-630.0735808736162,56132.25447629082
2010-05-05,HEXAGON_5_min,short,13.836796,14.073819321428571,13.429832,eod,0.5,2368.216517175363,963.7788666957553,38.74396727836574,925.0348994173895,57057.28937570821
2010-05-05,HM_5_min,long,235.75,233.6642857142857,233.6642857142857,stop,0.5,273.5623463218883,-570.5728937570822,77.04844403820795,-647.6213377952902,56409.668037912925
2010-05-05,NORDEA_5_min,long,67.8,66.7875,66.7875,stop,0.5,557.1325238312372,-564.0966803791292,44.989844130681966,-609.0865245098112,55800.581513403115
2010-05-05,SEB_5_MIN,short,47.17,47.83571428571429,46.04,eod,0.5,838.2061600725771,947.1729608820142,46.87751770821894,900.2954431737952,56700.87695657691
2010-05-05,KINNEVIK_5_min,long,58.88605321,58.15837380285714,58.15837380285714,stop,0.5,779.2013405904364,-567.0087695657692,54.72070466223467,-621.7294742280038,56079.147482348904
2010-05-06,ABB_5_min,long,136.7,134.62142857142857,138.0,eod,0.5,269.7965858257344,350.73556157345774,44.46787327579753,306.26768829766024,56385.415170646564
2010-05-06,ALFA_LAVAL_5_MIN,long,100.8,99.0,99.8,eod,0.5,313.25230650359254,-313.25230650359254,37.703047610772394,-350.9553541143649,56034.4598165322
2010-05-06,ATLAS_5_min,long,24.57499995,24.198214255714284,24.198214255714284,stop,0.5,1487.1705764402377,-560.344598165322,43.520453451093175,-603.8650516164153,55430.59476491579
2010-05-06,BOLIDEN_5_min,long,79.908572,77.86019889285716,78.498939,eod,0.5,270.6079013223939,-381.45782776479376,25.719794463248412,-407.1776222280422,55023.41714268775
2010-05-06,GETINGE_5_min,long,149.235586,147.01071121428572,148.348452,eod,0.5,247.3101744690886,-219.39726431746124,44.15733621419753,-263.55460053165876,54759.862542156094
2010-05-06,HEXAGON_5_min,short,13.085477,13.341506928571427,13.341506928571427,stop,0.5,2138.8070858629762,-547.598625421561,33.91333229064933,-581.5119577122103,54178.350584443884
2010-05-06,KINNEVIK_5_min,short,55.41558221,56.21123164392857,56.21123164392857,stop,0.5,680.9324342372059,-541.7835058444389,45.60619085021942,-587.3896966946583,53590.96088774923
2010-05-06,NORDEA_5_min,long,64.6,63.50892857142857,63.50892857142857,stop,0.5,491.17738293190945,-535.9096088774922,37.75452495955512,-573.6641338370474,53017.29675391218
2010-05-06,SANDVIK_min,long,95.7,93.56607142857143,94.4,eod,0.5,248.44925675473516,-322.984033781155,28.33812222544509,-351.3221560066001,52665.97459790558
2010-05-06,SWEDBANK_5_MIN,long,73.25,71.9625,71.9625,stop,0.5,409.0561133817928,-526.6597459790559,35.64003651867215,-562.299782497728,52103.67481540785
2010-05-06,ASSA_5_min,short,52.199948,52.97137571428571,52.97137571428571,stop,0.5,675.4187573316841,-521.0367481540785,42.62081086201868,-563.6575590160971,51540.01725639176
2010-05-06,INVESTOR_5_MIN,short,31.9,32.30714285714286,32.30714285714286,stop,0.5,1265.8951606833027,-515.4001725639176,48.76770685449518,-564.1678794184128,50975.84937697335
2010-05-06,HANDELSBANKEN_5_min,short,64.433269,65.23922064285713,65.23922064285713,stop,0.5,632.4926542275097,-509.75849376973343,49.210138292699966,-558.9686320624334,50416.880744910915
2010-05-06,HM_5_min,short,226.95,229.20892857142854,222.65,eod,0.5,223.1893534952594,959.7142200296116,60.20755999888118,899.5066600307305,51316.38740494165
2010-05-06,SEB_5_MIN,short,44.8,45.50142857142857,42.9,eod,0.5,731.5981911091471,1390.0365631073785,38.49669681616332,1351.539866291215,52667.92727123286
2010-05-07,ALFA_LAVAL_5_MIN,long,97.5,95.60178571428571,95.60178571428571,stop,0.5,277.46038825861103,-526.6792727123286,32.14685786263009,-558.8261305749587,52109.1011406579
2010-05-07,ASSA_5_min,long,50.566616,49.74995021428572,49.74995021428572,stop,0.5,638.0713145106405,-521.091011406579,38.4054739629258,-559.4964853695049,51549.60465528839
2010-05-07,ATLAS_5_min,long,23.99999996,23.59776783392857,23.59776783392857,stop,0.5,1281.5884489080863,-515.496046552884,36.60044963910491,-552.0964961919889,50997.508159096404
2010-05-07,BOLIDEN_5_min,long,76.648796,74.48872210714286,77.617919,eod,0.5,236.09149820167366,228.8017010116997,21.85263592020036,206.94906509149934,51204.4572241879
2010-05-07,GETINGE_5_min,short,145.884192,148.21467792857143,148.21467792857143,stop,0.5,219.7157965917265,-512.044572241879,38.77090048984958,-550.8154727317286,50653.64175145617
2010-05-07,HANDELSBANKEN_5_min,long,61.666605,60.82493914285714,60.82493914285714,stop,0.5,601.826025394525,-506.5364175145617,44.23115949356022,-550.767577008122,50102.87417444805
2010-05-07,HEXAGON_5_min,long,12.678512,12.396767285714285,12.928952,eod,0.5,1778.3075115169393,445.35933318430426,27.322767349259763,418.0365658350445,50520.91074028309
2010-05-07,HM_5_min,long,221.1,218.63392857142856,218.63392857142856,stop,0.5,204.86393927993055,-505.2091074028309,54.05137490530947,-559.2604823081404,49961.65025797495
2010-05-07,KINNEVIK_5_min,long,53.28851977,52.47287912785714,52.47287912785714,stop,0.5,612.5448840645699,-499.6165025797495,38.87016229583678,-538.4866648755863,49423.163593099365
2010-05-07,NORDEA_5_min,long,60.2,59.01428571428572,60.2,eod,0.5,416.82186162854975,0.0,30.11121128404643,-30.11121128404643,49393.052381815316
2010-05-07,SANDVIK_min,long,93.05,90.83749999999999,90.83749999999999,stop,0.5,223.24543449407994,-493.9305238181531,24.63122690131807,-518.5617507194712,48874.49063109585
2010-05-07,SEB_5_MIN,long,41.31,40.51642857142858,40.51642857142858,stop,0.5,615.880169968807,-488.74490631095847,30.237164841907124,-518.9820711528656,48355.50855994298
2010-05-07,SWEDBANK_5_MIN,long,67.45,65.98392857142858,65.98392857142858,stop,0.5,329.83050905685917,-483.55508559942984,26.406348351702523,-509.9614339511324,47845.54712599185
2010-05-07,HUSQVARNA_5_min,short,48.2,49.29107142857143,49.29107142857143,stop,0.5,438.51892619567144,-478.4554712599185,25.651007973913586,-504.1064792338321,47341.44064675802
2010-05-07,INVESTOR_5_MIN,short,30.75,31.15982142857143,30.75,eod,0.5,1155.1724079383184,0.0,42.62586185292395,-42.62586185292395,47298.814784905095
2010-05-10,ABB_5_min,short,137.7,140.04285714285714,140.04285714285714,stop,0.5,201.88518505752063,-472.98814784905096,33.64330086761413,-506.6314487166651,46792.18333618843
2010-05-10,ALFA_LAVAL_5_MIN,short,101.3,103.28928571428571,103.28928571428571,stop,0.5,235.22102933811064,-467.9218333618843,28.874221426357856,-496.79605478824215,46295.38728140019
2010-05-10,ATLAS_5_min,long,24.725,24.304017867857144,25.97500022,eod,0.5,1099.699577408435,1374.6247136944473,33.45286128992493,1341.1718524045225,47636.55913380471
2010-05-10,BOLIDEN_5_min,long,82.771889,80.53787232142858,83.036195,eod,0.5,213.23278196950025,56.35870367123176,21.21343141461155,35.14527225662021,47671.704406061326
2010-05-10,GETINGE_5_min,long,149.629867,147.19376989285715,155.544091,eod,0.5,195.68885109827463,1157.3476996978459,35.831484735679865,1121.516214962166,48793.220621023494
2010-05-10,HEXAGON_5_min,long,13.774186,13.483497,14.212456,eod,0.5,1678.5368769036127,735.6523570405451,28.185966394619683,707.4663906459255,49500.68701166942
2010-05-10,HM_5_min,short,222.6,225.325,225.325,stop,0.5,181.65389729053035,-495.0068701166942,48.82039316631648,-543.8272632830107,48956.85974838641
2010-05-10,KINNEVIK_5_min,long,54.18412492,53.27652478357143,55.63948391,eod,0.5,539.4100086964829,785.0352054524049,35.543972276441664,749.4912331759632,49706.35098156237
2010-05-10,NORDEA_5_min,short,63.5,64.75,64.75,stop,0.5,397.650807852499,-497.0635098156237,30.59922966424979,-527.6627394798735,49178.6882420825
2010-05-10,SANDVIK_min,long,95.6,93.42142857142856,97.65,eod,0.5,225.73824111119816,462.7633942779588,26.174349056843425,436.5890452211154,49615.277287303616
2010-05-10,SKF_5_min,long,139.7,137.0857142857143,143.3,eod,0.5,189.78521366728265,683.2267692022218,32.22552928070459,651.0012399215173,50266.278527225135
2010-05-10,VOLVO_5_MIN,long,83.7,81.74821428571428,85.4,eod,0.5,257.5399448787374,437.8179062938543,26.130002807396693,411.6879034864576,50677.96643071159
2010-05-10,SEB_5_MIN,short,43.27,44.135000000000005,44.135000000000005,stop,0.5,585.8724442856818,-506.7796643071159,30.72490859567401,-537.50457290279,50140.4618578088
2010-05-10,HANDELSBANKEN_5_min,long,63.53327,62.60231853571429,65.499934,eod,0.5,538.5937267554532,1059.2328930357835,41.69788453053398,1017.5350085052495,51157.996866314046
2010-05-10,SWEDBANK_5_MIN,long,71.9,70.32142857142858,74.1,eod,0.5,324.0778082028957,712.9711780463668,28.38921599857366,684.5819620477932,51842.57882836184
2010-05-10,ERICSSON_5_MIN,long,79.5,77.875,79.25,eod,0.5,319.03125432838056,-79.75781358209514,30.387726974778246,-110.14554055687339,51732.43328780497
2010-05-11,ALFA_LAVAL_5_MIN,short,103.1,105.21428571428571,102.3,eod,0.5,244.68042771259115,195.74434217007223,30.15441591129973,165.5899262587725,51898.02321406374
2010-05-11,HM_5_min,short,223.9,226.93571428571428,222.8,eod,0.5,170.95819411691633,188.054013528607,45.820215187215915,142.23379834139106,52040.25701240513
2010-05-11,KINNEVIK_5_min,short,55.30363177,56.32318257964286,55.52753265,eod,0.5,510.4233797885412,-114.28424390722607,33.942490517493546,-148.2267344247196,51892.030277980404
2010-05-11,ATLAS_5_min,short,25.65000021,26.133482348928574,25.70000003,eod,0.5,1073.2977725501198,-53.664695433906964,33.06830452682407,-86.73299996073104,51805.29727801967
2010-05-11,NORDEA_5_min,short,65.2,66.65714285714286,64.6,eod,0.5,355.5265499471942,213.31592996831955,27.688407709887485,185.62752225843207,51990.9248002781
2010-05-11,BOLIDEN_5_min,short,81.582511,83.94553425,81.714665,eod,0.5,220.01867649959922,-29.07634817412801,21.55705712378527,-50.633405297913285,51940.29139498019
2010-05-11,SWEDBANK_5_MIN,short,72.3,74.11964285714285,71.65,eod,0.5,285.44222945229615,185.53744914399007,24.65364535779482,160.88380378619524,52101.17519876638
2010-05-14,ASSA_5_min,long,54.999945,54.045184071428565,54.045184071428565,stop,0.5,545.6986522974204,-521.0117519876638,35.70346798432609,-556.7152199719899,51544.45997879439
2010-05-14,HM_5_min,short,227.55,230.65714285714287,220.8,eod,0.5,165.89021602370585,1119.7589581600146,44.626127012537104,1075.1328311474774,52619.59280994187
2010-05-14,INVESTOR_5_MIN,short,32.8,33.316964285714285,31.75,eod,0.5,1017.8574084133796,1068.7502788340457,39.42161742785019,1029.3286614061956,53648.92147134806
2010-05-14,NORDEA_5_min,short,64.55,66.06428571428572,62.0,eod,0.5,354.2853304711652,903.4275927014702,26.90088514267557,876.5267075587947,54525.44817890686
2010-05-14,SANDVIK_min,long,99.0,96.70357142857142,96.70357142857142,stop,0.5,237.43585521141333,-545.2544817890686,27.88022691004246,-573.134708699111,53952.31347020775
2010-05-14,ALFA_LAVAL_5_MIN,short,105.1,107.25,103.0,eod,0.5,250.94099288468655,526.9760850578404,31.332492371581957,495.6435926862584,54447.95706289401
2010-05-17,HANDELSBANKEN_5_min,long,63.33327,62.23208064285714,63.866603,eod,0.5,494.4468152522335,263.7048033189189,37.73614326320313,225.96866005571576,54673.92572294973
2010-05-17,HM_5_min,short,217.0,220.24821428571428,220.24821428571428,stop,0.5,168.31994725042262,-546.7392572294973,44.158557818347745,-590.897815047845,54083.02790790189
2010-05-17,GETINGE_5_min,long,149.728438,146.97902785714288,149.925578,eod,0.5,196.70774856347887,38.77896555180232,35.3665601012188,3.4124054505835204,54086.44031335247
2010-05-18,HM_5_min,short,223.4,226.68214285714285,224.7,eod,0.5,164.79002489378402,-214.22703236191643,44.305446092942766,-258.5324784548592,53827.90783489761
2010-05-19,ASSA_5_min,short,53.866613,54.855897750000004,52.966614,eod,0.5,544.1093460189035,489.6978673076677,34.87737436563543,454.8204929420323,54282.72832783964
2010-05-19,NORDEA_5_min,short,62.65,64.25714285714285,62.15,eod,0.5,337.7591984843362,168.8795992421681,25.29140878250709,143.588190459661,54426.3165182993
2010-05-19,SWEDBANK_5_MIN,short,71.5,73.40892857142858,69.9,eod,0.5,285.11447380961226,456.183158095378,24.189111958007505,431.9940461373705,54858.31056443667
2010-05-19,SANDVIK_min,short,93.0,95.2125,91.1,eod,0.5,247.94716639293347,471.099616146575,27.38824399976343,443.7113721468116,55302.021936583486
2010-05-21,NORDEA_5_min,long,62.2,60.50357142857143,60.50357142857143,stop,0.5,325.9908661524926,-553.0202193658349,24.000146118002544,-577.0203654838375,54725.001571099645
2010-05-24,GETINGE_5_min,long,140.36425,137.74157321428572,144.997058,eod,0.5,208.66086842719926,966.6857405364785,35.72624300568089,930.9594975307976,55655.961068630444
2010-05-25,HUSQVARNA_5_min,short,46.5,47.7375,46.2,eod,0.5,449.7451399485299,134.9235419845577,25.01482468393723,109.90871730062045,55765.86978593106
2010-05-25,INVESTOR_5_MIN,short,30.15,30.679464285714285,30.075,eod,0.5,1053.2508290091512,78.99381217568559,38.05921870624567,40.93459346943992,55806.804379400506
2010-05-25,KINNEVIK_5_min,short,51.60925908,52.72876590285714,51.49730864,eod,0.5,498.49454456180655,55.806683601294395,30.838836910147478,24.967846691146917,55831.772226091656
2010-05-25,GETINGE_5_min,short,141.744235,144.4373192142857,140.857102,eod,0.5,207.31535957890605,183.91629688931485,35.15255867858076,148.7637382107341,55980.53596430239
2010-05-25,VOLVO_5_MIN,short,76.55,78.2875,78.2875,stop,0.5,322.19013504634523,-559.805359643024,29.932269021143085,-589.737628664167,55390.798335638225
2010-05-25,ERICSSON_5_MIN,long,78.15,76.79464285714286,78.0,eod,0.5,408.68046202842385,-61.3020693042659,38.28927248744303,-99.59134179170893,55291.206993846514
2010-05-25,SKF_5_min,short,131.4,134.6642857142857,131.5,eod,0.5,169.3822533728344,-16.93822533728248,26.718356647030895,-43.65658198431338,55247.5504118622
2010-05-25,BOLIDEN_5_min,long,75.767775,73.64231271428571,75.723724,eod,0.5,259.9319253189923,-11.450261242225906,23.626486202718116,-35.07674744494402,55212.47366441725
2010-05-25,ABB_5_min,short,129.0,131.25,129.9,eod,0.5,245.38877184185446,-220.8498946576704,38.11869181791367,-258.96858647558406,54953.50507794167
2010-05-26,NORDEA_5_min,short,61.75,63.47857142857143,63.47857142857143,stop,0.5,317.91283929387754,-549.5350507794167,23.88706242214397,-573.4221132015607,54380.08296474011
2010-05-26,VOLVO_5_MIN,short,77.5,79.29107142857143,78.15,eod,0.5,303.61761176724303,-197.3514476487097,28.35484876294283,-225.70629641165252,54154.376668328456
2010-05-26,ASSA_5_min,long,51.766615,50.67256842857143,52.666614,eod,0.5,494.99151208540803,445.4918658853557,31.01613716080301,414.4757287245527,54568.85239705301
2010-05-26,HEXAGON_5_min,long,12.240243,11.882471892857142,12.302853,eod,0.5,1525.2448089740155,95.49557748986489,22.46053786209055,73.03503962777434,54641.88743668078
2010-05-27,HM_5_min,long,220.0,216.41607142857143,220.65,eod,0.5,152.46366200568625,99.10138030369693,40.309867597683386,58.79151270601354,54700.67894938679
2010-05-31,ATLAS_5_min,long,25.70000003,25.152232165357145,25.52500007,eod,0.5,998.6105881740881,-174.75681298604283,30.692296487447233,-205.44910947349007,54495.2298399133
2010-06-01,HEXAGON_5_min,long,12.146328,11.832160285714286,12.365463,eod,0.5,1734.5903911168145,380.10946535738253,25.510750282598167,354.59871507478437,54849.82855498808
2010-06-03,BOLIDEN_5_min,long,84.577982,82.81122085714286,82.81122085714286,stop,0.5,310.4541254868596,-548.4982855498808,31.180001153374093,-579.6782867032549,54270.15026828483
2010-06-03,ERICSSON_5_MIN,long,80.45,79.30178571428571,81.1,eod,0.5,472.6482760534902,307.2213794347646,45.8137973978648,261.4075820368998,54531.557850321726
2010-06-03,INVESTOR_5_MIN,long,32.625,32.207142857142856,32.675,eod,0.5,1305.028734879489,65.25143674397074,51.13102583257837,14.12041091139237,54545.678261233115
2010-06-03,SEB_5_MIN,long,41.69,40.9075,40.9075,stop,0.5,697.069370750584,-545.4567826123312,34.545712410342816,-580.002495022674,53965.67576621044
2010-06-03,SKF_5_min,long,141.2,138.64999999999998,141.4,eod,0.5,211.63010104396156,42.326020208795924,35.88399993301412,6.4420202757818075,53972.117786486226
2010-06-03,ATLAS_5_min,long,26.12499997,25.669196387142858,26.12499997,eod,0.5,1184.1091166543551,0.0,37.1218207644861,-37.1218207644861,53934.99596572174
2010-06-03,NORDEA_5_min,long,66.3,65.06071428571428,66.4,eod,0.5,435.2103420865156,43.52103420865527,34.65144743692837,8.869586771726901,53943.865552493466
2010-06-03,VOLVO_5_MIN,long,85.4,83.89107142857144,85.15,eod,0.5,357.4978072117915,-89.37445180294787,36.582750611982625,-125.95720241493049,53817.908350078535
2010-06-04,ERICSSON_5_MIN,long,82.2,81.13928571428572,81.13928571428572,stop,0.5,507.37422013542175,-538.1790835007854,49.72448562405752,-587.9035691248429,53230.00478095369
2010-06-04,ATLAS_5_min,long,26.42500007,25.98526793142857,25.98526793142857,stop,0.5,1210.509765192137,-532.300047809537,38.065884727239755,-570.3659325367768,52659.638848416915
2010-06-07,ABB_5_min,long,133.1,131.26785714285714,133.0,eod,0.5,287.4210307515936,-28.742103075157726,45.88964176979943,-74.63174484495715,52585.00710357196
2010-06-07,BOLIDEN_5_min,short,78.014378,79.74495435714284,77.529816,eod,0.5,303.85834688270444,147.23820828217606,28.358040993625597,118.88016728855047,52703.88727086051
2010-06-07,NORDEA_5_min,short,62.9,64.06607142857143,64.06607142857143,stop,0.5,451.9782063044675,-527.0388727086051,34.431538335486366,-561.4704110440915,52142.41685981642
2010-06-07,SWEDBANK_5_MIN,short,66.3,67.81071428571428,67.81071428571428,stop,0.5,345.150749899494,-521.4241685981642,27.77304816316264,-549.1972167613269,51593.21964305509
2010-06-08,ABB_5_min,long,135.3,133.41428571428574,134.5,eod,0.5,273.6004071980214,-218.88032575842024,44.2904339172157,-263.17075967563596,51330.04888337945
2010-06-08,ALFA_LAVAL_5_MIN,long,99.85,98.29107142857143,98.29107142857143,stop,0.5,329.2649183813583,-513.3004888337945,39.14454222715407,-552.4450310609485,50777.603852318505
2010-06-08,BOLIDEN_5_min,long,78.983501,77.20730039285715,77.20730039285715,stop,0.5,285.87764044286587,-507.776038523185,26.790874656642167,-534.5669131798271,50243.03693913868
2010-06-08,SANDVIK_min,long,90.75,88.99821428571428,88.99821428571428,stop,0.5,286.8104045455415,-502.43036939138676,30.93219483337463,-533.3625642247614,49709.67437491391
2010-06-08,ASSA_5_min,short,52.366614,53.24161317857143,52.733281,eod,0.5,568.1110976135159,-208.3075918286548,35.82505002450915,-244.13264185316396,49465.54173306075
2010-06-09,ERICSSON_5_MIN,long,80.6,79.66607142857143,79.66607142857143,stop,0.5,529.650160048072,-494.6554173306076,50.930970229451155,-545.5863875600587,48919.9553455007
2010-06-09,GETINGE_5_min,long,152.389838,150.02414835714285,154.459817,eod,0.5,206.78940491288577,428.04972559216816,38.07195453310458,389.97777105906357,49309.93311655976
2010-06-09,SWEDBANK_5_MIN,short,67.0,68.48928571428571,68.05,eod,0.5,331.0978722454853,-347.6527658577586,26.828860588051672,-374.48162644581026,48935.45149011395
2010-06-09,HM_5_min,short,221.0,223.9375,223.9375,stop,0.5,166.58877103017514,-489.35451490113945,44.47295478614313,-533.8274696872826,48401.624020426665
2010-06-11,ALFA_LAVAL_5_MIN,short,106.0,107.49821428571428,105.4,eod,0.5,323.06209119712724,193.83725471827452,40.977195647443615,152.8600590708309,48554.484079497495
2010-06-11,ERICSSON_5_MIN,short,83.6,84.61607142857142,82.95,eod,0.5,477.8648696751981,310.6121652888747,47.75303642664254,262.8591288622321,48817.34320835973
2010-06-11,SWEDBANK_5_MIN,long,72.55,71.09107142857142,72.65,eod,0.5,334.6109204000175,33.4610920400046,29.151303385249523,4.309788654755078,48821.652997014484
2010-06-14,ABB_5_min,long,141.3,139.74285714285716,142.8,eod,0.5,313.53355135697524,470.30032703546283,53.44492916431,416.85539787115283,49238.50839488563
2010-06-14,ALFA_LAVAL_5_MIN,long,107.0,105.57321428571429,108.8,eod,0.5,345.10093493286564,621.1816828791572,44.68366905510744,576.4980138240497,49815.00640870968
2010-06-14,SEB_5_MIN,long,41.99,41.316785714285714,42.73,eod,0.5,739.9576548773832,547.5686646092598,37.61352751272714,509.95513709653267,50324.96154580622
2010-06-14,SWEDBANK_5_MIN,long,73.45,72.04464285714286,73.7,eod,0.5,358.0937543284817,89.52343858212042,31.616097569661648,57.90734101245877,50382.86888681868
2010-06-15,KINNEVIK_5_min,long,58.12478825,57.36112474392857,58.79649253,eod,0.5,659.7522139823975,443.15838587145237,46.28344431375753,396.87494155769485,50779.74382837638
2010-06-15,ABB_5_min,long,143.7,142.18214285714285,143.9,eod,0.5,334.5489005163629,66.90978010327828,57.72975827310358,9.180021830174702,50788.92385020655
2010-06-16,ABB_5_min,short,144.4,145.91785714285714,143.7,eod,0.5,334.6093806601852,234.22656646213534,57.840577540919604,176.38598892121573,50965.30983912777
2010-06-16,ALFA_LAVAL_5_MIN,short,109.4,110.79107142857143,108.5,eod,0.5,366.37449948538745,329.7370495368508,47.89980206271956,281.83724747413123,51247.1470866019
2010-06-16,ERICSSON_5_MIN,long,86.35,85.35535714285714,85.35535714285714,stop,0.5,515.2316403679941,-512.471470866019,53.080819692411936,-565.552290558431,50681.59479604347
2010-06-16,GETINGE_5_min,short,160.669752,162.48274335714285,161.162604,eod,0.5,279.546808628552,-137.7752037261989,53.9803248199248,-191.75552854612368,50489.83926749735
2010-06-16,INVESTOR_5_MIN,short,33.925,34.271428571428565,33.8,eod,0.5,1457.4386592679793,182.17983240849742,59.22301991935433,122.95681248914309,50612.796079986496
2010-06-16,VOLVO_5_MIN,short,91.05,92.32142857142857,89.0,eod,0.5,398.0781714156239,816.0602514020279,43.004384858029844,773.055866543998,51385.85194653049
2010-06-16,SKF_5_min,short,150.2,152.13571428571427,148.9,eod,0.5,265.4619657754346,345.10055550806044,47.63980437805948,297.460751130001,51683.31269766049
2010-06-17,ATLAS_5_min,long,27.62500017,27.248214455714287,27.45000021,eod,0.5,1371.6898156725101,-240.04566287509795,45.32749027164337,-285.3731531467413,51397.93954451375
2010-06-17,HUSQVARNA_5_min,short,51.05,51.82071428571428,51.5,eod,0.5,666.8870747202909,-300.0991836241328,41.0335617075395,-341.1327453316723,51056.80679918208
2010-06-17,INVESTOR_5_MIN,long,33.8,33.45357142857143,33.85,eod,0.5,1473.8047323475387,73.69023661738322,59.8217340859866,13.868502531396622,51070.675301713476
2010-06-17,NORDEA_5_min,long,69.6,68.64285714285714,69.25,eod,0.5,533.5742195701417,-186.75097684954656,44.452068232388505,-231.20304508193507,50839.47225663154
2010-06-17,SEB_5_MIN,long,43.25,42.59285714285714,43.73,eod,0.5,773.644143035696,371.34918865713166,40.37494053674689,330.9742481203848,51170.446504751926
2010-06-17,SKF_5_min,short,147.5,149.39642857142857,146.2,eod,0.5,269.8253299685599,350.772928959131,47.548619647059624,303.22430931207134,51473.670814064
2010-06-17,ALFA_LAVAL_5_MIN,long,108.8,107.42678571428571,108.6,eod,0.5,374.8407757591143,-74.96815515182392,48.89423079001887,-123.86238594184279,51349.80842812215
2010-06-17,ASSA_5_min,short,56.733277,57.499942964285715,57.06661,eod,0.5,669.780723551014,-223.26001792342754,45.73258239293018,-268.9926003163577,51080.815827805796
2010-06-18,GETINGE_5_min,long,160.07833,158.35334789285713,161.359745,eod,0.5,296.1237430596447,379.4574062127775,57.111267558532084,322.34613865424546,51403.161966460044
2010-06-18,SKF_5_min,short,147.0,148.91071428571428,148.0,eod,0.5,269.0258944039042,-269.0258944039042,47.61758330949104,-316.6434777133952,51086.518488746646
2010-06-18,ALFA_LAVAL_5_MIN,short,107.7,109.06964285714287,108.0,eod,0.5,372.99153003517574,-111.89745901055166,48.272563817152445,-160.1700228277041,50926.34846591894
2010-06-21,ABB_5_min,long,147.0,145.57142857142858,148.1,eod,0.5,356.4844392614356,392.13288318757714,63.119134815629785,329.0137483719474,51255.362214290886
2010-06-21,ASSA_5_min,long,57.833276,57.109467214285715,57.109467214285715,stop,0.5,708.1340158604194,-512.5536221429089,48.836919807807064,-561.3905419507159,50693.97167234017
2010-06-21,ERICSSON_5_MIN,long,90.45,89.35892857142858,89.35892857142858,stop,0.5,464.625599615558,-506.9397167234017,50.12629875223862,-557.0660154756404,50136.90565686453
2010-06-21,KINNEVIK_5_min,long,59.78165836,59.0795677775,59.51297714,eod,0.5,714.1087903264197,-191.8676209976301,51.11360870960169,-242.9812297072318,49893.9244271573
2010-06-21,VOLVO_5_MIN,long,95.5,94.1125,95.4,eod,0.5,359.59585172725906,-35.95958517272386,41.188108856840245,-77.14769402956411,49816.776733127735
2010-06-21,BOLIDEN_5_min,long,87.48535,86.14493989285714,87.793707,eod,0.5,371.6532460301596,114.60187998612226,39.08581829709322,75.51606168902904,49892.29279481676
2010-06-21,HM_5_min,short,227.5,229.84285714285716,225.1,eod,0.5,212.95490827055818,511.0917798493408,57.83003488995277,453.261744959388,50345.55453977615
2010-06-21,ATLAS_5_min,long,28.20000016,27.8169644575,28.07500003,eod,0.5,1314.3828163061712,-164.29802290803298,44.38013594241751,-208.67815885045047,50136.8763809257
2010-06-21,HUSQVARNA_5_min,short,51.2,51.949285714285715,51.2,eod,0.5,669.128950746389,0.0,41.11128273385814,-41.11128273385814,50095.76509819184
2010-06-22,ALFA_LAVAL_5_MIN,long,107.9,106.575,107.9,eod,0.5,378.08124602408856,0.0,48.95395973519898,-48.95395973519898,50046.811138456644
2010-06-22,KINNEVIK_5_min,short,59.42341646,60.1047162,59.96077972,eod,0.5,734.5784564435126,-394.7354740802534,52.618235132192325,-447.3537092124458,49599.4574292442
2010-06-22,NORDEA_5_min,short,69.4,70.34642857142858,70.34642857142858,stop,0.5,524.0697388750342,-495.994574292442,43.94212459808831,-539.9366988905304,49059.520730353666
2010-06-22,VOLVO_5_MIN,long,95.15,93.71964285714286,93.71964285714286,stop,0.5,342.98791022469374,-490.59520730353665,38.86800246507341,-529.4632097686101,48530.057520585055
2010-06-22,GETINGE_5_min,short,158.501203,160.20154253571428,159.585478,eod,0.5,285.41392175650714,-309.4671800125342,54.47182024963262,-363.9390002621668,48166.11852032289
2010-06-23,KINNEVIK_5_min,short,59.28907544,59.93918891607142,59.93918891607142,stop,0.5,740.8878648599355,-481.6611852032289,53.00086452583542,-534.6620497290643,47631.456470593825
2010-06-23,NORDEA_5_min,long,69.8,68.87678571428572,68.87678571428572,stop,0.5,515.9306697008258,-476.3145647059382,42.9285641553176,-519.2431288612559,47112.21334173257
2010-06-23,HM_5_min,short,228.0,230.29642857142858,227.7,eod,0.5,205.1542727167198,61.54628181501827,56.093281246205514,5.4530005688127545,47117.66634230138
2010-06-24,ABB_5_min,short,143.3,144.73214285714286,141.8,eod,0.5,329.00116149238045,493.50174223857067,56.278938684886604,437.22280355368406,47554.889145855064
2010-06-24,HM_5_min,long,228.1,225.93214285714285,225.93214285714285,stop,0.5,219.36357431366406,-475.54889145855066,59.75886822626099,-535.3077596848117,47019.581386170255
2010-06-28,ATLAS_5_min,short,27.17500002,27.559821441071428,27.1250002,eod,0.5,1221.854574915742,61.09250881196365,39.808022212039674,21.284486599923973,47040.86587277018
2010-06-28,ERICSSON_5_MIN,long,85.05,83.79642857142856,86.8,eod,0.5,375.2547704950313,656.6958483663049,38.69251938574267,618.0033289805622,47658.86920175074
2010-06-28,HM_5_min,short,219.8,222.10714285714286,215.9,eod,0.5,206.57095010046825,805.6267053918274,54.00177777526441,751.624927616563,48410.494129367304
2010-06-28,VOLVO_5_MIN,long,92.55,91.0125,91.0125,stop,0.5,314.86500246743077,-484.104941293673,34.678444209256654,-518.7833855029296,47891.71074386437
2010-06-28,ALFA_LAVAL_5_MIN,short,102.3,103.71249999999999,103.71249999999999,stop,0.5,339.0563592485987,-478.91710743864377,41.90990892582116,-520.827016364465,47370.88372749991
2010-06-28,KINNEVIK_5_min,short,57.49786514,58.17916488,58.17916488,stop,0.5,695.3016557367233,-473.70883727499915,48.25825830216758,-521.9670955771668,46848.916631922744
2010-06-29,ATLAS_5_min,short,26.72500017,27.108928737142858,25.90000019,eod,0.5,1220.2508654296282,1006.7069395744275,38.5294213395147,968.1775182349128,47817.09415015766
2010-06-29,INVESTOR_5_MIN,short,32.225,32.55446428571429,31.55,eod,0.5,1451.3589552351298,979.6672947837136,55.53625042207224,924.1310443616413,48741.2251945193
2010-06-29,SANDVIK_min,short,98.15,99.78214285714286,95.9,eod,0.5,298.6333272311913,671.9249862701804,34.7698782895276,637.1551079806528,49378.38030249995
2010-06-29,SWEDBANK_5_MIN,short,74.0,75.07678571428572,72.35,eod,0.5,458.5720227097817,756.6438374711424,40.26720931414593,716.3766281569965,50094.75693065695
2010-06-30,BOLIDEN_5_min,short,75.899928,77.36147835714286,77.36147835714286,stop,0.5,342.75081036951633,-500.94756930656945,31.51828273636947,-532.4658520429389,49562.29107861401
2010-06-30,GETINGE_5_min,long,148.545593,146.88045728571427,146.88045728571427,stop,0.5,297.6471566455723,-495.6229107861401,52.75963431994482,-548.3825451060849,49013.90853350793
2010-06-30,HANDELSBANKEN_5_min,short,63.266603,63.958269,63.958269,stop,0.5,708.6355051933748,-490.1390853350793,54.093636865729465,-544.2327222008088,48469.67581130712
2010-06-30,HEXAGON_5_min,short,12.334158,12.544348428571428,12.544348428571428,stop,0.5,2305.9887236890004,-484.69675811307127,34.421733171906006,-519.1184912849773,47950.55732002214
2010-06-30,INVESTOR_5_MIN,short,31.575,31.919642857142854,31.675,eod,0.5,1391.3115077312218,-139.13115077312415,52.80027171839987,-191.93142249152402,47758.62589753062
2010-06-30,SEB_5_MIN,short,41.88,42.56214285714286,41.85,eod,0.5,700.1264529480931,21.00379358844359,35.1729527432063,-14.169159154762713,47744.456738375855
2010-06-30,SKF_5_min,short,139.5,141.4607142857143,141.4607142857143,stop,0.5,243.50542598807317,-477.44456738375857,41.04927505083369,-518.4938424345922,47225.962895941266
2010-06-30,VOLVO_5_MIN,short,86.5,88.13035714285714,88.13035714285714,stop,0.5,289.6663660649203,-472.2596289594127,30.35072457491437,-502.61035353432703,46723.35254240694
2010-06-30,KINNEVIK_5_min,short,55.34841211,56.04250623321428,56.04250623321428,stop,0.5,673.1558585460352,-467.2335254240694,44.99006956293462,-512.223594987004,46211.12894741994
2010-06-30,SANDVIK_min,long,96.75,95.0375,95.0375,stop,0.5,269.8460084520863,-462.11128947419934,31.051854807602695,-493.16314428180203,45717.96580313813
2010-06-30,SWEDBANK_5_MIN,short,71.15,72.24107142857143,72.24107142857143,stop,0.5,419.0189991776995,-457.17965803138134,36.050149944610816,-493.2298079759922,45224.73599516214
2010-07-01,ATLAS_5_min,short,25.625,26.02946428142857,25.14999994,eod,0.5,1118.139179940145,531.1161775599188,34.0641100766235,497.05206748329533,45721.788062645435
2010-07-01,INVESTOR_5_MIN,short,31.375,31.711607142857144,31.711607142857144,stop,0.5,1358.3130671130702,-457.21788062645436,51.41481770518296,-508.6326983316373,45213.155364313796
2010-07-01,VOLVO_5_MIN,short,84.9,86.55357142857143,86.55357142857143,stop,0.5,273.4272894602136,-452.1315536431379,28.128051182392444,-480.25960482553035,44732.89575948827
2010-07-01,HEXAGON_5_min,short,12.428073,12.645195249999999,12.645195249999999,stop,0.5,2060.263089549249,-447.3289575948827,30.99451746590525,-478.3234750607879,44254.57228442748
2010-07-01,SEB_5_MIN,short,40.84,41.533928571428575,41.533928571428575,stop,0.5,637.7395903056969,-442.5457228442748,31.51986927540816,-474.06559211968295,43780.5066923078
2010-07-01,BOLIDEN_5_min,short,74.137887,75.60573032142858,72.948509,eod,0.5,298.2641679337992,354.7488395287677,26.322360910392774,328.4264786183749,44108.933170926175
2010-07-01,KINNEVIK_5_min,short,55.07973007,55.78022138464285,54.72148817,eod,0.5,629.6856541813823,225.57978515667878,41.48415116242028,184.0956339942585,44293.02880492043
2010-07-01,ERICSSON_5_MIN,short,85.0,86.32321428571429,83.1,eod,0.5,334.7381394164026,636.0024648911668,33.76168874153836,602.2407761496285,44895.26958107006
2010-07-01,ABB_5_min,short,135.5,137.00357142857143,134.7,eod,0.5,298.5908665724365,238.8726932579526,48.40755128872339,190.4651419692292,45085.73472303929
2010-07-02,ATLAS_5_min,short,25.40000022,25.80089307535714,25.35000011,eod,0.5,1124.6330315084786,56.23177528505644,34.24507603211051,21.986699252945932,45107.721422292234
2010-07-02,HEXAGON_5_min,long,12.396768,12.178304107142857,12.178304107142857,stop,0.5,2064.7678127656977,-451.07721422292235,30.445090729934794,-481.52230495285716,44626.199117339376
2010-07-02,INVESTOR_5_MIN,short,31.45,31.784821428571426,31.225,eod,0.5,1332.8358136378754,299.8880580685191,50.1212907718523,249.7667672966668,44875.96588463604
2010-07-02,KINNEVIK_5_min,long,55.07973007,54.368043699999994,54.368043699999994,stop,0.5,630.5581752905551,-448.7596588463604,41.4079131108148,-490.16757195717526,44385.79831267887
2010-07-02,ABB_5_min,short,134.8,136.3464285714286,132.9,eod,0.5,287.0213285808321,545.3405243035827,46.101365796653255,499.23915850692947,44885.037471185795
2010-07-02,SANDVIK_min,short,92.35,94.04642857142856,94.04642857142856,stop,0.5,264.5854840406745,-448.85037471185797,29.590673566214658,-478.4410482780726,44406.59642290772
2010-07-02,SEB_5_MIN,short,41.51,42.19678571428571,41.0,eod,0.5,646.5859073538328,329.75881275045344,32.00988192945884,297.7489308209946,44704.34535372871
2010-07-07,SEB_5_MIN,short,42.9,43.60178571428571,43.60178571428571,stop,0.5,637.008483411912,-447.0434535372871,33.0614227981676,-480.1048763354547,44224.24047739326
2010-07-07,HEXAGON_5_min,long,12.772427,12.545466071428573,13.54879,eod,0.5,1948.539810607766,1512.7742129828769,30.772763512887543,1482.0014494699892,45706.241926863244
2010-07-07,HANDELSBANKEN_5_min,short,64.666602,65.29993467857143,65.29993467857143,stop,0.5,721.6782502042952,-457.0624192686324,56.27641366518226,-513.3388329338147,45192.90309392943
2010-07-08,ATLAS_5_min,short,26.37499996,26.785714251785713,26.00000013,eod,0.5,1100.3489286296501,412.6306611768011,34.5784651416056,378.0521960351955,45570.95528996463
2010-07-08,ERICSSON_5_MIN,short,83.1,84.50892857142857,82.4,eod,0.5,323.4440426157177,226.41082983099872,32.117993431740764,194.29283639925796,45765.24812636389
2010-07-08,INVESTOR_5_MIN,short,32.425,32.76875,31.975,eod,0.5,1331.3526727669496,599.1087027451216,51.44346727571493,547.6652354694066,46312.9133618333
2010-07-08,KINNEVIK_5_min,short,56.37835828,57.09644187,56.2887976,eod,0.5,644.9515628373204,57.76230053477196,43.59891495914519,14.16338557562677,46327.07674740893
2010-07-08,SANDVIK_min,long,96.5,94.91428571428571,94.91428571428571,stop,0.5,292.1527362449206,-463.2707674740894,33.553324396677354,-496.8240918707667,45830.25265553816
2010-07-08,HEXAGON_5_min,long,14.212456,13.947034642857142,13.947034642857142,stop,0.5,1726.6980000735587,-458.30252655538163,29.173761705666905,-487.4762882610485,45342.77636727711
2010-07-08,NORDEA_5_min,long,69.6,68.50714285714285,68.50714285714285,stop,0.5,414.90122166135967,-453.4277636727711,34.38049337495309,-487.80825704772417,44854.96811022938
2010-07-08,SWEDBANK_5_MIN,short,76.45,77.71071428571429,75.8,eod,0.5,355.79011532193266,231.26357495925825,32.50142703465855,198.7621479245997,45053.730258153984
2010-07-09,HUSQVARNA_5_min,long,47.25,46.589285714285715,47.16,eod,0.5,681.8942957990884,-61.37048662192028,38.62658427983516,-99.99707090175544,44953.733187252226
2010-07-12,GETINGE_5_min,short,156.628366,158.44487757142858,158.44487757142858,stop,0.5,247.4728699465361,-449.53733187252226,46.78324789799126,-496.3205797705135,44457.41260748171
2010-07-12,SEB_5_MIN,short,46.37,47.12392857142857,46.3,eod,0.5,589.6767186212619,41.2773703034885,32.7872049087794,8.490165394709102,44465.90277287642
2010-07-12,ABB_5_min,short,137.7,139.41785714285714,136.0,eod,0.5,258.8451720666383,440.0367925132822,42.50755415678334,397.52923835649887,44863.432011232915
2010-07-13,GETINGE_5_min,short,158.698344,160.6134259642857,160.6134259642857,stop,0.5,234.26376963435055,-448.63432011232914,44.88190735227009,-493.51622746459924,44369.915783768316
2010-07-13,SKF_5_min,long,142.7,140.68571428571428,146.0,eod,0.5,220.27617764991462,726.9113862447207,38.1562394925182,688.7551467522024,45058.670930520515
2010-07-14,HUSQVARNA_5_min,long,49.55,48.8775,48.8775,stop,0.5,670.0174116062535,-450.5867093052051,39.56888326852471,-490.1555925737298,44568.51533794679
2010-07-14,SWEDBANK_5_MIN,long,83.25,81.86785714285715,81.86785714285715,stop,0.5,322.4595424967737,-445.6851533794679,31.946297203400007,-477.63145058286796,44090.88388736392
2010-07-14,INVESTOR_5_MIN,long,33.55,33.17410714285714,33.725,eod,0.5,1172.9641319203665,205.26872308606914,47.34669718496559,157.92202590110355,44248.80591326502
2010-07-14,ABB_5_min,short,138.5,140.275,137.6,eod,0.5,249.2890473986754,224.36014265880928,41.297223592064555,183.0629190667447,44431.86883233177
2010-07-14,ALFA_LAVAL_5_MIN,long,106.5,105.16607142857143,105.16607142857143,stop,0.5,333.09031520891267,-444.3186883233177,42.30235107070504,-486.6210393940228,43945.24779293775
2010-07-14,GETINGE_5_min,long,166.879687,164.7956272142857,166.978258,eod,0.5,210.86366184968156,20.7850420121894,42.239105292185755,-21.454063279996355,43923.79372965775
2010-07-14,KINNEVIK_5_min,long,58.43825063,57.72016704,57.72016704,stop,0.5,611.680789553453,-439.23793729657746,42.631123580199215,-481.86906087677664,43441.92466878097
2010-07-14,NORDEA_5_min,long,73.0,71.74285714285715,72.5,eod,0.5,345.56076441075896,-172.78038220537948,30.16745473305925,-202.94783693843874,43238.976831842534
2010-07-14,ATLAS_5_min,long,27.90000007,27.47053577214286,27.47053577214286,stop,0.5,1006.8119060789949,-432.38976831842535,33.448628839105886,-465.83839715753123,42773.138434685
2010-07-14,ERICSSON_5_MIN,short,85.85,87.23035714285714,86.3,eod,0.5,309.87008439098935,-139.4415379759461,32.00648101674528,-171.44801899269137,42601.69041569231
2010-07-15,SKF_5_min,short,146.7,148.80714285714285,140.8,eod,0.5,202.17751383718348,1192.847331639378,34.87562113691415,1157.9717105024638,43759.66212619477
2010-07-15,HEXAGON_5_min,short,14.838555,15.143331214285714,14.788467,eod,0.5,1435.7964983833,71.91617501102101,25.523024667074996,46.39315034394602,43806.05527653872
2010-07-15,GETINGE_5_min,short,162.838301,164.88011635714287,163.035442,eod,0.5,214.5446458872608,-42.295546034857864,41.94868007753474,-84.2442261123926,43721.811050426324
2010-07-16,SKF_5_min,long,142.4,140.18571428571428,140.18571428571428,stop,0.5,197.45334022773105,-437.2181105042632,33.478495911812125,-470.6966064160753,43251.11444401025
2010-07-16,ABB_5_min,long,137.9,136.1,136.1,stop,0.5,240.28396913338875,-432.5111444401025,39.502684525529105,-472.0138289656316,42779.10061504462
2010-07-16,ASSA_5_min,short,54.133279,54.82018314285715,52.899947,eod,0.5,622.7812287913565,768.096018467704,39.99497040586978,728.1010480618341,43507.201663106454
2010-07-16,NORDEA_5_min,long,72.7,71.51428571428572,71.51428571428572,stop,0.5,366.92820679728413,-435.07201663106457,31.749773551016425,-466.821790182081,43040.37987292437
2010-07-19,ASSA_5_min,long,52.533281,51.833281642857145,52.899947,eod,0.5,614.8631342834303,225.44940599516522,38.896203015419715,186.5532029797455,43226.93307590412
2010-07-19,ATLAS_5_min,short,26.25000011,26.729464407142856,26.17500009,eod,0.5,901.567297784104,67.6175653651514,28.35879945998706,39.258765905164346,43266.19184180928
2010-07-19,HUSQVARNA_5_min,short,46.81,47.51392857142857,46.69,eod,0.5,614.6389505685759,73.7566740682319,34.48124512689711,39.275428941334795,43305.46727075062
2010-07-19,VOLVO_5_MIN,short,88.15,89.56964285714287,89.56964285714287,stop,0.5,305.044800900884,-433.0546727075062,32.527471842920015,-465.5821445504262,42839.88512620019
2010-07-19,ABB_5_min,short,134.2,136.08571428571426,133.5,eod,0.5,227.18120900257844,159.02684630180232,36.48984578999415,122.53700051180817,42962.422126712
2010-07-20,HUSQVARNA_5_min,long,48.9,48.222142857142856,51.2,eod,0.5,633.7975866954355,1457.7344493995042,38.06588305692785,1419.6685663425765,44382.090693054575
2010-07-20,SANDVIK_min,short,97.5,99.20535714285714,95.0,eod,0.5,260.2510030168652,650.6275075421629,30.058990848447927,620.568516693715,45002.65920974829
2010-07-20,ERICSSON_5_MIN,long,87.7,86.40892857142858,86.40892857142858,stop,0.5,348.56831476430233,-450.0265920974829,36.41331349053669,-486.43990558801954,44516.21930416027
2010-07-21,ALFA_LAVAL_5_MIN,long,109.8,108.31964285714285,112.7,eod,0.5,300.7126997627229,872.066829311898,40.1451454183235,831.9216838935745,45348.14098805385
2010-07-21,ERICSSON_5_MIN,long,86.4,85.09821428571429,86.55,eod,0.5,348.35334641029027,52.25300196154057,36.14862675699582,16.104375204544752,45364.24536325839
2010-07-21,HUSQVARNA_5_min,short,51.25,52.045,51.2,eod,0.5,570.6194385315509,28.530971926575926,35.075976886534434,-6.545004959958508,45357.70035829843
2010-07-21,NORDEA_5_min,short,70.0,71.17321428571428,69.15,eod,0.5,386.61053577849674,328.61895541172004,32.27811363214669,296.34084177957334,45654.041200078005
2010-07-21,SANDVIK_min,short,95.7,97.54107142857143,97.54107142857143,stop,0.5,247.97539352127774,-456.54041200078007,28.751418439184,-485.2918304399641,45168.74936963804
2010-07-21,SEB_5_MIN,short,45.86,46.70392857142857,46.70392857142857,stop,0.5,535.2200517773454,-451.6874936963805,29.725242385628697,-481.4127360820092,44687.336633556035
2010-07-21,ASSA_5_min,long,53.53328,52.849947321428566,54.166613,eod,0.5,653.9616505240011,414.1754940113174,42.258959872522986,371.9165341387944,45059.25316769483
2010-07-21,ATLAS_5_min,long,26.8250001,26.366071516785716,27.20000023,eod,0.5,981.8358414746122,368.18856819163904,31.826208995803047,336.362359195836,45395.615526890666
2010-07-21,BOLIDEN_5_min,long,76.164234,74.69481739285713,74.69481739285713,stop,0.5,308.9363173535793,-453.9561552689067,27.96350386605818,-481.9196591349649,44913.6958677557
2010-07-21,KINNEVIK_5_min,long,57.40830446,56.798972948214285,57.49786514,eod,0.5,737.0978687140482,66.01498634858477,50.818255628552976,15.196730720031795,44928.89259847573
2010-07-21,HM_5_min,long,224.8,222.45357142857145,226.0,eod,0.5,191.4777766753921,229.77333201046835,51.790909035160055,177.98242297530828,45106.87502145104
2010-07-22,ABB_5_min,short,141.1,142.86071428571427,142.86071428571427,stop,0.5,256.18509139972394,-451.06875021451043,43.64790092592996,-494.7166511404404,44612.15837031059
2010-07-22,SWEDBANK_5_MIN,short,79.5,80.79821428571428,79.4,eod,0.5,343.6424853834118,34.364248538339226,32.76287455645448,1.6013739818847483,44613.75974429248
2010-07-22,ALFA_LAVAL_5_MIN,short,111.7,113.21428571428572,113.21428571428572,stop,0.5,294.61916812268515,-446.1375974429248,39.758435853630466,-485.8960332965553,44127.86371099592
2010-07-22,KINNEVIK_5_min,long,57.99044805,57.36192499285714,59.55775748,eod,0.5,702.0882242823766,1100.389494609725,49.51752653288252,1050.8719680768424,45178.735679072764
2010-07-23,ATLAS_5_min,long,28.02500021,27.525000198928574,28.07500003,eod,0.5,903.5746935737305,45.17857203524171,30.414324315806528,14.764247719435179,45193.4999267922
2010-07-23,KINNEVIK_5_min,short,59.2442951,59.92559486892858,59.92559486892858,stop,0.5,663.3423639327568,-451.934999267922,47.43026191295736,-499.3652611808794,44694.134665611324
2010-07-23,ALFA_LAVAL_5_MIN,short,115.8,117.425,115.7,eod,0.5,275.0408287114543,27.50408287114387,38.203171108021,-10.699088236877135,44683.43557737445
2010-07-23,ERICSSON_5_MIN,short,83.0,84.25178571428572,82.75,eod,0.5,356.9575452686111,89.23938631715278,35.499427876963374,53.739958440189405,44737.17553581463
2010-07-26,ALFA_LAVAL_5_MIN,short,116.2,117.8875,117.8875,stop,0.5,265.10918836038303,-447.37175535814634,37.235248278186695,-484.60700363633305,44252.5685321783
2010-07-26,ATLAS_5_min,short,28.07500003,28.57678574857143,28.17499996,eod,0.5,881.9017141054583,-88.19010967742511,29.764182845767806,-117.95429252319292,44134.61423965511
2010-07-26,ERICSSON_5_MIN,short,81.9,83.33928571428572,80.95,eod,0.5,306.64248106956353,291.31035701608624,29.962036825307052,261.3483201907792,44395.96255984589
2010-07-26,KINNEVIK_5_min,short,60.36380195,61.06589256178572,61.06589256178572,stop,0.5,632.3394988422955,-443.95962559845884,46.07087530329337,-490.0305009017522,43905.932058944134
2010-07-26,ABB_5_min,long,146.6,144.64642857142857,148.7,eod,0.5,224.7470013986179,471.9687029370963,39.82067370780711,432.1480292292892,44338.080088173425
2010-07-27,BOLIDEN_5_min,long,76.38449,75.05666599999999,75.899928,eod,0.5,333.91533884139164,-161.80268441966135,30.510061822040466,-192.3127462417018,44145.76734193172
2010-07-27,HM_5_min,short,229.5,231.72142857142856,229.0,eod,0.5,198.7269269411727,99.36346347058635,54.66977760151661,44.693685869069746,44190.46102780079
2010-07-27,SEB_5_MIN,long,48.85,48.010357142857146,49.57,eod,0.5,526.3006842953739,378.9364926926686,31.07910800901042,347.85738468365815,44538.31841248445
2010-07-27,SWEDBANK_5_MIN,long,80.4,79.18035714285715,81.7,eod,0.5,365.17508508039924,474.72761060451796,35.51692877491963,439.21068182959834,44977.52909431405
2010-07-28,ASSA_5_min,long,55.733278,55.04875482142857,55.04875482142857,stop,0.5,657.0636393668958,-449.77529094314053,43.674507397266446,-493.44979834040697,44484.07929597364
2010-07-28,SEB_5_MIN,long,50.4,49.596785714285716,49.596785714285716,stop,0.5,553.825798260234,-444.84079295973646,33.228479803003104,-478.06927276273956,44006.0100232109
2010-07-29,ERICSSON_5_MIN,long,78.0,76.55535714285715,78.95,eod,0.5,304.6151497280369,289.3843922416359,28.685608649889236,260.6987835917467,44266.70880680265
2010-07-29,KINNEVIK_5_min,long,61.34896779,60.68046237392858,60.68046237392858,stop,0.5,662.1742732757906,-442.66708806802643,48.482849542234945,-491.14993761026136,43775.55886919239
2010-07-29,INVESTOR_5_MIN,short,34.375,34.71160714285714,34.15,eod,0.5,1300.4940565914023,292.6111627330674,53.469813136755505,239.14134959631187,44014.700218788705
2010-07-30,HM_5_min,long,228.1,226.15,226.15,stop,0.5,225.71641137840493,-440.14700218788704,61.519007921184254,-501.6660101090713,43513.03420867963
2010-07-30,INVESTOR_5_MIN,long,34.125,33.777678571428574,33.777678571428574,stop,0.5,1252.8174373707327,-435.1303420867963,51.04179585507942,-486.17213794187575,43026.862070737756
2010-07-30,NORDEA_5_min,long,72.95,71.89642857142857,71.89642857142857,stop,0.5,408.39055524767963,-430.2686207073776,35.49234803395745,-465.76096874133503,42561.10110199642
2010-08-02,ASSA_5_min,short,53.23328,54.00946967857143,53.43328,eod,0.5,548.3337678533667,-109.6667535706749,35.09332604925432,-144.76007961992923,42416.341022376495
2010-08-02,INVESTOR_5_MIN,long,34.175,33.823214285714286,35.0,eod,0.5,1205.7437041893938,994.7385559562533,50.04439244238078,944.6941635138726,43361.03518589037
2010-08-02,KINNEVIK_5_min,short,60.67726351,61.361761875000006,61.361761875000006,stop,0.5,633.4717130535464,-433.6103518589037,46.38496228201271,-479.99531414091643,42881.03987174945
2010-08-02,ALFA_LAVAL_5_MIN,long,113.5,111.73214285714286,115.8,eod,0.5,242.5594174563611,557.8866601496298,33.371324653646155,524.5153354959837,43405.55520724544
2010-08-03,ALFA_LAVAL_5_MIN,short,115.8,117.61785714285715,115.3,eod,0.5,238.77319170979712,119.38659585489856,33.108290762480465,86.2783050924181,43491.83351233786
2010-08-03,ATLAS_5_min,short,27.52500024,28.006250244285717,27.57500006,eod,0.5,903.726402597951,-45.18615745914511,29.877195032559015,-75.06335249170412,43416.77015984615
2010-08-03,BOLIDEN_5_min,short,77.970327,79.19431642857143,78.278684,eod,0.5,354.7152381088761,-109.37892667753903,33.254343084684834,-142.63326976222385,43274.13689008392
2010-08-03,HANDELSBANKEN_5_min,long,70.999929,69.92969203571428,70.999929,eod,0.5,404.3416396009603,0.0,34.44987324409412,-34.44987324409412,43239.68701683983
2010-08-03,INVESTOR_5_MIN,short,34.875,35.22142857142857,34.9,eod,0.5,1248.1559138881726,-31.20389784720254,52.25404733492834,-83.45794518213089,43156.2290716577
2010-08-03,SWEDBANK_5_MIN,long,86.35,85.14464285714286,87.1,eod,0.5,358.0368634093095,268.5276475569821,37.26089637500683,231.26675118197528,43387.49582283967
2010-08-03,NORDEA_5_min,short,75.3,76.34464285714286,75.8,eod,0.5,415.3332933468397,-207.66664667341985,37.65411637482448,-245.32076304824432,43142.17505979143
2010-08-03,HM_5_min,short,231.3,233.29285714285714,233.29285714285714,stop,0.5,216.48403255809424,-431.4217505979143,60.346161127183386,-491.7679117250977,42650.40714806633
2010-08-04,HM_5_min,short,230.5,232.47142857142856,232.47142857142856,stop,0.5,216.34264495396084,-426.50407148066336,60.09627803715396,-486.60034951781734,42163.80679854852
2010-08-05,ATLAS_5_min,long,27.82500004,27.37946431892857,27.57500006,eod,0.5,946.3619818665153,-236.59047653938762,31.457072334024684,-268.0475488734123,41895.7592496751
2010-08-05,SKF_5_min,long,142.2,140.27142857142854,143.0,eod,0.5,217.2372701834987,173.78981614680143,37.1736416738003,136.61617447300114,42032.3754241481
2010-08-06,BOLIDEN_5_min,long,79.908572,78.78684392857143,81.318205,eod,0.5,374.71091697489334,528.2048740280696,36.248060070345986,491.9568139577236,42524.332238105824
2010-08-06,INVESTOR_5_MIN,long,34.6,34.28035714285714,34.28035714285714,stop,0.5,1330.3701705776014,-425.24332238105825,54.98182348895338,-480.2251458700116,42044.10709223581
2010-08-06,HEXAGON_5_min,long,17.029903,16.768283,16.768283,stop,0.5,1607.0677735737218,-420.4410709223581,32.58958531551032,-453.0306562378684,41591.076435997944
2010-08-09,HEXAGON_5_min,short,16.729375,16.994572714285717,16.842073,eod,0.5,1568.3044836196832,-176.7447786949682,31.590151452003024,-208.33493014697123,41382.74150585097
2010-08-09,INVESTOR_5_MIN,short,34.5,34.816071428571426,34.45,eod,0.5,1309.284477021283,65.46422385106042,54.16509881437048,11.299125036689944,41394.04063088766
2010-08-09,NORDEA_5_min,short,73.9,74.88392857142858,74.75,eod,0.5,420.70168336292085,-357.59643085848035,37.52238313913891,-395.11881399761927,40998.92181689004
2010-08-09,GETINGE_5_min,long,159.979759,158.62089560714287,159.486907,eod,0.5,301.71481572320647,-148.7007503588135,57.83269575713828,-206.5334461159518,40792.38837077409
2010-08-09,ABB_5_min,long,146.5,144.78214285714284,145.6,eod,0.5,237.46088864483698,-213.71479978035464,41.617395343894124,-255.33219512424876,40537.05617564984
2010-08-09,HM_5_min,long,234.4,232.475,235.2,eod,0.5,210.58211000337457,168.46568800269606,59.33361531455081,109.13207268814524,40646.18824833799
2010-08-09,BOLIDEN_5_min,long,82.992144,81.92390646428571,81.92390646428571,stop,0.5,380.4976598314294,-406.4618824833799,37.650102762181575,-444.11198524556147,40202.07626309243
2010-08-09,SKF_5_min,short,141.9,143.73928571428573,141.7,eod,0.5,218.57439521681226,43.71487904336618,37.19261909009277,6.522259953273412,40208.5985230457
2010-08-10,HEXAGON_5_min,long,16.904683,16.646640678571426,16.766941,eod,0.5,1558.2172064040933,-214.63195444451162,31.48062233062141,-246.11257677513302,39962.485946270564
2010-08-11,INVESTOR_5_MIN,long,34.05,33.762499999999996,33.762499999999996,stop,0.5,1389.9995111746216,-399.6248594627057,56.55560511091741,-456.1804645736231,39506.30548169694
2010-08-11,NORDEA_5_min,short,72.8,73.68571428571428,70.9,eod,0.5,446.0389328578685,847.4739724299463,38.45747679100542,809.0164956389409,40315.32197733588
2010-08-11,SANDVIK_min,short,92.65,93.9,90.55,eod,0.5,322.522575818687,677.2974092192455,35.451681533990076,641.8457276852555,40957.16770502114
2010-08-11,ATLAS_5_min,short,27.00000006,27.34285720071429,26.07500015,eod,0.5,1194.584065529263,1104.9901531020028,38.04152971729697,1066.9486233847058,42024.11632840584
2010-08-11,BOLIDEN_5_min,short,78.983501,80.0202735357143,77.089306,eod,0.5,405.3359332040276,767.7852979954073,37.95715012387025,729.828147871537,42753.94447627738
2010-08-11,HANDELSBANKEN_5_min,short,68.999931,70.02969182142857,67.566599,eod,0.5,415.18325019362896,595.0954383665376,34.02008147583943,561.0753568906981,43315.01983316807
2010-08-11,HUSQVARNA_5_min,short,48.82,49.49178571428571,47.74,eod,0.5,644.7743515835786,696.3562997102638,37.355646833346206,659.0006528769176,43974.02048604499
2010-08-11,KINNEVIK_5_min,short,61.93111138,62.59002106785714,60.40858229,eod,0.5,667.3755341047458,1016.098664628762,48.987911043136336,967.1107535856256,44941.13123963062
2010-08-11,ALFA_LAVAL_5_MIN,short,112.4,113.95714285714287,110.3,eod,0.5,288.6127694288192,606.0868158005228,38.56443825107882,567.522377549444,45508.65361718006
2010-08-11,SWEDBANK_5_MIN,short,84.1,85.21785714285714,82.2,eod,0.5,407.10616654346217,773.5017164325747,40.62105329770665,732.880663134868,46241.53428031493
2010-08-11,GETINGE_5_min,short,156.825506,158.0153915357143,155.051239,eod,0.5,388.6217026123931,689.5186624289753,72.72124298826668,616.7974194407086,46858.33169975564
2010-08-11,SKF_5_min,short,138.3,139.96785714285716,135.0,eod,0.5,280.949312118449,927.1327299908849,46.07006820118326,881.0626617897016,47739.39436154534
2010-08-12,ABB_5_min,long,139.8,138.29285714285714,140.7,eod,0.5,316.75427538465897,285.07884784618585,53.3097445472381,231.76910329894775,47971.163464844285
2010-08-12,ASSA_5_min,long,52.033281,51.452329250000005,51.452329250000005,stop,0.5,825.7340384092919,-479.71163464844284,51.270954521389505,-530.9825891698323,47440.18087567445
2010-08-12,ATLAS_5_min,long,26.17500009,25.831250085,25.831250085,stop,0.5,1380.0779690366664,-474.4018087567445,43.06360807123606,-517.4654168279806,46922.71545884647
2010-08-12,ERICSSON_5_MIN,long,76.15,74.95535714285715,74.95535714285715,stop,0.5,392.77609352696743,-469.2271545884647,35.6103431337412,-504.8374977222059,46417.877961124264
2010-08-12,HEXAGON_5_min,long,15.927968,15.671267357142858,15.671267357142858,stop,0.5,1808.2493851391146,-464.17877961124265,34.283578743251844,-498.4623583544945,45919.41560276977
2010-08-12,HM_5_min,long,232.1,230.26785714285714,230.26785714285714,stop,0.5,250.63228789036154,-459.1941560276977,69.53058832960687,-528.7247443573046,45390.69085841246
2010-08-12,HUSQVARNA_5_min,long,47.6,46.93357142857143,46.93357142857143,stop,0.5,681.103614166964,-453.90690858412455,38.632294296066505,-492.53920288019106,44898.15165553227
2010-08-12,INVESTOR_5_MIN,long,33.35,33.07232142857143,33.07232142857143,stop,0.5,1616.9109277876441,-448.9815165553226,64.43938642012832,-513.420902975451,44384.73075255682
2010-08-12,SANDVIK_min,long,90.4,89.21785714285714,90.25,eod,0.5,375.4599580276688,-56.318993704152454,40.696104850619015,-97.01509855477147,44287.715654002044
2010-08-12,SEB_5_MIN,long,48.33,47.68571428571428,48.37,eod,0.5,687.3924824346208,27.495699297384245,39.88251183085669,-12.386812533472447,44275.328841468574
2010-08-12,SKF_5_min,long,135.2,133.575,133.575,stop,0.5,272.4635621013451,-442.75328841468576,43.93883634227341,-486.6921247569592,43788.63671671161
2010-08-12,BOLIDEN_5_min,long,77.001204,75.96915125,75.96915125,stop,0.5,424.28680817633966,-437.88636716711613,38.94198226477397,-476.8283494318901,43311.80836727972
2010-08-12,KINNEVIK_5_min,long,60.58770365,59.94638617964286,59.94638617964286,stop,0.5,675.3567518308794,-433.11808367279724,48.84210683534342,-481.96019050814067,42829.84817677158
2010-08-12,VOLVO_5_MIN,short,85.65,86.71785714285714,84.9,eod,0.5,401.0821902841511,300.8116427131133,41.042740531777184,259.7689021813361,43089.61707895291
2010-08-12,NORDEA_5_min,short,70.5,71.38035714285714,70.1,eod,0.5,489.4560966371972,195.78243865488167,41.290516312313954,154.4919223425677,43244.10900129548
2010-08-13,ALFA_LAVAL_5_MIN,short,111.1,112.59642857142856,110.7,eod,0.5,288.98211265782277,115.59284506312665,38.45773955250305,77.13510551062359,43321.2441068061
2010-08-13,HUSQVARNA_5_min,short,47.4,48.07892857142857,47.3,eod,0.5,638.0825013101376,63.80825013101466,36.25584772444201,27.552402406572646,43348.796509212676
2010-08-13,SKF_5_min,short,132.2,133.875,133.875,stop,0.5,258.7987851296262,-433.48796509212684,41.315932052019164,-474.803897144146,42873.99261206853
2010-08-13,ERICSSON_5_MIN,long,77.3,76.3,76.3,stop,0.5,428.73992612068525,-428.73992612068525,39.51267159128234,-468.2525977119676,42405.74001435656
2010-08-16,ATLAS_5_min,short,26.47500019,26.826785911785713,26.826785911785713,stop,0.5,1205.4423300382718,-424.05740014356564,38.55133754024288,-462.6087376838085,41943.13127667275
2010-08-16,HM_5_min,long,236.0,234.06785714285715,240.0,eod,0.5,217.08090124710563,868.3236049884225,61.998305396173365,806.3252995922492,42749.456576265
2010-08-16,INVESTOR_5_MIN,short,33.175,33.46339285714286,33.46339285714286,stop,0.5,1482.3340980005066,-427.49456576265004,59.26821718085775,-486.7627829435078,42262.693793321494
2010-08-16,SANDVIK_min,short,90.8,92.00357142857143,91.75,eod,0.5,351.1440433866452,-333.5868412173139,38.46080707213925,-372.04764828945315,41890.64614503204
2010-08-16,ABB_5_min,long,143.2,141.77142857142854,143.8,eod,0.5,293.234523015221,175.94071380913925,50.494984863221056,125.4457289459182,42016.09187397796
2010-08-16,HANDELSBANKEN_5_min,long,67.833266,66.74160049999999,66.74160049999999,stop,0.5,384.8806422294904,-420.1609187397796,31.07715662788075,-451.2380753676604,41564.8537986103
2010-08-17,GETINGE_5_min,long,157.81121,156.54739664285714,158.599774,eod,0.5,328.88443189568335,259.3464231533903,62.43758803103649,196.9088351223538,41761.76263373265
2010-08-17,HM_5_min,long,239.5,237.26785714285714,240.6,eod,0.5,187.09269659912192,205.80196625903304,53.893922182343054,151.90804407668998,41913.67067780934
2010-08-17,INVESTOR_5_MIN,long,34.1,33.79821428571429,34.25,eod,0.5,1388.8553597380628,208.32830396070744,56.95695830285795,151.3713456578495,42065.04202346719
2010-08-17,SANDVIK_min,long,92.2,91.07321428571429,93.4,eod,0.5,373.31891494677615,447.9826979361324,41.572794368473,406.4099035676594,42471.451927034854
2010-08-17,VOLVO_5_MIN,long,87.9,86.84107142857144,89.1,eod,0.5,401.07947856896504,481.29537428275347,42.59464062402409,438.7007336587294,42910.15266069358
2010-08-17,BOLIDEN_5_min,short,75.767775,76.86905075,76.86905075,stop,0.5,389.6404026030139,-429.1015266069358,35.684084542365646,-464.7856111493015,42445.36704954428
2010-08-18,ABB_5_min,long,145.1,143.74285714285713,145.6,eod,0.5,312.7553361545359,156.37766807726794,54.55078573207415,101.8268823451938,42547.19393188947
2010-08-18,HUSQVARNA_5_min,short,48.79,49.445,49.445,stop,0.5,649.575479876174,-425.47193931889467,38.28662835938157,-463.7585676782762,42083.4353642112
2010-08-18,SANDVIK_min,short,93.15,94.23392857142858,93.1,eod,0.5,388.24915657262363,19.412457828635596,43.386843246990686,-23.97438541835509,42059.46097879284
2010-08-18,HEXAGON_5_min,long,16.716853,16.449866321428573,16.666765,eod,0.5,1575.3393092060421,-78.90559531951035,31.554315431351032,-110.45991075086138,41949.00106804198
2010-08-18,SEB_5_MIN,short,48.25,48.9025,48.56,eod,0.5,642.8965680925941,-199.2979361087056,37.343290054226415,-236.641226162932,41712.35984187905
2010-08-19,ABB_5_min,long,146.3,144.98214285714286,144.98214285714286,stop,0.5,316.5165516456929,-417.1235984187905,55.317371647866565,-472.4409700666571,41239.91887181239
2010-08-19,ATLAS_5_min,short,26.77499999,27.07857142107143,25.97500022,eod,0.5,1358.4914340015355,1086.7928347482027,42.99625405731851,1043.7965806908842,42283.715452503275
2010-08-19,SEB_5_MIN,short,48.45,49.10464285714286,47.51,eod,0.5,645.9050914730417,607.1507859846623,37.18863154665185,569.9621544380104,42853.67760694129
2010-08-19,VOLVO_5_MIN,short,89.95,90.97857142857143,87.3,eod,0.5,416.6329767341529,1104.0773883455076,44.308917075677165,1059.7684712698306,43913.44607821112
2010-08-20,ALFA_LAVAL_5_MIN,long,109.9,108.55000000000001,108.55000000000001,stop,0.5,325.2847857645282,-439.1344607821112,42.6350768701567,-481.7695376522679,43431.67654055885
2010-08-20,BOLIDEN_5_min,long,75.239163,74.10327571428572,74.10327571428572,stop,0.5,382.35903409419126,-434.3167654055885,34.26145836963914,-468.5782237752277,42963.098316783624
2010-08-20,SANDVIK_min,long,90.7,89.57857142857144,89.57857142857144,stop,0.5,383.1104308503015,-429.63098316783623,41.439960703846104,-471.07094387168235,42492.02737291194
2010-08-20,SKF_5_min,long,134.8,133.00357142857143,133.00357142857143,stop,0.5,236.5361364694891,-424.92027372911946,38.00713327106708,-462.9274070001865,42029.09996591176
2010-08-20,ASSA_5_min,long,52.199948,51.697567642857145,51.697567642857145,stop,0.5,836.5991896048707,-420.2909996591176,52.1523464332642,-472.4433460923818,41556.656619819376
2010-08-23,ATLAS_5_min,short,25.47499995,25.790178524285714,25.40000022,eod,0.5,1318.5114728689555,98.88800446707639,40.24756284381303,58.64044162326336,41615.29706144264
2010-08-23,BOLIDEN_5_min,long,74.754601,73.64703225,73.64703225,stop,0.5,375.7355655027527,-416.1529706144264,33.45586295443251,-449.6088335688589,41165.688227873776
2010-08-23,KINNEVIK_5_min,long,60.54292331,59.879215758214286,59.879215758214286,stop,0.5,620.2383582515677,-411.6568822787378,44.81425789968671,-456.4711401784245,40709.21708769535
2010-08-23,GETINGE_5_min,short,156.924077,158.15972742857144,158.15972742857144,stop,0.5,329.4557760544003,-407.09217087695356,62.28370758611273,-469.3758784630663,40239.84120923229
2010-08-23,NORDEA_5_min,short,67.5,68.40892857142858,68.40892857142858,stop,0.5,442.71730996404705,-402.3984120923229,36.1015411543432,-438.4999532466661,39801.34125598562
2010-08-24,ALFA_LAVAL_5_MIN,short,105.4,106.72500000000001,104.7,eod,0.5,300.38748117724936,210.2712368240754,37.86684587720405,172.40439094687136,39973.7456469325
2010-08-24,ASSA_5_min,short,50.699949,51.22375792857142,49.266617,eod,0.5,763.1360113687269,1093.8272654471602,45.77285186848115,1048.054413578679,41021.800060511174
2010-08-24,ATLAS_5_min,short,25.10000012,25.42232155714286,25.42232155714286,stop,0.5,1272.698472187865,-410.2180006051118,38.57980896593014,-448.79780957104197,40573.00225094013
2010-08-24,NORDEA_5_min,short,68.0,68.92678571428571,66.9,eod,0.5,437.78191253422904,481.56010378764944,35.4340680005205,446.12603578712896,41019.12828672726
2010-08-24,SANDVIK_min,short,87.0,88.14107142857142,85.85,eod,0.5,359.47905853783095,413.40091731850765,37.281573160958445,376.1193441575492,41395.24763088481
2010-08-24,SWEDBANK_5_MIN,long,83.0,81.82142857142857,81.82142857142857,stop,0.5,351.23240414084023,-413.95247630884813,34.734375966642375,-448.68685227549054,40946.560778609324
2010-08-24,VOLVO_5_MIN,long,82.35,81.19464285714285,82.0,eod,0.5,354.4060902012557,-124.04213157043749,34.94798455474582,-158.9901161251833,40787.57066248414
2010-08-25,ALFA_LAVAL_5_MIN,short,104.3,105.63571428571429,105.63571428571429,stop,0.5,305.3614915907896,-407.8757066248414,38.46376971147813,-446.33947633631954,40341.23118614782
2010-08-25,ASSA_5_min,short,49.166618,49.728522142857145,49.728522142857145,stop,0.5,717.9379561258002,-403.41231186147826,42.60034487096245,-446.0126567324407,39895.21852941538
2010-08-25,BOLIDEN_5_min,short,71.891284,73.13572560714286,71.626978,eod,0.5,320.5873083994005,84.7331491338135,27.606079992443973,57.127069141369525,39952.34559855675
2010-08-25,KINNEVIK_5_min,short,58.88605321,59.57534946892857,59.57534946892857,stop,0.5,579.6106547953399,-399.5234559855675,41.19689470482492,-440.7203506903924,39511.62524786636
2010-08-25,NORDEA_5_min,short,66.55,67.5142857142857,65.45,eod,0.5,409.75018775565377,450.7252065312168,32.45221487024777,418.27299166096907,39929.89823952733
2010-08-25,VOLVO_5_MIN,short,82.75,83.92142857142858,83.92142857142858,stop,0.5,340.8649849715729,-399.2989823952733,34.08747239711435,-433.38645479238767,39496.51178473494
2010-08-25,SKF_5_min,long,129.0,127.125,129.6,eod,0.5,210.6480628519197,126.38883771115061,32.684153432103855,93.70468427904676,39590.21646901398
2010-08-26,ERICSSON_5_MIN,short,73.1,74.10535714285714,73.25,eod,0.5,393.7925616811309,-59.06888425217188,34.5789248412201,-93.64780909339197,39496.568659920595
2010-08-26,GETINGE_5_min,short,148.644163,150.21776910714286,148.249882,eod,0.5,250.99399704054892,98.96216414713918,44.711173831251955,54.25099031588722,39550.81965023648
2010-08-26,HM_5_min,short,235.2,237.8642857142857,232.9,eod,0.5,148.44811664968134,341.43066829426454,41.693138042229506,299.737530252035,39850.55718048852
2010-08-26,KINNEVIK_5_min,long,59.4681968,58.76930478321429,59.42341646,eod,0.5,570.1961994610547,-25.53357967857535,40.674927617187315,-66.20850729576267,39784.348673192755
2010-08-26,NORDEA_5_min,short,66.0,67.00714285714285,66.75,eod,0.5,395.0219017196461,-296.26642628973457,31.463494471969813,-327.72992076170436,39456.61875243105
2010-08-26,ATLAS_5_min,short,25.22499997,25.565624964999998,25.565624964999998,stop,0.5,1158.3594666161002,-394.5661875243105,35.300280725282995,-429.86646824959354,39026.75228418146
2010-08-26,SEB_5_MIN,short,46.16,46.85107142857142,46.27,eod,0.5,564.7281984274338,-62.12010182702141,31.318696428388616,-93.43879825541002,38933.313485926046
2010-08-26,SANDVIK_min,long,87.65,86.44107142857143,88.5,eod,0.5,322.0480879190336,273.74087473117675,34.03726241216266,239.7036123190141,39173.01709824506
2010-08-26,ABB_5_min,short,139.7,141.08214285714286,141.08214285714286,stop,0.5,283.4223459304532,-391.7301709824506,47.74796017437064,-439.47813115682123,38733.538967088236
2010-08-26,SWEDBANK_5_MIN,long,80.75,79.51071428571429,81.15,eod,0.5,312.5472884952366,125.01891539809642,30.360843604427284,94.65807179366914,38828.1970388819
2010-08-26,INVESTOR_5_MIN,long,31.975,31.64732142857143,32.0,eod,0.5,1184.9477025489869,29.623692563722987,45.484217562342856,-15.86052499861987,38812.33651388328
2010-08-26,ALFA_LAVAL_5_MIN,long,106.8,105.45,107.0,eod,0.5,287.4987889917292,57.49975779834666,36.88034465185902,20.619413146487638,38832.95592702977
2010-08-26,VOLVO_5_MIN,long,84.95,83.69821428571429,85.35,eod,0.5,310.22047530865376,124.08819012345886,31.698328167038238,92.38986195642062,38925.34578898619
2010-08-27,HEXAGON_5_min,long,15.777704,15.523239285714286,15.677528,eod,0.5,1529.6952230980326,-153.23874866906755,28.87015087910422,-182.10889954817176,38743.23688943802
2010-08-30,BOLIDEN_5_min,long,74.842704,73.62500767857142,73.62500767857142,stop,0.5,318.16830031961706,-387.4323688943802,28.34263168626842,-415.7750005806486,38327.46188885737
2010-08-30,GETINGE_5_min,long,149.137015,147.4718792142857,147.4718792142857,stop,0.5,230.17619474447994,-383.2746188885737,40.96338395856736,-424.23800284714105,37903.22388601023
2010-08-31,GETINGE_5_min,short,145.982762,147.67606075,145.785622,eod,0.5,223.84250792135944,44.128312011621,39.18610008403334,4.942211927587657,37908.166097937814
2010-08-31,KINNEVIK_5_min,short,59.64731734,60.32701778214286,59.96077972,eod,0.5,557.7187205944214,-174.82383752808076,40.02460491902193,-214.84844244710268,37693.31765549071
2010-08-31,SEB_5_MIN,short,45.29,45.949285714285715,45.949285714285715,stop,0.5,571.7296285773227,-376.9331765549071,31.298521759853276,-408.23169831476037,37285.08595717595
2010-08-31,SWEDBANK_5_MIN,short,80.45,81.66428571428571,81.66428571428571,stop,0.5,307.0536490590976,-372.8508595717595,29.86666979590834,-402.71752936766785,36882.36842780828
2010-08-31,ASSA_5_min,long,48.933284,48.310665535714286,49.133284,eod,0.5,592.3751148324963,118.47502296650093,34.85531668813728,83.61970627836365,36965.98813408664
2010-08-31,HUSQVARNA_5_min,long,46.49,45.815,45.815,stop,0.5,547.644268653132,-369.65988134086643,30.330182530816405,-399.9900638716828,36565.998070214955
2010-08-31,HEXAGON_5_min,short,15.101517,15.366714821428571,15.088995,eod,0.5,1378.8197004500505,17.265580289033895,24.97636362736419,-7.710783338330295,36558.28728687663
2010-08-31,ABB_5_min,short,140.3,141.65,141.65,stop,0.5,270.80212805093913,-365.5828728687663,45.81159600237737,-411.39446887114366,36146.892818005486
2010-09-01,BOLIDEN_5_min,short,74.137887,75.29894632142857,75.29894632142857,stop,0.5,311.3268387831412,-361.4689281800549,27.914218149434124,-389.383146329489,35757.509671675994
2010-09-01,ABB_5_min,long,143.2,141.8785714285714,145.1,eod,0.5,270.5973704883564,514.1350039278786,46.80793314707588,467.3270707808028,36224.8367424568
2010-09-01,HEXAGON_5_min,long,15.427089,15.173518714285715,15.527264,eod,0.5,1428.591549692604,143.1091584904568,26.532676273201144,116.57648221725564,36341.413224674056
2010-09-02,ATLAS_5_min,short,26.32500014,26.695089409285714,26.62500023,eod,0.5,981.9634407345651,-294.58912059708024,31.19697873013302,-325.78609932721326,36015.627125346844
2010-09-02,BOLIDEN_5_min,short,77.838174,79.08890864285713,79.08890864285713,stop,0.5,287.9557812764653,-360.1562712534684,27.112836411516213,-387.26910766498463,35628.35801768186
2010-09-02,ERICSSON_5_MIN,short,74.1,75.10892857142856,75.10892857142856,stop,0.5,353.1306281398563,-356.2835801768186,31.61414560230211,-387.8977257791207,35240.46029190274
2010-09-02,HEXAGON_5_min,long,15.652484,15.389969464285715,15.740138,eod,0.5,1342.4193900736109,117.66842921751305,25.285238686830848,92.3831905306822,35332.84348243342
2010-09-02,KINNEVIK_5_min,short,62.33413362,63.0170326575,62.4236943,eod,0.5,517.3948349932093,-46.33823325047867,38.72943347446776,-85.06766672494643,35247.77581570847
2010-09-02,SEB_5_MIN,short,47.59,48.23928571428572,47.12,eod,0.5,542.8700345653642,255.14891624572442,30.849132584211386,224.29978366151303,35472.07559936998
2010-09-02,ASSA_5_min,short,51.799948,52.428518857142855,51.266615,eod,0.5,564.3289884708781,300.97527240813827,34.89806954577602,266.07720286236224,35738.15280223234
2010-09-02,INVESTOR_5_MIN,short,32.8,33.159821428571426,32.85,eod,0.5,993.219134950376,-49.66095674752303,39.12290172569531,-88.78385847321834,35649.368943759124
2010-09-02,ALFA_LAVAL_5_MIN,short,111.5,112.90357142857142,112.90357142857142,stop,0.5,253.99041486647786,-356.49368943759123,34.197813722797285,-390.6915031603885,35258.67744059874
2010-09-02,SWEDBANK_5_MIN,short,85.8,87.04642857142856,86.05,eod,0.5,282.8776413572403,-70.71941033931007,29.167513600345046,-99.88692393965512,35158.790516659086
2010-09-02,GETINGE_5_min,long,152.192698,150.40082889285716,151.896986,eod,0.5,196.21293975384276,-58.02252084049009,35.79979850787425,-93.82231934836435,35064.96819731072
2010-09-03,ATLAS_5_min,short,26.65000014,27.01562511857143,27.01562511857143,stop,0.5,959.0419214331772,-350.64968197310725,30.880550617735913,-381.5302325908432,34683.43796471988
2010-09-03,BOLIDEN_5_min,long,78.895398,77.67455507142857,78.851347,eod,0.5,284.0941873276422,-12.514633045968848,26.888959994613483,-39.40359304058233,34644.0343716793
2010-09-03,NORDEA_5_min,long,68.35,67.30714285714285,67.85,eod,0.5,332.2030693174722,-166.1015346587361,27.14763482462382,-193.24916948335994,34450.78520219594
2010-09-03,SEB_5_MIN,long,47.68,47.0575,47.88,eod,0.5,553.4262683083665,110.68525366167488,31.731248519728503,78.95400514194637,34529.73920733789
2010-09-03,VOLVO_5_MIN,long,89.2,87.83571428571429,89.7,eod,0.5,253.09756487053957,126.54878243526979,27.167492613203716,99.38128982206607,34629.12049715995
2010-09-03,ABB_5_min,long,148.3,146.95714285714286,146.95714285714286,stop,0.5,257.8764292341674,-346.2912049715996,45.683914623529475,-391.97511959512906,34237.14537756482
2010-09-03,ERICSSON_5_MIN,long,75.3,74.31071428571428,74.31071428571428,stop,0.5,346.07944785986115,-342.3714537756482,31.06631603635166,-373.4377698119999,33863.70760775282
2010-09-03,ASSA_5_min,long,51.899948,51.27375810714286,52.733281,eod,0.5,540.7897507454417,450.657945357949,33.950746698360426,416.7071986595886,34280.41480641241
2010-09-03,ALFA_LAVAL_5_MIN,long,113.0,111.58928571428571,113.4,eod,0.5,243.00040875431478,97.20016350172729,33.009175525186116,64.19098797654118,34344.605794388954
2010-09-03,KINNEVIK_5_min,long,62.91627722,62.25576829357143,63.09539858,eod,0.5,519.9718644241993,93.13806751739999,39.313515602966255,53.824551914433734,34398.43034630339
2010-09-06,HM_5_min,long,248.2,245.3392857142857,248.3,eod,0.5,120.24420096086041,12.024420096088775,35.82074746624031,-23.796327370151538,34374.63401893323
2010-09-06,KINNEVIK_5_min,long,63.18495926,62.53564541821429,63.36407979,eod,0.5,529.3993721802962,94.82629612660122,40.196989093853865,54.629307032747356,34429.26332596598
2010-09-06,BOLIDEN_5_min,long,79.776419,78.54299007142858,80.216929,eod,0.5,279.1345535072083,122.96156216545728,26.795803054862034,96.16575911059525,34525.429085076576
2010-09-07,ABB_5_min,short,147.9,149.18214285714285,147.9,eod,0.5,269.2791126412685,0.0,47.79165691157233,-47.79165691157233,34477.637428165006
2010-09-07,ATLAS_5_min,short,26.67500005,27.051339317500002,26.62500023,eod,0.5,916.1318099277258,45.80642559266053,29.297895435398814,16.508530157261717,34494.14595832227
2010-09-07,BOLIDEN_5_min,short,80.613389,81.81535292857143,81.81535292857143,stop,0.5,286.9815402806603,-344.9414595832227,27.968430326706773,-372.90988990992946,34121.23606841234
2010-09-07,GETINGE_5_min,short,155.741232,157.48029560714286,156.036943,eod,0.5,196.20464673210324,-58.01987228979922,36.703396010792915,-94.72326830059214,34026.51280011175
2010-09-07,KINNEVIK_5_min,short,63.36407979,64.00699644035714,62.82671654,eod,0.5,529.2523188069532,284.4007461041397,40.072062941849076,244.32868316229064,34270.84148327404
2010-09-07,SANDVIK_min,short,92.2,93.56071428571428,91.9,eod,0.5,251.85920250175246,75.55776075052502,27.820367508343576,47.73739324218144,34318.57887651622
2010-09-07,SKF_5_min,short,137.4,139.3464285714286,138.5,eod,0.5,176.3156345949446,-193.94719805443808,29.18729015084713,-223.1344882052852,34095.444388310934
2010-09-07,HUSQVARNA_5_min,short,48.2,48.798928571428576,48.26,eod,0.5,569.2739671274323,-34.15643802764319,32.94730012146727,-67.10373814911046,34028.34065016182
2010-09-08,ERICSSON_5_MIN,long,75.6,74.59464285714284,78.0,eod,0.5,338.4701734296711,812.3284162312126,31.19341118327848,781.1350050479341,34809.47565520975
2010-09-08,GETINGE_5_min,long,156.135514,154.39293003571427,159.585478,eod,0.5,199.75781006040583,689.1572534272368,37.84064037121134,651.3166130560255,35460.79226826578
2010-09-08,KINNEVIK_5_min,short,62.60281566,63.24413304178571,63.24413304178571,stop,0.5,552.936709270646,-354.60792268265783,41.75123861215031,-396.35916129480813,35064.43310697097
2010-09-08,VOLVO_5_MIN,short,89.05,90.35535714285714,90.0,eod,0.5,268.61946019020075,-255.18848718069148,28.857788608233264,-284.04627578892473,34780.38683118205
2010-09-08,BOLIDEN_5_min,long,82.287328,81.03187353571428,84.48988,eod,0.5,277.03423597262895,610.1823105099851,27.721797837556927,582.4605126724282,35362.847343854475
2010-09-08,SANDVIK_min,long,91.45,90.06964285714285,92.75,eod,0.5,256.1862162038603,333.0420810650176,28.313700614850635,304.728380450167,35667.57572430464
2010-09-08,SWEDBANK_5_MIN,long,84.95,83.78928571428571,87.2,eod,0.5,307.28988316323836,691.4022371172863,31.739972031930886,659.6622650853554,36327.23798938999
2010-09-08,SEB_5_MIN,long,47.55,46.92535714285714,48.17,eod,0.5,581.5681324773676,360.57224213597055,33.400620984440174,327.17162115153036,36654.40961054152
2010-09-08,NORDEA_5_min,long,67.5,66.525,68.1,eod,0.5,375.9426626722229,225.5655976033316,30.586695035012053,194.97890256831957,36849.38851310984
2010-09-09,BOLIDEN_5_min,short,84.666084,85.94199075,84.181522,eod,0.5,288.80941740538424,139.94606891678688,29.258867231492317,110.68720168529457,36960.07571479514
2010-09-09,ERICSSON_5_MIN,long,78.1,77.02321428571427,79.9,eod,0.5,343.24448425016874,617.8400716503077,32.539577106916,585.3004945433917,37545.37620933853
2010-09-09,KINNEVIK_5_min,short,63.81188237,64.45799764535714,64.45799764535714,stop,0.5,581.0940809066208,-375.4537620933853,44.72212082131588,-420.1758829147012,37125.20032642383
2010-09-09,SWEDBANK_5_MIN,short,86.1,87.30892857142857,87.30892857142857,stop,0.5,307.09176045490887,-371.2520032642383,31.951471892159724,-403.203475156398,36721.99685126743
2010-09-09,ALFA_LAVAL_5_MIN,short,115.4,116.85357142857143,116.85357142857143,stop,0.5,252.63290217088272,-367.2199685126743,35.20493627373144,-402.42490478640576,36319.571946481024
2010-09-10,BOLIDEN_5_min,long,83.2124,81.9317735,84.137471,eod,0.5,283.60784308681036,262.3573910121595,28.477041573099573,233.88034943905993,36553.452295920084
2010-09-10,ERICSSON_5_MIN,long,80.05,78.97857142857143,78.97857142857143,stop,0.5,341.16555476192144,-365.53452295920084,32.553042476654646,-398.0875654358555,36155.36473048423
2010-09-10,VOLVO_5_MIN,long,92.4,91.10535714285714,93.2,eod,0.5,279.2690241251187,223.41521930009415,31.099398526573214,192.31582077352093,36347.68055125775
2010-09-10,SWEDBANK_5_MIN,long,87.45,86.25178571428572,88.2,eod,0.5,303.34874975714354,227.51156231785765,31.969924736905355,195.54163758095228,36543.2221888387
2010-09-13,BOLIDEN_5_min,long,85.018492,83.80866175,85.987615,eod,0.5,302.0524754513191,292.72600116681184,30.991690761985883,261.734310404826,36804.956499243526
2010-09-13,GETINGE_5_min,short,161.261174,163.01783946428571,160.1769,eod,0.5,209.5160248067448,227.17277828131301,40.407856491609756,186.76492178970327,36991.72142103323
2010-09-13,KINNEVIK_5_min,long,65.6030935,64.97297117392857,65.06573024,eod,0.5,587.0561935435996,-315.46242996578343,46.02596536777436,-361.4883953335578,36630.23302569967
2010-09-13,SEB_5_MIN,long,48.81,48.238214285714285,49.46,eod,0.5,640.6286850216028,416.4086452640409,37.77274852624374,378.63589673779717,37008.86892243747
2010-09-13,SKF_5_min,short,143.1,144.9,143.8,eod,0.5,205.60482734687355,-143.92337914281498,35.392814979490815,-179.3161941223058,36829.55272831516
2010-09-13,SWEDBANK_5_MIN,long,89.8,88.65714285714286,91.0,eod,0.5,322.2585863727588,386.7103036473115,34.95861144971688,351.7516921975946,37181.30442051275
2010-09-13,ASSA_5_min,long,55.999944,55.24875425,55.833278,eod,0.5,494.9655452635325,-82.49392756689157,33.2121550234846,-115.70608259037617,37065.598337922376
2010-09-13,SANDVIK_min,long,95.15,93.83928571428572,96.1,eod,0.5,282.7893061203892,268.64984081436654,32.45007287731466,236.1997679370519,37301.79810585943
2010-09-13,INVESTOR_5_MIN,long,33.8,33.474999999999994,33.625,eod,0.5,1147.747634026434,-200.8558359546227,46.43213053453938,-247.2879664891621,37054.51013937027
2010-09-13,HUSQVARNA_5_min,long,48.62,48.10821428571428,48.56,eod,0.5,724.0239245655036,-43.441435473926724,42.216386993565386,-85.65782246749211,36968.85231690278
2010-09-14,ABB_5_min,short,146.8,148.0857142857143,146.2,eod,0.5,287.53551802035685,172.52131081222063,50.54874406797873,121.9725667442419,37090.82488364702
2010-09-14,ALFA_LAVAL_5_MIN,short,117.5,118.82857142857142,117.5,eod,0.5,279.17825181239834,0.0,39.36413350554817,-39.36413350554817,37051.46075014147
2010-09-14,ATLAS_5_min,short,27.4000001,27.746428666071427,27.55000015,eod,0.5,1069.5267186050157,-160.4290612670874,35.26229607283637,-195.69135733992377,36855.76939280155
2010-09-14,INVESTOR_5_MIN,long,33.7,33.395535714285714,33.65,eod,0.5,1210.5120738984544,-60.52560369492788,48.91679290623654,-109.44239660116442,36746.32699620038
2010-09-14,SANDVIK_min,long,96.9,95.60000000000001,98.25,eod,0.5,282.66405381692664,381.59647265284934,33.09713406142394,348.4993385914254,37094.82633479181
2010-09-14,SEB_5_MIN,short,49.35,49.92464285714286,49.14,eod,0.5,645.528363812414,135.5609564006075,38.14685313113079,97.4141032694767,37192.240438061286
2010-09-15,ERICSSON_5_MIN,short,79.25,80.21071428571429,78.15,eod,0.5,387.13112723632435,425.84423995995456,36.56066365619847,389.2835763037561,37581.524014365044
2010-09-15,SWEDBANK_5_MIN,long,91.8,90.70357142857142,90.70357142857142,stop,0.5,342.7630854730351,-375.8152401436505,37.53329235162336,-413.34853249527384,37168.175481869774
2010-09-15,SANDVIK_min,long,99.1,97.82857142857142,97.82857142857142,stop,0.5,292.3339644641441,-371.68175481869775,34.54134600118479,-406.2231008198826,36761.952381049894
2010-09-15,VOLVO_5_MIN,long,94.9,93.7482142857143,95.65,eod,0.5,319.1735400525279,239.38015503939596,36.49111083420552,202.88904420519043,36964.84142525509
2010-09-16,ATLAS_5_min,long,27.85000025,27.5294645425,28.07500003,eod,0.5,1153.2207039758634,259.47440468601553,38.69632091565118,220.77808377036436,37185.61950902545
2010-09-16,GETINGE_5_min,long,163.626864,162.01453382142859,162.01453382142859,stop,0.5,230.6327823124482,-371.85619509025446,45.06214896940252,-416.918344059657,36768.701164965794
2010-09-16,INVESTOR_5_MIN,long,33.525,33.25089285714286,33.25089285714286,stop,0.5,1341.3988698619573,-367.68701164965796,53.74386432755674,-421.4308759772147,36347.27028898858
2010-09-16,SANDVIK_min,long,98.15,96.88928571428572,98.5,eod,0.5,288.30695979934274,100.90743592976831,34.017338186724444,66.89009774304387,36414.16038673162
2010-09-16,SEB_5_MIN,long,48.62,48.07392857142857,49.1,eod,0.5,666.8387775202631,320.08261320972895,39.09809120356806,280.9845220061609,36695.144908737784
2010-09-16,ERICSSON_5_MIN,short,75.65,76.65357142857144,76.65357142857144,stop,0.5,365.6455720443605,-366.95144908737785,33.41347589963947,-400.36492498701733,36294.77998375077
2010-09-17,ATLAS_5_min,long,28.32500001,28.010714290714287,28.45000015,eod,0.5,1154.8338902015334,144.3543979519374,39.33941658057929,105.01498137135809,36399.79496512213
2010-09-17,BOLIDEN_5_min,long,88.542574,87.44759110714286,88.894983,eod,0.5,332.42341229773825,117.14900230443179,35.39063890062866,81.75836340380313,36481.55332852593
2010-09-17,INVESTOR_5_MIN,long,33.525,33.25714285714285,33.25714285714285,stop,0.5,1361.9779909316192,-364.8155332852593,54.57348525520788,-419.38901854046713,36062.16430998546
2010-09-17,SANDVIK_min,long,99.4,98.18035714285715,100.1,eod,0.5,295.6780675489288,206.97464728424683,35.392664685606775,171.58198259864005,36233.7462925841
2010-09-17,GETINGE_5_min,short,163.232582,164.83435107142859,160.768322,eod,0.5,226.21079991429806,557.4422257968072,43.975502200077415,513.4667235967297,36747.21301618083
2010-09-17,HM_5_min,long,255.7,253.57142857142856,257.4,eod,0.5,172.63791349883573,293.48445294801877,53.14830804975156,240.3361448982672,36987.5491610791
2010-09-17,ASSA_5_min,long,55.166612,54.486850821428575,56.299944,eod,0.5,544.1256477578128,616.6750086246591,36.391087192099505,580.2839214325596,37567.83308251166
2010-09-17,ERICSSON_5_MIN,short,75.65,76.67857142857143,74.55,eod,0.5,365.2428216355313,401.7671037990875,32.91568308579408,368.85142071329346,37936.68450322495
2010-09-17,SEB_5_MIN,short,49.3,49.84642857142857,49.45,eod,0.5,694.266121627647,-104.13991824415099,41.13526770643808,-145.27518595058908,37791.40931727436
2010-09-20,GETINGE_5_min,short,159.092626,160.72607842857144,160.72607842857144,stop,0.5,231.35910575813512,-377.9140931727436,44.39578167679177,-422.3098748495354,37369.09944242483
2010-09-20,HM_5_min,long,257.0,254.975,258.2,eod,0.5,184.5387626786406,221.44651521436663,57.044622319221375,164.40189289514524,37533.501335319976
2010-09-20,KINNEVIK_5_min,short,63.31929945,63.91103871642857,63.91103871642857,stop,0.5,634.291206697381,-375.33501335319977,48.420650834459884,-423.75566418765965,37109.74567113232
2010-09-21,INVESTOR_5_MIN,long,33.775,33.53035714285714,33.925,eod,0.5,1516.894713564534,227.53420703467793,61.61626326499136,165.9179437696866,37275.663614902005
2010-09-21,SEB_5_MIN,short,49.87,50.402857142857144,50.15,eod,0.5,699.5432849981562,-195.87211979948452,41.98099161930934,-237.85311141879387,37037.81050348321
2010-09-21,SWEDBANK_5_MIN,long,93.5,92.38214285714285,93.9,eod,0.5,331.32865626119036,132.53146250447801,37.25459411000824,95.27686839446977,37133.08737187768
2010-09-21,ASSA_5_min,long,56.499944,55.79518289285714,56.799943,eod,0.5,526.8889982084478,158.06617257353597,35.817878375136196,122.24829419839978,37255.33566607608
2010-09-21,SANDVIK_min,long,101.6,100.44464285714285,102.0,eod,0.5,322.4573102473358,128.98292409893614,39.391385019814535,89.5915390791216,37344.927205155196
2010-09-21,HM_5_min,long,260.0,258.13214285714287,260.0,eod,0.5,199.9346007159371,0.0,62.37959542337237,-62.37959542337237,37282.547609731824
2010-09-21,SKF_5_min,long,150.5,148.95357142857142,148.95357142857142,stop,0.5,241.08806768417708,-372.82547609731824,43.316809738103984,-416.14228583542223,36866.405323896404
2010-09-22,ABB_5_min,long,145.8,144.60000000000002,144.60000000000002,stop,0.5,307.2200443658063,-368.6640532389641,53.530020530298096,-422.19407376926216,36444.21125012714
2010-09-22,HM_5_min,short,258.8,260.43928571428575,258.3,eod,0.5,222.31762854107797,111.15881427053898,68.97626743115485,42.18254683938413,36486.39379696653
2010-09-22,ALFA_LAVAL_5_MIN,short,116.5,117.46071428571429,116.5,eod,0.5,379.78402465243846,0.0,53.09380664641089,-53.09380664641089,36433.29999032012
2010-09-23,ATLAS_5_min,short,28.3000001,28.563392977499998,27.72500011,eod,0.5,1383.2302656065635,795.3573888914692,46.49728555265165,748.8601033388176,37182.16009365894
2010-09-23,ASSA_5_min,short,55.699944,56.361848,55.166612,eod,0.5,561.745511337882,299.59685705285614,37.367274114293956,262.2295829385622,37444.3896765975
2010-09-27,ABB_5_min,short,144.4,145.56785714285715,144.3,eod,0.5,320.62474340817386,32.06247434081556,55.53861805316388,-23.476143712348318,37420.913532885155
2010-09-27,ALFA_LAVAL_5_MIN,short,119.3,120.31071428571428,118.3,eod,0.5,370.2422540356127,370.2422540356127,52.781735735316936,317.46051830029575,37738.37405118545
2010-09-27,ASSA_5_min,short,56.066611,56.73684839285715,55.833278,eod,0.5,563.0598121407556,131.38043514623993,37.80379828734684,93.5766368588931,37831.950688044344
2010-09-27,ATLAS_5_min,short,29.10000017,29.40625018357143,28.67500022,eod,0.5,1235.3289473151497,525.0147408424914,42.82267824774664,482.19206259474475,38314.14275063909
2010-09-27,HM_5_min,short,259.5,261.5285714285714,257.0,eod,0.5,188.8725346862507,472.18133671562674,58.53159849926909,413.64973821635766,38727.79248885545
2010-09-27,INVESTOR_5_MIN,long,34.075,33.84464285714286,33.975,eod,0.5,1681.2064956402246,-168.12064956402486,68.64366121699037,-236.76431078101524,38491.02817807443
2010-09-27,SANDVIK_min,long,104.5,103.29642857142858,103.29642857142858,stop,0.5,319.80676231041247,-384.91028178074436,39.87282182465727,-424.7831036054016,38066.24507446903
2010-09-27,KINNEVIK_5_min,long,65.33441146,64.76506236321428,64.76506236321428,stop,0.5,668.5923502711026,-380.6624507446903,52.19010778349797,-432.8525585281883,37633.39251594084
2010-09-27,SEB_5_MIN,long,49.69,49.160714285714285,49.160714285714285,stop,0.5,711.0222607600176,-376.3339251594084,42.171035009502674,-418.5049601689111,37214.88755577193
2010-09-27,HUSQVARNA_5_min,short,49.51,49.94035714285714,48.92,eod,0.5,864.7442751548717,510.19912234137115,51.070067402096406,459.12905493927474,37674.0166107112
2010-09-28,ASSA_5_min,short,55.266611,55.924943642857144,55.924943642857144,stop,0.5,572.2641436585453,-376.74016610711203,38.17856387985419,-414.91872998696624,37259.097880724235
2010-09-28,GETINGE_5_min,short,158.106922,159.68052807142857,157.219788,eod,0.5,236.7752549842363,210.05137905518626,44.7969372981542,165.25444175703205,37424.35232248127
2010-09-28,HANDELSBANKEN_5_min,long,70.666596,70.00469185714286,71.233262,eod,0.5,565.4044128042069,320.39545698610755,48.1384835336942,272.2569734524134,37696.60929593368
2010-09-28,HEXAGON_5_min,short,17.681046,17.86529807142857,17.86529807142857,stop,0.5,2045.9259428487692,-376.96609295933683,43.63511250549854,-420.6012054648354,37276.008090468844
2010-09-28,ALFA_LAVAL_5_MIN,short,117.2,118.20714285714286,118.20714285714286,stop,0.5,370.1163923876355,-372.76008090468844,52.27682547393987,-425.0369063786283,36850.97118409022
2010-09-28,VOLVO_5_MIN,short,96.8,97.93392857142857,97.93392857142857,stop,0.5,324.9849427258356,-368.5097118409022,37.9713567741376,-406.48106861503976,36444.49011547518
2010-09-28,KINNEVIK_5_min,short,64.25968495,64.8354312092857,64.8354312092857,stop,0.5,632.9956908567596,-364.4449011547518,49.029991343688394,-413.47489249844017,36031.01522297674
2010-09-28,NORDEA_5_min,long,69.45,68.69107142857143,69.4,eod,0.5,474.7616123498125,-23.738080617489274,39.55238992486287,-63.290470542352146,35967.72475243439
2010-09-28,SKF_5_min,long,154.2,152.475,154.8,eod,0.5,208.5085492894754,125.10512957369,38.65748503826874,86.44764453542126,36054.172396969814
2010-09-29,ATLAS_5_min,long,29.37500006,29.058035756785717,29.39999997,eod,0.5,1137.4836860602347,28.43698977797212,40.113362209388875,-11.676372431416755,36042.4960245384
2010-09-29,GETINGE_5_min,short,157.71264,159.30032753571427,153.671254,eod,0.5,227.01252742608028,917.4452501643743,42.412826866028794,875.0324232983455,36917.52844783675
2010-09-29,HM_5_min,long,246.7,244.64285714285714,244.64285714285714,stop,0.5,179.46020773254037,-369.1752844783675,52.90589472645423,-422.0811792048217,36495.44726863193
2010-09-29,KINNEVIK_5_min,short,64.17012509,64.73467629357143,63.94622339,eod,0.5,646.4506148912067,144.74139164018584,49.69253535150727,95.04885628867856,36590.49612492061
2010-09-29,SANDVIK_min,short,104.3,105.5125,105.5125,stop,0.5,301.7772876282098,-365.9049612492061,37.98998829629626,-403.89494954550236,36186.60117537511
2010-09-29,VOLVO_5_MIN,long,99.0,97.86607142857143,99.55,eod,0.5,319.12593162535586,175.5192623939448,38.01747223452864,137.50179015941617,36324.10296553453
2010-09-29,HUSQVARNA_5_min,long,49.28,48.82928571428572,49.47,eod,0.5,805.9230451941132,153.1253785868797,47.7509404277512,105.37443815912849,36429.47740369366
2010-09-29,INVESTOR_5_MIN,long,34.35,34.13035714285714,34.13035714285714,stop,0.5,1658.577833013686,-364.2947740369366,68.14800141240197,-432.44277544933857,35997.03462824432
2010-09-29,SEB_5_MIN,long,49.69,49.16178571428571,49.16178571428571,stop,0.5,681.4854425901578,-359.9703462824432,40.41963176299646,-400.38997804543965,35596.64465019888
2010-09-30,ABB_5_min,long,143.0,141.85,141.85,stop,0.5,309.5360404365105,-355.96644650198886,52.902804671004006,-408.86925117299285,35187.77539902589
2010-09-30,ERICSSON_5_MIN,long,73.5,72.59107142857142,74.0,eod,0.5,387.13466057867237,193.56733028933618,34.2614174612125,159.30591282812367,35347.08131185402
2010-09-30,KINNEVIK_5_min,short,62.87149688,63.41845583678572,63.41845583678572,stop,0.5,646.24741716593,-353.4708131185402,48.9687334543381,-402.4395465728783,34944.641765281136
2010-09-30,GETINGE_5_min,short,153.079831,154.7766500357143,154.7766500357143,stop,0.5,205.9420658878377,-349.44641765281136,38.040359820872965,-387.48677747368436,34557.15498780745
2010-10-01,ASSA_5_min,short,56.333277,56.96780014285714,56.199944,eod,0.5,544.6161479974228,72.61530486094057,36.77244560565761,35.84285925528296,34592.99784706273
2010-10-04,ALFA_LAVAL_5_MIN,long,117.4,116.325,116.325,stop,0.5,321.795328809885,-345.9299784706273,45.12696793565423,-391.05694640628155,34201.94090065645
2010-10-04,HEXAGON_5_min,long,18.344712,18.154198892857146,18.154198892857146,stop,0.5,1795.253954627397,-342.01940900656456,39.31488847199686,-381.33429747856144,33820.60660317789
2010-10-04,SEB_5_MIN,short,50.05,50.61785714285714,49.78,eod,0.5,595.5830093641388,160.8074125283151,35.67423109489318,125.13318143342192,33945.73978461131
2010-10-04,BOLIDEN_5_min,long,91.185636,90.06390785714287,90.06390785714287,stop,0.5,302.62002429705143,-339.4573978461131,32.90984481952684,-372.36724266563994,33573.37254194567
2010-10-05,GETINGE_5_min,short,150.024149,151.8864255,151.8864255,stop,0.5,180.2813521082693,-335.7337254194567,32.65730795198662,-368.3910333714433,33204.98150857422
2010-10-05,NORDEA_5_min,short,69.15,69.89642857142857,69.89642857142857,stop,0.5,444.85142690913125,-332.04981508574224,37.11300129397116,-369.1628163797134,32835.81869219451
2010-10-05,SKF_5_min,short,148.6,150.35714285714286,150.35714285714286,stop,0.5,186.87051288240676,-328.3581869219451,33.51976476934394,-361.877951691289,32473.94074050322
2010-10-05,SEB_5_MIN,short,49.6,50.15785714285715,50.15785714285715,stop,0.5,582.1192962446138,-324.73940740503224,34.842584156922435,-359.5819915619547,32114.358748941268
2010-10-05,SWEDBANK_5_MIN,short,90.5,91.71964285714286,91.71964285714286,stop,0.5,263.30953000596037,-321.1435874894127,28.788101111140943,-349.9316886005536,31764.427060340713
2010-10-05,VOLVO_5_MIN,short,95.35,96.5,96.5,stop,0.5,276.2124092203527,-317.64427060340716,31.794810425354797,-349.43908102876196,31414.98797931195
2010-10-05,ATLAS_5_min,short,28.20000016,28.5517858925,28.5517858925,stop,0.5,893.0148404842374,-314.1498797931195,30.40811230132131,-344.5579920944408,31070.42998721751
2010-10-05,SANDVIK_min,short,99.35,100.64464285714286,100.64464285714286,stop,0.5,239.99228679781726,-310.7042998721751,28.798303011959074,-339.5026028841342,30730.927384333376
2010-10-05,INVESTOR_5_MIN,short,33.575,33.81339285714286,33.81339285714286,stop,0.5,1289.0875906536935,-307.30927384333376,52.121724591743316,-359.4309984350771,30371.4963858983
2010-10-06,ABB_5_min,long,144.5,143.27857142857144,146.0,eod,0.5,248.655525966421,372.9832889496315,43.340658175947176,329.64263077368435,30701.139016671983
2010-10-06,ASSA_5_min,short,56.499944,57.177324285714285,56.066611,eod,0.5,453.23342979044895,196.4010018313835,30.611355481407124,165.78964634997638,30866.928663021958
2010-10-06,BOLIDEN_5_min,long,94.269209,93.0703915357143,94.885923,eod,0.5,257.47813643516906,158.7903714334793,29.22198653070505,129.56838490277426,30996.49704792473
2010-10-06,HUSQVARNA_5_min,long,49.69,49.15892857142857,49.6,eod,0.5,583.6596619649566,-52.52936957684394,34.77094070190032,-87.30031027874426,30909.196737645987
2010-10-06,SANDVIK_min,short,102.4,103.7125,101.8,eod,0.5,235.4986418106361,141.29918508638366,28.853293594639133,112.44589149174453,31021.642629137732
2010-10-06,SEB_5_MIN,long,51.5,50.917857142857144,51.5,eod,0.5,532.8871126477662,0.0,32.93242356163195,-32.93242356163195,30988.7102055761
2010-10-06,GETINGE_5_min,long,155.24838,153.29809417857143,154.361246,eod,0.5,158.89317281134296,-140.95953596881844,29.516913484843954,-170.47644945366238,30818.233756122438
2010-10-07,ATLAS_5_min,long,29.5000002,29.128571607142856,29.128571607142856,stop,0.5,829.7216301808947,-308.18233756122436,29.187236505000126,-337.36957406622446,30480.86418205621
2010-10-07,HANDELSBANKEN_5_min,long,73.299927,72.7046894642857,73.83326,eod,0.5,512.0789996128004,273.10862910049315,45.20628912528185,227.9023399752113,30708.766522031423
2010-10-07,HEXAGON_5_min,short,18.044184,18.254374535714287,17.7687,eod,0.5,1460.9966342049827,402.48119677732876,31.393501791104086,371.0876949862247,31079.854217017648
2010-10-07,KINNEVIK_5_min,short,62.87149688,63.44724316857143,63.44724316857143,stop,0.5,539.8185769314204,-310.79854217017646,40.913521495673905,-351.71206366585034,30728.142153351797
2010-10-07,SWEDBANK_5_MIN,short,93.4,94.6375,94.5,eod,0.5,248.3082194210252,-273.1390413631263,27.994268657526376,-301.1333100206527,30427.008843331143
2010-10-08,ASSA_5_min,short,56.26661,56.93684742857143,55.066612,eod,0.5,453.9735852738682,544.7673943814716,30.3254051708589,514.4419892106127,30941.450832541756
2010-10-08,HEXAGON_5_min,short,17.7687,17.97397117857143,17.393041,eod,0.5,1507.3451152702803,566.2477586573165,31.800527124449243,534.4472315328672,31475.898064074623
2010-10-08,VOLVO_5_MIN,long,92.0,90.65892857142858,90.65892857142858,stop,0.5,234.70709608364632,-314.75898064074624,25.722808019250103,-340.48178865999637,31135.416275414627
2010-10-08,NORDEA_5_min,long,72.9,72.05357142857143,73.65,eod,0.5,367.844580469032,275.883435351774,32.34457396064198,243.538861391132,31378.95513680576
2010-10-11,ATLAS_5_min,long,29.5000002,29.1383930425,30.02500008,eod,0.5,867.7636624713592,455.5758186658266,30.992179350948888,424.5836393148777,31803.538776120637
2010-10-11,HUSQVARNA_5_min,short,49.21,49.729642857142856,48.46,eod,0.5,612.0268630456225,459.0201472842168,35.865998228199565,423.1541490560173,32226.692925176652
2010-10-11,ERICSSON_5_MIN,long,72.25,71.4125,71.4125,stop,0.5,384.79633343494254,-322.26692925176656,33.16848195125846,-355.435411203025,31871.25751397363
2010-10-11,BOLIDEN_5_min,long,97.176577,95.89752378571428,96.647964,eod,0.5,249.17851077659967,-131.7190001171489,28.978146287002787,-160.69714640415168,31710.560367569477
2010-10-12,ABB_5_min,short,145.2,146.3392857142857,146.3392857142857,stop,0.5,278.33720698807286,-317.1056036756948,48.68773830780723,-365.79334198350205,31344.767025585974
2010-10-12,GETINGE_5_min,short,150.517001,152.516572,152.516572,stop,0.5,156.75745960301447,-313.44767025585975,28.501663846742776,-341.9493341026025,31002.81769148337
2010-10-12,HUSQVARNA_5_min,short,48.18,48.698214285714286,48.1,eod,0.5,598.2625054180105,47.86100043343982,34.560428412987626,13.300572020452194,31016.118263503824
2010-10-12,ALFA_LAVAL_5_MIN,short,117.7,118.9,118.1,eod,0.5,258.4676521958646,-103.38706087834365,36.56800343267092,-139.95506431101455,30876.163199192808
2010-10-13,GETINGE_5_min,short,154.164106,156.20944182142858,152.586979,eod,0.5,150.9588932815303,238.08134648441853,27.784082582705175,210.29726390171336,31086.46046309452
2010-10-13,SEB_5_MIN,short,51.55,52.11964285714286,52.11964285714286,stop,0.5,545.7184281922524,-310.8646046309452,33.944660730751295,-344.80926536169653,30741.651197732826
2010-10-13,INVESTOR_5_MIN,short,34.775,35.02767857142857,35.02767857142857,stop,0.5,1216.6307187795492,-307.4165119773283,50.95444980185698,-358.3709617791853,30383.28023595364
2010-10-13,BOLIDEN_5_min,short,95.855046,97.10735392857143,95.943148,eod,0.5,242.61828534946238,-21.375156175856425,27.920249376842126,-49.295405552698554,30333.984830400943
2010-10-13,HUSQVARNA_5_min,long,48.35,47.83392857142857,48.91,eod,0.5,587.786557267284,329.1604720696762,34.30087233588962,294.8595997337866,30628.84443013473
2010-10-13,HEXAGON_5_min,long,17.530782,17.32416914285714,17.656002,eod,0.5,1482.426837017074,185.62948853128145,31.297099745953787,154.33238878532768,30783.17681892006
2010-10-14,ABB_5_min,long,149.0,147.81785714285715,148.3,eod,0.5,260.40149574917433,-182.28104702441908,46.45041881173771,-228.7314658361568,30554.445353083902
2010-10-14,ALFA_LAVAL_5_MIN,long,119.8,118.56071428571428,120.0,eod,0.5,246.54883858396238,49.309767716793175,35.473446895460505,13.83632082133267,30568.281673905236
2010-10-14,ASSA_5_min,short,56.56661,57.24041882142857,56.46661,eod,0.5,453.66401717769213,45.366401717766635,30.76746279583791,14.598938921928724,30582.880612827164
2010-10-14,ATLAS_5_min,long,31.07500013,30.683035844642855,31.00000011,eod,0.5,780.2466131566332,-58.51851159168049,29.06028521937431,-87.5787968110548,30495.30181601611
2010-10-14,GETINGE_5_min,short,153.474113,155.51944882142857,151.206994,eod,0.5,149.0967962156769,338.0201795396862,27.256186152687505,310.76399338699866,30806.065809403106
2010-10-14,HEXAGON_5_min,short,17.681046,17.883186714285713,17.883186714285713,stop,0.5,1523.9911424207392,-308.06065809403106,32.51974538613678,-340.58040348016783,30465.485405922936
2010-10-14,SKF_5_min,long,156.0,154.17857142857144,154.17857142857144,stop,0.5,167.2614885031078,-304.65485405922936,31.12855773534624,-335.7834117945756,30129.70199412836
2010-10-15,HANDELSBANKEN_5_min,long,74.999925,74.37016371428572,74.37016371428572,stop,0.5,478.4305208592647,-301.2970199412836,42.87792560662217,-344.1749455479058,29785.527048580454
2010-10-15,HM_5_min,short,240.8,243.5607142857143,240.6,eod,0.5,107.89065425100237,21.578130850202314,31.16313657385952,-9.585005723657208,29775.942042856797
2010-10-15,INVESTOR_5_MIN,long,35.025,34.77946428571428,34.77946428571428,stop,0.5,1212.69291229089,-297.759420428568,50.790827451328965,-348.5502478798969,29427.391794976902
2010-10-15,ALFA_LAVAL_5_MIN,short,120.0,121.13214285714285,118.8,eod,0.5,259.9264890408065,311.9117868489685,37.24226734976674,274.6695194992018,29702.061314476105
2010-10-15,SWEDBANK_5_MIN,short,95.05,96.03035714285714,94.35,eod,0.5,302.9718458307212,212.0802920815057,34.42972056020315,177.65057152130254,29879.711885997407
2010-10-15,ERICSSON_5_MIN,short,70.9,71.77857142857144,71.77857142857144,stop,0.5,340.0942816292369,-298.7971188599741,29.114499752331454,-327.9116186123056,29551.8002673851
2010-10-18,ALFA_LAVAL_5_MIN,short,118.3,119.50357142857143,119.50357142857143,stop,0.5,245.53424554503783,-295.518002673851,35.03335229917788,-330.5513549730289,29221.248912412073
2010-10-18,ASSA_5_min,short,55.633278,56.29399160714286,56.29399160714286,stop,0.5,442.2680053279702,-292.21248912412074,29.701110162574203,-321.91359928669493,28899.33531312538
2010-10-19,ABB_5_min,long,149.5,148.2892857142857,149.5,eod,0.5,238.69657485767212,0.0,42.822165529466375,-42.822165529466375,28856.513147595913
2010-10-19,ASSA_5_min,short,55.733278,56.379705928571425,56.379705928571425,stop,0.5,446.39954234909607,-288.56513147595916,30.028310830263507,-318.59344230622264,28537.919705289693
2010-10-19,BOLIDEN_5_min,short,95.326433,96.39939032142857,91.009432,eod,0.5,265.9744160866832,1148.211820220625,29.73634373362922,1118.4754764869958,29656.395181776687
2010-10-19,HUSQVARNA_5_min,short,48.45,48.93,48.93,stop,0.5,617.8415662870183,-296.56395181776685,36.0992470350179,-332.6631988527848,29323.731982923902
2010-10-19,SKF_5_min,short,164.5,166.08928571428572,166.08928571428572,stop,0.5,184.50887539817194,-293.237319829239,36.597994395496684,-329.8353142247357,28993.896668699166
2010-10-19,ATLAS_5_min,long,31.32500011,30.981250105,30.981250105,stop,0.5,843.4587999118467,-289.93896668699165,31.53165302001068,-321.47061970700236,28672.426048992165
2010-10-19,GETINGE_5_min,short,152.68555,154.60767285714286,154.60767285714286,stop,0.5,149.17062113091154,-286.7242604899217,27.503472553751774,-314.2277330436734,28358.19831594849
2010-10-19,ALFA_LAVAL_5_MIN,short,120.5,121.69285714285715,119.5,eod,0.5,237.73339905585416,237.73339905585416,34.233609464043,203.49978959181118,28561.6981055403
2010-10-19,ERICSSON_5_MIN,short,71.55,72.41428571428571,72.41428571428571,stop,0.5,330.4659284938549,-285.616981055403,28.54517480911562,-314.16215586451864,28247.53594967578
2010-10-19,NORDEA_5_min,short,73.6,74.41785714285713,73.65,eod,0.5,345.38471903533997,-17.269235951770924,30.514739926772283,-47.7839758785432,28199.751973797236
2010-10-20,ASSA_5_min,long,55.866611,55.23804021428571,56.833277,eod,0.5,448.6328765940326,433.6781482856487,30.33652496715918,403.34162331848955,28603.093597115727
2010-10-20,BOLIDEN_5_min,short,89.776003,90.95279489285714,90.95279489285714,stop,0.5,243.05991374286347,-286.03093597115725,26.356755616013558,-312.3876915871708,28290.705905528557
2010-10-20,ERICSSON_5_MIN,short,71.7,72.57857142857144,72.57857142857144,stop,0.5,322.0080346970712,-282.9070590552856,27.87531554076918,-310.78237459605475,27979.9235309325
2010-10-20,GETINGE_5_min,short,145.48991,147.61973475000002,146.179903,eod,0.5,131.37195222720717,-90.64572743310565,22.990339643732668,-113.63606707683832,27866.287463855664
2010-10-20,SEB_5_MIN,short,52.35,52.88785714285714,51.55,eod,0.5,518.0983061009031,414.4786448807247,32.298248402330294,382.1803964783944,28248.467860334058
2010-10-20,HANDELSBANKEN_5_min,short,73.366593,74.01778278571427,72.533261,eod,0.5,433.7977726316569,361.4975654626833,37.974619015490354,323.52294644719296,28571.99080678125
2010-10-21,ASSA_5_min,short,56.36661,57.004704607142855,57.004704607142855,stop,0.5,447.77044793899466,-285.7199080678125,30.458594595043824,-316.1785026628564,28255.812304118394
2010-10-21,ATLAS_5_min,short,31.3000002,31.666964512142858,31.666964512142858,stop,0.5,769.9880170668602,-282.55812304118393,29.0902849796531,-311.64840802083705,27944.163896097558
2010-10-21,BOLIDEN_5_min,short,94.269209,95.51837046428572,95.51837046428572,stop,0.5,223.70337778612344,-279.4416389609756,25.47367355280782,-304.9153125137834,27639.248583583776
2010-10-21,GETINGE_5_min,short,145.588481,147.6232557142857,144.602777,eod,0.5,135.83444098029491,133.8925518120404,23.65078038467912,110.24177142736129,27749.490355011138
2010-10-21,HANDELSBANKEN_5_min,short,72.866594,73.58802182142858,71.833261,eod,0.5,384.64680084088496,397.46823265331926,33.39500178473396,364.0732308685853,28113.56358587972
2010-10-21,KINNEVIK_5_min,long,62.24457294,61.69281600321428,62.24457294,eod,0.5,509.5280496092458,0.0,38.05842701865436,-38.05842701865436,28075.505158861066
2010-10-21,SWEDBANK_5_MIN,long,99.5,98.59464285714286,98.59464285714286,stop,0.5,310.10419899333766,-280.7550515886107,36.85798832885135,-317.61303991746206,27757.892118943604
2010-10-22,ATLAS_5_min,short,32.00000004,32.38839293071429,32.38839293071429,stop,0.5,714.6858962298356,-277.5789211894361,27.610485802244273,-305.18940699168036,27452.702711951923
2010-10-22,SEB_5_MIN,short,53.75,54.37678571428572,53.75,eod,0.5,437.9918381394022,0.0,28.250473559991438,-28.250473559991438,27424.452238391932
2010-10-22,VOLVO_5_MIN,short,93.25,94.37857142857143,94.37857142857143,stop,0.5,243.00147553005405,-274.24452238391933,27.356411825243395,-301.60093420916274,27122.85130418277
2010-10-22,ASSA_5_min,short,57.733276,58.39041821428571,57.033276,eod,0.5,412.73944535223944,288.91761174656585,28.421209810481365,260.4964019360845,27383.347706118853
2010-10-22,HANDELSBANKEN_5_min,long,72.333261,71.54516660714285,72.999927,eod,0.5,347.46279067972597,231.64162881129243,30.29872504851675,201.34290376277568,27584.69060988163
2010-10-22,ALFA_LAVAL_5_MIN,short,118.2,119.54285714285714,118.5,eod,0.5,205.41790879699104,-61.62537263909673,29.17345140734866,-90.79882404644539,27493.891785835185
2010-10-25,ALFA_LAVAL_5_MIN,short,118.6,120.1392857142857,118.5,eod,0.5,178.61461020960252,17.861461020959236,25.40971444841805,-7.548253427458814,27486.343532407725
2010-10-25,ATLAS_5_min,short,31.75000006,32.16250009107143,31.84999999,eod,0.5,666.3355505941342,-66.63350841592434,25.427364630662225,-92.06087304658656,27394.28265936114
2010-10-25,BOLIDEN_5_min,long,101.14117,99.62455589285715,102.462701,eod,0.5,180.62790350123484,238.70537394188915,22.065924218079523,216.63944972380963,27610.92210908495
2010-10-25,HEXAGON_5_min,long,18.26958,18.069228250000002,18.069228250000002,stop,0.5,1378.1223328014373,-276.10922109084953,30.04759391802847,-306.15681500887797,27304.76529407607
2010-10-27,ALFA_LAVAL_5_MIN,short,117.1,118.58214285714286,116.8,eod,0.5,184.22492246605492,55.267476739815955,25.854125618886144,29.41335112092981,27334.178645197
2010-10-27,ATLAS_5_min,short,31.275,31.673214305,31.673214305,stop,0.5,686.4188026895974,-273.34178645197,25.925302736811773,-299.26708918878177,27034.911556008217
2010-10-27,GETINGE_5_min,short,141.448524,143.31432085714286,142.039946,eod,0.5,144.8974010890302,-85.69551074687561,24.6460455250233,-110.34155627189891,26924.56999973632
2010-10-27,SEB_5_MIN,short,53.1,53.70357142857143,53.70357142857143,stop,0.5,446.08755029148995,-269.2456999973632,28.586246124572156,-297.83194612193535,26626.738053614383
2010-10-27,ASSA_5_min,long,57.399943,56.791610285714285,56.791610285714285,stop,0.5,437.70024903031265,-266.26738053614383,29.989002786189214,-296.256383322333,26330.48167029205
2010-10-27,KINNEVIK_5_min,short,61.43852847,62.00307978964286,61.30418745,eod,0.5,466.39660123279776,62.65619513414769,34.34807131870249,28.3081238154452,26358.789794107495
2010-10-28,HEXAGON_5_min,short,17.029903,17.23517407142857,16.416326,eod,0.5,1284.096663532049,787.8921785200032,25.768914639977314,762.1232638800259,27120.91305798752
2010-10-28,INVESTOR_5_MIN,short,34.75,35.002678571428575,34.25,eod,0.5,1073.336488513978,536.668244256989,44.436130624478686,492.2321136325104,27613.14517162003
2010-10-28,KINNEVIK_5_min,long,61.70720968,61.149055551785715,61.34896779,eod,0.5,494.72258245161515,-177.230352963145,36.52720194274959,-213.7575549058946,27399.38761671414
2010-10-28,SWEDBANK_5_MIN,short,93.25,94.21607142857142,93.0,eod,0.5,283.61658161478704,70.90414540369676,31.69415299545245,39.20999240824431,27438.597609122382
2010-10-28,BOLIDEN_5_min,short,101.58168,103.02907107142858,101.14117,eod,0.5,189.57279860819227,83.5087135148954,23.058442809797263,60.45027070509814,27499.04787982748
2010-10-28,HANDELSBANKEN_5_min,long,73.566593,72.80826039285714,72.80826039285714,stop,0.5,362.6251544613716,-274.9904787982748,31.84752229250726,-306.8380010907821,27192.2098787367
2010-10-28,ABB_5_min,short,142.7,143.82142857142856,141.3,eod,0.5,242.47830465115635,339.4696265116134,41.31830311255704,298.15132339905637,27490.361202135755
2010-10-29,ATLAS_5_min,short,31.55000019,31.969643063214285,31.82500008,eod,0.5,655.0894333453409,-180.1495221101312,24.909775809081076,-205.05929791921227,27285.301904216543
2010-10-29,SANDVIK_min,long,98.45,97.18928571428572,100.6,eod,0.5,216.42732388613683,465.31874635519233,25.84791529172132,439.470831063471,27724.772735280014
2010-10-29,HEXAGON_5_min,long,16.616677,16.386361964285715,16.954771,eod,0.5,1203.7760647843165,406.98946484719073,24.247503337530784,382.74196150966,28107.514696789673
2010-10-29,NORDEA_5_min,long,74.3,73.56071428571428,73.56071428571428,stop,0.5,380.19826643000545,-281.0751469678967,33.729832346718545,-314.80497931461525,27792.709717475056
2010-11-01,ABB_5_min,short,138.2,139.57857142857142,137.8,eod,0.5,201.6051482096629,80.64205928386058,33.385812543520174,47.2562467403404,27839.965964215397
2010-11-01,ASSA_5_min,long,57.633276,56.97137189285714,59.133274,eod,0.5,420.60421840238945,630.9054863951465,29.467502098976116,601.4379842961704,28441.403948511568
2010-11-01,HEXAGON_5_min,long,17.367997,17.110849107142858,17.455651,eod,0.5,1106.0329381859742,96.94821116375401,23.109661029476474,73.83855013427754,28515.242498645846
2010-11-02,ASSA_5_min,long,57.599942,56.886847464285715,58.233275,eod,0.5,399.8802552887754,253.25736172280614,27.79164983092807,225.46571189187807,28740.708210537723
2010-11-03,ATLAS_5_min,short,32.60000024,32.98035740392857,32.45000019,eod,0.5,755.6242115617149,113.34366951546987,29.49201317220477,83.85165634326509,28824.559866880987
2010-11-03,HM_5_min,short,235.8,237.7607142857143,232.2,eod,0.5,147.01050569629624,529.2378205066698,41.280549999519984,487.9572705071498,29312.51713738814
2010-11-03,NORDEA_5_min,short,73.0,73.74642857142857,71.35,eod,0.5,392.70357887410205,647.9609051422706,34.012056966285975,613.9488481759846,29926.465985564122
2010-11-03,GETINGE_5_min,short,143.617073,145.34557535714285,145.34557535714285,stop,0.5,173.1352338739738,-299.26465985564124,30.017769422494066,-329.2824292781353,29597.183556285985
2010-11-03,BOLIDEN_5_min,short,102.462701,103.94785010714286,100.436353,eod,0.5,199.2876231345232,403.8260765633945,24.261162124741958,379.5649144386525,29976.748470724637
2010-11-04,BOLIDEN_5_min,long,102.550803,101.00587032142857,103.69613,eod,0.5,194.03271667761996,222.2309092942274,24.011191629850238,198.21971766437716,30174.968188389015
2010-11-04,HEXAGON_5_min,long,18.14436,17.879609464285714,18.094272,eod,0.5,1139.7509775373387,-57.087846962888854,24.781809747969525,-81.86965671085838,30093.098531678155
2010-11-04,KINNEVIK_5_min,short,62.46847464,63.0042385975,62.60281566,eod,0.5,561.6857593799231,-75.4574378345739,42.15045760126938,-117.60789543584328,29975.490636242313
2010-11-04,SEB_5_MIN,long,52.45,51.80357142857143,53.4,eod,0.5,463.7092474114827,440.5237850409066,29.450174303103264,411.07361073780334,30386.564246980117
2010-11-04,ALFA_LAVAL_5_MIN,long,122.0,120.48214285714286,125.1,eod,0.5,200.19383503892837,620.6008886206768,29.680737982871516,590.9201506378052,30977.48439761792
2010-11-04,HM_5_min,short,233.3,235.2857142857143,235.2857142857143,stop,0.5,156.00171998800323,-309.7748439761792,43.86010643422709,-353.6349504104063,30623.849447207514
2010-11-08,BOLIDEN_5_min,long,107.836927,106.20703875000001,108.717947,eod,0.5,187.88925834153133,165.5341943840545,24.413000799662257,141.12119358439224,30764.970640791907
2010-11-08,NORDEA_5_min,short,72.6,73.4125,72.15,eod,0.5,378.6457925020543,170.39060662592013,32.88538707880341,137.50521954711672,30902.475860339026
2010-11-08,SEB_5_MIN,long,53.0,52.292857142857144,53.1,eod,0.5,437.00470913610843,43.70047091361146,27.819719783604665,15.880751130006797,30918.356611469033
2010-11-08,KINNEVIK_5_min,long,62.33413362,61.80316755571429,62.24457294,eod,0.5,582.3038173458823,-52.151525848096085,43.525593833940306,-95.67711968203639,30822.679491786996
2010-11-09,KINNEVIK_5_min,short,62.33413362,62.869897578214285,62.28935328,eod,0.5,575.3033405703497,25.762279193877575,43.01778499625713,-17.255505802379552,30805.423985984617
2010-11-10,INVESTOR_5_MIN,long,34.65,34.40535714285714,34.875,eod,0.5,1259.1998125657956,283.3199578273058,52.52752018118216,230.79243764612366,31036.21642363074
2010-11-10,SANDVIK_min,short,111.0,112.64464285714286,111.0,eod,0.5,188.71097934020884,0.0,25.136302448115813,-25.136302448115813,31011.080121182626
2010-11-10,SKF_5_min,short,178.9,180.9,179.3,eod,0.5,155.05540060591312,-62.02216024236613,33.32450669822285,-95.34666694058897,30915.733454242036
2010-11-11,BOLIDEN_5_min,long,109.070355,107.39012275,111.008601,eod,0.5,183.99678648140446,356.63103541043483,24.29629240570944,332.3347430047254,31248.06819724676
2010-11-12,BOLIDEN_5_min,short,107.57262,109.05776914285714,107.925029,eod,0.5,210.4035702241428,-74.14811177911876,27.204884834705506,-101.35299661382427,31146.715200632938
2010-11-12,HM_5_min,short,226.7,228.88214285714284,228.88214285714284,stop,0.5,142.73453774430854,-311.4671520063294,39.01638393916549,-350.4835359454949,30796.231664687442
2010-11-12,ERICSSON_5_MIN,short,69.6,70.49107142857142,69.4,eod,0.5,345.6090126698416,69.1218025339644,28.823791656664785,40.29801087729962,30836.529675564743
2010-11-15,ERICSSON_5_MIN,long,70.0,69.225,69.225,stop,0.5,397.890705491155,-308.3652967556474,33.23780008320363,-341.60309683885106,30494.926578725892
2010-11-15,BOLIDEN_5_min,short,106.515396,108.07920771428572,108.07920771428572,stop,0.5,195.00382494995333,-304.9492657872589,25.1080611227431,-330.057326910002,30164.86925181589
2010-11-16,ATLAS_5_min,short,33.22500005,33.56964289892857,32.62500015,eod,0.5,875.2501131415498,525.1499803599188,34.58113207525265,490.56884828466616,30655.438100100557
2010-11-17,BOLIDEN_5_min,short,101.845986,103.54824382142857,103.54824382142857,stop,0.5,180.08692757465965,-306.5543810010056,22.193289474062762,-328.74767047506833,30326.690429625487
2010-11-17,HM_5_min,short,225.1,227.35357142857143,224.4,eod,0.5,134.5716849492095,94.20017946444511,36.2939834308018,57.90619603364331,30384.59662565913
2010-11-17,HUSQVARNA_5_min,long,46.21,45.77321428571429,46.38,eod,0.5,695.640805820491,118.25893698948465,38.64562932655156,79.6133076629331,30464.209933322065
2010-11-17,ALFA_LAVAL_5_MIN,long,120.7,119.42142857142858,121.2,eod,0.5,238.26756372430734,119.13378186215367,34.582154198945965,84.55162766320771,30548.761560985273
2010-11-18,BOLIDEN_5_min,long,108.013131,106.27311517857143,107.57262,eod,0.5,175.56599879594444,-77.33875369560042,22.709716620293264,-100.04847031589368,30448.71309066938
2010-11-18,HUSQVARNA_5_min,long,46.66,46.208928571428565,46.208928571428565,stop,0.5,675.0308523663793,-304.4871309066938,37.61363520715429,-342.10076611384807,30106.61232455553
2010-11-22,ERICSSON_5_MIN,long,72.6,71.8892857142857,71.8892857142857,stop,0.5,423.6106256721362,-301.06612324555533,36.72431803460916,-337.7904412801645,29768.821883275366
2010-11-22,KINNEVIK_5_min,long,62.37891396,61.996682359642854,61.996682359642854,stop,0.5,778.8163473522433,-297.68821883275365,58.11944857525281,-355.80766740800647,29413.01421586736
2010-11-22,SANDVIK_min,long,118.3,116.6392857142857,116.6392857142857,stop,0.5,177.11062323532968,-294.1301421586736,24.966145989192196,-319.0962881478658,29093.917927719493
2010-11-22,SEB_5_MIN,long,52.8,52.2375,52.2375,stop,0.5,517.225207603902,-290.9391792771949,32.596825646216914,-323.53600492341184,28770.38192279608
2010-11-22,SKF_5_min,long,185.1,183.35357142857143,184.6,eod,0.5,164.73838319801484,-82.36919159900742,36.542268160983646,-118.91145975999106,28651.47046303609
2010-11-22,SWEDBANK_5_MIN,long,92.9,91.90357142857144,91.90357142857144,stop,0.5,287.5416390555607,-286.5147046303609,31.883233099135694,-318.39793772949656,28333.072525306594
2010-11-22,VOLVO_5_MIN,short,100.5,101.45357142857142,101.45357142857142,stop,0.5,297.1258541979738,-283.33072525306596,36.00337645142748,-319.33410170449343,28013.7384236021
2010-11-22,HANDELSBANKEN_5_min,long,71.666595,71.10588117857142,71.10588117857142,stop,0.5,499.6084874852757,-280.137384236021,42.79820452686217,-322.9355887628831,27690.802834839214
2010-11-23,ATLAS_5_min,long,34.00000021,33.62589308785714,33.62589308785714,stop,0.5,740.1837921777112,-276.9080283483922,30.0333540903679,-306.94138243876006,27383.861452400455
2010-11-23,HEXAGON_5_min,long,18.995855,18.72171289285714,18.72171289285714,stop,0.5,998.8929368712598,-273.8386145240046,22.605487298482316,-296.4441018224869,27087.41735057797
2010-11-23,SEB_5_MIN,short,51.0,51.58571428571429,50.45,eod,0.5,462.4681011074262,254.3574556090831,28.15043331440903,226.20702229467406,27313.624372872644
2010-11-23,SWEDBANK_5_MIN,short,89.45,90.49642857142858,88.65,eod,0.5,261.0175707987814,208.81405663902436,27.892337615557782,180.92171902346658,27494.54609189611
2010-11-23,SANDVIK_min,long,116.1,114.52142857142857,114.52142857142857,stop,0.5,174.17359515228375,-274.9454609189611,24.10089800006479,-299.04635891902586,27195.499732977085
2010-11-23,SKF_5_min,long,184.4,182.64642857142857,182.64642857142857,stop,0.5,155.0863528560807,-271.95499732977083,34.154335161595675,-306.1093324913665,26889.390400485718
2010-11-24,BOLIDEN_5_min,long,105.105763,103.24932664285714,106.251089,eod,0.5,144.8441272819597,165.89374492333735,18.368279263801387,147.52546565953597,27036.915866145253
2010-11-24,HEXAGON_5_min,short,18.20697,18.493634107142856,18.493634107142856,stop,0.5,943.1566489302929,-270.36915866145256,20.76865127004612,-291.1378099314987,26745.778056213756
2010-11-24,SWEDBANK_5_MIN,long,89.1,88.03214285714284,88.03214285714284,stop,0.5,250.46213564347158,-267.45778056213754,26.618936874662694,-294.0767174368002,26451.701338776955
2010-11-24,VOLVO_5_MIN,long,98.55,97.58928571428571,97.58928571428571,stop,0.5,275.33369423262167,-264.51701338776957,32.40225247191717,-296.91926585968673,26154.782072917267
2010-11-24,ATLAS_5_min,long,33.70000011,33.32053584321429,34.05000003,eod,0.5,689.2554678326877,241.2393586010046,28.018234825296208,213.22112377570838,26368.003196692975
2010-11-24,SKF_5_min,long,183.5,181.66785714285714,186.8,eod,0.5,143.9189258299033,474.9324552386825,31.97590694088791,442.9565482977946,26810.95974499077
2010-11-24,HUSQVARNA_5_min,long,47.3,46.85107142857142,47.82,eod,0.5,597.2210603498305,310.5549513819137,34.08460035628553,276.4703510256282,27087.4300960164
2010-11-24,SEB_5_MIN,long,50.7,50.089285714285715,51.0,eod,0.5,443.5368670692731,133.06106012078067,27.064619628567044,105.99644049221362,27193.426536508614
2010-11-24,HANDELSBANKEN_5_min,long,68.833265,68.2475512142857,68.899931,eod,0.5,464.27841037317677,30.951584505937223,38.36792957669831,-7.416345070761086,27186.010191437854
2010-11-26,VOLVO_5_MIN,long,100.8,99.82321428571429,99.82321428571429,stop,0.5,278.3211281024726,-271.86010191437856,33.50260759412645,-305.362709508505,26880.647481929347
2010-11-29,ABB_5_min,long,138.5,137.325,137.325,stop,0.5,228.7714679313114,-268.8064748192935,37.86053408529237,-306.6670089045859,26573.98047302476
2010-11-29,SANDVIK_min,long,121.3,119.84642857142858,119.84642857142858,stop,0.5,182.81853888076085,-265.7398047302476,26.451622636645396,-292.191427366893,26281.789045657868
2010-11-29,VOLVO_5_MIN,long,101.5,100.51428571428572,100.51428571428572,stop,0.5,266.6268453907335,-262.8178904565787,32.31745903431739,-295.1353494908961,25986.653696166974
2010-11-29,GETINGE_5_min,short,146.081333,147.1691277857143,144.405636,eod,0.5,238.89297905673436,400.3122483264359,41.63717844094274,358.67506988549314,26345.328766052466
2010-11-30,ABB_5_min,long,138.1,136.8892857142857,137.8,eod,0.5,217.60153553081625,-65.28046065924116,36.02175819177132,-101.30221885101247,26244.026547201454
2010-11-30,ATLAS_5_min,long,34.65000023,34.301785956071434,34.301785956071434,stop,0.5,753.6746340440087,-262.4402654720146,31.18032733228087,-293.6205928042954,25950.40595439716
2010-11-30,GETINGE_5_min,long,145.095629,143.95150828571428,143.95150828571428,stop,0.5,226.8152794576238,-259.5040595439716,39.33618433193126,-298.84024387590284,25651.565710521256
2010-11-30,SANDVIK_min,long,119.5,117.98571428571428,119.5,eod,0.5,169.39713205061148,0.0,24.291548736057685,-24.291548736057685,25627.274161785197
2010-11-30,VOLVO_5_MIN,long,100.7,99.66785714285714,99.66785714285714,stop,0.5,248.2919295951504,-256.272741617852,29.849833127307264,-286.1225747451592,25341.151587040036
2010-11-30,ASSA_5_min,short,62.466604,63.103508178571424,63.103508178571424,stop,0.5,397.88012764934444,-253.41151587040036,29.9771113575315,-283.38862722793186,25057.762959812106
2010-12-01,ABB_5_min,long,136.9,135.7214285714286,137.8,eod,0.5,212.61132208325643,191.350189874932,35.04259810576232,156.30759176916968,25214.070551581277
2010-12-01,ASSA_5_min,long,63.53327,62.89517535714286,65.233268,eod,0.5,395.14625038509087,671.7478353621512,30.528968799461587,641.2188665626896,25855.289418143966
2010-12-01,ATLAS_5_min,long,34.97500024,34.62678597678571,35.69999999,eod,0.5,742.5109235756044,538.3202339645837,31.486175816690004,506.83405814789376,26362.12347629186
2010-12-01,HEXAGON_5_min,short,18.528553,18.84553342857143,18.84553342857143,stop,0.5,831.6640745014101,-263.6212347629186,18.64961099997214,-282.27084576289076,26079.85263052897
2010-12-01,INVESTOR_5_MIN,long,34.3,34.03660714285714,34.875,eod,0.5,990.1503371590775,569.3364438664723,41.096189743787505,528.2402541226849,26608.092884651654
2010-12-01,KINNEVIK_5_min,long,62.51325498,62.10543467285714,62.10543467285714,stop,0.5,652.4464922079287,-266.08092884651654,48.78421615653309,-314.86514500304963,26293.227739648606
2010-12-01,HM_5_min,short,237.3,239.3,239.3,stop,0.5,131.46613869824304,-262.9322773964861,37.59405702214958,-300.52633441863566,25992.70140522997
2010-12-02,ALFA_LAVAL_5_MIN,long,128.5,127.07857142857142,131.4,eod,0.5,182.8632259664412,530.3033553026805,28.515691457206845,501.7876638454737,26494.489069075444
2010-12-02,ASSA_5_min,long,65.966601,65.28088739285714,66.5666,eod,0.5,386.37834794425635,231.82662238820464,30.724775550086434,201.1018468381182,26695.590915913563
2010-12-02,ATLAS_5_min,long,36.10000002,35.73392860464286,36.50000005,eod,0.5,729.2454367099177,291.6981965613258,31.765931253712324,259.9322653076135,26955.523181221175
2010-12-02,BOLIDEN_5_min,long,112.24203,110.63102085714286,110.63102085714286,stop,0.5,167.32073371983017,-269.55523181221173,22.374769437476502,-291.93000124968825,26663.593179971485
2010-12-02,ERICSSON_5_MIN,short,73.65,74.35000000000001,73.75,eod,0.5,380.9084739995911,-38.09084739995694,33.687545440523834,-71.77839284048078,26591.814787131003
2010-12-02,KINNEVIK_5_min,long,63.72232169,63.277717620357144,63.277717620357144,stop,0.5,598.1010207237143,-265.91814787131005,45.57531188608586,-311.4934597573959,26280.321327373607
2010-12-02,SWEDBANK_5_MIN,long,92.95,91.78928571428571,93.65,eod,0.5,226.4150760512176,158.49055323585296,25.34943191469432,133.14112132115864,26413.462448694765
2010-12-02,HEXAGON_5_min,long,19.428552,19.094319071428572,19.299981,eod,0.5,790.2711011027757,-101.60594573988567,18.36362425080311,-119.96956999068878,26293.492878704077
2010-12-02,NORDEA_5_min,short,72.35,73.24107142857142,72.55,eod,0.5,295.07727479107,-59.01545495821484,25.654018270335627,-84.66947322855046,26208.823405475527
2010-12-02,SKF_5_min,short,194.6,196.375,196.375,stop,0.5,147.65534312943913,-262.0882340547553,34.63772866801948,-296.72596272277474,25912.09744275275
2010-12-03,ALFA_LAVAL_5_MIN,long,131.0,129.575,132.0,eod,0.5,181.83928030001786,181.83928030001786,28.694238431342818,153.14504186867504,26065.242484621427
2010-12-03,INVESTOR_5_MIN,short,35.325,35.614285714285714,35.525,eod,0.5,901.0207278634668,-180.20414557268953,38.30239114147597,-218.5065367141655,25846.735947907262
2010-12-03,VOLVO_5_MIN,long,112.1,110.80178571428571,114.5,eod,0.5,199.0945272466042,477.82686539185124,27.0688919244483,450.75797346740296,26297.493921374666
2010-12-03,HEXAGON_5_min,short,19.214267,19.569128607142858,19.171409,eod,0.5,741.0633720876984,31.760494000933804,17.0677310978555,14.692762903078304,26312.186684277745
2010-12-06,ATLAS_5_min,long,36.72500013,36.36250015178571,36.57500008,eod,0.5,725.8534693958957,-108.87805670205464,31.923035675489025,-140.80109237754365,26171.3855919002
2010-12-06,BOLIDEN_5_min,long,115.413704,113.90338296428571,116.118521,eod,0.5,173.28359317675017,122.13322229205849,24.072441530524667,98.06078076153382,26269.446372661736
2010-12-06,HUSQVARNA_5_min,short,50.85,51.33821428571429,51.33821428571429,stop,0.5,538.072054451009,-262.69446372661736,32.990773440836534,-295.6852371674539,25973.761135494282
2010-12-06,KINNEVIK_5_min,long,63.94622339,63.4776298825,63.4776298825,stop,0.5,554.2919549625665,-259.7376113549428,42.37801004356635,-302.1156213985092,25671.645514095773
2010-12-06,ALFA_LAVAL_5_MIN,short,130.5,131.92142857142858,130.8,eod,0.5,180.60454130519557,-54.181362391560725,28.31517998582856,-82.49654237738929,25589.148971718383
2010-12-06,SEB_5_MIN,long,54.2,53.52142857142857,53.95,eod,0.5,377.1032480042698,-94.27581200106745,24.470229762997068,-118.74604176406451,25470.402929954318
2010-12-07,ATLAS_5_min,long,36.55000017,36.207143041428566,36.50000005,eod,0.5,742.8867830772778,-37.144428300277845,32.560727800338135,-69.70515610061598,25400.697773853703
2010-12-07,BOLIDEN_5_min,long,117.175745,115.74094000000001,118.937787,eod,0.5,177.03240352419843,311.93853037058454,25.079847644728645,286.8586827258559,25687.556456579558
2010-12-07,SKF_5_min,long,195.2,193.5142857142857,193.5142857142857,stop,0.5,152.38380948818403,-256.87556456579557,35.54025819577274,-292.41582276156834,25395.140633817988
2010-12-07,ALFA_LAVAL_5_MIN,long,131.7,130.32142857142856,133.9,eod,0.5,184.21345537484487,405.26960182466183,29.356256248535278,375.9133455761266,25771.053979394113
2010-12-07,HM_5_min,long,240.8,238.93928571428572,241.9,eod,0.5,138.50086591612896,152.35095250774106,40.112620786629265,112.23833172111179,25883.292311115227
2010-12-07,HUSQVARNA_5_min,long,51.5,51.00678571428571,51.00678571428571,stop,0.5,524.7879686540357,-258.8329231111523,32.27659670895272,-291.109519820105,25592.182791295123
2010-12-08,HM_5_min,long,240.5,238.61428571428573,239.9,eod,0.5,135.71612086292967,-81.42967251775703,39.11881467753085,-120.54848719528788,25471.634304099836
2010-12-08,SEB_5_MIN,long,53.2,52.59464285714286,53.45,eod,0.5,420.7703601857189,105.19259004642973,26.925095348284152,78.26749469814558,25549.901798797982
2010-12-08,VOLVO_5_MIN,short,111.6,113.03035714285714,111.1,eod,0.5,178.6260300540178,89.3130150270089,23.86801013581786,65.44500489119105,25615.34680368917
2010-12-08,SANDVIK_min,long,128.6,127.06785714285714,127.06785714285714,stop,0.5,167.18641270473105,-256.1534680368917,25.646515127771956,-281.7999831646637,25333.54682052451
2010-12-08,ATLAS_5_min,short,36.40000012,36.74107154071429,36.74107154071429,stop,0.5,742.7636935240702,-253.3354682052451,32.595919521012505,-285.9313877262576,25047.61543279825
2010-12-09,INVESTOR_5_MIN,short,35.675,35.93214285714286,35.175,eod,0.5,974.0739334976998,487.0369667488499,41.40788291298722,445.62908383586273,25493.244516634113
2010-12-09,SKF_5_min,short,189.5,191.29285714285714,185.0,eod,0.5,142.19339571030966,639.8702806963935,31.950856016106574,607.9194246802869,26101.1639413144
2010-12-09,SWEDBANK_5_MIN,short,94.3,95.32142857142857,92.55,eod,0.5,255.5358707541268,447.1877738197219,28.64812647024515,418.53964734947675,26519.703588663877
2010-12-09,BOLIDEN_5_min,short,119.466399,120.88861803571427,116.294725,eod,0.5,186.46708363979215,591.4128010361534,26.37701353675164,565.0357874994017,27084.739376163277
2010-12-09,SEB_5_MIN,short,53.8,54.4,53.1,eod,0.5,451.41232293605356,315.98862605523556,28.95358639311847,287.0350396621171,27371.774415825395
2010-12-09,NORDEA_5_min,short,72.5,73.35892857142858,72.3,eod,0.5,318.6734651322683,63.734693026454565,27.686350650691466,36.0483423757631,27407.822758201157
2010-12-10,ERICSSON_5_MIN,long,72.95,72.33035714285714,73.2,eod,0.5,442.3164479709647,110.57911199274118,38.7867293225739,71.79238267016729,27479.615140871323
2010-12-10,SKF_5_min,long,186.1,184.15714285714284,187.7,eod,0.5,141.43919557801362,226.302712924821,31.72198278423689,194.5807301405841,27674.195871011907
2010-12-10,GETINGE_5_min,short,142.138517,143.2896785,142.335658,eod,0.5,240.40237508822085,-47.393164627264014,41.03296039275731,-88.42612502002132,27585.769745991885
2010-12-10,ASSA_5_min,long,62.799937,62.103509107142855,63.766603,eod,0.5,396.1037464025072,382.9000241199275,30.08008839792167,352.8199357220058,27938.589681713893
2010-12-13,ATLAS_5_min,long,37.37500014,37.05446442178571,38.35000017,eod,0.5,871.6217286909698,849.8312116223508,39.60213340519585,810.2290782171549,28748.818759931048
2010-12-13,GETINGE_5_min,long,142.138517,140.98383510714285,140.98383510714285,stop,0.5,248.97609408938345,-287.4881875993105,42.29441842622132,-329.78260602553183,28419.036153905516
2010-12-13,SKF_5_min,long,189.4,187.425,192.4,eod,0.5,143.89385394382583,431.6815618314775,32.96320406145162,398.7183577700259,28817.754511675543
2010-12-13,HEXAGON_5_min,short,18.442839,18.760097178571428,18.760097178571428,stop,0.5,908.3376397556735,-288.1775451167554,20.275696344254715,-308.4532414610101,28509.30127021453
2010-12-13,BOLIDEN_5_min,long,119.466399,117.93719885714286,118.67348,eod,0.5,186.43276619728903,-147.8260825403878,26.638245830314617,-174.46432837070242,28334.83694184383
2010-12-13,ASSA_5_min,short,62.766604,63.480889035714284,63.13327,eod,0.5,396.6880940395043,-145.45203668908974,29.965788634124245,-175.41782532321398,28159.419116520618
2010-12-14,ABB_5_min,short,144.3,145.32500000000002,145.32500000000002,stop,0.5,274.7260401611752,-281.59419116520615,47.740517629008224,-329.3347087942144,27830.084407726405
2010-12-14,ASSA_5_min,long,62.866604,62.14041425,64.166602,eod,0.5,383.2343324554813,498.20386572345893,29.21009154065378,468.99377418280517,28299.078181909208
2010-12-14,HUSQVARNA_5_min,short,52.25,52.82035714285714,52.82035714285714,stop,0.5,496.1641760134382,-282.9907818190921,31.279288305134028,-314.2700701242261,27984.808111784983
2010-12-14,VOLVO_5_MIN,short,109.5,110.99285714285715,109.5,eod,0.5,187.45804476793714,0.0,24.63198708250694,-24.63198708250694,27960.176124702477
2010-12-15,HM_5_min,short,241.5,243.24642857142857,239.4,eod,0.5,160.09916799420688,336.20825278783354,46.19501393304844,290.0132388547851,28250.189363557263
2010-12-15,HUSQVARNA_5_min,short,52.9,53.45928571428571,53.45928571428571,stop,0.5,505.111942643425,-282.5018936355726,32.23400725518596,-314.73590089075856,27935.453462666504
2010-12-15,VOLVO_5_MIN,long,110.2,108.7625,110.5,eod,0.5,194.3335893055061,58.30007679165128,25.73365389583512,32.56642289581616,27968.01988556232
2010-12-16,ALFA_LAVAL_5_MIN,long,134.6,133.2392857142857,134.6,eod,0.5,205.53925375216267,0.0,33.19870026604931,-33.19870026604931,27934.82118529627
2010-12-16,ASSA_5_min,short,63.13327,63.905888250000004,63.499937,eod,0.5,361.56046256086034,-132.57229012580285,27.471336539091105,-160.04362666489396,27774.777558631376
2010-12-16,ERICSSON_5_MIN,long,74.65,74.13214285714287,76.25,eod,0.5,536.340532166679,858.1448514666835,48.56027178237112,809.5845796843123,28584.36213831569
2010-12-16,HM_5_min,long,236.7,234.93214285714285,234.93214285714285,stop,0.5,161.68932118643258,-285.8436213831569,45.75472861696441,-331.59835000012134,28252.76378831557
2010-12-16,INVESTOR_5_MIN,long,35.725,35.487500000000004,35.65,eod,0.5,1189.5900542448803,-89.21925406836941,50.944194073036996,-140.1634481414064,28112.600340174162
2010-12-16,SEB_5_MIN,short,56.2,56.7875,56.1,eod,0.5,478.5123462157316,47.851234621573845,32.24216188801599,15.609072733557852,28128.20941290772
2010-12-16,GETINGE_5_min,short,137.111426,138.4491672142857,138.4491672142857,stop,0.5,210.26644849188608,-281.2820941290772,34.7646883676911,-316.04678249676834,27812.162630410952
2010-12-17,ABB_5_min,short,147.1,148.125,147.5,eod,0.5,271.33817200400784,-108.53526880160469,47.96173528342842,-156.4970040850331,27655.665626325917
2010-12-17,HUSQVARNA_5_min,long,53.75,53.21107142857143,53.8,eod,0.5,513.1601309059821,25.658006545297646,33.11422324736302,-7.456216702065376,27648.20940962385
2010-12-17,INVESTOR_5_MIN,long,35.675,35.450892857142854,35.450892857142854,stop,0.5,1233.7049617043301,-276.48209409623854,52.64902015410462,-329.13111425034316,27319.078295373507
2010-12-17,KINNEVIK_5_min,short,63.09539858,63.57838570928571,62.60281566,eod,0.5,565.6274595924673,278.6184256782417,42.659016957528536,235.95940872071316,27555.03770409422
2010-12-17,NORDEA_5_min,short,73.6,74.35357142857143,74.0,eod,0.5,365.6592681112005,-146.26370724448228,32.38278478392791,-178.6464920284102,27376.39121206581
2010-12-17,SKF_5_min,short,188.2,190.2142857142857,188.7,eod,0.5,135.9111620457174,-67.9555810228587,30.734950185018526,-98.69053120787723,27277.70068085793
2010-12-20,ABB_5_min,long,148.0,147.00357142857143,149.3,eod,0.5,273.75470217348595,355.88111282553484,48.83236377370642,307.0487490518284,27584.74942990976
2010-12-20,ERICSSON_5_MIN,long,77.5,76.86785714285715,78.55,eod,0.5,436.36891753529875,458.18736341206244,40.857221748830014,417.33014166323244,28002.07957157299
2010-12-20,HANDELSBANKEN_5_min,long,70.666596,70.09873939285714,70.966596,eod,0.5,493.11884759893985,147.93565427968056,41.905197852479624,106.03045642720093,28108.110028000192
2010-12-20,INVESTOR_5_MIN,short,35.475,35.691964285714285,35.691964285714285,stop,0.5,1295.5178284510523,-281.0811002800019,55.318842617329295,-336.39994289733124,27771.71008510286
2010-12-20,NORDEA_5_min,short,73.35,74.03214285714286,74.03214285714286,stop,0.5,407.12454575019484,-277.7171008510286,36.00173277744276,-313.7188336284714,27457.99125147439
2010-12-20,SWEDBANK_5_MIN,short,94.85,95.71607142857142,95.71607142857142,stop,0.5,317.04072372836333,-274.5799125147439,36.25032312227116,-310.83023563701505,27147.161015837373
2010-12-20,ALFA_LAVAL_5_MIN,long,136.2,134.9035714285714,134.9035714285714,stop,0.5,209.39958910287675,-271.4716101583737,34.06138587687915,-305.5329960352529,26841.62801980212
2010-12-21,ERICSSON_5_MIN,long,79.15,78.50178571428572,79.6,eod,0.5,414.0857215176064,186.33857468291816,39.441664974552,146.89690970836617,26988.524929510484
2010-12-21,HUSQVARNA_5_min,short,53.6,54.118928571428576,54.118928571428576,stop,0.5,520.081691690495,-269.88524929510487,33.613585559109694,-303.4988348542146,26685.02609465627
2010-12-21,KINNEVIK_5_min,short,63.09539858,63.59597795607143,63.59597795607143,stop,0.5,533.0828110435086,-266.8502609465627,40.52219708329233,-307.372458029855,26377.653636626415
2010-12-21,SWEDBANK_5_MIN,long,95.35,94.49285714285713,94.49285714285713,stop,0.5,307.73929242730674,-263.77653636626417,35.05326391771268,-298.82980028397685,26078.82383634244
2010-12-21,HM_5_min,short,228.8,230.82142857142858,227.0,eod,0.5,129.01184936706503,232.2213288607185,35.28216056490494,196.93916829581354,26275.76300463825
2010-12-21,ALFA_LAVAL_5_MIN,long,138.7,137.42857142857142,138.8,eod,0.5,206.66330453086252,20.66633045309095,34.40944020438861,-13.74310975129766,26262.019894886955
2010-12-21,BOLIDEN_5_min,short,117.79246,119.17692107142858,118.321072,eod,0.5,189.69128447785195,-100.2730892704054,26.87320750060944,-127.14629677101485,26134.87359811594
2010-12-22,GETINGE_5_min,long,138.294271,136.98469275000002,136.98469275000002,stop,0.5,199.56710183691732,-261.3487359811594,32.961974995354396,-294.3107109765138,25840.562887139426
2010-12-22,HANDELSBANKEN_5_min,long,71.533262,71.009453,71.666595,eod,0.5,493.3203302566284,65.77587959411072,42.386040448765165,23.389839145345555,25863.95272628477
2010-12-22,HM_5_min,long,228.7,226.67142857142855,226.67142857142855,stop,0.5,127.49835850985384,-258.6395272628477,34.83546579308658,-293.4749930559343,25570.477733228836
2010-12-22,INVESTOR_5_MIN,long,36.75,36.53214285714286,36.53214285714286,stop,0.5,1173.7268467711663,-255.70477733228836,51.607931076209056,-307.31270840849743,25263.165024820337
2010-12-22,SEB_5_MIN,long,56.55,56.0625,56.0625,stop,0.5,518.2187697399074,-252.63165024820339,35.01474672440119,-287.6463969726046,24975.518627847734
2010-12-22,VOLVO_5_MIN,long,115.4,114.25714285714287,117.5,eod,0.5,218.53578799366844,458.9251547867025,30.538191014235224,428.38696377246725,25403.9055916202
2010-12-30,ABB_5_min,long,152.2,151.14999999999998,151.14999999999998,stop,0.5,241.94195801542787,-254.03905591620202,44.035855778388026,-298.07491169459,25105.83067992561
2010-12-30,KINNEVIK_5_min,short,61.8415507,62.26376462821428,61.30418745,eod,0.5,594.6234598680463,319.52879492093706,43.93520693205448,275.5935879888826,25381.42426791449
2011-01-03,ATLAS_5_min,long,38.25000024,37.93392881142857,38.62500007,eod,0.5,803.0281124311986,301.13540564692045,37.03967183525226,264.0957338116682,25645.52000172616
2011-01-03,BOLIDEN_5_min,long,122.90238,122.05597078571428,124.664421,eod,0.5,302.99197561747303,533.884283708991,45.006452479372676,488.8778312296183,26134.39783295578
2011-01-03,ERICSSON_5_MIN,long,78.45,77.78214285714286,78.9,eod,0.5,391.31718680361496,176.09273406162785,36.94425560612929,139.14847845549855,26273.54631141128
2011-01-03,KINNEVIK_5_min,long,61.79677036,61.396946543214284,62.15501308,eod,0.5,657.128095135281,235.41135618968636,48.87131960432884,186.5400365853575,26460.086347996636
2011-01-03,SEB_5_MIN,long,56.6,56.2125,57.2,eod,0.5,682.8409380128113,409.70456280768775,46.62437924751475,363.080183560173,26823.16653155681
2011-01-03,SWEDBANK_5_MIN,long,94.35,93.79464285714285,95.85,eod,0.5,482.98949381581,724.4842407237151,55.11876103426023,669.3654796894548,27492.532011246265
2011-01-04,BOLIDEN_5_min,short,125.545441,126.46107325,124.488217,eod,0.5,300.25735781200603,317.4392848554375,45.04466730909045,272.39461754634704,27764.92662879261
2011-01-04,ERICSSON_5_MIN,short,79.0,79.69821428571429,76.45,eod,0.5,397.6562381617354,1014.0234073124242,37.08939733334506,976.9340099790791,28741.86063877169
2011-01-04,HANDELSBANKEN_5_min,long,72.299928,71.86421410714286,72.499928,eod,0.5,659.6498553282446,131.9299710656508,57.310322437170385,74.6196486284804,28816.48028740017
2011-01-04,HEXAGON_5_min,long,21.42855,21.226509392857146,21.226509392857146,stop,0.5,1426.2717131425525,-288.1648028740017,36.50262278066861,-324.6674256546703,28491.8128617455
2011-01-04,HUSQVARNA_5_min,short,58.6,59.25,58.0,eod,0.5,438.3355824883933,263.0013494930366,30.665957350887993,232.33539214214863,28724.148253887648
2011-01-04,KINNEVIK_5_min,long,62.647596,62.2253820425,62.87149688,eod,0.5,680.3220912915401,152.32471492361765,51.236047059083205,101.08866786453444,28825.23692175218
2011-01-04,SANDVIK_min,long,135.5,134.33214285714286,134.33214285714286,stop,0.5,246.82160055322933,-288.2523692175218,39.960240828424574,-328.21261004594635,28497.024311706235
2011-01-04,SKF_5_min,short,194.2,195.6392857142857,191.6,eod,0.5,197.9942135800926,514.7849553082397,45.831700559519824,468.9532547487198,28965.977566454956
2011-01-04,VOLVO_5_MIN,short,121.7,122.59642857142858,118.4,eod,0.5,323.1264429724056,1066.3172618089375,46.54959537460474,1019.7676664343327,29985.74523288929
2011-01-04,SWEDBANK_5_MIN,long,96.6,96.02142857142857,96.02142857142857,stop,0.5,518.272139827722,-299.8574523288929,59.89819197743218,-359.7556443063251,29625.989588582965
2011-01-04,NORDEA_5_min,short,74.3,74.7625,73.8,eod,0.5,640.5619370504347,320.28096852521736,56.92033372630162,263.3606347989157,29889.35022338188
2011-01-07,HUSQVARNA_5_min,short,57.65,58.26607142857143,58.26607142857143,stop,0.5,485.16046739402316,-298.8935022338188,33.74273723565881,-332.63623946947763,29556.713983912403
2011-01-07,INVESTOR_5_MIN,short,36.525,36.71517857142857,36.71517857142857,stop,0.5,1554.1558526752344,-295.567139839124,68.29599130665899,-363.86313114578303,29192.85085276662
2011-01-07,SEB_5_MIN,short,56.4,56.80535714285714,56.80535714285714,stop,0.5,720.1760562797074,-291.9285085276662,48.91667259412719,-340.8451811217934,28852.005671644827
2011-01-07,SWEDBANK_5_MIN,short,95.8,96.35714285714286,96.35714285714286,stop,0.5,517.8565120551572,-288.52005671644827,59.705896659890726,-348.225953376339,28503.779718268488
2011-01-07,GETINGE_5_min,short,142.92708,144.19441375,141.349954,eod,0.5,224.9113914804869,354.7136032000528,38.36228596973141,316.35131723032134,28820.13103549881
2011-01-07,ASSA_5_min,short,64.099936,64.63684017857143,64.63684017857143,stop,0.5,536.783511578955,-288.20131035498815,41.462267271892514,-329.6635776268807,28490.467457871928
2011-01-07,BOLIDEN_5_min,short,121.140338,122.07170275,122.07170275,stop,0.5,305.9002121120852,-284.90467457871927,44.63916891218287,-329.54384349090213,28160.923614381027
2011-01-07,HEXAGON_5_min,long,20.357123,20.156613000000004,20.156613000000004,stop,0.5,1404.4647954905663,-281.6092361438103,34.14006956747927,-315.74930571128954,27845.17430866974
2011-01-07,SANDVIK_min,short,129.1,130.27142857142857,128.6,eod,0.5,237.70270751303303,118.85135375651652,36.753592635665164,82.09776112085135,27927.27206979059
2011-01-07,ERICSSON_5_MIN,short,76.25,77.03214285714286,76.2,eod,0.5,357.06101276444537,17.853050638221255,32.66037083756382,-14.807320199342563,27912.464749591247
2011-01-07,ABB_5_min,long,150.0,148.89642857142857,151.7,eod,0.5,252.92848316781732,429.9784213852866,45.78511402303828,384.19330736224833,28296.658056953496
2011-01-07,NORDEA_5_min,long,72.95,72.4875,72.65,eod,0.5,611.819633663852,-183.54589009915384,53.448563196874105,-236.99445329602793,28059.663603657467
2011-01-07,KINNEVIK_5_min,long,64.25968495,63.824676638928565,63.824676638928565,stop,0.5,645.0374139874789,-280.5966360365747,49.57152322293579,-330.1681592595105,27729.49544439796
2011-01-10,SANDVIK_min,long,128.7,127.39999999999999,129.2,eod,0.5,213.303811110754,106.651905555377,33.00663173127806,73.64527382409894,27803.140718222057
2011-01-10,HANDELSBANKEN_5_min,short,72.999927,73.44992657142858,73.44992657142858,stop,0.5,617.8481599428565,-278.03140718222056,54.29026353180474,-332.3216707140253,27470.819047508034
2011-01-10,SEB_5_MIN,short,57.1,57.52142857142857,56.85,eod,0.5,651.8499435001917,162.96248587504792,44.5669806371081,118.39550523793982,27589.214552745972
2011-01-10,BOLIDEN_5_min,short,120.78793,121.80425032142857,120.083113,eod,0.5,271.46180166864974,191.3308926666942,39.232372381552075,152.09852028514214,27741.313073031113
2011-01-10,KINNEVIK_5_min,short,64.03578407,64.50277827964287,63.14017892,eod,0.5,594.0397653805277,532.0250731795974,45.328547529973356,486.696525649624,28228.009598680736
2011-01-10,ATLAS_5_min,short,36.77500024,37.13035737785714,37.13035737785714,stop,0.5,794.3560601849755,-282.28009598680734,35.22430122232959,-317.5043972091369,27910.5052014716
2011-01-11,ALFA_LAVAL_5_MIN,long,143.2,141.9607142857143,145.8,eod,0.5,225.2144511934334,585.557573102932,39.05218583694135,546.5053872659906,28457.01058873759
2011-01-11,ASSA_5_min,long,63.266603,62.74279403571429,64.766602,eod,0.5,543.2707824605999,814.9056304201188,41.73401967677304,773.1716107433457,29230.182199480936
2011-01-11,HM_5_min,short,222.5,224.46785714285716,224.46785714285716,stop,0.5,148.53813095924878,-292.30182199480936,39.83506205931631,-332.1368840541257,28898.04531542681
2011-01-11,KINNEVIK_5_min,long,63.54320115,63.076206940357146,64.17012509,eod,0.5,618.8094995337789,387.94648955714325,47.418131696621174,340.5283578605221,29238.573673287334
2011-01-11,NORDEA_5_min,short,72.1,72.52499999999999,72.52499999999999,stop,0.5,687.9664393714713,-292.38573673287334,59.698287776459416,-352.0840245093328,28886.489648778002
2011-01-11,SANDVIK_min,long,131.4,130.125,134.3,eod,0.5,226.5607031276696,657.0260390702431,36.11830729261309,620.90773177763,29507.39738055563
2011-01-12,BOLIDEN_5_min,long,122.90238,121.85459464285714,123.519094,eod,0.5,281.61681378157056,173.677031694488,41.63785821314288,132.03917348134513,29639.436554036976
2011-01-12,GETINGE_5_min,long,151.404134,149.92205764285714,153.769824,eod,0.5,199.98589418952596,473.1046300252198,36.6182921243921,436.4863379008277,30075.922891937804
2011-01-12,SANDVIK_min,long,135.2,133.79642857142855,133.79642857142855,stop,0.5,214.28138447181988,-300.759228919378,34.58455627935642,-335.34378519873445,29740.57910673907
2011-01-12,SWEDBANK_5_MIN,long,96.7,96.11607142857143,98.05,eod,0.5,509.3187859258061,687.5803609998353,59.51390013543043,628.0664608644049,30368.645567603475
2011-01-13,ABB_5_min,long,155.2,153.93214285714285,157.5,eod,0.5,239.52734532194367,550.9128942404732,44.94012052930306,505.97277371117013,30874.618341314646
2011-01-13,BOLIDEN_5_min,short,124.22391,125.27798832142858,123.078584,eod,0.5,292.9063022515323,335.47320353253764,43.46187543307305,292.0113280994646,31166.62966941411
2011-01-13,ERICSSON_5_MIN,short,77.1,77.78392857142856,77.05,eod,0.5,455.7000682734211,22.78500341366976,42.147699314608715,-19.362695900938956,31147.26697351317
2011-01-13,GETINGE_5_min,short,154.262676,155.85388389285714,155.85388389285714,stop,0.5,195.74605627166508,-311.4726697351317,36.42245615013744,-347.8951258852692,30799.371847627903
2011-01-13,HUSQVARNA_5_min,short,54.65,55.32142857142857,53.8,eod,0.5,458.7140487944585,389.9069414752904,29.848523155055414,360.058418320235,31159.430265948136
2011-01-13,SWEDBANK_5_MIN,long,98.7,98.08928571428572,98.08928571428572,stop,0.5,510.2128932435996,-311.59430265948134,60.24265849417624,-371.83696115365757,30787.593304794478
2011-01-13,ASSA_5_min,short,63.299937,63.88684117857143,62.93327,eod,0.5,524.5761476725868,192.3447623386642,39.73135766184973,152.61340467681447,30940.20670947129
2011-01-14,ABB_5_min,long,157.8,156.50714285714287,156.50714285714287,stop,0.5,239.3165159848605,-309.4020670947129,45.13133422663636,-354.53340132134923,30585.67330814994
2011-01-14,KINNEVIK_5_min,short,63.85666271,64.31406113285715,63.76710203,eod,0.5,668.6877737158792,59.8881317216838,51.20427067033783,8.683861051345971,30594.35716920129
2011-01-14,NORDEA_5_min,long,75.15,74.65535714285716,76.25,eod,0.5,618.5140799549811,680.3654879504757,56.18581902311048,624.1796689273651,31218.536838128653
2011-01-14,ATLAS_5_min,short,37.77500018,38.14017873178572,37.47500008,eod,0.5,854.8841843386055,256.46534078999866,38.59802105624996,217.8673197337487,31436.404157862402
2011-01-14,SKF_5_min,short,193.4,195.06428571428572,192.4,eod,0.5,188.88826532621223,188.88826532621223,43.72385565771161,145.16440966850064,31581.568567530903
2011-01-14,HANDELSBANKEN_5_min,short,71.966595,72.49278496428572,72.49278496428572,stop,0.5,600.1932897067222,-315.81568567530906,52.022130293854794,-367.83781596916384,31213.73075156174
2011-01-17,ALFA_LAVAL_5_MIN,long,145.8,144.3607142857143,144.3607142857143,stop,0.5,216.86959331109858,-312.1373075156174,37.756221661200435,-349.8935291768178,30863.837222384922
2011-01-17,BOLIDEN_5_min,short,123.430992,124.54170732142858,120.699828,eod,0.5,277.8735165252668,758.9181448872156,40.702493667358155,718.2156512198575,31582.052873604778
2011-01-17,INVESTOR_5_MIN,short,37.425,37.635714285714286,37.5,eod,0.5,1498.8092889168138,-112.4106966687653,67.37897158325536,-179.78966825202065,31402.263205352756
2011-01-18,KINNEVIK_5_min,long,64.21490543,63.75430841107143,63.75430841107143,stop,0.5,681.7730448711909,-314.02263205352756,52.347576342119886,-366.37020839564747,31035.892996957107
2011-01-18,NORDEA_5_min,long,76.75,76.1875,78.8,eod,0.5,551.7492088347931,1131.0858781113243,51.49475366055123,1079.5911244507731,32115.48412140788
2011-01-18,BOLIDEN_5_min,long,124.047706,122.83315610714286,124.664421,eod,0.5,264.4229299288668,163.07358723108086,39.45911359810824,123.61447363297262,32239.098595040854
2011-01-19,ASSA_5_min,long,61.266605,60.616605678571425,60.616605678571425,stop,0.5,495.986650019657,-322.39098595040855,36.27146721486283,-358.66245316527136,31880.436141875583
2011-01-19,INVESTOR_5_MIN,short,37.975,38.18928571428572,37.225,eod,0.5,1487.7536866208536,1115.8152649656402,67.12744634033291,1048.6878186253073,32929.12396050089
2011-01-19,SWEDBANK_5_MIN,long,105.1,104.30535714285713,104.30535714285713,stop,0.5,414.38897568270573,-329.2912396050089,52.06516286933984,-381.3564024743487,32547.76755802654
2011-01-19,BOLIDEN_5_min,long,125.89785,124.57631903571429,124.57631903571429,stop,0.5,246.28834615024385,-325.4776755802654,37.01332130709761,-362.490996887363,32185.276561139177
2011-01-19,SANDVIK_min,long,130.0,128.50357142857143,128.50357142857143,stop,0.5,215.08060709114554,-321.85276561139176,33.359463046851864,-355.21222865824365,31830.06433248093
2011-01-19,HANDELSBANKEN_5_min,long,73.33326,72.81421289285714,72.999927,eod,0.5,613.2403763445037,-204.41325436804007,53.84245120054237,-258.25570556858247,31571.80862691235
2011-01-19,NORDEA_5_min,long,79.75,79.09107142857142,79.09107142857142,stop,0.5,479.1385591076102,-315.7180862691235,45.66412925483682,-361.3822155239603,31210.426411388387
2011-01-20,ABB_5_min,long,154.6,153.28571428571428,153.28571428571428,stop,0.5,237.47063573882423,-312.10426411388386,43.86828978379833,-355.9725538976822,30854.453857490706
2011-01-20,BOLIDEN_5_min,short,121.933257,123.34918303571429,118.585378,eod,0.5,217.9100678936633,729.5365401897678,31.44685924952473,698.089680940243,31552.54353843095
2011-01-20,HUSQVARNA_5_min,short,52.8,53.46964285714285,52.25,eod,0.5,471.18465017390434,259.15155759564607,29.698768500461192,229.45278909518487,31781.996327526133
2011-01-20,SANDVIK_min,long,125.1,123.475,123.475,stop,0.5,195.58151586169927,-317.81996327526133,29.170005183193137,-346.9899684584545,31435.006359067676
2011-01-20,SEB_5_MIN,short,59.1,59.66964285714286,58.0,eod,0.5,551.8371022281448,607.0208124509601,38.77207480254945,568.2487376484106,32003.255096716086
2011-01-20,VOLVO_5_MIN,short,112.3,113.59285714285714,110.3,eod,0.5,247.53898969835618,495.07797939671235,33.061307464112446,462.01667193259993,32465.271768648687
2011-01-20,INVESTOR_5_MIN,short,37.25,37.49017857142857,36.225,eod,0.5,1351.7139175050709,1385.5067654426957,59.59030805321105,1325.9164573894848,33791.18822603817
2011-01-20,KINNEVIK_5_min,short,63.85666271,64.35244425214286,63.67754217,eod,0.5,681.5741481618401,122.0839294687885,52.154410231550145,69.92951923723835,33861.117745275405
2011-01-21,ABB_5_min,long,154.2,152.7892857142857,152.7892857142857,stop,0.5,240.0281764222068,-338.6111774527541,44.211647058693494,-382.82282451144755,33478.29492076396
2011-01-21,INVESTOR_5_MIN,long,36.375,36.10089285714286,36.95,eod,0.5,1221.3579905946578,702.2808445919318,53.73364479621197,648.5471997957198,34126.84212055968
2011-01-21,SEB_5_MIN,long,58.25,57.64107142857143,57.64107142857143,stop,0.5,560.4408090179895,-341.26842120559684,38.97005149763411,-380.23847270323097,33746.60364785645
2011-01-21,SKF_5_min,short,182.7,184.7642857142857,184.7642857142857,stop,0.5,163.47835677162274,-337.4660364785645,36.04347456049771,-373.5095110390622,33373.09413681739
2011-01-24,ASSA_5_min,long,60.39994,59.67613121428572,59.67613121428572,stop,0.5,461.07611285601496,-333.7309413681739,33.21852489750293,-366.94946626567685,33006.14467055171
2011-01-25,ERICSSON_5_MIN,short,76.4,77.16785714285714,77.16785714285714,stop,0.5,429.84746547695477,-330.0614467055171,39.606452502950525,-369.6678992084676,32636.47677134324
2011-01-25,ABB_5_min,long,154.9,153.34285714285716,154.6,eod,0.5,209.59205266000345,-62.87761579800342,38.92124417896263,-101.79885997696604,32534.677911366274
2011-01-25,SKF_5_min,long,181.9,179.54285714285714,183.8,eod,0.5,138.02590629064457,262.24922195222547,30.285644358293233,231.96357759393223,32766.641488960206
2011-01-25,ATLAS_5_min,long,35.97500017,35.49821446642857,36.17500004,eod,0.5,687.2404361858397,137.44799789591067,29.750638569077292,107.69735932683338,32874.338848287036
2011-01-25,HUSQVARNA_5_min,long,53.5,52.832142857142856,53.2,eod,0.5,492.2360897069705,-147.67082691208975,31.51295446304025,-179.18378137513,32695.155066911906
2011-01-26,ABB_5_min,short,154.2,155.77499999999998,155.77499999999998,stop,0.5,207.5882861391247,-326.95155066911906,38.6083073975851,-365.5598580667042,32329.595208845203
2011-01-26,ERICSSON_5_MIN,long,80.3,79.4375,81.05,eod,0.5,374.8358864793659,281.12691485952445,36.287862170067406,244.83905268945705,32574.43426153466
2011-01-26,SANDVIK_min,long,128.4,126.525,130.2,eod,0.5,173.7303160615182,312.71456891072984,26.955995840105164,285.75857307062466,32860.19283460529
2011-01-26,ASSA_5_min,long,60.966606,60.197559178571424,61.066606,eod,0.5,427.28468435204627,42.72846843520524,31.285753481931806,11.44271495327343,32871.63554955856
2011-01-26,ATLAS_5_min,short,36.25000007,36.74732148785714,36.74732148785714,stop,0.5,660.9736554519551,-328.7163554955856,28.949583880979183,-357.6659393765648,32513.969610181994
2011-01-27,HEXAGON_5_min,long,20.699979,20.378550642857142,20.378550642857142,stop,0.5,1011.5463955699272,-325.13969610181994,24.93170315732673,-350.0713992591467,32163.898210922845
2011-01-27,KINNEVIK_5_min,long,65.33441146,64.7266792442857,65.11051058,eod,0.5,529.2445814003668,-118.49832751077491,41.422360896517965,-159.9206884072929,32003.977522515554
2011-01-27,NORDEA_5_min,long,78.25,77.325,79.0,eod,0.5,345.98894618935844,259.4917096420188,32.644057072965964,226.84765256905285,32230.825175084607
2011-01-27,SKF_5_min,long,189.2,186.73214285714283,188.3,eod,0.5,130.6024753838443,-117.5422278454569,29.581460674440734,-147.12368851989766,32083.70148656471
2011-01-27,VOLVO_5_MIN,long,116.0,114.49285714285715,114.49285714285715,stop,0.5,212.87764019521674,-320.8370148656471,29.44006530625478,-350.2770801719019,31733.42440639281
2011-01-27,HM_5_min,short,212.9,215.11428571428573,212.4,eod,0.5,143.31223925467668,71.65611962733834,36.57041721300839,35.08570241432995,31768.51010880714
2011-01-28,ALFA_LAVAL_5_MIN,short,140.0,141.7892857142857,138.5,eod,0.5,177.54855949033964,266.3228392355095,29.668364290835754,236.65447494467372,32005.16458375181
2011-01-28,INVESTOR_5_MIN,short,37.775,38.074107142857144,37.55,eod,0.5,1070.0234129493035,240.75526791359482,48.35970814824377,192.39555976535104,32197.560143517163
2011-01-28,HM_5_min,short,210.2,212.79999999999998,212.79999999999998,stop,0.5,123.8367697827586,-321.97560143517165,31.429772170864126,-353.40537360603577,31844.15476991113
2011-01-31,ABB_5_min,short,154.5,155.99285714285713,152.8,eod,0.5,213.31012764533912,362.6272169970741,39.33012133524762,323.29709566182646,32167.451865572955
2011-01-31,ALFA_LAVAL_5_MIN,short,137.0,138.775,137.3,eod,0.5,181.22508093280481,-54.36752427984351,29.826023819921016,-84.19354809976453,32083.25831747319
2011-01-31,BOLIDEN_5_min,short,117.175745,118.78360771428572,118.321072,eod,0.5,199.53978677667146,-228.53830536956372,28.19459079045889,-256.7328961600226,31826.52542131317
2011-01-31,INVESTOR_5_MIN,short,37.25,37.544642857142854,37.275,eod,0.5,1080.1729839960944,-27.004324599900826,48.299934979385355,-75.30425957928618,31751.221161733883
2011-01-31,KINNEVIK_5_min,short,64.12534475,64.69469390535714,64.21490543,eod,0.5,557.6757401495886,-49.9458185073034,42.94334640606892,-92.88916491337233,31658.33199682051
2011-01-31,SEB_5_MIN,short,57.95,58.62321428571429,58.62321428571429,stop,0.5,470.2563904036986,-316.5833199682051,32.89157938065413,-349.47489934885925,31308.85709747165
2011-01-31,SKF_5_min,short,182.0,184.475,184.475,stop,0.5,126.50043271705746,-313.0885709747165,27.81554764799018,-340.9041186227067,30967.95297884894
2011-01-31,VOLVO_5_MIN,short,111.5,112.98214285714286,111.5,eod,0.5,208.94040564042604,0.0,27.956226274688998,-27.956226274688998,30939.996752574254
2011-01-31,GETINGE_5_min,long,155.051239,153.269931,154.755528,eod,0.5,173.69257170895955,-51.36280407263011,32.28668045584105,-83.64948452847116,30856.34726804578
2011-02-01,ABB_5_min,short,152.0,153.48214285714286,151.0,eod,0.5,208.18740325428422,208.18740325428422,37.84846991162887,170.33893334265537,31026.68620138844
2011-02-01,SEB_5_MIN,short,58.55,59.22142857142857,59.2,eod,0.5,462.099581722807,-300.3647281198272,32.64733544871631,-333.0120635685435,30693.674137819893
2011-02-01,ALFA_LAVAL_5_MIN,short,136.8,138.4,136.4,eod,0.5,191.835463361375,76.7341853445511,31.445669154196587,45.28851619035451,30738.962654010247
2011-02-01,BOLIDEN_5_min,short,119.818807,121.43296271428572,120.171216,eod,0.5,190.43368853427276,-67.11054574267347,27.421311174788972,-94.53185691746243,30644.430797092784
2011-02-01,KINNEVIK_5_min,long,64.70748834,64.13653988678571,64.66270801,eod,0.5,536.7285019264513,-24.034879436669282,41.66200300851981,-65.69688244518909,30578.733914647593
2011-02-02,ABB_5_min,long,153.1,151.59642857142856,151.59642857142856,stop,0.5,203.37400228269115,-305.7873391464759,37.18039929588813,-342.96773844236407,30235.76617620523
2011-02-02,ASSA_5_min,long,59.133274,58.393989035714284,58.393989035714284,stop,0.5,408.98662406070304,-302.3576617620523,28.84024712644262,-331.1979088884949,29904.568267316736
2011-02-02,BOLIDEN_5_min,long,122.197563,120.52362371428572,120.52362371428572,stop,0.5,178.64786687622438,-299.0456826731674,26.01697335130375,-325.06265602447115,29579.505611292265
2011-02-02,HANDELSBANKEN_5_min,long,73.499927,72.78088007142857,72.78088007142857,stop,0.5,411.37100286429836,-295.7950561129227,36.105409382863506,-331.9004654957862,29247.60514579648
2011-02-02,HEXAGON_5_min,long,19.657123,19.342327285714283,19.342327285714283,stop,0.5,929.0979456998178,-292.4760514579648,21.74058548632759,-314.21663694429236,28933.388508852186
2011-02-02,NORDEA_5_min,short,80.85,81.85,77.8,eod,0.5,289.33388508852187,882.4683495199909,27.541692521576394,854.9266569984145,29788.3151658506
2011-02-02,SANDVIK_min,long,121.0,118.975,118.975,stop,0.5,147.10279094247167,-297.883151658506,21.180595353851782,-319.0637470123578,29469.25141883824
2011-02-02,SEB_5_MIN,long,60.1,59.43928571428572,59.43928571428572,stop,0.5,446.02110255539026,-294.6925141883824,31.990226407781712,-326.68274059616414,29142.568678242078
2011-02-02,SKF_5_min,short,168.1,171.03571428571428,167.0,eod,0.5,99.2690903881726,109.19599942698929,19.959043313445985,89.2369561135433,29231.80563435562
2011-02-02,SWEDBANK_5_MIN,long,104.3,102.9875,102.9875,stop,0.5,222.71851911889993,-292.3180563435562,27.700059019115383,-320.01811536267155,28911.787518992947
2011-02-02,VOLVO_5_MIN,long,110.4,108.825,108.825,stop,0.5,183.56690488249455,-289.11787518992946,24.145472833718923,-313.2633480236484,28598.5241709693
2011-02-02,ERICSSON_5_MIN,short,81.6,82.51607142857142,81.65,eod,0.5,312.1866186304644,-15.60933093152677,30.578679294853984,-46.188010226380754,28552.336160742918
2011-02-02,INVESTOR_5_MIN,short,37.15,37.449999999999996,36.775,eod,0.5,951.7445386914396,356.90420200928986,42.2146290136588,314.68957299563107,28867.02573373855
2011-02-03,ATLAS_5_min,long,34.52500009,33.983928661071424,35.52500003,eod,0.5,533.5159868060449,533.5159547950868,22.423676963871216,511.0922778312156,29378.118011569764
2011-02-03,NORDEA_5_min,short,77.75,78.85,78.85,stop,0.5,267.073800105181,-293.7811801156976,25.09425425788281,-318.87543437358045,29059.242577196183
2011-02-03,SKF_5_min,short,166.8,169.8,169.8,stop,0.5,96.86414192398728,-290.5924257719618,19.56268210296847,-310.1551078749303,28749.087469321254
2011-02-03,SWEDBANK_5_MIN,long,100.6,99.1892857142857,99.1892857142857,stop,0.5,203.79099978252955,-287.49087469321256,24.429154968931037,-311.9200296621436,28437.16743965911
2011-02-03,INVESTOR_5_MIN,long,36.9,36.574107142857144,37.05,eod,0.5,872.5925351347535,130.88888027021179,38.716930783929,92.17194948628278,28529.339389145396
2011-02-03,HANDELSBANKEN_5_min,long,72.266594,71.54397564285713,71.899928,eod,0.5,394.80507389746634,-144.76159722568644,34.15060462305042,-178.91220184873686,28350.42718729666
2011-02-03,VOLVO_5_MIN,long,107.5,105.80714285714285,107.3,eod,0.5,167.470877899642,-33.49417557992888,21.58364674370586,-55.077822323634734,28295.349364973026
2011-02-04,NORDEA_5_min,long,75.5,74.40178571428571,74.40178571428571,stop,0.5,257.6487096647936,-282.95349364973026,23.17320099944046,-306.1266946491707,27989.222670323856
2011-02-04,SWEDBANK_5_MIN,short,99.55,100.9875,100.9875,stop,0.5,194.7076359674703,-279.8922267032386,23.427709528695942,-303.31993623193455,27685.90273409192
2011-02-04,VOLVO_5_MIN,long,106.5,104.77857142857142,109.4,eod,0.5,160.8309702395378,466.40981369466056,20.83404388482973,445.57576980983083,28131.47850390175
2011-02-04,SKF_5_min,long,170.0,166.9142857142857,170.7,eod,0.5,91.1668284848667,63.816779939405656,18.636323078876448,45.180456860529205,28176.65896076228
2011-02-04,HANDELSBANKEN_5_min,long,72.233261,71.53088071428571,71.53088071428571,stop,0.5,401.15959308436584,-281.7665896076228,34.603418754135575,-316.3700083617584,27860.288952400522
2011-02-04,SEB_5_MIN,short,58.25,58.980357142857144,57.5,eod,0.5,381.46116903042196,286.0958767728165,26.4924781891628,259.6033985836537,28119.892350984177
2011-02-07,ALFA_LAVAL_5_MIN,long,135.5,133.65357142857144,133.65357142857144,stop,0.5,152.29342085639487,-281.1989235098418,24.594190877143898,-305.7931143869857,27814.09923659719
2011-02-08,HEXAGON_5_min,short,20.114266,20.45151057142857,19.857123,eod,0.5,824.74564731395,212.07756998725043,19.77973745690562,192.2978325303448,28006.397069127535
2011-02-08,SKF_5_min,long,171.6,168.54999999999998,168.54999999999998,stop,0.5,91.82425268566371,-280.06397069127536,18.740411730617105,-298.80438242189246,27707.592686705644
2011-02-08,ALFA_LAVAL_5_MIN,short,129.7,131.5285714285714,129.8,eod,0.5,151.52589750542205,-15.152589750545651,23.59258224159421,-38.74517199213986,27668.847514713503
2011-02-09,SEB_5_MIN,short,58.95,59.676785714285714,58.55,eod,0.5,380.70158742603513,152.28063497041623,26.839461913535477,125.44117305688076,27794.288687770382
2011-02-09,HANDELSBANKEN_5_min,short,71.633262,72.34635657142857,70.999929,eod,0.5,389.7700221176695,246.85421741785288,33.35648520647026,213.4977322113826,28007.786419981763
2011-02-09,SWEDBANK_5_MIN,long,106.3,104.85,104.85,stop,0.5,193.15714772401176,-280.0778641998176,24.471079045155047,-304.54894324497263,27703.23747673679
2011-02-10,ASSA_5_min,long,61.166605,60.290415357142855,61.099939,eod,0.5,316.17855452388244,-21.07835951588848,23.1948354891304,-44.27319500501888,27658.964281731773
2011-02-10,HANDELSBANKEN_5_min,long,71.099929,70.35588210714286,70.35588210714286,stop,0.5,371.73684276163397,-276.5896428173177,31.550601966753216,-308.14024478407094,27350.824036947703
2011-02-11,HM_5_min,short,210.7,213.17499999999998,210.4,eod,0.5,110.5083799472637,33.152513984177226,27.921047277475644,5.231466706701582,27356.055503654403
2011-02-11,KINNEVIK_5_min,long,66.00611573,65.4127771375,66.99128157,eod,0.5,461.05302856487,454.2136941706511,36.791311689846154,417.4223824808049,27773.477886135206
2011-02-14,ATLAS_5_min,short,36.47500014,37.03482156392857,35.57500014,eod,0.5,496.1131657169133,446.50184914522123,21.44697223728917,425.05487690793206,28198.53276304314
2011-02-14,KINNEVIK_5_min,short,67.34952346,67.96045427035715,66.67782001,eod,0.5,461.56671565734996,310.0359553122089,37.11753644023648,272.91841887197245,28471.451181915112
2011-02-14,SKF_5_min,long,170.9,168.00714285714287,169.8,eod,0.5,98.41983124612646,-108.26181437073855,20.11898190333317,-128.3807962740717,28343.07038564104
2011-02-14,BOLIDEN_5_min,long,122.021359,120.56767489285714,120.56767489285714,stop,0.5,194.97406793108448,-283.4307038564104,28.379142464137246,-311.80984632054765,28031.260539320494
2011-02-15,BOLIDEN_5_min,short,120.083113,121.47386707142857,118.849685,eod,0.5,201.55440214190384,248.6028431250849,28.894774351789362,219.70806877329554,28250.96860809379
2011-02-15,KINNEVIK_5_min,short,66.76738069,67.36871571321429,66.23001743,eod,0.5,469.80414440331657,252.4554865980733,37.48963729898032,214.96584929909298,28465.934457392883
2011-02-15,HUSQVARNA_5_min,short,52.8,53.40535714285714,51.75,eod,0.5,470.23372554985167,493.74541182734293,29.497761603742195,464.2476502236007,28930.182107616485
2011-02-15,SEB_5_MIN,short,57.3,57.98571428571428,57.4,eod,0.5,421.8984890694086,-42.18984890694146,29.035054017756693,-71.22490292469814,28858.957204691786
2011-02-16,ABB_5_min,long,154.9,153.54285714285714,153.54285714285714,stop,0.5,212.6449478240441,-288.58957204691785,39.35328915830516,-327.94286120522304,28531.014343486564
2011-02-16,HUSQVARNA_5_min,long,53.55,52.91607142857143,52.91607142857143,stop,0.5,450.0667051366909,-285.31014343486567,28.750100386022837,-314.0602438208885,28216.954099665676
2011-02-16,KINNEVIK_5_min,short,65.2448516,65.85738170821429,65.0209499,eod,0.5,460.6623204519163,103.14307667512836,36.00512783671123,67.13794883841712,28284.09204850409
2011-02-17,ABB_5_min,long,154.7,153.30357142857142,153.30357142857142,stop,0.5,202.54592771307264,-282.8409204850409,37.43092146836378,-320.27184195340465,27963.82020655069
2011-02-17,ERICSSON_5_MIN,short,80.95,81.69285714285715,79.65,eod,0.5,376.43604124202625,489.36685361463304,36.273376934081654,453.09347668055136,28416.91368323124
2011-02-17,INVESTOR_5_MIN,short,36.3,36.58928571428571,36.15,eod,0.5,982.3130655931897,147.34695983897706,42.70114896133595,104.64581087764111,28521.559494108882
2011-02-18,GETINGE_5_min,short,144.307066,145.7011330357143,145.7011330357143,stop,0.5,204.59245332843577,-285.21559494108885,35.60009335564685,-320.8156882967357,28200.743805812148
2011-02-18,BOLIDEN_5_min,short,116.294725,117.76099510714286,116.294725,eod,0.5,192.32980109485717,0.0,26.840329593157335,-26.840329593157335,28173.90347621899
2011-02-18,ATLAS_5_min,short,34.45000006,35.03660718607143,35.03660718607143,stop,0.5,480.28573510353874,-281.73903476218993,20.024055744618177,-301.7630905068081,27872.140385712184
2011-02-18,INVESTOR_5_MIN,short,36.125,36.42232142857143,36.42232142857143,stop,0.5,937.4413583182458,-278.72140385712186,40.80531572541022,-319.52671958253205,27552.61366612965
2011-02-18,HUSQVARNA_5_min,short,52.95,53.596428571428575,53.596428571428575,stop,0.5,426.22827770808243,-275.5261366612965,27.247860447568335,-302.7739971088648,27249.83966902079
2011-02-18,ERICSSON_5_MIN,short,78.7,79.47500000000001,79.47500000000001,stop,0.5,351.6108344389753,-272.49839669020787,33.36962624243095,-305.86802293263884,26943.97164608815
2011-02-21,GETINGE_5_min,long,144.602777,143.22983221428572,145.48991,eod,0.5,196.24949179635374,174.0994004057758,34.15832543855322,139.9410749672226,27083.912721055374
2011-02-21,HANDELSBANKEN_5_min,short,69.666597,70.37135810714285,69.566597,eod,0.5,384.29919651575443,38.42991965157326,32.104322749513294,6.325596902059964,27090.238317957435
2011-02-21,ASSA_5_min,long,60.066607,59.196369749999995,59.79994,eod,0.5,311.29715853874745,-83.01267937605161,22.388469290970733,-105.40114866702234,26984.837169290415
2011-02-22,ALFA_LAVAL_5_MIN,short,125.4,127.42857142857143,126.3,eod,0.5,133.02384520072764,-119.72146068065373,20.089261102213886,-139.81072178286763,26845.026447507546
2011-02-22,ABB_5_min,short,153.3,154.75357142857143,152.7,eod,0.5,184.68322863150237,110.80993717890563,33.90784077674383,76.90209640216179,26921.928543909708
2011-02-22,INVESTOR_5_MIN,short,35.9,36.19285714285714,36.025,eod,0.5,919.2853649139848,-114.9106706142481,39.67175992286301,-154.58243053711112,26767.346113372598
2011-02-22,GETINGE_5_min,short,144.109925,145.47582907142856,145.47582907142856,stop,0.5,195.96797954762232,-267.673461133726,34.0497210786915,-301.7231822124175,26465.622931160182
2011-02-23,ALFA_LAVAL_5_MIN,short,125.0,126.81785714285714,123.3,eod,0.5,145.5869237863434,247.49777043678418,21.689539905689436,225.80823053109475,26691.43116169128
2011-02-23,ATLAS_5_min,short,34.79999998,35.33214282678571,34.22499999,eod,0.5,501.58395105590336,288.41076684130593,20.773099323951726,267.6376675173542,26959.068829208634
2011-02-23,ERICSSON_5_MIN,short,78.7,79.43571428571428,78.15,eod,0.5,366.4339452513821,201.5386698882591,34.485098587607574,167.05357130065153,27126.122400509284
2011-02-23,GETINGE_5_min,short,144.799918,146.08837392857143,146.08837392857143,stop,0.5,210.53201587255765,-271.26122400509286,36.74477909606831,-308.0060031011612,26818.116397408125
2011-02-23,HUSQVARNA_5_min,long,52.5,51.88214285714286,51.88214285714286,stop,0.5,434.05043880198303,-268.18116397408124,27.184268946140485,-295.36543292022174,26522.750964487903
2011-02-23,INVESTOR_5_MIN,short,35.8,36.07232142857143,35.775,eod,0.5,973.9501993516797,24.348754983790606,41.82629131115788,-17.477536327367275,26505.273428160537
2011-02-23,SANDVIK_min,short,118.0,119.875,116.5,eod,0.5,141.36145828352286,212.04218742528428,19.889557180491664,192.15263024479262,26697.42605840533
2011-02-23,SKF_5_min,short,165.5,167.84285714285716,165.1,eod,0.5,113.9524282980709,45.58097131922901,22.603603677205342,22.977367642023665,26720.403426047353
2011-02-24,ALFA_LAVAL_5_MIN,long,122.8,120.91071428571428,126.3,eod,0.5,141.43124686754703,495.0093640364146,21.138314156823576,473.871049879591,27194.274475926944
2011-02-24,SANDVIK_min,long,115.7,113.87857142857143,116.9,eod,0.5,149.30189908352065,179.1622789002252,20.836573036096144,158.32570586412905,27352.600181791073
2011-02-24,ABB_5_min,long,152.2,150.79999999999998,153.7,eod,0.5,195.37571558422118,293.06357337633176,35.859258838327946,257.2043145380038,27609.804496329078
2011-02-24,HUSQVARNA_5_min,short,50.55,51.216071428571425,50.7,eod,0.5,414.5171720628499,-62.17757580942984,25.181918202818128,-87.35949401224796,27522.44500231683
2011-02-24,INVESTOR_5_MIN,long,35.725,35.46160714285715,35.875,eod,0.5,1044.9199458506848,156.73799187760125,44.889760873745416,111.84823100385583,27634.293233320685
2011-02-25,HEXAGON_5_min,long,19.128552,18.852531857142857,19.142838,eod,0.5,1001.1694417397352,14.30270664469588,22.98968769654221,-8.68698105184633,27625.606252268837
2011-02-25,BOLIDEN_5_min,short,114.268377,115.76611207142857,115.76611207142857,stop,0.5,184.44921788416872,-276.25606252268835,25.45780895736561,-301.71387148005397,27323.892380788784
2011-02-25,SANDVIK_min,short,116.8,118.675,118.675,stop,0.5,145.72742603087352,-273.23892380788783,20.589099386771963,-293.8280231946598,27030.064357594125
2011-02-25,VOLVO_5_MIN,short,105.9,107.375,107.375,stop,0.5,183.25467361080834,-270.30064357594125,23.450184308607092,-293.75082788454836,26736.313529709576
2011-02-28,BOLIDEN_5_min,short,119.554501,121.11201960714286,118.937787,eod,0.5,171.6596733232951,105.86492377390292,24.563704948923125,81.3012188249798,26817.614748534557
2011-02-28,HANDELSBANKEN_5_min,short,70.666596,71.3296905,70.766596,eod,0.5,404.4312650539941,-40.44312650540286,34.32000285671066,-74.76312936211352,26742.851619172445
2011-02-28,NORDEA_5_min,short,71.1,71.8,71.8,stop,0.5,382.0407374167477,-267.42851619172444,32.75617282611194,-300.1846890178364,26442.66693015461
2011-02-28,SWEDBANK_5_MIN,short,109.8,111.35,111.35,stop,0.5,170.59785116228812,-264.4266693015461,22.63662887072401,-287.0632981722701,26155.60363198234
2011-02-28,SANDVIK_min,long,119.3,117.43214285714285,121.5,eod,0.5,140.0300003241881,308.06600071321424,20.231534446838694,287.83446626637556,26443.438098248716
2011-02-28,SKF_5_min,long,172.4,169.82857142857142,176.3,eod,0.5,102.83559260430006,401.05881115677084,21.515262684671658,379.5435484720992,26822.981646720815
2011-03-01,HANDELSBANKEN_5_min,long,71.166596,70.52254910714285,70.52254910714285,stop,0.5,416.47560052230955,-268.22981646720814,35.406043077593985,-303.63585954480214,26519.34578717601
2011-03-01,NORDEA_5_min,short,72.1,72.80892857142857,72.80892857142857,stop,0.5,374.07641412641186,-265.19345787176013,32.52420742494021,-297.7176652967003,26221.628121879312
2011-03-01,HUSQVARNA_5_min,short,51.0,51.683928571428574,50.55,eod,0.5,383.39717358361276,172.52872811262682,23.36038978644952,149.1683383261773,26370.79646020549
2011-03-01,SKF_5_min,short,177.1,179.6392857142857,174.5,eod,0.5,103.85123781796831,270.01321832671704,21.90845713007859,248.10476119663844,26618.901221402128
2011-03-02,BOLIDEN_5_min,short,116.647133,118.3368047142857,118.3368047142857,stop,0.5,157.53889348058948,-266.18901221402126,22.211465719932193,-288.4004779339534,26330.500743468176
2011-03-02,HEXAGON_5_min,short,19.671409,19.940286321428573,19.785695,eod,0.5,979.2756266527634,-111.91749426763761,23.183628147301953,-135.10112241493957,26195.399621053235
2011-03-02,HUSQVARNA_5_min,short,50.0,50.667857142857144,50.35,eod,0.5,392.23058256122397,-137.28070389642895,23.616203376011292,-160.89690727244025,26034.502713780796
2011-03-02,VOLVO_5_MIN,short,106.8,108.2642857142857,105.6,eod,0.5,177.79660389899155,213.35592467879036,22.65839920088748,190.69752547790287,26225.2002392587
2011-03-02,ALFA_LAVAL_5_MIN,short,127.7,129.56785714285715,127.6,eod,0.5,140.40260166333493,14.04026016633469,21.50687052278964,-7.46661035645495,26217.733628902242
2011-03-02,SEB_5_MIN,long,55.95,55.35178571428572,55.95,eod,0.5,438.2665920055308,0.0,29.425218987251338,-29.425218987251338,26188.308409914993
2011-03-02,SKF_5_min,short,171.6,174.2,174.2,stop,0.5,100.72426311505788,-261.8830840991499,20.898270111112208,-282.7813542102621,25905.52705570473
2011-03-02,SANDVIK_min,short,117.1,119.02142857142857,119.02142857142857,stop,0.5,134.82430437913197,-259.0552705570473,19.10094441368985,-278.15621497073715,25627.37084073399
2011-03-02,GETINGE_5_min,short,149.925578,151.4569395357143,148.644163,eod,0.5,167.3502320846803,214.44509764679225,29.97942926988773,184.46566837690452,25811.836509110897
2011-03-03,ATLAS_5_min,long,35.05000026,34.48125026464285,35.30000025,eod,0.5,453.83449177704944,113.45861840591706,19.156354036782606,94.30226436913446,25906.13877348003
2011-03-03,SANDVIK_min,long,117.9,115.9857142857143,119.1,eod,0.5,135.33057568235859,162.39669081882877,19.244007862031392,143.15268295679738,26049.291456436826
2011-03-03,VOLVO_5_MIN,long,106.6,105.07499999999999,107.1,eod,0.5,170.81502594384742,85.40751297192371,21.901902626520116,63.505610345403596,26112.79706678223
2011-03-03,NORDEA_5_min,short,70.7,71.41607142857143,70.1,eod,0.5,364.6674902094295,218.8004941256608,30.807109572892603,187.9933845527682,26300.790451334997
2011-03-03,INVESTOR_5_MIN,long,35.725,35.42857142857143,35.75,eod,0.5,887.255581490821,22.181389537269265,38.04995561223385,-15.868566074964587,26284.92188526003
2011-03-03,BOLIDEN_5_min,short,119.378297,121.10887321428572,119.642603,eod,0.5,151.8853759128367,-40.14421616601679,21.782267548514728,-61.926483714531514,26222.9954015455
2011-03-04,HEXAGON_5_min,short,20.142837,20.39691842857143,20.014266,eod,0.5,1032.0705275070347,132.69433979210788,24.86697748581859,107.82736230628929,26330.82276385179
2011-03-07,ATLAS_5_min,short,35.57500014,36.10446442571428,36.10446442571428,stop,0.5,497.31064916549985,-263.3082276385179,21.388176633006484,-284.6964042715244,26046.126359580267
2011-03-07,ERICSSON_5_MIN,short,81.85,82.85,81.95,eod,0.5,260.4612635958027,-26.046126359582487,25.598132986195488,-51.644259345777975,25994.482100234487
2011-03-07,HM_5_min,short,203.6,205.22857142857143,205.22857142857143,stop,0.5,159.61524096635165,-259.9448210023449,39.15316256550044,-299.09798356784535,25695.384116666643
2011-03-07,INVESTOR_5_MIN,long,36.2,35.92142857142858,36.825,eod,0.5,922.3984041880456,576.4990026175285,40.41488607949921,536.0841165380293,26231.468233204672
2011-03-07,SANDVIK_min,short,118.4,120.22142857142858,120.22142857142858,stop,0.5,144.01590402543758,-262.31468233204674,20.619168453333398,-282.9338507853801,25948.534382419293
2011-03-07,VOLVO_5_MIN,short,104.8,106.24285714285713,106.24285714285713,stop,0.5,179.84132740290684,-259.4853438241929,22.77253654048408,-282.25788036467696,25666.276502054618
2011-03-08,ASSA_5_min,long,59.233274,58.468988964285714,59.466607,eod,0.5,335.82073837239744,78.3580603466472,23.917129009281425,54.44093133736578,25720.717433391983
2011-03-08,GETINGE_5_min,long,154.164106,152.52361289285716,153.375542,eod,0.5,156.78650109166455,-123.63619044684862,28.930839214129275,-152.56702966097788,25568.150403731004
2011-03-08,SANDVIK_min,long,120.6,118.81785714285714,118.81785714285714,stop,0.5,143.468579419733,-255.68150403731008,20.60936391120137,-276.29086794851145,25291.859535782492
2011-03-08,SEB_5_MIN,long,56.55,55.95178571428571,57.0,eod,0.5,422.78929373248417,190.25518217961908,28.80463458199414,161.45054759762493,25453.310083380118
2011-03-08,VOLVO_5_MIN,long,107.5,106.04642857142858,106.04642857142858,stop,0.5,175.1087671583898,-254.5331008338012,22.436311102932006,-276.9694119367332,25176.340671443384
2011-03-08,HEXAGON_5_min,short,20.39998,20.677020607142858,20.428551,eod,0.5,908.7599442944119,-25.964180368435148,22.2620001343096,-48.22618050274475,25128.11449094064
2011-03-08,INVESTOR_5_MIN,long,37.275,36.975,37.725,eod,0.5,837.603816364696,376.9217173641156,37.69217173641132,339.2295456277043,25467.344036568342
2011-03-09,ERICSSON_5_MIN,long,81.35,80.3625,80.3625,stop,0.5,257.8971548006928,-254.67344036568343,25.023116187424222,-279.69655655310765,25187.647480015235
2011-03-09,INVESTOR_5_MIN,short,37.975,38.29375,38.29375,stop,0.5,790.2007052553764,-251.87647480015235,36.1605720233676,-288.03704682352,24899.610433191716
2011-03-10,HEXAGON_5_min,long,20.571408,20.291816321428573,20.291816321428573,stop,0.5,890.5705119843373,-248.99610433191717,21.83494956315928,-270.8310538950764,24628.77937929664
2011-03-10,KINNEVIK_5_min,short,63.31929945,63.79109155321429,63.49842081,eod,0.5,522.0261045384741,-93.50602580043174,39.72129629626662,-133.22732209669837,24495.55205719994
2011-03-10,BOLIDEN_5_min,short,113.739765,115.31930910714286,112.418234,eod,0.5,155.07988631927836,204.94287724740337,21.04353406506928,183.8993431823341,24679.451400382273
2011-03-10,ASSA_5_min,long,59.666607,58.95589332142857,58.95589332142857,stop,0.5,347.24885906219214,-246.79451400382274,24.71491673743235,-271.5094307412551,24407.94196964102
2011-03-10,SEB_5_MIN,short,56.8,57.412499999999994,56.7,eod,0.5,398.497011749243,39.84970117492203,27.137646500123445,12.712054674798587,24420.654024315816
2011-03-11,ATLAS_5_min,short,35.69999999,36.17321428892858,35.47500021,eod,0.5,516.0590894993597,116.11318160435859,22.038303478997246,94.07487812536134,24514.728902441177
2011-03-11,INVESTOR_5_MIN,long,37.225,36.90357142857143,37.075,eod,0.5,762.6804547426192,-114.40206821139179,34.00029467242596,-148.40236288381774,24366.326539557358
2011-03-11,SANDVIK_min,short,117.8,119.45357142857142,117.9,eod,0.5,147.35575445088716,-14.735575445089973,20.83905079444446,-35.57462623953443,24330.751913317825
2011-03-11,SEB_5_MIN,long,56.25,55.63928571428571,56.3,eod,0.5,398.3982769432147,19.919913847159602,26.90383564197528,-6.983921794815679,24323.767991523007
2011-03-11,VOLVO_5_MIN,short,104.8,106.175,104.2,eod,0.5,176.90013084744007,106.14007850846303,22.183276408268984,83.95680210019405,24407.7247936232
2011-03-11,GETINGE_5_min,short,149.827008,151.38301225,150.22129,eod,0.5,156.86155608908643,-61.84768805791781,28.23962575569715,-90.08731381361495,24317.637479809586
2011-03-14,ABB_5_min,short,144.8,146.00714285714287,146.00714285714287,stop,0.5,201.447884448127,-243.17637479809585,35.14949022658541,-278.32586502468126,24039.311614784903
2011-03-14,ALFA_LAVAL_5_MIN,long,123.5,121.83928571428571,124.0,eod,0.5,144.7528441320376,72.3764220660188,21.495797353607585,50.88062471241122,24090.192239497315
2011-03-14,ASSA_5_min,long,57.999942,57.288037857142854,57.288037857142854,stop,0.5,338.3909544733672,-240.90192239497313,23.407445725898935,-264.3093681208721,23825.88287137644
2011-03-14,ATLAS_5_min,long,35.07500017,34.60714301607143,35.30000025,eod,0.5,509.25549970352836,114.58252817373071,21.50331360331387,93.07921457041684,23918.96208594686
2011-03-14,SANDVIK_min,long,116.3,114.67142857142856,115.7,eod,0.5,146.87081982598906,-88.1224918955926,20.444418119777673,-108.56691001537027,23810.395175931488
2011-03-14,SEB_5_MIN,long,55.85,55.25,56.0,eod,0.5,396.8399195988572,59.52598793982801,26.6319270042793,32.89406093554871,23843.289236867036
2011-03-14,SKF_5_min,long,170.3,168.03214285714287,169.1,eod,0.5,105.1357635641383,-126.16291627696775,21.40984689220112,-147.57276316916887,23695.716473697867
2011-03-14,SWEDBANK_5_MIN,long,108.0,106.70357142857144,108.1,eod,0.5,182.77687638114168,18.27768763811313,23.69884979157883,-5.421162153465701,23690.2953115444
2011-03-14,BOLIDEN_5_min,long,109.68707,107.97222625,110.039478,eod,0.5,138.14841912882383,48.684608088350124,18.212925148100176,30.47168294024995,23720.76699448465
2011-03-14,VOLVO_5_MIN,short,102.0,103.35357142857143,103.35357142857143,stop,0.5,175.24577199091573,-237.20766994484651,21.592407093654995,-258.8000770385015,23461.96691744615
2011-03-14,HUSQVARNA_5_min,long,50.7,50.11214285714286,50.6,eod,0.5,399.1100083162141,-39.911000831621976,24.25790630545949,-64.16890713708146,23397.798010309067
2011-03-15,ALFA_LAVAL_5_MIN,short,121.0,122.70714285714286,121.6,eod,0.5,137.05823102273106,-82.23493861363787,19.950196107668727,-102.1851347213066,23295.61287558776
2011-03-15,ATLAS_5_min,short,34.25000019,34.70535734714286,34.00000021,eod,0.5,511.5899137669506,127.89746820993852,20.94960709153821,106.94786111840031,23402.56073670616
2011-03-15,HM_5_min,short,200.2,202.05714285714285,202.05714285714285,stop,0.5,126.01378858226367,-234.0256073670616,30.413967933423258,-264.4395753004849,23138.121161405674
2011-03-15,SEB_5_MIN,long,54.9,54.31964285714285,54.31964285714285,stop,0.5,398.68762616575725,-231.38121161405675,26.126712084831652,-257.5079236988884,22880.613237706784
2011-03-15,VOLVO_5_MIN,short,99.1,100.47857142857143,98.25,eod,0.5,165.97336027352014,141.07735623249118,19.652905589987515,121.42445064250367,23002.037688349286
2011-03-15,HANDELSBANKEN_5_min,short,67.833266,68.4535035,67.233266,eod,0.5,370.8585451274588,222.51512707647316,30.05434653175881,192.46078054471434,23194.498468894002
2011-03-15,SANDVIK_min,short,112.5,114.10714285714286,112.7,eod,0.5,144.3213238064512,-28.864264761290652,19.500697272727685,-48.36496203401833,23146.133506859984
2011-03-15,SKF_5_min,short,165.2,167.4642857142857,164.9,eod,0.5,102.22267163912967,30.666801491737157,20.24622234484602,10.420579146891136,23156.554086006876
2011-03-15,HUSQVARNA_5_min,short,49.18,49.76428571428571,49.76428571428571,stop,0.5,396.32244156980084,-231.56554086006875,23.528304536199403,-255.09384539626816,22901.460240610606
2011-03-15,KINNEVIK_5_min,short,60.31902161,60.800409470714285,60.31902161,eod,0.5,475.7382167184133,0.0,34.435276529929,-34.435276529929,22867.024964080676
2011-03-15,INVESTOR_5_MIN,short,36.025,36.34196428571428,35.575,eod,0.5,721.4385340780406,324.6473403351152,30.992999423992618,293.6543409111226,23160.679304991798
2011-03-15,HEXAGON_5_min,short,19.142838,19.431103035714287,19.431103035714287,stop,0.5,803.4508676226532,-231.60679304991797,18.59535983566182,-250.20215288557978,22910.477152106218
2011-03-15,ASSA_5_min,short,55.499945,56.21423007142857,55.533278,eod,0.5,320.74696880175964,-10.691458711070995,21.368141828123893,-32.05960053919489,22878.41755156702
2011-03-15,ERICSSON_5_MIN,short,73.9,74.87678571428572,74.87678571428572,stop,0.5,234.22145939447122,-228.78417551567023,20.90802952441111,-249.69220504008135,22628.72534652694
2011-03-15,SWEDBANK_5_MIN,long,106.3,105.06785714285714,106.0,eod,0.5,183.65342310224702,-55.09602693067358,23.393773034764223,-78.48979996543781,22550.2355465615
2011-03-16,ABB_5_min,long,144.0,142.6392857142857,143.3,eod,0.5,165.72351582774746,-116.00646107942134,28.567419658387106,-144.57388073780845,22405.661665823693
2011-03-16,ASSA_5_min,short,55.899944,56.655895678571426,56.655895678571426,stop,0.5,296.3901304930648,-224.05661665823692,20.016264006052957,-244.07288066428987,22161.5887851594
2011-03-16,HM_5_min,short,200.3,202.1857142857143,202.1857142857143,stop,0.5,117.52357689099591,-221.615887851594,28.380936474230733,-249.99682432582475,21911.591960833575
2011-03-16,INVESTOR_5_MIN,short,35.625,35.99196428571429,35.99196428571429,stop,0.5,597.1042091516639,-219.11591960833573,25.657674492998627,-244.77359410133437,21666.81836673224
2011-03-16,KINNEVIK_5_min,long,60.63248317,60.07752772571428,60.07752772571428,stop,0.5,390.4244672222216,-216.6681836673224,28.276885015408684,-244.9450686827311,21421.87329804951
2011-03-16,NORDEA_5_min,short,66.85,67.55535714285713,65.1,eod,0.5,303.7025075166531,531.479388154143,24.044127520093422,507.43526063404954,21929.308558683562
2011-03-16,SKF_5_min,long,166.6,164.26071428571427,169.4,eod,0.5,93.74360910582253,262.48210549630414,18.89871159573382,243.58339390057031,22172.891952584134
2011-03-16,VOLVO_5_MIN,long,100.7,99.17857142857143,99.17857142857143,stop,0.5,145.7373179982055,-221.72891952584135,17.477860155187646,-239.206779681029,21933.685172903104
2011-03-16,ATLAS_5_min,long,34.35000013,33.866071541785715,33.866071541785715,stop,0.5,453.24218711358475,-219.33685172903105,18.551040912490322,-237.88789264152138,21695.797280261584
2011-03-16,GETINGE_5_min,long,143.912784,142.0434666785714,142.0434666785714,stop,0.5,116.06267716858837,-216.95797280261584,19.913308804108173,-236.871281606724,21458.92599865486
2011-03-16,HEXAGON_5_min,long,19.728552,19.435695142857142,19.435695142857142,stop,0.5,732.7445294609231,-214.5892599865486,17.218432706630495,-231.8076926931791,21227.11830596168
2011-03-16,HUSQVARNA_5_min,long,49.89,49.300714285714285,49.300714285714285,stop,0.5,360.2177651920764,-212.27118305961682,21.438154456683456,-233.70933751630028,20993.408968445383
2011-03-16,SWEDBANK_5_MIN,long,107.3,105.94642857142857,105.94642857142857,stop,0.5,155.09642509669422,-209.93408968445382,19.844255241639676,-229.7783449260935,20763.63062351929
2011-03-16,ERICSSON_5_MIN,short,75.65,76.6857142857143,76.6857142857143,stop,0.5,200.47643360639196,-207.6363062351929,18.32383242652938,-225.96013866172228,20537.67048485757
2011-03-16,ALFA_LAVAL_5_MIN,short,121.6,123.31785714285714,121.6,eod,0.5,119.55400698045995,0.0,17.445320698588713,-17.445320698588713,20520.22516415898
2011-03-17,ABB_5_min,long,144.9,143.56785714285715,146.9,eod,0.5,154.03922375240003,308.07844750480007,26.969187294570197,281.1092602102299,20801.334424369208
2011-03-17,KINNEVIK_5_min,long,59.4681968,58.882854755357144,60.00556006,eod,0.5,355.37058399864327,190.96309552561456,25.474475248710064,165.4886202769045,20966.823044646113
2011-03-17,SANDVIK_min,long,113.4,111.66071428571429,113.7,eod,0.5,120.5484692505321,36.16454077515929,16.4259344200775,19.73860635508179,20986.561651001193
2011-03-17,VOLVO_5_MIN,long,99.95,98.40535714285714,100.8,eod,0.5,135.86675750937152,115.48674388296503,16.365150942003797,99.12159294096124,21085.683243942156
2011-03-17,ERICSSON_5_MIN,short,75.9,76.95,76.0,eod,0.5,200.81603089468774,-20.08160308946763,18.30237305574184,-38.38397614520947,21047.299267796945
2011-03-17,BOLIDEN_5_min,long,108.806049,106.87724314285714,110.391886,eod,0.5,109.12088010233587,173.0479291388478,14.351442950288767,158.69648618855902,21205.995753985506
2011-03-17,NORDEA_5_min,short,65.3,66.04642857142856,66.04642857142856,stop,0.5,284.09946464669764,-212.05995753985508,22.38927002423914,-234.4492275640942,20971.54652642141
2011-03-17,ASSA_5_min,short,55.366611,56.11303889285714,54.999945,eod,0.5,280.95877347438756,103.0180296347604,18.605071323811384,84.41295831094901,21055.95948473236
2011-03-18,ASSA_5_min,short,55.166612,55.905897,55.905897,stop,0.5,284.8151860883461,-210.5595948473236,18.981082392080697,-229.54067723940432,20826.418807492955
2011-03-18,GETINGE_5_min,short,142.335658,144.18033271428573,144.18033271428573,stop,0.5,112.90022379667667,-208.26418807492956,19.408631683781636,-227.6728197587112,20598.745987734244
2011-03-18,KINNEVIK_5_min,long,60.76682419,60.15589340892857,60.85638487,eod,0.5,337.1698828402263,30.197163982690384,24.604609889647527,5.592554093042857,20604.33854182729
2011-03-18,SEB_5_MIN,short,55.0,55.67857142857143,55.1,eod,0.5,303.64288377429597,-30.36428837743003,20.05864890212999,-50.42293727956002,20553.91560454773
2011-03-18,SKF_5_min,short,171.3,173.63928571428573,173.63928571428573,stop,0.5,87.86406670646326,-205.53915604547728,18.184661045807875,-223.72381709128516,20330.191787456442
2011-03-18,VOLVO_5_MIN,long,103.1,101.56428571428572,104.5,eod,0.5,132.3826441973915,185.33570187634885,16.489582161227084,168.84611971512177,20499.037907171565
2011-03-18,NORDEA_5_min,long,67.95,67.18571428571428,68.3,eod,0.5,268.2117109349532,93.8740988272321,21.926307368932424,71.94779145829968,20570.985698629866
2011-03-18,ATLAS_5_min,long,34.92500012,34.45178581107143,35.40000018,eod,0.5,434.707600985393,206.48613655051741,18.342487301826026,188.1436492486914,20759.129347878556
2011-03-21,VOLVO_5_MIN,long,106.5,104.90714285714286,107.0,eod,0.5,130.32637258757848,65.16318629378924,16.694808328468802,48.468377965320435,20807.597725843876
2011-03-21,ASSA_5_min,long,56.633277,55.94637289285714,57.833276,eod,0.5,302.9185225342732,363.5019241226048,20.804423468610647,342.69750065399415,21150.29522649787
2011-03-21,BOLIDEN_5_min,long,113.915969,112.03121417857143,113.475459,eod,0.5,112.21775366233977,-49.433042665797664,15.310413151339002,-64.74345581713666,21085.551770680733
2011-03-21,ALFA_LAVAL_5_MIN,long,128.9,127.30357142857143,128.7,eod,0.5,132.07951892148975,-26.415903784300202,20.414210444505457,-46.830114228805655,21038.721656451926
2011-03-22,KINNEVIK_5_min,short,62.0654524,62.6987732925,61.66242934,eod,0.5,332.19686742691584,133.8829980328084,24.661208836437538,109.22178919637085,21147.943445648296
2011-03-22,ALFA_LAVAL_5_MIN,short,129.2,130.8892857142857,129.5,eod,0.5,125.1886715598629,-37.55660146796029,19.431785599521916,-56.98838706748221,21090.955058580814
2011-03-23,ERICSSON_5_MIN,short,77.35,78.34107142857142,77.85,eod,0.5,212.8096366271213,-106.40481831356065,19.816833362717535,-126.22165167627819,20964.733406904536
2011-03-23,HM_5_min,long,212.4,210.55,214.9,eod,0.5,113.32288328056542,283.3072082014136,29.053720815471358,254.2534873859422,21218.98689429048
2011-03-24,GETINGE_5_min,long,149.038445,147.13744435714284,150.122719,eod,0.5,111.62009320732729,121.02676494228086,20.03543820581551,100.99132673646535,21319.978221026944
2011-03-25,ALFA_LAVAL_5_MIN,short,133.7,135.325,134.6,eod,0.5,131.1998659755504,-118.07987937799611,21.1205544247441,-139.2004338027402,21180.777787224204
2011-03-25,NORDEA_5_min,short,68.05,68.80535714285715,67.8,eod,0.5,280.40746006726806,70.10186501681702,22.85601207008302,47.245852946734,21228.023640170937
2011-03-25,VOLVO_5_MIN,short,112.1,113.73214285714285,110.6,eod,0.5,130.06228926144155,195.09343389216232,17.37892309111382,177.7145108010485,21405.738150971985
2011-03-25,SEB_5_MIN,long,54.95,54.301785714285714,55.6,eod,0.5,330.2262634860675,214.64707126594342,21.903908057030858,192.74316320891256,21598.4813141809
2011-03-28,NORDEA_5_min,long,67.95,67.1732142857143,69.3,eod,0.5,278.0494146193425,375.36670973611075,22.89736929390285,352.4693404422079,21950.950654623106
2011-03-28,KINNEVIK_5_min,long,64.39402597,63.72871912035714,64.61792767,eod,0.5,329.93724123547617,73.87350920593288,25.539508842228443,48.33400036370443,21999.28465498681
2011-03-30,GETINGE_5_min,long,155.741232,153.85079246428572,153.85079246428572,stop,0.5,116.37126837105984,-219.99284654986812,21.616569938683867,-241.60941648855197,21757.67523849826
2011-03-30,HEXAGON_5_min,long,20.914265,20.675999964285715,21.42855,eod,0.5,913.1711320241267,469.6302156330289,23.1997417839829,446.430473849046,22204.105712347307
2011-03-30,HM_5_min,short,217.1,219.00357142857143,215.7,eod,0.5,116.64445777593268,163.3022408863064,30.29023279525419,133.01200809105222,22337.11772043836
2011-03-30,ASSA_5_min,short,60.09994,60.78446307142857,60.233273,eod,0.5,326.3165063789844,-43.50875874502925,23.560028200510907,-67.06878694554015,22270.04893349282
2011-03-31,HEXAGON_5_min,long,21.642836,21.389775035714283,21.514264,eod,0.5,880.0270320771031,-113.14683556821585,22.787648775632842,-135.93448434384868,22134.114449148972
2011-03-31,HM_5_min,short,207.1,208.89285714285714,208.89285714285714,stop,0.5,123.45721206696626,-221.34114449148973,30.814391029577347,-252.15553552106707,21881.958913627906
2011-04-01,ASSA_5_min,long,61.199939,60.54517778571429,60.54517778571429,stop,0.5,334.19754310736306,-218.81958913627906,24.41215134906282,-243.23174048534187,21638.727173142564
2011-04-01,GETINGE_5_min,short,154.755528,156.59316192857142,154.361246,eod,0.5,117.75319793950767,46.427966389985436,21.839693205146432,24.588273184839004,21663.315446327404
2011-04-04,INVESTOR_5_MIN,short,39.125,39.441071428571426,39.441071428571426,stop,0.5,685.3930310702505,-216.63315446327405,32.30918270142622,-248.94233716470026,21414.373109162705
2011-04-04,KINNEVIK_5_min,long,66.85694055,66.21402378321429,66.99128157,eod,0.5,333.08157782576654,44.746518908320766,26.749426207741955,17.99709270057881,21432.370201863283
2011-04-05,ALFA_LAVAL_5_MIN,long,138.6,137.24642857142857,137.24642857142857,stop,0.5,158.3394104623146,-214.32370201863284,26.20641652688098,-240.53011854551383,21191.84008331777
2011-04-05,HEXAGON_5_min,short,21.657121,21.871916714285714,21.52855,eod,0.5,986.6044187049804,126.84871671731891,25.564304300003716,101.2844124173152,21293.124495735083
2011-04-05,VOLVO_5_MIN,short,112.2,113.60000000000001,112.6,eod,0.5,152.09374639810713,-60.83749855924155,20.514404514176686,-81.35190307341824,21211.772592661666
2011-04-06,ATLAS_5_min,long,38.00000025,37.6383930825,38.1250001,eod,0.5,586.5971280190907,73.3245530128182,26.792823945457364,46.531729067360835,21258.304321729025
2011-04-06,KINNEVIK_5_min,short,66.94650123,67.45027928964285,67.45027928964285,stop,0.5,421.97757355292043,-212.58304321729025,34.02745640220197,-246.61049961949223,21011.693822109533
2011-04-07,HUSQVARNA_5_min,short,54.15,54.58892857142857,53.5,eod,0.5,478.7041716998129,311.1577116048777,30.91950245009091,280.2382091547868,21291.93203126432
2011-04-07,SEB_5_MIN,long,58.85,58.355357142857144,58.355357142857144,stop,0.5,430.45061146238356,-212.9193203126432,30.27067058928594,-243.18999090192915,21048.74204036239
2011-04-07,VOLVO_5_MIN,long,111.6,110.28214285714284,110.8,eod,0.5,159.7194517967869,-127.77556143742906,21.312963647763244,-149.08852508519232,20899.653515277198
2011-04-07,ALFA_LAVAL_5_MIN,short,136.1,137.42499999999998,134.5,eod,0.5,157.7332340775651,252.37317452410326,25.609567884833464,226.7636066392698,21126.417121916467
2011-04-07,ATLAS_5_min,long,38.07500028,37.72678596321428,37.72678596321428,stop,0.5,606.7073093642305,-211.2641712191647,27.593698665973843,-238.85786988513854,20887.55925203133
2011-04-07,ASSA_5_min,long,62.399938,61.889224285714285,61.889224285714285,stop,0.5,408.9876317741876,-208.8755925203133,30.49963808305917,-239.37523060337247,20648.18402142796
2011-04-07,INVESTOR_5_MIN,long,39.675,39.42321428571428,39.42321428571428,stop,0.5,820.0697199999678,-206.4818402142796,38.91963026506989,-245.40147047934948,20402.78255094861
2011-04-08,ATLAS_5_min,long,37.72500006,37.37857146178571,37.37857146178571,stop,0.5,588.9462549026678,-204.0278255094861,26.539180306542207,-230.5670058160283,20172.21554513258
2011-04-08,SEB_5_MIN,long,58.55,58.03928571428571,58.9,eod,0.5,394.98044424035794,138.24315548412585,27.83427190561802,110.40888357850783,20282.62442871109
2011-04-08,SWEDBANK_5_MIN,long,114.4,113.26071428571429,114.6,eod,0.5,178.02930533037866,35.60586106607371,24.461226552394024,11.144634513679684,20293.76906322477
2011-04-11,ASSA_5_min,long,60.833273,60.366606857142855,60.366606857142855,stop,0.5,434.8669680422294,-202.9376906322477,31.623494568334905,-234.5611852005826,20059.207878024186
2011-04-11,BOLIDEN_5_min,long,124.135808,123.04397175,123.04397175,stop,0.5,183.71992941271355,-200.59207878024188,27.247111012752043,-227.83918979299392,19831.368688231192
2011-04-11,ERICSSON_5_MIN,long,82.9,82.26785714285715,83.15,eod,0.5,313.7165668194787,78.42914170486968,31.25558155222467,47.17356015264501,19878.542248383837
2011-04-11,GETINGE_5_min,long,157.515499,156.22704296428572,156.22704296428572,stop,0.5,154.28188232564437,-198.78542248383837,29.04287396392948,-227.82829644776785,19650.713951936068
2011-04-11,HANDELSBANKEN_5_min,long,70.333263,69.75707307142858,70.899929,eod,0.5,341.04577288702467,193.25904393879802,28.900189873764926,164.35885406503309,19815.072806001102
2011-04-11,SANDVIK_min,long,122.0,120.87857142857143,120.87857142857143,stop,0.5,176.69491674141187,-198.15072806001103,25.749245374106692,-223.89997343411773,19591.172832566986
2011-04-11,SEB_5_MIN,long,58.75,58.232142857142854,59.25,eod,0.5,378.3123029737051,189.15615148685254,26.784511050538317,162.3716404363142,19753.5444730033
2011-04-11,SKF_5_min,long,184.7,183.09642857142856,183.09642857142856,stop,0.5,123.18468713676899,-197.53544473003302,27.184132790155456,-224.71957752018847,19528.824895483114
2011-04-11,SWEDBANK_5_MIN,long,114.9,113.75357142857143,116.1,eod,0.5,170.3448900540582,204.4138680648679,23.609801761492463,180.80406630337544,19709.62896178649
2011-04-11,HUSQVARNA_5_min,short,49.54,49.97785714285714,49.97785714285714,stop,0.5,450.1383449673937,-197.0962896178649,26.878082105392334,-223.97437172325724,19485.654590063234
2011-04-11,ATLAS_5_min,short,37.72500006,38.065178659642854,38.065178659642854,stop,0.5,572.8065966089805,-194.85654590063234,26.047868597271,-220.90441449790333,19264.750175565332
2011-04-12,ABB_5_min,short,152.7,153.825,152.1,eod,0.5,171.24222378280297,102.74533426968081,31.316777885399006,71.4285563842818,19336.178731949614
2011-04-12,ATLAS_5_min,short,37.37500014,37.70178588892857,36.77500024,eod,0.5,591.7081389059009,355.0248241727268,26.32509523483298,328.69972893789384,19664.878460887507
2011-04-12,ERICSSON_5_MIN,short,82.05,82.65892857142856,80.1,eod,0.5,322.9422855746963,629.7374568706588,31.4190549635622,598.3184019070966,20263.196862794604
2011-04-12,HUSQVARNA_5_min,short,50.15,50.762499999999996,49.0,eod,0.5,330.8277038823624,380.4518594647163,19.68094010396174,360.77091936075453,20623.96778215536
2011-04-12,SKF_5_min,long,183.6,182.07857142857142,182.07857142857142,stop,0.5,135.55659575125583,-206.2396778215536,29.742085369223748,-235.98176319077737,20387.98601896458
2011-04-12,SWEDBANK_5_MIN,long,115.6,114.41428571428571,116.2,eod,0.5,171.94687003946066,103.16812202367787,23.914370685088187,79.25375133858968,20467.23977030317
2011-04-12,BOLIDEN_5_min,short,121.492746,122.55941025,119.642603,eod,0.5,191.8808075765465,355.006932972095,27.761547300823427,327.24538567127155,20794.485155974442
2011-04-12,HEXAGON_5_min,short,20.999979,21.195386892857144,20.799979,eod,0.5,1064.1578931090858,212.8315786218164,26.68905314239696,186.14252547941942,20980.62768145386
2011-04-12,KINNEVIK_5_min,short,66.09567641,66.53388334535714,65.82699438,eod,0.5,478.7835606562092,128.6405390077354,37.89744363126785,90.74309537646756,21071.37077683033
2011-04-13,INVESTOR_5_MIN,short,36.9,37.17321428571429,36.65,eod,0.5,771.2397147075062,192.80992867687655,34.03480861004224,158.77512006683432,21230.145896897164
2011-04-13,SEB_5_MIN,short,59.0,59.525,59.525,stop,0.5,404.38373136947087,-212.30145896897162,28.757749056339918,-241.05920802531153,20989.086688871852
2011-04-13,SWEDBANK_5_MIN,short,116.8,118.01785714285714,118.01785714285714,stop,0.5,172.34440682944648,-209.89086688871853,24.28172658134845,-234.172593470067,20754.914095401786
2011-04-13,SKF_5_min,long,181.5,179.85714285714286,180.8,eod,0.5,126.33425971114163,-88.4339817977977,27.462541376007966,-115.89652317380566,20639.017572227982
2011-04-13,HEXAGON_5_min,long,20.985693,20.783652464285716,21.242836,eod,0.5,1021.528551152454,262.6789162289947,25.88258882800163,236.79632740099305,20875.813899628974
2011-04-13,ERICSSON_5_MIN,short,80.3,80.98571428571428,80.1,eod,0.5,304.43895270292364,60.88779054058559,29.29920480812937,31.58858573245622,20907.402485361432
2011-04-14,INVESTOR_5_MIN,short,36.45,36.75535714285714,36.35,eod,0.5,684.6868650176903,68.46868650177,29.90712226397271,38.561564237797285,20945.964049599228
2011-04-14,HEXAGON_5_min,short,21.214265,21.424978964285714,21.042836,eod,0.5,994.0472678497013,170.40852908020628,25.203333477779328,145.20519560242695,21091.169245201654
2011-04-14,ERICSSON_5_MIN,short,77.6,78.27678571428571,77.85,eod,0.5,311.6373292167001,-77.90933230417502,29.066413696041614,-106.97574600021665,20984.193499201436
2011-04-18,SKF_5_min,long,180.4,178.77142857142857,178.77142857142857,stop,0.5,128.85031096000844,-209.8419349920144,27.767610155627416,-237.6095451476418,20746.583954053793
2011-04-19,GETINGE_5_min,short,157.121218,158.44839810714285,158.44839810714285,stop,0.5,156.32078752835565,-207.46583954053796,29.598054545933657,-237.0638940864716,20509.520059967323
2011-04-19,HEXAGON_5_min,long,20.485694,20.256102428571428,21.014265,eod,0.5,893.3045726527504,472.17489127163964,22.243261883760997,449.9316293878786,20959.451689355203
2011-04-19,SANDVIK_min,short,118.7,119.775,119.775,stop,0.5,194.97164362190836,-209.59451689355203,27.897517627640756,-237.49203452119278,20721.95965483401
2011-04-19,SKF_5_min,short,184.4,186.18928571428572,186.18928571428572,stop,0.5,115.81135136434197,-207.2195965483401,25.751067587830594,-232.97066413617068,20488.98899069784
2011-04-19,VOLVO_5_MIN,long,105.2,104.07857142857144,107.5,eod,0.5,182.70436042660575,420.2200289811927,23.31673047764343,396.90329850354925,20885.892289201387
2011-04-19,ATLAS_5_min,long,36.97500011,36.61607153535714,37.42500026,eod,0.5,581.8955013538055,261.8530628935341,25.975815309614674,235.87724758391943,21121.769536785305
2011-04-19,INVESTOR_5_MIN,long,36.025,35.7125,35.95,eod,0.5,675.8966251771297,-50.69224688828185,29.188595758274346,-79.8808426465562,21041.88869413875
2011-04-20,HUSQVARNA_5_min,short,46.85,47.5825,46.33,eod,0.5,287.2612791008697,149.37586513245313,16.06020359197142,133.3156615404817,21175.20435567923
2011-04-20,KINNEVIK_5_min,long,68.15556876,67.6405956742857,67.6405956742857,stop,0.5,411.19050573892355,-211.7520435567923,33.50285611868397,-245.25489967547628,20929.949456003753
2011-04-20,NORDEA_5_min,long,70.3,69.67142857142856,71.3,eod,0.5,332.976468618239,332.976468618239,28.289680773805582,304.6867878444334,21234.636243848185
2011-04-20,SANDVIK_min,short,121.8,122.93571428571428,122.93571428571428,stop,0.5,186.97163988293994,-212.34636243848186,27.45518270275359,-239.80154514123547,20994.83469870695
2011-04-20,SKF_5_min,long,189.8,187.67857142857144,191.4,eod,0.5,98.96555076831582,158.34488122930475,22.635400771729195,135.70948045757555,21130.544179164524
2011-04-20,VOLVO_5_MIN,long,109.5,108.32857142857142,111.7,eod,0.5,180.38269421237908,396.8419272672345,23.94039117586695,372.9015360913676,21503.445715255893
2011-04-20,ERICSSON_5_MIN,long,76.8,76.04464285714286,77.4,eod,0.5,284.6791867740759,170.80751206444796,26.3385183603375,144.46899370411046,21647.914708960005
2011-04-26,HEXAGON_5_min,long,21.757121,21.520386571428574,21.614264,eod,0.5,914.4388013012818,-130.63398383749987,23.796286386105837,-154.4302702236057,21493.4844387364
2011-04-26,HM_5_min,short,219.2,220.96071428571426,219.6,eod,0.5,122.07252825245921,-48.82901130098438,32.139255238307456,-80.96826653929183,21412.51617219711
2011-04-26,INVESTOR_5_MIN,short,36.75,37.07946428571429,37.07946428571429,stop,0.5,649.9191900504236,-214.1251617219711,28.789911378256864,-242.91507310022797,21169.601099096883
2011-04-26,VOLVO_5_MIN,long,112.4,111.14642857142857,114.1,eod,0.5,168.87431076202577,287.0863282954419,22.950018832559298,264.1363094628826,21433.737408559766
2011-04-26,ERICSSON_5_MIN,short,80.0,80.78392857142858,80.65,eod,0.5,273.4144179679593,-177.7193716791751,26.354415747931593,-204.0737874271067,21229.66362113266
2011-04-26,KINNEVIK_5_min,long,68.91683289,68.38906545071428,69.81243887,eod,0.5,402.25413772902016,360.2612112298537,33.482654153756215,326.7785570760975,21556.442178208756
2011-04-26,SWEDBANK_5_MIN,long,117.1,115.77499999999999,118.7,eod,0.5,162.69012964685817,260.30420743497444,23.017399542437488,237.28680789253696,21793.728986101294
2011-04-26,ALFA_LAVAL_5_MIN,long,138.0,136.64642857142857,138.6,eod,0.5,161.00907958069567,96.60544774841648,26.72106684721225,69.88438090120422,21863.613367002497
2011-04-26,ASSA_5_min,long,60.766606,60.19160657142857,60.19160657142857,stop,0.5,380.23713208414836,-218.63613367002498,27.595682310110863,-246.23181598013585,21617.38155102236
2011-04-27,ABB_5_min,short,158.4,159.54642857142858,159.54642857142858,stop,0.5,188.56282972854385,-216.17381551022365,35.97172696410775,-252.1455424743314,21365.23600854803
2011-04-27,ALFA_LAVAL_5_MIN,short,139.0,140.3642857142857,134.6,eod,0.5,156.60382414642703,689.0568262442798,25.70808377187746,663.3487424724024,22028.58475102043
2011-04-27,HEXAGON_5_min,short,21.62855,21.87089667857143,21.87089667857143,stop,0.5,908.9699467256238,-220.2858475102043,23.72381383800911,-244.0096613482134,21784.575089672217
2011-04-27,HUSQVARNA_5_min,short,47.09,47.837857142857146,47.14,eod,0.5,291.29326767470013,-14.564663383734178,16.469138767792195,-31.033802151526373,21753.54128752069
2011-04-27,INVESTOR_5_MIN,long,37.3,36.97857142857143,37.275,eod,0.5,676.7768400562035,-16.919421001404125,30.28237970831482,-47.201800709718945,21706.33948681097
2011-04-27,NORDEA_5_min,short,69.7,70.33035714285714,68.65,eod,0.5,344.3498615471467,361.5673546245031,28.584482007028647,332.9828726174744,22039.322359428446
2011-04-27,SEB_5_MIN,short,58.45,59.00892857142858,58.05,eod,0.5,394.3137546734786,157.7255018693937,27.562531451676154,130.16297041771753,22169.485329846164
2011-04-27,SWEDBANK_5_MIN,short,116.1,117.46785714285714,116.1,eod,0.5,162.07456638007588,0.0,22.580228588072167,-22.580228588072167,22146.905101258093
2011-04-27,VOLVO_5_MIN,short,117.5,118.76428571428572,115.8,eod,0.5,175.17326068791638,297.79454316945834,24.520753031094532,273.2737901383638,22420.178891396456
2011-04-27,ERICSSON_5_MIN,long,86.95,86.08392857142857,89.0,eod,0.5,258.87216864292753,530.6879457180007,27.329134843633856,503.35881087436684,22923.537702270824
2011-04-27,GETINGE_5_min,long,160.571182,159.27920560714284,159.27920560714284,stop,0.5,177.43000436390628,-229.23537702270824,34.050633401359484,-263.28601042406774,22660.251691846755
2011-04-28,ASSA_5_min,short,60.366606,60.99398635714285,60.99398635714285,stop,0.5,361.18841519112175,-226.60251691846756,26.30042401207931,-252.90294093054686,22407.348750916208
2011-04-28,BOLIDEN_5_min,long,119.906909,118.55391303571429,118.55391303571429,stop,0.5,165.6128276978694,-224.07348750916208,23.695302619495827,-247.7687901286579,22159.57996078755
2011-04-28,ABB_5_min,long,162.6,161.325,164.7,eod,0.5,173.800627143431,364.9813170012041,34.13096715842698,330.8503498427771,22490.430310630327
2011-04-28,SEB_5_MIN,short,58.05,58.60535714285714,58.3,eod,0.5,404.97237858369914,-101.24309464592478,28.271121748928035,-129.5142163948528,22360.916094235476
2011-04-28,GETINGE_5_min,short,154.558387,156.01934121428573,155.051239,eod,0.5,153.0569259158338,-75.43441205147039,28.432738553706606,-103.86715060517699,22257.0489436303
2011-04-28,HANDELSBANKEN_5_min,short,69.59993,70.1725485,68.799931,eod,0.5,388.6889603397398,310.9507795828314,32.2766988499527,278.6740807328787,22535.72302436318
2011-04-28,HEXAGON_5_min,short,22.028549,22.284161,22.057121,eod,0.5,881.6379131012332,-25.19015845312573,23.320558857881778,-48.51071731100751,22487.21230705217
2011-04-28,ERICSSON_5_MIN,short,89.75,90.92857142857143,90.92857142857143,stop,0.5,190.80058927195748,-224.8721230705217,20.68414673843213,-245.55626980895383,22241.656037243218
2011-04-29,HM_5_min,short,213.2,214.93571428571428,213.8,eod,0.5,128.14122819810842,-76.88473691886797,32.82978266435538,-109.71451958322335,22131.941517659994
2011-04-29,ASSA_5_min,long,60.333273,59.630892714285714,60.333273,eod,0.5,315.09912746416234,0.0,22.813154015228523,-22.813154015228523,22109.128363644766
2011-05-02,ASSA_5_min,short,59.199941,59.934464142857145,59.934464142857145,stop,0.5,300.99975172524654,-221.09128363644766,21.515655821960962,-242.60693945840862,21866.521424186358
2011-05-02,ATLAS_5_min,short,40.02500004,40.51607144821429,39.15000024,eod,0.5,445.28190927875124,389.6215815625276,21.153117175094437,368.46846438743313,22234.98988857379
2011-05-02,HM_5_min,short,214.2,216.17857142857142,216.17857142857142,stop,0.5,112.37901026716,-222.3498988857379,29.019310738402243,-251.36920962414015,21983.62067894965
2011-05-02,SANDVIK_min,short,128.4,129.7214285714286,125.4,eod,0.5,166.36253486772557,499.0876046031767,25.33368680965725,473.75391779351946,22457.374596743168
2011-05-02,BOLIDEN_5_min,long,121.22844,119.91949507142859,121.757053,eod,0.5,171.5685213835015,90.69335079409565,25.013197050990687,65.68015374310497,22523.054750486273
2011-05-03,ABB_5_min,long,160.0,158.5392857142857,161.0,eod,0.5,154.19206186151936,154.19206186151936,29.697391114528628,124.49467074699074,22647.549421233263
2011-05-03,SEB_5_MIN,short,57.2,57.75357142857143,57.3,eod,0.5,409.117021802922,-40.91170218028988,28.106339397860737,-69.01804157815062,22578.531379655113
2011-05-04,ASSA_5_min,short,59.69994,60.44636789285714,60.133273,eod,0.5,302.48777672589466,-131.0779357519635,21.748849306974343,-152.82678505893784,22425.704594596176
2011-05-04,ATLAS_5_min,short,38.60000016,39.108035845714284,37.87500011,eod,0.5,441.41986921777556,320.02942725388004,20.25455077056765,299.77487648331237,22725.47947107949
2011-05-04,BOLIDEN_5_min,short,106.515396,108.19248175,104.489048,eod,0.5,135.50576928507945,274.581844579282,17.15539170407428,257.4264528752077,22982.905923954695
2011-05-04,HM_5_min,short,220.5,222.55357142857142,222.55357142857142,stop,0.5,111.916759281867,-229.82905923954695,29.751071941525733,-259.58013118107266,22723.325792773623
2011-05-04,NORDEA_5_min,short,68.55,69.21785714285714,69.21785714285714,stop,0.5,340.242311335647,-227.23325792773622,28.12467248522696,-255.35793041296319,22467.96786236066
2011-05-04,VOLVO_5_MIN,short,116.2,117.56428571428572,115.9,eod,0.5,164.6866754309159,49.406002629274305,22.934266420509346,26.47173620876496,22494.439598569425
2011-05-04,SWEDBANK_5_MIN,long,115.0,113.70357142857142,113.70357142857142,stop,0.5,173.51082885948782,-224.94439598569426,23.8095277450179,-248.75392373071216,22245.68567483871
2011-05-04,SANDVIK_min,short,119.2,120.78214285714286,118.6,eod,0.5,140.60478530372112,84.36287118223387,20.061490767134927,64.30138041509895,22309.98705525381
2011-05-05,BOLIDEN_5_min,long,105.810579,103.90694510714286,103.90694510714286,stop,0.5,117.19683673927966,-223.09987055253808,14.746938260490461,-237.84680881302853,22072.14024644078
2011-05-06,BOLIDEN_5_min,short,103.431823,105.33231039285714,105.33231039285714,stop,0.5,116.13936682451805,-220.72140246440782,14.547440560749388,-235.2688430251572,21836.871403415622
2011-05-06,GETINGE_5_min,short,160.669752,162.37361185714283,162.37361185714283,stop,0.5,128.1611941960606,-218.36871403415623,24.84097397342636,-243.2096880075826,21593.661715408038
2011-05-06,SANDVIK_min,short,116.5,118.13571428571429,117.3,eod,0.5,132.01365240860807,-105.61092192688608,18.51887515987954,-124.12979708676562,21469.53191832127
2011-05-06,HEXAGON_5_min,long,21.442836,21.174468892857142,21.985692,eod,0.5,800.0060866957353,434.28810419930045,20.845852041741704,413.44225215755876,21882.97417047883
2011-05-09,HM_5_min,short,229.0,231.35,227.9,eod,0.5,93.11903902331439,102.4309429256453,25.527653357851403,76.90328956779389,21959.877460046624
2011-05-09,HEXAGON_5_min,long,22.042835,21.754569928571428,22.157121,eod,0.5,761.7945993671294,87.06245758327167,20.202772663838847,66.85968491943282,22026.737144966057
2011-05-09,KINNEVIK_5_min,long,71.02150558,70.3801881692857,70.66326368,eod,0.5,343.4607696122404,-123.04203868134987,29.197895935423382,-152.23993461677324,21874.497210349284
2011-05-10,SEB_5_MIN,short,56.25,56.7875,56.7875,stop,0.5,406.9673899599856,-218.74497210349284,27.601545805561123,-246.34651790905397,21628.15069244023
2011-05-11,HANDELSBANKEN_5_min,long,68.833265,68.21302746428572,69.033264,eod,0.5,348.70754262772414,69.74115981800408,28.845059122922315,40.89610069508176,21669.046793135312
2011-05-11,GETINGE_5_min,long,167.56968,165.77781085714287,169.146806,eod,0.5,120.92985070653089,190.72161172538733,24.431444629444613,166.2901670959427,21835.336960231256
2011-05-11,HEXAGON_5_min,long,23.242834,22.885181285714285,23.428548,eod,0.5,610.5178595901264,113.38171377592123,17.09622734565189,96.28548643026934,21931.622446661524
2011-05-12,ALFA_LAVAL_5_MIN,short,133.0,134.59285714285716,134.59285714285716,stop,0.5,137.68731580863624,-219.31622446661524,22.10648533773831,-241.42270980435356,21690.199736857172
2011-05-12,ATLAS_5_min,short,37.54999988,38.09553559571429,37.32499998,eod,0.5,397.59449495359826,89.45872160511021,17.861932652392465,71.59678895271774,21761.79652580989
2011-05-12,BOLIDEN_5_min,short,100.788761,102.67351592857142,101.669782,eod,0.5,115.46220782297955,-101.72462979840974,14.025786220442182,-115.75041601885192,21646.046109791037
2011-05-12,HM_5_min,short,231.3,233.55714285714288,230.8,eod,0.5,95.90020428388394,47.95010214194197,26.58929063974966,21.36081150219231,21667.40692129323
2011-05-12,HEXAGON_5_min,short,23.15712,23.52395639285714,23.185691,eod,0.5,590.6558712055388,-16.87562889621313,16.423592043191174,-33.29922093940431,21634.107700353827
2011-05-12,SANDVIK_min,short,116.2,117.85357142857143,115.7,eod,0.5,130.83261676239923,65.41630838119961,18.20405029632023,47.21225808487938,21681.319958438708
2011-05-12,NORDEA_5_min,long,70.0,69.32142857142857,70.5,eod,0.5,319.5141888612011,159.75709443060055,26.935046120999246,132.8220483096013,21814.14200674831
2011-05-12,KINNEVIK_5_min,long,70.52892266,69.9419812582143,70.97672524,eod,0.5,371.65791917866164,166.4293750856313,31.55501679032541,134.8743582953059,21949.016365043615
2011-05-13,ALFA_LAVAL_5_MIN,short,134.7,136.18214285714285,135.0,eod,0.5,148.08974896896856,-44.42692469069225,23.96388317815849,-68.39080786885074,21880.625557174764
2011-05-13,ATLAS_5_min,short,37.44999995,37.959821378214286,37.29999992,eod,0.5,429.1821478319252,64.37733505025366,19.248819296785634,45.12851575346803,21925.754072928234
2011-05-13,HEXAGON_5_min,long,23.485691,23.1285485,23.314262,eod,0.5,613.9217279637213,-105.24398790309267,17.238904808628565,-122.48289271172123,21803.271180216514
2011-05-13,KINNEVIK_5_min,short,71.06628592,71.61644353,70.84238504,eod,0.5,396.3095444633864,88.7340557577522,33.743856446137315,54.99019931161489,21858.26137952813
2011-05-13,VOLVO_5_MIN,short,117.5,118.87142857142857,116.3,eod,0.5,159.38315589239318,191.25978707087228,22.358269108584913,168.90151796228736,22027.162897490416
2011-05-13,HUSQVARNA_5_min,long,47.44,46.97821428571428,47.57,eod,0.5,476.99966057983545,62.00995587537983,27.191842651014095,34.81811322436573,22061.981010714782
2011-05-16,GETINGE_5_min,short,169.146806,170.88938992857143,170.88938992857143,stop,0.5,126.60498383455844,-220.61981010714783,25.83016625322092,-246.44997636036874,21815.531034354415
2011-05-16,KINNEVIK_5_min,long,70.88716538,70.3577986125,70.3577986125,stop,0.5,412.1061686093597,-218.15531034354416,34.92475256778968,-253.08006291133384,21562.450971443082
2011-05-16,HM_5_min,short,231.3,233.525,233.525,stop,0.5,96.909892006486,-215.62450971443081,27.02768433114891,-242.65219404557973,21319.798777397504
2011-05-17,ALFA_LAVAL_5_MIN,short,134.5,135.86428571428573,135.86428571428573,stop,0.5,156.2707763788283,-213.19798777397503,25.350022100207266,-238.5480098741823,21081.25076752332
2011-05-17,SKF_5_min,long,186.9,185.15,185.15,stop,0.5,120.46429010013325,-210.8125076752332,26.891243479052743,-237.70375115428595,20843.547016369033
2011-05-17,VOLVO_5_MIN,short,116.3,117.51785714285714,115.1,eod,0.5,171.14935966520045,205.37923159824103,23.762377095916428,181.6168545023246,21025.163870871358
2011-05-17,KINNEVIK_5_min,short,68.82727304,69.31985598607142,68.42424998,eod,0.5,426.83499375195163,172.02434529699042,35.150251782412525,136.8740935145779,21162.037964385934
2011-05-18,INVESTOR_5_MIN,long,37.75,37.502678571428575,37.502678571428575,stop,0.5,855.6491884517183,-211.62037964385934,38.63393600907652,-250.25431565293587,20911.783648733
2011-05-18,VOLVO_5_MIN,long,115.4,114.26428571428572,114.26428571428572,stop,0.5,184.12891263035337,-209.11783648732998,25.372701119158936,-234.4905376064889,20677.29311112651
2011-05-19,ERICSSON_5_MIN,long,94.1,93.08928571428571,93.08928571428571,stop,0.5,204.5809919122057,-206.7729311112651,22.977221848059504,-229.75015295932462,20447.542958167185
2011-05-19,INVESTOR_5_MIN,short,37.35,37.60178571428572,37.60178571428572,stop,0.5,812.1009969201073,-204.47542958167185,36.52105193970821,-240.99648152138005,20206.546476645806
2011-05-19,ASSA_5_min,short,58.499942,58.979703428571426,58.933274,eod,0.5,421.17905428150465,-182.510361949913,29.676246513669394,-212.1866084635824,19994.359868182222
2011-05-20,NORDEA_5_min,long,71.15,70.54107142857143,71.3,eod,0.5,328.3531239349538,49.25296859024027,28.0643415027205,21.188627087519773,20015.54849526974
2011-05-20,ERICSSON_5_MIN,short,93.95,94.95,94.95,stop,0.5,200.1554849526974,-200.1554849526974,22.685622664538723,-222.84110761723613,19792.707387652503
2011-05-20,ASSA_5_min,long,59.499941,59.054703357142856,59.054703357142856,stop,0.5,444.542542733815,-197.92707387652504,31.62154983325645,-229.54862370978148,19563.15876394272
2011-05-20,INVESTOR_5_MIN,long,37.925,37.662499999999994,38.05,eod,0.5,745.2631910073337,93.15789887591671,33.9728225620693,59.18507631384742,19622.343840256566
2011-05-20,ABB_5_min,short,164.7,166.10357142857143,166.10357142857143,stop,0.5,139.80295865831545,-196.22343840256565,27.748390812270998,-223.97182921483665,19398.37201104173
2011-05-20,HM_5_min,short,234.3,236.43214285714288,235.2,eod,0.5,90.9806392477665,-81.88257532298779,25.629246076095825,-107.51182139908362,19290.860189642648
2011-05-23,ASSA_5_min,long,58.266608,57.828513214285714,57.828513214285714,stop,0.5,440.3353068489549,-192.9086018964265,30.67246849413546,-223.58107039056196,19067.279119252085
2011-05-23,ATLAS_5_min,short,36.00000007,36.40803581892857,35.34999985,eod,0.5,467.2943282376472,303.74141615922076,20.004870169423544,283.7365459897972,19351.01566524188
2011-05-23,ERICSSON_5_MIN,short,92.55,93.54464285714285,92.0,eod,0.5,194.55240166132015,107.00382091372553,21.542787435957976,85.46103347776756,19436.47669871965
2011-05-23,GETINGE_5_min,short,170.13251,171.5371382857143,168.358243,eod,0.5,138.3745215470698,245.51334722175613,28.103097596689423,217.4102496250667,19653.886948344716
2011-05-23,HANDELSBANKEN_5_min,short,67.666599,68.20707471428572,66.899933,eod,0.5,363.640519432383,278.7908224711476,29.360306156816634,249.43051631433093,19903.31746465905
2011-05-23,HEXAGON_5_min,short,23.285691,23.62701714285714,22.842834,eod,0.5,583.117287707709,258.2375726823729,16.139004230374347,242.09856845199855,20145.416033111047
2011-05-23,HUSQVARNA_5_min,short,48.7,49.126071428571436,48.13,eod,0.5,472.8178113387289,269.50615246307564,27.469769203157473,242.03638325991815,20387.452416370965
2011-05-23,VOLVO_5_MIN,short,112.6,113.69642857142857,110.1,eod,0.5,185.9441914196694,464.86047854917354,24.845862857496225,440.0146156916773,20827.467032062643
2011-05-23,HM_5_min,long,233.8,231.6214285714286,232.7,eod,0.5,95.60148801602578,-105.16163681763054,26.75885649568561,-131.92049331331614,20695.546538749328
2011-05-23,ABB_5_min,short,164.1,165.42142857142858,163.2,eod,0.5,156.6149467797232,140.95345210175176,30.756043248602037,110.19740885314972,20805.743947602477
2011-05-24,ATLAS_5_min,short,35.32500008,35.756250108928576,35.756250108928576,stop,0.5,482.45200120435135,-208.05743947602477,20.575974841053462,-228.63341431707823,20577.1105332854
2011-05-24,INVESTOR_5_MIN,short,37.0,37.278571428571425,37.278571428571425,stop,0.5,738.6655063230753,-205.771105332854,32.92021114394425,-238.69131647679825,20338.4192168086
2011-05-24,NORDEA_5_min,long,69.8,69.16607142857143,69.16607142857143,stop,0.5,320.8314017299395,-203.384192168086,26.750807693598876,-230.1349998616849,20108.284216946915
2011-05-24,SKF_5_min,long,182.2,180.54999999999998,181.9,eod,0.5,121.86838919361725,-36.5605167580831,26.623368303237616,-63.18388506132071,20045.100331885595
2011-05-24,SWEDBANK_5_MIN,short,110.0,110.97142857142858,110.97142857142858,stop,0.5,206.3466210635274,-200.45100331885595,27.35802458237693,-227.8090279012329,19817.291303984362
2011-05-24,ASSA_5_min,short,57.766609,58.22256092857143,57.733276,eod,0.5,434.6355407701659,14.487706480494571,30.12021298552018,-15.632506505025608,19801.658797479336
2011-05-25,ATLAS_5_min,short,34.99999998,35.411607145714285,35.411607145714285,stop,0.5,481.08148853813856,-198.01658797479337,20.324232459840736,-218.3408204346341,19583.317977044702
2011-05-25,HEXAGON_5_min,long,21.714264,21.37446842857143,22.114264,eod,0.5,576.3264628409485,230.53058513637856,15.155724308259279,215.3748608281193,19798.692837872823
2011-05-25,NORDEA_5_min,long,68.65,68.03571428571429,71.4,eod,0.5,322.3043020118834,886.3368305326794,27.083230498058565,859.2536000346208,20657.94643790744
2011-05-25,SEB_5_MIN,long,54.5,54.051785714285714,55.85,eod,0.5,460.89442251905007,622.2074704007182,30.5158197149863,591.6916506857319,21249.638088593172
2011-05-25,SKF_5_min,long,181.0,179.41785714285714,182.9,eod,0.5,134.3092249391895,255.18752738446082,29.325076173222634,225.86245121123818,21475.50053980441
2011-05-25,SWEDBANK_5_MIN,short,110.0,110.94285714285715,110.94285714285715,stop,0.5,227.77046027065106,-214.7550053980441,30.194553758964766,-244.94955915700885,21230.5509806474
2011-05-25,ALFA_LAVAL_5_MIN,short,130.8,132.06428571428572,132.06428571428572,stop,0.5,167.92526199382243,-212.305509806474,26.484932428434252,-238.79044223490826,20991.76053841249
2011-05-25,ABB_5_min,long,164.4,163.1357142857143,163.1357142857143,stop,0.5,166.03652403264235,-209.91760538412493,32.629734897929204,-242.54734028205414,20749.213198130437
2011-05-25,KINNEVIK_5_min,short,66.54347899,67.10962957857143,67.10962957857143,stop,0.5,366.4963636351052,-207.49213198130437,29.390026967345605,-236.88215894865,20512.331039181787
2011-05-25,ASSA_5_min,short,57.099943,57.55827589285715,57.55827589285715,stop,0.5,447.5421982330914,-205.12331039181788,30.788634797280157,-235.91194518909805,20276.41909399269
2011-05-25,BOLIDEN_5_min,short,102.462701,103.72130196428571,103.72130196428571,stop,0.5,161.1028409270285,-202.7641909399269,19.93009717875197,-222.69428811867886,20053.724805874008
2011-05-25,GETINGE_5_min,long,167.372539,165.85173849999998,168.456814,eod,0.5,131.86295510735243,142.97570564902713,26.570070539022126,116.40563511000501,20170.130440984012
2011-05-26,INVESTOR_5_MIN,long,37.375,37.09375,37.09375,stop,0.5,717.1601934572094,-201.70130440984013,32.043613893909935,-233.74491830375007,19936.385522680263
2011-05-26,KINNEVIK_5_min,long,67.79732686,67.2151833225,67.2151833225,stop,0.5,342.46511793803415,-199.36385522680263,27.74224513365594,-227.10610036045856,19709.279422319803
2011-05-26,NORDEA_5_min,long,71.65,70.99464285714286,70.99464285714286,stop,0.5,300.74104840597033,-197.09279422319804,25.73945966541141,-222.83225388860944,19486.447168431194
2011-05-26,SWEDBANK_5_MIN,long,114.3,113.30714285714285,113.30714285714285,stop,0.5,196.26637435829892,-194.86447168431195,26.802977223973688,-221.66744890828565,19264.779719522907
2011-05-26,ABB_5_min,long,163.7,162.49642857142857,163.6,eod,0.5,160.0634516755621,-16.0063451675553,31.43326064004688,-47.43960580760218,19217.340113715305
2011-05-27,ASSA_5_min,short,57.433276,57.90827553571429,57.433276,eod,0.5,404.5759767915747,0.0,27.88334848564812,-27.88334848564812,19189.456765229657
2011-05-27,SANDVIK_min,long,116.5,115.33928571428571,115.33928571428571,stop,0.5,165.32455059274696,-191.8945676522966,22.997235432274646,-214.89180308457122,18974.564962145087
2011-05-27,SEB_5_MIN,long,55.75,55.253571428571426,55.253571428571426,stop,0.5,382.2214524748633,-189.74564962145087,25.456767780795484,-215.20241740224634,18759.36254474284
2011-05-27,SWEDBANK_5_MIN,long,114.1,113.08571428571427,113.08571428571427,stop,0.5,184.95146170873124,-187.5936254474284,25.21099796189102,-212.80462340931942,18546.55792133352
2011-05-27,ABB_5_min,short,164.4,165.5,165.2,eod,0.5,168.60507201212377,-134.88405760969613,33.343339041117595,-168.22739665081372,18378.330524682704
2011-05-27,SKF_5_min,short,180.5,182.14285714285714,181.4,eod,0.5,111.86809884589499,-100.68128896130612,24.291038983397637,-124.97232794470376,18253.358196738
2011-05-30,ALFA_LAVAL_5_MIN,long,133.7,132.43214285714285,133.9,eod,0.5,143.97014915737063,28.794029831476582,23.115847148707427,5.678182682769155,18259.03637942077
2011-05-31,GETINGE_5_min,long,169.048236,167.75625964285715,169.738229,eod,0.5,141.3263971780392,97.51422476806496,28.727682306680325,68.78654246138464,18327.822921882154
2011-05-31,SANDVIK_min,long,116.9,115.76071428571429,117.2,eod,0.5,160.87117298203697,48.261351894610634,22.59596495705691,25.665386937553723,18353.48830881971
2011-05-31,SEB_5_MIN,long,55.7,55.20714285714286,55.3,eod,0.5,372.389617860112,-148.9558471440469,24.801148549483457,-173.75699569353037,18179.73131312618
2011-05-31,SKF_5_min,long,183.8,182.12857142857143,184.2,eod,0.5,108.76762324092545,43.507049296367704,24.015891211596333,19.49115808477137,18199.222471210953
2011-05-31,VOLVO_5_MIN,long,111.3,110.18928571428572,111.7,eod,0.5,163.85152064112833,65.54060825645226,21.92333346178297,43.617274794669285,18242.839746005622
2011-05-31,ALFA_LAVAL_5_MIN,long,135.4,134.06428571428572,136.0,eod,0.5,136.57740986314337,81.94644591788524,22.240265422114263,59.70618049577098,18302.545926501392
2011-05-31,INVESTOR_5_MIN,long,37.125,36.841071428571425,37.0,eod,0.5,644.6179697384055,-80.57724621730068,28.669384204115584,-109.24663042141627,18193.299296079975
2011-05-31,KINNEVIK_5_min,long,67.88688672,67.3047431825,67.3047431825,stop,0.5,312.5225674446297,-181.93299296079974,25.350261164492085,-207.28325412529182,17986.016041954685
2011-05-31,ABB_5_min,long,166.5,165.4607142857143,165.4607142857143,stop,0.5,173.061322740458,-179.86016041954684,34.46973618729178,-214.32989660683862,17771.686145347845
2011-05-31,HUSQVARNA_5_min,short,48.76,49.12607142857143,48.93,eod,0.5,485.47045079974333,-82.5299766359572,28.455365003176155,-110.98534163913335,17660.70080370871
2011-06-03,ASSA_5_min,short,56.66661,57.12970478571428,55.999944,eod,0.5,381.36254927743653,254.24144527659124,25.780082551046373,228.46136272554486,17889.162166434257
2011-06-03,ATLAS_5_min,short,35.75000011,36.14910725035715,36.14910725035715,stop,0.5,448.2295693939715,-178.89162166434258,19.336383559166286,-198.22800522350886,17690.93416121075
2011-06-03,ERICSSON_5_MIN,short,91.4,92.40357142857144,91.8,eod,0.5,176.2797710013874,-70.51190840055345,19.376672428472503,-89.88858082902595,17601.045580381724
2011-06-03,HEXAGON_5_min,short,23.271405,23.56426185714286,23.185691,eod,0.5,601.0118988539087,51.51513389836571,16.752760489318998,34.76237340904672,17635.807953790772
2011-06-03,HM_5_min,short,226.3,228.51785714285714,228.51785714285714,stop,0.5,79.51733054849358,-176.35807953790774,21.69954113147166,-198.0576206693794,17437.750333121392
2011-06-03,NORDEA_5_min,short,71.5,72.16071428571429,71.35,eod,0.5,263.92270774453755,39.58840616168213,22.62081528078431,16.96759088089782,17454.71792400229
2011-06-03,SANDVIK_min,short,116.5,117.66071428571429,115.3,eod,0.5,150.37910826832663,180.45492992199237,20.914726377958864,159.54020354403352,17614.258127546324
2011-06-03,SEB_5_MIN,short,53.95,54.425000000000004,54.05,eod,0.5,370.82648689571096,-37.08264868956899,24.029556350842068,-61.112205040411055,17553.14592250591
2011-06-03,SKF_5_min,short,182.2,183.8785714285714,180.4,eod,0.5,104.57193315535513,188.22947967963745,22.750669777279057,165.4788099023584,17718.62473240827
2011-06-03,SWEDBANK_5_MIN,short,111.1,112.14642857142857,109.9,eod,0.5,169.32474147011212,203.18968976413262,22.452460718936862,180.73722904519576,17899.361961453465
2011-06-03,VOLVO_5_MIN,short,111.0,112.12142857142857,109.0,eod,0.5,159.61214487920356,319.2242897584071,21.06880312405487,298.15548663435226,18197.51744808782
2011-06-03,HUSQVARNA_5_min,short,48.5,48.871785714285714,47.91,eod,0.5,489.46252502061395,288.7828897621639,28.313449222342427,260.46944053982145,18457.98688862764
2011-06-03,GETINGE_5_min,short,167.766821,169.04823625,166.879687,eod,0.5,144.04375856013505,127.78611570648731,28.92224448080658,98.86387122568073,18556.85075985332
2011-06-03,ALFA_LAVAL_5_MIN,short,132.1,133.45,133.45,stop,0.5,137.45815377669186,-185.56850759853322,21.901207641240312,-207.46971523977354,18349.381044613547
2011-06-03,KINNEVIK_5_min,short,66.27479777,66.866537065,66.40913797,eod,0.5,310.0923193652985,-41.65786420199712,24.686561625679694,-66.34442582767682,18283.03661878587
2011-06-03,ABB_5_min,short,163.4,164.43214285714288,163.5,eod,0.5,177.1366869640127,-17.713668696400266,34.74358978112145,-52.45725847752172,18230.579360308348
2011-06-07,ABB_5_min,long,162.4,161.36785714285713,161.36785714285713,stop,0.5,176.62845054969762,-182.3057936030835,34.31196896696322,-216.6177625700467,18013.9615977383
2011-06-07,ERICSSON_5_MIN,short,90.85,91.79642857142856,91.79642857142856,stop,0.5,190.33619801383907,-180.13961597738302,20.85853607705516,-200.99815205443818,17812.96344568386
2011-06-07,GETINGE_5_min,short,165.696842,167.03458321428573,167.03458321428573,stop,0.5,133.15702062147267,-178.12963445683857,26.58331514920238,-204.71294960604095,17608.25049607782
2011-06-07,HEXAGON_5_min,short,22.814263,23.115283107142858,22.871406,eod,0.5,584.952635330813,-33.425948440708616,16.034371487040737,-49.46031992774935,17558.790176150073
2011-06-07,HM_5_min,short,227.1,229.36071428571427,226.3,eod,0.5,77.66921404932148,62.135371239455864,21.129132989977414,41.00623824947845,17599.796414399552
2011-06-07,HUSQVARNA_5_min,short,47.85,48.230357142857144,48.230357142857144,stop,0.5,462.7176522095654,-175.99796414399552,26.674846368359642,-202.67281051235517,17397.123603887198
2011-06-07,INVESTOR_5_MIN,long,36.125,35.823214285714286,36.175,eod,0.5,576.4727348033636,28.82363674016654,25.007387235769908,3.8162495043966302,17400.939853391596
2011-06-07,NORDEA_5_min,short,71.0,71.66964285714286,71.66964285714286,stop,0.5,259.8540351439796,-174.00939853391597,22.24396943338741,-196.25336796730338,17204.686485424292
2011-06-07,SEB_5_MIN,short,53.4,53.90714285714286,53.90714285714286,stop,0.5,339.24733914920967,-172.04686485424293,21.8421976115939,-193.88906246583682,17010.797422958454
2011-06-07,SKF_5_min,long,180.5,178.75,181.3,eod,0.5,97.20455670261974,77.7636453620969,21.10116516900469,56.66248019309221,17067.459903151546
2011-06-07,SWEDBANK_5_MIN,short,108.6,109.79285714285714,109.79285714285714,stop,0.5,143.0805021821079,-170.67459903151547,18.748655803791205,-189.42325483530666,16878.03664831624
2011-06-07,ASSA_5_min,long,55.899944,55.41303971428571,56.166611,eod,0.5,346.63972249815293,92.4373748794168,23.308031715914392,69.1293431635024,16947.165991479742
2011-06-07,KINNEVIK_5_min,long,66.36435763,65.75982398142857,65.75982398142857,stop,0.5,280.33453607631947,-169.4716599147974,22.22338269390192,-191.69504260869934,16755.470948871043
2011-06-08,HUSQVARNA_5_min,short,47.26,47.65392857142857,46.12,eod,0.5,425.3428708688899,484.89087279053473,23.83111036904216,461.05976242149256,17216.530711292537
2011-06-08,SWEDBANK_5_MIN,long,107.9,106.67857142857143,106.67857142857143,stop,0.5,140.95405260707298,-172.16530711292538,18.147431547296055,-190.31273866022144,17026.217972632316
2011-06-08,INVESTOR_5_MIN,long,36.1,35.79642857142857,35.79642857142857,stop,0.5,560.8636508631783,-170.26217972632313,24.194456047557093,-194.4566357738802,16831.761336858435
2011-06-09,GETINGE_5_min,long,164.908279,163.50717114285715,166.583976,eod,0.5,120.13180320879742,201.30450224157386,23.893657405740292,177.41084483583356,17009.17218169427
2011-06-09,HUSQVARNA_5_min,long,46.17,45.755,45.755,stop,0.5,409.8595706432363,-170.0917218169427,22.605804618827694,-192.6975264357704,16816.4746552585
2011-06-09,NORDEA_5_min,long,69.05,68.32321428571429,68.32321428571429,stop,0.5,231.38146945810325,-168.164746552585,19.071369711366884,-187.23611626395189,16629.238538994545
2011-06-09,SEB_5_MIN,long,52.8,52.25892857142857,52.25892857142857,stop,0.5,307.33906210683034,-166.29238538994545,19.3732275438548,-185.66561293380025,16443.572926060744
2011-06-09,SKF_5_min,long,176.4,174.53214285714287,174.53214285714287,stop,0.5,88.03442484315549,-164.43572926060745,18.53646561324279,-182.97219487385024,16260.600731186894
2011-06-10,HUSQVARNA_5_min,short,45.51,45.951071428571424,43.89,eod,0.5,368.66139309573714,597.2314568150932,19.77499712565534,577.4564596894379,16838.05719087633
2011-06-13,SWEDBANK_5_MIN,long,103.7,102.26071428571429,102.8,eod,0.5,116.98898296390483,-105.29008466751502,14.494934989227808,-119.78501965674283,16718.27217121959
2011-06-13,SKF_5_min,long,173.4,171.38214285714287,171.38214285714287,stop,0.5,82.85161429984946,-167.1827217121959,17.139454270485356,-184.32217598268124,16533.949995236908
2011-06-14,ABB_5_min,long,162.0,160.83928571428572,163.4,eod,0.5,142.4463384205036,199.42487378870584,27.81122311321912,171.61365067548672,16705.563645912396
2011-06-14,ATLAS_5_min,long,34.99999998,34.554464284285714,35.3749999,eod,0.5,374.95455036728305,140.6079263913673,15.832455862261797,124.7754705291055,16830.3391164415
2011-06-14,BOLIDEN_5_min,short,97.793291,99.14628703571428,98.498108,eod,0.5,124.39311477772586,-87.6743819782931,14.650379115412429,-102.32476109370553,16728.014355347794
2011-06-14,SKF_5_min,long,173.5,171.46785714285716,175.8,eod,0.5,82.31711809310039,189.32937161413184,17.252021609951978,172.07735000417986,16900.091705351973
2011-06-14,VOLVO_5_MIN,long,103.3,101.93928571428572,105.6,eod,0.5,124.20014901571052,285.6603427361338,15.567246677629154,270.09309605850467,17170.184801410476
2011-06-14,HUSQVARNA_5_min,short,42.77,43.29321428571429,42.14,eod,0.5,328.167354566205,206.74543337671,16.71881404572988,190.0266193309801,17360.211420741456
2011-06-15,HUSQVARNA_5_min,short,42.0,42.54464285714286,41.81,eod,0.5,318.74486543000467,60.561524431700164,16.02840430301321,44.53312012868695,17404.744540870142
2011-06-15,ABB_5_min,long,164.4,163.1357142857143,163.1357142857143,stop,0.5,137.6646460859795,-174.04744540870144,27.054052912596816,-201.10149832129827,17203.643042548843
2011-06-15,HM_5_min,short,216.5,218.61785714285713,218.3,eod,0.5,81.23136681136086,-146.21646026045048,21.191638973747818,-167.4080992341983,17036.234943314645
2011-06-16,ABB_5_min,long,163.0,161.78571428571428,161.78571428571428,stop,0.5,140.29840541553142,-170.36234943314645,27.340150689618053,-197.7025001227645,16838.53244319188
2011-06-16,HANDELSBANKEN_5_min,short,62.999937,63.56541264285715,62.799937,eod,0.5,297.7764410525774,59.55528821051633,22.476143258749598,37.079144951766736,16875.61158814365
2011-06-16,HUSQVARNA_5_min,long,41.75,41.20964285714285,41.20964285714285,stop,0.5,312.304774929292,-168.7561158814365,15.545215554428667,-184.30133143586517,16691.310256707784
2011-06-16,SKF_5_min,long,171.2,169.11071428571427,169.11071428571427,stop,0.5,79.89003199791729,-166.91310256707786,16.31246031211188,-183.22556287918974,16508.084693828594
2011-06-16,VOLVO_5_MIN,long,102.0,100.59642857142858,100.59642857142858,stop,0.5,117.61485278045848,-165.08084693828593,14.297009472165145,-179.37785641045107,16328.706837418144
2011-06-16,SWEDBANK_5_MIN,short,99.95,101.32142857142857,101.32142857142857,stop,0.5,119.06348735617439,-163.28706837418144,14.378446914524064,-177.6655152887055,16151.041322129438
2011-06-16,ALFA_LAVAL_5_MIN,long,126.2,124.65714285714286,124.65714285714286,stop,0.5,104.68267523602402,-161.51041322129439,15.7562380898107,-177.26665131110508,15973.774670818333
2011-06-16,ATLAS_5_min,long,34.92500011,34.479464404642854,34.84999995,eod,0.5,358.5296190349915,-26.88977879236408,15.009842513806984,-41.89962130617106,15931.875049512162
2011-06-17,ATLAS_5_min,short,34.54999989,35.008035601428574,35.008035601428574,stop,0.5,347.8304126073946,-159.31875049512163,14.516640111086039,-173.83539060620768,15758.039658905955
2011-06-17,GETINGE_5_min,short,159.191196,160.74367982142857,160.74367982142857,stop,0.5,101.50211835641261,-157.58039658905955,19.484440579182486,-177.06483716824204,15580.974821737713
2011-06-17,VOLVO_5_MIN,short,101.9,103.33214285714286,103.33214285714286,stop,0.5,108.79483666051325,-155.80974821737712,13.396918475777985,-169.2066666931551,15411.768155044558
2011-06-17,INVESTOR_5_MIN,short,34.65,34.96964285714286,34.96964285714286,stop,0.5,482.1558752416135,-154.11768155044558,20.140511901476554,-174.25819345192212,15237.509961592636
2011-06-17,SKF_5_min,short,170.3,172.46428571428572,172.46428571428572,stop,0.5,70.40433645620371,-152.37509961592636,14.479255257959347,-166.8543548738857,15070.65560671875
2011-06-20,INVESTOR_5_MIN,short,34.525,34.84642857142857,34.575,eod,0.5,468.8648410979196,-23.44324205489798,19.439136311919746,-42.882378366817726,15027.773228351933
2011-06-21,SWEDBANK_5_MIN,long,101.9,100.49285714285715,104.0,eod,0.5,106.79635796798318,224.27235173276406,13.193622063364643,211.07872966939942,15238.851958021332
2011-06-21,INVESTOR_5_MIN,long,34.975,34.65982142857143,35.4,eod,0.5,483.4989856369428,205.4870688956993,20.415744668519906,185.0713242271794,15423.923282248512
2011-06-21,SKF_5_min,long,170.8,168.60357142857143,174.8,eod,0.5,70.2227401468221,280.8909605872884,14.561387396845033,266.3295731904434,15690.252855438956
2011-06-21,NORDEA_5_min,short,67.25,68.00714285714285,68.00714285714285,stop,0.5,207.229754694478,-156.90252855438956,16.817582720977008,-173.72011127536658,15516.532744163589
2011-06-21,ATLAS_5_min,long,35.15,34.675892857142856,35.94999996,eod,0.5,327.2790333985539,261.8232136276821,13.961723556927613,247.86149007075448,15764.394234234343
2011-06-22,ATLAS_5_min,short,35.75000011,36.24107154321429,35.27499998,eod,0.5,321.020388643851,152.48472633848138,13.680283879392809,138.80444245908856,15903.198676693431
2011-06-22,SANDVIK_min,short,107.9,109.45,106.1,eod,0.5,102.60128178511911,184.68230721321558,13.174004581209292,171.5083026320063,16074.706979325438
2011-06-23,ATLAS_5_min,long,34.875,34.37232142,34.37232142,stop,0.5,319.78102148942565,-160.74706979325438,13.28638750745651,-174.0334573007109,15900.673522024726
2011-06-23,HANDELSBANKEN_5_min,short,61.999938,62.65469921428571,61.666605,eod,0.5,242.84690624766094,80.94888780025234,18.019222424335997,62.92966537591634,15963.603187400642
2011-06-23,ASSA_5_min,short,53.53328,54.047565285714285,52.93328,eod,0.5,310.40365398027893,186.2421923881656,19.82856555042636,166.41362683773923,16130.01681423838
2011-06-27,ABB_5_min,long,161.7,160.16071428571428,160.8,eod,0.5,104.7889723430802,-94.3100751087698,20.27666614838602,-114.58674125715581,16015.430072981226
2011-06-27,ALFA_LAVAL_5_MIN,long,124.8,123.13571428571429,127.4,eod,0.5,96.23005194065992,250.1981350457166,14.561531459660657,235.63660358605597,16251.066676567281
2011-06-27,ATLAS_5_min,long,34.27499989,33.750892744999994,35.15,eod,0.5,310.0714583192186,271.31256013717734,12.91602657582233,258.396533561355,16509.463210128637
2011-06-27,GETINGE_5_min,long,159.191196,157.41692882142857,160.866893,eod,0.5,93.04947647975709,155.9227285887008,17.8687425747369,138.0539860139639,16647.517196142602
2011-06-27,HUSQVARNA_5_min,short,39.39,40.03357142857143,40.03357142857143,stop,0.5,258.67396309211654,-166.47517196142599,12.32688599061502,-178.802057952041,16468.71513819056
2011-06-27,INVESTOR_5_MIN,long,34.525,34.17857142857143,34.8,eod,0.5,475.38559161787657,130.7310376949154,19.773663683345575,110.95737401156981,16579.67251220213
2011-06-27,KINNEVIK_5_min,long,60.13990026,59.46339826678571,60.54292331,eod,0.5,245.07943329814225,98.77266070008925,17.74612680561317,81.02653389447607,16660.699046096608
2011-06-27,SANDVIK_min,long,102.5,100.81785714285715,104.3,eod,0.5,99.0444953908083,178.28009170345464,12.289440988091492,165.99065071536316,16826.689696811973
2011-06-27,SKF_5_min,long,170.9,168.5,172.6,eod,0.5,70.11120707004973,119.18905201908375,14.44991977713725,104.73913224194649,16931.42882905392
2011-06-27,SEB_5_MIN,short,48.0,48.74857142857143,48.26,eod,0.5,226.18320954842952,-58.807634482591226,13.063437450679093,-71.87107193327031,16859.55775712065
2011-06-28,GETINGE_5_min,short,161.458315,163.23610257142857,161.458315,eod,0.5,94.8344899473722,0.0,18.374180340944584,-18.374180340944584,16841.183576779706
2011-06-28,SKF_5_min,long,174.0,171.59642857142856,176.5,eod,0.5,70.06733137441749,175.16832843604374,14.735159788039997,160.43316864800374,17001.61674542771
2011-06-28,SEB_5_MIN,long,48.9,48.17035714285714,48.89,eod,0.5,233.01285798921998,-2.330128579891736,13.671796429659492,-16.00192500955123,16985.61482041816
2011-06-28,VOLVO_5_MIN,short,105.7,107.32142857142857,107.32142857142857,stop,0.5,104.75709580874668,-169.8561482041816,13.389303721303937,-183.24545192548555,16802.369368492673
2011-06-29,BOLIDEN_5_min,long,97.881393,96.40882985714286,100.348251,eod,0.5,114.10287871182135,281.4755991732864,13.571143815851713,267.9044553574347,17070.273823850108
2011-06-29,SANDVIK_min,long,106.2,104.49285714285715,109.9,eod,0.5,99.9932357882434,369.97497241650086,12.965122952303638,357.0098494641972,17427.283673314305
2011-06-29,SKF_5_min,long,179.2,176.69285714285712,180.2,eod,0.5,69.51053316991434,69.51053316991434,14.989251372760327,54.52128179715401,17481.80495511146
2011-06-29,SEB_5_MIN,long,49.5,48.75678571428571,50.4,eod,0.5,235.21890376891855,211.69701339202635,14.099021091908977,197.59799230011737,17679.402947411578
2011-06-30,ALFA_LAVAL_5_MIN,short,134.8,136.52857142857144,136.52857142857144,stop,0.5,102.27753771229843,-176.79402947411577,16.650490918025863,-193.44452039214164,17485.958427019435
2011-06-30,ERICSSON_5_MIN,long,90.9,89.79642857142858,91.5,eod,0.5,158.44881422541894,95.06928853525046,17.34063822882985,77.72865030642062,17563.687077325856
2011-06-30,KINNEVIK_5_min,short,61.48330881,62.10863330142857,62.10863330142857,stop,0.5,280.8731677404976,-175.63687077325855,20.828196172822288,-196.46506694608084,17367.222010379774
2011-06-30,SANDVIK_min,long,110.7,108.9,111.1,eod,0.5,96.48456672433223,38.59382668973207,12.840166139674132,25.753660550057937,17392.97567092983
2011-06-30,SKF_5_min,long,181.6,179.12857142857143,183.0,eod,0.5,70.3762021367106,98.52668299139525,15.39549797942681,83.13118501196844,17476.106855941798
2011-06-30,SEB_5_MIN,long,51.5,50.73321428571428,51.9,eod,0.5,227.9138295139117,91.16553180556436,14.139773983043082,77.02575782252127,17553.13261376432
2011-06-30,SWEDBANK_5_MIN,long,105.5,103.975,106.5,eod,0.5,115.10250894271641,115.10250894271641,14.641039137513527,100.46146980520288,17653.594083569522
2011-07-01,ABB_5_min,long,163.5,161.97857142857143,161.97857142857143,stop,0.5,116.03301275585595,-176.53594083569521,22.65975553819752,-199.19569637389273,17454.39838719563
2011-07-01,ALFA_LAVAL_5_MIN,short,136.5,138.30714285714285,136.9,eod,0.5,96.58560372361258,-38.63424148944558,15.843902434821407,-54.47814392426699,17399.920243271365
2011-07-01,GETINGE_5_min,short,166.189694,167.91467600000001,162.049738,eod,0.5,100.87015541768697,417.5980051423869,19.865737512031977,397.73226763035495,17797.65251090172
2011-07-01,INVESTOR_5_MIN,short,36.1,36.440178571428575,36.440178571428575,stop,0.5,523.1855856223044,-177.97652510901722,22.77118548422364,-200.74771059324087,17596.90480030848
2011-07-01,NORDEA_5_min,short,67.8,68.64642857142857,68.64642857142857,stop,0.5,207.8959216914073,-175.9690480030848,17.019993617614748,-192.98904162069954,17403.91575868778
2011-07-04,GETINGE_5_min,long,163.331153,161.4970395,163.429723,eod,0.5,94.89006955506174,9.353314156041977,18.60381735090774,-9.250503194865763,17394.665255492917
2011-07-04,ERICSSON_5_MIN,short,90.2,91.24821428571428,90.7,eod,0.5,165.94569920061468,-82.97284960030734,18.011746191234717,-100.98459579154206,17293.680659701375
2011-07-04,INVESTOR_5_MIN,short,36.725,37.07232142857143,36.9,eod,0.5,497.9157413590145,-87.13525473782612,21.995427874534464,-109.13068261236057,17184.549977089013
2011-07-05,GETINGE_5_min,short,162.64116,164.4541512857143,164.4541512857143,stop,0.5,94.78561817972947,-171.84549977089014,18.60235877034448,-190.4478585412346,16994.102118547777
2011-07-06,ASSA_5_min,short,55.766611,56.321372357142856,56.321372357142856,stop,0.5,306.3317568849982,-169.94102118547778,20.601665320494003,-190.54268650597177,16803.559432041806
2011-07-06,GETINGE_5_min,long,165.00685,163.22202167857142,163.22202167857142,stop,0.5,94.14664273476099,-168.03559432041806,18.540987790293702,-186.57658211071177,16616.982849931093
2011-07-06,NORDEA_5_min,short,69.1,69.94999999999999,68.55,eod,0.5,195.4939158815436,107.52165373484841,16.14584251265668,91.37581122219173,16708.358661153285
2011-07-06,HANDELSBANKEN_5_min,short,64.366602,65.10112507142857,63.799936,eod,0.5,227.47221035082407,128.9007675506596,17.49259541512373,111.40817213553586,16819.76683328882
2011-07-07,HEXAGON_5_min,long,22.785692,22.493855535714285,22.999977,eod,0.5,576.3421947444451,123.50148720081359,15.832927775581622,107.66855942523196,16927.43539271405
2011-07-07,ERICSSON_5_MIN,long,91.4,90.3875,93.4,eod,0.5,167.18454708853338,334.36909417706676,18.537422581176582,315.83167159589016,17243.26706430994
2011-07-08,ALFA_LAVAL_5_MIN,long,142.3,140.48214285714286,140.48214285714286,stop,0.5,94.85490722999536,-172.4326706430994,16.093964356208147,-188.52663499930756,17054.740429310634
2011-07-08,BOLIDEN_5_min,long,105.898681,104.47331542857142,104.47331542857142,stop,0.5,119.65169337026667,-170.54740429310635,15.102819366217357,-185.6502236593237,16869.09020565131
2011-07-08,SKF_5_min,long,188.2,186.0142857142857,186.0142857142857,stop,0.5,77.17884407814334,-168.69090205651312,17.32885560537398,-186.0197576618871,16683.070447989423
2011-07-08,VOLVO_5_MIN,long,112.7,111.28928571428571,111.28928571428571,stop,0.5,118.25973988448148,-166.83070447989422,15.893348799289338,-182.72405327918355,16500.34639471024
2011-07-08,ABB_5_min,long,168.1,166.7785714285714,167.7,eod,0.5,124.86748623023851,-49.94699449209612,25.158301125668455,-75.10529561776457,16425.241099092476
2011-07-11,GETINGE_5_min,long,168.851095,167.10499074999998,169.541088,eod,0.5,94.06792921495071,64.90621268281294,19.099111150401985,45.807101532410954,16471.048200624886
2011-07-12,ALFA_LAVAL_5_MIN,long,138.2,136.46071428571426,136.46071428571426,stop,0.5,94.70007179003966,-164.71048200624887,15.606233616456425,-180.3167156227053,16290.731485002181
2011-07-12,ASSA_5_min,short,52.299948,52.88923310714286,52.88923310714286,stop,0.5,276.4490615414946,-162.9073148500218,17.44767024083277,-180.35498509085457,16110.376499911326
2011-07-12,ERICSSON_5_MIN,short,89.05,90.04464285714285,89.6,eod,0.5,161.97146929893017,-89.08430811441113,17.361721794152324,-106.44602990856345,16003.930470002762
2011-07-12,GETINGE_5_min,long,168.259673,166.36219275,169.541088,eod,0.5,84.34306744432652,108.0784717691725,17.09469142066069,90.9837803485118,16094.914250351274
2011-07-12,HEXAGON_5_min,short,21.771407,22.05150875,21.82855,eod,0.5,574.6095570752868,-32.83491391995308,15.03177118816293,-47.86668510811601,16047.047565243158
2011-07-12,HUSQVARNA_5_min,short,40.48,41.05892857142857,41.05892857142857,stop,0.5,277.1852756488648,-160.4704756524316,13.560834235310711,-174.0313098877423,15873.016255355415
2011-07-12,INVESTOR_5_MIN,short,35.925,36.269642857142856,36.269642857142856,stop,0.5,460.5642022279275,-158.73016255355415,19.950160855578083,-178.68032340913223,15694.335931946282
2011-07-12,NORDEA_5_min,short,66.35,67.16964285714285,66.45,eod,0.5,191.47773686034785,-19.147773686036416,15.256946073032516,-34.40471975906893,15659.931212187214
2011-07-12,SEB_5_MIN,short,47.91,48.644642857142856,48.644642857142856,stop,0.5,213.16386676773988,-156.59931212187215,12.349176615484021,-168.94848873735617,15490.982723449857
2011-07-12,SKF_5_min,short,180.8,182.90714285714287,180.9,eod,0.5,73.51652817908393,-7.351652817907976,15.954556945424796,-23.306209763332774,15467.676513686525
2011-07-12,SWEDBANK_5_MIN,short,99.3,100.73214285714285,100.73214285714285,stop,0.5,108.00372628010595,-154.67676513686524,12.962530082619544,-167.63929521948478,15300.03721846704
2011-07-12,ATLAS_5_min,long,36.32499989,35.82678559464286,36.59999989,eod,0.5,307.09751528705607,84.45181670393998,13.437051740848267,71.01476496309172,15371.051983430132
2011-07-13,ALFA_LAVAL_5_MIN,long,139.3,137.54285714285714,141.3,eod,0.5,87.47753161301652,174.95506322603305,14.727717222367463,160.2273460036656,15531.279329433797
2011-07-13,ATLAS_5_min,long,36.57499984,36.08749983214285,37.57499993,eod,0.5,318.59034008436527,318.590368757496,14.17408418638794,304.41628457110806,15835.695614004906
2011-07-13,ABB_5_min,long,167.3,166.06071428571428,170.1,eod,0.5,127.78082916199781,357.7863216535917,25.867951055554837,331.91837059803686,16167.613984602944
2011-07-13,BOLIDEN_5_min,long,100.436353,99.01098742857143,101.229272,eod,0.5,113.42784131090642,89.93909050440234,13.724697906218857,76.21439259818348,16243.828377201127
2011-07-14,SKF_5_min,long,184.7,182.56785714285712,182.56785714285712,stop,0.5,76.18545972556609,-162.4382837720113,16.788282323311257,-179.22656609532254,16064.601811105806
2011-07-14,VOLVO_5_MIN,short,108.5,109.875,107.3,eod,0.5,116.83346771713313,140.2001612605601,15.127597400014396,125.0725638605457,16189.674374966351
2011-07-14,HEXAGON_5_min,short,21.557121,21.84232475,21.22855,eod,0.5,567.6529279494503,186.5142901892789,14.572446850459128,171.94184333881978,16361.616218305171
2011-07-15,ABB_5_min,short,166.3,167.61785714285716,165.2,eod,0.5,124.15318539635292,136.56850393599103,24.694068575334594,111.87443536065643,16473.490653665827
2011-07-15,ALFA_LAVAL_5_MIN,short,136.3,138.07142857142858,134.8,eod,0.5,92.99551175456511,139.4932676318477,15.126649941997561,124.36661768985013,16597.85727135568
2011-07-15,ATLAS_5_min,short,36.00000007,36.48750008821428,36.04999988,eod,0.5,340.46885438391865,-17.023378030114536,14.718468564802736,-31.74184659491727,16566.115424760763
2011-07-15,ERICSSON_5_MIN,short,88.55,89.55535714285713,89.55535714285713,stop,0.5,164.77841275072987,-165.66115424760764,17.608750831441117,-183.26990507904875,16382.845519681714
2011-07-15,HM_5_min,short,215.0,216.89642857142857,216.89642857142857,stop,0.5,86.38788597948923,-163.82845519681715,22.38637165582631,-186.21482685264345,16196.63069282907
2011-07-15,NORDEA_5_min,short,64.1,64.94821428571429,64.94821428571429,stop,0.5,190.94975132598347,-161.96630692829072,14.78503465615162,-176.75134158444234,16019.879351244628
2011-07-15,SANDVIK_min,short,105.1,106.50714285714285,106.50714285714285,stop,0.5,113.84685833371807,-160.1987935124463,14.45448504915599,-174.65327856160226,15845.226072683026
2011-07-15,SEB_5_MIN,short,46.75,47.54785714285714,46.11,eod,0.5,198.59728291635022,127.10226106646425,11.065046214967369,116.03721485149688,15961.263287534523
2011-07-15,SKF_5_min,short,174.3,176.4142857142857,176.4142857142857,stop,0.5,75.49246149509625,-159.61263287534524,15.885770826039538,-175.49840370138477,15785.764883833137
2011-07-15,SWEDBANK_5_MIN,short,100.3,101.86607142857143,101.86607142857143,stop,0.5,100.79849868810183,-157.8576488383314,12.226821891402935,-170.08447072973433,15615.680413103402
2011-07-15,HUSQVARNA_5_min,short,40.53,41.09857142857143,40.4,eod,0.5,274.64764545659125,35.70419390935756,13.336340368081157,22.367853541276407,15638.048266644679
2011-07-15,VOLVO_5_MIN,short,105.3,106.71071428571429,105.0,eod,0.5,110.85198771292383,33.255596313876836,13.987303809616728,19.26829250426011,15657.31655914894
2011-07-18,ERICSSON_5_MIN,long,91.45,90.47857142857143,90.47857142857143,stop,0.5,161.17825869712084,-156.5731655914894,17.593758210067147,-174.16692380155655,15483.149635347383
2011-07-18,HANDELSBANKEN_5_min,long,62.066605,61.388034250000004,61.388034250000004,stop,0.5,228.1729596412373,-154.83149635347382,16.901406251468256,-171.73290260494207,15311.41673274244
2011-07-18,INVESTOR_5_MIN,long,35.475,35.120535714285715,35.120535714285715,stop,0.5,431.9593637448744,-153.1141673274244,18.296641614222846,-171.41080894164725,15140.005923800793
2011-07-18,KINNEVIK_5_min,long,61.52808915,60.94754496892857,60.94754496892857,stop,0.5,260.7899005353726,-151.40005923800794,19.16424506392924,-170.56430430193717,14969.441619498855
2011-07-18,VOLVO_5_MIN,long,104.7,103.34285714285714,103.34285714285714,stop,0.5,110.30114877525439,-149.69441619498855,13.76841968240597,-163.46283587739453,14805.97878362146
2011-07-18,ABB_5_min,long,166.3,164.96428571428572,164.96428571428572,stop,0.5,110.84689998433153,-148.0597878362146,22.03177148817147,-170.09155932438608,14635.887224297074
2011-07-18,ASSA_5_min,long,52.366614,51.79399557142857,51.79399557142857,stop,0.5,255.5958120455658,-146.35887224297073,15.973809351942249,-162.33268159491297,14473.55454270216
2011-07-18,SEB_5_MIN,short,45.83,46.63214285714285,45.38,eod,0.5,180.43612074606494,81.19625433572845,9.874547143949147,71.32170719177931,14544.87624989394
2011-07-18,HM_5_min,short,213.1,214.9,214.9,stop,0.5,80.80486805496582,-145.4487624989394,20.750690116515223,-166.19945261545462,14378.676797278486
2011-07-19,ASSA_5_min,short,51.166616,51.7594725,51.7594725,stop,0.5,242.53216077209922,-143.78676797278487,14.977731986235186,-158.76449995902007,14219.912297319466
2011-07-19,INVESTOR_5_MIN,short,34.45,34.82946428571429,34.82946428571429,stop,0.5,374.7365123058317,-142.19912297319468,15.576926892506998,-157.77604986570168,14062.136247453764
2011-07-19,HANDELSBANKEN_5_min,long,61.933271,61.214224107142854,62.366604,eod,0.5,195.56633075177697,84.74534480366067,14.58532227999272,70.16002252366795,14132.29626997743
2011-07-19,HUSQVARNA_5_min,short,36.91,37.49535714285714,35.0,eod,0.5,241.43032065855343,461.1319124578362,10.416752615133944,450.7151598427023,14583.011429820133
2011-07-19,KINNEVIK_5_min,short,60.27424128,60.88677135892857,60.88677135892857,stop,0.5,238.07829087068694,-145.83011429820132,17.307484085542686,-163.137598383744,14419.873831436389
2011-07-20,ABB_5_min,short,162.3,163.70714285714286,162.9,eod,0.5,102.47626073102099,-61.48575643861201,19.995167993836816,-81.48092443244883,14338.39290700394
2011-07-20,ATLAS_5_min,short,34.50000007,35.05892864571428,35.05892864571428,stop,0.5,256.5335452509326,-143.3839290700394,10.70651915237945,-154.09044822241884,14184.30245878152
2011-07-20,BOLIDEN_5_min,long,100.700659,99.18719139285714,101.317374,eod,0.5,93.72055531177718,57.79887226910259,11.359945341451755,46.43892692765083,14230.74138570917
2011-07-20,HANDELSBANKEN_5_min,short,64.666602,65.39279175,64.133269,eod,0.5,195.96450357098968,104.51433658302643,15.144121668313504,89.37021491471293,14320.111600623883
2011-07-20,HEXAGON_5_min,long,20.142837,19.785184285714287,20.028551,eod,0.5,400.39152587513075,-45.75914592616515,9.650570002705148,-55.4097159288703,14264.701884695012
2011-07-20,SANDVIK_min,long,106.5,104.88392857142857,107.5,eod,0.5,88.26776856827841,88.26776856827841,11.333581484166947,76.93418708411147,14341.636071779123
2011-07-20,SEB_5_MIN,long,47.25,46.49464285714286,48.14,eod,0.5,189.86563121031458,168.98041177718008,10.866769536691143,158.11364224048893,14499.749714019612
2011-07-20,VOLVO_5_MIN,long,104.5,103.03214285714286,103.03214285714286,stop,0.5,98.78174987653271,-144.99749714019612,12.300232936233083,-157.2977300764292,14342.451983943183
2011-07-20,ALFA_LAVAL_5_MIN,long,141.3,139.2892857142857,139.2892857142857,stop,0.5,71.33013420078264,-143.42451983943184,12.008682843181045,-155.4332026826129,14187.01878126057
2011-07-20,GETINGE_5_min,short,169.639658,171.49841417857144,171.49841417857144,stop,0.5,76.32533489230472,-141.8701878126057,15.62248656212681,-157.49267437473253,14029.526106885838
2011-07-20,ERICSSON_5_MIN,short,92.6,93.625,91.85,eod,0.5,136.87342543303183,102.65506907477388,15.147781992673629,87.50728708210025,14117.033393967939
2011-07-20,NORDEA_5_min,long,67.2,66.29285714285714,67.9,eod,0.5,155.62084056342587,108.93458839439856,12.614625336071303,96.31996305832726,14213.353357026266
2011-07-20,SWEDBANK_5_MIN,long,103.8,102.34821428571428,104.2,eod,0.5,97.90255694876606,39.16102277950698,12.218239107206003,26.942783672300976,14240.296140698567
2011-07-20,INVESTOR_5_MIN,short,35.275,35.64017857142857,35.625,eod,0.5,389.95431974529,-136.48401191085205,16.588656761964636,-153.0726686728167,14087.223472025751
2011-07-20,HUSQVARNA_5_min,short,34.7,35.38892857142857,35.01,eod,0.5,204.4801748142677,-63.388854192422,8.55258779178156,-71.94144198420356,14015.282030041548
2011-07-21,ABB_5_min,short,159.0,160.37142857142857,160.37142857142857,stop,0.5,102.19476480238664,-140.15282030041547,19.58285281647562,-159.7356731168911,13855.546356924657
2011-07-21,INVESTOR_5_MIN,short,35.45,35.82232142857143,35.7,eod,0.5,372.13937457447884,-93.03484364361971,15.886629900584502,-108.92147354420422,13746.624883380453
2011-07-21,KINNEVIK_5_min,short,64.52836699,65.21446468214285,65.21446468214285,stop,0.5,200.3595849513262,-137.46624883380454,15.597131942544193,-153.06338077634874,13593.561502604105
2011-07-21,ERICSSON_5_MIN,short,84.7,85.75892857142857,83.0,eod,0.5,128.37090120503095,218.230532048553,12.916680079250215,205.31385196930276,13798.875354573407
2011-07-21,SEB_5_MIN,long,49.0,48.23642857142857,49.5,eod,0.5,180.7149251300533,90.35746256502665,10.68025207518615,79.6772104898405,13878.552565063248
2011-07-21,SWEDBANK_5_MIN,long,110.0,108.57321428571429,110.7,eod,0.5,97.27145727703906,68.09002009392762,12.880686372625512,55.20933372130211,13933.76189878455
2011-07-22,HEXAGON_5_min,long,19.89998,19.55100075,19.55100075,stop,0.5,399.2719308894319,-139.3376189878455,9.451001555720584,-148.78862054356608,13784.973278240985
2011-07-22,HUSQVARNA_5_min,long,36.98,36.235,37.71,eod,0.5,185.03319836565146,135.0742348069263,8.292077751558303,126.782157055368,13911.755435296353
2011-07-22,KINNEVIK_5_min,long,66.31957729,65.59829510357143,66.94650123,eod,0.5,192.87535027283133,120.918174521923,15.422244944418985,105.49592957750403,14017.251364873857
2011-07-22,SEB_5_MIN,long,50.5,49.68642857142857,49.68642857142857,stop,0.5,172.29281747869533,-140.17251364873857,10.356841231019692,-150.52935487975827,13866.722009994099
2011-07-22,SWEDBANK_5_MIN,long,112.8,111.21249999999999,111.21249999999999,stop,0.5,87.34942998421448,-138.66722009994098,11.740418510603307,-150.4076386105443,13716.314371383554
2011-07-22,VOLVO_5_MIN,short,106.2,107.71785714285714,105.9,eod,0.5,90.3663064467625,27.109891934028493,11.500016158414994,15.6098757756135,13731.924247159168
2011-07-25,VOLVO_5_MIN,long,104.5,102.84642857142858,104.9,eod,0.5,83.04403432407291,33.21761372962963,10.43365247247652,22.783961257153113,13754.708208416321
2011-07-25,KINNEVIK_5_min,long,66.49869865,65.73423550928571,66.58825933,eod,0.5,179.9263754634981,16.114328536447154,14.367512382482563,1.7468161539645912,13756.455024570287
2011-07-26,GETINGE_5_min,long,176.638157,174.89205267857145,174.89205267857145,stop,0.5,78.78369497027276,-137.56455024570286,16.61690928729156,-154.1814595329944,13602.273565037292
2011-07-27,ASSA_5_min,long,52.333281,51.77018628571429,53.299947,eod,0.5,241.562799648934,233.5105452854373,15.3102349749805,218.2003103104568,13820.473875347749
2011-07-28,ASSA_5_min,long,52.766614,52.07613846428571,52.07613846428571,stop,0.5,200.1587769659459,-138.2047387534775,12.5911182641969,-150.7958570176744,13669.678018330074
2011-07-28,INVESTOR_5_MIN,short,34.425,34.80803571428571,34.55,eod,0.5,356.87737483752477,-44.609671854690596,14.769370157650961,-59.37904201234156,13610.298976317732
2011-07-29,INVESTOR_5_MIN,long,34.325,33.949107142857144,33.949107142857144,stop,0.5,362.0792126716345,-136.10298976317733,14.832380976086718,-150.93537073926404,13459.363605578468
2011-08-01,ALFA_LAVAL_5_MIN,long,134.9,132.88214285714287,132.88214285714287,stop,0.5,66.70127096569874,-134.59363605578469,10.71684556229384,-145.3104816180785,13314.05312396039
2011-08-01,ASSA_5_min,long,55.066612,54.35351742857143,54.35351742857143,stop,0.5,186.7080981599373,-133.1405312396039,12.257774559613654,-145.39830579921755,13168.654818161172
2011-08-01,BOLIDEN_5_min,long,99.291026,97.62967278571429,97.62967278571429,stop,0.5,79.26463021184185,-131.68654818161173,9.365307822184281,-141.05185600379602,13027.602962157376
2011-08-01,GETINGE_5_min,long,170.723933,168.90742128571426,168.90742128571426,stop,0.5,71.71769309112328,-130.27602962157377,14.614546338471246,-144.89057596004503,12882.71238619733
2011-08-01,HEXAGON_5_min,long,19.085695,18.683144357142858,18.683144357142858,stop,0.5,320.0271224202003,-128.82712386197332,7.252231785970341,-136.07935564794366,12746.633030549387
2011-08-01,KINNEVIK_5_min,long,66.54347899,65.76622152571429,65.76622152571429,stop,0.5,163.99499028630586,-127.46633030549388,13.01887683051516,-140.48520713600905,12606.147823413377
2011-08-01,SANDVIK_min,long,103.5,101.62321428571428,101.62321428571428,stop,0.5,67.16881808859641,-126.06147823413379,8.266730319663193,-134.32820855379697,12471.81961485958
2011-08-01,SEB_5_MIN,short,49.11,49.91392857142857,46.19,eod,0.5,155.13591702179846,452.99687770365176,8.870671735306434,444.12620596834535,12915.945820827925
2011-08-01,SWEDBANK_5_MIN,long,112.8,111.11607142857143,111.11607142857143,stop,0.5,76.70126892538346,-129.15945820827926,10.304788086814938,-139.4642462950942,12776.48157453283
2011-08-01,VOLVO_5_MIN,long,104.8,103.09285714285714,103.09285714285714,stop,0.5,74.84131466253548,-127.7648157453283,9.335384842513264,-137.10020058784158,12639.381373944989
2011-08-01,ATLAS_5_min,short,33.89999996,34.50624996178571,31.7750001,eod,0.5,208.4846406056193,443.02983209909183,8.215337270569874,434.81449482852196,13074.195868773511
2011-08-01,INVESTOR_5_MIN,short,34.775,35.15,33.425,eod,0.5,348.64522316729364,470.6710512758469,14.266562532005652,456.4044887438412,13530.600357517353
2011-08-01,SKF_5_min,short,168.7,171.37142857142857,161.9,eod,0.5,50.64930615113435,344.4152818277127,10.046796368139008,334.3684854595737,13864.968842976927
2011-08-01,ERICSSON_5_MIN,short,79.7,81.02678571428572,77.8,eod,0.5,104.50043811664938,198.55083242163442,9.875291402023366,188.67554101961105,14053.644383996538
2011-08-02,ABB_5_min,short,150.0,151.81071428571428,148.8,eod,0.5,77.61381513844253,93.13657816613016,13.914604778019978,79.22197338811019,14132.866357384648
2011-08-02,SKF_5_min,short,158.3,161.10357142857143,155.2,eod,0.5,50.41022394990725,156.27169424471361,9.482163124977552,146.78953111973607,14279.655888504383
2011-08-02,ATLAS_5_min,short,31.29999996,31.96071424892857,30.87499993,eod,0.5,216.12452050432574,91.85292769807398,8.062525223149652,83.79040247492433,14363.446290979307
2011-08-02,SANDVIK_min,short,95.05,97.09464285714286,91.15,eod,0.5,70.2491696327371,273.97176156767404,7.848237231369388,266.1235243363046,14629.569815315612
2011-08-02,VOLVO_5_MIN,short,96.5,98.35178571428571,92.25,eod,0.5,79.00249852050874,335.7606187121621,8.947032957447615,326.8135857547145,14956.383401070327
2011-08-02,GETINGE_5_min,short,161.754026,163.79232110714287,160.1769,eod,0.5,73.37692833907234,115.72466148368935,14.173381492339917,101.55127999134943,15057.934681061675
2011-08-02,INVESTOR_5_MIN,short,32.975,33.36875,32.325,eod,0.5,382.4237379317278,248.57542965562254,14.983362052165097,233.59206760345745,15291.526748665132
2011-08-02,HM_5_min,short,209.9,211.6107142857143,204.2,eod,0.5,89.3867951905267,509.5047325860037,22.209043133038257,487.2956894529654,15778.822438118097
2011-08-03,GETINGE_5_min,short,158.205492,160.33179639285714,153.966965,eod,0.5,74.20773098679362,314.53147139626174,13.899365826325438,300.6321055699363,16079.454543688033
2011-08-03,HEXAGON_5_min,long,17.457125,17.026513142857144,17.914268,eod,0.5,373.40947019843946,170.70152543492466,7.924807872186474,162.77671756273818,16242.23126125077
2011-08-03,SKF_5_min,long,154.3,151.46785714285716,151.46785714285716,stop,0.5,57.349618576925835,-162.4223126125077,10.521401988136082,-172.9437146006438,16069.287546650126
2011-08-03,KINNEVIK_5_min,short,61.34896779,62.19499497392857,62.19499497392857,stop,0.5,189.9381940900715,-160.69287546650128,14.079430306866978,-174.77230577336826,15894.515240876759
2011-08-03,ABB_5_min,short,146.8,148.5857142857143,148.5857142857143,stop,0.5,89.00928534891025,-158.9451524087676,15.77524279850929,-174.72039520727688,15719.794845669481
2011-08-03,ASSA_5_min,short,48.699951,49.5106645,49.5106645,stop,0.5,193.90074108386636,-157.1979484566948,11.425866676651589,-168.6238151333464,15551.171030536134
2011-08-03,BOLIDEN_5_min,short,87.441299,89.27570985714286,86.64838,eod,0.5,84.774743727572,67.21950502172247,8.855044753704163,58.364460268018306,15609.535490804152
2011-08-03,HM_5_min,short,201.2,203.07142857142856,203.07142857142856,stop,0.5,83.40973163025141,-156.09535490804151,20.23210281775272,-176.32745772579423,15433.208033078357
2011-08-03,ALFA_LAVAL_5_MIN,short,122.5,124.66071428571429,122.3,eod,0.5,71.42641734317236,14.285283468634676,10.491112179365157,3.794171289269519,15437.002204367627
2011-08-03,ATLAS_5_min,short,29.89999989,30.548214183571428,30.548214183571428,stop,0.5,238.14658759397744,-154.37002204367627,8.637321544662766,-163.00734358833904,15273.994860779289
2011-08-03,VOLVO_5_MIN,short,89.75,91.70178571428572,91.70178571428572,stop,0.5,78.25651529767958,-152.73994860779288,8.519870666724765,-161.25981927451764,15112.735041504771
2011-08-03,NORDEA_5_min,short,62.45,63.49285714285715,61.35,eod,0.5,144.9166373842921,159.40830112272153,10.764407824905216,148.6438932978163,15261.378934802588
2011-08-03,SEB_5_MIN,short,43.22,44.12535714285714,42.65,eod,0.5,168.56749908263237,96.0834744771005,8.684934687735383,87.39853978936512,15348.777474591952
2011-08-03,SWEDBANK_5_MIN,short,101.1,102.9392857142857,101.0,eod,0.5,83.44966393952934,8.34496639395246,10.119106249307327,-1.7741398553548677,15347.003334736597
2011-08-03,INVESTOR_5_MIN,short,31.725,32.14017857142857,31.625,eod,0.5,369.64825236355,36.96482523635552,14.050330072338534,22.91449516401699,15369.917829900614
2011-08-03,SANDVIK_min,short,88.5,90.63035714285714,88.75,eod,0.5,72.1471415318053,-18.036785382951326,7.6728485019074935,-25.709633884858818,15344.208196015756
2011-08-04,ABB_5_min,short,146.6,148.49642857142857,141.0,eod,0.5,80.9110789997064,453.1020423983554,13.962015792189337,439.1400266061661,15783.348222621922
2011-08-04,BOLIDEN_5_min,short,87.441299,89.36223867857143,78.807296,eod,0.5,82.16472593433926,709.4104902112636,8.195862147086377,701.2146280641772,16484.5628506861
2011-08-04,HM_5_min,short,202.0,203.91071428571428,193.5,eod,0.5,86.27434762975939,733.3319548529548,20.4729026925419,712.859052160413,17197.421902846512
2011-08-04,INVESTOR_5_MIN,short,32.0,32.43035714285714,30.65,eod,0.5,399.6081438005853,539.4709941307907,15.021270125464,524.4497240053267,17721.87162685184
2011-08-04,NORDEA_5_min,short,62.0,63.05714285714286,59.45,eod,0.5,167.63932619994986,427.48028180987166,12.215877700190347,415.2644041096813,18137.136030961523
2011-08-04,SANDVIK_min,short,89.6,91.81964285714285,83.85,eod,0.5,81.71195637440424,469.8437491528244,8.503763299884248,461.3399858529401,18598.476016814464
2011-08-04,SWEDBANK_5_MIN,short,101.8,103.59107142857142,93.85,eod,0.5,103.83994585659127,825.5275695599009,12.189771244105248,813.3377983157957,19411.81381513026
2011-08-04,VOLVO_5_MIN,short,89.6,91.57321428571429,81.65,eod,0.5,98.37661299975485,782.09407334805,10.10819698572481,771.9858763623251,20183.799691492582
2011-08-04,HANDELSBANKEN_5_min,long,62.499938,61.64993882142857,61.64993882142857,stop,0.5,237.45669643369462,-201.83799691492584,17.688131767599923,-219.52612868252575,19964.273562810056
2011-08-08,ABB_5_min,long,138.5,136.4892857142857,136.4892857142857,stop,0.5,99.28945999266031,-199.64273562810058,16.382122609403282,-216.02485823750385,19748.248704572554
2011-08-08,ALFA_LAVAL_5_MIN,long,117.3,114.98214285714285,114.98214285714285,stop,0.5,85.20045666071337,-197.48248704572555,11.874326787334578,-209.35681383306013,19538.891890739495
2011-08-08,ASSA_5_min,long,47.999952,47.09042903571429,47.09042903571429,stop,0.5,214.8257125765286,-195.38891890739495,12.256715319102565,-207.64563422649752,19331.246256512997
2011-08-08,ATLAS_5_min,long,28.75000006,28.063392911071432,28.063392911071432,stop,0.5,281.5474072281194,-193.31246256512998,9.597398092102456,-202.90986065723243,19128.336395855764
2011-08-08,BOLIDEN_5_min,long,73.82953,71.65687010714286,71.65687010714286,stop,0.5,88.04109864936653,-191.28336395855763,7.6852695023845055,-198.96863346094213,18929.36776239482
2011-08-08,HANDELSBANKEN_5_min,long,59.666607,58.732084071428574,58.732084071428574,stop,0.5,202.55648292473174,-189.2936776239482,14.389453467792244,-203.68313109174045,18725.68463130308
2011-08-08,HEXAGON_5_min,long,15.071414,14.551006285714287,14.551006285714287,stop,0.5,359.8271915896758,-187.2568463130308,6.395371379698568,-193.65221769272935,18532.03241361035
2011-08-08,HM_5_min,long,193.5,191.35357142857143,191.35357142857143,stop,0.5,86.33891973063056,-185.32032413610352,19.936704966970755,-205.25702910307427,18326.775384507277
2011-08-08,HUSQVARNA_5_min,long,34.18,33.35107142857143,33.35107142857143,stop,0.5,221.08992277733944,-183.26775384507278,8.95826362032831,-192.22601746540107,18134.549367041876
2011-08-08,INVESTOR_5_MIN,long,30.225,29.758928571428573,29.758928571428573,stop,0.5,389.09377952273763,-181.34549367041876,14.003624087087442,-195.3491177575062,17939.20024928437
2011-08-08,NORDEA_5_min,long,59.35,58.214285714285715,58.214285714285715,stop,0.5,157.95522232074285,-179.39200249284372,11.141935732187598,-190.5339382250313,17748.66631105934
2011-08-08,SANDVIK_min,long,83.5,81.2375,81.2375,stop,0.5,78.44714391628428,-177.48666311059338,7.7539118225453265,-185.2405749331387,17563.425736126203
2011-08-08,SEB_5_MIN,long,40.7,39.800000000000004,39.800000000000004,stop,0.5,195.149174845847,-175.63425736126203,9.42570514505441,-185.05996250631645,17378.365773619887
2011-08-08,SKF_5_min,short,145.1,147.88214285714284,147.88214285714284,stop,0.5,62.46395913496266,-173.78365773619888,10.980494759221417,-184.7641524954203,17193.601621124468
2011-08-08,SWEDBANK_5_MIN,long,91.4,89.36428571428571,89.36428571428571,stop,0.5,84.45979743710241,-171.9360162112447,9.160388973174644,-181.09640518441932,17012.505215940047
2011-08-08,VOLVO_5_MIN,long,81.1,78.90714285714284,78.90714285714284,stop,0.5,77.58145701080126,-170.12505215940047,7.448152364995536,-177.573204524396,16834.93201141565
2011-08-08,GETINGE_5_min,long,145.095629,142.5398393214286,142.5398393214286,stop,0.5,65.86978636217715,-168.3493201141565,11.367892109110365,-179.71721222326687,16655.214799192385
2011-08-08,KINNEVIK_5_min,short,55.52753265,56.49990418821428,54.2736856,eod,0.5,171.28447455155822,214.7645331272709,11.284346383843328,203.48018674342757,16858.694985935814
2011-08-09,ABB_5_min,long,132.0,129.81428571428572,129.81428571428572,stop,0.5,77.13128424937962,-168.58694985935813,12.116443255186116,-180.70339311454424,16677.99159282127
2011-08-09,ALFA_LAVAL_5_MIN,long,114.2,111.78214285714286,111.78214285714286,stop,0.5,68.97839949763592,-166.7799159282127,9.3527319175991,-176.1326478458118,16501.858944975458
2011-08-09,ASSA_5_min,long,46.46662,45.49757328571428,45.49757328571428,stop,0.5,170.28961247899127,-165.0185894497546,9.396328101940401,-174.414917551695,16327.444027423764
2011-08-09,ATLAS_5_min,long,28.07500008,27.423214350714286,27.423214350714286,stop,0.5,250.50324506670137,-163.27444027423763,8.341489686180937,-171.61592996041858,16155.828097463345
2011-08-09,BOLIDEN_5_min,long,72.375846,69.99866346428571,69.99866346428571,stop,0.5,67.96208475681455,-161.55828097463342,5.805641087653007,-167.36392206228643,15988.464175401059
2011-08-09,GETINGE_5_min,long,137.89999,135.22802807142858,135.22802807142858,stop,0.5,59.83791911267757,-159.8846417540106,9.806047351658446,-169.69068910566904,15818.77348629539
2011-08-09,HANDELSBANKEN_5_min,long,58.333275,57.33089496428571,57.33089496428571,stop,0.5,157.81213634231096,-158.1877348629539,10.95192585619445,-169.13966071914837,15649.63382557624
2011-08-09,HEXAGON_5_min,long,14.2857,13.765292321428571,13.765292321428571,stop,0.5,300.71873398440334,-156.4963382557624,5.061275338743732,-161.55761359450614,15488.076211981734
2011-08-09,HM_5_min,long,190.6,188.24285714285713,188.24285714285713,stop,0.5,65.70698999022542,-154.88076211981735,14.935574293292467,-169.8163364131098,15318.259875568623
2011-08-09,HUSQVARNA_5_min,long,32.63,31.723571428571432,31.723571428571432,stop,0.5,168.99577482896848,-153.18259875568623,6.5252889999496775,-159.7078877556359,15158.551987812987
2011-08-09,INVESTOR_5_MIN,long,29.675,29.19375,29.19375,stop,0.5,314.98289844806254,-151.58551987812987,11.12558970180863,-162.7111095799385,14995.840878233048
2011-08-09,KINNEVIK_5_min,long,54.0497839,52.9622630925,52.9622630925,stop,0.5,137.89015138667187,-149.95840878233048,8.853544415996081,-158.81195319832656,14837.028925034721
2011-08-09,NORDEA_5_min,long,58.0,56.80357142857143,56.80357142857143,stop,0.5,124.01098803014116,-148.3702892503472,8.542142593347616,-156.91243184369483,14680.116493191026
2011-08-09,SANDVIK_min,long,79.65,77.33214285714287,77.33214285714287,stop,0.5,63.33486314473806,-146.80116493191028,5.965465520414917,-152.7666304523252,14527.349862738702
2011-08-09,SEB_5_MIN,long,39.5,38.541785714285716,38.541785714285716,stop,0.5,151.60857106100795,-145.27349862738703,7.099082169115345,-152.37258079650238,14374.9772819422
2011-08-09,SKF_5_min,long,139.6,136.6107142857143,136.6107142857143,stop,0.5,48.08833499335526,-143.749772819422,7.969508014395219,-151.7192808338172,14223.258001108383
2011-08-09,SWEDBANK_5_MIN,long,89.0,86.74285714285715,86.74285714285715,stop,0.5,63.01443418212587,-142.23258001108383,6.644602022644391,-148.87718203372822,14074.380819074655
2011-08-09,VOLVO_5_MIN,long,78.4,76.08928571428572,76.08928571428572,stop,0.5,60.90922147358436,-140.74380819074656,5.64589327132037,-146.38970146206694,13927.991117612588
2011-08-11,ABB_5_min,long,140.0,137.45,137.45,stop,0.5,54.619573010245205,-139.2799111761259,9.092520319015518,-148.3724314951414,13779.618686117446
2011-08-11,INVESTOR_5_MIN,long,29.725,29.170535714285716,29.170535714285716,stop,0.5,248.52130319567712,-137.79618686117448,8.782077172873098,-146.57826403404758,13633.040422083399
2011-08-11,KINNEVIK_5_min,long,54.45280614,53.26772833928572,53.26772833928572,stop,0.5,115.03920176267208,-136.330404220834,7.435250579967255,-143.76565480080126,13489.274767282597
2011-08-11,NORDEA_5_min,short,57.05,58.25892857142857,57.4,eod,0.5,111.58041166437592,-39.05314408253173,7.662226868992693,-46.71537095152442,13442.559396331073
2011-08-11,HM_5_min,long,195.6,192.87142857142857,192.87142857142857,stop,0.5,49.26592448917149,-134.42559396331075,11.483042439720345,-145.9086364030311,13296.650759928041
2011-08-11,ERICSSON_5_MIN,long,72.25,70.57678571428572,72.45,eod,0.5,79.46770998462888,15.893541996926002,6.899386580865479,8.994155416060522,13305.644915344103
2011-08-11,SANDVIK_min,long,84.3,81.86607142857143,81.86607142857143,stop,0.5,54.667359886960476,-133.05644915344104,5.450316256672856,-138.5067654101139,13167.13814993399
2011-08-11,SEB_5_MIN,long,38.28,37.253214285714286,37.253214285714286,stop,0.5,128.23647589500916,-131.6713814993399,5.811667927813536,-137.48304942715345,13029.655100506836
2011-08-12,ABB_5_min,short,139.4,142.14285714285714,142.14285714285714,stop,0.5,47.50395088726467,-130.29655100506835,8.024638835024675,-138.32118984009304,12891.333910666743
2011-08-12,BOLIDEN_5_min,short,74.093836,76.43798025,76.43798025,stop,0.5,54.99377399947441,-128.91333910666742,4.966987609549745,-133.88032671621716,12757.453583950526
2011-08-12,HUSQVARNA_5_min,short,33.0,33.848214285714285,33.848214285714285,stop,0.5,150.40366330552217,-127.57453583950526,6.03252978840238,-133.60706562790764,12623.846518322618
2011-08-12,NORDEA_5_min,short,56.8,58.083928571428565,58.083928571428565,stop,0.5,98.32203129708881,-126.2384651832262,6.777372732319508,-133.01583791554572,12490.830680407073
2011-08-12,SANDVIK_min,short,84.65,87.12321428571428,87.12321428571428,stop,0.5,50.50444174027425,-124.90830680407073,5.205186176059501,-130.11349298013025,12360.717187426942
2011-08-12,SKF_5_min,short,144.9,148.42857142857144,148.42857142857144,stop,0.5,35.030372595946695,-123.60717187426943,6.165245490107772,-129.7724173643772,12230.944770062566
2011-08-15,ABB_5_min,short,141.8,144.525,140.6,eod,0.5,44.88420099105539,53.86104118926723,7.605179015924425,46.255862173342805,12277.200632235908
2011-08-15,ASSA_5_min,short,48.766618,49.911855,49.69995,eod,0.5,107.20227020464665,-100.05530925464328,6.333503777316128,-106.3888130319594,12170.81181920395
2011-08-15,INVESTOR_5_MIN,long,31.875,31.279464285714287,31.775,eod,0.5,204.36745483520912,-20.436745483521204,7.804793100156636,-28.24153858367784,12142.570280620272
2011-08-16,ERICSSON_5_MIN,short,70.6,72.05357142857142,70.5,eod,0.5,83.53611003866564,8.353611003866089,7.072167075873432,1.2814439279926564,12143.851724548264
2011-08-16,HM_5_min,short,201.6,204.88214285714287,204.88214285714287,stop,0.5,36.999765863694215,-121.43851724548266,9.023846468092193,-130.46236371357486,12013.389360834688
2011-08-16,INVESTOR_5_MIN,short,31.575,32.17767857142857,31.125,eod,0.5,199.3332753205158,89.69997389423197,7.498917817557804,82.20105607667416,12095.590416911362
2011-08-16,SANDVIK_min,short,87.7,90.10357142857143,85.15,eod,0.5,50.32340738090916,128.3246888213182,5.219040579474088,123.10564824184412,12218.696065153206
2011-08-16,SWEDBANK_5_MIN,short,92.7,95.1875,92.2,eod,0.5,49.12038619157073,24.560193095785365,5.4494156440928565,19.11077745169251,12237.8068426049
2011-08-16,GETINGE_5_min,long,151.601275,148.30620735714285,150.911282,eod,0.5,37.139774259667604,-25.626184260750346,6.7411488466168965,-32.367333107367244,12205.439509497532
2011-08-17,ERICSSON_5_MIN,long,70.0,68.52321428571429,70.5,eod,0.5,82.64868349841153,41.324341749205765,6.96728401891609,34.357057730289675,12239.79656722782
2011-08-18,SEB_5_MIN,short,38.86,39.88607142857143,36.17,eod,0.5,119.28795819087345,320.8846075334493,5.37010530183674,315.51450223161254,12555.311069459432
2011-08-19,ABB_5_min,short,127.8,130.72142857142856,126.2,eod,0.5,42.97661490768521,68.76258385229609,6.549636111931226,62.21294774036486,12617.524017199798
2011-08-19,BOLIDEN_5_min,short,66.957569,69.53298117857143,66.693263,eod,0.5,48.992251112979915,12.948945922667505,3.9287130736816147,9.020232848985891,12626.544250048784
2011-08-19,GETINGE_5_min,short,144.799918,148.22171899999998,148.22171899999998,stop,0.5,36.90028803559538,-126.26544250048786,6.487549683577003,-132.75299218406488,12493.79125786472
2011-08-19,HANDELSBANKEN_5_min,short,54.199946,55.37970682142857,53.999946,eod,0.5,105.9010524076904,21.180210481537628,6.875089459919065,14.305121021618564,12508.096378886337
2011-08-19,HEXAGON_5_min,short,13.621415,14.234934857142857,13.578558,eod,0.5,203.87435277378253,8.737443136826299,3.3272261345036154,5.410217002322684,12513.50659588866
2011-08-19,HM_5_min,short,192.0,195.91071428571428,188.9,eod,0.5,31.998007733779293,99.19382397471563,7.312824687477919,91.88099928723771,12605.387595175898
2011-08-19,INVESTOR_5_MIN,short,29.0,29.678571428571427,29.15,eod,0.5,185.7636066657505,-27.86454099986231,6.481292236568034,-34.345833236430344,12571.041761939468
2011-08-19,KINNEVIK_5_min,short,55.07973007,56.47751419107142,56.47751419107142,stop,0.5,89.93550271771265,-125.71041761939469,6.019774106653273,-131.73019172604796,12439.31157021342
2011-08-19,NORDEA_5_min,short,54.1,55.52142857142857,53.3,eod,0.5,87.51274471506933,70.01019577205584,5.639321269439068,64.37087450261677,12503.682444716036
2011-08-19,SANDVIK_min,short,75.0,77.76071428571429,73.05,eod,0.5,45.29147586701798,88.3183779406852,4.023241801267207,84.29513613941799,12587.977580855455
2011-08-19,SEB_5_MIN,short,35.57,36.691785714285714,35.3,eod,0.5,112.21374475133804,30.29771108286162,4.771552854316395,25.526158228545228,12613.503739084
2011-08-19,SWEDBANK_5_MIN,short,82.55,85.38214285714285,80.9,eod,0.5,44.53696149991831,73.48598647486483,4.367739814296988,69.11824666056785,12682.621985744569
2011-08-19,VOLVO_5_MIN,short,72.1,74.88749999999999,71.65,eod,0.5,45.4981954645546,20.47418795904905,3.9242193588178336,16.549968600231217,12699.1719543448
2011-08-22,ALFA_LAVAL_5_MIN,long,108.5,105.43928571428572,109.8,eod,0.5,41.49087686367032,53.9381399227713,5.434475051603538,48.50366487116776,12747.675619215968
2011-08-22,HM_5_min,long,189.2,185.06785714285712,192.1,eod,0.5,30.850036070704085,89.46510460504203,7.05787125225568,82.40723335278635,12830.082852568754
2011-08-22,SEB_5_MIN,long,35.21,34.07142857142857,35.66,eod,0.5,112.68579669759228,50.70860851391605,4.791625447175018,45.91698306674103,12875.999835635495
2011-08-23,HEXAGON_5_min,long,13.942843,13.312996571428572,13.312996571428572,stop,0.5,204.43078267253034,-128.75999835635497,3.3431595695904397,-132.1031579259454,12743.89667770955
2011-08-23,HM_5_min,short,194.1,198.43571428571428,196.9,eod,0.5,29.392842419758413,-82.29995877532389,6.895560831675323,-89.19551960699921,12654.70115810255
2011-08-24,ALFA_LAVAL_5_MIN,short,116.1,119.14285714285714,119.14285714285714,stop,0.5,41.58821976841212,-126.54701158102552,5.86999898508379,-132.4170105661093,12522.284147536442
2011-08-24,ATLAS_5_min,short,29.74999987,30.602678446785713,30.602678446785713,stop,0.5,146.85820059817704,-125.2228414753644,5.317971443330259,-130.54081291869466,12391.743334617748
2011-08-26,NORDEA_5_min,long,56.35,54.94285714285714,54.94285714285714,stop,0.5,88.06315060134432,-123.91743334617748,5.880479783655196,-129.79791312983266,12261.945421487915
2011-08-26,SWEDBANK_5_MIN,long,81.0,78.19464285714285,81.2,eod,0.5,43.70903523891293,8.74180704778271,4.253763309451006,4.4880437383317044,12266.433465226246
2011-08-29,HANDELSBANKEN_5_min,long,56.533277,55.338040035714286,57.033276,eod,0.5,102.62762809178022,51.31371141826228,6.993039578969668,44.320671839292615,12310.754137065538
2011-08-30,ATLAS_5_min,long,30.97499985,30.144642717142858,30.67500008,eod,0.5,148.25854623186018,-44.47752977009234,5.484083618889648,-49.96161338898199,12260.792523676557
2011-08-30,BOLIDEN_5_min,long,72.11154,70.1072180357143,72.684203,eod,0.5,61.17177151249753,35.030810189660855,5.314447264066987,29.716362925593867,12290.50888660215
2011-08-30,ERICSSON_5_MIN,short,71.0,72.51785714285714,69.85,eod,0.5,80.9727644293791,93.11867909378643,6.843008321926826,86.2756707718596,12376.78455737401
2011-08-30,HEXAGON_5_min,long,14.999985,14.543352714285716,14.543352714285716,stop,0.5,271.0448854489927,-123.7678455737401,4.804542351929687,-128.5723879256698,12248.212169448341
2011-08-30,HM_5_min,short,194.1,198.01785714285714,192.5,eod,0.5,31.26252878254817,50.02004605207689,7.251656176399873,42.768389875677016,12290.980559324018
2011-08-30,HUSQVARNA_5_min,long,32.18,31.367857142857144,32.29,eod,0.5,151.340130018062,16.647414301986736,5.8541389093586735,10.793275392628061,12301.773834716647
2011-08-30,KINNEVIK_5_min,short,60.00556006,61.34576954642857,60.13990026,eod,0.5,91.78993253882106,-12.331077895251445,6.61688621857104,-18.947964113822486,12282.825870602825
2011-08-30,INVESTOR_5_MIN,short,30.775,31.424107142857142,30.75,eod,0.5,189.22647833665948,4.730661958416218,6.985295447797784,-2.2546334893815665,12280.571237113443
2011-08-31,ATLAS_5_min,short,30.80000006,31.551785773571428,31.551785773571428,stop,0.5,163.35201661086938,-122.80571237113443,6.111173973121757,-128.9168863442562,12151.654350769188
2011-08-31,SKF_5_min,long,144.2,140.81785714285712,148.7,eod,0.5,35.92886186077469,161.6798783734861,6.314138183412543,155.36574019007355,12307.02009095926
2011-08-31,VOLVO_5_MIN,long,74.7,72.79285714285714,78.15,eod,0.5,64.53119148817585,222.63261063420686,5.918155571380607,216.71445506282626,12523.734546022086
2011-09-01,ALFA_LAVAL_5_MIN,short,123.7,126.275,123.9,eod,0.5,48.635862314648826,-9.727172462929904,7.22534370546423,-16.952516168394133,12506.782029853692
2011-09-01,ASSA_5_min,short,48.866618,49.838045535714286,48.999951,eod,0.5,128.74642286784203,-17.166146800238028,7.559982406259304,-24.726129206497333,12482.055900647194
2011-09-01,ATLAS_5_min,short,31.67499989,32.42321416785714,31.69999994,eod,0.5,166.82461522112837,-4.170623721759424,6.343505976767295,-10.51412969852672,12471.541770948666
2011-09-01,BOLIDEN_5_min,short,77.177408,78.99451307142857,77.089306,eod,0.5,68.63412560476645,6.0468037340315695,6.3527766151863485,-0.30597288115477905,12471.235798067511
2011-09-01,GETINGE_5_min,short,160.866893,163.46492714285714,163.46492714285714,stop,0.5,48.00258623373035,-124.71235798067512,9.341259698850132,-134.05361767952525,12337.182180387987
2011-09-01,KINNEVIK_5_min,short,60.63248317,61.80956451035714,61.80956451035714,stop,0.5,104.81163669321896,-123.37182180387987,7.700010850468431,-131.0718326543483,12206.110347733638
2011-09-01,NORDEA_5_min,short,58.25,59.34464285714286,59.34464285714286,stop,0.5,111.50769648826802,-122.06110347733639,7.867624646616336,-129.92872812395274,12076.181619609686
2011-09-01,SANDVIK_min,short,84.4,86.44464285714287,86.44464285714287,stop,0.5,59.0625476592263,-120.76181619609686,6.054311916644097,-126.81612811274096,11949.365491496945
2011-09-01,VOLVO_5_MIN,short,78.65,80.52857142857144,79.25,eod,0.5,63.60878968857673,-38.165273813145674,6.026296735095759,-44.19157054824143,11905.173920948704
2011-09-02,ABB_5_min,long,135.9,133.72857142857143,133.72857142857143,stop,0.5,54.82645884647413,-119.05173920948704,8.869667865157309,-127.92140707464435,11777.25251387406
2011-09-02,ALFA_LAVAL_5_MIN,short,122.2,124.71428571428572,119.8,eod,0.5,46.84134522563537,112.41922854152516,6.801363326762256,105.6178652147629,11882.870379088823
2011-09-02,ASSA_5_min,long,48.699951,47.784475785714285,47.784475785714285,stop,0.5,129.8000229133485,-118.82870379088823,7.514208484540204,-126.34291227542843,11756.527466813395
2011-09-02,ATLAS_5_min,short,31.10000011,31.829464389642858,30.29999987,eod,0.5,161.16659574570707,128.9333152765485,5.937377385337849,122.99593789121066,11879.523404704605
2011-09-02,GETINGE_5_min,short,160.27547,162.80661710714287,157.219788,eod,0.5,46.93335828320993,143.41341810555636,8.940671218160503,134.47274688739586,12013.996151592
2011-09-02,HM_5_min,short,195.4,198.76428571428573,191.3,eod,0.5,35.71039195802278,146.41260702789322,8.285525142100447,138.12708188579276,12152.123233477792
2011-09-02,SKF_5_min,short,146.3,149.60714285714286,142.6,eod,0.5,36.7450810515528,135.956799890746,6.369392349476162,129.58740754126984,12281.710641019063
2011-09-02,HEXAGON_5_min,short,15.599984,16.011208178571426,14.6857,eod,0.5,298.66217214379617,273.0620453963181,5.427112900980368,267.63493249533775,12549.3455735144
2011-09-02,HUSQVARNA_5_min,short,32.5,33.22035714285714,31.84,eod,0.5,174.2100525822533,114.9786347042872,6.725204869885307,108.2534298344019,12657.599003348801
2011-09-02,NORDEA_5_min,short,58.15,59.20178571428571,57.4,eod,0.5,120.3438954477985,90.25792158584888,8.343442271395869,81.914479314453,12739.513482663255
2011-09-02,SEB_5_MIN,short,37.12,37.83714285714285,36.5,eod,0.5,177.64261828414988,110.13842333617247,7.846829734847468,102.29159360132499,12841.80507626458
2011-09-02,INVESTOR_5_MIN,short,31.0,31.539285714285715,30.85,eod,0.5,238.1261868446411,35.71892802669583,8.836862793804631,26.882065232891197,12868.68714149747
2011-09-02,VOLVO_5_MIN,short,77.2,79.04464285714286,75.7,eod,0.5,69.76248595584298,104.64372893376446,6.400010461589034,98.24371847217543,12966.930859969645
2011-09-05,ABB_5_min,short,128.5,130.67857142857142,125.8,eod,0.5,59.52033837363149,160.70491360880519,9.081613229048692,151.6233003797565,13118.554160349402
2011-09-05,ATLAS_5_min,short,29.32499984,30.08928555,29.07499988,eod,0.5,171.64463483622393,42.91115184327063,6.0144279758249874,36.896723867445644,13155.450884216847
2011-09-05,BOLIDEN_5_min,short,71.142417,72.97997432142857,68.058845,eod,0.5,71.59205718812284,220.75926296769356,5.979422825857722,214.77984014183585,13370.230724358684
2011-09-05,GETINGE_5_min,short,154.952669,157.57886610714286,151.502705,eod,0.5,50.91099479164611,175.64109923536628,9.361168769751576,166.2799304656147,13536.510654824298
2011-09-05,HANDELSBANKEN_5_min,short,54.999945,55.935658357142856,53.899946,eod,0.5,144.66514292536303,159.13151255275594,9.452410977642872,149.67910157511307,13686.189756399412
2011-09-05,HM_5_min,short,187.7,191.16785714285714,182.6,eod,0.5,39.465840698164996,201.27578756064125,8.768520486318296,192.50726707432295,13878.697023473735
2011-09-05,ASSA_5_min,short,46.76662,47.67138092857143,46.099954,eod,0.5,153.3962905028128,102.26409140434919,8.547232777982977,93.71685862636622,13972.413882100102
2011-09-05,KINNEVIK_5_min,short,60.49814297,61.60645459071429,59.8264387,eod,0.5,126.06936191010162,84.68132871119143,9.101545939942085,75.57978277124934,14047.99366487135
2011-09-05,NORDEA_5_min,short,55.6,56.660714285714285,53.95,eod,0.5,132.43899751393897,218.52434589799913,8.705215306591208,209.8191305914079,14257.812795462758
2011-09-06,ASSA_5_min,long,46.86662,45.984478107142856,46.933286,eod,0.5,161.62720431838434,10.775039203090218,9.096369943264346,1.6786692598258721,14259.491464722583
2011-09-06,ATLAS_5_min,long,29.02500007,28.26428579607143,29.42500004,eod,0.5,187.44871699438517,74.97948117429249,6.573826517364703,68.40565465692778,14327.897119379511
2011-09-06,BOLIDEN_5_min,long,68.895814,66.95127557142857,66.95127557142857,stop,0.5,73.68276660855491,-143.27897119379512,6.005753637205815,-149.28472483100094,14178.61239454851
2011-09-06,KINNEVIK_5_min,long,60.45336263,59.329058031071426,60.54292331,eod,0.5,126.11006312755691,11.294503008546693,9.155309554855995,2.139193453690698,14180.751588002202
2011-09-06,SKF_5_min,long,134.5,131.1392857142857,131.1392857142857,stop,0.5,42.19564765824236,-141.807515880022,6.725293022512303,-148.5328089025343,14032.218779099667
2011-09-06,SANDVIK_min,short,78.25,80.33928571428571,77.65,eod,0.5,67.16275654953706,40.297653929721854,6.282404247643697,34.01524968207816,14066.234028781744
2011-09-07,BOLIDEN_5_min,short,69.55658,71.5546089642857,71.054315,eod,0.5,70.40055114421423,-105.44136946798011,5.939450702928742,-111.38082017090885,13954.853208610835
2011-09-07,KINNEVIK_5_min,short,61.30418745,62.41249912892857,62.0654524,eod,0.5,125.91091002579056,-95.85156262523763,9.320150173840519,-105.17171279907815,13849.681495811757
2011-09-07,SEB_5_MIN,short,33.62,34.412142857142854,34.412142857142854,stop,0.5,174.83817938806564,-138.49681495811757,7.136769598206989,-145.63358455632456,13704.047911255433
2011-09-07,SKF_5_min,long,138.8,135.43928571428572,140.0,eod,0.5,40.777188258783326,48.93262591053953,6.8212080519292755,42.11141785861025,13746.159329114043
2011-09-07,GETINGE_5_min,long,158.895485,156.19183971428572,160.27547,eod,0.5,50.843057710813525,70.16265699505725,9.73657637080828,60.42608062424897,13806.585409738293
2011-09-07,ATLAS_5_min,long,30.1749999,29.420535618571428,30.84999988,eod,0.5,182.99852954729207,123.52400378445138,6.700491135218291,116.8235126492331,13923.408922387525
2011-09-07,SWEDBANK_5_MIN,long,81.8,79.7375,83.55,eod,0.5,67.50743719945467,118.13801509904567,6.697412844557897,111.44060225448777,14034.849524642013
2011-09-07,VOLVO_5_MIN,short,72.0,73.94642857142857,73.94642857142857,stop,0.5,72.10564893394069,-140.34849524642013,6.314137165040327,-146.66263241146046,13888.186892230553
2011-09-08,BOLIDEN_5_min,short,70.922162,72.80062389285715,72.80062389285715,stop,0.5,73.93382290607227,-138.88186892230553,6.375584999861904,-145.25745392216743,13742.929438308385
2011-09-08,GETINGE_5_min,short,160.965463,163.57757860714287,155.445521,eod,0.5,52.61225575440896,290.41660025350296,9.988257368227321,280.42834288527564,14023.357781193661
2011-09-08,HEXAGON_5_min,short,14.799985,15.210188714285714,14.871414,eod,0.5,341.86325703102096,-24.41895058646886,6.086136661684186,-30.505087248153046,13992.852693945508
2011-09-08,HM_5_min,long,191.9,188.7357142857143,191.2,eod,0.5,44.22120490185944,-30.95484343130236,10.16468615874141,-41.11952959004377,13951.733164355464
2011-09-12,ALFA_LAVAL_5_MIN,long,113.2,110.83571428571429,114.0,eod,0.5,59.010351752560894,47.20828140204855,8.0442911509091,39.16399025113945,13990.897154606604
2011-09-12,BOLIDEN_5_min,short,66.957569,68.79984607142858,66.737314,eod,0.5,75.94350150467623,16.72693592391313,6.091954528966807,10.634981394946323,14001.53213600155
2011-09-12,HM_5_min,long,182.0,179.08214285714286,179.9,eod,0.5,47.98566705116807,-100.76990080745267,10.419607743490635,-111.1895085509433,13890.342627450606
2011-09-12,SANDVIK_min,long,76.55,74.71964285714286,78.85,eod,0.5,75.88870118412055,174.54401272347704,7.075862498407399,167.46815022506965,14057.810777675675
2011-09-12,SKF_5_min,long,131.3,128.38928571428573,132.6,eod,0.5,48.29677322391657,62.78580519109072,7.647311072274948,55.13849411881577,14112.94927179449
2011-09-12,GETINGE_5_min,short,147.8556,150.43251189285715,150.43251189285715,stop,0.5,54.766906508964176,-141.1294927179449,9.801790282062932,-150.93128300000785,13962.017988794483
2011-09-12,HUSQVARNA_5_min,short,30.12,30.737857142857145,30.08,eod,0.5,225.9748576221069,9.038994304884886,8.162211857310501,0.8767824475743851,13962.894771242058
2011-09-12,HANDELSBANKEN_5_min,short,50.233283,51.27137725,49.666617,eod,0.5,134.50507765785287,76.21945433606457,8.06222628450704,68.15722805155754,14031.051999293615
2011-09-12,NORDEA_5_min,short,50.35,51.375,50.15,eod,0.5,136.88831218823057,27.377662437646503,8.254365224950302,19.1232972126962,14050.175296506311
2011-09-12,SWEDBANK_5_MIN,short,75.4,77.25535714285715,74.8,eod,0.5,75.72760506297908,45.43656303778809,6.824571768275675,38.611991269512416,14088.787287775824
2011-09-12,KINNEVIK_5_min,short,57.76654635,58.71013058535714,58.71013058535714,stop,0.5,149.31138906155286,-140.88787287775824,10.434776655895147,-151.3226495336534,13937.46463824217
2011-09-12,ABB_5_min,long,117.1,114.8892857142857,118.9,eod,0.5,63.04507429253315,113.48113372656039,8.927182519822694,104.5539512067377,14042.018589448908
2011-09-13,BOLIDEN_5_min,short,67.88264,69.72649035714285,68.235049,eod,0.5,76.15595557986477,-26.83804414994522,6.219703606270708,-33.057747756215925,14008.960841692691
2011-09-13,HANDELSBANKEN_5_min,long,50.09995,49.154712821428575,49.154712821428575,stop,0.5,148.20577479680816,-140.08960841692692,8.82606852338746,-148.91567694031437,13860.045164752377
2011-09-13,KINNEVIK_5_min,short,58.16956859,59.11795071857143,58.43825063,eod,0.5,146.1440989575591,-39.266294641879085,10.224926802787703,-49.49122144466679,13810.55394330771
2011-09-13,SANDVIK_min,long,81.5,79.65714285714286,79.65714285714286,stop,0.5,74.94099039004189,-138.1055394330771,7.246365536486249,-145.35190496956335,13665.202038338146
2011-09-13,SEB_5_MIN,long,31.99,31.264999999999997,33.42,eod,0.5,188.48554535638783,269.5343298596352,7.397303713056797,262.1370261465784,13927.339064484724
2011-09-14,ASSA_5_min,long,47.599952,46.82733378571429,48.233285,eod,0.5,180.2615937207817,114.1656159359639,10.36503121982483,103.80058471613907,14031.139649200863
2011-09-14,ATLAS_5_min,long,30.14999984,29.555356984642856,30.65000003,eod,0.5,235.95910592037188,117.97959779241643,8.607788165570355,109.37180962684607,14140.511458827708
2011-09-14,HUSQVARNA_5_min,long,29.8,29.184285714285714,30.35,eod,0.5,229.66027891367477,126.3131534025213,8.288439465994523,118.02471393652677,14258.536172764236
2011-09-14,INVESTOR_5_MIN,long,29.375,28.89017857142857,30.2,eod,0.5,294.0987203222085,242.6314442658218,10.512558757917343,232.11888550790448,14490.655058272141
2011-09-14,NORDEA_5_min,long,50.9,49.86107142857143,51.35,eod,0.5,139.47691358941915,62.76461111523901,8.556908648710865,54.20770246652815,14544.86276073867
2011-09-14,SEB_5_MIN,long,32.8,32.03035714285714,33.95,eod,0.5,188.98197554556083,217.32927187739602,7.56872812059971,209.76054375679632,14754.623304495466
2011-09-14,SKF_5_min,long,132.9,130.15714285714287,139.5,eod,0.5,53.792897464306584,355.0331232644231,8.791911161566267,346.2412121028569,15100.864516598323
2011-09-14,SWEDBANK_5_MIN,long,73.95,72.00714285714287,72.75,eod,0.5,77.72503795307989,-93.27004554369609,6.841357840630091,-100.11140338432618,15000.753113213997
2011-09-15,ABB_5_min,long,125.2,122.89642857142857,126.3,eod,0.5,65.1195483984483,71.63150323829277,9.826539853325848,61.80496338496692,15062.558076598965
2011-09-15,ERICSSON_5_MIN,long,69.3,68.02678571428571,70.35,eod,0.5,118.30340144313324,124.21857151528957,9.912642006920134,114.30592950836943,15176.864006107335
2011-09-15,GETINGE_5_min,long,150.714142,148.14427089285715,153.769824,eod,0.5,59.05690742202524,180.45912898514837,10.789128834931848,169.6700001502165,15346.53400625755
2011-09-15,HEXAGON_5_min,long,15.071414,14.664781714285715,15.31427,eod,0.5,377.4056941715778,91.6552372637326,6.880638097738923,84.77459916599368,15431.308605423545
2011-09-15,HM_5_min,long,194.5,191.68571428571428,198.2,eod,0.5,54.83206103449986,202.87862582764885,12.919530220948854,189.9590956067,15621.267701030245
2011-09-15,VOLVO_5_MIN,long,73.1,71.39821428571427,74.85,eod,0.5,91.79338837961082,160.63842966431892,8.14849908645805,152.48993057786086,15773.757631608107
2011-09-15,NORDEA_5_min,short,51.4,52.43535714285714,52.43535714285714,stop,0.5,152.3508843342623,-157.73757631608106,9.491645091526946,-167.229221407608,15606.528410200499
2011-09-15,INVESTOR_5_MIN,short,30.325,30.816071428571426,30.816071428571426,stop,0.5,317.8056694440839,-156.065284102005,11.658587481531415,-167.7238715835364,15438.804538616963
2011-09-15,SEB_5_MIN,long,34.57,33.753928571428574,36.79,eod,0.5,189.18447574672916,419.98953615773854,8.100122513571955,411.8894136441666,15850.69395226113
2011-09-16,ABB_5_min,short,125.6,127.92857142857142,125.6,eod,0.5,68.07046482566149,0.0,10.259580458523697,-10.259580458523697,15840.434371802607
2011-09-16,HUSQVARNA_5_min,short,31.95,32.575714285714284,31.97,eod,0.5,253.15762694661748,-5.063152538932242,9.709101308656672,-14.772253847588914,15825.662117955018
2011-09-16,SKF_5_min,short,144.3,147.17142857142858,142.7,eod,0.5,55.114246181933,88.18279389109405,9.490673192528861,78.69212069856519,15904.354238653583
2011-09-16,SWEDBANK_5_MIN,short,78.05,80.15178571428571,80.15178571428571,stop,0.5,75.67067437252354,-159.04354238653582,7.182741487162475,-166.2262838736983,15738.127954779884
2011-09-16,VOLVO_5_MIN,short,75.45,77.19642857142857,75.35,eod,0.5,90.11607008871943,9.01160700887271,8.153702021627334,0.8579049872453766,15738.98585976713
2011-09-16,HM_5_min,short,196.8,199.8714285714286,198.7,eod,0.5,51.2432097759858,-97.36209857437184,12.160013679841429,-109.52211225421327,15629.463747512917
2011-09-16,NORDEA_5_min,short,55.25,56.36035714285714,56.36035714285714,stop,0.5,140.7606899100556,-156.29463747512918,9.426210523521764,-165.72084799865095,15463.742899514265
2011-09-16,SEB_5_MIN,short,37.25,38.12321428571428,37.15,eod,0.5,177.0898982357467,17.70898982357492,7.905293057243732,9.80369676633119,15473.546596280597
2011-09-19,ABB_5_min,long,124.0,121.68928571428572,121.68928571428572,stop,0.5,66.96434384789139,-154.735465962806,9.871453084988552,-164.60691904779455,15308.939677232804
2011-09-19,ASSA_5_min,short,47.733286,48.46780903571429,47.333286,eod,0.5,208.42014386037016,83.36805754414777,11.888273167531342,71.47978437661644,15380.419461609421
2011-09-19,INVESTOR_5_MIN,short,30.125,30.60892857142857,29.55,eod,0.5,317.8241659963574,182.74889544790528,11.379694263499577,171.3692011844057,15551.788662793826
2011-09-19,NORDEA_5_min,short,53.1,54.199642857142855,52.3,eod,0.5,141.42581440669971,113.14065152536037,8.943768503079689,104.19688302228067,15655.985545816107
2011-09-19,SKF_5_min,short,142.4,145.25357142857143,138.3,eod,0.5,54.86453007294758,224.94457329908477,9.240284154885831,215.70428914419892,15871.689834960307
2011-09-19,ATLAS_5_min,long,30.74999996,30.20535709714286,30.20535709714286,stop,0.5,291.4146299778724,-158.71689834960307,10.657969693185825,-169.3748680427889,15702.314966917518
2011-09-19,SEB_5_MIN,short,35.36,36.247142857142855,35.41,eod,0.5,176.99871943385324,-8.849935971692158,7.515719624600274,-16.365655596292434,15685.949311321227
2011-09-20,BOLIDEN_5_min,long,70.261396,68.22718228571429,72.463948,eod,0.5,77.11062609185653,169.84016371987056,6.603384381009359,163.2367793388612,15849.186090660089
2011-09-20,HUSQVARNA_5_min,long,30.41,29.793928571428573,30.56,eod,0.5,257.2621510368021,38.58932265551995,9.411164009228292,29.178158646291656,15878.36424930638
2011-09-20,VOLVO_5_MIN,long,71.35,69.54464285714285,73.45,eod,0.5,87.95137467469388,184.6978868168579,7.641215431737404,177.0566713851205,16055.4209206915
2011-09-21,BOLIDEN_5_min,short,71.671029,73.61399417857143,70.305447,eod,0.5,82.63360094027168,112.84295803921836,7.039216476414036,105.80374156280432,16161.224662254304
2011-09-22,ASSA_5_min,long,47.833285,47.07971432142857,47.07971432142857,stop,0.5,214.46196251812418,-161.61224662254304,12.213136861772975,-173.825383484316,15987.399278769988
2011-09-22,ATLAS_5_min,short,28.54999993,29.08571424285714,27.92500005,eod,0.5,298.431438083181,186.5196129902147,10.11234927586741,176.4072637143473,16163.806542484335
2011-09-22,ERICSSON_5_MIN,short,67.3,68.45,65.6,eod,0.5,140.55483949986308,238.94322714976764,11.207842901719081,227.73538424804855,16391.541926732385
2011-09-22,HUSQVARNA_5_min,long,29.85,29.268214285714286,29.268214285714286,stop,0.5,281.74534926243473,-163.91541926732384,9.993769159020019,-173.90918842634386,16217.632738306042
2011-09-22,SANDVIK_min,short,82.15,84.07857142857144,80.05,eod,0.5,84.09142901343866,176.5920009282219,8.18377787158785,168.40822305663403,16386.040961362676
2011-09-22,SWEDBANK_5_MIN,short,70.1,72.27678571428571,69.2,eod,0.5,75.27631614735931,67.74868453262273,6.29159450359629,61.457090029026446,16447.498051391703
2011-09-22,ALFA_LAVAL_5_MIN,short,111.6,113.58214285714286,110.3,eod,0.5,82.97836854756159,107.87187911182983,11.047739988422348,96.82413912340748,16544.32219051511
2011-09-22,HEXAGON_5_min,short,14.2857,14.64335275,13.849986,eod,0.5,462.58059501891495,201.5528413780719,7.809013422687212,193.7438279553847,16738.066018470498
2011-09-22,GETINGE_5_min,short,148.052741,150.59092875,146.081333,eod,0.5,65.94494839268904,130.0043988209341,11.637993798276828,118.36640502265729,16856.432423493156
2011-09-22,INVESTOR_5_MIN,short,28.85,29.337500000000002,28.475,eod,0.5,345.77297278960265,129.664864796101,11.892861399098383,117.77200339700262,16974.20442689016
2011-09-22,NORDEA_5_min,short,51.0,52.153214285714284,50.2,eod,0.5,147.19037595321308,117.75230076257004,8.937399627879099,108.81490113469094,17083.01932802485
2011-09-22,ABB_5_min,short,118.3,120.51071428571429,116.5,eod,0.5,77.27375463403797,139.09275834126814,10.886326552843268,128.20643178842488,17211.225759813275
2011-09-22,BOLIDEN_5_min,short,66.737314,68.64881417857143,65.239579,eod,0.5,90.0404088514194,134.8566717510799,7.129952042796018,127.72671970828387,17338.95247952156
2011-09-26,ABB_5_min,long,114.3,112.08571428571429,115.6,eod,0.5,78.30494668171048,101.7964306862234,10.80138434527514,90.99504634094826,17429.947525862506
2011-09-26,ERICSSON_5_MIN,long,65.35,64.15357142857142,67.8,eod,0.5,145.68314349974656,356.9237015743795,11.63862633419475,345.28507524018477,17775.232601102693
2011-09-26,KINNEVIK_5_min,short,54.67670783,55.60110052107143,55.60110052107143,stop,0.5,192.29092541287864,-177.75232601102692,12.723253092198958,-190.47557910322587,17584.757021999467
2011-09-26,NORDEA_5_min,long,49.99,48.83678571428572,51.85,eod,0.5,152.48473106719902,283.6215997849901,9.317427007130128,274.30417277786,17859.06119477733
2011-09-26,VOLVO_5_MIN,long,65.5,63.86607142857143,66.0,eod,0.5,109.30135813197067,54.65067906598534,8.623877156612485,46.02680190937285,17905.087996686703
2011-09-26,GETINGE_5_min,long,142.532798,139.88899907142857,146.672755,eod,0.5,67.72484776806226,280.37795759132246,11.751841230361956,268.6261163609605,18173.714113047663
2011-09-26,HUSQVARNA_5_min,short,28.65,29.271071428571428,29.271071428571428,stop,0.5,292.6187436258388,-181.73714113047663,10.169274690534623,-191.90641582101125,17981.80769722665
2011-09-27,ABB_5_min,short,118.1,120.19999999999999,120.19999999999999,stop,0.5,85.62765570107952,-179.8180769722665,12.243042212140347,-192.06111918440686,17789.746578042243
2011-09-27,ERICSSON_5_MIN,long,69.55,68.3125,71.55,eod,0.5,143.75552790337198,287.51105580674397,12.170342992299469,275.3407128144445,18065.08729085669
2011-09-27,HUSQVARNA_5_min,short,27.95,28.66392857142857,28.47,eod,0.5,253.03774094246495,-131.57962529008168,8.565833606384322,-140.145458896466,17924.941831960223
2011-09-27,KINNEVIK_5_min,long,56.19923692,55.26364917357142,56.69181984,eod,0.5,191.59017313325484,94.37404692528494,12.977290265906698,81.39675665937824,18006.3385886196
2011-09-27,SWEDBANK_5_MIN,long,74.7,72.47857142857143,77.8,eod,0.5,81.05747274619743,251.27816551321158,7.416758756277065,243.8614067569345,18250.199995376537
2011-09-27,VOLVO_5_MIN,short,67.95,69.59285714285714,69.59285714285714,stop,0.5,111.08817388490093,-182.50199995376536,9.167630898547081,-191.66963085231245,18058.530364524224
2011-09-27,HM_5_min,long,198.4,195.1107142857143,200.8,eod,0.5,54.90106951212582,131.7625668291023,13.149904169544376,118.61266265955793,18177.14302718378
2011-09-27,BOLIDEN_5_min,long,64.44666,62.417165999999995,66.825416,eod,0.5,89.56490153301161,213.05304691106144,7.05442233658441,205.99862457447702,18383.14165175826
2011-09-27,GETINGE_5_min,short,148.052741,150.7845492142857,149.235586,eod,0.5,67.29294375654021,-79.59712205770579,12.003244000972161,-91.60036605867795,18291.54128569958
2011-09-27,NORDEA_5_min,long,54.05,52.864642857142854,56.95,eod,0.5,154.31249050906547,447.50622247629076,10.27721186790376,437.229010608387,18728.770296307965
2011-09-27,ALFA_LAVAL_5_MIN,long,110.9,108.9,114.6,eod,0.5,93.64385148153983,346.48225048169627,12.670013105452337,333.81223737624396,19062.58253368421
2011-09-27,INVESTOR_5_MIN,long,30.125,29.610714285714288,31.0,eod,0.5,370.661327043861,324.32866116337834,13.594004169333601,310.7346569940447,19373.317190678255
2011-09-27,SEB_5_MIN,long,37.31,36.361785714285716,38.45,eod,0.5,204.31370295253896,232.91762136589452,9.287283681410612,223.63033768448392,19596.94752836274
2011-09-27,ASSA_5_min,long,48.333285,47.46304778571428,49.79995,eod,0.5,225.1908698761839,330.2795671669547,13.259225132048385,317.0203420349063,19913.967870397646
2011-09-28,ASSA_5_min,short,48.966618,49.92375989285714,48.533285,eod,0.5,208.05659034474888,90.15778646386055,12.17129842627425,77.9864880375863,19991.954358435232
2011-09-28,HANDELSBANKEN_5_min,long,57.033276,55.93208660714286,56.599943,eod,0.5,181.54873710292603,-78.6710588950218,12.377980441434131,-91.04903933645593,19900.905319098776
2011-09-28,KINNEVIK_5_min,long,56.73660018,55.80421102928572,56.60225916,eod,0.5,213.43990654388313,-28.673734753810106,14.514621327191948,-43.188356081002055,19857.716963017774
2011-09-28,SEB_5_MIN,short,37.92,38.90571428571429,37.79,eod,0.5,201.45509962481762,26.189162951226805,9.151299355556965,17.03786359566984,19874.754826613444
2011-09-28,HUSQVARNA_5_min,long,28.14,27.419642857142858,27.419642857142858,stop,0.5,275.90140562477757,-198.74754826613443,9.197390136177807,-207.94493840231223,19666.80988821113
2011-09-28,ALFA_LAVAL_5_MIN,short,112.9,114.95714285714286,114.95714285714286,stop,0.5,95.60254806769333,-196.6680988821113,13.07023407154036,-209.73833295365168,19457.071555257477
2011-09-28,VOLVO_5_MIN,short,69.2,70.86785714285715,67.9,eod,0.5,116.65910140197191,151.65683182256316,9.596377681326208,142.06045414123696,19599.132009398712
2011-09-28,HEXAGON_5_min,short,13.571415,13.9484555,13.435701,eod,0.5,519.8150333823218,70.54617744044847,8.423222943060141,62.122954497388335,19661.2549638961
2011-09-28,SANDVIK_min,short,83.2,85.3125,82.65,eod,0.5,93.0710294148929,51.189066178190835,9.261498137075993,41.92756804111484,19703.182531937215
2011-09-28,BOLIDEN_5_min,short,64.755017,66.86789328571427,63.962099,eod,0.5,93.25289258607188,73.9418970835623,7.201946035402171,66.73995104816012,19769.922482985374
2011-09-28,NORDEA_5_min,short,56.15,57.47107142857143,57.47107142857143,stop,0.5,149.6506703226792,-197.69922482985373,10.202081701240036,-207.90130653109378,19562.02117645428
2011-09-29,HM_5_min,short,202.3,205.77857142857144,205.77857142857144,stop,0.5,56.235789829642705,-195.6202117645428,13.769172466102788,-209.3893842306456,19352.631792223634
2011-09-29,ERICSSON_5_MIN,short,67.85,69.19285714285714,68.15,eod,0.5,144.11534313358038,-43.23460294007575,11.75981199970016,-54.994414939775915,19297.63737728386
2011-09-29,NORDEA_5_min,long,56.75,55.427142857142854,58.35,eod,0.5,145.8784682948021,233.40554927168358,10.074367020439032,223.33118225124454,19520.968559535104
2011-09-30,ABB_5_min,short,121.0,123.16785714285714,119.1,eod,0.5,90.04730142783896,171.08987271289453,12.972214243694479,158.11765846920005,19679.086218004304
2011-09-30,ASSA_5_min,short,49.133284,50.12018775,47.399953,eod,0.5,199.40228434641554,345.63016092845817,11.549368783892353,334.0807921445658,20013.16701014887
2011-09-30,GETINGE_5_min,short,150.615571,153.2382477142857,147.8556,eod,0.5,76.30817363473422,210.60834629482943,13.665473964978268,196.94287232985116,20210.109882478722
2011-09-30,INVESTOR_5_MIN,short,30.75,31.291964285714286,30.35,eod,0.5,372.9048281445824,149.16193125783244,13.670690999780389,135.49124025805204,20345.601122736774
2011-10-03,ASSA_5_min,long,46.633287,45.627335678571434,48.166619,eod,0.5,202.25234252730678,310.1199888720792,11.50410183592109,298.61588703615814,20644.217009772932
2011-10-03,ERICSSON_5_MIN,short,64.9,66.17500000000001,64.05,eod,0.5,161.91542752763013,137.628113398487,12.527396627812744,125.10071677067424,20769.317726543606
2011-10-03,HEXAGON_5_min,short,12.342845,12.717334464285715,12.264273,eod,0.5,554.6035257936599,43.5763082286601,8.188316641452378,35.38799158720772,20804.705718130816
2011-10-03,KINNEVIK_5_min,short,56.42313862,57.33153836214286,56.37835828,eod,0.5,229.02588753552365,10.255857112643115,15.50067776571487,-5.244820653071756,20799.460897477744
2011-10-03,SWEDBANK_5_MIN,short,73.5,75.72678571428571,75.72678571428571,stop,0.5,93.40575864143989,-207.99460897477744,8.363184677559865,-216.3577936523373,20583.103103825408
2011-10-03,VOLVO_5_MIN,short,66.15,67.87857142857143,67.87857142857143,stop,0.5,119.07580307998175,-205.83103103825408,9.575735867111904,-215.406766905366,20367.696336920042
2011-10-03,HUSQVARNA_5_min,long,27.58,26.89428571428571,27.71,eod,0.5,297.0289049134168,38.61375763874494,9.853636891597688,28.760120747147255,20396.45645766719
2011-10-04,ABB_5_min,long,115.0,112.92857142857143,112.92857142857143,stop,0.5,98.46565186460033,-203.9645645766719,13.465881218568843,-217.43044579524076,20179.02601187195
2011-10-04,ALFA_LAVAL_5_MIN,short,106.3,108.46071428571427,103.2,eod,0.5,93.39053360866392,289.5106541868576,11.739190074609052,277.77146411224857,20456.797475984196
2011-10-04,ATLAS_5_min,short,26.19999988,26.837499895714284,25.39999992,eod,0.5,320.8909328898363,256.712733476232,9.934783243762418,246.7779502324696,20703.575426216667
2011-10-04,GETINGE_5_min,short,153.375542,156.18127807142858,148.348452,eod,0.5,73.79017448236007,370.94984823852656,13.358559697664736,357.5912885408618,21061.166714757528
2011-10-04,KINNEVIK_5_min,long,56.02011556,55.13410592892857,55.13410592892857,stop,0.5,237.708101313625,-210.61166714757528,15.853355365876405,-226.4650225134517,20834.701692244078
2011-10-04,ASSA_5_min,short,47.533286,48.54995164285714,46.299954,eod,0.5,204.93169842635967,252.74882148357847,11.537643145228937,241.21117833834953,21075.912870582426
2011-10-04,NORDEA_5_min,short,54.3,55.63392857142857,52.45,eod,0.5,157.9988113457316,292.2978009896026,10.119823866694109,282.1779771229085,21358.090847705334
2011-10-04,SWEDBANK_5_MIN,short,73.65,75.86250000000001,72.7,eod,0.5,96.53374394443065,91.70705674720939,8.476628055760456,83.23042869144894,21441.321276396782
2011-10-05,ABB_5_min,short,114.1,116.15357142857142,115.6,eod,0.5,104.4099123024538,-156.6148684536807,14.38977411352418,-171.00464256720488,21270.316633829578
2011-10-05,ATLAS_5_min,short,25.92499988,26.588392745714287,26.588392745714287,stop,0.5,320.62926409266515,-212.70316633829577,10.102398259555175,-222.80556459785095,21047.51106923173
2011-10-05,ERICSSON_5_MIN,short,64.2,65.48928571428571,65.35,eod,0.5,163.24939333476175,-187.7368023349746,12.689375343911028,-200.42617767888564,20847.084891552844
2011-10-05,HEXAGON_5_min,short,11.692845,12.075497678571429,12.075497678571429,stop,0.5,544.8043633036109,-208.47084891552842,7.769458079868689,-216.2403069953971,20630.844584557446
2011-10-05,KINNEVIK_5_min,short,55.07973007,55.97373619,55.97373619,stop,0.5,230.7684938952928,-206.30844584557445,15.376584690403147,-221.6850305359776,20409.15955402147
2011-10-05,NORDEA_5_min,short,53.7,55.13928571428572,54.85,eod,0.5,141.80061228600502,-163.07070412890556,9.235473878187506,-172.30617800709308,20236.853376014376
2011-10-05,SANDVIK_min,short,74.05,76.29464285714286,74.95,eod,0.5,90.15622824636449,-81.14060542172855,8.059966805224985,-89.20057222695354,20147.652803787423
2011-10-05,SEB_5_MIN,short,36.41,37.371071428571426,37.371071428571426,stop,0.5,209.6374130457255,-201.47652803787423,9.280363767616562,-210.7568918054908,19936.895911981934
2011-10-05,VOLVO_5_MIN,short,66.2,67.87142857142858,67.87142857142858,stop,0.5,119.2805738323701,-199.36895911981935,9.595270160715371,-208.9642292805347,19727.931682701397
2011-10-05,HANDELSBANKEN_5_min,long,56.033277,54.92256382142857,57.233276,eod,0.5,177.61499605213058,213.13781764756033,12.07070301836006,201.06711462920026,19928.998797330598
2011-10-06,ASSA_5_min,short,46.799953,47.86066625,47.433286,eod,0.5,187.88300039931258,-118.9925042918979,10.62289420839931,-129.6153985002972,19799.3833988303
2011-10-06,HANDELSBANKEN_5_min,long,57.833276,56.70708664285714,56.70708664285714,stop,0.5,175.80865307643617,-197.993833988303,12.082312127476355,-210.07614611577935,19589.307252714523
2011-10-06,HEXAGON_5_min,long,12.007131,11.624733464285713,12.364273,eod,0.5,512.2759804433193,182.95526820748867,7.49093092732814,175.46433728016052,19764.771589994685
2011-10-06,ABB_5_min,long,117.0,114.94285714285715,119.8,eod,0.5,96.07875078469674,269.02050219715056,13.650868911489713,255.36963328566085,20020.141223280345
2011-10-06,SKF_5_min,long,127.3,124.11071428571428,130.7,eod,0.5,62.773119177138774,213.42860520227129,9.717278848621081,203.7113263536502,20223.852549633993
2011-10-07,ALFA_LAVAL_5_MIN,short,109.5,111.85,108.5,eod,0.5,86.05894701971934,86.05894701971934,11.256510270179287,74.80243674954005,20298.654986383535
2011-10-07,ERICSSON_5_MIN,short,69.4,70.74107142857143,68.55,eod,0.5,151.36147526464464,128.65725397494924,12.528189307654635,116.12906466729461,20414.78405105083
2011-10-07,SANDVIK_min,short,76.7,78.96071428571429,78.96071428571429,stop,0.5,90.3023623111253,-204.1478405105083,8.433918131422278,-212.58175864193058,20202.2022924089
2011-10-07,VOLVO_5_MIN,short,72.4,74.14464285714287,74.14464285714287,stop,0.5,115.79563238228188,-202.02202292408901,10.181537755127104,-212.2035606792161,19989.998731729684
2011-10-07,BOLIDEN_5_min,long,67.706436,65.5589482142857,68.587457,eod,0.5,93.08550607229964,82.01028564532388,7.612191602681314,74.39809404264255,20064.396825772325
2011-10-10,BOLIDEN_5_min,long,69.600631,67.45156992857143,72.023437,eod,0.5,93.36354881918096,226.201766260404,7.933515352013401,218.2682509083906,20282.665076680714
2011-10-10,HANDELSBANKEN_5_min,long,57.366609,56.25589582142857,59.033274,eod,0.5,182.60938528493685,304.3486711259196,12.75342664912114,291.5952444767985,20574.26032115751
2011-10-11,HUSQVARNA_5_min,short,29.07,29.763571428571428,29.3,eod,0.5,296.64227033594807,-68.22772217726818,10.389005591705573,-78.61672776897375,20495.643593388537
2011-10-11,SEB_5_MIN,short,39.85,40.80428571428572,40.26,eod,0.5,214.77470831395104,-88.05763040871919,10.32336112981837,-98.38099153853756,20397.262601849998
2011-10-12,ATLAS_5_min,short,27.87499995,28.578571379285712,28.578571379285712,stop,0.5,289.9103311025281,-203.9726260185,9.819884133596045,-213.79251015209604,20183.4700916979
2011-10-12,ERICSSON_5_MIN,short,69.7,71.05892857142858,70.05,eod,0.5,148.52487846715863,-51.98370746350468,12.45381105947125,-64.43751852297592,20119.032573174925
2011-10-12,SANDVIK_min,short,79.0,81.23571428571428,81.23571428571428,stop,0.5,89.98928307490404,-201.19032573174925,8.651698230939951,-209.8420239626892,19909.190549212235
2011-10-12,HANDELSBANKEN_5_min,short,58.333275,59.48446432142857,58.333275,eod,0.5,172.9445381278028,0.0,12.106105562828525,-12.106105562828525,19897.084443649408
2011-10-13,ATLAS_5_min,long,29.49999992,28.800892765714288,28.800892765714288,stop,0.5,284.60707806628767,-198.97084443649408,9.955708029562407,-208.92655246605648,19688.157891183353
2011-10-13,GETINGE_5_min,long,154.262676,151.3865325,151.3865325,stop,0.5,68.45332262170949,-196.88157891183351,12.55362232711239,-209.4352012389459,19478.722689944407
2011-10-13,HANDELSBANKEN_5_min,long,58.466608,57.35470435714286,57.35470435714286,stop,0.5,175.18354953754766,-194.78722689944408,12.173993166492789,-206.96122006593686,19271.76146987847
2011-10-14,SEB_5_MIN,short,37.71,38.635357142857146,38.635357142857146,stop,0.5,208.262956833885,-192.7176146987847,9.539945891466234,-202.25756059025093,19069.50390928822
2011-10-17,ABB_5_min,short,128.3,130.20357142857145,130.20357142857145,stop,0.5,100.17750646530342,-190.6950390928822,15.537745918853846,-206.23278501173607,18863.271124276485
2011-10-17,ALFA_LAVAL_5_MIN,short,116.9,119.09642857142858,114.0,eod,0.5,85.88155959020196,249.05652281158618,11.898031265626578,237.1584915459596,19100.429615822446
2011-10-17,ATLAS_5_min,long,29.55000002,28.90535714285714,28.90535714285714,stop,0.5,296.2947438507052,-191.00429615822446,10.392009046362142,-201.3963052045866,18899.03331061786
2011-10-17,ERICSSON_5_MIN,short,71.5,72.75892857142857,69.15,eod,0.5,150.1199809070357,352.78195513153304,12.668625188744743,340.1133299427883,19239.146640560648
2011-10-17,HUSQVARNA_5_min,long,29.67,29.116428571428575,29.116428571428575,stop,0.5,347.54587479722557,-192.39146640560648,12.258588446437054,-204.65005485204352,19034.496585708603
2011-10-17,KINNEVIK_5_min,long,60.1846806,59.39782726,59.39782726,stop,0.5,241.90653604785606,-190.34496585708604,17.35667414899687,-207.7016400060829,18826.79494570252
2011-10-17,BOLIDEN_5_min,long,76.913102,74.89304757142857,74.89304757142857,stop,0.5,93.19944393288817,-188.2679494570252,8.488949235389994,-196.75689869241518,18630.038047010104
2011-10-17,SKF_5_min,long,144.0,140.99642857142857,140.99642857142857,stop,0.5,62.02628600669229,-186.30038047010106,10.606361993674367,-196.90674246377543,18433.13130454633
2011-10-17,GETINGE_5_min,long,162.444019,159.73685335714285,159.73685335714285,stop,0.5,68.09014938994261,-184.33131304546328,13.162406237627932,-197.4937192830912,18235.637585263237
2011-10-18,ALFA_LAVAL_5_MIN,short,112.3,114.45714285714286,114.45714285714286,stop,0.5,84.53606827605469,-182.35637585263237,11.501494386392707,-193.8578702390251,18041.77971502421
2011-10-18,ATLAS_5_min,short,28.20000006,28.827678646428573,28.827678646428573,stop,0.5,287.4365974101506,-180.4177971502421,9.835105155345076,-190.25290230558718,17851.526812718625
2011-10-18,HEXAGON_5_min,short,12.378559,12.753048392857142,12.753048392857142,stop,0.5,476.68978489675084,-178.51526812718626,7.1879883133263975,-185.70325644051266,17665.823556278112
2011-10-18,NORDEA_5_min,short,54.85,56.1625,56.1625,stop,0.5,134.5967509049761,-176.65823556278113,8.965153085903195,-185.6233886486843,17480.200167629428
2011-10-18,INVESTOR_5_MIN,long,31.125,30.674107142857142,31.75,eod,0.5,387.6796868860384,242.29980430377398,14.625216187775797,227.67458811599818,17707.874755745426
2011-10-19,ASSA_5_min,short,48.666618,49.535664857142855,49.535664857142855,stop,0.5,203.76202514514793,-177.07874755745428,12.005937617308842,-189.0846851747631,17518.790070570663
2011-10-19,ERICSSON_5_MIN,short,67.15,68.31964285714287,65.3,eod,0.5,149.778968542283,277.0910918032248,11.902934630055228,265.18815717316954,17783.97822774383
2011-10-19,HUSQVARNA_5_min,long,29.9,29.36857142857143,29.82,eod,0.5,334.6447515973309,-26.771580127785903,11.99099073923556,-38.762570867021466,17745.21565687681
2011-10-19,KINNEVIK_5_min,short,59.55775748,60.360603797857145,59.28907544,eod,0.5,221.0287979428001,59.386468330019696,15.761143571769841,43.62532475824985,17788.84098163506
2011-10-19,NORDEA_5_min,long,56.6,55.28035714285714,56.5,eod,0.5,134.8004188053534,-13.48004188053553,9.14755642013128,-22.62759830066681,17766.213383334394
2011-10-19,SKF_5_min,short,142.7,145.725,136.0,eod,0.5,58.731283911849125,393.49960220938846,9.82104529573941,383.67855691364906,18149.891940248042
2011-10-20,INVESTOR_5_MIN,long,31.975,31.533035714285717,31.775,eod,0.5,410.6642216783405,-82.13284433566926,15.707906479196522,-97.84075081486579,18052.051189433176
2011-10-20,ATLAS_5_min,short,28.32500003,28.95267860607143,28.07500008,eod,0.5,287.6002444183931,71.90004672458691,9.732392290100037,62.16765443448688,18114.218843867664
2011-10-20,ASSA_5_min,short,48.399952,49.24280839285714,49.24280839285714,stop,0.5,214.91465209706084,-181.14218843867664,12.590915927776539,-193.73310436645318,17920.48573950121
2011-10-20,SANDVIK_min,short,79.1,81.30178571428571,78.4,eod,0.5,81.39068949002964,56.97348264301983,7.691420156807801,49.28206248621203,17969.767801987422
2011-10-20,SKF_5_min,short,132.2,135.43214285714285,131.7,eod,0.5,55.5970716525577,27.79853582627885,8.803240325465985,18.995295500812865,17988.763097488234
2011-10-21,ALFA_LAVAL_5_MIN,long,117.4,115.35000000000001,115.35000000000001,stop,0.5,87.75006389018662,-179.88763097488234,12.254296422264561,-192.1419273971469,17796.621170091086
2011-10-21,ASSA_5_min,long,50.133283,49.33804560714285,50.033283,eod,0.5,223.7900447079205,-22.379004470792367,13.449768170027319,-35.828772640819686,17760.792397450266
2011-10-21,ERICSSON_5_MIN,long,67.5,66.13392857142857,66.13392857142857,stop,0.5,130.01364369375338,-177.60792397450265,10.42454038480932,-188.03246435931197,17572.759933090954
2011-10-21,HUSQVARNA_5_min,short,32.19,32.784642857142856,32.1,eod,0.5,295.51788476068816,26.596609628460843,11.399306886758783,15.19730274170206,17587.957235832655
2011-10-21,INVESTOR_5_MIN,long,31.975,31.5375,32.5,eod,0.5,402.01045110474644,211.0554868299913,15.551774300987114,195.5037125290042,17783.46094836166
2011-10-24,ATLAS_5_min,long,30.19999995,29.525892797857143,30.87499993,eod,0.5,263.8076289775518,178.07014428369558,9.667230544888238,168.40291373880734,17951.863862100465
2011-10-24,GETINGE_5_min,short,163.134012,165.58771089285716,164.612568,eod,0.5,73.1624565441152,-108.17478909804062,14.387246950039426,-122.56203604808005,17829.301826052386
2011-10-24,KINNEVIK_5_min,short,61.43852847,62.250970515714286,61.34896779,eod,0.5,219.45321417206048,19.654379089434972,16.16766642863811,3.4867126607968615,17832.788538713183
2011-10-24,SEB_5_MIN,long,40.45,39.62678571428572,40.44,eod,0.5,216.6238954811145,-2.166238954812253,10.513624143280408,-12.67986309809266,17820.10867561509
2011-10-24,VOLVO_5_MIN,short,77.0,78.6875,78.6875,stop,0.5,105.60064400364499,-178.20108675615091,9.864420157990486,-188.0655069141414,17632.043168700948
2011-10-24,ASSA_5_min,long,50.599949,49.84637825,51.699948,eod,0.5,233.97993046705852,257.3776895338332,14.361673672108347,243.01601586172484,17875.059184562673
2011-10-24,BOLIDEN_5_min,long,77.926276,75.97387135714285,80.128827,eod,0.5,91.55407025873659,201.6525090024505,8.682352802888309,192.97015619956218,18068.029340762234
2011-10-24,ALFA_LAVAL_5_MIN,short,117.6,119.69999999999999,119.69999999999999,stop,0.5,86.03823495601087,-180.68029340762234,12.250123893036825,-192.93041730065917,17875.098923461574
2011-10-25,ALFA_LAVAL_5_MIN,long,120.9,118.88928571428572,118.88928571428572,stop,0.5,88.89924864243764,-178.75098923461573,12.790252399504084,-191.5412416341198,17683.557681827453
2011-10-25,KINNEVIK_5_min,short,60.90116521,61.665628379285714,59.51297714,eod,0.5,231.31994309615158,321.1155853591577,16.712515533824334,304.4030698253334,17987.960751652787
2011-10-25,SEB_5_MIN,long,40.9,40.12535714285714,41.54,eod,0.5,232.20972846762444,148.61422621927977,11.486022008922577,137.12820421035718,18125.088955863142
2011-10-25,VOLVO_5_MIN,long,78.3,76.62321428571428,78.25,eod,0.5,108.09424723411462,-5.404712361705424,10.153292642700386,-15.55800500440581,18109.530950858738
2011-10-26,ALFA_LAVAL_5_MIN,long,118.2,116.15,119.0,eod,0.5,88.33917537004274,70.67134029603395,12.572431438664482,58.098908857369466,18167.629859716108
2011-10-26,SWEDBANK_5_MIN,long,90.85,89.06071428571428,92.95,eod,0.5,101.53565590260519,213.22487739547176,11.197352132939297,202.02752526253246,18369.65738497864
2011-10-26,GETINGE_5_min,long,164.612568,162.3348877142857,162.3348877142857,stop,0.5,80.650728287872,-183.6965738497864,15.821130249134352,-199.51770409892075,18170.139680879718
2011-10-26,BOLIDEN_5_min,long,81.890869,79.87553428571428,81.450358,eod,0.5,90.15941397764131,-39.71621361070482,8.836049582825328,-48.55226319353015,18121.587417686187
2011-10-27,ABB_5_min,long,129.6,127.86428571428571,127.86428571428571,stop,0.5,104.40420734469441,-181.2158741768619,16.128212801740755,-197.34408697860263,17924.243330707584
2011-10-27,ALFA_LAVAL_5_MIN,long,124.5,122.44642857142857,122.44642857142857,stop,0.5,87.28327187127164,-179.24243330707586,12.932575357583735,-192.1750086646596,17732.068322042924
2011-10-27,ATLAS_5_min,long,32.34999987,31.737499846071426,33.07499996,eod,0.5,289.5031449682162,209.8898061572403,11.364445926198004,198.52536023104227,17930.593682273968
2011-10-27,BOLIDEN_5_min,long,85.811411,83.84170057142858,87.48535,eod,0.5,91.03162283238991,152.38138369242705,9.46529123125609,142.91609246117096,18073.50977473514
2011-10-27,ERICSSON_5_MIN,short,69.5,70.75714285714285,70.55,eod,0.5,143.76655502630277,-150.95488277761748,12.08070361886022,-163.0355863964777,17910.474188338663
2011-10-27,HUSQVARNA_5_min,short,33.46,34.07678571428571,34.07678571428571,stop,0.5,290.384063273587,-179.10474188338662,11.766963753691094,-190.87170563707772,17719.602482701586
2011-10-27,KINNEVIK_5_min,long,62.60281566,61.81916094535714,61.81916094535714,stop,0.5,226.11492219219429,-177.19602482701586,16.88019933547161,-194.07622416248748,17525.5262585391
2011-10-27,NORDEA_5_min,long,60.8,59.64285714285714,63.3,eod,0.5,151.45516519725132,378.6379129931283,11.277351600587332,367.36056139254094,17892.88681993164
2011-10-27,SEB_5_MIN,short,43.0,43.72071428571429,43.72071428571429,stop,0.5,248.2660212874554,-178.92886819931638,12.917884019352288,-191.84675221866868,17701.04006771297
2011-10-27,SWEDBANK_5_MIN,long,97.0,95.175,95.175,stop,0.5,96.99200037102982,-177.0104006771297,11.183662602781592,-188.1940632799113,17512.846004433057
2011-10-27,VOLVO_5_MIN,long,85.75,84.00178571428572,87.55,eod,0.5,100.17562576590936,180.31612637863657,10.416261567139255,169.8998648114973,17682.745869244554
2011-10-27,INVESTOR_5_MIN,short,32.8,33.20982142857142,33.20982142857142,stop,0.5,431.4744090098913,-176.82745869244556,17.088929213844786,-193.91638790629034,17488.829481338264
2011-10-27,SANDVIK_min,short,89.5,91.54107142857143,91.54107142857143,stop,0.5,85.68455388932135,-174.8882948133826,9.307454064601142,-184.19574887798373,17304.63373246028
2011-10-27,SKF_5_min,long,148.3,145.37857142857143,151.6,eod,0.5,59.233465098885915,195.4704348263225,10.65846970989353,184.81196511642898,17489.44569757671
2011-10-27,HEXAGON_5_min,long,15.242842,14.891311678571428,15.057128,eod,0.5,497.5231048776103,-92.39700589924004,9.044961091259067,-101.44196699049911,17388.00373058621
2011-10-27,GETINGE_5_min,long,167.372539,165.13006242857142,168.062532,eod,0.5,77.53928826783323,53.501566129788245,15.605637999246062,37.89592813054218,17425.899658716753
2011-10-28,ALFA_LAVAL_5_MIN,short,126.0,128.17857142857142,126.6,eod,0.5,79.98773613837243,-47.992641683023,12.122941289131722,-60.115582972154726,17365.7840757446
2011-10-28,BOLIDEN_5_min,short,88.278268,90.332934,88.190166,eod,0.5,84.5187688692207,7.446272574915416,8.948936871575595,-1.5026642966601793,17364.28141144794
2011-10-28,HEXAGON_5_min,short,15.357128,15.7642705,14.828557,eod,0.5,426.4914965017876,225.43103679744613,7.724362781148937,217.7066740162972,17581.988085464236
2011-10-28,INVESTOR_5_MIN,short,33.575,34.018750000000004,33.525,eod,0.5,396.21381601046045,19.81069080052471,15.951568232581137,3.859122567943574,17585.84720803218
2011-10-28,KINNEVIK_5_min,short,63.0058379,63.83267356857143,62.33413362,eod,0.5,212.68854110292918,142.86380336579347,15.995025410682896,126.86877795511057,17712.71598598729
2011-10-28,NORDEA_5_min,short,63.05,64.34107142857142,62.55,eod,0.5,137.1939274156693,68.59696370783465,10.338934370044838,58.25802933778981,17770.974015325082
2011-10-28,SANDVIK_min,long,94.75,92.57142857142857,92.57142857142857,stop,0.5,81.5716840047708,-177.70974015325083,9.16807462725049,-186.87781478050132,17584.09620054458
2011-10-28,SKF_5_min,short,151.5,154.59285714285716,151.2,eod,0.5,56.85389071769586,17.056167215309404,10.325803632147922,6.730363583161482,17590.826564127743
2011-10-28,SWEDBANK_5_MIN,short,98.25,100.17857142857143,95.1,eod,0.5,91.21169329547709,287.31683388075334,10.581468539208297,276.73536534154505,17867.561929469288
2011-10-28,VOLVO_5_MIN,long,88.2,86.31428571428572,86.31428571428572,stop,0.5,94.75222235324621,-178.6756192946929,9.921369842290764,-188.59698913698367,17678.964940332306
2011-10-28,ABB_5_min,short,128.1,129.89285714285714,129.89285714285714,stop,0.5,98.6077725755586,-176.78964940332307,15.26406058995686,-192.05370999327994,17486.911230339025
2011-10-28,ATLAS_5_min,short,32.74999985,33.39553558607143,33.0499999,eod,0.5,270.88990203330974,-81.26698415448837,10.694733291641583,-91.96171744612995,17394.949512892894
2011-10-31,ABB_5_min,short,126.7,128.4142857142857,124.2,eod,0.5,101.4705388252089,253.67634706302226,15.275374914746948,238.40097214827532,17633.35048504117
2011-10-31,HM_5_min,long,223.0,220.66071428571428,220.66071428571428,stop,0.5,75.3792081803284,-176.3335048504117,20.065676006145633,-196.39918085655734,17436.95130418461
2011-10-31,HUSQVARNA_5_min,long,33.83,33.19892857142857,33.19892857142857,stop,0.5,276.3070948031506,-174.36951304184612,11.112341112803593,-185.4818541546497,17251.469450029963
2011-10-31,KINNEVIK_5_min,short,61.70720968,62.55323692285714,61.48330881,eod,0.5,203.9115122554398,45.65596499700891,15.071978952496568,30.58398604451234,17282.053436074475
2011-11-01,ATLAS_5_min,long,31.05000001,30.382142849642857,30.382142849642857,stop,0.5,258.7687077702768,-172.82053436074474,9.53802973400929,-182.35856409475403,17099.694871979722
2011-11-01,HEXAGON_5_min,short,13.685701,14.104068035714285,13.128558,eod,0.5,408.72471806448937,227.71811559660378,6.575790269929917,221.14232532667387,17320.837197306395
2011-11-01,INVESTOR_5_MIN,long,31.4,30.943749999999998,30.943749999999998,stop,0.5,379.634787886167,-173.20837197306395,14.20071378436693,-187.4090857574309,17133.428111548965
2011-11-01,KINNEVIK_5_min,short,59.8264387,60.6724659425,58.61737117,eod,0.5,202.5162695815787,244.85584584781324,14.392079117941304,230.46376672987194,17363.891878278835
2011-11-01,NORDEA_5_min,long,57.55,56.239285714285714,56.239285714285714,stop,0.5,132.47655928932107,-173.63891878278838,9.044647833250838,-182.68356661603923,17181.208311662795
2011-11-01,SANDVIK_min,long,88.0,85.83392857142857,85.83392857142857,stop,0.5,79.31967563504674,-171.81208311662795,8.273070497190957,-180.0851536138189,17001.123158048977
2011-11-01,SKF_5_min,short,139.4,142.43571428571428,138.1,eod,0.5,56.00369981474972,72.80480975917527,9.324616019155828,63.480193740019445,17064.603351788995
2011-11-01,SWEDBANK_5_MIN,long,88.75,86.76964285714286,86.76964285714286,stop,0.5,86.1693226059678,-170.64603351788995,9.074645237424836,-179.7206787553148,16884.88267303368
2011-11-01,ASSA_5_min,long,52.133281,51.33566275,51.33566275,stop,0.5,211.6912780397602,-168.8488267303368,13.142083763916933,-181.99091049425374,16702.891762539428
2011-11-01,GETINGE_5_min,long,164.415427,162.34896903571428,162.34896903571428,stop,0.5,80.82860649097633,-167.02891762539429,15.847146469459375,-182.87606409485366,16520.015698444575
2011-11-01,ABB_5_min,short,120.3,122.08571428571429,118.5,eod,0.5,92.51208791128931,166.5217582403205,13.255131955929532,153.26662628439098,16673.282324728967
2011-11-01,ALFA_LAVAL_5_MIN,short,117.2,119.39285714285714,117.0,eod,0.5,76.03451223003462,15.20690244600714,10.684369658564465,4.522532787442675,16677.80485751641
2011-11-02,BOLIDEN_5_min,long,77.750072,75.55381335714286,80.65744,eod,0.5,75.93734422745403,220.7778046118839,7.2174274601751325,213.56037715170876,16891.36523466812
2011-11-02,GETINGE_5_min,long,162.73973,160.54301828571428,166.189694,eod,0.5,76.89386424636265,265.28106347083786,15.175592685414156,250.1054707854237,17141.470705453543
2011-11-02,HEXAGON_5_min,long,13.499987,13.067334285714287,13.757129,eod,0.5,396.1946877821665,101.87829440568186,6.479474738077377,95.39881966760449,17236.869525121147
2011-11-02,SWEDBANK_5_MIN,long,86.95,84.81428571428572,89.7,eod,0.5,80.70775028484817,221.94631328333247,8.554214452691058,213.3920988306414,17450.26162395179
2011-11-02,ABB_5_min,long,121.2,119.37857142857143,120.7,eod,0.5,95.8053579354217,-47.90267896771085,13.905189650747104,-61.80786861845795,17388.453755333332
2011-11-02,ATLAS_5_min,short,30.4499999,31.119642768214288,30.52500006,eod,0.5,259.66757178647384,-19.475109430796586,9.499938107576122,-28.975047538372706,17359.47870779496
2011-11-02,HM_5_min,short,207.1,209.83214285714286,208.2,eod,0.5,63.53796128343243,-69.89175741177532,15.832389192605692,-85.724146604381,17273.754561190577
2011-11-03,ATLAS_5_min,long,30.02499987,29.378571284642856,31.39999988,eod,0.5,267.218296846311,367.42516083586077,9.848330290188045,357.5768305456727,17631.33139173625
2011-11-03,SWEDBANK_5_MIN,long,87.85,85.70714285714286,90.4,eod,0.5,82.27954649476932,209.8128435616627,8.799797497615579,201.01304606404713,17832.344437800297
2011-11-03,GETINGE_5_min,long,165.302561,163.12345114285714,166.189694,eod,0.5,81.83315944053027,72.5968962339564,16.276235134029548,56.32066109992685,17888.665098900223
2011-11-07,HM_5_min,long,209.9,207.00357142857143,207.00357142857143,stop,0.5,61.76111254860741,-178.88665098900222,15.449057038149832,-194.33570802715207,17694.32939087307
2011-11-07,SANDVIK_min,long,87.55,85.375,85.375,stop,0.5,81.35323857872687,-176.9432939087307,8.440805268735806,-185.3840991774665,17508.945291695603
2011-11-07,SEB_5_MIN,long,39.7,38.81142857142857,39.25,eod,0.5,197.04600810589844,-88.67070364765486,9.33406940397641,-98.00477305163128,17410.940518643973
2011-11-07,ABB_5_min,short,122.1,124.07142857142857,124.07142857142857,stop,0.5,88.31636494964317,-174.10940518643972,13.044579435533578,-187.15398462197328,17223.786534021998
2011-11-07,ALFA_LAVAL_5_MIN,short,121.1,123.47857142857143,123.47857142857143,stop,0.5,72.41231575865089,-172.23786534021997,10.62630044525128,-182.86416578547124,17040.922368236526
2011-11-07,INVESTOR_5_MIN,short,31.7,32.18839285714286,31.675,eod,0.5,348.91833733866247,8.722958433466065,13.26761977730264,-4.544661343836575,17036.37770689269
2011-11-07,SKF_5_min,short,143.0,146.26071428571427,142.7,eod,0.5,52.24737960492852,15.67421388147915,8.956245811876846,6.717968069602303,17043.095674962293
2011-11-07,GETINGE_5_min,long,167.175398,165.05965482142858,165.05965482142858,stop,0.5,80.55370730992988,-170.43095674962294,16.05765912184587,-186.4886158714688,16856.607059090824
2011-11-07,KINNEVIK_5_min,long,61.34896779,60.44056801892857,61.21462677,eod,0.5,185.56375283107974,-24.92882383035529,13.646016340212306,-38.5748401705676,16818.032218920256
2011-11-09,GETINGE_5_min,short,168.062532,170.07970478571428,166.485406,eod,0.5,83.37427679981812,131.49173967218934,16.735615431372235,114.7561242408171,16932.78834316107
2011-11-10,ABB_5_min,long,119.8,117.80357142857143,121.1,eod,0.5,84.81539778327571,110.26001711825819,12.25921759559467,98.00079952266353,17030.789142683734
2011-11-10,ATLAS_5_min,long,29.97500005,29.298214309642855,30.42499985,eod,0.5,251.64225732203667,113.23896546646516,9.119515390252072,104.11945007621308,17134.908592759948
2011-11-10,BOLIDEN_5_min,long,78.190582,75.90936775,80.084776,eod,0.5,75.11310519281523,142.27879317759937,7.133132168930694,135.14566100866867,17270.054253768616
2011-11-10,GETINGE_5_min,long,165.10542,163.0460027857143,166.583976,eod,0.5,83.8589389948294,123.99013740443877,16.689072494637486,107.30106490980128,17377.355318678416
2011-11-10,INVESTOR_5_MIN,long,30.65,30.139285714285712,30.975,eod,0.5,340.25590833775897,110.58317020977263,12.580962210788634,98.002207998984,17475.3575266774
2011-11-10,NORDEA_5_min,long,52.9,51.59285714285714,54.05,eod,0.5,133.69125976693095,153.7449487319704,8.578968139243958,145.16598059272644,17620.523507270125
2011-11-10,SKF_5_min,long,133.7,130.58214285714286,134.8,eod,0.5,56.51485202789977,62.166337230691035,9.104542661694651,53.06179456899638,17673.58530183912
2011-11-10,SWEDBANK_5_MIN,long,85.4,83.14107142857144,88.05,eod,0.5,78.23879659312188,207.33281097177232,8.142311561446194,199.1904994103261,17872.77580124945
2011-11-14,ABB_5_min,short,124.3,126.30714285714285,123.1,eod,0.5,89.04585808451702,106.85502970142068,13.217967174065707,93.63706252735497,17966.412863776804
2011-11-15,SANDVIK_min,short,84.8,86.86964285714285,84.45,eod,0.5,86.80924248244204,30.383234868854224,8.815478574091989,21.567756294762233,17987.98062007157
2011-11-15,HM_5_min,long,206.7,203.70357142857142,204.2,eod,0.5,60.03140135423179,-150.07850338557947,14.800141689872303,-164.87864507545177,17823.101974996116
2011-11-16,ASSA_5_min,long,52.033281,51.14161517857143,52.699947,eod,0.5,199.88544527187315,133.25683025761845,12.560788748124368,120.69604150949408,17943.79801650561
2011-11-17,SANDVIK_min,long,82.85,80.80892857142857,80.80892857142857,stop,0.5,87.91362107824274,-179.4379801650561,8.632709419499859,-188.07068958455596,17755.727326921056
2011-11-18,ATLAS_5_min,short,30.47499995,31.073214250714287,30.32499992,eod,0.5,296.8121508583158,44.52183153311221,10.827707240160011,33.6941242929522,17789.42145121401
2011-11-18,ERICSSON_5_MIN,short,68.65,69.73392857142858,67.8,eod,0.5,164.1198684131769,139.50188815120177,13.43649362698679,126.06539452421498,17915.486845738225
2011-11-18,HANDELSBANKEN_5_min,long,57.633276,56.72256264285714,58.433275,eod,0.5,196.71927182383342,157.37522073979486,13.699516437494294,143.67570430230057,18059.162550040524
2011-11-18,INVESTOR_5_MIN,long,30.625,30.110714285714284,30.325,eod,0.5,351.1503829174535,-105.3451148752363,12.841569503291273,-118.18668437852757,17940.975865661996
2011-11-22,ABB_5_min,long,118.4,116.46428571428572,116.46428571428572,stop,0.5,92.68400816209162,-179.40975865661997,13.060898024476003,-192.470656681096,17748.5052089809
2011-11-22,HM_5_min,long,203.1,200.16071428571428,203.4,eod,0.5,60.38373582642342,18.115120747927712,14.72759316806467,3.3875275798630415,17751.892736560763
2011-11-22,INVESTOR_5_MIN,long,29.825,29.32767857142857,29.32767857142857,stop,0.5,356.9500873419759,-177.51892736560762,12.66873226954995,-190.1876596351576,17561.705076925606
2011-11-22,NORDEA_5_min,long,51.45,50.33392857142857,50.33392857142857,stop,0.5,157.35287748925313,-175.61705076925605,9.609596425724934,-185.22664719498098,17376.478429730625
2011-11-22,ALFA_LAVAL_5_MIN,short,118.0,120.19285714285715,117.0,eod,0.5,79.24126971212637,79.24126971212637,11.173019029409817,68.06825068271655,17444.546680413343
2011-11-22,HUSQVARNA_5_min,short,31.29,31.986785714285713,30.9,eod,0.5,250.35741007256496,97.63938992830047,9.341836399447688,88.29755352885279,17532.844233942196
2011-11-23,SKF_5_min,long,121.5,118.77142857142857,120.0,eod,0.5,64.25649719245833,-96.3847457886875,9.31076644318721,-105.6955122318747,17427.14872171032
2011-11-23,VOLVO_5_MIN,long,68.85,67.23928571428571,67.3,eod,0.5,108.19515836095135,-167.70249545947428,8.838462486506115,-176.54095794598038,17250.60776376434
2011-11-23,ALFA_LAVAL_5_MIN,short,114.4,116.41785714285714,116.41785714285714,stop,0.5,85.48973759033672,-172.5060776376434,11.83953482298401,-184.3456124606274,17066.262151303712
2011-11-24,ERICSSON_5_MIN,long,66.55,65.56071428571428,65.56071428571428,stop,0.5,172.51095315397262,-170.66262151303712,13.67432714596843,-184.33694865900554,16881.925202644707
2011-11-24,HANDELSBANKEN_5_min,short,55.766611,56.658276785714285,53.799946,eod,0.5,189.33018932784415,372.34905679444444,12.446554188486017,359.90250260595843,17241.827705250664
2011-11-24,SWEDBANK_5_MIN,short,78.8,80.69285714285714,77.95,eod,0.5,91.08890108434333,77.42556592169132,8.56691114698249,68.85865477470882,17310.68636002537
2011-11-24,SKF_5_min,long,121.4,118.67500000000001,123.9,eod,0.5,63.525454532203334,158.81363633050833,9.349676398049686,149.46395993245864,17460.15031995783
2011-11-25,INVESTOR_5_MIN,short,29.125,29.58125,29.35,eod,0.5,382.68822619085597,-86.10485089294313,13.426616415906182,-99.53146730884932,17360.61885264898
2011-11-25,SKF_5_min,long,122.5,119.88571428571429,119.88571428571429,stop,0.5,66.40673878062452,-173.6061885264898,9.65762688763591,-183.2638154141257,17177.355037234855
2011-11-25,SWEDBANK_5_MIN,long,78.15,76.30714285714286,76.30714285714286,stop,0.5,93.21045369042176,-171.77355037234855,8.638212216864343,-180.41176258921288,16996.94327464564
2011-11-25,NORDEA_5_min,short,48.29,49.30428571428571,47.97,eod,0.5,167.57549707397143,53.62415906367091,9.678490409004294,43.94566865466662,17040.888943300306
2011-11-28,ATLAS_5_min,long,29.09999994,28.57946422,30.04999992,eod,0.5,327.3721339104308,311.003520667467,11.618437004981928,299.38508366248504,17340.27402696279
2011-11-28,ERICSSON_5_MIN,short,64.95,65.91785714285714,65.91785714285714,stop,0.5,179.1615028616084,-173.4027402696279,14.067889177195536,-187.47062944682344,17152.803397515967
2011-11-28,HM_5_min,long,198.5,195.66785714285714,203.3,eod,0.5,60.56475348429349,290.71081672460946,14.600950769993474,276.109865954616,17428.913263470582
2011-11-28,INVESTOR_5_MIN,long,29.7,29.24375,30.375,eod,0.5,382.00357837743684,257.8524154047701,13.76931898261471,244.0830964221554,17672.99635989274
2011-11-28,SEB_5_MIN,long,35.84,35.08642857142858,36.71,eod,0.5,234.52317444407495,204.0351617663446,10.208793783550583,193.826367982794,17866.822727875533
2011-11-28,VOLVO_5_MIN,long,69.95,68.45892857142857,71.8,eod,0.5,119.82539793545251,221.67698618058648,10.191150094410236,211.48583608617625,18078.30856396171
2011-11-29,ABB_5_min,long,123.9,122.13571428571429,122.13571428571429,stop,0.5,102.46814570666525,-180.7830856396171,15.12649405228322,-195.90957969190032,17882.39898426981
2011-11-29,ASSA_5_min,short,51.466615,52.2523285,52.2523285,stop,0.5,227.59439648510318,-178.8239898426981,14.163510209973007,-192.9875000526711,17689.41148421714
2011-11-29,SKF_5_min,short,130.0,132.49285714285713,132.49285714285713,stop,0.5,70.96038990803466,-176.8941148421714,11.17595729455871,-188.07007213673012,17501.341412080412
2011-11-30,ATLAS_5_min,short,29.59999984,30.115178416785714,30.115178416785714,stop,0.5,339.71407587004495,-175.01341412080413,12.171651958151376,-187.18506607895551,17314.156346001455
2011-11-30,HEXAGON_5_min,long,13.607129,13.279323250000001,14.557128,eod,0.5,528.1834240552973,501.77372466910845,8.925536218940024,492.84818845016844,17807.004534451622
2011-11-30,HM_5_min,short,204.1,206.91071428571428,206.91071428571428,stop,0.5,63.35401867403378,-178.07004534451622,15.623508280851063,-193.6935536253673,17613.310980826256
2011-11-30,HUSQVARNA_5_min,short,30.98,31.618928571428572,31.618928571428572,stop,0.5,275.6694843281916,-176.13310980826256,10.353968615269807,-186.48707842353235,17426.823902402724
2011-11-30,SKF_5_min,short,132.4,134.875,134.875,stop,0.5,70.41140970667784,-174.26823902402725,11.291525717611393,-185.55976474163865,17241.264137661085
2011-11-30,ASSA_5_min,long,51.866615,51.129711,54.999945,eod,0.5,233.96893133516744,733.1018716204187,15.002072903199329,718.0997987172194,17959.363936378304
2011-11-30,GETINGE_5_min,long,163.528294,161.3527045,170.428222,eod,0.5,82.54941447537918,569.5850163222755,16.540748913622558,553.0442674086529,18512.408203786956
2011-11-30,NORDEA_5_min,long,50.15,49.13464285714286,53.75,eod,0.5,182.32410471545398,656.3667769756346,11.3660846879614,645.0006922876732,19157.40889607463
2011-11-30,SWEDBANK_5_MIN,long,83.0,81.14464285714286,89.85,eod,0.5,103.25456190377078,707.2937490408292,10.708530615040067,696.5852184257891,19853.99411450042
2011-11-30,VOLVO_5_MIN,long,71.95,70.51785714285714,76.8,eod,0.5,138.6313803506257,672.3621947005339,12.372850696293343,659.9893440042406,20513.98345850466
2011-12-01,ABB_5_min,short,127.8,129.525,126.8,eod,0.5,118.92164323770758,118.92164323770758,18.16647022099221,100.75517301671537,20614.738631521373
2011-12-01,ALFA_LAVAL_5_MIN,short,129.5,131.52142857142857,129.2,eod,0.5,101.98103916653679,30.594311749962195,15.829496899429838,14.764814850532357,20629.503446371906
2011-12-01,ASSA_5_min,long,55.233278,54.41899314285714,54.41899314285714,stop,0.5,253.3450458449659,-206.29503446371905,16.667915795815063,-222.96295025953413,20406.54049611237
2011-12-01,ATLAS_5_min,short,32.09999992,32.66428564,32.66428564,stop,0.5,361.6348912056881,-204.0654049611237,14.05261521750283,-218.11802017862652,20188.422475933745
2011-12-01,ERICSSON_5_MIN,long,71.8,70.74464285714285,70.74464285714285,stop,0.5,191.2946968954797,-201.88422475933746,16.360820549658925,-218.2450453089964,19970.17743062475
2011-12-01,GETINGE_5_min,long,172.301059,169.9353694642857,169.9353694642857,stop,0.5,84.41588437172065,-199.7017743062475,17.334114463819073,-217.03588877006658,19753.141541854682
2011-12-01,SWEDBANK_5_MIN,short,90.0,91.97678571428571,88.75,eod,0.5,99.9255579353084,124.9069474191355,10.717016088561826,114.18993133057369,19867.331473185255
2011-12-01,VOLVO_5_MIN,short,77.55,79.09285714285714,76.35,eod,0.5,128.76974102990428,154.5236892358855,11.890597886701357,142.63309134918416,20009.96456453444
2011-12-01,HANDELSBANKEN_5_min,long,58.333275,57.36660921428572,57.36660921428572,stop,0.5,206.9998220713768,-200.0996456453444,14.369913267621623,-214.46955891296602,19795.495005621473
2011-12-01,HEXAGON_5_min,long,14.714271,14.370393857142858,14.699985,eod,0.5,575.6560276483737,-8.223822010984806,10.159496259115402,-18.383318270100208,19777.11168735137
2011-12-01,INVESTOR_5_MIN,long,31.5,31.051785714285714,31.2,eod,0.5,441.2423324668031,-132.37269974004124,16.599536547401133,-148.97223628744237,19628.13945106393
2011-12-02,HUSQVARNA_5_min,short,34.07,34.74392857142857,33.75,eod,0.5,291.24955200306965,93.19985664098238,11.851526770108908,81.34832987087347,19709.487780934804
2011-12-02,ABB_5_min,short,127.2,128.85714285714286,126.9,eod,0.5,118.93656419529614,35.680969258588505,18.13306857721485,17.547900681373655,19727.035681616177
2011-12-02,ASSA_5_min,long,54.799945,54.001136321428575,54.001136321428575,stop,0.5,246.95570054265846,-197.27035681616178,16.12142835451929,-213.39178517068106,19513.643896445494
2011-12-02,VOLVO_5_MIN,long,78.05,76.54285714285714,78.0,eod,0.5,129.47441447878566,-6.473720723938915,12.122689427648702,-18.596410151587616,19495.047486293905
2011-12-02,GETINGE_5_min,short,170.526792,172.85023710714285,170.03394,eod,0.5,83.90578037054244,41.35313166718252,17.1450083892139,24.208123277968618,19519.255609571872
2011-12-02,BOLIDEN_5_min,long,88.190166,86.25506703571429,87.749656,eod,0.5,100.86954708684286,-44.43404418722548,10.64818209580785,-55.082226283033336,19464.17338328884
2011-12-02,NORDEA_5_min,long,53.55,52.481071428571425,53.65,eod,0.5,182.09049606818823,18.209049606819082,11.712060707105865,6.496988899713218,19470.670372188553
2011-12-05,ASSA_5_min,short,55.033278,55.84756285714286,55.266611,eod,0.5,239.1137474974879,-55.79312804483008,15.824531884408163,-71.61765992923824,19399.052712259316
2011-12-05,BOLIDEN_5_min,short,88.36637,90.28258992857143,90.28258992857143,stop,0.5,101.23604510637603,-193.99052712259316,10.85142849932161,-204.84195562191476,19194.2107566374
2011-12-05,HANDELSBANKEN_5_min,long,58.733275,57.779704464285714,59.266607,eod,0.5,201.28779191210774,107.35322063606854,14.25116141620156,93.10205921986699,19287.312815857265
2011-12-05,HUSQVARNA_5_min,long,34.18,33.543571428571425,33.543571428571425,stop,0.5,303.05542022671216,-192.87312815857265,12.314397239123679,-205.18752539769633,19082.125290459568
2011-12-05,SANDVIK_min,long,86.95,85.31428571428572,87.65,eod,0.5,116.65928125171784,81.66149687620282,12.22122630392996,69.44027057227285,19151.56556103184
2011-12-05,SWEDBANK_5_MIN,long,90.95,89.09285714285714,92.75,eod,0.5,103.12381455940198,185.62286620692328,11.366306840737288,174.256559366186,19325.822120398025
2011-12-05,SEB_5_MIN,long,40.77,40.011785714285715,41.68,eod,0.5,254.88601948711388,231.94627773327278,12.609211384027525,219.33706634924525,19545.15918674727
2011-12-05,NORDEA_5_min,long,54.6,53.541785714285716,55.35,eod,0.5,184.69944557169208,138.52458417876906,12.184622424364527,126.33996175440453,19671.499148501676
2011-12-06,HEXAGON_5_min,short,14.771414,15.098709571428572,14.628557,eod,0.5,601.0316321311655,85.86157587136151,10.60218753284336,75.25938833851815,19746.758536840196
2011-12-06,HM_5_min,short,213.7,216.4892857142857,211.4,eod,0.5,70.79503700787787,162.82858511811787,18.056982139229326,144.77160297888855,19891.530139819086
2011-12-06,NORDEA_5_min,short,54.4,55.47607142857143,55.47607142857143,stop,0.5,184.85325055258312,-198.91530139819088,12.18656937691154,-211.1018707751024,19680.428269043983
2011-12-06,SKF_5_min,short,142.2,144.9035714285714,140.7,eod,0.5,72.79418646409945,109.19127969614918,12.35608521041624,96.83519448573294,19777.263463529714
2011-12-06,VOLVO_5_MIN,short,77.7,79.17678571428571,76.8,eod,0.5,133.92101015207575,120.52890913686893,12.41447764109742,108.11443149577151,19885.377895025485
2011-12-06,BOLIDEN_5_min,long,88.278268,86.37148760714285,90.216514,eod,0.5,104.28771960062473,202.13525536503315,11.168888265234381,190.96636709979876,20076.344262125283
2011-12-06,SEB_5_MIN,long,40.98,40.193214285714284,40.97,eod,0.5,255.16915085769799,-2.551691508576472,12.54666714767301,-15.09835865624948,20061.245903469033
2011-12-06,HUSQVARNA_5_min,short,33.44,34.05714285714286,33.51,eod,0.5,325.06648454695085,-22.754653918286653,13.057920684251014,-35.812574602537666,20025.433328866497
2011-12-07,ALFA_LAVAL_5_MIN,short,130.8,132.63214285714287,130.3,eod,0.5,109.30061076184452,54.65030538092226,17.123033681950563,37.5272716989717,20062.960600565468
2011-12-07,BOLIDEN_5_min,long,92.066657,90.12211860714287,90.12211860714287,stop,0.5,103.17595514834063,-200.6296060056547,11.278500564344201,-211.9081065699989,19851.05249399547
2011-12-07,HM_5_min,short,211.7,214.56785714285712,210.7,eod,0.5,69.21911205876401,69.21911205876401,17.54289176017315,51.67622029859086,19902.728714294062
2011-12-07,NORDEA_5_min,short,55.3,56.36535714285714,53.75,eod,0.5,186.81743345633,289.567021857311,12.22346467104767,277.3435571862633,20180.072271480327
2011-12-07,SWEDBANK_5_MIN,long,92.65,90.79642857142858,90.79642857142858,stop,0.5,108.87129549160875,-201.80072271480327,11.98323019912818,-213.78395291393144,19966.288318566396
2011-12-07,SEB_5_MIN,long,41.76,40.96678571428571,40.96678571428571,stop,0.5,251.71367533537128,-199.66288318566396,12.494077968494725,-212.1569611541587,19754.131357412236
2011-12-07,GETINGE_5_min,short,171.413926,173.52614885714286,172.301059,eod,0.5,93.52295043399498,-82.9672955873618,19.287143703345794,-102.2544392907076,19651.87691812153
2011-12-07,ABB_5_min,short,127.3,128.83928571428572,126.7,eod,0.5,127.6688059645937,76.6012835787555,19.45672602900408,57.14455754975142,19709.02147567128
2011-12-08,GETINGE_5_min,short,172.39963,174.47664910714286,169.245377,eod,0.5,94.89090113755834,299.3099095858479,19.451401550026453,279.85850803582144,19988.879983707102
2011-12-08,INVESTOR_5_MIN,short,31.925,32.34464285714286,31.075,eod,0.5,476.3307570585516,404.88114349976956,18.00530261681325,386.8758408829563,20375.75582459006
2011-12-08,NORDEA_5_min,short,54.05,55.15642857142857,51.75,eod,0.5,184.15789641333788,423.5631617506766,11.690343264318686,411.8728184863579,20787.628643076416
2011-12-08,SEB_5_MIN,short,41.33,42.128214285714286,39.78,eod,0.5,260.4266675642677,403.66133472461416,12.67392420368265,390.9874105209315,21178.616053597347
2011-12-09,ALFA_LAVAL_5_MIN,long,126.6,124.66071428571428,130.6,eod,0.5,109.20833324138582,436.83333296554326,16.853029985810657,419.9803029797326,21598.59635657708
2011-12-09,BOLIDEN_5_min,long,85.943564,83.86057953571428,89.864105,eod,0.5,103.69062624758243,406.52335151932306,10.937764378642608,395.58558714068045,21994.181943717762
2011-12-09,GETINGE_5_min,long,167.963962,165.84117807142857,165.84117807142857,stop,0.5,103.61008319164692,-219.94181943717763,20.751346999560038,-240.69316643673767,21753.488777281025
2011-12-09,HEXAGON_5_min,long,13.785701,13.439272749999999,13.921415,eod,0.5,627.9363411407986,85.21975260158241,10.438983026762207,74.78076957482021,21828.269546855845
2011-12-09,SANDVIK_min,long,81.7,80.05535714285715,83.25,eod,0.5,132.7234630427718,205.72136771629593,13.135641137343125,192.5857265789528,22020.855273434798
2011-12-09,SEB_5_MIN,long,39.21,38.362500000000004,40.56,eod,0.5,259.8331005715031,350.77468577152956,12.436131859553283,338.3385539119763,22359.193827346775
2011-12-09,KINNEVIK_5_min,short,58.97561389,59.79445303928571,59.602537,eod,0.5,273.05965825951307,-171.1874101715911,19.427345615441023,-190.61475578703212,22168.579071559743
2011-12-12,BOLIDEN_5_min,short,88.718779,90.80490996428571,86.736482,eod,0.5,106.26647823690301,210.6517210095784,11.187007604763982,199.46471340481443,22368.043784964557
2011-12-12,GETINGE_5_min,long,164.908279,162.8277395,164.612568,eod,0.5,107.51078643286853,-31.792122166848152,21.256227244196968,-53.04834941104512,22314.995435553512
2011-12-12,HANDELSBANKEN_5_min,short,59.199941,60.08565446428572,58.366608,eod,0.5,251.94373051051542,209.95302477752017,17.77209296298438,192.1809318145358,22507.176367368047
2011-12-12,KINNEVIK_5_min,short,59.10995408,59.90800238678572,59.02039422,eod,0.5,282.02774413518597,25.258365280863465,19.98962138697168,5.268743893891784,22512.44511126194
2011-12-12,SWEDBANK_5_MIN,short,86.5,88.47321428571429,85.2,eod,0.5,114.09021956838595,148.3172854389014,11.753574419935118,136.56371101896627,22649.008822280906
2011-12-13,KINNEVIK_5_min,long,59.42341646,58.6333646425,60.76682419,eod,0.5,286.67751052013625,385.1247836499081,20.673503387014847,364.4512802628933,23013.4601025438
2011-12-13,HUSQVARNA_5_min,long,31.55,30.89857142857143,31.88,eod,0.5,353.27679981975143,116.58134394051737,13.445008447540099,103.13633549297727,23116.596438036777
2011-12-14,ABB_5_min,short,125.9,127.40714285714286,123.5,eod,0.5,153.3802607263108,368.1126257431468,22.951822215085148,345.16080352806165,23461.75724156484
2011-12-14,ASSA_5_min,short,53.966613,54.77018353571429,53.33328,eod,0.5,291.968858971539,184.91351335902183,18.796936396186936,166.1165769628349,23627.873818527674
2011-12-14,BOLIDEN_5_min,short,87.749656,89.90343675,85.635206,eod,0.5,109.70417401366282,231.9639907431899,11.412625843309748,220.55136489988016,23848.425183427553
2011-12-14,KINNEVIK_5_min,short,60.0503404,60.859583732857146,58.79649253,eod,0.5,294.700298601503,369.5093416898589,21.01451829138836,348.49482339847054,24196.920006826025
2011-12-15,VOLVO_5_MIN,short,71.25,72.77142857142857,71.4,eod,0.5,159.04078877726016,-23.856118316589928,13.612301111445698,-37.468419428035624,24159.45158739799
2011-12-16,ABB_5_min,short,125.2,126.71071428571429,123.6,eod,0.5,159.9207197274571,255.87315156393274,23.872965040914796,232.00018652301793,24391.45177392101
2011-12-16,GETINGE_5_min,short,165.00685,166.9360134642857,163.824005,eod,0.5,126.43538106270333,149.55345831311158,24.945512674259724,124.60794563885185,24516.05971955986
2011-12-19,BOLIDEN_5_min,long,83.2124,81.05547278571429,82.287328,eod,0.5,113.66197040486854,-105.14550628637257,11.286615111569876,-116.43212139794244,24399.62759816192
2011-12-19,ERICSSON_5_MIN,long,65.05,64.09285714285714,65.5,eod,0.5,254.92148236885632,114.71466706598606,19.967999713952512,94.74666735203355,24494.37426551395
2011-12-19,SANDVIK_min,long,78.7,77.04285714285714,78.2,eod,0.5,147.81087918844617,-73.90543959422308,13.914916166800321,-87.82035576102341,24406.553909752925
2011-12-21,ABB_5_min,short,126.4,127.74285714285715,124.8,eod,0.5,181.7509333705007,290.8014933928026,27.393500677601864,263.40799271520075,24669.961902468127
2011-12-21,ATLAS_5_min,short,31.87500002,32.398214298214285,31.62500007,eod,0.5,471.5078110380718,117.8769291841288,17.964447626011957,99.91248155811684,24769.874384026243
2011-12-21,ERICSSON_5_MIN,short,68.05,68.92857142857143,68.92857142857143,stop,0.5,281.9335295742809,-247.69874384026244,23.171311271339928,-270.87005511160237,24499.00432891464
2011-12-21,GETINGE_5_min,short,165.696842,167.5555980357143,165.598272,eod,0.5,131.80322677203856,12.991844062919203,26.199459023406217,-13.207614960487014,24485.796713954154
2011-12-21,HEXAGON_5_min,long,13.899986,13.604067892857143,13.928558,eod,0.5,827.451788955025,23.641952514023377,13.816067110088175,9.825885403935201,24495.62259935809
2011-12-21,NORDEA_5_min,long,53.55,52.512499999999996,52.512499999999996,stop,0.5,236.10238649983668,-244.9562259935809,15.024965620883354,-259.98119161446425,24235.641407743624
2011-12-21,SEB_5_MIN,long,40.0,39.19,39.19,stop,0.5,299.20544947831553,-242.35641407743626,14.216447726512683,-256.57286180394897,23979.068545939674
2011-12-21,HUSQVARNA_5_min,long,30.91,30.308214285714286,31.18,eod,0.5,398.4652339978104,107.58561317940864,14.844423827354428,92.7411893520542,24071.80973529173
2011-12-21,INVESTOR_5_MIN,long,31.875,31.464285714285715,31.464285714285715,stop,0.5,586.0962370331913,-240.71809735291725,22.273750208107813,-262.99184756102505,23808.817887730704
2011-12-21,SANDVIK_min,long,81.3,79.8,79.8,stop,0.5,158.72545258487136,-238.08817887730703,15.342402246853664,-253.43058112416068,23555.387306606543
2011-12-21,VOLVO_5_MIN,long,72.3,70.9875,72.4,eod,0.5,179.46961757414508,17.946961757416037,15.581552197787275,2.3654095596287625,23557.75271616617
2011-12-21,HANDELSBANKEN_5_min,long,59.666607,58.87017914285714,59.099941,eod,0.5,295.7926760708534,-167.6156525783656,21.07816503637048,-188.69381761473608,23369.058898551433
2011-12-21,HM_5_min,long,215.5,212.96428571428572,212.96428571428572,stop,0.5,92.15966889569609,-233.69058898551432,23.692276023035703,-257.38286500855,23111.676033542884
2011-12-21,ASSA_5_min,long,56.46661,55.73089646428572,55.73089646428572,stop,0.5,314.1396061322217,-231.11676033542886,21.147408293824867,-252.26416862925373,22859.41186491363
2011-12-22,KINNEVIK_5_min,long,60.22946094,59.506579544285714,60.31902161,eod,0.5,316.2263132021254,28.321440482011358,22.87236131933835,5.449079162673009,22864.860944076303
2011-12-22,ABB_5_min,long,126.7,125.32142857142857,125.32142857142857,stop,0.5,165.85909493112285,-228.64860944076304,25.08002762766346,-253.7286370684265,22611.132307007876
2011-12-22,ATLAS_5_min,long,31.99999999,31.48392857357143,31.97499994,eod,0.5,438.13959826503014,-10.9535118636053,16.817988461001317,-27.771500324606617,22583.36080668327
2011-12-23,SEB_5_MIN,short,40.62,41.394999999999996,40.85,eod,0.5,291.39820395720403,-67.02158691015809,14.244127005836045,-81.26571391599414,22502.09509276728
2011-12-23,SWEDBANK_5_MIN,short,88.9,90.5125,89.1,eod,0.5,139.54787654429344,-27.909575308857104,14.903713214930537,-42.81328852378764,22459.281804243492
2011-12-28,HUSQVARNA_5_min,short,31.87,32.39928571428572,31.5,eod,0.5,424.33190993172406,157.0028066747383,16.13394787942401,140.8688587953143,22600.150663038807
2011-12-29,HANDELSBANKEN_5_min,short,58.666608,59.282083678571425,59.099941,eod,0.5,367.1981111503169,-159.11905909910197,25.94619260969474,-185.06525170879672,22415.08541133001
2011-12-30,HUSQVARNA_5_min,short,31.84,32.30714285714286,31.68,eod,0.5,479.8336326584406,76.77338122535056,18.287419407878488,58.485961817472074,22473.57137314748
2011-12-30,INVESTOR_5_MIN,short,32.15,32.504464285714285,32.05,eod,0.5,634.0151117865277,63.401511178653664,24.422262106017044,38.97924907263662,22512.550622220115
2011-12-30,HM_5_min,short,218.9,221.00714285714287,219.8,eod,0.5,106.83922329189187,-96.1553009627033,28.122220354891777,-124.27752131759507,22388.27310090252
