date,bar1_open,bar1_high,bar1_low,bar1_close,bar1_volume,last_available_bar_time,exit_time,is_full_day,avg_volume_14d,relative_volume,atr_14d
2009-02-02,18.10809,18.10809,17.90173,17.90173,290554,17:25,17:15,True,,,
2009-02-04,18.77876,18.83035,18.62399,18.83035,164582,17:25,17:15,True,,,
2009-02-05,19.29466,19.34625,19.19148,19.34625,547879,17:25,17:15,True,,,
2009-02-06,20.99713,20.99713,20.89395,20.89395,441033,17:25,17:15,True,,,
2009-02-09,23.42186,23.52504,23.42186,23.47345,239121,17:25,17:15,True,,,
2009-02-10,25.12433,25.12433,24.86638,25.02115,240703,17:25,17:15,True,,,
2009-02-11,25.48546,25.48546,25.33069,25.33069,383275,17:25,17:15,True,,,
2009-02-12,26.181925,26.56885,26.181925,26.439875,160145,17:25,17:15,True,,,
2009-02-13,26.697825,26.697825,26.56885,26.697825,202599,17:25,17:15,True,,,
2009-02-16,25.795,25.795,25.58864,25.795,44865,17:25,17:15,True,,,
2009-02-17,23.62822,23.7314,23.47345,23.47345,358220,17:25,17:15,True,,,
2009-02-19,19.96533,20.06851,19.96533,20.06851,145340,17:25,17:15,True,,,
2009-02-20,19.44943,19.55261,19.34625,19.50102,459428,17:25,17:15,True,,,
2009-02-23,19.55261,19.65579,19.50102,19.65579,142161,17:25,17:15,True,,,
2009-02-24,18.5724,18.5724,18.46922,18.46922,99137,17:25,17:15,True,272850.35714285716,0.3633383552732332,2.2699599999999998
2009-02-25,20.32646,20.37805,20.01692,20.22328,431670,17:25,17:15,True,259177.7142857143,1.6655367194269348,2.3584
2009-02-26,18.98512,19.13989,18.88194,18.98512,242973,17:25,17:15,True,278255.4285714286,0.8732012929538533,2.3362900000000004
2009-02-27,19.86215,19.86215,19.75897,19.81056,166708,17:25,17:15,True,256476.42857142858,0.6499934552604388,2.325235
2009-03-02,18.72717,18.72717,18.62399,18.62399,180207,17:25,17:15,True,236881.7857142857,0.7607465447653968,2.1630949999999998
2009-03-03,17.85014,17.85014,17.74696,17.74696,134196,17:25,17:15,True,232673.64285714287,0.576756345721521,2.140985
2009-03-04,15.83813,15.94131,15.63177,15.68336,586910,17:25,17:15,True,225066.0,2.6077239565283072,2.09308
2009-03-05,18.21127,18.21127,18.0565,18.0565,277078,17:25,17:15,True,239611.35714285713,1.1563642195591135,2.126245
2009-03-06,17.28265,17.28265,17.23106,17.23106,173529,17:25,17:15,True,247963.7142857143,0.6998161021255414,2.0967650000000004
2009-03-10,20.3,20.3,20.2,20.2,102356,17:25,17:15,True,245887.2857142857,0.41627203172649957,2.0857099999999997
2009-03-11,25.4,25.5,25.3,25.5,548908,17:25,17:15,True,249993.7857142857,2.1956865784949513,2.4506042857142853
2009-03-12,24.5,24.6,24.4,24.4,286864,17:25,17:15,True,263614.35714285716,1.0881956624408868,2.542427142857143
2009-03-13,24.6,24.8,24.6,24.7,504635,17:25,17:15,True,273723.21428571426,1.8435959161039894,2.5749614285714286
2009-03-16,22.2,22.3,22.0,22.0,663374,17:25,17:15,True,276952.28571428574,2.3952645788392637,2.8068142857142857
2009-03-17,21.5,21.7,21.3,21.5,473702,17:25,17:15,True,314181.78571428574,1.5077322159941524,2.8282935714285715
2009-03-18,23.0,23.0,22.9,23.0,476543,17:25,17:15,True,340936.4285714286,1.3977473806386191,2.7700657142857144
2009-03-19,27.3,27.8,27.2,27.7,855835,17:25,17:15,True,344141.64285714284,2.486868467572426,2.8864971428571424
2009-03-20,27.6,27.8,27.2,27.6,320289,17:25,17:15,True,387917.5,0.8256626731199288,3.1706721428571427
2009-03-23,28.4,28.5,28.1,28.3,485132,17:25,17:15,True,398887.5714285714,1.2162123734829686,3.270495714285714
2009-03-24,26.0,27.3,26.0,27.0,1620118,17:25,17:15,True,420667.9285714286,3.8512990650412924,3.3804657142857146
2009-03-25,25.6,25.6,25.5,25.6,126490,17:25,17:15,True,526805.2142857143,0.24010772211415088,3.363505
2009-03-26,27.8,28.0,27.7,28.0,260581,17:25,17:15,True,493918.0714285714,0.5275794004586938,3.3394014285714286
2009-03-27,28.1,28.1,28.0,28.0,116060,17:25,17:15,True,492739.71428571426,0.23554017797863724,3.318705
2009-03-30,26.0,26.1,25.9,26.1,207020,17:25,17:15,True,488634.78571428574,0.42367020534033084,3.304242857142857
2009-03-31,25.7,25.8,25.7,25.8,221066,17:25,17:15,True,496110.78571428574,0.4455980526239027,2.9785714285714286
2009-04-01,25.8,25.9,25.7,25.8,162927,17:25,17:15,True,472693.5,0.34467789381491387,2.735714285714286
2009-04-02,28.9,29.0,28.8,29.0,483403,17:25,17:15,True,463840.85714285716,1.0421742555790379,2.8142857142857145
2009-04-03,29.8,29.8,29.6,29.6,179015,17:25,17:15,True,462324.28571428574,0.3872065680551993,2.635714285714286
2009-04-06,33.5,33.6,33.1,33.6,397450,17:25,17:15,True,427727.21428571426,0.9292137295115162,2.8785714285714294
2009-04-07,31.1,31.2,31.0,31.1,78144,17:25,17:15,True,422280.64285714284,0.1850522900393425,3.092857142857143
2009-04-08,28.8,28.9,28.7,28.8,148286,17:25,17:15,True,393823.5714285714,0.3765290113593288,3.0000000000000004
2009-04-14,32.8,32.8,32.2,32.4,630390,17:25,17:15,True,343284.35714285716,1.8363493322175013,2.6714285714285717
2009-04-15,32.0,32.0,31.9,31.9,247095,17:25,17:15,True,365434.4285714286,0.6761678174822061,2.692857142857143
2009-04-16,32.5,32.5,32.4,32.4,224213,17:25,17:15,True,348431.78571428574,0.6434918087061517,2.6000000000000005
2009-04-17,33.2,33.5,33.2,33.5,276437,17:25,17:15,True,248724.2857142857,1.1114194144979812,2.535714285714286
2009-04-20,34.8,35.2,34.8,35.2,237488,17:25,17:15,True,259434.7857142857,0.9154053853886209,2.5785714285714287
2009-04-21,33.3,33.4,33.2,33.2,316613,17:25,17:15,True,257785.2857142857,1.2282043139999679,2.792857142857143
2009-04-22,34.0,34.5,34.0,34.5,478119,17:25,17:15,True,272110.5,1.7570766287960222,2.9642857142857144
2009-04-23,33.0,33.5,32.7,33.5,670224,17:25,17:15,True,291474.71428571426,2.299424159802149,3.014285714285714
2009-04-24,37.2,37.6,37.2,37.3,698072,17:25,17:15,True,323557.4285714286,2.1574902578566313,3.278571428571428
2009-04-27,35.2,35.3,34.9,35.0,428342,17:25,17:15,True,361782.0714285714,1.1839779630555016,3.3428571428571425
2009-04-28,35.4,35.6,35.3,35.6,283911,17:25,17:15,True,357849.14285714284,0.7933818081362298,3.285714285714285
2009-04-29,33.2,33.4,33.2,33.4,226010,17:25,17:15,True,365341.71428571426,0.6186263193128,3.1642857142857137
2009-05-04,32.9,33.0,32.7,32.9,367508,17:25,17:15,True,353096.0,1.0408160953395111,3.0071428571428567
2009-05-05,34.7,34.8,34.7,34.7,564614,17:25,17:15,True,373764.85714285716,1.5106128604921198,2.978571428571428
2009-05-06,34.5,34.5,34.4,34.5,152441,17:25,17:15,True,403502.5714285714,0.37779437057933424,2.9357142857142855
2009-05-07,36.0,36.0,35.8,35.8,496205,17:25,17:15,True,369363.35714285716,1.3434061349190218,2.7714285714285714
2009-05-08,38.1,38.2,37.9,38.2,398019,17:25,17:15,True,387156.9285714286,1.0280559913228247,2.8714285714285706
2009-05-11,39.6,39.6,39.4,39.4,339464,17:25,17:15,True,399571.64285714284,0.8495697982285673,2.9428571428571417
2009-05-12,38.3,38.3,38.1,38.2,293896,17:25,17:15,True,404073.5714285714,0.7273328937622746,2.835714285714285
2009-05-13,38.0,38.3,38.0,38.2,209288,17:25,17:15,True,408102.71428571426,0.5128316785795173,2.6857142857142846
2009-05-14,33.9,33.9,33.7,33.8,375567,17:25,17:15,True,400436.64285714284,0.9378936885503378,2.7285714285714278
2009-05-15,34.4,34.4,34.3,34.3,252014,17:25,17:15,True,393111.5,0.6410751148211131,2.678571428571428
2009-05-18,33.6,33.6,33.1,33.1,89579,17:25,17:15,True,363239.35714285716,0.2466114925007143,2.4428571428571426
2009-05-19,36.9,37.0,36.8,37.0,699421,17:25,17:15,True,319775.5714285714,2.187224611546759,2.349999999999999
2009-05-22,34.9,35.2,34.8,35.1,324609,17:25,17:15,True,339138.35714285716,0.957158024632593,2.357142857142857
2009-05-25,35.3,35.6,35.3,35.6,85225,17:25,17:15,True,342045.35714285716,0.24916286165055385,2.25
2009-05-26,35.1,35.3,35.1,35.3,83169,17:25,17:15,True,331989.28571428574,0.25051712081930355,2.1928571428571426
2009-05-27,35.5,35.6,35.5,35.6,146127,17:25,17:15,True,311679.35714285716,0.4688375943133866,2.207142857142857
2009-05-28,32.6,32.6,32.5,32.6,519275,17:25,17:15,True,281787.4285714286,1.8427898030531626,2.335714285714286
2009-05-29,32.9,33.0,32.7,32.7,463299,17:25,17:15,True,307989.85714285716,1.5042670700194671,2.4
2009-06-01,33.9,34.0,33.9,33.9,317035,17:25,17:15,True,305639.4285714286,1.0372843630870363,2.2357142857142867
2009-06-02,34.4,34.4,34.0,34.0,364263,17:25,17:15,True,299854.85714285716,1.2147977307116204,2.171428571428572
2009-06-03,33.3,33.4,33.2,33.4,271779,17:25,17:15,True,301626.21428571426,0.9010456887628421,2.157142857142858
2009-06-04,29.2,29.4,29.0,29.1,1057881,17:25,17:15,True,300046.4285714286,3.5257243521835906,2.3142857142857154
2009-06-05,30.0,30.4,29.9,30.2,440796,17:25,17:15,True,360660.21428571426,1.2221919206502836,2.1857142857142864
2009-06-08,29.3,29.4,29.3,29.4,261245,17:25,17:15,True,365319.4285714286,0.7151138964100302,2.1142857142857148
2009-06-09,32.7,32.7,32.6,32.6,443461,17:25,17:15,True,365978.78571428574,1.211712310412996,2.278571428571429
2009-06-10,32.9,33.0,32.9,32.9,253131,17:25,17:15,True,391256.0714285714,0.6469701519921645,2.278571428571429
2009-06-11,34.7,34.9,34.7,34.9,124735,17:25,17:15,True,359378.21428571426,0.3470855912841525,2.378571428571429
2009-06-12,34.9,34.9,34.9,34.9,71513,17:25,17:15,True,345101.5,0.2072230923366024,2.3285714285714287
2009-06-15,34.6,34.6,34.5,34.6,81313,17:25,17:15,True,344122.0714285714,0.23629115000511655,2.3214285714285716
2009-06-16,33.5,33.6,33.5,33.6,116901,17:25,17:15,True,343989.5,0.3398388613605939,2.2785714285714285
2009-06-17,33.3,33.9,33.2,33.7,164693,17:25,17:15,True,341901.9285714286,0.481696610159931,2.1642857142857146
2009-06-18,31.9,31.9,31.9,31.9,54852,17:25,17:15,True,316574.64285714284,0.1732671938123372,2.2285714285714286
2009-06-22,32.0,32.3,32.0,32.3,224814,17:25,17:15,True,287399.85714285716,0.7822342092823388,2.242857142857143
2009-06-23,30.1,30.2,30.1,30.2,275031,17:25,17:15,True,280812.64285714284,0.9794110307915014,2.25
2009-06-24,31.6,31.8,31.6,31.7,218092,17:25,17:15,True,274438.9285714286,0.7946831782767177,2.2857142857142856
2009-06-25,32.3,32.3,32.1,32.3,88679,17:25,17:15,True,270604.14285714284,0.3277074735947977,2.0857142857142854
2009-06-26,32.6,32.6,32.5,32.6,121794,17:25,17:15,True,201375.42857142858,0.6048106308898518,1.9714285714285715
2009-06-29,32.2,32.2,32.1,32.1,39580,17:25,17:15,True,178589.57142857142,0.22162548285094236,1.942857142857143
2009-06-30,33.2,33.2,33.0,33.2,440196,17:25,17:15,True,162756.35714285713,2.7046316821506644,1.7071428571428575
2009-07-01,34.1,34.3,34.1,34.3,175681,17:25,17:15,True,162523.14285714287,1.0809598984584172,1.6000000000000003
2009-07-02,34.1,34.1,33.7,33.8,203252,17:25,17:15,True,156991.0,1.294672943034951,1.4642857142857142
2009-07-03,33.6,33.7,33.6,33.7,85956,17:25,17:15,True,162599.35714285713,0.5286367763710189,1.4785714285714289
2009-07-06,33.6,33.6,33.5,33.6,75867,17:25,17:15,True,163631.0,0.46364686398054156,1.4500000000000004
2009-07-07,34.5,34.5,34.4,34.4,91269,17:25,17:15,True,163242.0,0.5591024368728637,1.4142857142857141
2009-07-08,33.6,33.6,33.6,33.6,75360,17:25,17:15,True,161411.14285714287,0.46688226516491155,1.4214285714285708
2009-07-09,34.0,34.2,34.0,34.0,163259,17:25,17:15,True,155030.2142857143,1.0530785934354732,1.278571428571428
2009-07-10,34.1,34.1,34.0,34.0,106973,17:25,17:15,True,162773.57142857142,0.6571889961076518,1.2571428571428562
2009-07-13,33.1,33.1,32.8,32.8,186239,17:25,17:15,True,154356.35714285713,1.2065521851337513,1.1785714285714284
2009-07-14,34.5,34.5,34.4,34.5,342104,17:25,17:15,True,148014.07142857142,2.311293762127829,1.135714285714285
2009-07-15,35.1,35.2,35.1,35.2,138611,17:25,17:15,True,156872.07142857142,0.883592590686952,1.1428571428571428
2009-07-16,36.9,36.9,36.7,36.9,115450,17:25,17:15,True,160438.64285714287,0.7195897319001789,1.2428571428571427
2009-07-17,36.0,36.4,36.0,36.3,174835,17:25,17:15,True,159985.5,1.0928177866119118,1.2928571428571425
2009-07-21,37.1,37.2,37.1,37.2,61273,17:25,17:15,True,169646.57142857142,0.3611803025786383,1.4571428571428566
2009-07-22,38.1,38.1,37.8,37.8,187580,17:25,17:15,True,142580.64285714287,1.3156063561022358,1.485714285714285
2009-07-23,38.0,38.0,37.9,38.0,67750,17:25,17:15,True,143430.57142857142,0.47235397115976474,1.471428571428571
2009-07-24,39.3,39.3,39.1,39.1,112414,17:25,17:15,True,133751.85714285713,0.8404668346394123,1.4999999999999996
2009-07-27,40.0,40.0,39.9,40.0,51348,17:25,17:15,True,135641.7142857143,0.3785561121104759,1.542857142857143
2009-07-28,39.5,39.6,39.4,39.6,129155,17:25,17:15,True,133890.35714285713,0.9646325751614462,1.5857142857142859
2009-07-29,39.0,39.0,39.0,39.0,74550,17:25,17:15,True,136596.5,0.5457680101613145,1.5857142857142859
2009-07-30,39.4,39.6,39.4,39.5,122906,17:25,17:15,True,136538.64285714287,0.9001554243408851,1.5785714285714287
2009-07-31,40.3,40.3,40.2,40.2,62641,17:25,17:15,True,133656.2857142857,0.46867230871510507,1.5928571428571432
2009-08-03,40.0,40.0,39.9,39.9,132855,17:25,17:15,True,130489.71428571429,1.0181262234133397,1.5785714285714287
2009-08-04,43.4,43.5,43.4,43.5,152948,17:25,17:15,True,126676.57142857143,1.2073897980909762,1.7571428571428578
2009-08-05,42.6,42.7,42.6,42.7,27110,17:25,17:15,True,113165.42857142857,0.23956079468994823,1.7571428571428573
2009-08-06,43.8,43.9,43.7,43.8,293263,17:25,17:15,True,105201.07142857143,2.7876427114063884,1.6857142857142857
2009-08-07,45.1,45.1,44.9,44.9,131036,17:25,17:15,True,117902.0,1.111397601397771,1.7714285714285711
2009-08-10,48.7,48.7,48.5,48.6,165071,17:25,17:15,True,114773.5,1.4382326930868188,1.8214285714285714
2009-08-11,48.1,48.1,47.8,47.9,169242,17:25,17:15,True,122187.64285714286,1.3850991478563124,1.9071428571428573
2009-08-12,44.7,44.9,44.7,44.7,224194,17:25,17:15,True,120877.78571428571,1.8547163043664527,2.1785714285714293
2009-08-13,45.9,46.2,45.9,46.2,384813,17:25,17:15,True,132052.35714285713,2.914094139067134,2.1857142857142864
2009-08-14,45.8,46.1,45.7,46.1,127134,17:25,17:15,True,151509.42857142858,0.8391160946136308,2.1571428571428575
2009-08-17,44.0,44.2,43.9,43.9,784863,17:25,17:15,True,156922.7142857143,5.001589499471533,2.1214285714285714
2009-08-18,44.7,45.2,44.7,45.0,269457,17:25,17:15,True,203759.0,1.3224299294755077,2.235714285714286
2009-08-19,46.5,46.5,46.2,46.3,119363,17:25,17:15,True,217680.92857142858,0.5483392632663863,2.414285714285715
2009-08-20,48.0,48.0,47.8,47.9,190084,17:25,17:15,True,217427.85714285713,0.8742394028889714,2.4928571428571438
2009-08-21,48.2,48.2,48.2,48.2,62084,17:25,17:15,True,226530.92857142858,0.2740641218023524,2.600000000000001
2009-08-24,52.25,52.25,52.0,52.25,412189,17:25,17:15,True,221475.85714285713,1.861101274502026,2.525000000000001
2009-08-25,50.75,51.0,50.5,50.5,186410,17:25,17:15,True,239993.07142857142,0.7767307568105389,2.5857142857142863
2009-08-26,50.5,50.75,50.5,50.5,137101,17:25,17:15,True,251371.64285714287,0.5454115605152644,2.6250000000000004
2009-08-27,50.5,50.5,50.25,50.25,104091,17:25,17:15,True,240217.2142857143,0.4333203193181409,2.578571428571429
2009-08-28,51.0,51.25,50.75,51.0,312530,17:25,17:15,True,238292.57142857142,1.3115389964797177,2.4178571428571436
2009-08-31,51.0,51.0,50.75,50.75,218787,17:25,17:15,True,248825.35714285713,0.8792793568638934,2.3750000000000004
2009-09-01,50.5,50.75,50.5,50.5,237474,17:25,17:15,True,252364.2857142857,0.9409968582830942,2.1535714285714285
2009-09-02,46.7,46.8,46.3,46.4,355061,17:25,17:15,True,253312.85714285713,1.4016698718129474,2.264285714285714
2009-09-03,45.9,46.1,45.9,46.1,189765,17:25,17:15,True,251187.7142857143,0.7554708658407997,2.3785714285714286
2009-09-04,46.8,46.8,46.6,46.7,191820,17:25,17:15,True,255661.35714285713,0.7502893755383447,2.4071428571428575
2009-09-07,48.4,48.4,48.2,48.3,308939,17:25,17:15,True,213301.14285714287,1.44837011120428,2.3142857142857145
2009-09-08,50.25,50.5,50.0,50.5,291456,17:25,17:15,True,216121.2857142857,1.3485760971517977,2.257142857142857
2009-09-09,48.5,48.6,48.5,48.6,209545,17:25,17:15,True,228413.64285714287,0.9173926626224165,2.2285714285714286
2009-09-10,50.5,50.5,50.25,50.5,181984,17:25,17:15,True,229803.7142857143,0.7919106119135212,2.2214285714285715
2009-09-11,49.5,49.6,49.4,49.5,73321,17:25,17:15,True,238368.0,0.307595818230635,2.1750000000000003
2009-09-14,48.6,48.6,48.5,48.5,146720,17:25,17:15,True,214163.14285714287,0.6850852020689168,2.1000000000000005
2009-09-15,49.3,49.4,49.2,49.4,122110,17:25,17:15,True,211328.14285714287,0.5778217626345487,2.039285714285715
2009-09-16,49.5,49.5,49.3,49.4,157536,17:25,17:15,True,210257.35714285713,0.7492532111157653,1.9714285714285726
2009-09-17,51.0,51.0,50.75,50.75,187580,17:25,17:15,True,214074.85714285713,0.8762355491136612,1.9535714285714296
2009-09-18,49.2,49.3,49.2,49.3,138674,17:25,17:15,True,205149.85714285713,0.6759643995434697,1.932142857142858
2009-09-21,49.1,49.2,49.0,49.1,85926,17:25,17:15,True,199427.5,0.43086334632886636,1.875000000000001
2009-09-22,49.3,49.3,49.2,49.2,43469,17:25,17:15,True,188602.64285714287,0.23047927293853251,1.707142857142858
2009-09-23,48.7,48.7,48.6,48.6,41689,17:25,17:15,True,166346.07142857142,0.2506160779270411,1.5928571428571436
2009-09-24,47.6,47.7,47.5,47.7,168337,17:25,17:15,True,155769.2142857143,1.080682089666535,1.5500000000000007
2009-09-25,47.0,47.1,46.9,46.9,143906,17:25,17:15,True,154091.85714285713,0.9338974989871534,1.5571428571428574
2009-09-28,47.1,47.2,47.0,47.1,78607,17:25,17:15,True,142303.7857142857,0.5523886775424608,1.4714285714285715
2009-09-29,48.3,48.3,48.2,48.3,107092,17:25,17:15,True,127100.28571428571,0.8425787510874427,1.528571428571429
2009-09-30,48.0,48.1,48.0,48.0,149905,17:25,17:15,True,119782.21428571429,1.251479619857706,1.4714285714285715
2009-10-01,47.0,47.0,46.7,46.7,140758,17:25,17:15,True,117490.85714285714,1.1980336463870744,1.4714285714285715
2009-10-02,45.1,45.2,45.1,45.1,165500,17:25,17:15,True,122307.78571428571,1.3531436206899572,1.5499999999999996
2009-10-05,44.2,44.4,44.1,44.4,381295,17:25,17:15,True,123649.21428571429,3.083683161293267,1.592857142857142
2009-10-06,45.3,45.7,45.3,45.7,339052,17:25,17:15,True,142162.42857142858,2.38496207054908,1.6571428571428564
2009-10-07,45.1,45.1,44.9,44.9,635113,17:25,17:15,True,155127.85714285713,4.094126043494077,1.7214285714285704
2009-10-08,45.2,45.5,45.2,45.4,227296,17:25,17:15,True,187094.5,1.214872698021588,1.692857142857142
2009-10-09,44.5,44.7,44.5,44.7,112757,17:25,17:15,True,193424.64285714287,0.5829505399851178,1.7071428571428566
2009-10-12,45.4,45.4,45.3,45.4,274157,17:25,17:15,True,195341.14285714287,1.4034780179436999,1.6714285714285708
2009-10-13,46.1,46.2,46.1,46.2,152863,17:25,17:15,True,211818.85714285713,0.7216685146068205,1.6999999999999993
2009-10-14,46.1,46.2,46.0,46.1,195689,17:25,17:15,True,219759.85714285713,0.8904674518094102,1.6785714285714282
2009-10-15,46.8,46.8,46.7,46.8,88003,17:25,17:15,True,221713.57142857142,0.39692202616632144,1.6499999999999997
2009-10-16,45.9,46.2,45.9,46.2,94386,17:25,17:15,True,217720.5,0.4335191219935651,1.6571428571428568
2009-10-19,44.9,45.0,44.9,45.0,143399,17:25,17:15,True,218847.57142857142,0.6552460192449671,1.585714285714285
2009-10-20,46.1,46.4,46.1,46.4,299511,17:25,17:15,True,221440.92857142858,1.3525548412943407,1.585714285714285
2009-10-21,47.2,47.4,46.9,47.4,570089,17:25,17:15,True,232127.07142857142,2.4559350035802434,1.6142857142857134
2009-10-23,44.6,44.8,44.6,44.6,215642,17:25,17:15,True,262793.5714285714,0.8205756283448986,1.6428571428571423
2009-10-26,44.76,44.76,44.7,44.75,66287,17:25,17:15,True,266375.14285714284,0.24884829451053456,1.5857142857142854
2009-10-27,41.9,41.9,41.5,41.58,328681,17:25,17:15,True,243874.57142857142,1.3477460896174966,1.692142857142857
2009-10-28,41.57,41.57,41.4,41.48,132566,17:25,17:15,True,243133.7857142857,0.5452389087371944,1.662142857142857
2009-10-29,41.65,41.7,41.44,41.5,106851,17:25,17:15,True,207237.57142857142,0.5155966616643562,1.7042857142857142
2009-11-02,43.4,43.49,43.2,43.34,221836,17:25,17:15,True,198634.35714285713,1.1168057892444876,1.8835714285714285
2009-11-03,43.31,43.6,43.31,43.48,83751,17:25,17:15,True,206425.7142857143,0.40571980235020555,1.975714285714286
2009-11-04,43.8,43.96,43.8,43.9,126665,17:25,17:15,True,192825.2857142857,0.656889989976122,1.9592857142857147
2009-11-05,44.17,44.3,44.17,44.3,229966,17:25,17:15,True,190954.0,1.2043005121652335,2.042857142857143
2009-11-06,44.83,44.97,44.81,44.96,68009,17:25,17:15,True,193402.35714285713,0.3516451454092929,2.035
2009-11-09,45.35,45.5,45.35,45.42,76769,17:25,17:15,True,191974.2142857143,0.3998922474335281,2.0028571428571427
2009-11-10,46.15,46.26,46.15,46.26,114053,17:25,17:15,True,190715.85714285713,0.5980257840572101,1.9678571428571427
2009-11-11,45.86,45.94,45.85,45.94,85740,17:25,17:15,True,188619.7142857143,0.45456542188439625,1.9578571428571425
2009-11-12,45.85,45.88,45.8,45.8,50272,17:25,17:15,True,173350.35714285713,0.2900022868633095,1.8385714285714283
2009-11-16,46.5,46.5,46.5,46.5,119680,17:25,17:15,True,136220.57142857142,0.8785750841072882,1.7128571428571426
2009-11-17,47.05,47.09,46.9,46.92,127892,17:25,17:15,True,129366.14285714286,0.9886048789537558,1.7485714285714284
2009-11-18,47.3,47.35,47.3,47.3,72856,17:25,17:15,True,133766.5,0.5446505664721736,1.551428571428571
2009-11-19,46.87,46.87,46.8,46.8,28350,17:25,17:15,True,115493.28571428571,0.24546881513211036,1.4542857142857137
2009-11-20,45.07,45.59,45.07,45.43,291740,17:25,17:15,True,108049.28571428571,2.7000641241761367,1.4042857142857135
2009-11-23,46.0,46.01,46.0,46.0,37015,17:25,17:15,True,121255.64285714286,0.30526414381893274,1.2192857142857132
2009-11-24,47.3,47.3,47.2,47.24,99889,17:25,17:15,True,108054.14285714286,0.924434707996917,1.2321428571428557
2009-11-25,47.62,47.9,47.62,47.88,65747,17:25,17:15,True,109206.85714285714,0.6020409498095357,1.205714285714284
2009-11-26,46.8,46.8,46.69,46.69,74850,17:25,17:15,True,104855.57142857143,0.713839035734868,1.147857142857141
2009-11-27,44.41,44.41,44.0,44.2,208309,17:25,17:15,True,93775.85714285714,2.2213499971817297,1.202142857142855
2009-11-30,46.21,46.25,46.17,46.18,90802,17:25,17:15,True,103797.28571428571,0.8748012953820703,1.272857142857141
2009-12-01,46.01,46.15,46.01,46.15,167837,17:25,17:15,True,104799.64285714286,1.601503549289631,1.2707142857142841
2009-12-02,45.97,46.12,45.95,46.12,69199,17:25,17:15,True,108641.35714285714,0.636948965107342,1.274999999999999
2009-12-03,47.3,47.5,47.3,47.46,430378,17:25,17:15,True,107459.85714285714,4.005011838307727,1.322142857142856
2009-12-04,47.4,47.4,47.3,47.31,115967,17:25,17:15,True,134610.2857142857,0.8615017744345582,1.3421428571428555
2009-12-07,48.83,48.83,48.66,48.66,65192,17:25,17:15,True,134345.07142857142,0.4852578461329062,1.4049999999999987
2009-12-08,49.39,49.39,49.3,49.36,189479,17:25,17:15,True,129866.5,1.459029079862782,1.438571428571427
2009-12-09,48.32,48.49,48.32,48.45,66362,17:25,17:15,True,138196.7142857143,0.4801995499169403,1.5692857142857133
2009-12-10,47.51,47.63,47.51,47.55,94364,17:25,17:15,True,140911.85714285713,0.6696668535447184,1.5907142857142849
2009-12-11,47.0,47.19,47.0,47.15,189928,17:25,17:15,True,126813.57142857143,1.4976945910476007,1.5964285714285704
2009-12-14,47.0,47.04,47.0,47.01,162913,17:25,17:15,True,137735.92857142858,1.182792330873312,1.5228571428571425
2009-12-15,46.5,46.6,46.5,46.5,61097,17:25,17:15,True,142237.64285714287,0.4295417076150727,1.543571428571428
2009-12-16,45.61,45.85,45.61,45.7,84618,17:25,17:15,True,141905.5,0.5962982407306271,1.5449999999999997
2009-12-17,45.68,45.74,45.63,45.74,114651,17:25,17:15,True,142603.2142857143,0.8039860852665612,1.4492857142857143
2009-12-18,45.47,45.59,45.46,45.59,176627,17:25,17:15,True,135913.35714285713,1.2995558620066252,1.387857142857143
2009-12-21,44.0,44.2,44.0,44.2,142869,17:25,17:15,True,142043.7142857143,1.0058100826103835,1.4242857142857142
2009-12-22,44.45,44.7,44.42,44.7,138285,17:25,17:15,True,140260.2857142857,0.9859169992116698,1.3849999999999996
2009-12-23,44.79,44.79,44.71,44.73,69514,17:25,17:15,True,145195.0,0.47876304280450427,1.3478571428571426
2009-12-28,44.3,44.4,44.3,44.4,74451,17:25,17:15,True,119419.0,0.6234435056398061,1.345
2009-12-29,44.96,44.96,44.9,44.9,83008,17:25,17:15,True,116453.57142857143,0.712799092219462,1.231428571428571
2009-12-30,45.0,45.02,44.99,44.99,52117,17:25,17:15,True,117726.14285714286,0.44269691281096685,1.2149999999999999
2010-01-04,44.78,44.94,44.76,44.86,183177,17:25,17:15,True,107914.57142857143,1.697426006285395,1.1228571428571423
2010-01-07,45.31,45.33,45.26,45.3,236867,17:25,17:15,True,116258.5,2.037416618999901,1.087142857142856
2010-01-08,46.5,46.5,46.32,46.43,85615,17:25,17:15,True,126437.28571428571,0.677134118439294,1.1121428571428562
2010-01-11,48.5,48.68,48.41,48.6,305699,17:25,17:15,True,118986.35714285714,2.569193707081664,1.149999999999999
2010-01-12,48.3,48.42,48.3,48.35,117186,17:25,17:15,True,129185.35714285714,0.9071151916266494,1.186428571428571
2010-01-13,47.0,47.0,46.75,46.98,373734,17:25,17:15,True,133191.7142857143,2.8059853573045084,1.1742857142857137
2010-01-14,48.3,48.4,48.3,48.4,119084,17:25,17:15,True,153842.85714285713,0.774062587055437,1.2149999999999994
2010-01-15,48.19,48.19,48.1,48.13,30440,17:25,17:15,True,154159.5,0.19745782776929088,1.193571428571428
2010-01-18,47.82,47.82,47.63,47.71,75299,17:25,17:15,True,143717.57142857142,0.5239373254885823,1.128571428571428
2010-01-19,47.6,47.68,47.57,47.65,69036,17:25,17:15,True,138891.14285714287,0.49705113357017516,1.1464285714285707
2010-01-20,48.0,48.0,47.8,47.8,103013,17:25,17:15,True,133944.7857142857,0.7690706245163919,1.200714285714285
2010-01-21,46.9,47.1,46.9,46.98,112624,17:25,17:15,True,136337.57142857142,0.8260672301839028,1.2264285714285705
2010-01-22,46.18,46.18,46.01,46.04,109880,17:25,17:15,True,139064.2142857143,0.790138574214687,1.2949999999999993
2010-01-25,45.0,45.0,44.9,44.9,150674,17:25,17:15,True,140983.64285714287,1.0687339108741591,1.370714285714285
2010-01-26,45.08,45.2,45.07,45.2,86685,17:25,17:15,True,148023.42857142858,0.5856167556487196,1.4064285714285707
2010-01-27,44.0,44.2,44.0,44.18,167969,17:25,17:15,True,141131.14285714287,1.1901625438548542,1.4171428571428568
2010-01-28,45.65,45.8,45.65,45.75,121476,17:25,17:15,True,136209.85714285713,0.8918297291259601,1.4464285714285714
2010-01-29,44.25,44.78,44.25,44.7,182260,17:25,17:15,True,138771.35714285713,1.3133834225774257,1.4578571428571425
2010-02-01,44.3,44.3,44.2,44.2,124304,17:25,17:15,True,129954.28571428571,0.9565209744085833,1.412142857142857
2010-02-02,46.0,46.2,45.95,46.0,148243,17:25,17:15,True,130462.71428571429,1.1362863390634872,1.437857142857143
2010-02-03,46.3,46.39,46.23,46.34,98537,17:25,17:15,True,114356.21428571429,0.8616672090404232,1.3928571428571428
2010-02-04,45.99,45.99,45.95,45.97,78746,17:25,17:15,True,112888.57142857143,0.6975551112348459,1.412857142857143
2010-02-05,43.62,43.7,43.62,43.68,214934,17:25,17:15,True,116339.0,1.8474802087004358,1.5400000000000003
2010-02-08,43.2,43.5,43.1,43.35,132868,17:25,17:20,True,126312.92857142857,1.051895490847278,1.5821428571428575
2010-02-09,43.8,43.8,42.9,43.13,305103,17:20,17:20,True,130872.35714285714,2.331302092060257,1.5778571428571435
2010-02-10,42.45,42.85,42.3,42.52,2002729,17:25,17:20,True,145307.35714285713,13.782708868836158,1.5650000000000008
2010-02-11,42.4,42.4,42.12,42.15,316883,17:25,17:20,True,280314.85714285716,1.1304538162189048,1.6235714285714293
2010-02-12,43.3,43.3,43.12,43.2,153409,17:25,17:20,True,295100.78571428574,0.5198529025555675,1.5542857142857152
2010-02-15,41.6,41.9,41.6,41.61,124289,17:25,17:20,True,295296.14285714284,0.4208961173601513,1.5850000000000009
2010-02-16,41.8,41.93,41.72,41.82,133186,17:25,17:20,True,297982.14285714284,0.44695966920357166,1.5642857142857147
2010-02-17,42.31,42.36,42.16,42.16,341654,17:25,17:20,True,295497.64285714284,1.1561987320662699,1.4914285714285722
2010-02-18,42.7,42.7,42.15,42.31,98735,17:25,17:20,True,311224.64285714284,0.3172467292229201,1.4121428571428578
2010-02-19,41.53,41.65,41.32,41.55,196766,17:25,17:20,True,305258.5714285714,0.6445879605580281,1.412857142857144
2010-02-22,42.93,42.93,42.8,42.85,128022,17:25,17:20,True,310434.4285714286,0.4123962686392019,1.4107142857142863
2010-02-23,42.9,42.98,42.87,42.9,57012,17:25,17:20,True,308990.0714285714,0.18451078294008985,1.4064285714285722
2010-02-24,42.14,42.14,42.04,42.08,76047,17:25,17:20,True,306024.0,0.24850011763783234,1.4450000000000007
2010-02-25,42.2,42.2,41.83,41.92,167292,17:25,17:20,True,305831.21428571426,0.5470076048016215,1.2950000000000013
2010-02-26,42.98,43.1,42.94,42.99,173469,17:25,17:20,True,302428.21428571426,0.5735873566218194,1.3050000000000013
2010-03-01,43.99,43.99,43.8,43.89,26746,17:25,17:20,True,305328.28571428574,0.0875975179876648,1.232142857142858
2010-03-02,44.6,44.6,44.26,44.26,91767,17:25,17:20,True,285445.64285714284,0.3214867779429609,1.2228571428571442
2010-03-03,44.79,44.79,44.55,44.57,76026,17:25,17:20,True,148948.35714285713,0.510418519937639,1.1021428571428582
2010-03-04,45.34,45.35,45.06,45.11,172536,17:25,17:20,True,131744.2857142857,1.3096279589247568,1.100000000000001
2010-03-05,46.02,46.16,45.74,45.9,506019,17:25,17:20,True,133110.5,3.801495749771806,1.0307142857142868
2010-03-08,45.9,46.13,45.89,46.12,265226,17:25,17:20,True,160376.92857142858,1.653766550853191,1.0228571428571438
2010-03-09,45.81,45.94,45.6,45.76,101956,17:25,17:20,True,169808.35714285713,0.6004180342798205,0.9785714285714293
2010-03-10,45.12,45.17,45.08,45.17,29996,17:25,17:20,True,152687.07142857142,0.19645409214644893,0.9964285714285721
2010-03-11,45.41,45.54,45.35,45.51,65746,17:25,17:20,True,147777.14285714287,0.44489965585244184,0.9935714285714289
2010-03-12,45.44,45.61,45.44,45.55,74088,17:25,17:20,True,138418.57142857142,0.5352460962092205,0.9357142857142863
2010-03-15,45.6,45.6,45.41,45.41,39239,17:25,17:20,True,134566.14285714287,0.2915963790509818,0.9600000000000003
2010-03-16,45.38,45.5,45.34,45.5,211003,17:25,17:20,True,133296.64285714287,1.582958096147529,0.885
2010-03-17,45.62,45.72,45.53,45.61,245710,17:25,17:20,True,142936.35714285713,1.7190168051815269,0.8728571428571428
2010-03-18,45.03,45.18,45.03,45.14,148621,17:25,17:20,True,148537.64285714287,1.000561185308005,0.8028571428571425
2010-03-19,44.94,45.03,44.91,45.03,134177,17:25,17:20,True,146762.7857142857,0.9142440254657784,0.8192857142857137
2010-03-22,44.62,44.84,44.61,44.76,71072,17:25,17:20,True,154436.42857142858,0.4602023023805449,0.8021428571428564
2010-03-23,44.47,44.62,44.37,44.59,65475,17:25,17:20,True,152958.2142857143,0.4280580830899195,0.8049999999999997
2010-03-24,45.03,45.19,45.0,45.05,150405,17:25,17:20,True,152204.57142857142,0.9881766269456896,0.7857142857142853
2010-03-25,44.6,44.9,44.6,44.7,54484,17:25,17:20,True,150623.7857142857,0.36172241815345996,0.769285714285714
2010-03-26,44.99,45.1,44.82,45.1,157624,17:25,17:20,True,118371.28571428571,1.3316067241210767,0.76
2010-03-29,45.0,45.15,44.99,45.14,123197,17:25,17:20,True,110685.42857142857,1.113037204535892,0.7657142857142861
2010-03-30,45.29,45.29,45.16,45.2,66462,17:25,17:20,True,112202.64285714286,0.5923389887047479,0.7264285714285721
2010-03-31,45.53,45.63,45.48,45.63,91290,17:25,17:20,True,114807.35714285714,0.7951581002461888,0.7292857142857149
2010-04-06,46.83,46.89,46.75,46.81,226553,17:25,17:20,True,116631.92857142857,1.942461234886061,0.7500000000000006
2010-04-07,47.5,47.64,47.5,47.64,160716,17:25,17:20,True,127522.28571428571,1.2602973597892133,0.7857142857142863
2010-04-08,47.63,47.63,47.19,47.34,209821,17:25,17:20,True,136199.2142857143,1.54054486364249,0.7871428571428579
2010-04-09,47.5,47.57,47.33,47.54,300888,17:25,17:20,True,136114.7857142857,2.210546035987483,0.8500000000000009
2010-04-12,48.0,48.19,47.95,48.19,475162,17:25,17:20,True,140056.07142857142,3.3926554925705776,0.8692857142857154
2010-04-13,48.58,48.58,48.4,48.45,763202,17:25,17:20,True,163380.42857142858,4.671318386622633,0.8807142857142871
2010-04-14,48.5,48.5,48.2,48.2,236816,17:25,17:20,True,208310.7857142857,1.1368398385516696,0.8842857142857155
2010-04-15,48.8,48.82,48.65,48.65,216259,17:25,17:20,True,220149.64285714287,0.9823272806321673,0.8935714285714295
2010-04-16,47.96,48.13,47.95,48.07,137652,17:25,17:20,True,230919.92857142858,0.5961027307239151,0.9314285714285724
2010-04-19,46.96,46.96,46.71,46.71,297468,17:25,17:20,True,230009.0,1.293288523492559,0.9464285714285724
2010-04-20,47.33,47.44,47.33,47.38,112157,17:25,17:20,True,247365.0,0.45340690881895174,0.9728571428571436
2010-04-21,47.4,47.45,47.36,47.43,133407,17:25,17:20,True,244117.35714285713,0.5464871550363803,0.9935714285714289
2010-04-22,46.8,46.9,46.78,46.8,236235,17:25,17:20,True,244846.64285714287,0.964828421755542,1.0271428571428574
2010-04-23,47.02,47.2,46.98,46.98,156153,17:25,17:20,True,256973.2857142857,0.607662386251378,1.0621428571428575
2010-04-26,47.43,47.6,47.41,47.54,167331,17:25,17:20,True,261606.35714285713,0.6396289517866129,1.0735714285714286
2010-04-27,47.95,48.05,47.6,48.05,315876,17:25,17:20,True,257376.2142857143,1.2272928983614038,1.0271428571428574
2010-04-28,47.97,48.2,47.61,47.8,714917,17:25,17:20,True,268459.0714285714,2.663039085234328,1.080714285714286
2010-04-29,49.11,49.3,48.91,49.16,249611,17:25,17:20,True,304537.35714285716,0.8196400019420559,1.1107142857142855
2010-05-03,49.58,49.69,49.29,49.5,404416,17:25,17:20,True,300874.71428571426,1.3441342219803878,1.2042857142857142
2010-05-04,49.02,49.49,49.02,49.3,700982,17:25,17:20,True,295821.4285714286,2.369611976337076,1.2328571428571433
2010-05-05,47.5,47.5,47.17,47.4,331827,17:25,17:20,True,291377.14285714284,1.1388230275931048,1.331428571428572
2010-05-06,45.0,45.07,44.8,44.97,693486,17:25,17:20,True,298163.64285714284,2.325857013801865,1.4028571428571435
2010-05-07,40.5,41.31,40.48,41.31,1414455,17:25,17:20,True,332251.28571428574,4.257184428825171,1.5871428571428576
2010-05-10,44.0,44.07,43.27,43.8,1518325,17:25,17:20,True,423451.5,3.585593627605523,1.7300000000000004
2010-05-11,44.81,44.94,44.16,44.44,468913,17:25,17:20,True,510655.5714285714,0.9182568961074966,1.9935714285714288
2010-05-14,44.74,44.74,44.2,44.2,236116,17:25,17:20,True,536138.1428571428,0.44040142106232216,2.069285714285715
2010-05-17,42.17,42.26,41.82,41.9,368657,17:25,17:20,True,543474.5,0.6783335740683325,2.175714285714286
2010-05-18,43.46,43.66,43.4,43.45,93902,17:25,17:20,True,552933.2142857143,0.1698252113888722,2.2192857142857148
2010-05-19,42.4,42.4,41.8,41.9,368941,17:25,17:20,True,548486.7142857143,0.6726525736917185,2.2171428571428575
2010-05-20,41.95,41.95,41.7,41.86,120044,17:25,17:20,True,562887.4285714285,0.21326466697730986,2.2950000000000004
2010-05-21,40.1,40.63,40.05,40.63,450428,17:25,17:20,True,548899.4285714285,0.8206020566869393,2.4057142857142857
2010-05-24,41.68,41.7,41.5,41.67,205430,17:25,17:20,True,530007.3571428572,0.38759839317594375,2.3921428571428573
2010-05-25,39.17,39.34,39.01,39.16,333984,17:25,17:20,True,526851.5714285715,0.6339242741449814,2.371428571428571
2010-05-26,40.0,40.06,39.78,39.8,358462,17:25,17:20,True,521820.71428571426,0.6869447497703782,2.414999999999999
2010-05-27,40.36,40.36,40.1,40.28,95714,17:25,17:20,True,497355.0,0.19244603954921535,2.3335714285714277
2010-05-28,41.35,41.35,41.04,41.05,107046,17:25,17:20,True,480489.78571428574,0.2227851729269702,2.2578571428571417
2010-05-31,40.7,41.01,40.65,41.01,142618,17:25,17:20,True,438601.21428571426,0.3251655384316733,2.048571428571428
2010-06-01,40.91,41.02,40.8,40.8,177170,17:25,17:20,True,347755.71428571426,0.5094668260560574,1.8764285714285707
2010-06-02,40.33,40.35,40.25,40.32,67265,17:25,17:20,True,251958.92857142858,0.26696811413424804,1.629285714285714
2010-06-03,41.38,41.69,41.34,41.63,226475,17:20,17:20,True,223269.7857142857,1.014355790576231,1.5649999999999993
2010-06-04,41.24,41.26,41.16,41.2,78224,17:25,17:20,True,222581.14285714287,0.35144037359088304,1.484999999999999
2010-06-07,39.38,39.39,39.04,39.14,154621,17:25,17:20,True,201835.92857142858,0.7660727259729703,1.499999999999999
2010-06-08,39.59,39.85,39.5,39.83,149701,17:25,17:20,True,206173.0,0.7260941054357263,1.5371428571428563
2010-06-09,39.2,39.42,39.11,39.35,144435,17:25,17:20,True,190513.0,0.7581372399783742,1.5114285714285707
2010-06-10,39.95,39.98,39.82,39.96,71255,17:25,17:20,True,192255.2142857143,0.37062713885151916,1.3878571428571422
2010-06-11,41.79,41.8,41.6,41.75,155912,17:25,17:20,True,165171.42857142858,0.9439404947240961,1.4007142857142851
2010-06-14,41.9,41.99,41.83,41.99,202280,17:25,17:20,True,161634.42857142858,1.2514660508148459,1.346428571428571
2010-06-15,42.52,42.6,42.43,42.59,88019,17:25,17:20,True,152227.0,0.5782088591379979,1.2999999999999996
2010-06-16,43.8,43.8,43.7,43.71,120240,17:25,17:20,True,132909.64285714287,0.9046747656168126,1.3064285714285713
2010-06-17,43.16,43.25,43.0,43.23,206921,17:25,17:20,True,134661.5,1.536601032960423,1.3142857142857143
2010-06-18,44.09,44.15,43.9,44.01,172105,17:25,17:20,True,141795.42857142858,1.2137556318559535,1.3449999999999993
2010-06-21,45.64,46.12,45.64,46.08,391473,17:25,17:20,True,143901.64285714287,2.720420644458045,1.3949999999999996
2010-06-22,44.95,44.95,44.68,44.95,149174,17:25,17:20,True,159209.0,0.9369696436759228,1.3907142857142851
2010-06-23,44.52,44.74,44.5,44.74,163705,17:25,17:20,True,165059.64285714287,0.9917930098860368,1.3900000000000001
2010-06-24,44.86,45.03,44.82,45.03,92191,17:25,17:20,True,160576.07142857142,0.5741266377973947,1.3821428571428573
2010-06-28,43.33,43.79,43.33,43.42,142001,17:25,17:20,True,161573.7142857143,0.8788620143304781,1.3628571428571428
2010-06-29,42.89,42.98,42.73,42.88,77213,17:25,17:20,True,160672.2857142857,0.4805620313219633,1.3499999999999999
2010-06-30,42.0,42.26,41.88,41.88,250232,17:25,17:20,True,155494.57142857142,1.6092651833504523,1.3642857142857143
2010-07-01,41.2,41.23,40.84,40.98,193063,17:25,17:20,True,163051.5,1.18406147750864,1.387857142857143
2010-07-02,41.71,41.71,41.51,41.63,255604,17:25,17:20,True,171752.07142857142,1.488214947709094,1.3735714285714284
2010-07-05,41.22,41.41,41.22,41.37,45489,17:25,17:20,True,178872.92857142858,0.2543090246427931,1.366428571428571
2010-07-06,41.41,41.41,41.35,41.41,87038,17:25,17:20,True,167673.57142857142,0.5190919431037347,1.3285714285714287
2010-07-07,43.03,43.03,42.9,42.95,190407,17:25,17:20,True,167603.5,1.136056227942734,1.4035714285714285
2010-07-08,45.28,45.38,45.17,45.28,351792,17:25,17:20,True,172615.42857142858,2.0380101762133496,1.499285714285715
2010-07-09,45.4,45.49,45.35,45.45,139245,17:25,17:20,True,182963.35714285713,0.7610540283827324,1.5135714285714295
2010-07-12,46.5,46.75,46.37,46.42,331007,17:25,17:20,True,180616.2142857143,1.8326538473250502,1.507857142857144
2010-07-13,46.64,46.73,46.47,46.73,116360,17:25,17:20,True,176297.2142857143,0.6600217732959883,1.5214285714285722
2010-07-14,48.95,49.2,48.93,49.0,323809,17:25,17:20,True,173953.35714285713,1.8614702545468882,1.6714285714285724
2010-07-15,47.5,47.52,47.4,47.52,163765,17:25,17:20,True,185389.35714285713,0.8833570735875962,1.707142857142858
2010-07-16,47.3,47.47,47.15,47.44,156711,17:25,17:20,True,190501.7857142857,0.8226222101405124,1.6650000000000011
2010-07-19,46.14,46.17,45.8,46.0,128790,17:25,17:20,True,191552.5,0.6723483118205191,1.6685714285714295
2010-07-20,46.9,46.91,46.63,46.8,40696,17:25,17:20,True,195236.57142857142,0.20844455371358997,1.6564285714285722
2010-07-21,46.09,46.1,45.86,45.97,180869,17:25,17:20,True,180269.7142857143,1.003324383780494,1.6878571428571436
2010-07-22,46.32,46.41,46.1,46.19,122770,17:25,17:20,True,179398.7142857143,0.6843415823174398,1.6778571428571436
2010-07-23,48.2,48.2,47.8,48.14,134565,17:25,17:20,True,169910.57142857142,0.7919754425437248,1.7571428571428578
2010-07-26,48.5,48.5,48.2,48.35,89751,17:25,17:20,True,176273.14285714287,0.5091586758212903,1.7892857142857146
2010-07-27,48.65,48.85,48.51,48.7,221428,17:25,17:20,True,176466.92857142858,1.2547846885110403,1.6792857142857147
2010-07-28,49.82,50.4,49.8,50.35,961803,17:25,17:20,True,178682.7142857143,5.382742275014211,1.6064285714285715
2010-07-29,50.0,50.15,50.0,50.15,51273,17:25,17:20,True,222254.92857142858,0.23069454670617942,1.5799999999999998
2010-07-30,49.56,49.89,49.56,49.88,160791,17:25,17:20,True,215971.2142857143,0.7445019954709573,1.5357142857142851
2010-08-02,49.9,50.1,49.9,50.0,113354,17:25,17:20,True,203812.92857142858,0.5561668771187583,1.5007142857142857
2010-08-03,51.5,51.55,51.25,51.35,164114,17:25,17:20,True,203598.2142857143,0.8060679735122571,1.4378571428571425
2010-08-04,51.4,51.5,51.3,51.35,165625,17:25,17:20,True,192191.42857142858,0.8617710021258567,1.3592857142857138
2010-08-05,52.1,52.1,51.9,52.0,72478,17:25,17:20,True,192324.2857142857,0.3768530829625558,1.3399999999999999
2010-08-06,52.0,52.3,52.0,52.3,121502,17:25,17:20,True,186307.64285714287,0.6521578939902396,1.3442857142857143
2010-08-09,52.1,52.35,52.0,52.0,105295,17:25,17:20,True,185787.07142857142,0.5667509541452792,1.3450000000000004
2010-08-10,51.45,51.45,51.2,51.2,101608,17:25,17:20,True,190401.2857142857,0.5336518585933918,1.2942857142857151
2010-08-11,50.25,50.25,50.05,50.05,176016,17:25,17:20,True,184739.7857142857,0.9527779807659964,1.287857142857144
2010-08-12,48.24,48.33,48.06,48.32,342372,17:25,17:20,True,188543.07142857142,1.815882161067403,1.28857142857143
2010-08-13,49.02,49.03,48.81,48.87,129529,17:25,17:20,True,203386.42857142858,0.6368615689345756,1.2864285714285728
2010-08-16,48.5,48.64,48.4,48.43,109287,17:25,17:20,True,206227.7142857143,0.5299336239967747,1.3500000000000014
2010-08-17,48.5,48.5,48.34,48.5,82398,17:25,17:20,True,198217.64285714287,0.4156945810287177,1.3271428571428585
2010-08-18,48.52,48.59,48.25,48.35,170557,17:25,17:20,True,135403.0,1.2596249713817271,1.3050000000000017
2010-08-19,48.63,48.66,48.45,48.49,163722,17:25,17:20,True,143923.2857142857,1.1375643572022,1.3092857142857162
2010-08-20,47.43,47.61,47.41,47.55,121117,17:25,17:20,True,144132.64285714287,0.8403162364825654,1.3271428571428585
2010-08-23,46.6,46.66,46.11,46.37,158793,17:25,17:20,True,144687.14285714287,1.0974921258676356,1.2728571428571438
2010-08-24,46.7,46.79,46.61,46.69,83688,17:25,17:20,True,144307.07142857142,0.5799300004603279,1.332857142857144
2010-08-25,46.51,46.7,46.51,46.6,134279,17:25,17:20,True,138454.42857142858,0.9698425784244635,1.3442857142857154
2010-08-26,46.46,46.46,46.16,46.38,174028,17:25,17:20,True,142868.7857142857,1.218096725116903,1.3821428571428582
2010-08-27,46.06,46.15,45.98,45.98,86750,17:25,17:20,True,146620.64285714287,0.5916629357881296,1.3300000000000007
2010-08-30,47.0,47.2,47.0,47.2,92339,17:25,17:20,True,145296.0,0.6355233454465368,1.322142857142858
2010-08-31,45.63,45.63,45.29,45.39,210046,17:25,17:20,True,144633.92857142858,1.452259522192728,1.3185714285714296
2010-09-01,46.59,46.68,46.52,46.58,93281,17:25,17:20,True,147064.64285714287,0.6342857004087123,1.2507142857142866
2010-09-02,47.95,47.95,47.59,47.62,168780,17:25,17:20,True,129272.42857142857,1.3056148311373434,1.2985714285714296
2010-09-03,47.45,47.68,47.35,47.67,181240,17:25,17:20,True,132076.07142857142,1.3722394831982652,1.245000000000001
2010-09-06,48.18,48.39,48.16,48.35,46858,17:25,17:20,True,137215.57142857142,0.34149185483946537,1.2742857142857156
2010-09-07,47.94,47.99,47.8,47.8,99708,17:25,17:20,True,134677.0,0.7403491316260385,1.2471428571428582
2010-09-08,47.3,47.55,47.3,47.4,148679,17:25,17:20,True,129616.35714285714,1.1470697316090506,1.2492857142857154
2010-09-09,48.05,48.05,47.76,47.85,101329,17:25,17:20,True,128541.85714285714,0.7882957524675119,1.2492857142857159
2010-09-10,47.93,48.09,47.82,47.94,93506,17:25,17:20,True,127128.42857142857,0.735523919006539,1.2092857142857163
2010-09-13,48.63,48.81,48.63,48.77,253976,17:25,17:20,True,122465.07142857143,2.073864792935128,1.1435714285714305
2010-09-14,49.54,49.54,49.35,49.35,192667,17:25,17:20,True,134628.5,1.431101141288806,1.149285714285716
2010-09-15,49.26,49.33,49.15,49.33,93496,17:25,17:20,True,138799.07142857142,0.6736068119023028,1.0728571428571445
2010-09-16,48.53,48.62,48.39,48.56,136329,17:25,17:20,True,133046.7857142857,1.0246696248097473,1.092142857142859
2010-09-17,49.45,49.47,49.3,49.44,145091,17:25,17:20,True,136588.14285714287,1.0622517955438506,1.0928571428571447
2010-09-20,49.0,49.3,48.93,49.01,138503,17:25,17:20,True,140356.14285714287,0.9867968524966589,1.0757142857142874
2010-09-21,49.89,49.98,49.87,49.88,140061,17:25,17:20,True,135245.92857142858,1.035602339230703,1.0657142857142874
2010-09-22,50.3,50.3,50.0,50.05,136049,17:25,17:20,True,138587.35714285713,0.9816840641513889,0.9585714285714297
2010-09-23,49.8,49.82,49.67,49.68,27790,17:25,17:20,True,136249.42857142858,0.20396415817209193,0.9642857142857147
2010-09-24,48.3,48.4,48.3,48.39,37112,17:25,17:20,True,125288.71428571429,0.29621183529242745,0.990714285714286
2010-09-27,49.6,49.69,49.53,49.65,125160,17:25,17:20,True,124592.57142857143,1.0045542728986365,1.0585714285714292
2010-09-28,48.79,48.79,48.58,48.74,76331,17:25,17:20,True,126410.57142857143,0.603833992184198,1.0557142857142858
2010-09-29,49.21,49.69,49.2,49.25,556176,17:25,17:20,True,121242.85714285714,4.587288794627077,1.0564285714285708
2010-09-30,49.47,49.47,49.26,49.46,192941,17:25,17:20,True,153731.92857142858,1.2550483285608018,1.1071428571428565
2010-10-01,50.0,50.1,50.0,50.1,139756,17:25,17:20,True,160834.42857142858,0.8689433054934045,1.162142857142857
2010-10-04,50.15,50.2,50.05,50.1,275065,17:25,17:20,True,152675.85714285713,1.8016273505681037,1.135714285714285
2010-10-05,50.05,50.05,49.6,49.79,191805,17:25,17:20,True,158561.42857142858,1.209657365779824,1.115714285714285
2010-10-06,51.35,51.5,51.3,51.5,251225,17:25,17:20,True,165583.5,1.5172103500650729,1.164285714285713
2010-10-07,51.8,51.9,51.75,51.75,118343,17:25,17:20,True,173790.35714285713,0.6809526255977543,1.1607142857142847
2010-10-08,51.7,51.8,51.5,51.75,148789,17:25,17:20,True,171879.7857142857,0.8656573510472644,1.1564285714285703
2010-10-11,51.4,51.55,51.35,51.5,171997,17:25,17:20,True,172614.5,0.9964226643763995,1.1507142857142842
2010-10-12,51.3,51.35,51.0,51.3,316616,17:25,17:20,True,174895.64285714287,1.810313823876197,1.1714285714285704
2010-10-13,51.75,51.75,51.55,51.65,208130,17:25,17:20,True,187793.2857142857,1.1082930851780035,1.1392857142857136
2010-10-14,52.55,52.7,52.55,52.7,96243,17:25,17:20,True,200674.7142857143,0.47959704511138496,1.0978571428571422
2010-10-15,52.1,52.2,52.05,52.15,157325,17:25,17:20,True,204898.35714285713,0.7678197238561141,1.0721428571428564
2010-10-18,51.8,51.9,51.65,51.75,65939,17:25,17:20,True,207195.85714285713,0.3182447801286705,1.0585714285714285
2010-10-19,52.85,52.85,52.5,52.7,225286,17:25,17:20,True,206453.57142857142,1.0912187105367863,1.0685714285714292
2010-10-20,53.1,53.1,52.35,52.45,407669,17:25,17:20,True,182818.57142857142,2.229910215436069,1.0757142857142858
2010-10-21,52.95,53.1,52.6,52.9,1090353,17:25,17:20,True,198156.2857142857,5.502490098003452,1.1300000000000001
2010-10-22,53.9,53.9,53.75,53.8,292685,17:25,17:20,True,266056.0714285714,1.1000876560660549,1.2535714285714288
2010-10-25,54.3,54.3,54.15,54.2,161380,17:25,17:20,True,267314.64285714284,0.603708043357146,1.258571428571429
2010-10-26,53.5,53.5,53.4,53.4,139994,17:25,17:20,True,265141.4285714286,0.5279974568828496,1.1964285714285718
2010-10-27,53.3,53.3,53.1,53.1,257247,17:25,17:20,True,257196.35714285713,1.0001969034775822,1.207142857142857
2010-10-28,53.45,53.75,53.0,53.45,1239836,17:25,17:20,True,267118.0714285714,4.641527970643265,1.207142857142857
2010-10-29,51.85,52.05,51.8,51.95,159038,17:25,17:20,True,345050.0,0.4609129111722939,1.3000000000000003
2010-11-01,52.15,52.3,52.1,52.1,154352,17:25,17:20,True,344124.35714285716,0.44853552733532165,1.317857142857143
2010-11-02,51.85,51.85,51.65,51.75,50274,17:25,17:20,True,332534.0714285714,0.15118450805363232,1.3392857142857142
2010-11-03,52.25,52.25,51.95,52.0,120725,17:25,17:20,True,321258.64285714284,0.3757875552430941,1.3142857142857143
2010-11-04,52.15,52.45,52.1,52.35,353079,17:25,17:20,True,323007.35714285716,1.0930989409131104,1.2928571428571425
2010-11-08,52.5,53.0,52.5,52.8,475569,17:25,17:20,True,336989.78571428574,1.411226749772195,1.4142857142857135
2010-11-09,52.85,52.9,52.8,52.85,118710,17:25,17:20,True,366249.0714285714,0.3241236886607416,1.3821428571428562
2010-11-10,53.1,53.1,52.95,52.95,93583,17:25,17:20,True,358636.5,0.26094109216435024,1.3178571428571426
2010-11-11,53.25,53.25,53.1,53.1,80490,17:25,17:20,True,336201.78571428574,0.23940979322579445,1.2142857142857142
2010-11-12,52.2,52.2,52.1,52.2,196005,17:20,17:20,True,264068.71428571426,0.7422499879630897,1.0857142857142859
2010-11-15,52.05,52.25,52.0,52.25,68698,17:25,17:20,True,257163.0,0.26713796308178084,1.1321428571428573
2010-11-16,52.4,52.55,52.3,52.35,133477,17:25,17:20,True,250542.85714285713,0.5327511688904094,1.1392857142857145
2010-11-17,50.5,50.65,50.3,50.45,321649,17:25,17:20,True,250077.35714285713,1.2861980135860818,1.225000000000001
2010-11-18,51.8,51.95,51.7,51.8,161144,17:25,17:20,True,254677.5,0.6327374817170736,1.250000000000001
2010-11-19,52.1,52.15,52.05,52.15,73591,17:25,17:20,True,177628.07142857142,0.4142982548205661,1.150000000000001
2010-11-22,52.6,52.8,52.6,52.8,213035,17:25,17:20,True,171524.7142857143,1.2420076074001831,1.1250000000000016
2010-11-23,51.3,51.3,51.0,51.15,182185,17:25,17:20,True,175716.35714285713,1.0368129806599842,1.1714285714285733
2010-11-24,50.25,50.7,50.25,50.55,255011,17:25,17:20,True,185138.57142857142,1.377406112795821,1.221428571428573
2010-11-25,51.35,51.35,51.1,51.2,48178,17:25,17:20,True,194730.42857142858,0.2474086887880902,1.2464285714285737
2010-11-26,51.4,51.55,51.3,51.5,92473,17:25,17:20,True,172951.7857142857,0.534675022972959,1.153571428571431
2010-11-29,51.55,51.75,51.55,51.75,118020,17:25,17:20,True,145587.7857142857,0.8106449275326767,1.178571428571431
2010-11-30,51.25,51.25,51.1,51.2,51973,17:25,17:20,True,145538.5,0.3571082565781563,1.2571428571428593
2010-12-01,51.4,51.4,51.3,51.35,63674,17:25,17:20,True,142566.35714285713,0.4466271094813493,1.2964285714285733
2010-12-02,53.25,53.3,53.05,53.25,182546,17:25,17:20,True,141365.2142857143,1.2913077727244477,1.360714285714287
2010-12-03,53.55,53.65,53.45,53.6,72638,17:25,17:20,True,140403.85714285713,0.5173504594399625,1.3392857142857157
2010-12-06,54.0,54.2,54.0,54.1,200126,17:25,17:20,True,140685.2857142857,1.4225083951311794,1.3571428571428588
2010-12-07,53.75,53.85,53.65,53.85,96478,17:25,17:20,True,145445.92857142858,0.6633255461160579,1.2321428571428588
2010-12-08,53.0,53.2,53.0,53.15,133766,17:25,17:20,True,129362.28571428571,1.0340417167290974,1.210714285714287
2010-12-09,54.0,54.0,53.8,53.9,217222,17:25,17:20,True,127406.71428571429,1.7049493915436167,1.2000000000000013
2010-12-10,53.3,53.5,53.3,53.45,56949,17:25,17:20,True,137666.07142857142,0.4136749121191289,1.2285714285714293
2010-12-13,53.5,53.75,53.5,53.6,41686,17:25,17:20,True,126517.07142857143,0.329489131619166,1.157142857142858
2010-12-14,54.2,54.2,54.15,54.2,80408,17:25,17:20,True,116481.42857142857,0.6903074677753658,1.1107142857142864
2010-12-15,55.1,55.1,54.9,55.1,182083,17:25,17:20,True,104009.78571428571,1.7506333538671155,1.1178571428571433
2010-12-16,56.45,56.45,56.2,56.25,142011,17:25,17:20,True,113574.42857142857,1.2503782918941764,1.1750000000000003
2010-12-17,56.15,56.3,56.1,56.2,75228,17:25,17:20,True,117112.85714285714,0.6423547493870382,1.1464285714285718
2010-12-20,55.75,56.0,55.6,55.6,92084,17:25,17:20,True,114056.28571428571,0.8073557667016537,1.0750000000000004
2010-12-21,56.35,56.5,56.3,56.35,70861,17:25,17:20,True,116921.35714285714,0.6060569405931582,1.0678571428571426
2010-12-22,56.45,56.55,56.35,56.55,153411,17:25,17:20,True,117434.71428571429,1.306351370913687,0.9749999999999999
2010-12-23,56.1,56.15,56.1,56.15,31213,17:25,17:20,True,115353.64285714286,0.2705852994920589,0.9464285714285714
2010-12-27,56.5,56.5,56.4,56.4,52141,17:25,17:20,True,112394.71428571429,0.46390971614069293,0.9071428571428568
2010-12-28,56.55,56.7,56.55,56.7,27935,17:25,17:20,True,101824.35714285714,0.27434496798057717,0.8857142857142851
2010-12-29,56.3,56.45,56.3,56.45,44651,17:25,17:20,True,96928.42857142857,0.46065948512820215,0.8428571428571426
2010-12-30,56.5,56.5,56.35,56.45,40612,17:25,17:20,True,90563.07142857143,0.44843885437378683,0.821428571428571
2011-01-03,56.5,56.6,56.45,56.6,91394,17:25,17:20,True,77948.07142857143,1.172498540695133,0.7749999999999996
2011-01-04,57.5,57.6,57.35,57.5,145516,17:25,17:20,True,80408.42857142857,1.8097107801420962,0.8249999999999998
2011-01-07,56.85,56.85,56.4,56.5,256936,17:25,17:20,True,87824.85714285714,2.9255498768653196,0.8107142857142853
2011-01-10,57.45,57.5,57.1,57.3,121558,17:25,17:20,True,100434.0,1.2103271800386324,0.8428571428571426
2011-01-11,57.15,57.2,57.0,57.15,167592,17:25,17:20,True,96110.78571428571,1.7437376955611494,0.7821428571428568
2011-01-12,58.1,58.25,58.0,58.25,65555,17:25,17:20,True,97938.0,0.6693520390451102,0.8107142857142853
2011-01-13,59.2,59.4,59.1,59.4,96693,17:25,17:20,True,97247.07142857143,0.9943024358427246,0.846428571428571
2011-01-14,59.5,59.65,59.45,59.6,56978,17:25,17:20,True,97576.28571428571,0.5839328642498031,0.8071428571428569
2011-01-17,59.9,59.9,59.75,59.8,56470,17:25,17:20,True,96584.64285714286,0.5846685179912512,0.835714285714286
2011-01-18,60.35,60.4,60.3,60.4,67154,17:25,17:20,True,89660.28571428571,0.7489826679115774,0.8678571428571428
2011-01-19,61.35,62.0,61.1,61.65,707758,17:25,17:20,True,92227.5,7.674045160066141,0.9392857142857147
2011-01-20,59.2,59.25,59.1,59.15,140431,17:25,17:20,True,139057.2857142857,1.0098787652776193,1.1392857142857145
2011-01-21,58.15,58.25,58.0,58.25,165167,17:25,17:20,True,147092.7142857143,1.1228768250151264,1.2178571428571427
2011-01-24,58.15,58.4,58.1,58.25,87711,17:25,17:20,True,155701.0,0.5633297152876346,1.2964285714285713
2011-01-25,58.5,58.75,58.5,58.6,63360,17:25,17:20,True,159065.2142857143,0.3983271910487747,1.3214285714285714
2011-01-26,58.05,58.2,57.65,58.05,105070,17:25,17:20,True,157062.7857142857,0.6689681424034701,1.3178571428571426
2011-01-27,58.4,58.5,58.25,58.3,73160,17:25,17:20,True,154173.7857142857,0.47452943871781056,1.3571428571428572
2011-01-28,59.05,59.1,58.85,58.85,114413,17:25,17:20,True,141046.92857142858,0.8111697373265331,1.3214285714285714
2011-01-31,58.35,58.45,57.95,58.2,161803,17:25,17:20,True,140536.57142857142,1.1513230923115083,1.3464285714285715
2011-02-01,58.7,58.9,58.55,58.55,147992,17:25,17:20,True,140123.07142857142,1.0561572658321283,1.3428571428571427
2011-02-02,59.75,60.1,59.7,60.1,178600,17:25,17:20,True,146011.42857142858,1.2231919223544145,1.3214285714285714
2011-02-03,58.9,58.9,58.5,58.85,80581,17:25,17:20,True,151861.92857142858,0.5306201544918386,1.4499999999999997
2011-02-04,59.6,59.6,58.25,58.55,1528024,17:25,17:20,True,153547.85714285713,9.951451152967666,1.4607142857142854
2011-02-07,58.5,58.6,58.35,58.5,154462,17:25,17:20,True,258658.85714285713,0.5971649364966101,1.5607142857142857
2011-02-08,57.95,58.2,57.85,57.95,155691,17:25,17:20,True,264895.14285714284,0.5877457711029593,1.5357142857142858
2011-02-09,59.15,59.3,58.95,58.95,239380,17:25,17:20,True,225461.7857142857,1.0617320325110526,1.4535714285714287
2011-02-10,58.15,58.35,58.1,58.2,77290,17:25,17:20,True,232529.57142857142,0.3323878314708974,1.4250000000000003
2011-02-11,57.8,57.8,57.45,57.65,89145,17:25,17:20,True,226252.64285714287,0.3940064472806474,1.4107142857142858
2011-02-14,58.05,58.15,58.0,58.1,79886,17:25,17:20,True,226355.07142857142,0.3529233937451621,1.4249999999999996
2011-02-15,57.55,57.6,57.3,57.5,251147,17:25,17:20,True,227535.5,1.1037706204086835,1.3714285714285712
2011-02-16,57.55,57.65,57.55,57.6,38287,17:25,17:20,True,237969.57142857142,0.1608903179097928,1.3714285714285712
2011-02-17,58.25,58.25,58.0,58.1,82857,17:25,17:20,True,235478.64285714287,0.3518663051335259,1.3392857142857137
2011-02-18,57.3,57.5,57.3,57.5,142808,17:25,17:20,True,233224.64285714287,0.6123195141410258,1.3642857142857139
2011-02-21,57.5,57.5,57.2,57.25,64975,17:25,17:20,True,231867.85714285713,0.28022426566856123,1.3285714285714287
2011-02-22,56.2,56.2,56.0,56.15,82508,17:25,17:20,True,225938.07142857142,0.3651797126456586,1.3392857142857142
2011-02-23,56.55,56.65,56.35,56.5,179048,17:25,17:20,True,219074.35714285713,0.8172932803963169,1.289285714285715
2011-02-24,55.35,55.5,55.25,55.45,118918,17:25,17:20,True,226107.7142857143,0.525935173754102,1.3250000000000008
2011-02-25,56.2,56.45,55.8,56.3,93851,17:25,17:20,True,125457.28571428571,0.7480713412988599,1.2285714285714293
2011-02-28,57.1,57.2,57.1,57.1,72350,17:25,17:20,True,121127.92857142857,0.597302379833364,1.2428571428571438
2011-03-01,57.65,57.9,57.6,57.9,63199,17:25,17:20,True,115175.0,0.5487215107445192,1.1857142857142864
2011-03-02,55.65,55.95,55.6,55.95,321538,17:25,17:20,True,102590.64285714286,3.1341844737998246,1.1964285714285718
2011-03-03,56.0,56.2,55.9,56.1,74863,17:25,17:20,True,120036.92857142857,0.6236664074210496,1.1928571428571435
2011-03-04,56.25,56.35,56.1,56.25,27152,17:25,17:20,True,119016.78571428571,0.22813588719478345,1.1750000000000012
2011-03-07,55.5,55.5,55.25,55.4,81733,17:25,17:20,True,115250.07142857143,0.7091796038552192,1.196428571428573
2011-03-08,56.05,56.55,56.05,56.45,181493,17:25,17:20,True,103149.07142857143,1.7595214138760338,1.1964285714285725
2011-03-09,57.15,57.3,57.1,57.2,69904,17:25,17:20,True,113378.07142857143,0.6165566155712902,1.235714285714287
2011-03-10,56.95,57.0,56.8,56.9,153779,17:25,17:20,True,112452.85714285714,1.3674974910121067,1.2250000000000014
2011-03-11,56.1,56.25,55.9,56.15,305398,17:25,17:20,True,113236.5,2.6969925774816423,1.221428571428573
2011-03-14,55.45,55.85,55.4,55.8,214391,17:25,17:20,True,130409.57142857143,1.6439820915861785,1.2000000000000017
2011-03-15,54.55,54.9,54.35,54.85,203165,17:25,17:20,True,139829.7857142857,1.4529450857854218,1.1607142857142871
2011-03-16,54.6,54.85,54.55,54.65,212193,17:25,17:20,True,141552.42857142858,1.4990417482871061,1.2642857142857156
2011-03-17,53.3,53.45,53.0,53.05,101249,17:25,17:20,True,148214.92857142858,0.6831228201901774,1.3285714285714296
2011-03-18,55.15,55.15,55.0,55.05,209610,17:25,17:20,True,148743.35714285713,1.4092057892621377,1.357142857142858
2011-03-21,55.65,55.8,55.6,55.7,110018,17:25,17:20,True,158547.64285714287,0.6939112939012924,1.3285714285714296
2011-03-22,55.65,55.95,55.6,55.8,60425,17:25,17:20,True,161891.85714285713,0.3732429849555656,1.2857142857142867
2011-03-23,55.2,55.4,55.15,55.25,48907,17:25,17:20,True,143240.92857142858,0.3414317436207628,1.2571428571428582
2011-03-24,55.45,55.45,55.25,55.4,30916,17:25,17:20,True,141386.92857142858,0.2186623637161851,1.275000000000001
2011-03-25,54.45,54.95,54.4,54.8,354768,17:25,17:20,True,141655.7857142857,2.5044370634853803,1.2964285714285724
2011-03-28,55.55,55.55,55.1,55.45,99066,17:25,17:20,True,161158.2857142857,0.6147124211511664,1.2964285714285728
2011-03-29,55.6,55.8,55.55,55.55,81095,17:25,17:20,True,155270.64285714287,0.5222816013881751,1.289285714285715
2011-03-30,55.7,55.8,55.65,55.7,104449,17:25,17:20,True,156070.0,0.6692445697443455,1.2321428571428577
2011-03-31,56.2,56.3,56.1,56.1,139936,17:25,17:20,True,152546.42857142858,0.9173338327909535,1.2571428571428573
2011-04-01,56.6,56.7,56.5,56.6,102299,17:25,17:20,True,140727.7142857143,0.7269285976769729,1.2571428571428567
2011-04-04,57.15,57.2,56.9,56.9,50844,17:25,17:20,True,132721.14285714287,0.3830889254376523,1.2678571428571423
2011-04-05,57.75,57.75,57.6,57.65,63233,17:25,17:20,True,121841.07142857143,0.5189793495625156,1.1285714285714283
2011-04-06,57.5,57.55,57.35,57.55,50321,17:25,17:20,True,111201.07142857143,0.4525226182944023,1.0214285714285711
2011-04-07,58.6,58.85,58.6,58.75,161727,17:25,17:20,True,107563.35714285714,1.5035510632603908,0.9892857142857139
2011-04-08,58.3,58.55,58.3,58.5,115273,17:25,17:20,True,104143.14285714286,1.1068707630431742,1.0214285714285711
2011-04-11,58.3,58.75,58.3,58.7,304461,17:25,17:20,True,104518.5,2.912986696135134,1.0357142857142863
2011-04-12,58.8,58.9,58.75,58.9,108214,17:25,17:20,True,121949.64285714286,0.8873662723782357,1.053571428571429
2011-04-13,59.15,59.15,59.0,59.0,190278,17:25,17:20,True,126185.85714285714,1.5079185917371314,1.0500000000000003
2011-04-14,58.9,59.15,58.9,59.15,35852,17:25,17:20,True,137568.85714285713,0.26061130945334393,1.0535714285714286
2011-04-15,58.5,58.5,58.35,58.45,54028,17:25,17:20,True,114789.14285714286,0.47067169120026286,1.0642857142857143
2011-04-18,58.15,58.15,58.05,58.05,68682,17:25,17:20,True,111572.14285714286,0.6155837670693529,1.042857142857143
2011-04-19,56.9,56.95,56.8,56.95,84663,17:25,17:20,True,110685.5,0.7648969377199362,1.0964285714285715
2011-04-20,57.75,57.9,57.75,57.8,92930,17:25,17:20,True,109272.21428571429,0.8504449242422757,1.1214285714285717
2011-04-26,58.55,58.8,58.45,58.55,144001,17:25,17:20,True,105914.64285714286,1.3595948219759173,1.1464285714285718
2011-04-27,58.8,58.85,58.45,58.45,154002,17:25,17:20,True,108893.35714285714,1.4142460480666865,1.1178571428571433
2011-04-28,58.45,58.45,58.05,58.2,138807,17:25,17:20,True,116261.78571428571,1.1939176673332659,1.110714285714286
2011-04-29,58.4,58.4,58.3,58.4,65236,17:25,17:20,True,121659.92857142857,0.5362159978722892,1.1392857142857145
2011-05-02,58.35,58.5,58.3,58.35,74713,17:25,17:20,True,122725.28571428571,0.6087824490703395,1.0750000000000004
2011-05-03,57.45,58.0,57.2,57.4,491806,17:25,17:20,True,116510.0,4.2211483992790315,1.1071428571428577
2011-05-04,57.1,57.4,57.1,57.15,132058,17:25,17:20,True,143405.2142857143,0.9208730704651604,1.1392857142857145
2011-05-05,56.7,56.8,56.5,56.55,77846,17:25,17:20,True,131090.7142857143,0.5938330599857241,1.1464285714285711
2011-05-06,57.0,57.1,56.95,56.95,77332,17:25,17:20,True,128921.57142857143,0.5998375535070601,1.1535714285714285
2011-05-09,56.55,56.65,56.5,56.5,97054,17:25,17:20,True,120854.0,0.8030681648931769,1.1214285714285717
2011-05-10,56.45,56.55,56.25,56.4,320918,17:25,17:20,True,125225.57142857143,2.562719389809703,1.0749999999999997
2011-05-11,56.85,56.9,56.6,56.85,96565,17:25,17:20,True,144289.14285714287,0.6692464733511282,1.0749999999999997
2011-05-12,56.85,56.95,56.8,56.85,67361,17:25,17:20,True,146280.7857142857,0.4604911005302425,1.0464285714285713
2011-05-13,57.3,57.3,57.1,57.1,84347,17:25,17:20,True,145044.92857142858,0.5815232620040391,1.0071428571428567
2011-05-16,56.4,56.5,56.25,56.35,75142,17:25,17:20,True,144431.85714285713,0.5202591830255099,0.9678571428571422
2011-05-17,56.45,56.45,56.3,56.4,120750,17:25,17:20,True,139513.35714285713,0.865508525297373,0.9749999999999989
2011-05-18,56.25,56.6,56.25,56.5,109706,17:25,17:20,True,137138.2142857143,0.7999666655381562,0.9642857142857133
2011-05-19,56.55,56.6,56.4,56.5,45869,17:25,17:20,True,135059.57142857142,0.3396205060835589,0.9464285714285704
2011-05-20,57.0,57.2,57.0,57.15,67455,17:25,17:20,True,133676.2142857143,0.504614828901605,0.9642857142857133
2011-05-23,56.2,56.3,56.05,56.2,149827,17:25,17:20,True,133157.7857142857,1.1251839251929372,0.8964285714285702
2011-05-24,55.2,55.3,55.1,55.3,71471,17:25,17:20,True,108730.71428571429,0.6573211669721395,0.9214285714285703
2011-05-25,54.25,54.5,54.2,54.35,152517,17:25,17:20,True,104403.07142857143,1.4608478267264988,0.8964285714285707
2011-05-26,55.8,56.0,55.8,55.95,58259,17:25,17:20,True,109736.71428571429,0.5308979804909674,0.9428571428571421
2011-05-27,55.45,55.75,55.4,55.7,143562,17:25,17:20,True,108374.35714285714,1.324686058444242,0.9928571428571418
2011-05-30,55.45,55.75,55.45,55.75,31331,17:25,17:20,True,111696.35714285714,0.28050153829035224,1.010714285714285
2011-05-31,55.6,55.7,55.55,55.7,221749,17:25,17:20,True,91011.57142857143,2.4364923769504974,0.9857142857142855
2011-06-03,54.25,54.75,53.95,53.95,305340,17:25,17:20,True,99953.28571428571,3.0548270406318383,0.9499999999999998
2011-06-07,53.5,53.6,53.4,53.45,222900,17:25,17:20,True,116951.78571428571,1.9059136090879942,1.014285714285714
2011-06-08,53.15,53.5,53.15,53.35,106702,17:25,17:20,True,126848.42857142857,0.8411771529350552,1.0357142857142858
2011-06-09,52.3,52.8,52.3,52.5,170828,17:25,17:20,True,129102.71428571429,1.3231944885523044,1.0821428571428575
2011-06-10,52.65,52.75,52.6,52.6,90964,17:25,17:20,True,132679.7142857143,0.685590864358638,1.1214285714285717
2011-06-13,51.45,51.6,51.45,51.6,110382,17:25,17:20,True,131341.0,0.8404230209911604,1.171428571428572
2011-06-14,51.3,51.65,51.2,51.2,163589,17:25,17:20,True,135949.07142857142,1.2033109037155196,1.1821428571428574
2011-06-15,52.2,52.2,51.95,52.0,110813,17:25,17:20,True,142815.7857142857,0.7759156275741828,1.2500000000000004
2011-06-16,50.25,50.4,50.2,50.25,236844,17:25,17:20,True,140029.07142857142,1.6913916344922255,1.2214285714285715
2011-06-17,49.99,50.1,49.64,49.92,103100,17:25,17:20,True,151841.42857142858,0.6789978266800891,1.2642857142857145
2011-06-20,50.6,50.9,50.5,50.75,79412,17:25,17:20,True,148311.64285714287,0.5354400940490656,1.307857142857143
2011-06-21,50.85,51.0,50.75,50.85,153776,17:25,17:20,True,149822.57142857142,1.0263874030043156,1.307857142857143
2011-06-22,51.65,51.8,51.55,51.75,119671,17:25,17:20,True,150552.14285714287,0.794880748482965,1.3292857142857142
2011-06-23,49.76,49.92,49.7,49.83,85614,17:25,17:20,True,156862.14285714287,0.5457913454489155,1.4149999999999996
2011-06-27,48.5,48.5,48.0,48.44,400093,17:25,17:20,True,147138.2142857143,2.7191644396546493,1.4971428571428567
2011-06-28,48.57,48.9,48.35,48.61,198785,17:25,17:20,True,153906.2857142857,1.2915976698250513,1.4592857142857143
2011-06-29,49.06,49.5,49.06,49.43,438879,17:25,17:20,True,152183.7857142857,2.8838749012589573,1.4864285714285717
2011-06-30,51.1,51.5,51.1,51.4,214987,17:25,17:20,True,175910.7142857143,1.2221370419246778,1.5335714285714286
2011-07-01,51.65,51.85,51.65,51.65,153810,17:25,17:20,True,179064.92857142858,0.8589621721410708,1.547857142857143
2011-07-04,52.4,52.45,52.3,52.35,88585,17:25,17:20,True,183553.92857142858,0.4826102099227358,1.5299999999999996
2011-07-05,52.4,52.4,52.25,52.25,62812,17:25,17:20,True,181997.0,0.34512656802035196,1.5014285714285707
2011-07-06,52.05,52.1,51.9,51.9,151055,17:25,17:20,True,174798.64285714287,0.8641657482630013,1.4299999999999986
2011-07-07,51.2,51.25,51.1,51.15,74802,17:25,17:20,True,177673.07142857142,0.42100921314951256,1.4728571428571418
2011-07-08,51.7,51.95,51.7,51.95,109106,17:25,17:20,True,166098.64285714287,0.6568747228948718,1.4871428571428555
2011-07-11,50.5,50.55,50.35,50.45,123854,17:25,17:20,True,166527.64285714287,0.7437443890696825,1.4292857142857132
2011-07-12,48.69,48.71,47.91,47.96,340953,17:25,17:20,True,169702.07142857142,2.0091269194878927,1.4692857142857132
2011-07-13,48.59,48.59,48.36,48.5,74584,17:25,17:20,True,183071.85714285713,0.40740286991134633,1.4828571428571422
2011-07-14,48.65,48.69,48.21,48.67,110290,17:25,17:20,True,179851.35714285713,0.6132286225251885,1.4442857142857137
2011-07-15,46.99,46.99,46.75,46.75,237092,17:25,17:20,True,181613.92857142858,1.3054725585474682,1.595714285714285
2011-07-18,46.0,46.0,45.83,45.99,215878,17:25,17:20,True,169971.0,1.2700872501779716,1.6042857142857134
2011-07-19,45.5,45.73,45.22,45.31,131601,17:25,17:20,True,171191.92857142858,0.7687336727741253,1.5892857142857133
2011-07-20,47.02,47.25,46.83,47.14,233863,17:25,17:20,True,149243.5,1.5669895171313994,1.510714285714285
2011-07-21,48.41,49.0,48.35,48.8,198910,17:25,17:20,True,150591.7857142857,1.3208555769262695,1.5271428571428562
2011-07-22,50.05,50.5,50.0,50.45,191154,17:25,17:20,True,153813.2142857143,1.2427670853098725,1.6271428571428568
2011-07-25,48.5,48.81,48.5,48.76,85643,17:25,17:20,True,161139.57142857142,0.5314833547137929,1.7507142857142861
2011-07-26,48.32,48.5,48.32,48.49,57048,17:25,17:20,True,162770.35714285713,0.35048150659232885,1.7678571428571435
2011-07-27,47.89,48.07,47.81,47.94,91934,17:25,17:20,True,156055.57142857142,0.589110655636408,1.7000000000000004
2011-07-28,47.02,47.46,47.01,47.12,79509,17:25,17:20,True,157279.2857142857,0.505527473874954,1.6507142857142862
2011-07-29,48.03,48.05,47.83,47.96,115435,17:25,17:20,True,155165.2142857143,0.7439489613145067,1.6671428571428575
2011-08-01,49.48,49.48,49.11,49.2,206755,17:25,17:20,True,154563.85714285713,1.3376671870248729,1.6078571428571433
2011-08-02,46.09,46.09,45.55,45.85,89678,17:25,17:20,True,144978.2857142857,0.6185615974017784,1.7378571428571428
2011-08-03,43.61,43.71,43.22,43.43,297317,17:25,17:20,True,146056.42857142858,2.0356310427965707,1.8107142857142853
2011-08-04,43.13,43.6,43.12,43.4,200499,17:25,17:20,True,159415.5,1.2577133340233542,1.6614285714285713
2011-08-08,39.15,40.7,39.1,40.5,485931,17:25,17:20,True,156801.7142857143,3.0990158635291887,1.8000000000000003
2011-08-09,38.42,39.5,38.42,39.43,361811,17:25,17:20,True,176091.2142857143,2.0546794538707007,1.9164285714285718
2011-08-11,38.05,38.28,38.05,38.06,269826,17:25,17:20,True,192534.7857142857,1.401440259218464,2.0535714285714284
2011-08-12,38.83,38.86,38.28,38.31,174555,17:25,17:20,True,195103.57142857142,0.8946786505335994,2.138571428571429
2011-08-15,40.0,40.21,39.94,40.2,189712,17:25,17:20,True,193363.92857142858,0.9811137030654631,2.1064285714285718
2011-08-16,40.29,40.29,40.11,40.11,141559,17:25,17:20,True,193260.92857142858,0.7324760418279801,2.0228571428571427
2011-08-17,39.76,39.88,39.62,39.81,119639,17:25,17:20,True,197254.92857142858,0.6065196994896741,2.040714285714286
2011-08-18,39.08,39.37,38.86,38.87,337880,17:25,17:20,True,201725.7142857143,1.6749475950371084,2.0521428571428575
2011-08-19,36.0,36.0,35.57,35.61,358749,17:25,17:20,True,219293.2857142857,1.635932440117703,2.2435714285714288
2011-08-22,34.98,35.21,34.8,35.2,271235,17:25,17:20,True,239239.0,1.1337407362511964,2.277142857142857
2011-08-23,36.4,36.57,36.39,36.48,379001,17:25,17:20,True,250367.57142857142,1.5137783133712548,2.3007142857142857
2011-08-24,36.07,36.09,35.98,35.98,247018,17:25,17:20,True,262670.85714285716,0.9404088549711317,2.1550000000000002
2011-08-25,36.99,37.05,36.81,36.85,179610,17:25,17:20,True,273909.4285714286,0.6557277014404136,2.1100000000000003
2011-08-26,36.58,36.78,36.48,36.77,123472,17:25,17:20,True,265501.78571428574,0.4650514860674867,2.0821428571428577
2011-08-29,36.77,36.8,36.44,36.5,99363,17:25,17:20,True,259999.85714285713,0.3821655945964806,1.945714285714286
2011-08-30,37.29,37.45,37.16,37.31,170179,17:25,17:20,True,232387.85714285713,0.7323059048450405,1.8114285714285714
2011-08-31,37.01,37.05,36.95,36.95,188572,17:25,17:20,True,218699.85714285713,0.862241075342005,1.6664285714285718
2011-09-01,37.75,37.77,37.55,37.55,69778,17:25,17:20,True,212896.0,0.3277562753644972,1.5278571428571428
2011-09-02,37.4,37.4,37.12,37.12,409673,17:25,17:20,True,205411.92857142858,1.9943973207843333,1.4342857142857142
2011-09-05,35.76,35.77,35.56,35.6,178167,17:25,17:20,True,221123.42857142858,0.8057355168154308,1.4514285714285708
2011-09-06,34.25,34.25,34.02,34.23,145982,17:25,17:20,True,223738.2857142857,0.6524676790740201,1.5307142857142852
2011-09-07,33.96,33.97,33.62,33.66,475609,17:25,17:20,True,225619.92857142858,2.1080097091220726,1.5842857142857139
2011-09-08,34.94,34.94,34.28,34.6,208305,17:25,17:20,True,235457.7142857143,0.8846811438389908,1.4414285714285708
2011-09-09,34.69,34.97,34.62,34.91,59959,17:25,17:20,True,224711.7142857143,0.2668263209623505,1.361428571428571
2011-09-12,31.55,31.55,31.03,31.39,493726,17:25,17:20,True,209620.57142857142,2.355331810400288,1.4457142857142853
2011-09-13,31.84,31.99,31.83,31.89,222539,17:25,17:20,True,217815.2142857143,1.0216871247023607,1.4499999999999997
2011-09-14,32.74,32.8,31.91,32.8,340907,17:25,17:20,True,216066.7142857143,1.5777858293767733,1.5392857142857141
2011-09-15,34.43,34.57,34.16,34.52,302922,17:25,17:20,True,227587.92857142858,1.331010840080333,1.632142857142857
2011-09-16,37.57,37.6,37.25,37.5,468268,17:25,17:20,True,240405.7857142857,1.9478233379812289,1.7464285714285708
2011-09-19,36.25,36.26,35.36,35.73,403068,17:25,17:20,True,266756.14285714284,1.510998006204704,1.7742857142857138
2011-09-20,34.95,35.23,34.85,35.23,221986,17:25,17:20,True,283391.0714285714,0.7833203737893749,1.8399999999999992
2011-09-21,35.84,35.9,35.57,35.57,207818,17:25,17:20,True,285777.78571428574,0.7272013794934076,1.8414285714285707
2011-09-22,34.23,34.47,34.02,34.2,288968,17:25,17:20,True,295637.78571428574,0.977439332735594,1.8399999999999996
2011-09-23,34.83,34.97,34.82,34.92,111920,17:25,17:20,True,287016.0,0.38994341778855535,1.8592857142857142
2011-09-26,34.66,34.72,34.41,34.63,184766,17:25,17:20,True,282284.0714285714,0.6545392344135607,1.8550000000000002
2011-09-27,36.98,37.31,36.92,37.21,358509,17:25,17:20,True,285054.35714285716,1.257686441257695,1.896428571428572
2011-09-28,38.42,38.42,37.92,38.02,339587,17:25,17:20,True,276690.0714285714,1.2273190658655986,1.9714285714285718
2011-09-29,37.5,37.66,37.47,37.66,177859,17:25,17:20,True,286067.35714285716,0.621738187035371,2.022857142857143
2011-09-30,39.17,39.17,38.84,38.84,87803,17:25,17:20,True,294488.78571428574,0.29815396802643224,1.968571428571429
2011-10-03,36.81,36.81,35.9,36.01,467208,17:25,17:20,True,265494.28571428574,1.759766688548583,2.009285714285715
2011-10-04,36.56,36.67,36.35,36.54,221770,17:25,17:20,True,282970.64285714284,0.783720875638538,1.9321428571428576
2011-10-05,36.46,36.68,36.41,36.41,287467,17:25,17:20,True,274460.85714285716,1.04738796997334,1.9221428571428574
2011-10-06,38.01,38.1,37.94,38.08,114051,17:25,17:20,True,273356.9285714286,0.41722373965801385,1.8735714285714293
2011-10-07,38.54,38.55,38.27,38.31,240226,17:25,17:20,True,248055.7142857143,0.9684356624951768,1.8957142857142861
2011-10-10,38.39,38.8,38.35,38.8,198482,17:25,17:20,True,236424.14285714287,0.83951663142935,1.8357142857142859
2011-10-11,40.21,40.38,39.85,39.85,277891,17:25,17:20,True,234745.2857142857,1.1837980011161033,1.9085714285714286
2011-10-12,39.85,40.2,39.75,39.77,148660,17:25,17:20,True,239750.5,0.6200612720307153,1.907857142857143
2011-10-13,40.07,40.2,39.9,39.95,126129,17:25,17:20,True,229728.5,0.5490350565994206,1.842142857142857
2011-10-14,37.94,38.1,37.71,37.71,257692,17:25,17:20,True,230743.42857142858,1.116790201113915,1.8507142857142855
2011-10-17,39.16,39.51,39.16,39.31,65387,17:25,17:20,True,235952.42857142858,0.2771194193502685,1.7971428571428565
2011-10-18,37.51,37.71,37.09,37.19,256515,17:25,17:20,True,215015.14285714287,1.1930089973729425,1.7421428571428568
2011-10-19,38.35,38.6,38.31,38.36,96530,17:25,17:20,True,209081.42857142858,0.4616861509869702,1.7199999999999993
2011-10-20,37.99,37.99,37.65,37.88,184585,17:25,17:20,True,203272.2142857143,0.9080680340331807,1.649999999999999
2011-10-21,38.34,38.44,38.08,38.35,84480,17:25,17:20,True,210185.2142857143,0.40193122188491576,1.5999999999999994
2011-10-24,40.36,40.45,40.34,40.37,183926,17:25,17:20,True,182847.5,1.0058983579212184,1.6464285714285702
2011-10-25,40.53,40.9,40.53,40.9,246217,17:25,17:20,True,180144.35714285713,1.3667760894933072,1.549285714285713
2011-10-26,41.76,41.76,41.44,41.44,101333,17:25,17:20,True,177197.92857142858,0.57186334409746,1.47142857142857
2011-10-27,44.0,44.0,43.0,43.24,866370,17:25,17:20,True,176289.5,4.914473068447071,1.4414285714285704
2011-10-28,44.31,44.65,44.09,44.45,458868,17:25,17:20,True,221014.07142857142,2.076193597240253,1.561428571428571
2011-10-31,42.22,42.7,42.22,42.64,193332,17:25,17:20,True,239613.07142857142,0.8068508067917831,1.5492857142857137
2011-11-01,39.88,40.62,39.8,39.9,770907,17:25,17:20,True,233573.14285714287,3.300495042238222,1.6392857142857136
2011-11-02,39.0,39.12,38.72,38.93,237419,17:25,17:20,True,278019.35714285716,0.8539657182143792,1.808571428571428
2011-11-03,38.31,38.82,38.31,38.82,240102,17:25,17:20,True,285968.64285714284,0.8396095376091435,1.7328571428571422
2011-11-07,39.47,39.7,39.0,39.65,402874,17:25,17:20,True,284712.21428571426,1.4150218353319681,1.7771428571428562
2011-11-08,39.27,39.53,39.26,39.53,42920,17:25,17:20,True,308818.4285714286,0.1389813431748383,1.742142857142856
2011-11-09,40.77,40.77,40.34,40.4,151510,17:25,17:20,True,293561.64285714284,0.5161096610762939,1.7385714285714278
2011-11-10,37.5,37.82,37.45,37.77,229039,17:25,17:20,True,297488.78571428574,0.7699080133392783,1.8635714285714282
2011-11-11,39.11,39.14,38.81,38.83,178906,17:25,17:20,True,300664.0714285714,0.5950361782501924,1.923571428571428
2011-11-14,40.68,40.82,40.61,40.75,154774,17:25,17:20,True,307408.78571428574,0.503479429322008,1.8735714285714284
2011-11-15,39.11,39.25,38.99,39.21,124804,17:25,17:20,True,305326.5,0.408755872811564,1.9171428571428575
2011-11-16,39.0,39.04,38.83,38.95,114464,17:25,17:20,True,296654.14285714284,0.385849996556837,1.908571428571429
2011-11-17,38.67,38.8,38.57,38.79,91579,17:25,17:20,True,297592.0714285714,0.30773333294929855,1.895
2011-11-18,37.7,37.97,37.58,37.75,117686,17:25,17:20,True,242249.85714285713,0.4858042080520172,1.7950000000000002
2011-11-21,37.5,37.55,37.29,37.52,65360,17:25,17:20,True,217879.7142857143,0.2999820346482135,1.7128571428571437
2011-11-22,36.25,36.48,36.03,36.38,157319,17:25,17:20,True,208738.85714285713,0.7536641819032941,1.7000000000000008
2011-11-23,34.99,35.04,34.84,35.04,101915,17:25,17:20,True,164911.14285714287,0.6179994767745054,1.577857142857143
2011-11-24,35.0,35.12,35.0,35.05,75354,17:25,17:20,True,155232.2857142857,0.4854273687542908,1.5871428571428576
2011-11-25,35.03,35.06,34.88,35.05,68494,17:25,17:20,True,143464.57142857142,0.47742797624500627,1.517857142857144
2011-11-28,35.72,35.84,35.59,35.84,124893,17:25,17:20,True,119580.28571428571,1.0444280113062114,1.5071428571428582
2011-11-29,36.98,36.98,36.5,36.55,80393,17:25,17:20,True,125435.5,0.6409110658465905,1.542857142857144
2011-11-30,35.93,35.93,35.65,35.84,222622,17:25,17:20,True,120355.71428571429,1.849700293178554,1.4342857142857146
2011-12-01,39.31,39.48,39.22,39.33,233807,17:25,17:20,True,119897.35714285714,1.9500596641293773,1.5378571428571435
2011-12-02,38.89,39.06,38.76,38.92,98715,17:25,17:20,True,123818.85714285714,0.7972533609004859,1.5028571428571433
2011-12-05,40.66,40.77,40.41,40.67,206716,17:25,17:20,True,119814.64285714286,1.725298303033555,1.5164285714285717
2011-12-06,40.6,40.98,40.59,40.87,354493,17:25,17:20,True,125665.5,2.820925393206568,1.5735714285714286
2011-12-07,41.5,41.76,41.48,41.6,223596,17:25,17:20,True,142810.42857142858,1.5656839786610222,1.5864285714285715
2011-12-08,41.75,41.75,41.33,41.69,364033,17:25,17:20,True,152240.2142857143,2.391175036819162,1.5964285714285715
2011-12-09,39.07,39.21,38.96,39.18,234910,17:25,17:20,True,169836.42857142858,1.3831543796341859,1.6949999999999998
2011-12-12,40.32,40.37,39.88,39.98,155264,17:25,17:20,True,181947.14285714287,0.8533467333527005,1.7057142857142853
2011-12-13,38.9,39.15,38.88,39.11,128063,17:25,17:20,True,181800.35714285713,0.704415557882371,1.7535714285714288
2011-12-14,39.18,39.19,39.1,39.1,120259,17:25,17:20,True,183668.07142857142,0.654762687192307,1.8157142857142858
2011-12-15,38.54,38.79,38.52,38.55,72685,17:25,17:20,True,186875.57142857142,0.38894864344418634,1.822142857142857
2011-12-16,39.19,39.19,38.94,38.99,56413,17:25,17:20,True,187174.92857142858,0.3013918607078405,1.8278571428571426
2011-12-19,38.06,38.48,38.06,38.21,88096,17:25,17:20,True,182283.5,0.4832911371572304,1.759285714285714
2011-12-20,38.02,38.03,37.76,37.8,179819,17:25,17:20,True,182833.7142857143,0.9835111686184792,1.7514285714285716
2011-12-21,39.62,40.0,39.61,40.0,290894,17:25,17:20,True,179776.35714285713,1.6180881881416953,1.6199999999999999
2011-12-22,39.5,39.91,39.5,39.75,90810,17:25,17:20,True,183854.0,0.4939245270703928,1.6185714285714288
2011-12-23,40.78,40.83,40.62,40.71,183428,17:25,17:20,True,183289.35714285713,1.000756415207648,1.5500000000000003
2011-12-27,41.07,41.31,41.04,41.1,79426,17:25,17:20,True,181625.92857142858,0.43730540361016734,1.4707142857142865
2011-12-28,40.42,40.47,40.3,40.32,34746,17:25,17:20,True,161978.2857142857,0.21451023417600948,1.4664285714285725
2011-12-29,39.81,40.0,39.78,39.86,59757,17:25,17:20,True,148489.0,0.40243385031887885,1.4164285714285723
2011-12-30,40.49,40.5,40.22,40.4,122352,17:25,17:20,True,126755.0,0.9652636976845095,1.3028571428571436
2012-01-02,40.22,40.34,40.2,40.25,46309,17:25,17:20,True,118715.14285714286,0.39008502947030466,1.226428571428572
2012-01-03,41.41,41.5,41.38,41.43,107673,17:25,17:20,True,110932.64285714286,0.9706160173129512,1.1921428571428574
2012-01-04,42.05,42.19,42.01,42.05,121577,17:25,17:20,True,109476.21428571429,1.1105334687834996,1.1271428571428577
2012-01-09,40.98,40.98,40.64,40.67,320819,17:25,17:20,True,109570.35714285714,2.9279725681802624,1.100000000000001
2012-01-10,40.34,40.51,40.24,40.27,186229,17:25,17:20,True,127294.21428571429,1.4629808671587026,1.125000000000001
2012-01-11,40.48,40.55,40.4,40.48,115848,17:25,17:20,True,136566.7857142857,0.8482882524772024,1.1021428571428582
2012-01-12,40.25,40.28,40.16,40.25,147601,17:25,17:20,True,138549.07142857142,1.0653337368348605,1.1071428571428577
2012-01-13,41.1,41.15,40.96,40.97,322660,17:25,17:20,True,136247.7857142857,2.368185275881286,1.130714285714286
2012-01-16,40.08,40.3,40.06,40.15,139783,17:25,17:20,True,138516.7857142857,1.009141233527654,1.1657142857142861
2012-01-17,40.99,41.0,40.83,40.94,250099,17:25,17:20,True,142014.85714285713,1.7610763058995842,1.1350000000000005
2012-01-18,40.83,41.0,40.75,40.86,47522,17:25,17:20,True,146777.07142857142,0.3237699154062113,1.1428571428571428
2012-01-19,41.0,41.02,40.92,40.95,152283,17:25,17:20,True,144498.2142857143,1.0538746153560967,1.1228571428571428
2012-01-20,42.26,42.26,41.97,42.2,181367,17:25,17:20,True,152893.7142857143,1.186229275986306,1.1814285714285708
2012-01-23,42.37,42.5,42.37,42.48,173100,17:25,17:20,True,161580.14285714287,1.0712950053091743,1.1999999999999997
2012-01-24,43.07,43.2,43.0,43.15,335176,17:25,17:20,True,165205.0,2.0288490057806965,1.187857142857143
2012-01-25,42.45,42.61,42.4,42.61,130375,17:25,17:20,True,185838.35714285713,0.7015505410423882,1.1750000000000003
2012-01-26,42.91,43.07,42.82,43.05,78049,17:25,17:20,True,187459.92857142858,0.41635031334315636,1.1507142857142862
2012-01-27,43.41,43.5,43.05,43.46,111811,17:25,17:20,True,184350.7857142857,0.6065121966623414,1.1685714285714286
2012-01-30,43.09,43.25,43.02,43.1,261122,17:25,17:20,True,169421.64285714287,1.5412552705570168,1.1042857142857143
2012-01-31,42.73,42.94,42.71,42.9,132035,17:25,17:20,True,174771.14285714287,0.7554736888567742,1.155
2012-02-01,42.88,43.04,42.85,43.02,118435,17:25,17:20,True,175927.35714285713,0.6732039969419197,1.129285714285715
2012-02-02,44.71,44.89,44.63,44.84,67800,17:25,17:20,True,173844.07142857142,0.3900046716741645,1.1371428571428583
2012-02-03,44.91,45.0,44.82,44.83,88946,17:25,17:20,True,155639.7857142857,0.571486266135587,1.0800000000000007
2012-02-06,45.5,45.7,45.25,45.25,227483,17:25,17:20,True,152008.57142857142,1.496514294306712,1.1478571428571438
2012-02-07,45.65,46.19,45.65,46.13,633083,17:25,17:20,True,150393.14285714287,4.209520380868429,1.1642857142857157
2012-02-08,47.74,48.34,47.61,48.1,385169,17:25,17:20,True,192218.92857142858,2.0038036985357097,1.2742857142857156
2012-02-09,47.95,48.38,47.91,48.15,131569,17:25,17:20,True,208853.64285714287,0.6299578891711933,1.2942857142857156
2012-02-10,48.54,48.58,47.98,47.99,218551,17:25,17:20,True,205296.64285714287,1.064561977041584,1.3307142857142868
2012-02-13,48.33,48.65,48.33,48.65,138458,17:25,17:20,True,208543.14285714287,0.663929765817556,1.3650000000000004
2012-02-14,48.55,48.55,48.1,48.24,193928,17:25,17:20,True,194491.85714285713,0.997100870179655,1.3371428571428576
2012-02-15,48.5,48.8,48.41,48.73,118640,17:25,17:20,True,199031.35714285713,0.5960869769623524,1.3428571428571427
2012-02-16,48.9,48.9,48.61,48.78,152612,17:25,17:20,True,201930.7142857143,0.7557641765386288,1.3578571428571427
2012-02-17,50.0,50.0,49.9,50.0,98508,17:25,17:20,True,204845.07142857142,0.4808902616646518,1.3807142857142851
2012-02-20,50.15,50.3,50.05,50.3,116813,17:25,17:20,True,193229.7857142857,0.6045289527605364,1.3471428571428565
2012-02-21,50.8,50.8,50.6,50.65,161231,17:25,17:20,True,192142.5,0.8391220058029848,1.355714285714285
2012-02-22,50.25,50.5,50.05,50.35,113561,17:25,17:20,True,195199.35714285713,0.5817693339885853,1.267857142857142
2012-02-23,48.97,48.97,48.78,48.78,107250,17:25,17:20,True,198468.0,0.5403893826712619,1.3299999999999994
2012-02-24,48.84,49.05,48.79,48.97,188270,17:25,17:20,True,199775.42857142858,0.9424081897673673,1.3164285714285704
2012-02-27,48.55,48.73,48.55,48.73,60527,17:25,17:20,True,196974.5,0.3072834300886663,1.3071428571428558
2012-02-28,48.69,48.77,48.65,48.76,48657,17:25,17:20,True,156077.64285714287,0.311748685521446,1.19142857142857
2012-02-29,49.43,49.65,49.42,49.54,96658,17:25,17:20,True,132041.07142857142,0.7320298067430319,1.0985714285714272
2012-03-01,49.19,49.25,48.83,48.88,117696,17:25,17:20,True,129547.42857142857,0.90851668225206,1.0685714285714276
2012-03-02,50.05,50.2,50.0,50.15,183547,17:25,17:20,True,122343.5,1.5002595152174,1.0749999999999997
2012-03-05,49.87,49.95,49.77,49.82,64913,17:25,17:20,True,125564.14285714286,0.5169708367607222,1.0485714285714285
2012-03-06,49.26,49.57,49.26,49.52,83922,17:25,17:20,True,116348.78571428571,0.7212967413865822,1.0207142857142857
2012-03-07,47.17,47.49,47.17,47.43,99550,17:25,17:20,True,113868.92857142857,0.87425078332544,1.0935714285714286
2012-03-08,47.65,47.89,47.51,47.68,97147,17:25,17:20,True,110078.78571428571,0.8825224530741943,1.0750000000000008
2012-03-09,49.37,49.37,49.2,49.25,193452,17:25,17:20,True,109981.57142857143,1.758949226558735,1.1450000000000007
2012-03-12,49.0,49.0,48.82,48.83,72083,17:25,17:20,True,115455.78571428571,0.6243342380292766,1.154285714285715
2012-03-13,49.5,49.7,49.45,49.53,96722,17:25,17:20,True,109088.07142857143,0.8866413965648987,1.1507142857142867
2012-03-14,51.15,51.4,51.1,51.15,463021,17:25,17:20,True,107885.28571428571,4.2917900892085115,1.130000000000001
2012-03-15,51.35,51.55,51.25,51.5,66107,17:25,17:20,True,133297.5,0.4959357827416118,1.1292857142857156
2012-03-16,51.05,51.1,50.9,50.95,86462,17:25,17:20,True,124571.57142857143,0.6940748921159494,1.120000000000001
2012-03-19,50.6,50.7,50.55,50.6,72552,17:25,17:20,True,126424.07142857143,0.5738780532866424,1.1221428571428587
2012-03-20,50.5,50.5,50.4,50.4,47604,17:25,17:20,True,128130.85714285714,0.3715264305687489,1.1185714285714303
2012-03-21,50.0,50.1,50.0,50.1,173721,17:25,17:20,True,124627.0,1.3939274795991239,1.1221428571428587
2012-03-22,48.53,48.73,48.53,48.66,169553,17:25,17:20,True,128628.78571428571,1.3181575108437735,1.177857142857144
2012-03-23,48.36,48.38,48.2,48.31,140204,17:25,17:20,True,127629.21428571429,1.0985259196702053,1.225000000000001
2012-03-26,49.13,49.47,49.1,49.31,76169,17:25,17:20,True,133007.14285714287,0.5726684925621609,1.2678571428571443
2012-03-27,49.82,49.88,49.78,49.85,85824,17:25,17:20,True,132453.35714285713,0.6479563965104698,1.1771428571428584
2012-03-28,49.35,49.52,49.17,49.5,43571,17:25,17:20,True,131472.92857142858,0.3314066285237428,1.166428571428573
2012-03-29,48.56,48.77,48.5,48.64,106338,17:25,17:20,True,127646.07142857143,0.8330691168940905,1.1235714285714298
2012-03-30,47.5,47.59,46.91,46.95,474612,17:25,17:20,True,121423.64285714286,3.9087280601389116,1.220714285714287
2012-04-02,46.71,46.83,46.54,46.59,236168,17:25,17:20,True,150175.7142857143,1.5726111317218876,1.245714285714287
2012-04-03,47.31,47.38,47.25,47.31,99776,17:25,17:20,True,160136.14285714287,0.6230698343284686,1.231428571428572
2012-04-04,45.99,46.16,45.81,46.1,90057,17:25,17:20,True,134190.07142857142,0.6711152251523825,1.239285714285715
2012-04-10,44.09,44.21,44.05,44.14,305976,17:25,17:20,True,135900.7857142857,2.25146601170707,1.302142857142858
2012-04-11,43.28,43.73,43.28,43.7,197979,17:25,17:20,True,151580.35714285713,1.3060993108323027,1.350714285714286
2012-04-12,44.79,44.85,44.65,44.65,1116885,17:25,17:20,True,160539.42857142858,6.957075965316931,1.4242857142857142
2012-04-13,44.92,45.06,44.84,45.06,46780,17:25,17:20,True,236916.64285714287,0.19745341414536094,1.4785714285714282
2012-04-16,43.91,43.99,43.76,43.9,66047,17:25,17:20,True,227849.42857142858,0.28987125582935097,1.4149999999999996
2012-04-17,44.18,44.55,44.15,44.51,42731,17:25,17:20,True,220456.14285714287,0.19382993572417706,1.418571428571428
2012-04-18,46.48,46.49,46.28,46.31,102149,17:25,17:20,True,213493.7857142857,0.4784635752194862,1.5071428571428562
2012-04-19,45.64,45.77,45.64,45.76,32650,17:25,17:20,True,215349.5,0.1516140042117581,1.5264285714285708
2012-04-20,45.26,45.36,45.06,45.13,111890,17:25,17:20,True,211551.35714285713,0.5289023030206444,1.5557142857142843
2012-04-23,45.4,45.55,45.27,45.27,173161,17:25,17:20,True,216431.2857142857,0.800073794454063,1.5664285714285704
2012-04-24,44.59,44.59,44.2,44.4,355999,17:25,17:20,True,221204.35714285713,1.6093670332636822,1.5792857142857126
2012-04-25,43.82,44.23,43.71,44.21,233981,17:25,17:20,True,212732.0,1.0998862418441984,1.6542857142857126
2012-04-26,43.45,43.94,43.42,43.7,173448,17:25,17:20,True,212575.7857142857,0.8159348884313863,1.6428571428571412
2012-04-27,42.96,42.98,42.51,42.52,284325,17:25,17:20,True,217838.07142857142,1.3052126202523304,1.6792857142857127
2012-05-02,46.0,46.06,45.67,46.05,265487,17:25,17:20,True,231714.35714285713,1.1457511881161566,1.7042857142857126
2012-05-03,44.1,44.38,44.1,44.32,84438,17:25,17:20,True,228822.2857142857,0.36901126014199415,1.7657142857142847
2012-05-04,43.92,44.0,43.71,43.93,189376,17:25,17:20,True,220712.2142857143,0.8580222921185992,1.7228571428571422
2012-05-07,42.9,42.94,42.39,42.75,264204,17:25,17:20,True,154461.57142857142,1.7104836986730867,1.6821428571428565
2012-05-08,43.89,43.91,43.53,43.69,59689,17:25,17:20,True,169991.85714285713,0.35112858346996456,1.7057142857142849
2012-05-09,43.86,44.23,43.86,44.2,124495,17:25,17:20,True,169537.7142857143,0.7343203872041956,1.6892857142857136
2012-05-10,43.7,43.75,43.58,43.58,162950,17:25,17:20,True,175378.0,0.9291359235479935,1.6257142857142857
2012-05-11,43.68,43.68,43.39,43.46,114583,17:25,17:20,True,179720.92857142858,0.6375606942986606,1.6021428571428566
2012-05-14,43.47,43.77,43.33,43.37,166308,17:25,17:20,True,185573.2857142857,0.8961850266317581,1.5971428571428572
2012-05-15,42.5,42.8,42.5,42.69,51235,17:25,17:20,True,189460.2857142857,0.27042606743064135,1.647857142857143
2012-05-18,40.47,40.47,40.1,40.17,288230,17:25,17:20,True,180751.2857142857,1.594622128749924,1.5700000000000003
2012-05-21,39.28,39.61,39.23,39.57,207226,17:25,17:20,True,175910.64285714287,1.1780185475661547,1.5764285714285715
2012-05-22,40.22,40.25,40.09,40.12,359282,17:25,17:20,True,173999.57142857142,2.06484416628284,1.576428571428572
2012-05-23,41.38,41.38,41.06,41.24,147702,17:25,17:20,True,187273.42857142858,0.7886970464881754,1.5800000000000007
2012-05-24,41.18,41.46,41.15,41.46,75997,17:25,17:20,True,177514.64285714287,0.4281167951939578,1.532142857142858
2012-05-25,41.26,41.68,41.26,41.56,108664,17:25,17:20,True,163979.64285714287,0.6626676220698127,1.4342857142857146
2012-05-28,41.45,41.94,41.45,41.6,75715,17:25,17:20,True,165710.07142857142,0.45691248182604643,1.4492857142857147
2012-05-29,40.7,41.0,40.7,40.88,114718,17:25,17:20,True,157591.42857142858,0.7279456823249995,1.4950000000000006
2012-05-30,40.45,40.5,40.35,40.44,64044,17:25,17:20,True,146913.85714285713,0.4359289262804151,1.4407142857142863
2012-05-31,40.47,40.5,40.34,40.37,49865,17:25,17:20,True,147224.92857142858,0.3386994341505636,1.447142857142858
2012-06-01,40.46,40.48,40.29,40.38,81853,17:25,17:20,True,141894.2142857143,0.5768593202481325,1.3978571428571434
2012-06-04,39.01,39.17,38.94,39.17,143933,17:25,17:20,True,136101.57142857142,1.057541059145953,1.422857142857144
2012-06-05,39.53,39.9,39.53,39.85,80792,17:25,17:20,True,138198.0,0.5846104864035659,1.4271428571428584
2012-06-07,41.27,41.4,41.21,41.37,505033,17:25,17:20,True,132089.7142857143,3.823408981774292,1.332857142857144
2012-06-08,41.67,41.88,41.55,41.63,137052,17:25,17:20,True,164503.85714285713,0.8331233223363412,1.4114285714285728
2012-06-11,42.97,43.15,42.82,43.13,298722,17:25,17:20,True,153705.42857142858,1.9434707204318464,1.3242857142857158
2012-06-12,42.0,42.08,41.87,42.07,93397,17:25,17:20,True,160240.85714285713,0.5828538467984802,1.342857142857144
2012-06-13,42.3,42.54,42.11,42.5,117700,17:25,17:20,True,141249.07142857142,0.8332798142288673,1.2671428571428582
2012-06-14,42.35,42.56,42.25,42.5,64756,17:25,17:20,True,139106.07142857142,0.4655152671265761,1.2271428571428582
2012-06-15,42.58,42.58,42.35,42.53,145605,17:25,17:20,True,138303.14285714287,1.0527960319050698,1.2328571428571442
2012-06-18,43.9,43.96,43.73,43.83,153046,17:25,17:20,True,140941.7857142857,1.085880948821322,1.2064285714285725
2012-06-19,42.61,42.9,42.61,42.88,57711,17:25,17:20,True,146465.42857142858,0.3940247235330034,1.192142857142858
2012-06-20,44.0,44.0,43.8,43.95,232285,17:25,17:20,True,142393.5,1.631289349584075,1.2278571428571436
2012-06-21,44.0,44.15,43.98,44.07,115520,17:25,17:20,True,154410.7142857143,0.7481346131606337,1.1978571428571436
2012-06-25,43.59,43.7,43.4,43.54,169020,17:25,17:20,True,159100.35714285713,1.0623483380884933,1.1721428571428578
2012-06-26,43.0,43.17,43.0,43.17,55514,17:25,17:20,True,165326.57142857142,0.33578389438738565,1.1464285714285722
2012-06-27,42.83,42.9,42.73,42.84,124086,17:25,17:20,True,159010.92857142858,0.7803614576356611,1.1400000000000006
2012-06-28,43.92,43.93,43.73,43.73,35887,17:25,17:20,True,162103.35714285713,0.22138344715695057,1.1621428571428578
2012-06-29,43.81,44.0,43.55,43.57,296509,17:25,17:20,True,128592.92857142857,2.305795530858451,1.1042857142857148
2012-07-02,44.79,44.8,44.52,44.68,81276,17:25,17:20,True,139982.7142857143,0.5806145452652828,1.1864285714285718
2012-07-03,45.89,45.89,45.6,45.79,289525,17:25,17:20,True,124450.85714285714,2.3264202967092,1.187857142857143
2012-07-04,46.23,46.23,46.01,46.12,73080,17:25,17:20,True,138460.0,0.5278058645096056,1.2135714285714287
2012-07-05,45.89,46.0,45.89,45.95,33980,17:25,17:20,True,135272.85714285713,0.25119599539554976,1.2107142857142865
2012-07-06,45.64,45.8,45.57,45.7,98533,17:25,17:20,True,133074.57142857142,0.7404344717569741,1.235714285714286
2012-07-09,45.17,45.26,45.0,45.26,111298,17:25,17:20,True,129712.28571428571,0.8580374587273373,1.2478571428571432
2012-07-10,45.46,45.53,45.45,45.5,28732,17:25,17:20,True,126730.28571428571,0.22671770869969068,1.1678571428571434
2012-07-11,45.21,45.38,45.21,45.37,39623,17:25,17:20,True,124660.35714285714,0.31784763743772365,1.1414285714285721
2012-07-12,44.81,45.0,44.6,45.0,228964,17:25,17:20,True,110898.78571428571,2.064621343915269,1.139285714285715
2012-07-13,44.96,45.19,44.96,45.17,81784,17:25,17:20,True,119001.92857142857,0.6872493663067886,1.1357142857142861
2012-07-16,46.93,47.78,46.93,47.4,1879253,17:25,17:20,True,112770.78571428571,16.664360260477796,1.0950000000000004
2012-07-17,48.9,48.97,48.75,48.9,439634,17:25,17:20,True,243037.85714285713,1.8089116040123085,1.2842857142857145
2012-07-18,48.81,49.06,48.81,49.0,129834,17:25,17:20,True,265577.0,0.4888751661476709,1.2999999999999996
2012-07-19,49.43,49.43,49.29,49.29,59752,17:25,17:20,True,272287.5,0.21944452095670935,1.2507142857142857
2012-07-20,49.8,49.8,49.25,49.28,130717,17:25,17:20,True,255376.2857142857,0.5118603696282349,1.1492857142857145
2012-07-23,48.14,48.21,48.11,48.15,74440,17:25,17:20,True,258907.7857142857,0.28751549434727036,1.133571428571429
2012-07-24,47.98,48.22,47.98,48.17,140827,17:25,17:20,True,243544.57142857142,0.5782391254871505,1.1507142857142862
2012-07-25,47.7,47.99,47.59,47.85,93249,17:25,17:20,True,248383.64285714287,0.3754232723514402,1.1507142857142856
2012-07-26,48.1,48.22,48.06,48.09,68512,17:25,17:20,True,252617.14285714287,0.27120883098081794,1.1478571428571434
2012-07-27,49.34,49.42,49.2,49.2,127795,17:25,17:20,True,250472.7857142857,0.510215110338477,1.2207142857142859
2012-07-30,49.71,49.77,49.6,49.64,78214,17:25,17:20,True,251651.14285714287,0.310803277553166,1.263571428571429
2012-07-31,49.85,49.85,49.75,49.83,137655,17:25,17:20,True,255185.57142857142,0.5394309687236012,1.2528571428571433
2012-08-01,49.89,50.0,49.8,50.0,56009,17:25,17:20,True,262187.85714285716,0.2136216398819821,1.2442857142857144
2012-08-02,49.61,49.83,49.61,49.72,41410,17:25,17:20,True,249833.92857142858,0.1657501054271766,1.2521428571428572
2012-08-03,48.91,49.01,48.81,48.95,128627,17:25,17:20,True,246950.07142857142,0.5208623721220687,1.3557142857142854
2012-08-06,49.87,49.95,49.85,49.86,49594,17:25,17:20,True,121905.35714285714,0.4068237948056894,1.1814285714285708
2012-08-07,49.18,49.29,49.15,49.15,38364,17:25,17:20,True,94045.35714285714,0.40793082365272076,1.1578571428571425
2012-08-08,48.99,49.14,48.98,49.14,43166,17:25,17:20,True,87511.78571428571,0.49325927528128866,1.1514285714285708
2012-08-09,49.9,50.1,49.88,50.0,223162,17:25,17:20,True,86327.07142857143,2.585075530850693,1.149999999999999
2012-08-10,49.76,49.93,49.6,49.89,184478,17:25,17:20,True,92930.28571428571,1.985122488132425,1.1049999999999993
2012-08-13,49.35,49.63,49.35,49.62,26372,17:25,17:20,True,100790.14285714286,0.26165257090049904,1.033571428571428
2012-08-14,50.15,50.15,50.05,50.1,60027,17:25,17:20,True,92614.78571428571,0.6481362509997247,1.0292857142857135
2012-08-15,50.35,50.35,50.05,50.2,28052,17:25,17:20,True,90241.78571428571,0.31085377774787576,0.9842857142857133
2012-08-16,50.8,50.85,50.6,50.7,45534,17:25,17:20,True,87351.78571428571,0.521271541590858,0.8907142857142851
2012-08-17,51.05,51.15,50.95,51.05,65073,17:25,17:20,True,81476.0,0.7986769109921941,0.8621428571428561
2012-08-20,51.25,51.3,51.05,51.3,50088,17:25,17:20,True,80537.35714285714,0.621922568320114,0.8399999999999989
2012-08-21,50.9,51.2,50.85,51.2,114275,17:25,17:20,True,74282.57142857143,1.5383823931012464,0.874999999999999
2012-08-22,51.0,51.05,50.9,50.95,129455,17:25,17:20,True,78444.42857142857,1.6502765378948885,0.860714285714285
2012-08-23,50.45,50.65,50.4,50.55,100309,17:25,17:20,True,84733.35714285714,1.1838194942622529,0.8021428571428564
2012-08-24,49.57,49.57,49.36,49.47,62199,17:25,17:20,True,82710.64285714286,0.7520072127528933,0.8392857142857143
2012-08-27,50.25,50.25,49.98,50.05,35839,17:25,17:20,True,83611.0,0.42863977227876715,0.8485714285714288
2012-08-28,50.5,50.5,50.4,50.5,41500,17:25,17:20,True,83430.64285714286,0.4974191565449146,0.8328571428571436
2012-08-29,49.39,49.74,49.39,49.74,23643,17:25,17:20,True,83311.64285714286,0.2837898664480955,0.8600000000000004
2012-08-30,49.91,49.91,49.59,49.72,42439,17:25,17:20,True,69060.28571428571,0.6145210602744601,0.8714285714285717
2012-08-31,49.9,49.9,49.76,49.85,88876,17:25,17:20,True,58914.642857142855,1.5085553555082718,0.8828571428571433
2012-09-03,50.4,50.6,50.4,50.5,34155,17:25,17:20,True,63379.21428571428,0.5388990757447518,0.9071428571428578
2012-09-04,51.0,51.05,50.65,50.7,266085,17:25,17:20,True,61531.21428571428,4.3243905242054845,0.908571428571429
2012-09-05,50.3,50.45,50.25,50.45,58683,17:25,17:20,True,78533.57142857143,0.7472345766596632,0.9157142857142857
2012-09-06,50.0,50.0,49.87,50.0,90809,17:25,17:20,True,79472.78571428571,1.142642719565278,0.9257142857142863
2012-09-07,51.2,51.2,51.0,51.1,231289,17:25,17:20,True,81311.07142857143,2.84449578558534,0.9735714285714293
2012-09-10,50.9,51.0,50.8,50.95,36942,17:25,17:20,True,94254.0,0.3919409255840601,0.9342857142857152
2012-09-11,50.6,50.65,50.55,50.65,61068,17:25,17:20,True,88730.21428571429,0.6882435762338968,0.9235714285714296
2012-09-12,51.7,51.9,51.6,51.9,207678,17:25,17:20,True,83845.42857142857,2.4769150034587457,0.9200000000000012
2012-09-13,53.05,53.3,53.05,53.3,145134,17:25,17:20,True,91514.64285714286,1.5859101392829407,0.9335714285714296
2012-09-14,54.5,55.0,54.5,54.9,479289,17:25,17:20,True,97438.57142857143,4.918883692289647,0.9192857142857156
2012-09-17,54.4,54.65,54.4,54.55,128196,17:25,17:20,True,129113.57142857143,0.9928932999186763,0.9607142857142864
2012-09-18,54.35,54.5,54.3,54.35,136278,17:25,17:20,True,135306.14285714287,1.007182653516945,0.909285714285715
2012-09-19,54.1,54.7,54.05,54.55,434633,17:25,17:20,True,143351.5,3.031938975176402,0.9442857142857152
2012-09-20,54.2,54.4,54.2,54.2,109625,17:25,17:20,True,171365.35714285713,0.6397150615956301,0.9642857142857147
2012-09-21,54.6,54.8,54.6,54.8,33508,17:25,17:20,True,172847.42857142858,0.19385882843002747,0.9292857142857146
2012-09-24,54.8,54.9,54.7,54.9,60160,17:25,17:20,True,172801.2142857143,0.3481457016877775,0.9435714285714292
2012-09-25,55.35,55.5,55.25,55.5,88203,17:25,17:20,True,158092.2857142857,0.5579209611745761,0.9507142857142864
2012-09-26,55.95,56.05,55.9,55.95,268274,17:25,17:20,True,160200.85714285713,1.6746102660410236,0.9764285714285721
2012-09-27,55.35,55.8,55.35,55.8,97092,17:25,17:20,True,172876.92857142858,0.5616249710260437,0.9785714285714288
2012-09-28,56.0,56.2,55.95,56.2,115555,17:25,17:20,True,163291.42857142858,0.7076611492161253,0.9892857142857144
2012-10-01,54.7,55.0,54.7,54.95,121828,17:25,17:20,True,168906.64285714287,0.7212741780856965,1.0607142857142857
2012-10-02,55.3,55.35,54.95,55.1,84658,17:25,17:20,True,173246.64285714287,0.4886559335513819,1.057142857142857
2012-10-03,55.4,55.65,55.3,55.55,143497,17:25,17:20,True,164459.5,0.8725370075915347,0.9999999999999994
2012-10-04,56.0,56.0,55.8,55.9,77759,17:25,17:20,True,164342.57142857142,0.473151900472706,0.985714285714285
2012-10-05,56.25,56.55,56.25,56.45,180595,17:25,17:20,True,135661.85714285713,1.3312142690913227,0.9392857142857137
2012-10-08,57.2,57.25,57.1,57.15,98810,17:25,17:20,True,139404.64285714287,0.7087999221177814,1.0357142857142858
2012-10-09,57.1,57.2,57.1,57.1,33242,17:25,17:20,True,136728.35714285713,0.2431244015114432,1.0142857142857145
2012-10-10,56.1,56.3,56.1,56.25,81970,17:25,17:20,True,108057.57142857143,0.7585771077058129,1.0142857142857145
2012-10-11,55.0,55.2,55.0,55.15,141868,17:25,17:20,True,106082.21428571429,1.3373401088508845,1.0571428571428574
2012-10-12,55.45,55.7,55.45,55.55,51414,17:25,17:20,True,113822.21428571429,0.45170444383502845,1.0642857142857147
2012-10-15,54.6,54.85,54.6,54.85,61822,17:25,17:20,True,113197.5,0.5461428035071446,1.0678571428571435
2012-10-16,55.0,55.4,54.95,55.35,240850,17:25,17:20,True,111313.14285714286,2.16371574656824,1.067857142857143
2012-10-17,56.0,56.0,55.85,55.85,67265,17:25,17:20,True,109354.28571428571,0.61511078016408,1.0714285714285718
2012-10-18,55.5,55.5,55.4,55.5,27844,17:25,17:20,True,107223.78571428571,0.25968118747639285,1.0928571428571436
2012-10-19,55.65,55.95,55.65,55.95,133997,17:25,17:20,True,100958.71428571429,1.3272455077110727,1.0642857142857152
2012-10-22,54.45,54.5,53.95,54.1,245715,17:25,17:20,True,101827.92857142857,2.413041328122863,1.082142857142858
2012-10-23,54.95,55.2,54.85,54.9,337681,17:25,17:20,True,113332.0,2.9795732890975186,1.107142857142858
2012-10-24,53.65,53.9,53.5,53.65,266763,17:25,17:20,True,127202.28571428571,2.097155711487664,1.1535714285714296
2012-10-25,53.8,53.95,53.4,53.4,214323,17:25,17:20,True,140702.57142857142,1.5232344215457532,1.2035714285714292
2012-10-26,54.05,54.3,54.0,54.3,75764,17:25,17:20,True,143111.7142857143,0.5294046010010162,1.2642857142857145
2012-10-29,54.8,54.85,54.8,54.8,65038,17:25,17:20,True,141465.57142857142,0.4597443699072667,1.3035714285714286
2012-10-30,54.6,55.0,54.5,55.0,78735,17:25,17:20,True,143736.7142857143,0.5477723655453374,1.3107142857142857
2012-10-31,54.85,55.2,54.85,55.1,92640,17:25,17:20,True,143505.64285714287,0.6455495279180161,1.2821428571428573
2012-11-01,54.8,54.8,54.55,54.7,201254,17:25,17:20,True,139989.35714285713,1.4376378612455745,1.2750000000000001
2012-11-05,54.95,55.0,54.7,54.7,90565,17:25,17:20,True,150692.2142857143,0.6009932260221994,1.25
2012-11-06,54.4,54.65,54.4,54.55,125186,17:25,17:20,True,152745.2857142857,0.8195735758036021,1.2178571428571432
2012-11-07,55.45,55.5,55.35,55.45,75186,17:25,17:20,True,144483.57142857142,0.5203775021381571,1.2142857142857149
2012-11-08,54.25,54.45,54.25,54.35,45330,17:25,17:20,True,145049.35714285713,0.3125143116308685,1.2464285714285717
2012-11-09,53.7,53.75,53.55,53.75,37878,17:25,17:20,True,146298.35714285713,0.25890926418956955,1.2392857142857143
2012-11-12,52.8,52.8,52.5,52.5,111859,17:25,17:20,True,139432.7142857143,0.8022435808772075,1.303571428571429
2012-11-13,52.65,52.8,52.6,52.7,49264,17:25,17:20,True,129871.57142857143,0.3793285894526571,1.264285714285715
2012-11-14,53.3,53.3,53.0,53.05,68916,17:25,17:20,True,109270.35714285714,0.6306925482992708,1.2428571428571433
2012-11-15,52.6,52.65,52.45,52.6,208612,17:25,17:20,True,95138.42857142857,2.192720682193916,1.1964285714285718
2012-11-16,51.8,52.1,51.8,52.1,51725,17:25,17:20,True,94730.5,0.5460226642950264,1.110714285714286
2012-11-19,51.95,52.1,51.9,52.0,90785,17:25,17:20,True,93013.42857142857,0.9760418618509771,1.0892857142857142
2012-11-20,52.55,52.8,52.55,52.6,69323,17:25,17:20,True,94852.5,0.7308505310877415,1.1214285714285712
2012-11-21,52.2,52.3,51.9,52.0,86661,17:25,17:20,True,94180.21428571429,0.9201614230468486,1.1464285714285711
2012-11-22,52.3,52.3,52.25,52.25,52455,17:25,17:20,True,93753.14285714286,0.5595012433868883,1.1321428571428567
2012-11-23,52.7,52.75,52.55,52.75,31857,17:25,17:20,True,83124.64285714286,0.38324375185285436,1.1607142857142851
2012-11-26,53.1,53.25,53.1,53.2,83188,17:25,17:20,True,78931.21428571429,1.053930320885183,1.196428571428571
2012-11-27,53.1,53.3,53.1,53.2,164692,17:25,17:20,True,75931.35714285714,2.168958993978584,1.2107142857142854
2012-11-28,52.65,52.65,52.55,52.6,65282,17:25,17:20,True,82324.64285714286,0.7929824865840379,1.1571428571428568
2012-11-29,53.3,53.5,53.3,53.5,120182,17:25,17:20,True,83749.78571428571,1.4350126268979793,1.1607142857142858
2012-11-30,53.75,53.8,53.75,53.8,23652,17:25,17:20,True,89628.64285714286,0.2638888556830924,1.0535714285714286
2012-12-03,53.85,53.85,53.75,53.75,71200,17:25,17:20,True,83328.14285714286,0.8544532202291457,1.014285714285714
2012-12-04,53.95,54.1,53.95,54.0,91227,17:25,17:20,True,84895.0,1.0745862536073973,0.9857142857142855
2012-12-05,54.8,54.85,54.7,54.85,154168,17:25,17:20,True,86488.64285714286,1.782523056288976,0.985714285714286
2012-12-06,54.9,54.9,54.7,54.75,79295,17:25,17:20,True,82599.78571428571,0.9599903839252437,0.9250000000000002
2012-12-07,55.2,55.25,55.15,55.15,20450,17:25,17:20,True,84569.07142857143,0.24181417218554233,0.9000000000000001
2012-12-10,55.0,55.15,55.0,55.1,86071,17:25,17:20,True,79545.14285714286,1.0820396684003333,0.8285714285714286
2012-12-11,55.35,55.35,55.15,55.2,106797,17:25,17:20,True,80741.42857142857,1.322703869495214,0.7999999999999997
2012-12-12,55.65,55.65,55.55,55.6,50150,17:25,17:20,True,82179.71428571429,0.610247923540394,0.7928571428571425
2012-12-13,55.75,55.8,55.65,55.65,43558,17:25,17:20,True,82015.07142857143,0.5310975073396789,0.7571428571428572
2012-12-14,55.2,55.3,55.05,55.3,70444,17:25,17:20,True,82850.85714285714,0.8502507086744512,0.7285714285714283
2012-12-17,55.15,55.25,55.05,55.05,65105,17:25,17:20,True,81940.57142857143,0.7945392479567073,0.6678571428571425
2012-12-18,55.5,55.5,55.3,55.3,43448,17:25,17:20,True,74827.21428571429,0.5806443606747353,0.6714285714285708
2012-12-19,55.3,55.4,55.2,55.25,65760,17:25,17:20,True,73267.64285714286,0.8975312625822938,0.6392857142857135
2012-12-20,55.25,55.3,55.2,55.3,61527,17:25,17:20,True,69380.35714285714,0.8868071963554938,0.6142857142857133
2012-12-21,55.45,55.55,55.25,55.55,93586,17:25,17:20,True,72085.71428571429,1.298260007927071,0.6357142857142846
2012-12-27,55.55,55.75,55.45,55.7,80084,17:25,17:20,True,73684.71428571429,1.0868468552306836,0.6285714285714273
2012-12-28,55.7,55.85,55.7,55.85,28793,17:25,17:20,True,72888.78571428571,0.3950264737961846,0.6321428571428557
2013-01-02,56.05,56.15,55.8,56.15,237050,17:25,17:20,True,63933.42857142857,3.7077629856055627,0.6285714285714273
2013-01-03,56.7,56.75,56.65,56.7,79208,17:25,17:20,True,75201.64285714286,1.0532748619663514,0.6749999999999992
2013-01-04,56.6,56.65,56.55,56.55,38375,17:25,17:20,True,79398.64285714286,0.4833206037166882,0.6678571428571425
2013-01-07,57.5,57.6,57.5,57.6,139623,17:25,17:20,True,75991.78571428571,1.8373433218815944,0.6714285714285714
2013-01-08,57.65,57.8,57.65,57.7,111171,17:25,17:20,True,78336.5,1.419146885551435,0.7035714285714286
2013-01-09,58.05,58.05,57.9,58.05,84623,17:25,17:20,True,82695.14285714286,1.0233128219657053,0.7107142857142854
2013-01-10,58.7,58.75,58.65,58.65,95252,17:25,17:20,True,85628.35714285714,1.1123885028073976,0.6857142857142858
2013-01-11,58.75,58.85,58.75,58.85,38227,17:25,17:20,True,87400.35714285714,0.4373780754410124,0.6892857142857137
2013-01-14,59.3,59.4,59.3,59.35,71905,17:25,17:20,True,85480.5,0.841186001485719,0.6749999999999997
2013-01-15,59.55,59.65,59.4,59.55,103443,17:25,17:20,True,87513.14285714286,1.1820281688301513,0.696428571428571
2013-01-16,59.85,60.0,59.75,59.8,112177,17:25,17:20,True,90204.78571428571,1.2435814697826455,0.7142857142857137
2013-01-17,60.45,60.45,60.35,60.4,106696,17:25,17:20,True,93822.64285714286,1.1372094917690445,0.7178571428571426
2013-01-18,60.65,60.7,60.55,60.6,109408,17:25,17:20,True,94759.07142857143,1.1545913056194392,0.7142857142857143
2013-01-21,60.3,60.4,60.25,60.4,89019,17:25,17:20,True,96853.64285714286,0.9191084338593356,0.6964285714285714
2013-01-23,60.3,60.6,60.3,60.45,337072,17:25,17:20,True,101155.5,3.3322162413314156,0.7285714285714288
2013-01-24,59.5,59.6,59.3,59.4,138663,17:25,17:20,True,108299.92857142857,1.2803609552571926,0.7571428571428572
2013-01-25,60.4,60.6,60.2,60.2,76357,17:25,17:20,True,112546.71428571429,0.6784471717775603,0.8142857142857147
2013-01-28,61.05,61.05,60.85,60.9,105690,17:25,17:20,True,115259.71428571429,0.91697260100791,0.8250000000000003
2013-01-29,61.0,61.15,60.95,61.1,98319,17:25,17:20,True,112835.92857142857,0.8713448034219091,0.8035714285714286
2013-01-30,63.4,63.8,63.05,63.15,516202,17:25,17:20,True,111917.92857142857,4.612326251826115,0.7964285714285714
2013-01-31,64.95,65.4,64.7,65.05,456435,17:25,17:20,True,142745.0,3.1975550807383795,0.9821428571428567
2013-02-01,62.95,63.3,62.8,63.3,249106,17:25,17:20,True,168543.7857142857,1.4779898229074004,1.1214285714285717
2013-02-04,63.55,63.9,63.55,63.65,94518,17:25,17:20,True,183606.57142857142,0.5147854963174365,1.1892857142857143
2013-02-05,62.55,62.65,62.2,62.35,129010,17:25,17:20,True,185221.7857142857,0.6965163385208081,1.2428571428571427
2013-02-06,64.25,64.3,64.1,64.2,113169,17:25,17:20,True,187048.0,0.6050265172576024,1.3357142857142854
2013-02-07,63.5,63.7,63.45,63.55,61278,17:25,17:20,True,187118.85714285713,0.32748169230863194,1.3785714285714288
2013-02-08,63.35,63.75,63.35,63.75,60365,17:25,17:20,True,183874.7142857143,0.328294187890357,1.4071428571428573
2013-02-11,64.55,64.7,64.55,64.6,81367,17:25,17:20,True,180371.64285714287,0.45110749512019427,1.4857142857142855
2013-02-12,65.0,65.0,64.8,64.9,85356,17:25,17:20,True,179825.07142857142,0.4746612878944657,1.457142857142857
2013-02-13,66.05,66.15,65.9,65.95,64461,17:25,17:20,True,161845.35714285713,0.39828760699697907,1.4071428571428564
2013-02-14,65.95,65.95,65.9,65.9,56901,17:25,17:20,True,156545.2142857143,0.3634796519307749,1.3821428571428567
2013-02-15,65.7,65.7,65.5,65.65,69933,17:25,17:20,True,155155.5,0.45072846273577155,1.3964285714285707
2013-02-18,65.05,65.3,65.05,65.25,46219,17:25,17:20,True,152601.42857142858,0.3028739667293884,1.3964285714285711
2013-02-19,66.0,66.0,65.95,66.0,136383,17:25,17:20,True,148880.0,0.9160599140247179,1.4250000000000003
2013-02-20,66.3,66.35,66.15,66.15,52734,17:25,17:20,True,121750.07142857143,0.43313321611427624,1.2678571428571428
2013-02-21,66.45,66.55,66.4,66.45,76436,17:25,17:20,True,92914.28571428571,0.8226506765067652,1.139285714285714
2013-02-22,66.4,66.65,66.4,66.55,54304,17:25,17:20,True,80580.71428571429,0.6739081488835507,1.0964285714285715
2013-02-25,67.05,67.6,67.05,67.6,127313,17:25,17:20,True,77708.28571428571,1.6383452398898446,1.0357142857142851
2013-02-26,65.8,65.9,65.65,65.9,177079,17:25,17:20,True,77587.07142857143,2.282326123921603,0.9642857142857137
2013-02-27,66.2,66.55,66.15,66.5,71578,17:25,17:20,True,82152.07142857143,0.8712866121974143,0.9821428571428557
2013-02-28,67.0,67.2,67.0,67.2,119016,17:25,17:20,True,82887.78571428571,1.435868976042481,1.0142857142857136
2013-03-01,67.85,67.85,67.35,67.55,112785,17:25,17:20,True,87077.14285714286,1.2952308298060833,0.9642857142857143
2013-03-04,67.5,67.5,67.15,67.15,67826,17:25,17:20,True,89321.28571428571,0.7593486754876857,0.9928571428571432
2013-03-05,67.65,67.85,67.55,67.8,244785,17:25,17:20,True,88069.14285714286,2.7794638628090915,0.9678571428571436
2013-03-06,68.2,68.3,68.1,68.2,75707,17:25,17:20,True,100949.42857142857,0.7499497626817389,0.9785714285714288
2013-03-07,67.1,67.3,67.1,67.3,46777,17:25,17:20,True,102292.71428571429,0.4572857444113461,1.0035714285714294
2013-03-08,67.55,67.75,67.5,67.7,115799,17:25,17:20,True,100638.71428571429,1.1506406935132887,1.000000000000001
2013-03-11,68.2,68.2,68.05,68.2,30816,17:25,17:20,True,105608.71428571429,0.2917941024888368,1.017857142857144
2013-03-12,68.35,68.35,68.2,68.2,56200,17:25,17:20,True,98068.21428571429,0.5730704939346155,0.9928571428571453
2013-03-13,67.65,67.75,67.5,67.55,53108,17:25,17:20,True,98315.78571428571,0.5401777508480327,1.0035714285714314
2013-03-14,67.9,68.15,67.85,68.15,43774,17:25,17:20,True,96649.5,0.4529149142002804,0.9928571428571463
2013-03-15,68.7,68.9,68.6,68.75,127247,17:25,17:20,True,95897.35714285714,1.3269083089583134,1.0250000000000046
2013-03-18,67.25,67.5,67.15,67.5,172734,17:25,17:20,True,95892.64285714286,1.8013269303395092,0.9928571428571483
2013-03-19,68.6,68.75,68.55,68.55,66677,17:25,17:20,True,95582.28571428571,0.6975874190674901,0.9964285714285767
2013-03-20,69.0,69.35,69.0,69.2,99851,17:25,17:20,True,95232.21428571429,1.048500244890122,0.9928571428571483
2013-03-21,69.95,70.05,69.9,70.0,71216,17:25,17:20,True,93863.28571428571,0.7587205099209641,1.0392857142857193
2013-03-22,66.3,66.45,66.0,66.3,127330,17:25,17:20,True,90894.07142857143,1.4008614423225778,1.017857142857147
2013-03-25,67.55,67.95,67.55,67.8,199244,17:25,17:20,True,95144.35714285714,2.0941231407012353,1.1964285714285754
2013-03-26,66.5,67.0,66.45,66.6,178703,17:25,17:20,True,91891.42857142857,1.9447189229525528,1.257142857142861
2013-03-27,65.5,65.75,65.45,65.55,95840,17:25,17:20,True,99248.28571428571,0.965658996628945,1.2964285714285748
2013-04-02,65.65,65.9,65.65,65.9,144496,17:25,17:20,True,102752.78571428571,1.4062489789988315,1.3285714285714312
2013-04-03,66.9,66.95,66.8,66.85,46689,17:25,17:20,True,104802.57142857143,0.4454947942934879,1.375000000000002
2013-04-04,66.8,67.05,66.8,67.0,75144,17:25,17:20,True,105936.35714285714,0.7093315460967468,1.3821428571428578
2013-04-05,65.5,65.8,65.5,65.8,56358,17:25,17:20,True,107289.5,0.525289054380904,1.4499999999999997
2013-04-08,65.35,65.6,65.35,65.6,93040,17:25,17:20,True,107521.64285714286,0.8653141593420063,1.5214285714285702
2013-04-09,64.45,64.95,64.45,64.9,121924,17:25,17:20,True,111040.64285714286,1.0980123751342012,1.5428571428571405
2013-04-10,65.85,66.0,65.8,65.9,76303,17:25,17:20,True,110660.42857142857,0.689523807064856,1.624999999999997
2013-04-11,68.0,68.05,67.5,67.5,235502,17:25,17:20,True,103772.5,2.2694066347057267,1.6857142857142833
2013-04-12,67.8,67.8,67.7,67.7,44065,17:25,17:20,True,115831.42857142857,0.3804235218667522,1.653571428571425
2013-04-15,67.45,67.75,67.3,67.3,113647,17:25,17:20,True,111846.71428571429,1.016096008951026,1.5999999999999963
2013-04-16,67.05,67.3,66.9,66.95,73593,17:25,17:20,True,114877.5,0.6406215316315206,1.6499999999999966
2013-04-17,66.75,66.95,66.75,66.9,61653,17:25,17:20,True,111039.14285714286,0.5552366347002473,1.4785714285714258
2013-04-18,64.95,65.1,64.9,64.95,86251,17:25,17:20,True,101211.21428571429,0.8521881750822361,1.5214285714285691
2013-04-19,64.25,64.6,64.25,64.4,79935,17:25,17:20,True,94607.5,0.8449118727373622,1.5428571428571405
2013-04-22,64.9,65.3,64.8,65.15,115137,17:25,17:20,True,93471.42857142857,1.2317881705639615,1.5285714285714265
2013-04-23,63.15,63.35,62.6,62.6,420832,17:25,17:20,True,91374.35714285714,4.605580965588189,1.5392857142857126
2013-04-24,64.05,64.2,63.9,64.2,111464,17:25,17:20,True,118098.85714285714,0.9438194635970834,1.6678571428571414
2013-04-25,64.25,64.55,64.25,64.45,93352,17:25,17:20,True,120693.14285714286,0.773465648421262,1.6392857142857136
2013-04-26,66.2,66.65,66.2,66.45,63171,17:25,17:20,True,123335.57142857143,0.512188002765973,1.7071428571428566
2013-04-29,66.5,66.65,66.45,66.65,62035,17:25,17:20,True,121202.07142857143,0.511831186289249,1.6785714285714286
2013-05-02,66.4,66.8,66.3,66.55,185890,17:25,17:20,True,116924.28571428571,1.58983224797488,1.6107142857142855
2013-05-03,67.6,67.65,67.45,67.45,70819,17:25,17:20,True,124751.92857142857,0.5676785987276464,1.5214285714285711
2013-05-06,67.2,67.3,67.1,67.1,65747,17:25,17:20,True,112988.85714285714,0.5818892381296765,1.5392857142857141
2013-05-07,68.05,68.2,68.0,68.15,99951,17:25,17:20,True,114537.57142857143,0.8726481516358325,1.5607142857142853
2013-05-10,70.1,70.6,70.0,70.45,332249,17:25,17:20,True,113559.28571428571,2.9257757118685648,1.567857142857142
2013-05-13,70.0,70.05,69.85,70.05,114123,17:25,17:20,True,132034.7142857143,0.8643408713942112,1.7071428571428555
2013-05-14,69.8,70.05,69.8,70.0,200849,17:25,17:20,True,135782.57142857142,1.4791957309900914,1.59642857142857
2013-05-15,69.95,70.0,69.85,69.85,51456,17:25,17:20,True,143968.14285714287,0.35741240373614397,1.5178571428571408
2013-05-16,70.45,70.45,70.15,70.15,55918,17:25,17:20,True,141933.92857142858,0.3939720443365248,1.49642857142857
2013-05-21,71.45,71.7,71.45,71.7,76510,17:25,17:20,True,137704.0,0.5556120374135828,1.457142857142855
2013-05-22,71.35,71.65,71.35,71.65,43920,17:25,17:20,True,113109.57142857143,0.38829605174249493,1.3535714285714266
2013-05-23,70.65,70.85,70.45,70.45,265838,17:25,17:20,True,108285.0,2.4549845315602346,1.3321428571428544
2013-05-24,70.45,70.75,70.45,70.55,89129,17:25,17:20,True,120605.42857142857,0.7390131692721721,1.2928571428571405
2013-05-27,69.5,69.85,69.5,69.6,33088,17:25,17:20,True,122459.57142857143,0.2701952947736687,1.3642857142857119
2013-05-28,70.7,70.85,70.65,70.7,64005,17:25,17:20,True,120391.92857142857,0.531638630259385,1.3999999999999975
2013-05-29,70.7,70.7,70.5,70.6,104409,17:25,17:20,True,111685.85714285714,0.9348453122981424,1.3642857142857119
2013-05-30,69.4,69.45,69.15,69.3,84276,17:25,17:20,True,114085.14285714286,0.7387114385746986,1.3857142857142841
2013-05-31,70.0,70.05,69.95,69.95,49504,17:25,17:20,True,115408.64285714286,0.4289453439052906,1.3857142857142841
2013-06-03,69.0,69.1,68.8,69.1,233418,17:25,17:20,True,111805.28571428571,2.0877188275024054,1.3642857142857128
2013-06-04,69.2,69.75,69.2,69.7,81588,17:25,17:20,True,104745.92857142857,0.7789133297373304,1.2535714285714283
2013-06-05,68.4,68.6,68.4,68.4,79124,17:25,17:20,True,102422.0,0.7725293393997383,1.2857142857142847
2013-06-07,66.95,67.1,66.4,66.5,203767,17:25,17:20,True,93727.35714285714,2.1740397490289083,1.3321428571428566
2013-06-10,68.0,68.0,67.85,67.95,63327,17:25,17:20,True,104606.71428571429,0.6053817905706681,1.442857142857141
2013-06-11,67.85,67.85,67.35,67.55,55731,17:25,17:20,True,105135.92857142857,0.5300852026254448,1.392857142857142
2013-06-12,67.35,67.55,67.3,67.5,18692,17:25,17:20,True,103651.71428571429,0.18033469227991542,1.403571428571427
2013-06-13,65.8,65.9,65.5,65.6,102103,17:25,17:20,True,101849.71428571429,1.0024868573865133,1.4357142857142844
2013-06-14,66.8,66.85,66.6,66.65,72167,17:25,17:20,True,90154.35714285714,0.8004826642559864,1.3964285714285702
2013-06-17,66.75,67.2,66.75,67.1,76752,17:25,17:20,True,88942.78571428571,0.8629367675367552,1.3249999999999988
2013-06-18,67.2,67.2,66.75,66.75,77897,17:25,17:20,True,92061.64285714286,0.8461395819416028,1.3107142857142844
2013-06-19,67.0,67.0,66.7,66.9,384393,17:25,17:20,True,93053.92857142857,4.130862671799379,1.3642857142857128
2013-06-20,64.65,64.7,64.25,64.4,208047,17:25,17:20,True,113052.78571428571,1.840264250770342,1.4392857142857127
2013-06-24,62.45,62.45,61.6,61.8,307004,17:25,17:20,True,121893.57142857143,2.5186233892564354,1.5357142857142847
2013-06-25,61.55,61.85,61.55,61.65,90051,17:25,17:20,True,140286.42857142858,0.6419081369239463,1.592857142857142
2013-06-26,62.1,62.15,61.75,61.75,65587,17:25,17:20,True,130045.92857142857,0.5043372039438814,1.6178571428571413
2013-06-27,63.0,63.2,62.9,63.05,78809,17:25,17:20,True,128903.0,0.6113822021209747,1.6249999999999984
2013-06-28,64.35,64.6,64.25,64.6,86607,17:25,17:20,True,128880.5,0.6719945996485116,1.6178571428571418
2013-07-01,64.35,64.75,64.35,64.6,144791,17:25,17:20,True,120511.92857142857,1.2014661263526374,1.5178571428571423
2013-07-02,65.5,65.55,65.4,65.4,82539,17:25,17:20,True,126330.78571428571,0.653356183398346,1.5999999999999999
2013-07-03,64.1,64.1,63.55,64.05,171600,17:25,17:20,True,128245.64285714286,1.3380571548239735,1.6250000000000004
2013-07-04,64.2,64.4,64.1,64.15,63519,17:25,17:20,True,139167.64285714287,0.45642075051312725,1.6321428571428582
2013-07-05,65.65,65.85,65.65,65.7,36761,17:25,17:20,True,136411.64285714287,0.2694857948342281,1.664285714285715
2013-07-08,65.8,66.25,65.8,66.2,40502,17:25,17:20,True,133882.64285714287,0.3025186770716571,1.7035714285714303
2013-07-09,67.1,67.7,67.1,67.55,160249,17:25,17:20,True,131293.35714285713,1.2205415680371166,1.767857142857144
2013-07-10,67.7,67.85,67.55,67.85,57004,17:25,17:20,True,137175.64285714287,0.4155548230917713,1.7392857142857159
2013-07-11,68.85,69.15,68.8,69.05,182775,17:25,17:20,True,113790.71428571429,1.6062382695047925,1.6357142857142872
2013-07-12,68.85,68.85,68.65,68.7,66761,17:25,17:20,True,111985.57142857143,0.596157158001222,1.5464285714285728
2013-07-15,72.15,73.0,72.15,72.55,1013511,17:25,17:20,True,94825.35714285714,10.688185423579437,1.4642857142857157
2013-07-16,70.65,70.8,70.5,70.675,192518,17:25,17:20,True,160786.7857142857,1.1973496400512658,1.6107142857142875
2013-07-17,70.8,71.3,70.8,71.3,114226,17:25,17:20,True,169853.2857142857,0.6724980298122833,1.6357142857142877
2013-07-18,69.75,69.9,69.7,69.9,69637,17:25,17:20,True,172383.07142857142,0.40396658107379624,1.6500000000000021
2013-07-19,70.7,70.9,70.45,70.45,77506,17:25,17:20,True,171170.92857142858,0.45279885227506506,1.696428571428573
2013-07-22,71.2,71.55,71.2,71.5,116536,17:25,17:20,True,166364.85714285713,0.7004844773192141,1.610714285714287
2013-07-23,71.15,71.55,71.05,71.45,80773,17:25,17:20,True,168793.2142857143,0.4785322700430154,1.5857142857142874
2013-07-24,71.3,71.5,71.3,71.4,78096,17:25,17:20,True,162305.57142857142,0.48116647698917125,1.5178571428571443
2013-07-25,72.1,72.1,71.85,71.95,66639,17:25,17:20,True,163346.7857142857,0.40796027732409795,1.4642857142857153
2013-07-26,72.65,72.8,72.6,72.7,77646,17:25,17:20,True,165480.92857142858,0.4692141908454707,1.4285714285714286
2013-07-29,71.95,72.05,71.95,72.05,65027,17:25,17:20,True,168134.07142857142,0.3867568271409254,1.364285714285715
2013-07-30,72.1,72.25,72.1,72.2,51212,17:25,17:20,True,161332.5,0.31743139169107276,1.3321428571428575
2013-07-31,72.05,72.1,72.0,72.05,53610,17:25,17:20,True,160918.7857142857,0.3331494192056952,1.307142857142858
2013-08-01,72.3,72.45,72.3,72.45,49240,17:25,17:20,True,151692.7142857143,0.3246035924128572,1.2571428571428578
2013-08-02,72.8,72.85,72.8,72.85,69451,17:25,17:20,True,150441.2142857143,0.4616487598145835,1.2428571428571433
2013-08-05,72.65,72.8,72.65,72.65,42442,17:25,17:20,True,83008.35714285714,0.5112979157864483,1.028571428571429
2013-08-06,72.5,72.65,72.5,72.6,37457,17:25,17:20,True,72288.64285714286,0.5181588492956313,0.9464285714285714
2013-08-07,70.9,71.1,70.9,71.0,57011,17:25,17:20,True,66805.14285714286,0.8533923821091619,0.9285714285714286
2013-08-08,72.45,72.5,72.35,72.5,81522,17:25,17:20,True,65903.28571428571,1.2369944702518627,0.9571428571428575
2013-08-09,73.95,73.95,73.8,73.9,48572,17:25,17:20,True,66190.14285714286,0.733825278256797,1.0214285714285711
2013-08-12,73.6,73.7,73.6,73.7,44710,17:25,17:20,True,61335.57142857143,0.7289407917568226,0.9857142857142855
2013-08-13,73.3,73.55,73.3,73.5,62167,17:25,17:20,True,58759.642857142855,1.0579880505935197,0.9785714285714278
2013-08-14,73.15,73.25,73.1,73.1,20792,17:25,17:20,True,57621.857142857145,0.360835298113563,0.9678571428571426
2013-08-15,73.25,73.3,73.0,73.0,62926,17:25,17:20,True,54347.07142857143,1.157854477636461,0.9428571428571431
2013-08-16,72.2,72.3,72.1,72.3,61197,17:25,17:20,True,53295.642857142855,1.1482552178615513,0.9785714285714288
2013-08-19,72.8,72.8,72.6,72.6,13567,17:25,17:20,True,53022.07142857143,0.2558745751432355,0.9928571428571432
2013-08-20,72.2,72.2,72.0,72.1,93513,17:25,17:20,True,50333.142857142855,1.8578812029563025,0.9857142857142855
2013-08-21,72.45,72.55,72.3,72.4,51239,17:25,17:20,True,53183.357142857145,0.9634404962884469,1.0178571428571428
2013-08-22,70.25,70.6,70.25,70.6,67650,17:25,17:20,True,53326.142857142855,1.2686085356150696,1.1428571428571428
2013-08-23,70.75,70.75,70.65,70.75,34316,17:25,17:20,True,53197.5,0.6450679073264721,1.1750000000000003
2013-08-26,71.05,71.15,70.6,70.6,80459,17:25,17:20,True,52617.07142857143,1.5291424972069088,1.182142857142857
2013-08-27,69.8,69.8,69.6,69.65,64305,17:25,17:20,True,55688.642857142855,1.1547237767126153,1.171428571428572
2013-08-28,51.8,67.55,51.8,67.5,282238,17:25,17:20,True,56209.642857142855,5.021166932465833,1.2107142857142859
2013-08-29,68.4,68.5,68.25,68.5,73202,17:25,17:20,True,70546.5,1.0376418390706839,2.3214285714285725
2013-08-30,68.9,68.9,68.65,68.7,71739,17:25,17:20,True,72305.78571428571,0.99216126747415,2.3428571428571425
2013-09-02,68.8,68.8,68.5,68.65,58019,17:25,17:20,True,74236.42857142857,0.7815435240688534,2.3892857142857147
2013-09-03,69.4,69.45,69.1,69.25,69753,17:25,17:20,True,73940.14285714286,0.9433711824815826,2.4107142857142856
2013-09-04,69.5,69.75,69.5,69.65,52743,17:25,17:20,True,77437.35714285714,0.6811053727298471,2.4464285714285716
2013-09-05,69.8,70.0,69.8,69.95,52159,17:25,17:20,True,76710.0,0.6799504627819059,2.3892857142857147
2013-09-06,69.55,69.55,69.45,69.45,22014,17:25,17:20,True,76064.42857142857,0.2894125468822483,2.39642857142857
2013-09-09,69.9,69.9,69.7,69.85,36693,17:25,17:20,True,76667.78571428571,0.47859736208819315,2.4249999999999994
2013-09-10,70.5,70.65,70.4,70.6,109046,17:25,17:20,True,72609.21428571429,1.5018204104359048,2.414285714285714
2013-09-11,71.4,71.45,71.2,71.2,72620,17:25,17:20,True,76738.28571428571,0.9463333631191732,2.3321428571428564
2013-09-12,71.7,71.85,71.55,71.8,65171,17:25,17:20,True,77093.28571428571,0.8453524764987872,2.3107142857142855
2013-09-13,70.6,70.7,70.4,70.45,63516,17:25,17:20,True,79297.21428571429,0.8009865235763101,2.3535714285714286
2013-09-16,71.3,71.5,71.3,71.35,107628,17:25,17:20,True,78087.0,1.3783088094048945,2.3035714285714275
2013-09-17,70.25,70.35,70.25,70.3,60910,17:25,17:20,True,81181.5,0.7502940940977932,2.2285714285714278
2013-09-18,69.7,69.8,69.6,69.6,65567,17:25,17:20,True,65372.357142857145,1.002977448965432,1.0749999999999988
2013-09-19,70.8,71.0,70.65,70.75,204904,17:25,17:20,True,64827.0,3.160781773026671,1.0428571428571425
2013-09-20,71.1,71.15,71.05,71.05,141781,17:25,17:20,True,74338.78571428571,1.9072278170499346,1.0607142857142853
2013-09-23,71.45,71.6,71.45,71.5,94315,17:25,17:20,True,80321.78571428571,1.1742144321279142,0.9964285714285707
2013-09-24,70.55,70.7,70.55,70.7,69774,17:25,17:20,True,82076.21428571429,0.8501123085076849,0.9964285714285696
2013-09-25,69.7,69.9,69.6,69.85,178506,17:25,17:20,True,83292.71428571429,2.1431166162706736,0.9964285714285696
2013-09-26,69.55,69.55,69.3,69.55,98313,17:25,17:20,True,92317.5,1.0649443496628483,1.039285714285713
2013-09-27,69.5,69.5,69.15,69.45,50779,17:25,17:20,True,97767.42857142857,0.5193856557544727,1.028571428571428
2013-09-30,68.1,68.2,68.0,68.15,100422,17:25,17:20,True,98773.57142857143,1.0166889639362755,1.0214285714285702
2013-10-01,68.1,68.6,68.1,68.6,97346,17:25,17:20,True,98157.57142857143,0.9917319528513192,1.0249999999999997
2013-10-02,69.0,69.0,68.8,68.9,114393,17:25,17:20,True,99923.71428571429,1.1448033213908895,1.0714285714285705
2013-10-03,69.0,69.65,69.0,69.6,178274,17:25,17:20,True,103439.57142857143,1.7234603502113723,1.067857142857142
2013-10-04,69.95,70.15,69.8,70.1,140522,17:25,17:20,True,111636.57142857143,1.2587452140619562,1.1035714285714278
2013-10-07,70.8,70.8,70.3,70.35,80094,17:25,17:20,True,113986.14285714286,0.7026643589509001,1.1499999999999997
2013-10-08,70.65,70.9,70.6,70.9,136475,17:25,17:20,True,115356.42857142857,1.1830723410052075,1.1607142857142858
2013-10-09,70.65,70.7,70.55,70.55,131807,17:25,17:20,True,120421.28571428571,1.0945490177934847,1.1714285714285708
2013-10-10,71.45,71.65,71.35,71.5,135659,17:25,17:20,True,115200.07142857143,1.1775947559556323,1.1607142857142858
2013-10-11,72.5,72.6,72.4,72.5,117484,17:25,17:20,True,114762.78571428571,1.0237116437072993,1.221428571428572
2013-10-15,73.3,73.6,73.3,73.6,175169,17:25,17:20,True,116417.71428571429,1.5046593301952083,1.221428571428573
2013-10-16,73.55,73.6,73.3,73.3,72940,17:25,17:20,True,123945.92857142857,0.5884824200414582,1.2607142857142872
2013-10-17,74.2,74.2,73.8,73.9,132969,17:25,17:20,True,116405.5,1.1422913865753765,1.232142857142858
2013-10-18,74.55,74.85,74.25,74.75,89408,17:25,17:20,True,118880.92857142857,0.7520802627839501,1.2357142857142855
2013-10-21,74.8,75.2,74.8,75.1,188818,17:25,17:20,True,121640.14285714286,1.5522671674411996,1.2285714285714278
2013-10-22,75.85,76.15,75.85,76.0,310798,17:25,17:20,True,127954.14285714286,2.428979578621359,1.1785714285714275
2013-10-23,76.5,76.5,76.15,76.15,126822,17:25,17:20,True,143200.7142857143,0.8856240741017852,1.232142857142856
2013-10-24,77.1,77.4,76.85,76.9,381783,17:25,17:20,True,144088.5,2.6496424072705316,1.2714285714285702
2013-10-25,77.5,77.5,76.85,77.05,131858,17:25,17:20,True,158624.85714285713,0.8312568557981366,1.335714285714285
2013-10-28,79.05,79.3,78.85,78.85,234603,17:25,17:20,True,158006.0,1.484772730149488,1.3142857142857136
2013-10-29,78.75,79.05,78.7,79.0,193451,17:25,17:20,True,169042.35714285713,1.1443936494361304,1.3214285714285705
2013-10-30,79.1,79.2,78.95,78.95,51059,17:25,17:20,True,173112.07142857142,0.2949476577724835,1.3392857142857133
2013-10-31,78.4,78.75,78.4,78.65,55193,17:25,17:20,True,167344.35714285713,0.3298169172975656,1.34642857142857
2013-11-04,78.7,78.85,78.65,78.7,67781,17:25,17:20,True,161596.7857142857,0.41944522411381063,1.3035714285714266
2013-11-05,78.3,78.45,78.25,78.45,40513,17:25,17:20,True,158046.57142857142,0.25633583591093406,1.2999999999999972
2013-11-06,78.25,78.45,78.2,78.35,35980,17:25,17:20,True,148428.2857142857,0.24240662638426638,1.2803571428571396
2013-11-07,78.4,78.6,78.2,78.3,42205,17:25,17:20,True,145788.2857142857,0.28949513874326566,1.2982142857142835
2013-11-08,78.0,78.1,78.0,78.1,28866,17:25,17:20,True,139305.14285714287,0.20721417320250712,1.351785714285713
2013-11-11,77.75,78.2,77.75,77.9,63335,17:25,17:20,True,134980.7142857143,0.46921517888798925,1.4017857142857133
2013-11-12,78.3,78.5,78.3,78.3,32122,17:25,17:20,True,126017.64285714286,0.25490081604219816,1.4517857142857125
2013-11-13,77.5,77.7,77.5,77.65,84560,17:25,17:20,True,106112.21428571429,0.796892238741871,1.3624999999999983
2013-11-14,78.0,78.35,77.85,77.9,217669,17:25,17:20,True,103093.5,2.1113746259463495,1.3303571428571408
2013-11-15,78.55,78.8,78.55,78.65,56942,17:25,17:20,True,91371.07142857143,0.6231950562658547,1.2589285714285694
2013-11-18,78.5,78.7,78.45,78.7,78304,17:25,17:20,True,86019.92857142857,0.9103006861366844,1.2017857142857113
2013-11-19,79.1,79.1,78.8,79.0,87410,17:25,17:20,True,74855.71428571429,1.167713124296265,1.20535714285714
2013-11-20,79.1,79.15,78.95,78.95,78861,17:25,17:20,True,67281.35714285714,1.1721077479539546,1.1910714285714263
2013-11-21,78.2,78.45,78.2,78.25,80473,17:25,17:20,True,69267.21428571429,1.1617761856000726,1.1482142857142839
2013-11-22,78.5,78.5,78.3,78.4,24728,17:25,17:20,True,71072.92857142857,0.3479243151652076,1.1696428571428552
2013-11-25,78.75,78.75,78.6,78.7,47314,17:25,17:20,True,67997.71428571429,0.6958175064708056,1.130357142857141
2013-11-26,78.8,78.95,78.8,78.9,46052,17:25,17:20,True,68483.5,0.6724539487613804,1.1035714285714266
2013-11-27,79.15,79.35,79.15,79.35,18181,17:25,17:20,True,69202.92857142857,0.2627200954542593,1.0499999999999972
2013-11-28,79.6,79.65,79.55,79.65,16902,17:25,17:20,True,67486.92857142857,0.2504484995507067,0.9678571428571386
2013-11-29,80.9,80.95,80.8,80.95,163430,17:25,17:20,True,66632.35714285714,2.45271227085082,0.9499999999999957
2013-12-02,79.65,80.0,79.65,79.9,63492,17:25,17:20,True,73782.0,0.8605350898593153,0.9607142857142819
2013-12-03,80.2,80.6,80.2,80.6,71086,17:25,17:20,True,76022.71428571429,0.935062641052768,0.9678571428571396
2013-12-04,78.6,78.9,78.6,78.65,60023,17:25,17:20,True,75060.28571428571,0.7996638892166678,1.0642857142857116
2013-12-05,78.25,78.3,78.2,78.3,36609,17:25,17:20,True,63799.857142857145,0.5738100622706276,1.078571428571426
2013-12-06,78.35,78.55,78.35,78.4,19688,17:25,17:20,True,62347.5,0.3157784995388749,1.124999999999998
2013-12-09,78.8,79.0,78.75,79.0,84780,17:25,17:20,True,58160.642857142855,1.4576867764037782,1.1285714285714274
2013-12-10,79.6,79.75,79.35,79.45,66036,17:25,17:20,True,57972.78571428572,1.1390861968485213,1.1571428571428553
2013-12-11,78.3,78.55,78.2,78.35,77850,17:25,17:20,True,57056.71428571428,1.364431881060699,1.1964285714285694
2013-12-12,78.35,78.45,78.25,78.25,35441,17:25,17:20,True,56869.357142857145,0.623200292399497,1.1821428571428558
2013-12-13,78.4,78.45,78.3,78.35,22991,17:25,17:20,True,57634.57142857143,0.39890988047848264,1.221428571428571
2013-12-16,77.35,77.4,77.2,77.3,68572,17:25,17:20,True,55897.21428571428,1.2267516525868272,1.278571428571429
2013-12-17,78.15,78.3,78.1,78.125,43573,17:25,17:20,True,57505.78571428572,0.7577150622111315,1.3178571428571442
2013-12-18,78.2,78.2,78.1,78.15,40114,17:25,17:20,True,59319.5,0.6762363135225348,1.3678571428571453
2013-12-19,79.95,80.1,79.85,80.0,169686,17:25,17:20,True,60977.5,2.782764134311836,1.3928571428571448
2013-12-20,81.25,81.25,81.1,81.2,45705,17:25,17:20,True,61424.357142857145,0.7440859314766943,1.4178571428571456
2013-12-23,83.1,83.2,83.1,83.2,75515,17:25,17:20,True,60153.857142857145,1.2553642207957214,1.5071428571428587
2013-12-27,84.6,84.95,84.45,84.8,74101,17:25,17:20,True,60470.21428571428,1.2254132199678,1.3928571428571448
2013-12-30,84.6,84.75,84.6,84.7,39344,17:25,17:20,True,61475.78571428572,0.6399918202404895,1.3785714285714303
2014-01-02,84.85,84.95,84.7,84.7,65014,17:25,17:20,True,61671.142857142855,1.054204559669028,1.3392857142857153
2014-01-03,83.95,84.0,83.7,83.8,74376,17:25,17:20,True,64908.71428571428,1.1458553881164977,1.3500000000000003
2014-01-07,84.15,84.55,84.15,84.4,157279,17:25,17:20,True,64165.57142857143,2.451143136394907,1.3357142857142859
2014-01-08,85.8,86.0,85.7,85.95,64858,17:25,17:20,True,70682.92857142857,0.9175907296265718,1.335714285714285
2014-01-09,85.0,85.45,85.0,85.4,110190,17:25,17:20,True,69754.92857142857,1.5796733256943443,1.3785714285714274
2014-01-10,86.35,86.6,86.3,86.5,94761,17:25,17:20,True,75094.14285714286,1.2618960200434122,1.4499999999999988
2014-01-13,85.75,85.8,85.55,85.65,131139,17:25,17:20,True,80220.57142857143,1.634730314988674,1.4785714285714266
2014-01-14,84.9,84.95,84.0,84.15,193296,17:25,17:20,True,84689.64285714286,2.2824042406939626,1.4821428571428552
2014-01-15,85.3,85.45,85.3,85.45,35344,17:25,17:20,True,95384.14285714286,0.3705437711269768,1.5035714285714263
2014-01-16,86.9,87.0,86.8,86.85,73892,17:25,17:20,True,95043.42857142857,0.777455118261727,1.5178571428571408
2014-01-17,85.75,86.4,85.7,86.1,179356,17:25,17:20,True,88201.0,2.0334916837677577,1.4678571428571405
2014-01-20,85.7,85.7,85.5,85.5,42383,17:25,17:20,True,97747.5,0.4335967671807463,1.3642857142857128
2014-01-21,87.0,87.35,86.8,87.3,342167,17:25,17:20,True,95380.92857142857,3.5873733368380774,1.3571428571428552
2014-01-22,87.65,87.85,87.6,87.65,52709,17:25,17:20,True,114528.5,0.46022605726958793,1.4249999999999983
2014-01-23,86.8,87.15,86.8,87.15,80791,17:25,17:20,True,115483.14285714286,0.6995912823392901,1.4285714285714275
2014-01-24,87.0,87.35,87.0,87.35,34272,17:25,17:20,True,116610.07142857143,0.29390257273783627,1.3821428571428558
2014-01-27,84.7,84.7,84.3,84.45,94633,17:25,17:20,True,113745.5,0.8319713746917461,1.499999999999999
2014-01-28,84.8,85.2,84.7,84.95,342468,17:25,17:20,True,109270.78571428571,3.134122242842323,1.4964285714285717
2014-01-29,85.6,85.9,85.5,85.5,164171,17:25,17:20,True,129100.07142857143,1.2716569261608242,1.517857142857144
2014-01-30,83.0,83.45,82.9,83.2,89824,17:25,17:20,True,132955.85714285713,0.6755926510517455,1.625000000000001
2014-01-31,84.6,84.8,84.3,84.4,84846,17:25,17:20,True,132603.2142857143,0.6398487431623344,1.6785714285714295
2014-02-03,84.6,84.95,84.35,84.95,135539,17:25,17:20,True,129296.57142857143,1.048279923453942,1.671428571428572
2014-02-04,83.55,83.7,83.35,83.5,134334,17:25,17:20,True,125171.07142857143,1.0732032447022504,1.6678571428571434
2014-02-05,87.55,87.55,86.35,86.55,695676,17:25,17:20,True,132241.7857142857,5.260636766528842,1.6500000000000017
2014-02-06,87.2,87.2,86.45,86.6,138199,17:25,17:20,True,176654.92857142858,0.7823104688761665,1.8607142857142875
2014-02-07,86.7,86.7,86.45,86.5,88426,17:25,17:20,True,173715.14285714287,0.509028738345041,1.8821428571428587
2014-02-10,86.2,86.25,86.1,86.1,144386,17:25,17:20,True,177003.92857142858,0.8157220077843308,1.90357142857143
2014-02-11,86.35,86.4,86.15,86.15,153584,17:25,17:20,True,162876.7142857143,0.9429463301340102,1.8392857142857164
2014-02-12,87.15,87.4,87.0,87.2,491576,17:25,17:20,True,170082.07142857142,2.890228204954835,1.8250000000000028
2014-02-13,86.45,86.55,86.3,86.35,90215,17:25,17:20,True,199423.85714285713,0.4523781722633845,1.8535714285714318
2014-02-14,86.2,86.35,86.15,86.35,78244,17:25,17:20,True,203419.7857142857,0.3846430165347731,1.7607142857142892
2014-02-17,86.7,86.8,86.7,86.75,54728,17:25,17:20,True,202249.14285714287,0.2705969440802857,1.7142857142857173
2014-02-18,86.7,86.95,86.7,86.85,112812,17:25,17:20,True,181696.2857142857,0.6208822572047231,1.625000000000003
2014-02-19,85.35,85.7,85.35,85.65,86843,17:25,17:20,True,178027.7857142857,0.4878058762095323,1.4678571428571456
2014-02-20,86.2,86.4,86.1,86.2,177975,17:25,17:20,True,177814.85714285713,1.0009006157287195,1.3964285714285742
2014-02-21,88.0,88.45,87.9,88.4,159574,17:25,17:20,True,184466.92857142858,0.865054789147261,1.4214285714285748
2014-02-24,88.1,88.1,87.85,87.9,134296,17:25,17:20,True,186183.7142857143,0.7213090603290452,1.403571428571432
2014-02-25,89.5,89.55,89.45,89.5,90703,17:25,17:20,True,186181.0,0.48717645731841597,1.4392857142857167
2014-02-26,90.05,90.15,90.0,90.15,46039,17:25,17:20,True,142968.64285714287,0.3220216620927366,1.192857142857145
2014-02-27,90.8,90.9,90.8,90.9,33093,17:25,17:20,True,136385.7857142857,0.24264258791107787,1.2071428571428595
2014-02-28,90.9,90.9,90.75,90.8,99017,17:25,17:20,True,132433.42857142858,0.7476737638533214,1.2071428571428595
2014-03-03,88.35,88.45,87.7,88.05,421433,17:25,17:20,True,129192.78571428571,3.262047471690978,1.2071428571428595
2014-03-04,88.6,89.2,88.6,89.05,265857,17:25,17:20,True,148324.85714285713,1.7923968046970262,1.3250000000000017
2014-03-05,90.0,90.0,89.65,89.8,61932,17:25,17:20,True,132202.07142857142,0.4684646717768092,1.3821428571428587
2014-03-06,90.95,91.3,90.9,91.2,115127,17:25,17:20,True,130181.85714285714,0.8843551822560308,1.3785714285714294
2014-03-07,90.2,90.4,90.2,90.3,41079,17:25,17:20,True,132816.35714285713,0.309291723426923,1.4196428571428572
2014-03-10,89.4,89.4,88.95,89.4,72798,17:25,17:20,True,131841.42857142858,0.5521633130708968,1.4696428571428564
2014-03-11,90.5,90.6,90.35,90.45,93071,17:25,17:20,True,128983.28571428571,0.7215741131464432,1.4803571428571414
2014-03-12,90.5,90.6,90.25,90.6,142989,17:25,17:20,True,129428.14285714286,1.1047751813747728,1.4410714285714283
2014-03-13,90.55,90.6,90.3,90.3,52374,17:25,17:20,True,126929.14285714286,0.41262391615569544,1.4125000000000003
2014-03-14,87.4,88.0,87.0,88.0,509275,17:25,17:20,True,119272.0,4.2698621637936816,1.391071428571428
2014-03-17,87.15,87.35,87.15,87.25,90540,17:25,17:20,True,146056.2142857143,0.6198983072564526,1.533928571428571
2014-03-18,88.15,88.4,88.05,88.4,51686,17:25,17:20,True,146044.57142857142,0.35390565698143034,1.5839285714285711
2014-03-19,89.35,89.55,89.2,89.5,44028,17:25,17:20,True,146447.92857142858,0.3006392813437833,1.601785714285713
2014-03-20,89.05,89.25,88.75,88.9,140560,17:25,17:20,True,147229.0,0.9547032174367821,1.573214285714285
2014-03-21,89.35,89.5,89.1,89.45,93685,17:25,17:20,True,150196.35714285713,0.6237501480205199,1.591071428571427
2014-03-24,89.8,89.95,89.7,89.95,203489,17:25,17:20,True,126785.78571428571,1.6049827577561928,1.5196428571428555
2014-03-25,89.7,90.2,89.7,90.0,251195,17:25,17:20,True,122330.92857142857,2.053405487340253,1.4446428571428558
2014-03-26,86.9,87.0,86.5,86.7,357878,17:25,17:20,True,135849.7142857143,2.6343669685408666,1.4553571428571428
2014-03-27,86.7,86.85,86.7,86.8,93265,17:25,17:20,True,153189.07142857142,0.6088228039392963,1.6500000000000006
2014-03-28,87.2,87.55,87.2,87.5,157570,17:25,17:20,True,156916.64285714287,1.0041637211385661,1.6321428571428578
2014-03-31,87.45,87.55,87.4,87.55,85038,17:25,17:20,True,162971.7857142857,0.5217958410855517,1.5714285714285725
2014-04-01,89.0,89.3,89.0,89.2,104772,17:25,17:20,True,162398.0,0.6451557285188241,1.6285714285714294
2014-04-02,90.0,90.4,90.0,90.3,59611,17:25,17:20,True,159668.2142857143,0.3733429365805431,1.6892857142857147
2014-04-03,89.9,90.35,89.85,90.25,69860,17:25,17:20,True,160185.14285714287,0.4361203464562435,1.6785714285714295
2014-04-04,90.25,90.45,90.2,90.4,62079,17:25,17:20,True,128798.35714285714,0.4819859614447167,1.4750000000000014
2014-04-07,89.45,89.8,89.4,89.6,88334,17:25,17:20,True,126765.42857142857,0.6968303660980123,1.4357142857142873
2014-04-08,89.75,90.1,89.7,90.1,61666,17:25,17:20,True,129383.14285714286,0.4766154124736939,1.3857142857142872
2014-04-09,89.8,90.25,89.8,90.1,85994,17:25,17:20,True,130643.0,0.6582365683580444,1.4000000000000017
2014-04-10,90.15,90.3,90.15,90.2,78205,17:25,17:20,True,126745.42857142857,0.6170242262893675,1.3714285714285737
2014-04-11,87.8,87.8,87.55,87.55,221091,17:25,17:20,True,125639.71428571429,1.7597222443312965,1.4214285714285728
2014-04-14,87.05,87.8,87.0,87.55,221321,17:25,17:20,True,126897.0,1.7440995453005192,1.489285714285715
2014-04-15,88.0,88.0,87.85,87.95,34665,17:25,17:20,True,124763.14285714286,0.2778464793860824,1.510714285714285
2014-04-16,86.4,86.6,86.4,86.5,178395,17:25,17:20,True,101676.5,1.7545352170855606,1.3785714285714274
2014-04-22,87.15,87.2,86.85,87.15,188564,17:25,17:20,True,107757.21428571429,1.749896758652553,1.3642857142857139
2014-04-23,88.65,88.7,88.4,88.55,28771,17:25,17:20,True,109971.07142857143,0.26162334899762596,1.4571428571428566
2014-04-24,87.85,88.3,87.85,88.2,78217,17:25,17:20,True,105952.0,0.7382305194805194,1.4285714285714275
2014-04-25,89.7,89.75,88.25,88.25,203335,17:25,17:20,True,104055.21428571429,1.954106782594131,1.414285714285713
2014-04-28,88.6,88.9,88.6,88.6,101180,17:25,17:20,True,114321.21428571429,0.8850500813184904,1.5107142857142841
2014-04-29,87.8,88.25,87.8,88.2,113712,17:25,17:20,True,116558.35714285714,0.9755799823141933,1.5642857142857127
2014-05-02,89.9,89.9,89.6,89.75,121090,17:25,17:20,True,120246.42857142857,1.0070153553714098,1.6678571428571414
2014-05-05,89.25,89.4,89.25,89.35,24853,17:25,17:20,True,122586.14285714286,0.20273906512388373,1.6714285714285708
2014-05-06,89.3,89.4,89.2,89.35,42426,17:25,17:20,True,119956.64285714286,0.3536777871528582,1.6785714285714266
2014-05-07,88.7,88.75,88.1,88.2,71273,17:25,17:20,True,116844.64285714286,0.6099808964895389,1.6785714285714266
2014-05-08,87.85,88.2,87.85,88.2,97831,17:25,17:20,True,116349.5,0.8408373048444557,1.624999999999999
2014-05-09,88.65,88.75,88.6,88.7,35249,17:25,17:20,True,107545.21428571429,0.3277598192919523,1.5821428571428566
2014-05-12,87.6,87.8,87.55,87.7,110639,17:25,17:20,True,94254.35714285714,1.1738343282349206,1.596428571428571
2014-05-13,87.6,87.7,87.6,87.7,99268,17:25,17:20,True,99681.07142857143,0.995856069536056,1.5142857142857145
2014-05-14,88.15,88.15,88.05,88.05,34647,17:25,17:20,True,94029.14285714286,0.3684708692138,1.510714285714285
2014-05-15,88.1,88.25,87.9,87.9,38267,17:25,17:20,True,83035.07142857143,0.46085346037087593,1.4178571428571425
2014-05-16,87.8,87.8,87.4,87.5,141038,17:25,17:20,True,83713.35714285714,1.6847729539662128,1.4142857142857141
2014-05-19,88.55,88.55,88.25,88.25,34889,17:25,17:20,True,88200.57142857143,0.39556433064897534,1.403571428571429
2014-05-20,88.1,88.1,87.95,88.05,68081,17:25,17:20,True,76168.71428571429,0.8938184218867513,1.3571428571428572
2014-05-21,88.6,88.65,88.35,88.4,45072,17:25,17:20,True,73804.5,0.6106944698493995,1.3000000000000003
2014-05-22,88.15,88.85,88.15,88.75,209563,17:25,17:20,True,68901.64285714286,3.0414804540219342,1.203571428571428
2014-05-23,88.25,88.45,88.25,88.3,37154,17:25,17:20,True,75221.14285714286,0.49393027796136346,1.2428571428571422
2014-05-26,89.0,89.15,88.95,89.0,58738,17:25,17:20,True,76099.78571428571,0.7718549986530843,1.2321428571428572
2014-05-27,88.95,89.1,88.95,89.05,34427,17:25,17:20,True,77264.92857142857,0.44557085131028773,1.1892857142857136
2014-05-30,89.05,89.2,89.05,89.15,58381,17:25,17:20,True,74633.07142857143,0.7822403511273727,1.164285714285713
2014-06-02,91.0,91.2,90.95,91.1,82722,17:25,17:20,True,71815.21428571429,1.151872911927735,1.2071428571428566
2014-06-03,91.45,91.55,91.25,91.5,144681,17:25,17:20,True,75206.14285714286,1.923792319396402,1.171428571428572
2014-06-04,91.25,91.4,91.2,91.4,47565,17:25,17:20,True,77637.71428571429,0.6126532760219627,1.1500000000000006
2014-06-05,91.95,91.95,91.85,91.9,57267,17:25,17:20,True,73944.64285714286,0.7744577265811781,1.1785714285714295
2014-06-09,93.2,93.5,93.1,93.35,304833,17:25,17:20,True,75560.35714285714,4.034298030429789,1.2000000000000017
2014-06-10,92.95,93.1,92.9,93.1,107369,17:25,17:20,True,94600.78571428571,1.134969431694542,1.2000000000000017
2014-06-11,92.35,92.55,92.3,92.55,60442,17:25,17:20,True,92195.85714285714,0.6555826028749355,1.1714285714285728
2014-06-12,91.95,92.1,91.9,92.0,36934,17:25,17:20,True,94021.07142857143,0.3928268359296358,1.1357142857142881
2014-06-13,91.75,91.85,91.7,91.85,39793,17:25,17:20,True,91796.28571428571,0.43349248491224357,1.1285714285714303
2014-06-16,91.25,91.4,91.2,91.25,31133,17:25,17:20,True,91419.21428571429,0.34055204087293306,1.1714285714285728
2014-06-17,90.4,90.75,90.35,90.75,58967,17:25,17:20,True,78674.21428571429,0.7495085973894151,1.192857142857145
2014-06-18,90.55,90.85,90.55,90.7,37052,17:25,17:20,True,80232.28571428571,0.4618091042793603,1.2178571428571447
2014-06-19,90.7,90.95,90.7,90.95,41342,17:25,17:20,True,78683.28571428571,0.5254228979471044,1.250000000000002
2014-06-23,90.35,90.35,90.1,90.1,251042,17:25,17:20,True,79177.21428571429,3.1706344087088545,1.250000000000002
2014-06-24,90.6,90.6,90.25,90.5,51102,17:25,17:20,True,92938.71428571429,0.5498462120199025,1.2321428571428592
2014-06-25,90.35,90.55,90.3,90.55,56103,17:25,17:20,True,90680.14285714286,0.6186911294172137,1.1928571428571442
2014-06-26,90.05,90.3,89.9,90.1,53137,17:25,17:20,True,84353.14285714286,0.6299350350228292,1.2535714285714303
2014-06-27,89.6,89.65,89.5,89.5,28770,17:25,17:20,True,84751.14285714286,0.33946444885698973,1.2714285714285734
2014-06-30,89.8,89.8,89.7,89.7,36943,17:25,17:20,True,82715.64285714286,0.4466265233990116,1.2428571428571442
2014-07-01,89.3,89.55,89.3,89.4,41534,17:25,17:20,True,63580.642857142855,0.6532491357994179,1.2071428571428586
2014-07-02,90.25,90.45,90.2,90.25,63236,17:25,17:20,True,58878.142857142855,1.0740148539234788,1.182142857142858
2014-07-03,90.55,90.8,90.55,90.6,47292,17:25,17:20,True,59077.71428571428,0.8005049039521792,1.171428571428572
2014-07-04,91.45,91.5,91.25,91.25,41010,17:25,17:20,True,59817.57142857143,0.6855845033590225,1.182142857142858
2014-07-07,90.85,90.85,90.8,90.8,44912,17:25,17:20,True,59904.5,0.7497266482484621,1.1214285714285726
2014-07-08,90.95,91.05,90.95,91.0,23924,17:25,17:20,True,60888.71428571428,0.3929135354663426,1.0464285714285728
2014-07-09,89.65,89.8,89.6,89.6,121818,17:25,17:20,True,58385.642857142855,2.0864375904546004,1.0750000000000017
2014-07-10,89.5,89.55,89.2,89.2,32851,17:25,17:20,True,64440.357142857145,0.5097892292429876,1.0642857142857156
2014-07-11,88.25,88.35,88.15,88.3,93942,17:25,17:20,True,63833.857142857145,1.4716641638897405,1.1357142857142872
2014-07-14,90.8,91.25,90.2,90.25,390114,17:25,17:20,True,52612.42857142857,7.414863951211962,1.1285714285714294
2014-07-15,90.7,90.7,90.5,90.5,97446,17:25,17:20,True,76827.57142857143,1.2683727753987128,1.1857142857142864
2014-07-16,90.8,91.0,90.8,90.85,30154,17:25,17:20,True,79780.64285714286,0.3779613565410156,1.153571428571429
2014-07-17,92.15,92.4,92.05,92.2,60551,17:25,17:20,True,78139.0,0.7749139354227722,1.1857142857142864
2014-07-18,91.05,91.05,90.55,90.6,104562,17:25,17:20,True,80409.07142857143,1.3003756683458778,1.2285714285714289
2014-07-21,91.15,91.35,91.15,91.35,45777,17:25,17:20,True,85239.0,0.5370429028965614,1.2714285714285711
2014-07-22,91.55,92.0,91.45,91.8,81495,17:25,17:20,True,85542.07142857143,0.9526891112059311,1.289285714285715
2014-07-23,92.35,92.5,92.35,92.5,17268,17:25,17:20,True,86846.28571428571,0.19883406478441384,1.3428571428571436
2014-07-24,93.15,93.25,93.05,93.15,86507,17:25,17:20,True,84701.71428571429,1.0213134495506921,1.3250000000000008
2014-07-25,93.65,93.75,93.55,93.6,27207,17:25,17:20,True,87951.5,0.3093409435882276,1.392857142857144
2014-07-28,94.05,94.3,94.05,94.3,44027,17:25,17:20,True,86686.85714285714,0.5078855255698672,1.4000000000000006
2014-07-29,93.75,94.0,93.75,94.0,26616,17:25,17:20,True,88122.78571428571,0.30203312099432694,1.3892857142857145
2014-07-30,93.75,93.75,93.55,93.55,18021,17:25,17:20,True,81322.64285714286,0.22159879913958247,1.392857142857144
2014-07-31,93.75,93.85,93.65,93.85,31577,17:25,17:20,True,80263.35714285714,0.39341738402241905,1.3000000000000012
2014-08-01,92.45,92.85,92.45,92.8,47651,17:25,17:20,True,75808.71428571429,0.6285688980347152,1.2964285714285728
2014-08-04,91.55,91.6,91.3,91.55,61468,17:25,17:20,True,51347.07142857143,1.1971081950702434,1.346428571428573
2014-08-05,91.25,91.35,91.2,91.2,15599,17:25,17:20,True,48777.21428571428,0.3198009609287709,1.3535714285714298
2014-08-06,90.1,90.1,89.65,89.85,104828,17:25,17:20,True,47737.57142857143,2.1959223492726605,1.3214285714285714
2014-08-07,88.8,88.9,88.7,88.75,59126,17:25,17:20,True,50900.21428571428,1.1616061116778909,1.3821428571428567
2014-08-08,87.1,87.25,86.6,86.85,126988,17:25,17:20,True,47654.78571428572,2.664748106546037,1.3964285714285711
2014-08-11,88.45,88.7,88.3,88.6,103606,17:25,17:20,True,53455.57142857143,1.9381702829318874,1.4392857142857136
2014-08-12,88.75,88.75,88.4,88.4,50359,17:25,17:20,True,55034.92857142857,0.91503707385829,1.403571428571428
2014-08-13,89.05,89.7,89.05,89.4,174347,17:25,17:20,True,57398.57142857143,3.0374797779934792,1.4071428571428564
2014-08-14,89.7,89.8,89.45,89.8,61755,17:25,17:20,True,63672.857142857145,0.9698795180722891,1.4357142857142844
2014-08-15,89.75,89.95,89.55,89.9,108617,17:25,17:20,True,66140.57142857143,1.642214417776856,1.4357142857142844
2014-08-18,90.5,90.65,90.3,90.5,106156,17:25,17:20,True,70754.14285714286,1.5003503076044007,1.3999999999999997
2014-08-19,91.2,91.4,91.1,91.1,59554,17:25,17:20,True,76435.57142857143,0.7791398544806176,1.4178571428571414
2014-08-20,91.1,91.15,91.05,91.15,28468,17:25,17:20,True,79402.21428571429,0.35852904426019067,1.4107142857142847
2014-08-21,90.75,90.75,90.45,90.6,28724,17:25,17:20,True,79180.14285714286,0.36276772134427643,1.392857142857142
2014-08-22,91.65,91.75,91.6,91.7,24409,17:25,17:20,True,77828.21428571429,0.3136266227359707,1.346428571428571
2014-08-25,91.85,92.0,91.85,91.95,140815,17:25,17:20,True,75181.14285714286,1.8730095692688897,1.328571428571428
2014-08-26,91.65,91.75,91.55,91.65,75227,17:25,17:20,True,84125.14285714286,0.8942273076165441,1.2821428571428573
2014-08-27,91.7,91.75,91.6,91.65,49351,17:25,17:20,True,82010.78571428571,0.6017623117516773,1.1750000000000003
2014-08-28,91.8,91.85,91.7,91.7,27446,17:25,17:20,True,81312.57142857143,0.33753698250841546,1.1071428571428572
2014-08-29,91.05,91.05,91.0,91.05,22335,17:25,17:20,True,74202.42857142857,0.30100092988870214,1.0714285714285705
2014-09-01,91.3,91.4,91.15,91.4,40819,17:25,17:20,True,68397.35714285714,0.5967920648563071,1.0607142857142844
2014-09-02,91.3,91.45,91.1,91.15,64663,17:25,17:20,True,67715.92857142857,0.9549156507806246,1.0892857142857133
2014-09-03,91.35,91.35,91.25,91.25,80779,17:25,17:20,True,59881.357142857145,1.3489841221749197,0.9964285714285707
2014-09-04,91.7,91.8,91.55,91.55,29794,17:25,17:20,True,61240.21428571428,0.48651038125041557,1.0178571428571408
2014-09-05,91.4,91.45,91.2,91.25,54987,17:25,17:20,True,55610.0,0.9887969789606186,1.010714285714283
2014-09-08,90.3,90.4,90.2,90.2,22632,17:25,17:20,True,51955.07142857143,0.4356071385853987,1.0214285714285691
2014-09-09,89.9,90.0,89.75,89.9,21781,17:25,17:20,True,49317.78571428572,0.441645943436807,1.039285714285711
2014-09-10,89.35,89.4,89.1,89.1,31073,17:25,17:20,True,48840.142857142855,0.6362184502794832,0.9964285714285686
2014-09-11,90.4,90.55,90.4,90.55,51156,17:25,17:20,True,49007.92857142857,1.0438311002155627,0.9821428571428541
2014-09-12,89.1,89.35,89.1,89.35,86403,17:25,17:20,True,50918.42857142857,1.6968905448209881,1.0464285714285688
2014-09-15,89.35,89.45,88.85,88.9,204854,17:25,17:20,True,47031.857142857145,4.355643439249384,1.0642857142857116
2014-09-16,89.9,89.9,89.8,89.8,29165,17:25,17:20,True,56290.92857142857,0.518111900801068,1.1321428571428547
2014-09-17,90.7,90.7,90.3,90.35,212500,17:25,17:20,True,54849.07142857143,3.874267958697048,1.1321428571428547
2014-09-18,91.6,91.8,91.5,91.8,91760,17:25,17:20,True,68067.21428571429,1.3480792619899866,1.1999999999999988
2014-09-19,92.25,92.45,92.15,92.2,145544,17:25,17:20,True,73026.14285714286,1.9930396746370673,1.1999999999999997
2014-09-22,92.15,92.35,92.1,92.35,103050,17:25,17:20,True,80506.5,1.2800208678802332,1.192857142857142
2014-09-23,93.75,94.0,93.7,93.7,50662,17:25,17:20,True,83248.42857142857,0.6085640398188555,1.2928571428571425
2014-09-24,94.1,94.25,94.0,94.15,71704,17:25,17:20,True,81097.21428571429,0.8841734038777094,1.317857142857143
2014-09-25,94.05,94.4,94.0,94.4,45190,17:25,17:20,True,84090.78571428571,0.5373953830511412,1.3142857142857147
2014-09-26,94.0,94.1,93.9,93.9,39961,17:25,17:20,True,83391.0,0.47920039332781716,1.3285714285714292
2014-09-29,95.45,95.75,95.45,95.5,85482,17:25,17:20,True,84628.78571428571,1.0100818448299,1.403571428571429
2014-09-30,94.9,95.15,94.85,95.15,94674,17:25,17:20,True,89178.85714285714,1.0616193460333327,1.4857142857142855
2014-10-01,95.95,95.95,95.65,95.7,114506,17:25,17:20,True,93721.78571428571,1.221765026427001,1.4928571428571422
2014-10-02,95.2,95.3,95.1,95.1,62431,17:25,17:20,True,98246.78571428571,0.6354508144577613,1.4357142857142844
2014-10-03,93.9,93.95,93.75,93.95,70343,17:25,17:20,True,96534.5,0.7286824917516536,1.5321428571428564
2014-10-06,95.55,95.8,95.35,95.55,86721,17:25,17:20,True,86926.57142857143,0.9976351140371347,1.5928571428571427
2014-10-07,95.0,95.05,94.8,94.9,54374,17:25,17:20,True,91037.71428571429,0.5972689497602249,1.6142857142857139
2014-10-08,92.45,92.45,92.0,92.0,100793,17:25,17:20,True,79743.0,1.2639730133052431,1.6464285714285702
2014-10-09,93.65,93.75,93.25,93.4,85369,17:25,17:20,True,80388.21428571429,1.06195915357173,1.692857142857141
2014-10-10,89.95,90.25,89.7,90.25,155078,17:25,17:20,True,76090.0,2.0380864765409386,1.8607142857142844
2014-10-13,88.55,88.8,88.5,88.75,115988,17:25,17:20,True,79806.28571428571,1.4533692297778191,1.8321428571428555
2014-10-14,87.85,88.15,87.85,88.15,60178,17:25,17:20,True,84472.42857142857,0.712398128214278,1.8535714285714266
2014-10-15,88.65,88.7,88.2,88.25,64458,17:25,17:20,True,83649.14285714286,0.7705757381170331,1.9107142857142847
2014-10-16,85.1,85.5,85.05,85.45,118900,17:25,17:20,True,85025.42857142857,1.3984051829872746,2.089285714285713
2014-10-17,83.75,83.95,83.55,83.85,152922,17:25,17:20,True,90663.92857142857,1.686690643231085,2.1999999999999997
2014-10-20,87.7,87.8,87.05,87.1,138508,17:25,17:20,True,95481.07142857143,1.4506330723741054,2.385714285714286
2014-10-21,88.0,88.65,87.8,88.45,366497,17:25,17:20,True,98612.07142857143,3.7165531023802503,2.3892857142857147
2014-10-22,91.35,91.5,90.9,91.2,78652,17:25,17:20,True,116611.42857142857,0.6744793453226834,2.5214285714285722
2014-10-23,90.8,90.9,89.45,89.45,168854,17:25,17:20,True,117770.07142857143,1.433759850459218,2.4214285714285717
2014-10-24,89.7,89.7,89.15,89.25,86994,17:25,17:20,True,124806.57142857143,0.6970306050734507,2.4392857142857145
2014-10-27,91.8,91.9,91.55,91.55,201200,17:25,17:20,True,124826.07142857143,1.6118427640745836,2.4964285714285714
2014-10-28,91.2,91.4,91.0,91.15,99502,17:25,17:20,True,135313.64285714287,0.7353434428267448,2.4857142857142867
2014-10-29,92.65,92.8,92.5,92.75,113945,17:25,17:20,True,135221.42857142858,0.8426549046537425,2.5142857142857156
2014-10-30,92.7,92.95,92.5,92.9,243763,17:25,17:20,True,137262.57142857142,1.7758883391372948,2.3500000000000005
2014-11-03,94.65,94.8,94.3,94.35,154798,17:25,17:20,True,143597.2142857143,1.078001413676449,2.3892857142857147
2014-11-04,93.65,93.95,93.45,93.95,74673,17:25,17:20,True,146369.35714285713,0.5101682582859117,2.3821428571428576
2014-11-05,94.4,94.6,94.2,94.45,109142,17:25,17:20,True,147404.7142857143,0.7404240802532968,2.3285714285714283
2014-11-06,94.05,94.1,93.65,93.7,47607,17:25,17:20,True,150596.42857142858,0.316123034600517,2.114285714285714
2014-11-07,93.95,93.95,93.75,93.85,36805,17:25,17:20,True,145504.07142857142,0.25294824837989316,1.9821428571428572
2014-11-10,93.15,93.15,92.65,92.65,86177,17:25,17:20,True,137210.0,0.62806646745864,1.7678571428571428
2014-11-11,92.7,92.75,92.6,92.65,42785,17:25,17:20,True,133472.07142857142,0.3205539521644175,1.7464285714285717
2014-11-12,92.1,92.15,91.7,91.7,66249,17:25,17:20,True,110349.78571428571,0.6003545867459126,1.6321428571428567
2014-11-13,91.6,91.7,91.45,91.6,56022,17:25,17:20,True,109463.85714285714,0.5117853642493869,1.6571428571428573
2014-11-14,92.95,93.0,92.75,92.8,123741,17:25,17:20,True,101404.42857142857,1.2202721492862387,1.5892857142857142
2014-11-17,92.0,92.2,91.65,91.9,95302,17:25,17:20,True,104029.21428571429,0.9161080438256012,1.5321428571428573
2014-11-18,93.0,93.0,92.75,92.75,52950,17:25,17:20,True,96465.07142857143,0.548903341031654,1.471428571428571
2014-11-19,93.4,93.45,93.1,93.2,90462,17:25,17:20,True,93139.92857142857,0.9712483291269128,1.4178571428571425
2014-11-20,93.7,93.8,93.45,93.45,81179,17:25,17:20,True,91462.57142857143,0.8875652491729638,1.3964285714285711
2014-11-21,93.65,94.05,93.65,94.05,106852,17:25,17:20,True,79849.42857142857,1.33816862451829,1.3000000000000003
2014-11-24,95.25,95.3,95.15,95.3,74752,17:25,17:20,True,76424.71428571429,0.978112914109684,1.3035714285714286
2014-11-25,97.45,97.65,97.45,97.65,72654,17:25,17:20,True,76430.35714285714,0.9505908740449989,1.3928571428571428
2014-11-26,98.45,98.85,98.4,98.65,110869,17:25,17:20,True,73824.07142857143,1.5018001290713345,1.4107142857142858
2014-11-27,97.9,98.25,97.9,98.2,24564,17:25,17:20,True,78342.78571428571,0.3135451436407218,1.3964285714285702
2014-11-28,98.55,98.75,98.5,98.5,41561,17:25,17:20,True,77468.42857142857,0.5364895192327197,1.3499999999999983
2014-12-01,98.2,98.25,98.0,98.25,101013,17:25,17:20,True,74281.57142857143,1.3598662233086074,1.317857142857141
2014-12-02,98.4,98.5,98.0,98.0,54855,17:25,17:20,True,78440.71428571429,0.699317956236284,1.3142857142857136
2014-12-03,98.0,98.3,98.0,98.3,32297,17:25,17:20,True,77626.85714285714,0.4160544583244385,1.289285714285713
2014-12-04,99.8,99.85,99.5,99.85,75046,17:25,17:20,True,75932.21428571429,0.9883288760369916,1.3035714285714275
2014-12-05,98.65,98.95,98.65,98.85,144869,17:25,17:20,True,72454.0,1.999461727440859,1.392857142857142
2014-12-08,99.75,100.0,99.4,99.75,79255,17:25,17:20,True,75994.5,1.042904420714657,1.4571428571428566
2014-12-09,99.25,99.4,99.15,99.4,118132,17:25,17:20,True,77873.42857142857,1.516974431036444,1.4392857142857127
2014-12-10,99.2,99.5,99.1,99.5,192085,17:25,17:20,True,79849.85714285714,2.4055772530230843,1.5107142857142841
2014-12-11,99.2,99.6,99.2,99.55,71180,17:25,17:20,True,87771.71428571429,0.810967412215455,1.5321428571428553
2014-12-12,98.55,98.75,98.55,98.65,36836,17:25,17:20,True,85223.71428571429,0.432227113177754,1.5035714285714274
2014-12-15,96.75,97.1,96.25,96.7,144191,17:25,17:20,True,82515.42857142857,1.7474429024528748,1.4749999999999983
2014-12-16,95.0,95.55,95.0,95.2,95002,17:25,17:20,True,87625.21428571429,1.084185651064232,1.5571428571428558
2014-12-17,94.1,94.5,93.9,94.5,200279,17:25,17:20,True,86491.85714285714,2.3155821439838267,1.6607142857142847
2014-12-18,96.05,96.25,95.85,96.05,125600,17:25,17:20,True,99042.92857142857,1.2681369766789439,1.703571428571428
2014-12-19,98.05,98.4,98.0,98.05,172153,17:25,17:20,True,105045.71428571429,1.638838872871675,1.8250000000000008
2014-12-22,97.35,97.55,97.3,97.45,46083,17:25,17:20,True,110127.14285714286,0.4184526975314247,1.8928571428571428
2014-12-23,98.1,98.35,98.05,98.15,18151,17:25,17:20,True,109500.57142857143,0.16576169204596453,1.9285714285714286
2014-12-29,98.85,99.05,98.65,98.85,85009,17:25,17:20,True,108490.14285714286,0.783564273778658,1.8642857142857139
2014-12-30,99.7,99.7,99.3,99.3,63095,17:25,17:20,True,109201.78571428571,0.5777835919742286,1.8214285714285714
2015-01-02,99.9,100.2,99.9,100.2,51597,17:25,17:20,True,103360.78571428571,0.49919318669487117,1.6999999999999997
2015-01-07,96.85,97.05,96.3,96.9,372480,17:25,17:20,True,101385.21428571429,3.6739084946875176,1.721428571428572
2015-01-08,95.5,95.65,95.2,95.4,198821,17:25,17:20,True,119552.92857142857,1.663037471149957,1.9500000000000008
2015-01-09,95.0,95.05,94.7,94.7,117912,17:25,17:20,True,120034.07142857143,0.982321090975955,1.960714285714287
2015-01-12,94.2,94.35,94.05,94.25,79923,17:25,17:20,True,123372.07142857143,0.647820848548149,2.057142857142858
2015-01-13,93.5,93.7,93.35,93.7,46816,17:25,17:20,True,126449.71428571429,0.37023413033752545,2.035714285714287
2015-01-14,93.4,93.6,93.25,93.4,184246,17:25,17:20,True,119494.35714285714,1.5418803398367287,1.932142857142858
2015-01-15,92.95,93.4,92.95,93.2,56140,17:25,17:20,True,125868.92857142857,0.44601952711579224,1.857142857142858
2015-01-16,94.65,94.65,94.3,94.6,62456,17:25,17:20,True,115573.28571428571,0.5404016993546458,1.9642857142857142
2015-01-19,96.6,96.65,96.5,96.55,48582,17:25,17:20,True,111063.0,0.43742740606682695,1.932142857142857
2015-01-20,96.85,97.1,96.85,97.0,15768,17:25,17:20,True,102236.5,0.15423063191717243,1.8500000000000003
2015-01-21,97.9,97.95,97.8,97.85,37378,17:25,17:20,True,100071.14285714286,0.37351427127557824,1.8428571428571436
2015-01-22,98.85,98.9,98.65,98.9,75397,17:25,17:20,True,101444.5,0.7432339850854408,1.914285714285715
2015-01-23,102.0,102.4,101.8,102.0,172143,17:25,17:20,True,100757.92857142857,1.7084809348573067,2.017857142857143
2015-01-26,99.7,99.7,99.1,99.2,94873,17:25,17:20,True,108547.07142857143,0.8740263440679784,2.1678571428571436
2015-01-27,100.7,101.0,100.6,100.9,78884,17:25,17:20,True,111638.21428571429,0.7066039214682632,2.2250000000000005
2015-01-28,101.5,102.1,101.2,102.1,297743,17:25,17:20,True,90667.07142857143,3.283915486721829,1.9392857142857147
2015-01-29,97.5,98.0,96.55,97.35,1089910,17:25,17:20,True,97732.92857142857,11.151922038266092,2.0321428571428575
2015-01-30,100.7,100.7,100.4,100.6,116551,17:25,17:20,True,167161.35714285713,0.6972365024554975,2.260714285714286
2015-02-02,100.0,100.3,100.0,100.2,133745,17:25,17:20,True,169777.64285714287,0.7877656783852156,2.2428571428571433
2015-02-03,100.4,100.4,100.2,100.3,71669,17:25,17:20,True,175986.85714285713,0.4072406380995984,2.2749999999999995
2015-02-04,101.0,101.1,100.7,100.7,134480,17:25,17:20,True,167945.64285714287,0.8007352719140843,2.2571428571428567
2015-02-05,98.85,99.1,98.75,98.75,88909,17:25,17:20,True,173541.35714285713,0.512321682069198,2.2250000000000005
2015-02-06,99.2,99.25,99.0,99.05,59266,17:25,17:20,True,175430.85714285713,0.3378311031778088,2.1321428571428567
2015-02-09,100.0,100.0,99.75,99.85,102717,17:25,17:20,True,176194.0,0.5829767188440015,2.1749999999999994
2015-02-10,99.55,99.55,99.2,99.2,55599,17:25,17:20,True,182404.64285714287,0.30481132020057444,2.232142857142855
2015-02-11,99.75,99.8,99.65,99.75,44918,17:25,17:20,True,183706.14285714287,0.24451005993267197,2.228571428571427
2015-02-12,99.25,99.35,99.1,99.25,33167,17:25,17:20,True,181529.07142857142,0.18270902692878394,2.09642857142857
2015-02-13,100.0,100.2,99.85,99.9,82878,17:25,17:20,True,171602.2142857143,0.4829657958959071,1.982142857142856
2015-02-16,100.9,101.0,100.8,101.0,42865,17:25,17:20,True,170745.42857142858,0.25104625265014413,1.9464285714285705
2015-02-17,100.9,100.9,100.6,100.8,76493,17:25,17:20,True,168172.64285714287,0.4548480579268668,1.9499999999999988
2015-02-18,101.2,101.5,101.1,101.4,117214,17:25,17:20,True,152369.07142857142,0.7692768545547536,1.8499999999999983
2015-02-19,101.3,101.4,101.2,101.4,60025,17:25,17:20,True,82890.78571428571,0.7241456270772816,1.5035714285714263
2015-02-20,101.4,101.4,101.1,101.3,107665,17:25,17:20,True,78853.21428571429,1.365385050885687,1.471428571428569
2015-02-23,101.8,102.1,101.7,101.8,219345,17:25,17:20,True,76990.35714285714,2.848993148492622,1.4571428571428555
2015-02-24,102.4,102.4,102.2,102.4,88990,17:25,17:20,True,87538.64285714286,1.016579616675411,1.4357142857142844
2015-02-25,104.0,104.4,104.0,104.4,77963,17:25,17:20,True,84289.35714285714,0.9249447693362405,1.4321428571428558
2015-02-26,103.6,104.0,103.5,103.9,65978,17:25,17:20,True,83507.5,0.7900847229290783,1.4749999999999994
2015-02-27,104.9,105.0,104.7,104.9,54859,17:25,17:20,True,83986.92857142857,0.6531849769139246,1.4749999999999994
2015-03-02,105.3,105.5,105.2,105.5,42439,17:25,17:20,True,80568.5,0.5267443231535898,1.4107142857142858
2015-03-03,106.0,106.5,106.0,106.5,72297,17:25,17:20,True,79628.5,0.9079286938721689,1.3785714285714283
2015-03-04,106.0,106.2,105.7,106.0,110682,17:25,17:20,True,81584.14285714286,1.3566606956183713,1.364285714285715
2015-03-05,106.9,107.1,106.8,106.9,40390,17:25,17:20,True,87120.92857142857,0.4636084654089185,1.385714285714285
2015-03-06,105.8,106.0,105.7,105.8,46412,17:25,17:20,True,84086.07142857143,0.5519582400686371,1.385714285714285
2015-03-09,105.2,105.2,104.5,104.5,77005,17:25,17:20,True,84339.42857142857,0.913036776562733,1.385714285714285
2015-03-10,105.3,105.4,105.0,105.1,78098,17:25,17:20,True,84376.0,0.9255949559116337,1.4214285714285708
2015-03-11,106.1,106.3,106.0,106.2,272406,17:25,17:20,True,81582.0,3.339045377656836,1.4357142857142853
2015-03-12,107.8,107.8,107.5,107.5,73289,17:25,17:20,True,96752.07142857143,0.7574928259195631,1.5428571428571434
2015-03-13,107.3,107.4,107.2,107.3,71451,17:25,17:20,True,94296.64285714286,0.7577258090539506,1.5642857142857147
2015-03-16,106.5,106.8,106.5,106.6,49528,17:25,17:20,True,83732.78571428571,0.5915006837226244,1.5785714285714292
2015-03-17,107.8,107.8,107.5,107.6,40060,17:25,17:20,True,80914.07142857143,0.49509311906722914,1.5142857142857145
2015-03-18,107.2,107.7,107.2,107.5,66756,17:25,17:20,True,78206.71428571429,0.8535839999123203,1.5
2015-03-19,108.0,108.5,107.9,108.4,95263,17:25,17:20,True,78262.28571428571,1.217227418424492,1.4571428571428566
2015-03-20,108.6,108.8,108.5,108.6,99757,17:25,17:20,True,81148.28571428571,1.2293174048215085,1.471428571428571
2015-03-23,111.0,111.1,110.7,111.1,106522,17:25,17:20,True,85242.42857142857,1.2496359123642318,1.5714285714285705
2015-03-24,110.1,110.3,110.0,110.3,79139,17:25,17:20,True,87687.07142857143,0.9025161715483386,1.5928571428571416
2015-03-25,111.5,111.5,110.8,110.9,118624,17:25,17:20,True,85434.0,1.3884870192195145,1.5714285714285705
2015-03-26,105.0,105.0,104.1,104.2,332950,17:25,17:20,True,91022.14285714286,3.657901138655429,1.607142857142856
2015-03-27,104.1,104.3,104.1,104.3,61180,17:25,17:20,True,111489.14285714286,0.5487529855565693,2.028571428571428
2015-03-30,102.9,103.0,102.6,102.9,43770,17:25,17:20,True,110358.78571428571,0.3966154549155579,2.0499999999999994
2015-03-31,103.6,103.7,103.2,103.4,83856,17:25,17:20,True,107906.78571428571,0.7771151688461272,2.057142857142856
2015-04-01,100.8,100.9,100.6,100.6,125518,17:25,17:20,True,94438.92857142857,1.329091741072273,2.1214285714285697
2015-04-07,103.4,103.7,103.2,103.5,208800,17:25,17:20,True,98169.57142857143,2.1269319704825613,2.17142857142857
2015-04-08,102.5,102.7,102.5,102.7,86239,17:25,17:20,True,107980.21428571429,0.7986555738055185,2.1785714285714275
2015-04-09,101.9,102.4,101.8,102.2,170598,17:25,17:20,True,110602.42857142857,1.5424435268148338,2.22142857142857
2015-04-10,102.0,102.1,101.9,101.9,119563,17:25,17:20,True,119926.57142857143,0.9969683830343805,2.22142857142857
2015-04-13,101.3,101.6,101.3,101.5,147366,17:25,17:20,True,123698.5,1.1913321503494383,2.22142857142857
2015-04-14,100.7,101.0,100.7,100.8,114799,17:25,17:20,True,127420.14285714286,0.9009486053449723,2.2357142857142844
2015-04-15,101.8,102.0,101.7,102.0,75369,17:25,17:20,True,128494.57142857143,0.5865539622574383,2.1499999999999986
2015-04-16,102.9,103.0,102.6,102.6,61074,17:25,17:20,True,126269.35714285714,0.48368029569440835,2.1499999999999977
2015-04-17,101.5,101.5,101.2,101.4,27566,17:25,17:20,True,124979.0,0.22056505492922812,2.199999999999998
2015-04-20,100.8,101.5,100.8,101.3,78297,17:25,17:20,True,118474.85714285714,0.6608743989080262,2.17142857142857
2015-04-21,103.0,103.4,102.9,103.1,178644,17:25,17:20,True,100285.35714285714,1.7813567712135727,1.7928571428571414
2015-04-22,105.0,105.5,104.9,105.3,133303,17:25,17:20,True,108675.64285714286,1.2266134020042605,1.8214285714285705
2015-04-23,108.5,109.8,108.2,108.3,1348373,17:25,17:20,True,115070.85714285714,11.717762720112825,1.9071428571428564
2015-04-24,106.3,106.9,106.3,106.7,93761,17:25,17:20,True,205393.5,0.45649448497639894,2.057142857142856
2015-04-27,107.2,107.9,107.2,107.4,142268,17:25,17:20,True,203125.14285714287,0.7003958151062398,1.999999999999999
2015-04-28,108.0,108.5,108.0,108.1,129579,17:25,17:20,True,198372.85714285713,0.653209324432346,2.0142857142857125
2015-04-29,108.5,109.3,108.5,108.9,105539,17:25,17:20,True,201468.57142857142,0.5238484556258332,1.999999999999999
2015-05-04,106.1,107.2,105.8,106.1,128387,17:25,17:20,True,196821.5,0.652301704844237,2.114285714285713
2015-05-05,103.6,103.8,103.5,103.6,44451,17:25,17:20,True,197451.7857142857,0.22512331220098938,2.307142857142856
2015-05-06,100.5,100.5,100.0,100.3,172206,17:25,17:20,True,190100.7142857143,0.9058671906996667,2.435714285714284
2015-05-07,99.9,100.1,99.85,100.1,122164,17:25,17:20,True,194201.2142857143,0.6290588884798057,2.432142857142856
2015-05-08,102.0,102.3,101.3,101.5,160955,17:25,17:20,True,197543.7142857143,0.8147816830415835,2.517857142857142
2015-05-11,100.8,101.3,100.7,100.8,94592,17:25,17:20,True,204678.07142857142,0.4621501430992852,2.560714285714284
2015-05-12,100.7,100.8,100.3,100.5,109146,17:25,17:20,True,209465.64285714287,0.5210687466986573,2.589285714285712
2015-05-15,102.1,103.0,102.1,102.5,297815,17:25,17:20,True,211669.14285714287,1.4069835403500341,2.5928571428571408
2015-05-18,101.8,102.0,101.1,101.1,67885,17:25,17:20,True,220181.35714285713,0.30831402295315646,2.5714285714285694
2015-05-19,101.5,101.7,101.4,101.7,111918,17:25,17:20,True,215508.64285714287,0.5193202393937797,2.521428571428569
2015-05-20,102.0,102.5,102.0,102.2,153980,17:25,17:20,True,127190.42857142857,1.2106256872428631,2.2357142857142835
2015-05-21,102.6,102.7,102.3,102.4,57228,17:25,17:20,True,131491.7857142857,0.4352211028934453,2.1999999999999966
2015-05-22,102.4,102.4,102.2,102.3,54488,17:25,17:20,True,125417.5,0.43445292722307494,2.1571428571428544
2015-05-25,103.3,103.5,103.2,103.5,22879,17:25,17:20,True,120053.85714285714,0.1905728024446171,2.1785714285714257
2015-05-26,105.0,105.5,104.7,105.5,305915,17:25,17:20,True,114149.57142857143,2.6799487389352565,2.064285714285712
2015-05-27,104.8,104.9,104.6,104.7,70037,17:25,17:20,True,126830.14285714286,0.5522109998637097,1.9285714285714255
2015-05-28,105.6,106.1,105.3,106.0,92725,17:25,17:20,True,128657.71428571429,0.7207107674405177,1.8214285714285683
2015-05-29,106.8,106.8,106.5,106.7,78509,17:25,17:20,True,122980.5,0.6383857603441196,1.8321428571428544
2015-06-01,105.2,105.6,105.2,105.5,76333,17:25,17:20,True,119862.28571428571,0.6368391821089918,1.7392857142857119
2015-06-02,106.6,106.6,106.0,106.0,60135,17:25,17:20,True,113817.85714285714,0.5283441589004989,1.6678571428571405
2015-06-03,105.3,105.5,105.0,105.0,41911,17:25,17:20,True,111356.64285714286,0.3763673088974742,1.653571428571426
2015-06-04,105.1,105.2,104.7,104.7,53813,17:25,17:20,True,106554.14285714286,0.505029636174232,1.6071428571428552
2015-06-05,103.7,103.9,103.5,103.6,48211,17:25,17:20,True,89125.42857142857,0.5409342852288429,1.5928571428571405
2015-06-08,102.2,102.5,102.2,102.4,42195,17:25,17:20,True,87720.14285714286,0.4810183684802806,1.6285714285714263
2015-06-09,101.9,102.3,101.8,102.3,48060,17:25,17:20,True,82739.92857142857,0.5808561939778601,1.6285714285714274
2015-06-10,102.1,102.1,101.8,101.8,26607,17:25,17:20,True,75174.21428571429,0.3539378529301936,1.6999999999999988
2015-06-11,103.8,103.8,103.4,103.6,45618,17:25,17:20,True,72987.0,0.6250154137038103,1.7857142857142847
2015-06-12,105.1,105.2,105.0,105.0,31264,17:25,17:20,True,72353.42857142857,0.4321011542547101,1.8642857142857128
2015-06-15,104.7,105.0,104.6,104.9,147029,17:25,17:20,True,72952.35714285714,2.0154112321838227,1.892857142857142
2015-06-16,103.7,103.9,103.2,103.3,76124,17:25,17:20,True,61603.357142857145,1.2357118756282994,1.9571428571428566
2015-06-17,103.8,104.0,103.5,104.0,158765,17:25,17:20,True,62038.142857142855,2.5591513976424642,1.9928571428571422
2015-06-18,103.6,103.7,103.4,103.6,31050,17:25,17:20,True,66755.28571428571,0.46513170706653517,1.9785714285714289
2015-06-22,104.8,104.9,104.3,104.3,102940,17:25,17:20,True,63365.357142857145,1.6245469865800939,2.000000000000001
2015-06-23,109.4,109.5,109.1,109.3,111729,17:25,17:20,True,65265.857142857145,1.7119058094256239,2.3428571428571447
2015-06-24,109.8,109.9,109.4,109.9,45970,17:25,17:20,True,68951.14285714286,0.6667039601539807,2.314285714285716
2015-06-25,109.4,109.6,109.4,109.5,188116,17:25,17:20,True,69241.07142857143,2.7168268214055447,2.385714285714286
2015-06-26,108.9,109.1,108.6,108.6,63297,17:25,17:20,True,78834.14285714286,0.8029135309392776,2.3357142857142867
2015-06-29,106.0,106.3,105.5,106.0,338471,17:25,17:20,True,79911.71428571429,4.23556174492565,2.335714285714288
2015-06-30,106.1,106.5,106.1,106.4,76228,17:25,17:20,True,101074.28571428571,0.754177973767526,2.585714285714288
2015-07-01,106.6,106.6,106.2,106.6,93555,17:25,17:20,True,103086.28571428571,0.9075407009938969,2.6000000000000023
2015-07-02,107.7,107.7,107.4,107.6,47744,17:25,17:20,True,107868.28571428571,0.4426138756525816,2.607142857142859
2015-07-03,105.7,106.0,105.4,105.4,51242,17:25,17:20,True,108020.14285714286,0.4743744883560077,2.5642857142857167
2015-07-06,103.4,103.4,103.0,103.3,79261,17:25,17:20,True,109447.14285714286,0.7241943273334813,2.5928571428571447
2015-07-07,103.4,103.9,103.4,103.6,57903,17:25,17:20,True,104606.57142857143,0.5535311903376734,2.5642857142857167
2015-07-08,102.1,102.5,102.1,102.1,91353,17:25,17:20,True,103305.07142857143,0.8843031492714712,2.550000000000002
2015-07-09,102.1,102.3,102.0,102.1,55068,17:25,17:20,True,98489.92857142857,0.5591231590757286,2.535714285714287
2015-07-10,106.8,107.0,105.8,106.0,551330,17:25,17:20,True,100205.5,5.501993403555693,2.5928571428571425
2015-07-13,108.9,109.9,108.9,109.5,128753,17:25,17:20,True,132233.35714285713,0.9736801876768723,2.471428571428571
2015-07-14,110.5,110.9,109.3,109.7,846819,17:25,17:20,True,133449.35714285713,6.345620676864579,2.5785714285714283
2015-07-15,109.0,109.0,108.6,108.7,64941,17:25,17:20,True,190652.85714285713,0.34062432094232603,2.635714285714286
2015-07-16,108.9,109.4,108.9,109.3,90670,17:25,17:20,True,181854.64285714287,0.49858501589770476,2.6285714285714286
2015-07-17,109.6,109.7,109.3,109.3,31377,17:25,17:20,True,183809.85714285713,0.17070357644429143,2.5428571428571423
2015-07-20,108.5,108.8,108.5,108.6,53866,17:25,17:20,True,161874.57142857142,0.3327638153702779,2.2928571428571423
2015-07-21,108.4,108.5,108.0,108.2,97022,17:25,17:20,True,160277.2857142857,0.6053384268869754,2.2357142857142853
2015-07-22,106.5,106.8,106.5,106.6,134920,17:25,17:20,True,160524.92857142858,0.8404925091741424,2.2071428571428564
2015-07-23,106.8,107.1,106.6,107.0,58435,17:25,17:20,True,166751.7857142857,0.3504310298668894,2.099999999999999
2015-07-24,105.7,106.3,105.7,105.8,41837,17:25,17:20,True,167265.57142857142,0.2501232001462175,2.078571428571427
2015-07-27,104.5,104.6,104.2,104.2,67162,17:25,17:20,True,164592.42857142858,0.40805036162920183,2.021428571428569
2015-07-28,103.9,104.4,103.8,104.2,48089,17:25,17:20,True,165253.7857142857,0.29100089775336896,2.007142857142855
2015-07-29,104.4,104.7,104.4,104.5,14973,17:25,17:20,True,162163.5,0.0923327382549094,1.9928571428571413
2015-07-30,104.5,104.7,104.5,104.6,167002,17:25,17:20,True,159299.57142857142,1.0483518474177582,1.9285714285714275
2015-07-31,103.9,104.3,103.9,103.9,24919,17:25,17:20,True,131847.57142857142,0.18899855135746582,1.6999999999999988
2015-08-03,104.0,104.0,103.7,103.9,35238,17:25,17:20,True,124430.85714285714,0.28319342009790865,1.5714285714285705
2015-08-04,103.8,103.8,103.5,103.5,92253,17:25,17:20,True,66460.78571428571,1.3880816937162732,1.4214285714285697
2015-08-05,103.3,103.8,103.3,103.7,70789,17:25,17:20,True,68411.64285714286,1.0347507681963075,1.4499999999999977
2015-08-06,103.9,104.0,103.8,103.9,34549,17:25,17:20,True,66991.57142857143,0.5157215939745085,1.4571428571428544
2015-08-07,103.5,103.8,103.5,103.6,20137,17:25,17:20,True,67218.14285714286,0.2995768574385742,1.4071428571428544
2015-08-10,103.6,104.0,103.6,103.8,50055,17:25,17:20,True,64808.92857142857,0.7723472846003362,1.3571428571428552
2015-08-11,104.0,104.5,104.0,104.3,63305,17:25,17:20,True,61454.142857142855,1.0301176951920015,1.2999999999999983
2015-08-12,103.6,103.6,103.2,103.2,70199,17:25,17:20,True,56338.78571428572,1.2460154955416403,1.2714285714285691
2015-08-13,102.9,103.0,102.8,102.8,59252,17:25,17:20,True,57179.07142857143,1.0362532744872937,1.385714285714285
2015-08-14,102.9,103.0,102.8,102.8,19663,17:25,17:20,True,58423.0,0.33656265511870326,1.3999999999999997
2015-08-17,103.8,104.2,103.7,104.0,33448,17:25,17:20,True,55030.21428571428,0.6078115528742003,1.3357142857142859
2015-08-18,103.3,103.3,103.0,103.2,37309,17:25,17:20,True,53984.42857142857,0.6911066947876504,1.3785714285714294
2015-08-19,102.7,102.8,102.6,102.7,104181,17:25,17:20,True,55579.857142857145,1.8744380672340184,1.3428571428571436
2015-08-20,101.6,101.6,101.5,101.6,65137,17:25,17:20,True,51092.642857142855,1.2748802245780424,1.3500000000000014
2015-08-21,99.25,99.5,98.85,99.4,164554,17:25,17:20,True,53965.357142857145,3.0492524966413637,1.421428571428574
2015-08-24,95.0,95.35,94.3,95.35,361050,17:25,17:20,True,63202.21428571428,5.712616307520872,1.528571428571431
2015-08-26,96.55,96.75,95.95,95.95,104976,17:25,17:20,True,82402.0,1.273949661415985,1.9000000000000026
2015-08-27,98.75,99.35,98.7,98.7,272146,17:25,17:20,True,84843.92857142857,3.2076072452360007,2.153571428571431
2015-08-28,99.15,99.15,98.8,99.0,72955,17:25,17:20,True,101815.14285714286,0.716543708064756,2.296428571428574
2015-08-31,98.25,98.35,98.0,98.25,105257,17:25,17:20,True,105587.85714285714,0.9968665228009173,2.367857142857144
2015-09-01,98.0,98.0,97.2,97.6,136826,17:25,17:20,True,109530.85714285714,1.2492004862295818,2.367857142857145
2015-09-02,97.45,97.6,97.45,97.5,75399,17:25,17:20,True,114782.35714285714,0.6568866668782471,2.4964285714285737
2015-09-03,97.8,98.15,97.8,97.8,106465,17:25,17:20,True,115153.78571428571,0.9245462434396735,2.3607142857142867
2015-09-04,97.8,97.95,97.5,97.65,86787,17:25,17:20,True,118526.14285714286,0.7322182086411316,2.396428571428573
2015-09-07,97.15,97.4,97.1,97.2,134769,17:25,17:20,True,123320.71428571429,1.092833436625755,2.546428571428573
2015-09-08,97.2,97.35,97.1,97.35,82584,17:25,17:20,True,130557.92857142857,0.6325468005171213,2.535714285714287
2015-09-09,100.0,100.2,99.85,100.2,171610,17:25,17:20,True,133791.85714285713,1.2826640100881648,2.6321428571428576
2015-09-10,97.8,97.85,97.4,97.7,53711,17:25,17:20,True,138608.2142857143,0.38750228676408066,2.6678571428571423
2015-09-11,97.7,98.0,97.7,97.7,54757,17:25,17:20,True,137792.07142857142,0.39738861193029457,2.6321428571428567
2015-09-14,97.05,97.2,96.85,96.85,48341,17:25,17:20,True,129949.42857142857,0.3719985576806802,2.607142857142857
2015-09-15,94.95,95.15,94.9,94.95,63927,17:25,17:20,True,107613.07142857143,0.5940449347961579,2.3500000000000005
2015-09-16,96.2,96.45,96.1,96.35,66289,17:25,17:20,True,104681.0,0.6332476762736313,2.132142857142859
2015-09-17,96.2,96.3,96.0,96.25,40751,17:25,17:20,True,89976.92857142857,0.4529049907238126,2.0142857142857156
2015-09-18,96.25,96.75,96.0,96.0,45695,17:25,17:20,True,87676.64285714286,0.5211764332087142,2.0142857142857156
2015-09-21,94.25,94.25,93.65,94.0,131835,17:25,17:20,True,83422.21428571429,1.5803344604169325,2.1464285714285722
2015-09-22,94.85,94.95,94.7,94.7,111558,17:25,17:20,True,83065.71428571429,1.3430089774017129,2.0750000000000006
2015-09-23,92.9,93.25,92.85,93.25,60329,17:25,17:20,True,85648.5,0.7043789441729861,2.1214285714285728
2015-09-24,91.55,91.8,91.45,91.5,98767,17:25,17:20,True,82353.07142857143,1.1993116745580656,2.1000000000000005
2015-09-25,89.5,89.9,89.5,89.85,102219,17:25,17:20,True,83208.78571428571,1.228464027236135,2.135714285714286
2015-09-28,90.55,90.8,90.55,90.6,62424,17:25,17:20,True,80883.78571428571,0.7717739649391147,2.224999999999999
2015-09-29,87.95,88.25,87.75,88.05,192928,17:25,17:20,True,79443.78571428571,2.4284844719491683,2.2071428571428577
2015-09-30,89.15,89.5,89.0,89.25,147430,17:25,17:20,True,80966.5,1.8208765353572156,2.2428571428571433
2015-10-01,90.5,90.8,90.3,90.35,99495,17:25,17:20,True,87660.71428571429,1.1350010185373802,2.3321428571428564
2015-10-02,90.5,90.7,90.35,90.45,66732,17:25,17:20,True,90856.28571428571,0.73447862715686,2.3571428571428563
2015-10-05,91.45,91.7,91.4,91.4,78599,17:25,17:20,True,92169.92857142857,0.852761862987541,2.3035714285714275
2015-10-06,92.0,92.2,91.5,91.7,192600,17:25,17:20,True,93217.92857142857,2.066126151391785,2.3035714285714266
2015-10-07,92.35,92.5,92.0,92.25,82473,17:25,17:20,True,102240.14285714286,0.8066596709986712,2.3785714285714272
2015-10-08,92.1,92.35,92.1,92.25,51964,17:25,17:20,True,105220.28571428571,0.4938591417733137,2.3821428571428567
2015-10-09,93.85,93.95,93.65,93.75,150654,17:25,17:20,True,105668.07142857143,1.4257286800378273,2.2928571428571423
2015-10-12,94.2,94.3,94.1,94.25,159689,17:25,17:20,True,107012.28571428571,1.4922492210507206,2.3035714285714284
2015-10-13,93.9,93.9,93.2,93.45,95725,17:25,17:20,True,110450.21428571429,0.8666800749917707,2.2857142857142856
2015-10-14,91.35,91.55,91.3,91.45,76206,17:25,17:20,True,112978.5,0.6745177179728886,2.3535714285714286
2015-10-15,91.6,91.75,91.45,91.5,46643,17:25,17:20,True,111367.0,0.41882245189328976,2.1857142857142855
2015-10-16,90.65,90.8,90.55,90.75,117468,17:25,17:20,True,107397.28571428571,1.093770659274443,2.150000000000001
2015-10-19,91.75,92.35,91.75,92.25,88259,17:25,17:20,True,111329.0,0.792776365547162,2.1357142857142852
2015-10-20,93.0,93.2,92.55,92.55,131312,17:25,17:20,True,103852.64285714286,1.264406917218559,2.057142857142857
2015-10-21,90.0,91.0,89.5,91.0,729769,17:25,17:20,True,102701.35714285714,7.105738622177061,1.989285714285715
2015-10-22,87.9,87.9,87.05,87.4,220405,17:25,17:20,True,147720.92857142858,1.4920363832767674,2.1285714285714294
2015-10-23,92.25,92.4,91.8,91.9,150703,17:25,17:20,True,158697.57142857142,0.9496238577780018,2.335714285714286
2015-10-26,91.9,91.9,91.25,91.45,134135,17:25,17:20,True,163847.85714285713,0.8186558087424309,2.3500000000000005
2015-10-27,92.0,92.0,91.55,91.55,77466,17:25,17:20,True,159671.7857142857,0.4851577230971569,2.317857142857142
2015-10-28,90.1,90.3,90.1,90.1,57334,17:25,17:20,True,159314.14285714287,0.3598801648853702,2.3714285714285697
2015-10-29,91.85,91.9,91.7,91.7,61309,17:25,17:20,True,159697.7142857143,0.3839065591778753,2.414285714285712
2015-11-02,89.9,89.9,89.2,89.5,205023,17:25,17:20,True,153315.92857142858,1.337258313016586,2.4571428571428555
2015-11-03,91.15,91.3,90.95,91.0,123718,17:25,17:20,True,156554.07142857142,0.7902573141091828,2.507142857142856
2015-11-04,91.55,91.8,91.4,91.4,57764,17:25,17:20,True,158553.57142857142,0.3643185043360739,2.367857142857141
2015-11-05,92.3,92.65,92.3,92.35,46269,17:25,17:20,True,157236.2857142857,0.29426413750370234,2.3857142857142852
2015-11-06,90.75,90.85,90.7,90.75,44207,17:25,17:20,True,157209.57142857142,0.28119789144063384,2.364285714285714
2015-11-09,92.0,92.3,91.9,92.15,50887,17:25,17:20,True,151976.64285714287,0.33483434719526917,2.364285714285714
2015-11-10,91.3,91.3,90.7,90.8,99481,17:25,17:20,True,149307.2142857143,0.6662839466660543,2.3535714285714286
2015-11-11,91.05,91.1,90.9,91.1,32775,17:25,17:20,True,147033.57142857142,0.22290827653548512,2.2964285714285717
2015-11-12,91.15,91.15,90.35,90.45,51783,17:25,17:20,True,97248.28571428571,0.5324823941075715,2.0642857142857145
2015-11-13,89.55,89.9,89.5,89.9,72715,17:25,17:20,True,85203.85714285714,0.8534238054279903,1.7928571428571434
2015-11-16,88.5,88.5,88.15,88.2,80404,17:25,17:20,True,79633.28571428571,1.0096782931760409,1.767857142857144
2015-11-17,90.0,90.15,89.7,89.7,93572,17:25,17:20,True,75795.35714285714,1.234534719898976,1.750000000000001
2015-11-18,91.2,91.25,90.85,91.0,104731,17:25,17:20,True,76945.78571428571,1.3611011834863322,1.7964285714285728
2015-11-19,92.0,92.05,91.8,92.0,81019,17:25,17:20,True,80331.28571428571,1.0085609769543622,1.7142857142857164
2015-11-20,91.7,92.0,91.7,91.8,58269,17:25,17:20,True,81739.14285714286,0.7128653171937208,1.6357142857142872
2015-11-23,90.9,91.15,90.9,91.0,44044,17:25,17:20,True,71256.71428571429,0.6181031561938023,1.5678571428571442
2015-11-24,91.1,91.1,90.65,90.9,29211,17:25,17:20,True,65565.71428571429,0.4455224856196618,1.5821428571428586
2015-11-25,89.8,90.0,89.65,89.75,56888,17:25,17:20,True,63526.21428571428,0.8955043306081741,1.6178571428571442
2015-11-26,90.6,90.75,90.6,90.6,43700,17:25,17:20,True,64284.71428571428,0.6797883522632575,1.6321428571428578
2015-11-27,91.85,92.2,91.85,92.0,27496,17:25,17:20,True,64248.5,0.42796329875405653,1.6571428571428584
2015-11-30,92.0,92.0,91.5,91.85,42058,17:25,17:20,True,62577.71428571428,0.6720923012300135,1.6321428571428578
2015-12-01,93.25,93.5,93.0,93.5,91829,17:25,17:20,True,58476.07142857143,1.5703688321841047,1.7178571428571427
2015-12-02,93.5,93.6,93.35,93.4,64825,17:25,17:20,True,62694.21428571428,1.0339869593799382,1.7107142857142859
2015-12-03,91.85,91.85,91.45,91.75,84233,17:25,17:20,True,63625.78571428572,1.32388149009667,1.7107142857142859
2015-12-04,90.6,90.75,90.55,90.55,66697,17:25,17:20,True,64448.5,1.0348883216832043,1.7857142857142858
2015-12-07,90.85,91.25,90.6,90.6,60080,17:25,17:20,True,63469.42857142857,0.9465974619952012,1.8000000000000003
2015-12-08,90.5,90.65,90.15,90.45,113783,17:25,17:20,True,61077.142857142855,1.8629391401974085,1.6678571428571434
2015-12-09,88.2,88.6,88.2,88.55,62851,17:25,17:20,True,61723.71428571428,1.0182634134599806,1.7928571428571425
2015-12-10,86.85,87.05,86.85,87.05,161480,17:25,17:20,True,60426.0,2.67235958031311,1.8678571428571422
2015-12-11,86.25,86.25,86.0,86.05,63450,17:25,17:20,True,67798.21428571429,0.9358653567571839,1.9392857142857147
2015-12-14,84.05,84.5,84.05,84.2,129728,17:25,17:20,True,69184.35714285714,1.8751059539677115,2.0642857142857145
2015-12-15,84.25,84.85,84.25,84.8,151793,17:25,17:20,True,76364.14285714286,1.987752292119151,2.0321428571428575
2015-12-16,87.2,87.55,87.0,87.4,125054,17:25,17:20,True,83143.07142857143,1.504082034152833,2.1214285714285714
2015-12-17,89.2,89.8,89.1,89.25,198180,17:25,17:20,True,88954.07142857143,2.2278912793680847,2.1000000000000005
2015-12-18,87.0,87.1,86.35,87.05,126966,17:25,17:20,True,101145.78571428571,1.2552772130185497,2.232142857142857
2015-12-21,86.8,86.9,86.75,86.75,36707,17:25,17:20,True,107210.64285714286,0.3423820529544975,2.192857142857143
2015-12-22,87.25,87.5,87.25,87.5,48934,17:25,17:20,True,103273.35714285714,0.4738298565457693,2.2535714285714286
2015-12-23,88.1,88.35,87.85,87.85,60677,17:25,17:20,True,102138.28571428571,0.5940671470611273,2.2250000000000005
2015-12-28,89.1,89.5,89.1,89.45,33755,17:25,17:20,True,100455.71428571429,0.33601871471437306,2.164285714285715
2015-12-29,89.1,89.5,89.1,89.3,33354,17:25,17:20,True,98102.71428571429,0.33999059294995476,2.142857142857145
2015-12-30,89.5,89.8,89.5,89.55,48693,17:25,17:20,True,96193.71428571429,0.506197316129952,2.135714285714287
2016-01-04,88.0,88.25,87.25,87.5,199334,17:25,17:20,True,91544.42857142857,2.1774563794941098,1.9892857142857159
2016-01-07,84.1,84.1,80.75,83.0,666081,17:25,17:20,True,101293.21428571429,6.575771187605995,2.017857142857145
2016-01-08,83.3,83.55,83.1,83.55,92320,17:25,17:20,True,137336.14285714287,0.6722192576504156,2.2750000000000017
2016-01-11,81.8,82.45,81.7,82.45,154191,17:25,17:20,True,139398.2857142857,1.1061183371797974,2.2250000000000014
2016-01-12,82.15,82.45,81.75,82.4,151104,17:25,17:20,True,141145.64285714287,1.0705537694347125,2.250000000000001
2016-01-13,82.75,83.15,82.7,82.95,209737,17:25,17:20,True,141096.42857142858,1.4864798643278405,2.146428571428573
2016-01-14,81.5,81.6,80.9,81.25,241285,17:25,17:20,True,147145.2142857143,1.6397747026382588,2.153571428571431
2016-01-15,81.2,81.4,80.85,81.3,55009,17:25,17:20,True,150224.14285714287,0.36617948988606547,2.1178571428571464
2016-01-18,78.45,79.15,78.4,79.1,81950,17:25,17:20,True,145084.35714285713,0.5648438026940977,2.239285714285718
2016-01-19,79.1,79.45,79.0,79.35,85954,17:25,17:20,True,148316.0,0.579532889236495,2.232142857142861
2016-01-20,78.1,78.1,77.5,77.6,309104,17:25,17:20,True,150960.2857142857,2.047584889876429,2.307142857142861
2016-01-21,76.7,77.25,76.7,77.0,103660,17:25,17:20,True,168705.07142857142,0.614445073418489,2.3392857142857175
2016-01-22,80.15,80.2,79.55,79.7,160017,17:25,17:20,True,173698.2857142857,0.9212353440448463,2.4571428571428595
2016-01-25,81.2,81.2,80.5,80.85,110468,17:25,17:20,True,182745.64285714287,0.604490472510777,2.6107142857142884
2016-01-26,79.0,79.05,78.65,78.9,133936,17:25,17:20,True,187158.14285714287,0.7156300973889919,2.68214285714286
2016-01-27,81.9,82.2,81.55,81.75,373156,17:25,17:20,True,182486.85714285713,2.044837671284351,2.7607142857142892
2016-01-28,80.8,80.8,80.45,80.75,62699,17:25,17:20,True,161563.64285714287,0.3880761716634444,2.4750000000000023
2016-01-29,81.35,81.9,81.1,81.3,138505,17:25,17:20,True,159447.85714285713,0.8686538814749113,2.4642857142857175
2016-02-01,83.05,83.15,82.8,82.9,137372,17:25,17:20,True,158327.42857142858,0.8676449888657501,2.482142857142861
2016-02-02,80.8,80.85,80.35,80.45,97418,17:25,17:20,True,157346.57142857142,0.6191301095125774,2.517857142857147
2016-02-03,79.5,79.6,79.0,79.0,164244,17:25,17:20,True,149323.7857142857,1.0999185375212925,2.5642857142857176
2016-02-04,83.25,84.0,82.95,83.5,1210885,17:25,17:20,True,143820.85714285713,8.41939774282689,2.5535714285714306
2016-02-05,86.4,86.45,85.4,85.95,182940,17:25,17:20,True,226383.42857142858,0.8080980182799852,2.853571428571431
2016-02-08,86.5,87.7,86.4,86.9,187932,17:25,17:20,True,233597.0,0.8045137565979015,2.892857142857145
2016-02-09,82.2,82.25,81.65,82.1,247851,17:25,17:20,True,240881.14285714287,1.0289348392331013,3.132142857142859
2016-02-10,79.75,80.1,79.55,79.65,113539,17:25,17:20,True,236505.92857142858,0.4800683039356005,3.307142857142859
2016-02-11,81.5,81.5,80.5,80.95,141305,17:25,17:20,True,237211.57142857142,0.5956918507348172,3.382142857142859
2016-02-12,78.1,78.55,78.0,78.3,186984,17:25,17:20,True,235875.0,0.792724960254372,3.5678571428571453
2016-02-15,82.6,82.95,82.15,82.45,161165,17:25,17:20,True,241340.42857142858,0.6677911403157247,3.63214285714286
2016-02-16,84.1,84.2,83.5,83.8,116356,17:25,17:20,True,243285.35714285713,0.47826963926840765,3.6107142857142875
2016-02-17,83.0,83.3,82.45,83.0,183046,17:25,17:20,True,224942.5,0.8137457350211721,3.63214285714286
2016-02-18,85.1,85.4,84.65,84.7,132804,17:25,17:20,True,233538.7142857143,0.5686594636190635,3.671428571428574
2016-02-19,83.3,83.5,83.1,83.35,113703,17:25,17:20,True,233131.5,0.48772044961749056,3.675000000000002
2016-02-22,84.0,84.35,83.8,84.0,91522,17:25,17:20,True,231440.85714285713,0.3954444393692681,3.625000000000002
2016-02-23,84.9,84.95,84.3,84.3,87360,17:25,17:20,True,231019.7142857143,0.37814954567884745,3.632142857142859
2016-02-24,84.15,84.25,83.85,84.15,75619,17:25,17:20,True,225528.0,0.3352976127132773,3.625000000000003
2016-02-25,82.65,82.65,82.05,82.3,114941,17:25,17:20,True,144437.57142857142,0.7957832499062868,3.2928571428571454
2016-02-26,84.0,84.15,83.6,83.9,108735,17:25,17:20,True,139580.5,0.7790128277230702,3.2821428571428592
2016-02-29,83.85,83.95,83.1,83.3,147394,17:25,17:20,True,133923.57142857142,1.1005829550969903,3.00714285714286
2016-03-01,83.75,83.9,82.95,83.2,261099,17:25,17:20,True,126748.07142857143,2.0599840065191186,2.8285714285714314
2016-03-02,85.45,86.1,85.25,85.85,179154,17:25,17:20,True,137288.07142857142,1.304949498785921,2.721428571428574
2016-03-03,86.0,86.1,85.75,85.95,65580,17:25,17:20,True,139991.57142857142,0.4684567744384611,2.471428571428574
2016-03-04,86.3,86.5,86.0,86.35,86826,17:25,17:20,True,131319.85714285713,0.6611795191457283,2.3571428571428603
2016-03-07,85.55,85.55,85.05,85.1,71598,17:25,17:20,True,126009.92857142857,0.5681933226350078,2.1892857142857176
2016-03-08,84.55,84.75,84.25,84.3,163177,17:25,17:20,True,122812.92857142857,1.3286630479224792,2.1571428571428606
2016-03-09,85.05,85.3,84.85,85.0,99382,17:25,17:20,True,121393.71428571429,0.8186750078846162,2.0714285714285743
2016-03-10,85.75,86.0,85.65,85.9,63811,17:25,17:20,True,119006.42857142857,0.5361979244818708,2.0392857142857173
2016-03-11,88.35,88.8,88.1,88.55,169182,17:25,17:20,True,115442.71428571429,1.465506082794311,2.1678571428571445
2016-03-14,90.3,90.5,90.1,90.4,195619,17:25,17:20,True,120989.85714285714,1.6168214809033579,2.15357142857143
2016-03-15,88.75,88.9,88.5,88.85,132653,17:25,17:20,True,128722.64285714286,1.0305335336162968,2.1321428571428576
2016-03-16,89.05,89.35,88.95,89.05,92782,17:25,17:20,True,132796.5,0.698678052508914,1.9928571428571433
2016-03-17,88.9,88.9,88.55,88.55,76696,17:25,17:20,True,131213.7142857143,0.5845120719088597,2.000000000000001
2016-03-18,87.5,87.9,87.15,87.2,101450,17:25,17:20,True,128925.21428571429,0.7868902957583936,2.114285714285716
2016-03-21,88.2,88.2,87.7,87.85,123162,17:25,17:20,True,125643.5,0.9802496746747743,2.0714285714285734
2016-03-22,87.45,87.5,87.0,87.35,222636,17:25,17:20,True,115790.85714285714,1.9227424815184027,2.0107142857142883
2016-03-23,83.2,83.55,83.15,83.2,532814,17:25,17:20,True,118896.71428571429,4.481318118847451,2.007142857142859
2016-03-29,79.3,80.0,79.25,79.9,274916,17:25,17:20,True,152270.57142857142,1.805444068547154,2.4214285714285717
2016-03-30,79.1,79.25,78.85,79.1,152233,17:25,17:20,True,165705.57142857142,0.9186957245165479,2.5607142857142864
2016-03-31,78.8,78.9,78.6,78.85,153469,17:25,17:20,True,171465.2142857143,0.8950445175677032,2.5142857142857147
2016-04-01,77.05,77.15,76.85,76.85,174639,17:25,17:20,True,170771.7857142857,1.0226455106125343,2.557142857142857
2016-04-04,77.8,78.5,77.8,77.85,207411,17:25,17:20,True,176147.2857142857,1.177486210808974,2.5499999999999994
2016-04-05,78.25,78.3,78.0,78.1,179787,17:25,17:20,True,186404.42857142858,0.9644996171918049,2.4214285714285717
2016-04-06,77.0,77.1,76.55,76.75,115270,17:25,17:20,True,187161.92857142858,0.6158838011546152,2.4178571428571436
2016-04-07,78.05,78.15,77.7,77.7,274549,17:25,17:20,True,181422.7142857143,1.5133110596483823,2.4071428571428584
2016-04-08,76.25,76.75,76.2,76.45,90097,17:25,17:20,True,191558.14285714287,0.47033761476373825,2.4964285714285737
2016-04-11,77.25,77.25,76.9,77.1,98845,17:25,17:20,True,191366.35714285713,0.5165223473748372,2.4571428571428586
2016-04-12,78.7,78.75,78.1,78.75,70802,17:25,17:20,True,192948.42857142858,0.36694779285952794,2.375000000000001
2016-04-13,79.0,79.05,78.8,79.0,389798,17:25,17:20,True,190759.2857142857,2.0434024930447126,2.400000000000001
2016-04-14,81.5,81.95,81.4,81.55,196483,17:25,17:20,True,209804.7142857143,0.9365042185488137,2.4928571428571433
2016-04-15,81.05,81.1,80.75,80.95,244849,17:25,17:20,True,207936.64285714287,1.1775173275650928,2.4357142857142864
2016-04-18,79.9,80.1,79.55,79.9,175715,17:25,17:20,True,187367.7142857143,0.9378083127600882,1.9750000000000014
2016-04-19,80.95,81.1,80.7,81.05,110933,17:25,17:20,True,180281.92857142858,0.6153306705727181,1.864285714285715
2016-04-20,80.7,80.75,80.2,80.65,181447,17:25,17:20,True,177331.92857142858,1.0232054738349834,1.8607142857142864
2016-04-21,81.0,81.25,80.9,81.25,154402,17:25,17:20,True,179330.35714285713,0.8609919840677123,1.817857142857143
2016-04-22,81.4,81.65,81.35,81.6,100527,17:25,17:20,True,177884.85714285713,0.5651239887117991,1.789285714285715
2016-04-25,80.6,81.05,80.6,81.05,76735,17:25,17:20,True,170250.2857142857,0.4507187737045963,1.7821428571428573
2016-04-26,80.55,81.0,80.5,80.75,109578,17:25,17:20,True,162889.42857142858,0.6727140058198988,1.671428571428572
2016-04-27,81.0,81.05,80.6,80.7,824682,17:25,17:20,True,162482.85714285713,5.075501591376673,1.692857142857143
2016-04-28,78.55,78.55,77.7,78.0,232915,17:25,17:20,True,201778.07142857142,1.1543127474208759,1.778571428571428
2016-04-29,78.1,78.3,77.75,78.3,183356,17:25,17:20,True,211979.35714285713,0.8649710163826599,1.8107142857142864
2016-05-02,76.8,76.95,76.7,76.9,142867,17:25,17:20,True,218015.85714285713,0.6553055446163484,1.828571428571428
2016-05-03,76.75,76.8,76.5,76.5,139980,17:25,17:20,True,223163.35714285713,0.6272535141617912,1.8321428571428566
2016-05-06,74.15,74.45,73.85,73.9,220476,17:25,17:20,True,205319.2142857143,1.0738205908639127,1.817857142857142
2016-05-09,74.3,74.4,73.75,73.9,82326,17:25,17:20,True,207033.0,0.3976467519670777,1.8714285714285706
2016-05-10,75.55,76.35,75.5,75.95,284931,17:25,17:20,True,195424.2142857143,1.4580127700215537,1.9678571428571416
2016-05-11,76.4,76.75,76.2,76.25,157193,17:25,17:20,True,203225.35714285713,0.773491075178681,1.999999999999999
2016-05-12,74.7,74.85,74.3,74.35,138985,17:25,17:20,True,206529.64285714287,0.6729542455856389,2.0392857142857133
2016-05-13,73.65,73.65,73.5,73.6,114688,17:25,17:20,True,203496.64285714287,0.5635866930763688,2.046428571428571
2016-05-16,73.65,73.65,73.1,73.2,95365,17:25,17:20,True,200659.92857142858,0.4752568222212492,2.0249999999999995
2016-05-17,75.15,75.4,75.0,75.4,157110,17:25,17:20,True,200291.2142857143,0.7844078461468783,2.0428571428571436
2016-05-18,74.0,74.3,73.95,74.1,121884,17:25,17:20,True,206032.2857142857,0.5915771869318678,2.1035714285714286
2016-05-19,75.75,75.85,75.5,75.75,125211,17:25,17:20,True,206911.2857142857,0.6051434051446479,2.1000000000000005
2016-05-20,76.05,76.3,75.95,76.1,169803,17:25,17:20,True,156949.07142857142,1.0818987232892199,1.932142857142858
2016-05-23,76.25,76.35,76.1,76.15,109690,17:25,17:20,True,152441.07142857142,0.7195567373809552,1.875
2016-05-24,75.3,75.5,74.95,75.3,167457,17:25,17:20,True,147179.2142857143,1.137776151426662,1.778571428571429
2016-05-25,78.7,79.05,78.65,79.0,267493,17:25,17:20,True,148935.64285714287,1.7960307879865656,1.864285714285715
2016-05-26,79.8,79.8,79.35,79.4,94791,17:25,17:20,True,158043.7142857143,0.5997770960294891,1.796428571428572
2016-05-27,80.45,80.6,80.35,80.6,68707,17:25,17:20,True,149066.2142857143,0.46091597837394405,1.739285714285715
2016-05-30,81.2,81.3,81.1,81.3,95871,17:25,17:20,True,148093.42857142858,0.6473683601278729,1.692857142857143
2016-05-31,81.2,81.45,81.15,81.3,73790,17:25,17:20,True,134589.14285714287,0.5482611630740751,1.6035714285714289
2016-06-01,79.75,79.95,79.55,79.6,113020,17:25,17:20,True,128631.78571428571,0.8786319755448138,1.5892857142857153
2016-06-02,79.25,79.65,79.2,79.55,129132,17:25,17:20,True,126777.14285714286,1.0185747768863247,1.585714285714287
2016-06-03,79.85,80.05,79.4,80.05,79419,17:25,17:20,True,127808.85714285714,0.621388859703441,1.6214285714285717
2016-06-07,79.1,79.45,78.9,79.2,251528,17:25,17:20,True,126669.85714285714,1.9856973527358521,1.653571428571428
2016-06-08,78.9,78.95,78.6,78.95,87381,17:25,17:20,True,133414.0,0.654961248444691,1.6571428571428564
2016-06-09,79.6,79.6,79.45,79.6,61850,17:25,17:20,True,130949.5,0.4723194819376935,1.5999999999999994
2016-06-10,77.7,77.7,77.45,77.45,48661,17:25,17:20,True,126423.71428571429,0.38490405281106843,1.6499999999999997
2016-06-13,75.0,75.0,74.55,74.75,128577,17:25,17:20,True,117770.71428571429,1.0917569854256757,1.732142857142856
2016-06-14,73.3,73.35,73.0,73.25,104768,17:25,17:20,True,119119.78571428571,0.879518036166476,1.835714285714285
2016-06-15,72.5,72.65,72.1,72.4,146461,17:25,17:20,True,114642.0,1.2775509848048707,1.7749999999999986
2016-06-16,72.25,72.25,71.55,71.8,227035,17:25,17:20,True,105996.85714285714,2.1419031292032917,1.749999999999999
2016-06-17,72.55,72.8,72.3,72.7,212045,17:25,17:20,True,115442.85714285714,1.8367961885905209,1.8321428571428555
2016-06-20,75.55,75.85,75.4,75.4,177249,17:25,17:20,True,125681.28571428571,1.4103054324487452,1.8999999999999986
2016-06-21,76.2,76.35,75.8,75.8,82987,17:25,17:20,True,131494.0,0.6311086437403988,2.04642857142857
2016-06-22,77.4,77.6,77.35,77.5,59240,17:25,17:20,True,132150.92857142858,0.44827532156143973,2.0464285714285686
2016-06-23,78.1,78.1,77.55,77.6,126761,17:25,17:20,True,128309.5,0.9879315249455418,2.0857142857142827
2016-06-27,73.5,73.9,73.05,73.35,523034,17:25,17:20,True,128140.14285714286,4.081734172741674,2.1214285714285697
2016-06-28,72.05,72.05,71.35,71.7,289990,17:25,17:20,True,159826.92857142858,1.8144001301407726,2.642857142857142
2016-06-29,72.45,72.75,72.35,72.7,162737,17:25,17:20,True,162574.2142857143,1.001001300944316,2.6785714285714275
2016-06-30,72.8,72.95,72.5,72.5,128847,17:25,17:20,True,167956.7857142857,0.7671437593428582,2.699999999999999
2016-07-01,73.6,73.95,73.55,73.6,187338,17:25,17:20,True,172742.2857142857,1.0844941597557385,2.67142857142857
2016-07-04,73.5,73.7,73.05,73.25,126783,17:25,17:20,True,182647.7857142857,0.69413926648049,2.6178571428571424
2016-07-05,71.45,71.7,71.15,71.35,188849,17:25,17:20,True,182519.64285714287,1.0346776765710148,2.567857142857142
2016-07-06,69.45,69.45,68.7,68.8,218395,17:25,17:20,True,188525.42857142858,1.1584378916675129,2.5785714285714283
2016-07-07,68.75,68.85,68.6,68.75,133049,17:25,17:20,True,193663.57142857142,0.687010980013204,2.6214285714285706
2016-07-08,68.9,69.15,68.7,69.0,117636,17:25,17:20,True,186950.2857142857,0.6292368024501548,2.5535714285714275
2016-07-11,72.0,72.15,71.8,72.1,175783,17:25,17:20,True,180206.7857142857,0.9754516141179083,2.596428571428571
2016-07-12,72.45,72.45,72.05,72.35,228934,17:25,17:20,True,180102.07142857142,1.2711347414501857,2.510714285714286
2016-07-13,73.2,73.4,73.0,73.3,64638,17:25,17:20,True,190526.85714285713,0.339259257037628,2.507142857142859
2016-07-14,72.0,73.45,72.0,73.25,580881,17:25,17:20,True,190912.42857142858,3.042656805251772,2.45357142857143
2016-07-15,73.45,73.75,73.3,73.75,107208,17:25,17:20,True,223349.57142857142,0.480000921041775,2.421428571428573
2016-07-18,73.5,73.95,73.4,73.95,63390,17:25,17:20,True,193647.7142857143,0.32734700863276023,1.8000000000000003
2016-07-19,73.15,73.35,73.0,73.1,55294,17:25,17:20,True,177462.0,0.31158219787898256,1.7285714285714289
2016-07-20,73.8,74.3,73.8,74.15,161358,17:25,17:20,True,169787.5,0.9503526466907163,1.7285714285714289
2016-07-21,75.05,75.35,75.0,75.15,124424,17:25,17:20,True,172109.7142857143,0.7229342080798958,1.7142857142857142
2016-07-22,75.2,75.3,75.05,75.3,91896,17:25,17:20,True,167615.85714285713,0.5482536173273753,1.6857142857142853
2016-07-25,75.55,75.8,75.55,75.65,70854,17:25,17:20,True,165123.92857142858,0.4290958955070542,1.6428571428571428
2016-07-26,75.6,75.85,75.55,75.8,77347,17:25,17:20,True,156695.7142857143,0.49361273441702297,1.528571428571429
2016-07-27,75.8,75.9,75.7,75.9,110772,17:25,17:20,True,146620.85714285713,0.7554996073448915,1.4642857142857142
2016-07-28,75.6,75.8,75.55,75.55,49484,17:25,17:20,True,145029.64285714287,0.3411992129687773,1.3964285714285722
2016-07-29,74.9,75.15,74.75,75.05,50507,17:25,17:20,True,140161.64285714287,0.360348230588866,1.2821428571428573
2016-08-01,75.9,76.05,75.65,75.75,176181,17:25,17:20,True,131213.35714285713,1.34270629024593,1.2392857142857139
2016-08-02,74.45,74.45,74.0,74.1,131484,17:25,17:20,True,127445.28571428571,1.0316897895679602,1.2571428571428558
2016-08-03,73.35,73.5,73.2,73.3,93186,17:25,17:20,True,132220.0,0.7047799122674331,1.2999999999999992
2016-08-04,73.1,73.35,73.05,73.15,80033,17:25,17:20,True,97384.64285714286,0.8218236228211401,1.2857142857142847
2016-08-05,73.85,73.85,73.55,73.65,41256,17:25,17:20,True,95443.57142857143,0.43225540895517917,1.267857142857142
2016-08-08,74.6,74.9,74.5,74.55,173472,17:25,17:20,True,93862.57142857143,1.8481488133106456,1.2357142857142844
2016-08-09,75.0,75.25,75.0,75.25,55506,17:25,17:20,True,102303.85714285714,0.5425601883464805,1.2035714285714272
2016-08-10,76.35,76.35,76.1,76.35,94495,17:25,17:20,True,94743.0,0.9973823923667184,1.2821428571428553
2016-08-11,77.0,77.4,76.95,77.4,122108,17:25,17:20,True,92605.21428571429,1.3185866578015892,1.2821428571428553
2016-08-12,77.5,77.65,77.4,77.6,21355,17:25,17:20,True,94763.21428571429,0.22535115720762652,1.2678571428571408
2016-08-15,77.25,77.3,76.95,77.05,108832,17:25,17:20,True,91227.57142857143,1.1929726758671015,1.2321428571428552
2016-08-16,77.85,78.05,77.45,78.05,124744,17:25,17:20,True,93476.5,1.3344958358517915,1.2571428571428558
2016-08-17,77.95,78.1,77.9,77.9,77032,17:25,17:20,True,94474.5,0.8153734605634324,1.2714285714285691
2016-08-18,77.9,78.35,77.9,78.1,109784,17:25,17:20,True,96442.21428571429,1.1383396867554294,1.2392857142857119
2016-08-19,77.95,77.95,77.7,77.7,56861,17:25,17:20,True,100676.28571428571,0.5647904031875857,1.2428571428571402
2016-08-22,77.1,77.45,77.05,77.3,91943,17:25,17:20,True,92153.42857142857,0.9977165410480039,1.1964285714285694
2016-08-23,77.65,77.7,77.5,77.65,89066,17:25,17:20,True,89329.07142857143,0.9970550300773944,1.1464285714285691
2016-08-24,78.65,78.75,78.25,78.75,192692,17:25,17:20,True,89034.78571428571,2.164232759747996,1.1892857142857127
2016-08-25,80.05,80.05,79.75,79.85,148585,17:25,17:20,True,97081.85714285714,1.5305125424347348,1.2857142857142847
2016-08-26,79.8,79.8,79.55,79.8,36824,17:25,17:20,True,104748.21428571429,0.35154775908215274,1.2821428571428564
2016-08-29,80.5,80.55,80.1,80.5,87328,17:25,17:20,True,94987.64285714286,0.9193616914079802,1.317857142857142
2016-08-30,80.95,81.25,80.85,81.2,226765,17:25,17:20,True,97260.64285714286,2.3315186219062327,1.2178571428571416
2016-08-31,82.75,83.1,82.65,82.9,174482,17:25,17:20,True,106708.5,1.6351274734440087,1.317857142857142
2016-09-01,83.6,84.05,83.55,84.05,165491,17:25,17:20,True,110449.5,1.4983408707146706,1.4107142857142847
2016-09-02,83.65,83.95,83.55,83.9,100485,17:25,17:20,True,120744.92857142857,0.8322088653235362,1.5071428571428558
2016-09-05,85.0,85.0,84.85,84.95,87132,17:25,17:20,True,120148.71428571429,0.7252012684280552,1.528571428571427
2016-09-06,85.1,85.4,85.05,85.05,341466,17:25,17:20,True,117462.14285714286,2.9070302285842855,1.5321428571428564
2016-09-07,84.75,84.95,84.5,84.6,105872,17:25,17:20,True,136350.2857142857,0.7764706868443882,1.5642857142857136
2016-09-08,85.0,85.1,84.85,84.95,111952,17:25,17:20,True,136070.85714285713,0.8227478120643027,1.5821428571428566
2016-09-09,85.65,85.65,85.1,85.25,133699,17:25,17:20,True,140005.92857142858,0.9549524178312857,1.5892857142857133
2016-09-12,84.55,84.65,84.3,84.5,149318,17:25,17:20,True,142988.5,1.0442657975991076,1.607142857142856
2016-09-13,85.6,85.95,85.55,85.6,113050,17:25,17:20,True,147292.2142857143,0.7675218988880704,1.6178571428571413
2016-09-14,84.3,84.4,84.15,84.35,126114,17:25,17:20,True,141603.5,0.8906135794666092,1.5785714285714272
2016-09-15,84.0,84.0,83.75,83.85,74828,17:25,17:20,True,139998.42857142858,0.5344917136825005,1.585714285714285
2016-09-16,85.2,85.2,84.8,84.8,138107,17:25,17:20,True,142713.0,0.9677254349638785,1.6107142857142844
2016-09-19,84.9,85.0,84.8,84.9,69091,17:25,17:20,True,146340.07142857142,0.4721263241539643,1.642857142857142
2016-09-20,84.9,85.0,84.65,84.75,84228,17:25,17:20,True,135077.64285714287,0.6235524859512016,1.528571428571427
2016-09-21,85.8,85.9,85.6,85.8,249211,17:25,17:20,True,128630.92857142857,1.9374111869340467,1.4357142857142844
2016-09-22,86.65,86.65,86.35,86.55,223488,17:25,17:20,True,134610.92857142858,1.6602515291424544,1.4464285714285694
2016-09-23,86.05,86.15,85.55,85.55,125547,17:25,17:20,True,143396.85714285713,0.8755212806018862,1.3928571428571408
2016-09-26,85.5,85.5,85.0,85.2,151240,17:25,17:20,True,146140.7857142857,1.0348924789256544,1.4107142857142836
2016-09-27,84.85,85.2,84.75,85.0,165047,17:25,17:20,True,132553.2142857143,1.2451376670824925,1.4357142857142844
2016-09-28,85.0,85.2,84.9,85.0,152441,17:25,17:20,True,136780.0,1.1144977335867816,1.499999999999999
2016-09-29,85.25,85.55,85.2,85.45,112858,17:25,17:20,True,139672.07142857142,0.8080212375006969,1.4964285714285706
2016-09-30,84.6,84.6,84.05,84.2,233873,17:25,17:20,True,138183.42857142858,1.6924822492670197,1.517857142857142
2016-10-03,86.15,86.3,86.0,86.0,111883,17:25,17:20,True,144223.07142857142,0.7757635369415335,1.585714285714285
2016-10-04,87.0,87.5,86.85,87.35,338289,17:25,17:20,True,144139.7142857143,2.346952064366121,1.5607142857142844
2016-10-05,87.4,87.75,87.2,87.5,119938,17:25,17:20,True,159295.07142857142,0.7529297606284115,1.5785714285714272
2016-10-06,88.65,89.0,88.65,88.95,101100,17:20,17:20,True,162517.2142857143,0.6220879458483739,1.5464285714285697
2016-10-07,89.2,89.3,88.65,88.9,228731,17:20,17:20,True,159873.85714285713,1.4306967010598535,1.5249999999999997
2016-10-10,89.25,89.35,88.85,89.05,79716,17:20,17:20,True,171276.7142857143,0.4654222865755248,1.510714285714285
2016-10-11,90.0,90.0,89.7,89.85,48682,17:20,17:20,True,170954.42857142858,0.2847659484858538,1.5571428571428558
2016-10-12,89.25,89.65,89.25,89.6,108126,17:20,17:20,True,156630.92857142858,0.6903234309224642,1.4892857142857139
2016-10-13,89.6,89.65,89.0,89.5,126641,17:20,17:20,True,148390.7857142857,0.8534290009343091,1.5035714285714283
2016-10-14,88.5,88.95,88.5,88.7,141218,17:20,17:20,True,148468.92857142858,0.9511619795387682,1.5500000000000003
2016-10-17,89.4,89.55,89.3,89.45,93894,17:20,17:20,True,147753.07142857142,0.6354791754389443,1.5107142857142861
2016-10-18,89.45,89.8,89.4,89.8,122354,17:20,17:20,True,142670.7142857143,0.8575971642994107,1.4285714285714286
2016-10-19,90.35,90.85,90.25,90.85,116470,17:20,17:20,True,140521.64285714287,0.8288402955721614,1.4571428571428575
2016-10-20,91.0,91.0,89.2,89.95,312318,17:20,17:20,True,140779.64285714287,2.218488367078235,1.4178571428571434
2016-10-21,90.5,90.6,89.75,89.85,187920,17:20,17:20,True,146382.85714285713,1.2837568801967445,1.364285714285715
2016-10-24,92.3,92.8,92.3,92.6,42591,17:20,17:20,True,151814.07142857142,0.2805471166092735,1.4500000000000008
2016-10-25,92.45,92.65,92.35,92.35,108844,17:20,17:20,True,130692.78571428571,0.8328233223060186,1.4392857142857147
2016-10-26,92.25,92.7,92.2,92.6,130133,17:20,17:20,True,129900.35714285714,1.001790933160307,1.432142857142858
2016-10-27,92.4,92.55,92.2,92.35,61617,17:20,17:20,True,131974.14285714287,0.4668869118301312,1.4464285714285714
2016-10-28,91.7,91.9,91.55,91.9,57560,17:20,17:20,True,120037.42857142857,0.4795171029988266,1.471428571428572
2016-10-31,91.95,92.15,91.85,91.85,101831,17:20,17:20,True,118454.85714285714,0.8596608231707317,1.4357142857142864
2016-11-01,91.55,91.95,91.55,91.8,116103,17:20,17:20,True,122251.21428571429,0.9497083581407605,1.4500000000000008
2016-11-02,90.0,90.15,89.35,89.55,104746,17:20,17:20,True,122821.0,0.8528346129733515,1.482142857142858
2016-11-03,88.3,88.75,88.25,88.75,51854,17:20,17:20,True,121257.07142857143,0.4276369154317362,1.4821428571428572
2016-11-07,88.9,89.7,88.9,89.6,121077,17:20,17:20,True,114873.92857142857,1.0539989491585497,1.5464285714285708
2016-11-08,90.2,90.4,90.05,90.4,38968,17:20,17:20,True,116815.57142857143,0.3335856643378023,1.5892857142857133
2016-11-09,87.8,88.1,87.25,87.8,263794,17:20,17:20,True,110859.42857142857,2.379535988948682,1.5821428571428555
2016-11-10,92.35,92.85,92.35,92.7,215031,17:20,17:20,True,121382.57142857143,1.771514620832833,1.8392857142857122
2016-11-11,92.8,93.25,92.8,93.1,41701,17:20,17:20,True,114433.5,0.36441251906128885,1.8214285714285694
2016-11-14,93.0,93.5,92.9,93.5,64868,17:20,17:20,True,103989.28571428571,0.6237950338290346,1.7428571428571413
2016-11-15,92.65,92.75,92.45,92.45,38862,17:20,17:20,True,105580.5,0.3680793328313467,1.8249999999999988
2016-11-16,93.4,93.7,93.35,93.65,124427,17:20,17:20,True,100581.78571428571,1.2370728866700518,1.8392857142857133
2016-11-17,91.7,92.0,91.7,91.8,104140,17:20,17:20,True,100174.21428571429,1.039588887645024,1.8678571428571422
2016-11-18,93.0,93.35,92.95,93.3,60435,17:20,17:20,True,103211.57142857143,0.5855448101749389,1.8642857142857128
2016-11-21,93.2,93.35,92.95,93.0,55379,17:20,17:20,True,103416.92857142857,0.5354926003410605,1.8678571428571413
2016-11-22,94.1,94.4,94.1,94.1,47213,17:20,17:20,True,100098.92857142857,0.47166339014617686,1.8999999999999975
2016-11-23,93.85,94.0,93.55,93.55,34139,17:20,17:20,True,95178.21428571429,0.3586850232083422,1.835714285714283
2016-11-24,93.05,93.2,92.9,93.0,21766,17:20,17:20,True,90134.85714285714,0.24148260384439824,1.7964285714285688
2016-11-25,92.8,92.85,92.55,92.75,13052,17:20,17:20,True,87985.71428571429,0.14834226335444065,1.7249999999999983
2016-11-28,92.8,92.85,92.3,92.45,68177,17:20,17:20,True,80269.64285714286,0.8493497363796134,1.664285714285713
2016-11-29,90.8,90.95,90.8,90.85,59616,17:20,17:20,True,82356.0,0.7238816843945797,1.6964285714285705
2016-11-30,91.35,91.4,91.1,91.35,118540,17:20,17:20,True,67771.85714285714,1.749103610221689,1.432142857142857
2016-12-01,91.8,91.8,91.35,91.5,103598,17:20,17:20,True,60879.642857142855,1.7016854097370104,1.3535714285714278
2016-12-02,91.2,91.4,91.1,91.3,27020,17:20,17:20,True,65300.857142857145,0.4137771107795566,1.328571428571428
2016-12-05,90.3,90.7,90.1,90.45,92256,17:20,17:20,True,62597.42857142857,1.4737985585898097,1.2392857142857139
2016-12-06,91.85,92.15,91.85,92.1,33213,17:20,17:20,True,66411.28571428571,0.50011078151519,1.3000000000000003
2016-12-07,93.4,93.65,93.4,93.65,83342,17:20,17:20,True,59896.0,1.3914451716308267,1.2821428571428564
2016-12-08,95.1,95.45,95.05,95.25,71922,17:20,17:20,True,58410.42857142857,1.2313212171016428,1.3500000000000003
2016-12-09,96.95,96.95,96.3,96.5,72722,17:20,17:20,True,59230.92857142857,1.2277707230657728,1.4071428571428584
2016-12-12,96.8,97.2,96.7,97.05,117916,17:20,17:20,True,60469.71428571428,1.9500009449830848,1.3857142857142872
2016-12-13,97.4,97.4,96.85,97.05,61835,17:20,17:20,True,65519.92857142857,0.943758660124128,1.4178571428571445
2016-12-14,98.2,98.25,97.75,97.75,49389,17:20,17:20,True,67498.21428571429,0.7317082462499007,1.4392857142857167
2016-12-15,97.95,98.75,97.95,98.55,135815,17:20,17:20,True,69471.28571428571,1.95498037215787,1.4357142857142873
2016-12-16,99.3,99.45,99.1,99.25,65144,17:20,17:20,True,78240.07142857143,0.8326168267813077,1.5357142857142878
2016-12-19,98.95,98.95,98.55,98.55,46240,17:20,17:20,True,78023.42857142857,0.5926425029844516,1.4857142857142887
2016-12-20,97.25,97.75,97.25,97.55,101385,17:20,17:20,True,77068.0,1.315526547983599,1.5535714285714306
2016-12-21,97.0,97.1,96.95,97.1,53386,17:20,17:20,True,75842.64285714286,0.7039047953610719,1.5642857142857167
2016-12-22,96.5,96.7,96.45,96.6,30149,17:20,17:20,True,72256.07142857143,0.4172521340272938,1.5750000000000017
2016-12-23,96.85,97.5,96.8,97.4,57820,17:20,17:20,True,72479.57142857143,0.7977420238609105,1.5535714285714306
2016-12-27,96.45,96.7,96.3,96.7,18003,17:20,17:20,True,70019.85714285714,0.257112778211895,1.4785714285714298
2016-12-28,96.85,96.85,96.65,96.65,22080,17:20,17:20,True,68933.42857142857,0.3203090352182437,1.442857142857145
2016-12-29,96.0,96.05,95.45,95.9,77104,17:20,17:20,True,64557.57142857143,1.1943448040840623,1.3500000000000014
2016-12-30,95.6,95.75,95.45,95.75,24413,17:20,17:20,True,64927.71428571428,0.3760027635128297,1.267857142857144
2017-01-02,95.65,95.75,95.5,95.5,8844,17:20,17:20,True,61477.07142857143,0.14385851170994063,1.221428571428573
2017-01-03,97.35,97.65,97.1,97.45,86984,17:20,17:20,True,53686.21428571428,1.6202297211175523,1.2642857142857156
2017-01-04,99.1,99.2,98.9,99.15,136689,17:20,17:20,True,55482.57142857143,2.4636385171147697,1.3500000000000003
2017-01-09,98.25,98.45,98.05,98.45,151210,17:20,17:20,True,61718.28571428572,2.450003240530706,1.3607142857142864
2017-01-10,95.55,95.65,95.2,95.25,107634,17:20,17:20,True,62817.92857142857,1.7134280363544985,1.4500000000000008
2017-01-11,94.55,94.75,94.45,94.65,36465,17:20,17:20,True,65852.92857142857,0.5537339157277961,1.4571428571428575
2017-01-12,95.0,95.2,94.5,94.65,85047,17:20,17:20,True,65154.71428571428,1.305308463591057,1.403571428571429
2017-01-13,94.95,95.4,94.95,95.35,63368,17:20,17:20,True,63987.71428571428,0.9903151051317888,1.3964285714285722
2017-01-16,96.2,96.2,95.75,95.95,255347,17:20,17:20,True,64700.71428571428,3.946587032600656,1.489285714285715
2017-01-17,95.7,95.9,95.7,95.75,19831,17:20,17:20,True,80786.28571428571,0.24547483306926213,1.5892857142857153
2017-01-18,95.6,95.8,95.55,95.8,94401,17:20,17:20,True,78072.78571428571,1.2091409206976274,1.6178571428571433
2017-01-19,96.7,96.95,96.4,96.75,77205,17:20,17:20,True,83529.78571428571,0.9242810733895608,1.6571428571428573
2017-01-20,96.5,96.7,96.4,96.5,44853,17:20,17:20,True,87467.28571428571,0.5127974377359046,1.6785714285714286
2017-01-23,97.15,97.15,96.8,96.9,84777,17:20,17:20,True,85163.64285714286,0.9954600009561424,1.7464285714285717
2017-01-24,95.3,96.1,95.0,95.9,137000,17:20,17:20,True,89475.35714285714,1.5311478419836266,1.7857142857142858
2017-01-25,97.45,97.8,97.45,97.6,176791,17:20,17:20,True,98629.35714285714,1.7924784782276502,1.817857142857143
2017-01-26,98.6,98.95,98.35,98.95,206395,17:20,17:20,True,105044.14285714286,1.964840631625616,1.7464285714285717
2017-01-27,99.1,99.2,98.75,98.95,48970,17:20,17:20,True,110023.14285714286,0.44508817625382713,1.8214285714285714
2017-01-30,98.4,98.45,98.3,98.3,38170,17:20,17:20,True,102720.28571428571,0.37159164555060764,1.6571428571428573
2017-01-31,97.8,98.2,97.75,98.0,48440,17:20,17:20,True,97758.57142857143,0.4955064225278017,1.6142857142857139
2017-02-01,100.6,103.0,100.5,101.7,875852,17:20,17:20,True,98613.92857142857,8.881625675886122,1.6214285714285706
2017-02-02,100.9,101.2,100.6,101.2,99980,17:20,17:20,True,155100.0,0.6446163765312701,1.8714285714285706
2017-02-03,102.8,102.8,102.2,102.6,107820,17:20,17:20,True,157715.14285714287,0.6836375889261471,1.8428571428571427
2017-02-06,103.1,103.5,102.9,103.4,81020,17:20,17:20,True,147177.5,0.5504917531552037,1.7857142857142847
2017-02-07,102.0,102.2,102.0,102.0,70131,17:20,17:20,True,151548.14285714287,0.4627638364800624,1.7535714285714283
2017-02-08,102.8,102.9,102.2,102.5,104491,17:20,17:20,True,149814.57142857142,0.6974688710424888,1.7107142857142859
2017-02-09,102.3,102.7,102.3,102.6,44592,17:20,17:20,True,151763.57142857142,0.29382545218361267,1.7750000000000006
2017-02-10,103.4,103.4,103.2,103.3,95160,17:20,17:20,True,151744.92857142858,0.6271049773845113,1.739285714285715
2017-02-13,103.9,103.9,103.6,103.8,17631,17:20,17:20,True,152486.57142857142,0.1156232961028887,1.7142857142857153
2017-02-14,103.2,103.4,103.2,103.3,70004,17:20,17:20,True,143960.2142857143,0.4862732411683188,1.6000000000000014
2017-02-15,103.7,104.0,103.7,103.9,210361,17:20,17:20,True,136332.57142857142,1.5429988431650334,1.5357142857142867
2017-02-16,104.3,104.3,104.0,104.2,13237,17:20,17:20,True,136615.85714285713,0.09689211982294464,1.4785714285714298
2017-02-17,104.5,104.8,104.5,104.8,55407,17:20,17:20,True,134063.5,0.4132892248822386,1.4392857142857147
2017-02-20,104.4,104.8,104.4,104.5,192408,17:20,17:20,True,135294.7142857143,1.4221398154082674,1.5035714285714294
2017-02-21,103.9,104.0,103.3,103.6,197949,17:20,17:20,True,145578.14285714287,1.3597439568538054,1.4821428571428592
2017-02-22,104.3,104.4,104.0,104.2,74873,17:20,17:20,True,97156.5,0.7706432405448941,1.27857142857143
2017-02-23,103.5,103.8,103.4,103.8,54518,17:20,17:20,True,95363.14285714286,0.571688373166033,1.2285714285714298
2017-02-24,104.1,104.5,104.0,104.2,44372,17:20,17:20,True,91555.85714285714,0.4846440346330343,1.2285714285714298
2017-02-27,103.6,103.9,103.6,103.6,122201,17:20,17:20,True,88938.14285714286,1.3739999068373363,1.250000000000001
2017-02-28,103.5,103.7,103.3,103.5,90470,17:20,17:20,True,92657.42857142857,0.9763923022130676,1.2428571428571442
2017-03-01,103.8,104.2,103.7,104.2,86429,17:20,17:20,True,91655.92857142857,0.94297228064898,1.1642857142857161
2017-03-02,104.9,105.1,104.8,105.0,35489,17:20,17:20,True,94644.28571428571,0.37497245324598877,1.1857142857142873
2017-03-03,104.2,104.4,104.1,104.3,36256,17:20,17:20,True,90382.07142857143,0.40114150325325265,1.1857142857142873
2017-03-06,103.6,103.6,103.2,103.3,29910,17:20,17:20,True,91712.42857142857,0.3261280991671171,1.2285714285714298
2017-03-07,103.8,103.8,103.5,103.5,103040,17:20,17:20,True,88848.57142857143,1.159726018587002,1.2285714285714298
2017-03-08,103.2,103.5,103.2,103.5,41854,17:20,17:20,True,81182.78571428571,0.5155526461890672,1.2285714285714289
2017-03-09,103.7,103.7,103.4,103.5,12156,17:20,17:20,True,83226.85714285714,0.14605862118684215,1.25
2017-03-10,105.2,105.4,105.2,105.4,47757,17:20,17:20,True,80137.5,0.5959382311651849,1.2571428571428567
2017-03-13,105.6,105.6,105.1,105.1,105160,17:20,17:20,True,69805.28571428571,1.50647617761242,1.2428571428571422
2017-03-14,105.9,105.9,105.5,105.7,62346,17:20,17:20,True,63177.5,0.986838668829884,1.2071428571428566
2017-03-15,105.2,105.4,105.1,105.2,56359,17:20,17:20,True,62282.71428571428,0.9048899144224837,1.2142857142857133
2017-03-16,106.4,106.4,106.2,106.2,53349,17:20,17:20,True,62414.21428571428,0.8547572153321302,1.1857142857142853
2017-03-17,105.9,106.0,105.8,105.8,55702,17:20,17:20,True,63055.42857142857,0.8833815146764298,1.1999999999999997
2017-03-20,106.3,106.4,106.0,106.3,20364,17:20,17:20,True,58305.5,0.34926379158055415,1.221428571428571
2017-03-21,106.4,106.4,106.1,106.3,81438,17:20,17:20,True,53297.92857142857,1.527976831048111,1.221428571428571
2017-03-22,105.0,105.4,104.9,105.3,166960,17:20,17:20,True,52941.42857142857,3.1536738713942634,1.2142857142857142
2017-03-23,106.0,106.0,105.6,105.9,80966,17:20,17:20,True,62332.21428571428,1.2989431055484955,1.278571428571428
2017-03-24,104.9,105.3,104.9,105.2,85373,17:20,17:20,True,65525.78571428572,1.302891664241231,1.335714285714285
2017-03-27,104.0,104.0,103.7,103.8,81731,17:20,17:20,True,69487.42857142857,1.1761983668166083,1.3500000000000003
2017-03-28,104.9,105.2,104.7,105.2,113742,17:20,17:20,True,67965.35714285714,1.6735290562944356,1.392857142857144
2017-03-29,99.75,99.75,99.3,99.5,554740,17:20,17:20,True,73100.21428571429,7.588760244009446,1.392857142857144
2017-03-30,99.0,99.0,98.65,98.9,66528,17:20,17:20,True,111856.21428571429,0.5947635580627425,1.732142857142858
2017-03-31,99.15,99.45,99.1,99.2,70239,17:20,17:20,True,113197.0,0.6205023101318939,1.7107142857142859
2017-04-03,99.95,100.2,99.9,100.0,49186,17:20,17:20,True,110702.64285714286,0.44430736909752444,1.6892857142857147
2017-04-04,98.6,98.7,98.4,98.45,55417,17:20,17:20,True,109762.64285714286,0.5048803359456802,1.6964285714285725
2017-04-05,98.05,98.15,97.85,97.9,38242,17:20,17:20,True,109695.35714285714,0.3486200418692027,1.7535714285714294
2017-04-06,96.55,96.6,96.3,96.3,91279,17:20,17:20,True,108616.28571428571,0.8403804217731096,1.7464285714285726
2017-04-07,97.55,97.75,97.35,97.7,71487,17:20,17:20,True,111157.5,0.6431144996963768,1.789285714285715
2017-04-10,98.05,98.25,98.0,98.0,62879,17:20,17:20,True,114809.14285714286,0.5476828624897967,1.7857142857142858
2017-04-11,97.85,97.95,97.55,97.65,35777,17:20,17:20,True,113483.5,0.3152616900254222,1.7357142857142855
2017-04-12,98.6,98.95,98.6,98.95,20953,17:20,17:20,True,104113.28571428571,0.20125193299057484,1.721428571428571
2017-04-18,97.95,98.0,97.8,98.0,119144,17:20,17:20,True,99826.64285714286,1.1935090331596274,1.6785714285714286
2017-04-19,96.5,96.6,96.35,96.55,40085,17:20,17:20,True,102238.85714285714,0.3920720665332722,1.767857142857142
2017-04-20,97.65,97.65,97.4,97.65,38274,17:20,17:20,True,99264.14285714286,0.38557729808922514,1.7392857142857139
2017-04-21,98.25,98.45,98.2,98.35,36377,17:20,17:20,True,93873.57142857143,0.3875105575127641,1.7571428571428567
2017-04-24,99.95,99.95,99.6,99.75,139937,17:20,17:20,True,56847.642857142855,2.461614817551174,1.3499999999999994
2017-04-25,102.0,102.5,101.9,102.3,176335,17:20,17:20,True,62091.142857142855,2.8399380633998867,1.528571428571428
2017-04-26,102.0,102.1,101.6,101.7,49483,17:20,17:20,True,69669.42857142857,0.7102541389336582,1.5499999999999992
2017-04-27,100.8,101.4,100.4,100.6,231554,17:20,17:20,True,69690.64285714286,3.3225981352282385,1.5642857142857127
2017-04-28,100.6,100.8,100.5,100.8,61057,17:20,17:20,True,82271.85714285714,0.7421371307320851,1.5214285714285702
2017-05-02,102.0,102.3,102.0,102.3,107164,17:20,17:20,True,83901.5,1.2772596437489199,1.5642857142857127
2017-05-03,102.3,102.3,102.1,102.1,62544,17:25,17:20,True,85036.14285714286,0.7354990231044615,1.5142857142857125
2017-05-04,104.1,104.4,104.1,104.3,60412,17:25,17:20,True,84397.35714285714,0.715804404843415,1.6035714285714266
2017-05-05,104.8,105.0,104.8,104.9,65512,17:25,17:20,True,84221.14285714286,0.7778569344650478,1.6392857142857125
2017-05-08,106.0,106.0,105.7,105.7,87702,17:25,17:20,True,86345.07142857143,1.015715182684759,1.6107142857142844
2017-05-09,105.5,105.9,105.5,105.8,166339,17:25,17:20,True,91112.85714285714,1.8256369651452673,1.5892857142857133
2017-05-10,106.6,106.6,106.1,106.4,224158,17:25,17:20,True,94483.92857142857,2.3724458052200865,1.5428571428571425
2017-05-11,106.9,107.0,106.7,106.7,73633,17:25,17:20,True,107632.0,0.6841181061394381,1.499999999999999
2017-05-12,106.5,106.5,106.2,106.4,71704,17:25,17:20,True,110157.64285714286,0.6509216985787252,1.5035714285714283
2017-05-15,106.8,107.0,106.8,107.0,308764,17:25,17:20,True,112681.0,2.7401602754679137,1.4857142857142855
2017-05-16,106.4,106.4,106.1,106.4,137794,17:25,17:20,True,124740.07142857143,1.1046490387726249,1.3428571428571436
2017-05-17,105.5,105.7,105.2,105.4,119303,17:25,17:20,True,121987.14285714286,0.9779965101708611,1.3000000000000012
2017-05-18,104.5,105.2,104.5,105.2,177986,17:25,17:20,True,126974.28571428571,1.4017483854998762,1.307142857142858
2017-05-19,104.0,104.2,103.9,104.2,92122,17:25,17:20,True,123148.0,0.7480592457855588,1.392857142857144
2017-05-22,105.0,105.2,104.9,104.9,68781,17:25,17:20,True,125366.92857142857,0.5486375137667316,1.3285714285714292
2017-05-23,104.6,104.8,104.6,104.8,62432,17:25,17:20,True,122625.28571428571,0.5091282734742427,1.3428571428571436
2017-05-26,104.9,105.1,104.8,105.0,122451,17:25,17:20,True,122617.28571428571,0.9986438640089198,1.2928571428571445
2017-05-29,105.4,105.5,105.2,105.3,28001,17:25,17:20,True,127048.64285714286,0.2203959001080014,1.2928571428571445
2017-05-30,104.7,105.1,104.6,105.0,116890,17:25,17:20,True,124369.28571428571,0.9398622765152168,1.27857142857143
2017-05-31,105.1,105.2,105.0,105.1,99570,17:25,17:20,True,126454.14285714286,0.7874000625862114,1.2857142857142867
2017-06-01,104.8,104.8,104.6,104.8,58227,17:25,17:20,True,121684.92857142857,0.4785062594322927,1.2357142857142864
2017-06-02,104.8,105.2,104.8,105.1,102648,17:25,17:20,True,109832.71428571429,0.9345849337108771,1.2285714285714298
2017-06-05,104.7,104.7,104.6,104.6,24950,17:25,17:20,True,111905.21428571429,0.22295654549481608,1.250000000000001
2017-06-07,104.7,104.7,104.3,104.5,223457,17:25,17:20,True,108565.64285714286,2.058266262873219,1.2571428571428587
2017-06-08,105.2,105.6,105.1,105.5,127882,17:25,17:20,True,102472.28571428571,1.2479666976158015,1.2857142857142867
2017-06-09,105.5,105.7,105.4,105.7,66937,17:25,17:20,True,101764.28571428571,0.6577651435389907,1.357142857142858
2017-06-12,105.2,105.5,105.2,105.4,144713,17:25,17:20,True,98023.85714285714,1.4763038735468188,1.2928571428571445
2017-06-13,105.2,105.5,105.2,105.3,83944,17:25,17:20,True,95647.21428571429,0.8776418699372172,1.2285714285714298
2017-06-14,105.0,105.2,104.8,105.1,140371,17:25,17:20,True,95063.07142857143,1.4766091384441757,1.1928571428571442
2017-06-15,104.0,104.0,103.7,103.9,100142,17:25,17:20,True,100176.64285714286,0.9996541822908533,1.2071428571428586
2017-06-16,104.5,104.6,104.2,104.4,81831,17:25,17:20,True,102870.21428571429,0.7954780746613451,1.2071428571428586
2017-06-19,105.0,105.3,104.9,105.2,133752,17:25,17:20,True,99968.78571428571,1.337937627673781,1.1785714285714306
2017-06-20,106.7,106.8,106.6,106.7,71125,17:25,17:20,True,107522.42857142857,0.6614898951315141,1.2571428571428587
2017-06-21,105.6,105.6,105.0,105.2,177215,17:25,17:20,True,104253.5,1.6998470075345191,1.2428571428571442
2017-06-22,104.1,104.1,103.8,103.9,131853,17:25,17:20,True,109799.57142857143,1.200851681700553,1.2928571428571445
2017-06-26,102.8,103.8,102.8,103.8,199360,17:25,17:20,True,115058.57142857143,1.732682733017966,1.3428571428571447
2017-06-27,102.8,102.9,102.7,102.8,61419,17:25,17:20,True,121966.57142857143,0.5035724074277963,1.3142857142857167
2017-06-28,102.5,102.5,102.1,102.1,162717,17:25,17:20,True,124571.5,1.3062137005655388,1.3500000000000025
2017-06-29,103.6,104.0,103.4,103.9,156121,17:25,17:20,True,120232.92857142857,1.2984878756176257,1.35714285714286
2017-06-30,103.4,103.7,103.4,103.5,75533,17:25,17:20,True,122250.0,0.6178568507157465,1.3428571428571456
2017-07-03,102.2,102.3,102.2,102.3,41446,17:25,17:20,True,122864.0,0.33733233493944526,1.4071428571428604
2017-07-04,103.9,104.1,103.6,104.1,73128,17:25,17:20,True,115487.78571428571,0.6332098199624079,1.4785714285714309
2017-07-05,104.6,104.6,104.4,104.4,87880,17:25,17:20,True,114715.21428571429,0.7660710093878442,1.5142857142857176
2017-07-06,104.2,104.3,104.1,104.2,51228,17:25,17:20,True,110965.85714285714,0.46165551566054425,1.4857142857142887
2017-07-07,104.3,104.4,104.1,104.1,58606,17:25,17:20,True,107472.0,0.5453141283311002,1.4500000000000028
2017-07-10,103.8,104.2,103.8,104.1,151462,17:25,17:20,True,105813.07142857143,1.4314110530497515,1.4500000000000028
2017-07-11,103.8,104.1,103.7,104.0,69485,17:25,17:20,True,107078.07142857143,0.6489190463833798,1.3500000000000034
2017-07-12,103.9,104.1,103.7,103.9,117864,17:25,17:20,True,106960.92857142857,1.1019350857756471,1.3285714285714323
2017-07-13,105.6,105.7,105.4,105.7,54307,17:25,17:20,True,102721.57142857143,0.5286815538814353,1.3428571428571467
2017-07-14,107.5,108.5,107.0,108.2,763480,17:25,17:20,True,97182.57142857143,7.856141165817504,1.2642857142857176
2017-07-17,107.4,107.4,107.2,107.4,91678,17:25,17:20,True,137476.85714285713,0.6668613314656597,1.414285714285717
2017-07-18,106.9,107.3,106.9,107.1,119754,17:25,17:20,True,139638.2142857143,0.8576019151531892,1.4000000000000026
2017-07-19,105.8,106.1,105.7,106.1,144320,17:25,17:20,True,136569.42857142858,1.0567518771195394,1.442857142857145
2017-07-20,105.6,105.6,105.2,105.3,180210,17:25,17:20,True,135726.5,1.32774366096525,1.442857142857145
2017-07-21,104.0,104.2,104.0,104.2,89222,17:25,17:20,True,143203.42857142858,0.623043741969466,1.4285714285714295
2017-07-24,103.3,103.7,103.2,103.5,66665,17:25,17:20,True,146616.0,0.4546911660391772,1.3571428571428592
2017-07-25,102.9,103.2,102.7,103.0,131496,17:25,17:20,True,146154.35714285713,0.8997063280944169,1.3714285714285726
2017-07-26,103.0,103.1,102.6,102.6,82161,17:25,17:20,True,149269.7857142857,0.5504194945202288,1.364285714285715
2017-07-27,103.1,103.6,103.1,103.5,135803,17:25,17:20,True,151479.2857142857,0.8965120172017862,1.357142857142858
2017-07-28,104.2,104.5,103.9,103.9,135482,17:25,17:20,True,156993.35714285713,0.8629791888373803,1.4071428571428584
2017-07-31,103.1,103.5,103.0,103.4,103016,17:25,17:20,True,155851.92857142858,0.6609863666382972,1.471428571428572
2017-08-01,102.8,102.8,102.5,102.8,58662,17:25,17:20,True,158247.0,0.370698970596599,1.5071428571428578
2017-08-02,104.1,104.3,104.1,104.2,157415,17:25,17:20,True,154018.2857142857,1.0220539676179452,1.4928571428571422
2017-08-03,103.5,103.5,103.4,103.5,71403,17:25,17:20,True,161383.14285714287,0.44244397981024747,1.5428571428571425
2017-08-04,103.0,103.2,102.8,102.9,110586,17:25,17:20,True,111949.07142857143,0.9878241828076159,1.3714285714285706
2017-08-07,103.8,104.2,103.6,104.2,106950,17:25,17:20,True,113299.64285714286,0.9439570796780976,1.4071428571428564
2017-08-08,104.2,104.4,104.2,104.3,62505,17:25,17:20,True,112385.07142857143,0.5561681743444573,1.3214285714285705
2017-08-09,103.9,104.0,103.5,103.6,169355,17:25,17:20,True,106541.14285714286,1.5895737126368352,1.2857142857142847
2017-08-10,104.0,104.0,103.7,103.8,52808,17:25,17:20,True,105765.78571428571,0.4992918990140614,1.278571428571429
2017-08-11,102.5,102.7,102.5,102.6,154772,17:25,17:20,True,103164.78571428571,1.500240599817075,1.2642857142857145
2017-08-14,101.8,102.1,101.8,101.9,151426,17:25,17:20,True,109458.14285714286,1.3834146647054908,1.2857142857142858
2017-08-15,102.9,102.9,102.7,102.7,130308,17:25,17:20,True,110881.71428571429,1.1751982807934322,1.3000000000000003
2017-08-16,103.1,103.4,103.1,103.4,98175,17:25,17:20,True,114320.78571428571,0.8587677156572577,1.335714285714285
2017-08-17,103.7,103.7,103.2,103.3,152878,17:25,17:20,True,111633.07142857143,1.369468725025802,1.3428571428571416
2017-08-18,101.4,101.4,101.0,101.4,157801,17:25,17:20,True,112875.64285714286,1.398007541801692,1.3642857142857139
2017-08-21,101.6,101.9,101.5,101.8,109330,17:25,17:20,True,116788.85714285714,0.9361338288143928,1.3642857142857139
2017-08-22,102.0,102.4,102.0,102.3,169805,17:25,17:20,True,120408.0,1.4102468274533253,1.2928571428571434
2017-08-23,102.2,102.2,101.9,102.1,93483,17:25,17:20,True,121293.0,0.7707204867552125,1.278571428571429
2017-08-24,102.4,102.7,102.4,102.6,75511,17:25,17:20,True,122870.14285714286,0.6145593896459793,1.278571428571429
2017-08-25,102.0,102.2,102.0,102.2,64201,17:25,17:20,True,120364.78571428571,0.5333869006537864,1.2357142857142855
2017-08-28,102.0,102.3,102.0,102.2,89383,17:25,17:20,True,117311.28571428571,0.7619301029373621,1.2357142857142855
2017-08-29,102.0,102.2,101.7,101.8,162819,17:25,17:20,True,119231.14285714286,1.365574430458006,1.2357142857142855
2017-08-30,102.4,102.9,102.4,102.8,205377,17:25,17:20,True,118764.28571428571,1.7292824923317496,1.1857142857142844
2017-08-31,103.4,103.6,103.1,103.5,253002,17:25,17:20,True,129662.07142857143,1.9512413862628624,1.1785714285714266
2017-09-01,103.4,103.7,103.4,103.6,92056,17:25,17:20,True,136678.5,0.6735221706413225,1.164285714285713
2017-09-04,102.5,102.6,102.5,102.5,45278,17:25,17:20,True,132437.7857142857,0.3418812822624532,1.1785714285714275
2017-09-05,101.7,102.1,101.7,102.0,77700,17:25,17:20,True,126364.21428571429,0.6148892741446352,1.192857142857142
2017-09-06,100.4,100.7,100.0,100.7,216814,17:25,17:20,True,124901.71428571429,1.7358768952044579,1.164285714285713
2017-09-07,100.6,100.6,100.3,100.3,103448,17:25,17:20,True,129468.57142857143,0.799020170366774,1.1035714285714266
2017-09-08,100.1,100.1,99.85,100.0,111788,17:25,17:20,True,125586.21428571429,0.8901295467484772,1.1214285714285697
2017-09-11,100.9,101.3,100.9,101.2,176181,17:25,17:20,True,125761.78571428571,1.4009104514487425,1.1392857142857113
2017-09-12,102.0,102.4,102.0,102.3,77269,17:25,17:20,True,126217.21428571429,0.6121906622426984,1.1892857142857116
2017-09-13,102.6,102.7,102.4,102.7,51026,17:25,17:20,True,125059.07142857143,0.40801518368176865,1.210714285714283
2017-09-14,102.8,103.1,102.7,102.9,75728,17:25,17:20,True,123310.14285714286,0.6141262855216406,1.1964285714285694
2017-09-15,102.8,102.8,102.5,102.7,88227,17:25,17:20,True,124133.5,0.7107428695718723,1.1678571428571405
2017-09-18,102.2,102.3,102.1,102.3,70681,17:25,17:20,True,124050.92857142857,0.5697740501740933,1.2107142857142839
2017-09-19,101.8,102.0,101.6,101.9,87396,17:25,17:20,True,117469.64285714286,0.7439879604153049,1.2392857142857128
2017-09-20,102.0,102.3,101.9,102.2,113355,17:25,17:20,True,109042.42857142857,1.0395494807394763,1.203571428571428
2017-09-21,102.7,102.8,102.7,102.8,90900,17:25,17:20,True,99067.64285714286,0.9175548885429653,1.1321428571428558
2017-09-22,103.8,103.8,103.4,103.5,89635,17:25,17:20,True,98985.07142857143,0.9055405901755748,1.1607142857142847
2017-09-25,103.9,104.2,103.9,104.1,61675,17:25,17:20,True,102153.42857142857,0.6037487029314449,1.1107142857142844
2017-09-26,104.0,104.0,103.8,103.9,79434,17:25,17:20,True,101008.78571428571,0.786406840140497,1.067857142857142
2017-09-27,104.5,104.7,104.4,104.7,106691,17:25,17:20,True,91195.92857142857,1.169909684251255,1.0642857142857136
2017-09-28,106.9,107.0,106.8,106.8,191760,17:25,17:20,True,91427.57142857143,2.0973979402899716,1.153571428571428
2017-09-29,106.3,106.4,106.2,106.2,71166,17:25,17:20,True,97139.85714285714,0.7326138013085698,1.1571428571428573
2017-10-02,107.2,107.2,106.9,107.0,82221,17:25,17:20,True,89638.78571428571,0.9172480343728759,1.1214285714285717
2017-10-03,106.6,106.9,106.6,106.7,103150,17:25,17:20,True,89992.5,1.1462066283301386,1.1285714285714294
2017-10-04,107.2,107.2,106.7,106.8,89832,17:25,17:20,True,93715.64285714286,0.9585592891566357,1.1357142857142861
2017-10-05,106.1,106.2,105.9,106.0,129906,17:25,17:20,True,94723.07142857143,1.3714293470515178,1.1714285714285728
2017-10-06,106.9,106.9,106.6,106.6,90603,17:25,17:20,True,97700.14285714286,0.9273579070654964,1.1214285714285717
2017-10-09,106.6,106.9,106.4,106.7,157994,17:25,17:20,True,99123.14285714286,1.5939163695374585,1.107142857142858
2017-10-10,106.1,106.1,106.0,106.0,70457,17:25,17:20,True,104165.85714285714,0.6763924565356622,1.1428571428571428
2017-10-11,106.0,106.1,105.9,105.9,114041,17:25,17:20,True,101101.71428571429,1.1279828517815156,1.1857142857142864
2017-10-12,105.0,105.1,104.8,105.0,91944,17:25,17:20,True,102754.64285714286,0.8947916847691971,1.1571428571428573
2017-10-13,105.7,105.7,104.3,104.3,331108,17:25,17:20,True,102919.57142857143,3.2171529224623385,1.192857142857143
2017-10-16,104.7,104.7,104.4,104.4,97232,17:25,17:20,True,122164.78571428571,0.795908570800447,1.278571428571429
2017-10-17,103.9,104.0,103.7,104.0,159707,17:25,17:20,True,123436.07142857143,1.293843834720691,1.307142857142858
2017-10-18,104.8,104.9,104.4,104.5,247940,17:25,17:20,True,127222.92857142857,1.9488625421855112,1.2071428571428575
2017-10-19,104.0,104.1,103.7,103.7,131323,17:25,17:20,True,131235.7857142857,1.0006645617675058,1.221428571428572
2017-10-20,104.0,104.0,103.6,103.9,200636,17:25,17:20,True,135532.7142857143,1.480351080234714,1.2285714285714289
2017-10-23,105.2,105.5,105.2,105.3,95621,17:25,17:20,True,143990.92857142858,0.6640765564100516,1.3000000000000003
2017-10-24,104.8,104.8,104.5,104.7,94518,17:25,17:20,True,143453.14285714287,0.6588771644698318,1.307142857142858
2017-10-25,103.0,103.3,102.2,102.4,530782,17:25,17:20,True,143787.85714285713,3.691424370227965,1.328571428571428
2017-10-26,101.6,101.6,101.1,101.3,305939,17:25,17:20,True,172421.85714285713,1.7743632104978406,1.4571428571428566
2017-10-27,102.5,102.7,102.4,102.6,198713,17:25,17:20,True,187803.0,1.058092788720095,1.4857142857142844
2017-10-30,102.6,102.9,102.6,102.7,123934,17:25,17:20,True,190711.5,0.6498506907029729,1.4857142857142855
2017-10-31,102.2,102.5,102.2,102.4,77600,17:25,17:20,True,194531.2857142857,0.398907557286048,1.4571428571428575
2017-11-01,103.5,103.5,103.3,103.5,72040,17:25,17:20,True,191928.35714285713,0.37534839078718735,1.442857142857143
2017-11-02,103.0,103.1,102.8,103.1,53142,17:25,17:20,True,190506.64285714287,0.2789509027244269,1.4071428571428573
2017-11-06,102.6,102.6,102.4,102.4,55832,17:25,17:20,True,170651.92857142858,0.32716887800439237,1.3357142857142859
2017-11-07,103.6,103.6,103.4,103.5,151491,17:25,17:20,True,167694.7857142857,0.9033733479233318,1.3214285714285714
2017-11-08,104.0,104.0,103.7,103.7,120763,17:25,17:20,True,167107.92857142858,0.7226646936047746,1.357142857142858
2017-11-09,103.8,103.9,103.6,103.7,97674,17:25,17:20,True,158023.85714285713,0.6180965441926943,1.335714285714287
2017-11-10,103.2,103.6,103.2,103.6,66753,17:25,17:20,True,155620.35714285713,0.4289477368229001,1.3285714285714303
2017-11-13,102.9,103.2,102.8,102.8,93416,17:25,17:20,True,146057.2857142857,0.6395846639430126,1.2357142857142864
2017-11-14,102.6,102.7,102.6,102.7,94847,17:25,17:20,True,145899.7857142857,0.6500832029029711,1.278571428571429
2017-11-15,101.3,101.3,101.1,101.1,97971,17:25,17:20,True,145923.2857142857,0.6713870203815508,1.2857142857142867
2017-11-16,101.2,101.3,101.1,101.3,114968,17:25,17:20,True,115008.21428571429,0.9996503355350393,1.2357142857142875
2017-11-17,101.0,101.0,100.8,100.9,64218,17:25,17:20,True,101367.42857142857,0.6335171060864859,1.1928571428571442
2017-11-20,99.0,99.05,98.7,98.7,111292,17:25,17:20,True,91760.64285714286,1.2128511367696546,1.2892857142857141
2017-11-21,98.9,99.0,98.75,98.75,54275,17:25,17:20,True,90857.64285714286,0.5973630648259012,1.3107142857142844
2017-11-22,98.9,98.95,98.75,98.85,79686,17:25,17:20,True,89191.57142857143,0.8934252275599391,1.2964285714285697
2017-11-23,97.65,97.7,97.5,97.6,121196,17:25,17:20,True,89737.71428571429,1.3505581344999076,1.3642857142857128
2017-11-24,98.0,98.1,97.85,98.1,45087,17:25,17:20,True,94598.71428571429,0.476613243006927,1.3678571428571402
2017-11-27,98.0,98.15,97.95,98.0,60086,17:25,17:20,True,93831.21428571429,0.6403625963641402,1.3499999999999974
2017-11-28,97.55,98.1,97.5,98.1,108556,17:25,17:20,True,87302.28571428571,1.2434496887661264,1.2821428571428544
2017-11-30,99.05,99.2,98.8,98.8,115014,17:25,17:20,True,86430.35714285714,1.3307130017974835,1.2642857142857113
2017-12-01,99.4,99.4,99.15,99.4,87752,17:25,17:20,True,87668.92857142857,1.000947558387277,1.3607142857142824
2017-12-04,98.6,99.0,98.6,99.0,159226,17:25,17:20,True,89168.85714285714,1.78566828264833,1.3999999999999975
2017-12-05,99.4,99.75,99.35,99.75,87968,17:25,17:20,True,93869.57142857143,0.93713009084033,1.3999999999999975
2017-12-06,98.0,98.0,97.4,97.55,107605,17:25,17:20,True,93378.21428571429,1.1523565836326153,1.432142857142855
2017-12-07,97.3,97.65,97.3,97.45,127862,17:25,17:20,True,94066.35714285714,1.3592744939172878,1.4071428571428553
2017-12-08,98.7,98.95,98.65,98.85,148358,17:25,17:20,True,94987.35714285714,1.5618710159171558,1.403571428571428
2017-12-11,99.5,99.55,99.3,99.4,123237,17:25,17:20,True,100997.35714285714,1.2202002456924261,1.4357142857142864
2017-12-12,99.65,99.8,99.65,99.75,103278,17:25,17:20,True,101850.57142857143,1.0140149294344376,1.4428571428571442
2017-12-13,99.85,100.1,99.6,100.1,96270,17:25,17:20,True,105350.78571428571,0.913804290563973,1.460714285714287
2017-12-14,99.35,99.6,99.35,99.45,103730,17:25,17:20,True,106535.35714285714,0.9736673606012759,1.4000000000000006
2017-12-15,98.45,98.65,98.35,98.55,96676,17:25,17:20,True,105287.78571428571,0.9182071723147917,1.4357142857142873
2017-12-18,98.3,98.95,98.3,98.85,177322,17:25,17:20,True,108972.71428571429,1.627214676282005,1.4928571428571442
2017-12-19,99.2,99.2,99.05,99.05,55442,17:25,17:20,True,117346.71428571429,0.47246316471214117,1.5250000000000006
2017-12-20,99.0,99.1,98.9,99.05,96825,17:25,17:20,True,113552.85714285714,0.8526866028407161,1.5642857142857147
2017-12-21,97.65,97.7,97.45,97.5,107237,17:25,17:20,True,112253.64285714286,0.9553097545036718,1.4964285714285717
2017-12-22,98.75,98.8,98.5,98.7,91001,17:25,17:20,True,113645.42857142857,0.8007449234335364,1.5392857142857141
2017-12-27,98.1,98.2,98.1,98.1,34328,17:25,17:20,True,108772.21428571429,0.31559530368509287,1.5214285714285711
2017-12-28,97.0,97.05,96.35,96.35,92951,17:25,17:20,True,104940.78571428571,0.8857471322262691,1.5
2017-12-29,97.05,97.15,97.0,97.15,68785,17:25,17:20,True,103894.07142857143,0.662068576716532,1.471428571428571
2018-01-02,96.3,96.8,96.3,96.7,131854,17:25,17:20,True,99674.28571428571,1.3228487072177952,1.5249999999999986
2018-01-03,96.6,96.68,96.36,96.52,118461,17:25,17:20,True,98495.42857142857,1.2027055642901485,1.3892857142857125
2018-01-04,96.98,97.22,96.88,97.16,196140,17:25,17:20,True,98154.28571428571,1.998282587180532,1.374999999999998
2018-01-08,99.22,99.38,99.18,99.18,260127,17:25,17:20,True,104787.28571428571,2.4824290296941696,1.4542857142857133
2018-01-09,99.32,99.54,99.28,99.42,207553,17:25,17:20,True,116491.35714285714,1.7817029957464656,1.481428571428571
2018-01-10,101.3,101.3,100.8,101.0,97063,17:25,17:20,True,123907.28571428571,0.7833518379525706,1.5428571428571425
2018-01-11,102.05,102.3,102.05,102.25,126403,17:25,17:20,True,123934.92857142857,1.019914252237205,1.5249999999999997
2018-01-12,101.95,101.95,101.7,101.7,85069,17:25,17:20,True,120297.85714285714,0.7071530783709483,1.5392857142857141
2018-01-15,101.6,101.6,101.2,101.2,121342,17:25,17:20,True,122414.07142857143,0.9912422533123818,1.5392857142857141
2018-01-16,100.85,100.85,100.6,100.8,93114,17:25,17:20,True,124165.28571428571,0.7499197498265561,1.5321428571428573
2018-01-17,100.65,100.65,100.2,100.3,129645,17:25,17:20,True,123156.5,1.0526849983557507,1.4499999999999997
2018-01-18,100.35,100.65,100.35,100.4,123274,17:25,17:20,True,125916.78571428571,0.9790116488497222,1.4214285714285708
2018-01-19,99.96,99.96,99.62,99.84,587539,17:25,17:20,True,132270.07142857142,4.441964789572849,1.4185714285714275
2018-01-22,99.86,100.0,99.68,100.0,178265,17:25,17:20,True,167597.7857142857,1.063647704176112,1.5064285714285706
2018-01-23,102.6,102.7,102.4,102.4,140584,17:25,17:20,True,175417.7857142857,0.8014238660438814,1.5899999999999994
2018-01-24,101.15,101.2,100.95,100.95,88907,17:25,17:20,True,176041.35714285713,0.5050347341270051,1.6578571428571425
2018-01-25,100.15,100.15,99.44,99.58,328804,17:25,17:20,True,173930.35714285713,1.890434800464061,1.625714285714285
2018-01-26,98.76,98.78,98.16,98.16,120575,17:25,17:20,True,183406.35714285713,0.65741996012757,1.643571428571427
2018-01-29,100.1,100.15,99.9,100.1,68816,17:25,17:20,True,173438.35714285713,0.39677497604130246,1.7257142857142835
2018-01-30,100.1,100.15,99.64,100.0,102190,17:25,17:20,True,163528.57142857142,0.6249060889315978,1.6271428571428541
2018-01-31,101.5,101.5,100.75,101.35,488759,17:25,17:20,True,163894.7857142857,2.9821510054141878,1.5985714285714263
2018-02-01,100.0,100.4,99.98,100.4,124241,17:25,17:20,True,189777.35714285713,0.6546671419102761,1.7057142857142844
2018-02-02,100.75,100.75,100.25,100.6,132358,17:25,17:20,True,192575.35714285713,0.6873049696686455,1.7699999999999991
2018-02-05,99.1,99.12,98.98,99.12,141875,17:25,17:20,True,193362.2142857143,0.7337265997086888,1.7807142857142852
2018-02-06,93.0,93.92,92.78,93.82,445101,17:25,17:20,True,196845.14285714287,2.2611733951851924,1.9933121428571425
2018-02-07,94.86,94.86,94.0,94.5,169555,17:25,17:20,True,219377.7142857143,0.772890722068396,2.256883571428571
2018-02-08,96.02,96.4,95.9,96.32,109794,17:25,17:20,True,222683.5,0.49304955239162307,2.323312142857143
2018-02-09,94.44,94.7,94.34,94.68,169581,17:25,17:20,True,188558.85714285713,0.8993531386940948,2.2718835714285714
2018-02-12,95.28,95.3,95.08,95.08,104155,17:25,17:20,True,187938.57142857142,0.5541970400662831,2.2340264285714286
2018-02-13,94.38,94.4,94.08,94.34,111251,17:25,17:20,True,185336.5,0.6002649235309828,2.2533121428571428
2018-02-14,95.0,95.18,94.7,94.92,159614,17:25,17:20,True,186932.5,0.8538590132801948,2.3025978571428567
2018-02-15,97.02,97.02,96.62,96.8,120993,17:25,17:20,True,174847.5,0.6919915926736155,2.331883571428572
2018-02-16,97.22,97.42,96.92,97.26,88680,17:25,17:20,True,174877.35714285713,0.507098239868512,2.2825978571428576
2018-02-19,97.66,97.9,97.62,97.62,53401,17:25,17:20,True,176296.2142857143,0.3029049728399483,2.3104550000000015
2018-02-20,97.82,97.98,97.82,97.94,18903,17:25,17:20,True,172811.2857142857,0.10938521706998303,2.2890264285714292
2018-02-21,98.2,98.42,98.1,98.36,41572,17:25,17:20,True,139250.14285714287,0.29854188402987014,2.1461692857142856
2018-02-22,97.68,97.74,97.04,97.12,462164,17:25,17:20,True,133345.2142857143,3.4659211616679158,2.0890264285714273
2018-02-23,97.66,97.74,97.54,97.66,89137,17:25,17:20,True,156902.7857142857,0.5681033615446143,2.1011692857142847
2018-02-26,97.78,98.18,97.7,98.06,230916,17:25,17:20,True,153135.7857142857,1.507916643539044,1.8814285714285706
2018-02-27,97.96,98.24,97.92,98.02,114753,17:25,17:20,True,137836.85714285713,0.8325276880121221,1.6185714285714283
2018-02-28,98.48,98.88,98.38,98.78,123425,17:25,17:20,True,133922.42857142858,0.921615604769072,1.538571428571428
2018-03-01,97.5,97.7,97.5,97.66,76166,17:25,17:20,True,134896.07142857142,0.5646272659640094,1.499999999999999
2018-03-02,96.58,96.9,96.5,96.64,152277,17:25,17:20,True,128223.57142857143,1.1875897567307103,1.4085714285714286
2018-03-05,94.78,95.24,94.78,95.14,95428,17:25,17:20,True,131660.85714285713,0.7248016006492873,1.4499999999999997
2018-03-06,96.44,96.58,96.3,96.48,107490,17:25,17:20,True,130530.64285714286,0.8234847974941845,1.4342857142857142
2018-03-07,96.0,96.08,95.76,95.98,68390,17:25,17:20,True,126807.5,0.5393214123770281,1.3099999999999992
2018-03-08,97.38,97.86,97.32,97.76,171172,17:25,17:20,True,123050.14285714286,1.391075183055456,1.288571428571428
2018-03-09,98.38,98.58,98.18,98.54,98171,17:25,17:20,True,128942.42857142857,0.7613552892376111,1.3071428571428558
2018-03-12,98.64,98.9,98.5,98.74,152319,17:25,17:20,True,132140.2857142857,1.1527067553746992,1.3242857142857127
2018-03-13,98.62,98.62,98.48,98.48,44916,17:25,17:20,True,141670.0,0.31704665772570056,1.3028571428571425
2018-03-14,98.14,98.22,97.88,98.2,196421,17:25,17:20,True,141908.85714285713,1.3841348873824448,1.3814285714285717
2018-03-15,97.84,97.86,97.62,97.74,131377,17:25,17:20,True,122927.21428571429,1.068738120874083,1.3985714285714275
2018-03-16,97.98,97.98,97.5,97.84,75522,17:25,17:20,True,125944.35714285714,0.5996457619322819,1.4042857142857141
2018-03-19,98.46,98.8,98.3,98.62,141153,17:25,17:20,True,114844.78571428571,1.2290762625580987,1.4385714285714286
2018-03-20,96.6,96.82,96.46,96.52,98230,17:25,17:20,True,116730.5,0.841511001837566,1.5214285714285711
2018-03-21,95.7,95.72,95.5,95.68,70408,17:25,17:20,True,114930.85714285714,0.6126118063531365,1.5557142857142847
2018-03-22,94.3,94.3,93.62,93.78,198160,17:25,17:20,True,114519.57142857143,1.7303592523798177,1.5942857142857128
2018-03-23,91.58,91.86,91.38,91.7,225312,17:25,17:20,True,117796.92857142857,1.9127154055071773,1.6142857142857128
2018-03-26,93.0,93.02,92.68,92.82,197248,17:25,17:20,True,127074.35714285714,1.552225047089977,1.672857142857142
2018-03-27,88.0,88.2,87.88,87.92,459458,17:25,17:20,True,133485.64285714287,3.442003126071878,1.7057142857142853
2018-03-28,85.68,85.72,85.42,85.48,146245,17:25,17:20,True,161419.07142857142,0.9059957953277782,2.029999999999999
2018-04-03,87.0,87.0,86.36,86.58,217453,17:25,17:20,True,159638.57142857142,1.3621582682309146,2.037142857142856
2018-04-04,85.78,85.78,85.12,85.12,214663,17:25,17:20,True,168158.7142857143,1.276549960029258,2.088571428571428
2018-04-05,86.6,86.88,86.44,86.72,178270,17:25,17:20,True,172611.85714285713,1.032779572335289,2.1685714285714277
2018-04-06,86.62,86.62,86.32,86.4,133574,17:25,17:20,True,182137.14285714287,0.7333704586810567,2.1099999999999985
2018-04-09,86.2,86.3,86.08,86.18,91116,17:25,17:20,True,177648.07142857142,0.5129017121733057,2.0642857142857136
2018-04-10,85.78,85.8,85.58,85.58,49215,17:25,17:20,True,174772.2857142857,0.281594989725406,2.114285714285713
2018-04-11,85.32,85.36,84.8,84.86,107082,17:25,17:20,True,172893.2142857143,0.6193533993939281,2.0985714285714274
2018-04-12,83.56,83.68,83.4,83.5,101203,17:25,17:20,True,170459.57142857142,0.5937067607987483,2.085714285714285
2018-04-13,84.4,84.4,84.24,84.34,93894,17:25,17:20,True,170671.92857142858,0.550143194524834,2.0342857142857147
2018-04-16,83.9,84.28,83.9,84.08,163110,17:25,17:20,True,172349.5,0.9463909091700295,2.0142857142857147
2018-04-17,84.48,84.68,84.48,84.6,61629,17:25,17:20,True,169845.92857142858,0.36285238344163173,1.8571428571428572
2018-04-19,85.06,85.12,84.94,85.12,80395,17:25,17:20,True,158154.2857142857,0.5083327311486071,1.8100000000000003
2018-04-20,85.5,85.5,85.02,85.34,178588,17:25,17:20,True,149807.64285714287,1.1921154127650362,1.7457142857142856
2018-04-23,85.82,86.02,85.74,85.92,63953,17:25,17:20,True,129745.5,0.4929111221583793,1.3814285714285717
2018-04-24,87.0,87.12,86.84,87.02,125477,17:25,17:20,True,123867.5,1.012993723131572,1.3328571428571436
2018-04-25,86.5,86.64,86.14,86.14,201235,17:25,17:20,True,117297.78571428571,1.715590782678275,1.288571428571429
2018-04-26,84.88,85.08,84.78,84.9,90857,17:25,17:20,True,116338.64285714286,0.7809700867111469,1.3328571428571436
2018-04-27,85.86,85.9,85.66,85.82,81509,17:25,17:20,True,110094.85714285714,0.7403524752680805,1.315714285714287
2018-05-02,83.08,83.94,83.08,83.78,773322,17:25,17:20,True,106375.92857142857,7.269708573972496,1.2700000000000011
2018-05-03,84.56,84.56,84.34,84.38,62402,17:25,17:20,True,155104.92857142858,0.40232119362514496,1.3942857142857161
2018-05-04,83.02,83.14,82.9,83.06,99844,17:25,17:20,True,156046.85714285713,0.6398334566174263,1.4342857142857162
2018-05-07,84.0,84.02,83.76,83.86,49274,17:25,17:20,True,155529.85714285713,0.31681376749893686,1.3414285714285736
2018-05-08,84.28,84.28,84.14,84.2,53140,17:25,17:20,True,151820.64285714287,0.350018278146817,1.367142857142858
2018-05-11,86.34,86.58,86.16,86.2,204210,17:25,17:20,True,148909.64285714287,1.3713685432441052,1.3385714285714292
2018-05-14,85.14,85.44,85.14,85.22,42378,17:25,17:20,True,151845.35714285713,0.27908657068869414,1.431428571428572
2018-05-15,83.82,84.12,83.78,84.08,143109,17:25,17:20,True,150470.2857142857,0.9510781435727225,1.4857142857142855
2018-05-16,84.12,84.2,84.06,84.18,76902,17:25,17:20,True,154949.85714285713,0.49630249048309644,1.491428571428571
2018-05-17,83.18,83.5,83.18,83.26,60600,17:25,17:20,True,147686.57142857142,0.41032843686339604,1.5700000000000003
2018-05-18,84.06,84.42,84.06,84.28,122793,17:25,17:20,True,147447.07142857142,0.8327937531094693,1.5728571428571425
2018-05-21,84.14,84.28,84.02,84.06,44904,17:25,17:20,True,147255.35714285713,0.3049396699125669,1.5657142857142847
2018-05-22,84.74,85.28,84.66,85.14,494678,17:25,17:20,True,136088.85714285713,3.634963290791101,1.4514285714285708
2018-05-23,85.0,85.0,84.52,84.6,65341,17:25,17:20,True,164933.2142857143,0.3961664136782637,1.4385714285714275
2018-05-24,84.04,84.24,84.0,84.0,78168,17:25,17:20,True,163778.35714285713,0.4772791800067775,1.4971428571428558
2018-05-25,83.68,83.68,83.32,83.38,117135,17:25,17:20,True,114124.5,1.0263790859981863,1.3699999999999986
2018-05-28,83.7,83.7,83.38,83.48,109508,17:25,17:20,True,118034.0,0.927766575732416,1.3242857142857127
2018-05-29,82.1,82.24,81.9,81.94,92721,17:25,17:20,True,118724.28571428571,0.7809775349850193,1.3442857142857128
2018-05-30,81.26,81.26,80.97,81.02,106313,17:25,17:20,True,121827.64285714286,0.8726508820716856,1.432857142857142
2018-05-31,81.1,81.14,80.52,80.58,210315,17:25,17:20,True,125625.71428571429,1.6741397348131637,1.4599999999999997
2018-06-01,80.22,80.28,80.02,80.08,113042,17:25,17:20,True,126061.78571428571,0.8967190125023727,1.4399999999999997
2018-06-04,81.1,81.16,80.9,80.96,74352,17:25,17:20,True,131109.2142857143,0.5670997298326531,1.4157142857142861
2018-06-05,80.28,80.38,80.14,80.36,110333,17:25,17:20,True,126198.0,0.8742848539596507,1.4385714285714297
2018-06-07,80.76,80.76,80.22,80.6,247237,17:25,17:20,True,128585.92857142857,1.9227376023703995,1.3814285714285728
2018-06-08,79.58,79.72,79.46,79.56,150593,17:25,17:20,True,141917.14285714287,1.061133256829941,1.3985714285714306
2018-06-11,81.3,81.78,81.26,81.52,248459,17:25,17:20,True,143902.85714285713,1.726574474844141,1.4071428571428595
2018-06-12,82.58,82.58,82.4,82.46,151288,17:25,17:20,True,158442.5,0.9548448175205516,1.4657142857142875
2018-06-13,82.2,82.28,82.02,82.08,64752,17:25,17:20,True,133914.64285714287,0.48353188731628083,1.4271428571428595
2018-06-14,81.54,82.08,81.44,81.82,365597,17:25,17:20,True,133872.57142857142,2.7309328273795552,1.402857142857146
2018-06-15,82.94,82.98,82.7,82.76,111380,17:25,17:20,True,154403.2142857143,0.7213580398261509,1.4300000000000028
2018-06-18,82.48,82.64,82.46,82.5,94644,17:25,17:20,True,153992.14285714287,0.6146027858564211,1.4742857142857173
2018-06-19,81.0,81.2,80.68,80.72,305864,17:25,17:20,True,152930.42857142858,2.000020550894758,1.460000000000002
2018-06-20,82.86,83.08,82.8,83.0,107283,17:25,17:20,True,168154.92857142858,0.6380009251672246,1.452857142857145
2018-06-21,82.86,82.92,82.76,82.78,84845,17:25,17:20,True,168224.2142857143,0.5043566430686257,1.4828571428571453
2018-06-25,81.5,81.9,81.5,81.78,198770,17:25,17:20,True,159262.07142857142,1.2480686595185204,1.4571428571428606
2018-06-26,82.0,82.16,81.9,81.9,88278,17:25,17:20,True,165385.5,0.5337710984336596,1.4328571428571462
2018-06-27,82.04,82.04,81.7,81.86,127242,17:25,17:20,True,166380.2142857143,0.7647664149626308,1.4171428571428604
2018-06-28,83.0,83.02,82.74,82.76,133834,17:25,17:20,True,167588.0,0.7985893978089124,1.5414285714285743
2018-06-29,84.6,84.76,84.26,84.32,215609,17:25,17:20,True,159487.7857142857,1.3518840896459157,1.5457142857142887
2018-07-02,84.62,84.68,84.28,84.34,82196,17:25,17:20,True,164131.7857142857,0.5007926992464679,1.548571428571432
2018-07-03,84.6,84.6,84.16,84.38,73848,17:25,17:20,True,152255.85714285713,0.48502567576569894,1.538571428571432
2018-07-04,84.22,84.4,84.1,84.18,51338,17:25,17:20,True,146724.42857142858,0.34989401901134387,1.5928571428571467
2018-07-05,84.6,84.62,84.5,84.52,50607,17:25,17:20,True,145766.2857142857,0.347179045909107,1.577857142857147
2018-07-06,85.36,85.46,85.12,85.2,85443,17:25,17:20,True,123267.0,0.6931538854681302,1.5407142857142904
2018-07-09,85.44,85.44,85.2,85.2,60266,17:25,17:20,True,121414.35714285714,0.496366339353842,1.5192857142857181
2018-07-10,85.86,86.0,85.8,85.88,76495,17:25,17:20,True,118958.78571428571,0.6430378348323519,1.5107142857142892
2018-07-11,85.76,85.88,85.56,85.66,36952,17:25,17:20,True,102575.28571428571,0.3602427206776347,1.4092857142857176
2018-07-12,85.0,85.0,84.56,84.66,36618,17:25,17:20,True,97551.64285714286,0.3753704082013703,1.4064285714285742
2018-07-13,84.9,84.94,84.8,84.82,57240,17:25,17:20,True,94106.85714285714,0.608244730913794,1.3721428571428598
2018-07-16,85.02,85.1,84.84,85.08,52919,17:25,17:20,True,83997.57142857143,0.630006309706233,1.3321428571428595
2018-07-17,89.0,89.12,88.44,88.72,990164,17:25,17:20,True,81471.92857142857,12.153437599453625,1.3592857142857164
2018-07-18,89.56,89.58,88.94,89.02,185579,17:25,17:20,True,143109.2142857143,1.2967648584073401,1.5321428571428584
2018-07-19,89.1,89.3,88.9,89.08,85020,17:25,17:20,True,146805.2857142857,0.5791344609039962,1.5592857142857153
2018-07-20,89.0,89.04,88.7,88.8,35268,17:25,17:20,True,137477.5,0.25653652415849865,1.5207142857142861
2018-07-23,90.18,90.38,90.06,90.16,28570,17:25,17:20,True,134125.5,0.21300945756027004,1.5321428571428573
2018-07-24,91.2,91.42,91.18,91.18,59939,17:25,17:20,True,130891.35714285714,0.4579293950981157,1.5521428571428564
2018-07-25,92.8,92.86,92.66,92.82,94832,17:25,17:20,True,131505.7142857143,0.7211245573250483,1.6357142857142841
2018-07-26,93.14,93.24,92.92,93.03,131471,17:25,17:20,True,134664.64285714287,0.9762844738649714,1.6299999999999986
2018-07-27,93.38,93.54,93.28,93.4,84063,17:25,17:20,True,137952.35714285713,0.609362549078797,1.5957142857142839
2018-07-30,93.56,93.68,93.52,93.6,51919,17:25,17:20,True,139652.14285714287,0.37177374394541535,1.595714285714285
2018-07-31,93.5,93.84,93.5,93.74,62115,17:25,17:20,True,137896.7142857143,0.4504458305750577,1.567142857142856
2018-08-01,94.18,94.5,94.18,94.32,172527,17:25,17:20,True,139694.07142857142,1.2350345167526795,1.5257142857142847
2018-08-02,93.48,93.52,93.32,93.4,62414,17:25,17:20,True,149401.85714285713,0.41775919786807014,1.5257142857142847
2018-08-03,93.66,94.28,93.62,94.06,85043,17:25,17:20,True,149771.42857142858,0.5678185806943914,1.5214285714285702
2018-08-06,94.0,94.07,93.82,93.98,59260,17:25,17:20,True,152066.0,0.3896992095537464,1.49142857142857
2018-08-07,93.6,93.82,93.6,93.62,62788,17:25,17:20,True,85572.85714285714,0.7337373332665564,1.1778571428571414
2018-08-08,93.92,93.94,93.8,93.84,61704,17:25,17:20,True,76802.07142857143,0.8034158304882029,1.1192857142857133
2018-08-09,94.14,94.3,94.06,94.18,41097,17:25,17:20,True,75136.64285714286,0.5469634846227778,1.1149999999999989
2018-08-10,94.9,95.02,94.78,94.88,50508,17:25,17:20,True,75553.0,0.6685108466904027,1.1007142857142844
2018-08-13,94.1,94.18,93.88,93.96,44009,17:25,17:20,True,77120.0,0.5706561203319502,1.0721428571428555
2018-08-14,94.42,94.84,94.42,94.62,56424,17:25,17:20,True,75982.14285714286,0.7425955346650999,0.9792857142857129
2018-08-15,94.46,94.68,94.38,94.66,64094,17:25,17:20,True,73238.71428571429,0.8751382465557833,0.970714285714284
2018-08-16,94.96,95.0,94.74,94.8,58383,17:25,17:20,True,68426.07142857143,0.8532274143627376,0.9935714285714273
2018-08-17,96.0,96.0,95.56,95.78,56340,17:25,17:20,True,66591.78571428571,0.8460502957786514,1.039285714285713
2018-08-20,95.7,95.9,95.62,95.66,30435,17:25,17:20,True,66907.57142857143,0.454881254096803,1.0521428571428564
2018-08-21,96.28,96.44,96.22,96.32,18053,17:25,17:20,True,64644.71428571428,0.2792649050966492,1.067857142857142
2018-08-22,97.1,97.2,97.06,97.12,32475,17:25,17:20,True,53610.857142857145,0.6057541649346081,1.086428571428571
2018-08-23,98.1,98.38,98.1,98.38,62811,17:25,17:20,True,51472.357142857145,1.2202860620055425,1.1392857142857136
2018-08-24,97.24,97.48,97.22,97.26,56617,17:25,17:20,True,49884.357142857145,1.134965011934746,1.1421428571428567
2018-08-27,97.7,97.98,97.7,97.84,45606,17:25,17:20,True,49695.57142857143,0.9177075278337535,1.124285714285715
2018-08-28,97.98,98.02,97.62,97.62,96903,17:25,17:20,True,48468.28571428572,1.9993073526724396,1.117142857142858
2018-08-29,97.28,97.44,97.26,97.36,60417,17:25,17:20,True,50982.5,1.1850536948953072,1.1271428571428583
2018-08-30,98.38,98.46,98.28,98.38,44524,17:25,17:20,True,52362.5,0.850303174982096,1.114285714285715
2018-08-31,98.14,98.52,98.14,98.52,36492,17:25,17:20,True,51935.07142857143,0.7026465738126314,1.0885714285714292
2018-09-03,97.52,97.82,97.52,97.82,32217,17:25,17:20,True,51398.142857142855,0.6268125307473589,1.0857142857142859
2018-09-04,97.6,97.77,97.54,97.54,23240,17:25,17:20,True,49669.07142857143,0.46789680844791315,1.057142857142857
2018-09-05,97.08,97.36,97.08,97.3,51106,17:25,17:20,True,46750.92857142857,1.093154757812297,1.0707142857142853
2018-09-06,97.4,97.62,97.3,97.61,52157,17:25,17:20,True,46231.142857142855,1.1281789022860287,1.0392857142857141
2018-09-07,98.28,98.38,98.14,98.14,31340,17:25,17:20,True,45932.357142857145,0.682307679149308,1.0907142857142855
2018-09-10,97.0,97.24,96.92,96.92,26610,17:25,17:20,True,45997.0,0.5785159901732722,1.153571428571428
2018-09-11,98.58,98.62,98.12,98.2,116319,17:25,17:20,True,46608.21428571428,2.49567596147215,1.222142857142856
2018-09-12,97.0,97.1,96.6,96.6,59103,17:25,17:20,True,52597.07142857143,1.1236937417754111,1.3092857142857142
2018-09-13,96.54,96.64,96.4,96.48,50224,17:25,17:20,True,52332.21428571428,0.9597147891697412,1.3121428571428564
2018-09-14,97.28,97.38,97.1,97.16,25148,17:25,17:20,True,51875.57142857143,0.48477538285292554,1.3321428571428555
2018-09-17,97.04,97.04,96.68,96.94,41695,17:25,17:20,True,50414.28571428572,0.8270473221875885,1.3335714285714257
2018-09-18,96.82,96.98,96.48,96.5,44306,17:25,17:20,True,46470.857142857145,0.9534147361172594,1.3721428571428547
2018-09-19,95.56,95.74,95.5,95.74,65419,17:25,17:20,True,45320.07142857143,1.4434884574951812,1.403571428571427
2018-09-20,95.58,96.34,95.56,96.26,83397,17:25,17:20,True,46812.57142857143,1.7815086301603966,1.4078571428571414
2018-09-21,97.5,98.48,97.38,98.4,95149,17:25,17:20,True,50162.92857142857,1.8967991445019872,1.4678571428571416
2018-09-24,98.2,98.2,97.88,97.98,51914,17:25,17:20,True,54658.07142857143,0.949795677804742,1.5321428571428564
2018-09-25,98.0,98.08,97.78,98.08,24319,17:25,17:20,True,56706.21428571428,0.42885952282881573,1.4885714285714278
2018-09-26,98.86,98.86,98.44,98.62,62534,17:25,17:20,True,54792.857142857145,1.1412801460044322,1.4699999999999989
2018-09-27,99.0,99.14,98.72,98.8,43085,17:25,17:20,True,55534.07142857143,0.775830024553781,1.4585714285714266
2018-09-28,99.72,99.72,99.5,99.56,55816,17:25,17:20,True,56373.0,0.990119383392759,1.4399999999999988
2018-10-01,99.24,99.28,98.94,98.98,41192,17:25,17:20,True,58459.142857142855,0.7046288738899451,1.4107142857142836
2018-10-02,99.4,99.4,98.92,98.96,42666,17:25,17:20,True,53092.92857142857,0.8036098431187365,1.3049999999999977
2018-10-03,99.24,99.94,99.24,99.88,149909,17:25,17:20,True,51918.857142857145,2.887370952475291,1.3149999999999988
2018-10-04,96.04,97.24,96.0,97.06,487845,17:25,17:20,True,59039.21428571428,8.26306728336735,1.7635714285714283
2018-10-05,95.6,95.78,95.28,95.38,139211,17:25,17:20,True,92089.0,1.5117006374268371,1.8692857142857144
2018-10-08,96.02,96.36,95.96,96.32,60421,17:25,17:20,True,99054.42857142857,0.6099777755663914,1.9478571428571425
2018-10-09,95.74,95.92,95.12,95.14,212054,17:25,17:20,True,100205.5,2.1161912270284566,1.8921428571428567
2018-10-10,94.7,95.04,94.6,94.64,95753,17:25,17:20,True,110679.42857142857,0.86513818544161,2.009285714285715
2018-10-11,93.0,93.64,92.92,93.58,208071,17:25,17:20,True,111562.0,1.8650705437335293,1.9964285714285726
2018-10-12,93.34,93.36,92.92,93.08,155562,17:25,17:20,True,119627.85714285714,1.3003827345517944,2.0207142857142872
2018-10-15,92.08,92.18,91.88,92.02,79085,17:25,17:20,True,127031.28571428571,0.6225631706025175,2.087857142857144
2018-10-16,93.1,93.16,92.94,93.06,52934,17:25,17:20,True,130943.14285714286,0.4042517908536093,2.1050000000000018
2018-10-17,94.2,94.32,93.26,93.48,246572,17:25,17:20,True,130257.42857142857,1.892959217022994,2.086428571428574
2018-10-18,91.5,91.9,91.12,91.46,331901,17:25,17:20,True,144792.2142857143,2.292257229695164,2.1007142857142873
2018-10-19,90.32,90.52,89.9,90.52,367202,17:25,17:20,True,164512.57142857142,2.232060424387889,2.088571428571431
2018-10-22,92.48,93.54,92.48,93.0,110728,17:25,17:20,True,187799.0,0.589609103349858,2.1771428571428593
2018-10-23,90.0,90.1,89.9,90.1,90072,17:25,17:20,True,192660.57142857142,0.46751652054241954,2.3028571428571447
2018-10-24,90.1,90.12,89.52,89.6,57564,17:25,17:20,True,188386.5,0.30556329673304616,1.8885714285714303
2018-10-25,91.0,91.86,90.9,91.78,248372,17:25,17:20,True,157652.14285714287,1.5754432226466042,1.8685714285714314
2018-10-26,93.5,93.5,93.0,93.14,108985,17:25,17:20,True,165449.35714285713,0.6587212055825455,2.011428571428575
2018-10-29,93.04,93.46,93.04,93.2,75060,17:25,17:20,True,168918.2142857143,0.4443570536037093,2.065714285714289
2018-10-30,93.2,93.2,92.9,93.1,44637,17:25,17:20,True,159132.92857142858,0.28050134187007175,1.951428571428574
2018-10-31,94.9,94.98,94.7,94.86,154778,17:25,17:20,True,155481.7857142857,0.9954735166498603,1.942857142857145
2018-11-01,94.7,94.76,94.0,94.67,44505,17:25,17:20,True,151675.14285714287,0.2934231619080629,1.9114285714285728
2018-11-05,94.5,95.08,94.32,94.96,119589,17:25,17:20,True,143742.5,0.8319668852287946,1.8571428571428592
2018-11-06,95.0,95.16,94.76,94.98,91665,17:25,17:20,True,146635.64285714287,0.6251208656636298,1.8342857142857159
2018-11-07,94.92,95.14,94.84,94.9,59793,17:25,17:20,True,149402.14285714287,0.40021514321366586,1.8400000000000014
2018-11-08,95.2,95.2,94.98,95.16,37377,17:25,17:20,True,136060.7857142857,0.2747081005285978,1.7457142857142876
2018-11-09,94.94,94.98,94.72,94.9,30599,17:25,17:20,True,115023.35714285714,0.2660242298613884,1.7157142857142875
2018-11-12,95.0,95.34,95.0,95.24,43455,17:25,17:20,True,90980.28571428571,0.47763094673571355,1.595714285714288
2018-11-13,94.42,94.72,94.42,94.6,30717,17:25,17:20,True,86175.07142857143,0.35644879070927865,1.4871428571428598
2018-11-14,94.2,94.2,93.86,94.0,62434,17:25,17:20,True,81935.42857142857,0.7619902780586804,1.4371428571428595
2018-11-15,93.6,93.78,93.6,93.76,36522,17:25,17:20,True,82283.28571428571,0.4438568499417518,1.3742857142857159
2018-11-16,93.0,93.56,93.0,93.3,111834,17:25,17:20,True,67151.14285714286,1.6654072476162516,1.1878571428571436
2018-11-19,93.88,93.9,93.7,93.7,27220,17:25,17:20,True,67354.64285714286,0.4041295276070692,1.1278571428571433
2018-11-20,92.8,93.0,92.4,92.54,43129,17:25,17:20,True,63937.5,0.6745493646138807,1.1292857142857144
2018-11-21,91.52,91.56,91.12,91.2,64780,17:25,17:20,True,63829.78571428572,1.0148866908306355,1.2078571428571436
2018-11-22,90.98,91.0,90.74,90.82,25855,17:25,17:20,True,57401.357142857145,0.45042489040204375,1.17357142857143
2018-11-23,90.6,90.76,90.22,90.22,59431,17:25,17:20,True,56069.21428571428,1.0599577817722738,1.1621428571428578
2018-11-26,91.06,91.5,91.06,91.44,34122,17:25,17:20,True,51772.21428571428,0.6590794013887759,1.1892857142857156
2018-11-27,92.7,93.3,92.62,93.04,90486,17:25,17:20,True,47662.0,1.8984935588099534,1.2692857142857161
2018-11-28,94.86,95.4,94.85,95.4,94384,17:25,17:20,True,49854.357142857145,1.893194605429243,1.3878571428571445
2018-11-29,95.0,95.4,94.86,95.06,75275,17:25,17:20,True,53926.28571428572,1.39588697799112,1.4364285714285725
2018-11-30,94.88,94.9,94.46,94.62,31540,17:25,17:20,True,57117.42857142857,0.5521957270985588,1.507857142857144
2018-12-03,95.2,95.4,94.94,95.28,243365,17:25,17:20,True,56266.357142857145,4.325231139135413,1.5021428571428583
2018-12-04,93.8,94.62,93.7,94.3,104526,17:25,17:20,True,71455.5,1.4628125196800805,1.5707142857142864
2018-12-05,93.0,93.0,92.32,92.32,47572,17:25,17:20,True,74462.07142857143,0.6388755924636608,1.6192857142857144
2018-12-06,91.0,91.04,90.7,90.98,50836,17:25,17:20,True,75251.35714285714,0.6755492781810295,1.615714285714286
2018-12-07,89.28,90.02,89.28,90.02,111415,17:25,17:20,True,70894.35714285714,1.571563725100023,1.7628571428571433
2018-12-10,89.96,90.12,89.64,90.0,83991,17:25,17:20,True,76908.28571428571,1.092092993881395,1.8357142857142859
2018-12-11,89.74,89.8,89.6,89.76,37202,17:25,17:20,True,79827.0,0.4660327959211796,1.7585714285714278
2018-12-12,90.0,90.1,89.8,90.1,30134,17:25,17:20,True,77857.14285714286,0.3870422018348624,1.7728571428571414
2018-12-13,91.36,91.8,90.82,90.82,235906,17:25,17:20,True,78162.78571428571,3.018137056454524,1.884285714285713
2018-12-14,88.32,88.68,87.7,88.38,169723,17:25,17:20,True,90768.14285714286,1.869852072076893,2.028571428571427
2018-12-17,87.98,88.2,87.84,88.2,70258,17:25,17:20,True,100453.92857142857,0.6994051999672913,1.9514285714285688
2018-12-18,88.0,88.2,87.78,88.02,102006,17:25,17:20,True,99009.07142857143,1.0302692321843525,1.8899999999999975
2018-12-19,87.88,88.62,87.87,88.62,65409,17:25,17:20,True,99553.5,0.6570236104205277,1.8242857142857127
2018-12-20,87.08,87.12,86.46,87.12,141717,17:25,17:20,True,98848.78571428571,1.4336746675838927,1.807142857142855
2018-12-21,87.16,87.34,86.92,87.1,67579,17:25,17:20,True,106718.57142857143,0.6332449834678661,1.8728571428571397
2018-12-27,86.2,86.64,86.02,86.36,127199,17:25,17:20,True,94162.42857142857,1.3508466373454988,1.91285714285714
2018-12-28,85.0,85.62,85.0,85.5,93863,17:25,17:20,True,95781.92857142857,0.9799656511405745,1.9371428571428544
2019-01-02,85.1,85.54,85.08,85.2,107776,17:25,17:20,True,99088.42857142857,1.0876749339334708,1.9471428571428544
2019-01-03,86.06,86.38,85.8,86.38,74927,17:25,17:20,True,103155.57142857143,0.7263495220118296,1.9142857142857121
2019-01-04,87.84,87.94,87.54,87.66,44090,17:25,17:20,True,100549.28571428571,0.4384914292209222,1.8785714285714263
2019-01-07,89.86,90.04,89.56,89.56,94518,17:25,17:20,True,97699.21428571429,0.9674386912016399,1.9557142857142833
2019-01-08,87.6,88.0,87.5,87.96,43114,17:25,17:20,True,101793.21428571429,0.4235449317769568,2.117142857142856
2019-01-09,88.7,88.9,88.44,88.44,44929,17:25,17:20,True,102720.35714285714,0.43739139202481075,2.0514285714285703
2019-01-10,88.24,88.93,88.24,88.9,56875,17:25,17:20,True,89079.14285714286,0.6384771808055116,1.8885714285714263
2019-01-11,90.06,90.38,90.06,90.16,128379,17:25,17:20,True,81018.57142857143,1.5845626223264506,1.9371428571428564
2019-01-14,89.4,89.86,89.3,89.84,165673,17:25,17:20,True,85170.07142857143,1.9452020788657316,1.924285714285713
2019-01-15,90.2,90.74,90.16,90.34,75778,17:25,17:20,True,89717.71428571429,0.8446269569315822,1.922857142857141
2019-01-16,89.9,90.28,89.9,90.16,119990,17:25,17:20,True,90458.35714285714,1.3264667167291657,1.9385714285714266
2019-01-17,90.36,90.38,90.16,90.3,57851,17:25,17:20,True,88906.42857142857,0.650695353863211,1.9057142857142852
2019-01-18,91.3,91.48,91.08,91.3,62438,17:25,17:20,True,88211.57142857143,0.7078209693901513,1.8514285714285705
2019-01-21,92.0,92.2,91.42,91.54,62141,17:25,17:20,True,83585.78571428571,0.7434398022220114,1.8228571428571416
2019-01-22,91.5,91.5,90.76,91.0,124682,17:25,17:20,True,81319.92857142857,1.5332281052175756,1.7514285714285702
2019-01-23,91.2,91.2,91.02,91.12,50141,17:25,17:20,True,82527.5,0.6075671745781709,1.6371428571428552
2019-01-24,90.88,91.0,90.74,90.86,39649,17:25,17:20,True,80757.07142857143,0.49096629308888473,1.5985714285714272
2019-01-25,92.0,92.4,91.86,92.32,42350,17:25,17:20,True,80439.85714285714,0.5264802985016312,1.4971428571428558
2019-01-28,92.6,92.62,92.32,92.42,46282,17:25,17:20,True,76713.57142857143,0.6033091555787298,1.3414285714285694
2019-01-29,90.66,90.66,90.08,90.2,127124,17:25,17:20,True,76939.85714285714,1.6522515731211205,1.3585714285714272
2019-01-30,93.0,93.0,91.38,92.6,330347,17:25,17:20,True,82810.92857142857,3.989171546543633,1.384285714285714
2019-01-31,95.94,96.16,95.5,96.0,135543,17:25,17:20,True,102344.64285714286,1.3243780643135066,1.5785714285714272
2019-02-01,95.22,95.64,95.04,95.58,113627,17:25,17:20,True,102856.35714285714,1.104715383242511,1.6685714285714286
2019-02-04,96.18,96.4,96.06,96.4,77688,17:25,17:20,True,99138.78571428571,0.7836287225051749,1.682857142857143
2019-02-05,96.5,98.1,96.5,97.14,230074,17:25,17:20,True,99275.21428571429,2.317537178392247,1.6500000000000006
2019-02-06,97.48,97.78,97.36,97.78,58774,17:25,17:20,True,107138.35714285714,0.5485803737090291,1.644285714285714
2019-02-07,96.8,97.0,96.74,96.91,72379,17:25,17:20,True,107204.28571428571,0.6751502471916102,1.6585714285714286
2019-02-08,95.74,96.0,95.74,95.9,29433,17:25,17:20,True,107914.35714285714,0.2727440609319162,1.644285714285715
2019-02-11,95.3,95.32,95.06,95.16,37433,17:25,17:20,True,105578.07142857143,0.35455279200970435,1.6800000000000008
2019-02-12,96.0,96.25,95.8,95.82,89129,17:25,17:20,True,99346.0,0.8971574094578544,1.682857142857144
2019-02-13,96.18,96.18,95.82,95.84,65417,17:25,17:20,True,102130.85714285714,0.640521403913187,1.6978571428571436
2019-02-14,96.24,96.24,95.91,95.96,28504,17:25,17:20,True,103971.42857142857,0.27415223962627094,1.692142857142859
2019-02-15,95.34,95.54,95.28,95.46,40965,17:25,17:20,True,102982.42857142857,0.397786307511545,1.6950000000000014
2019-02-18,98.06,98.14,97.88,97.94,75814,17:25,17:20,True,102602.64285714286,0.73890884180789,1.7821428571428584
2019-02-19,97.58,98.0,97.58,97.9,95149,17:25,17:20,True,98937.64285714286,0.96170676046312,1.7664285714285717
2019-02-20,98.64,98.96,98.02,98.24,274971,17:25,17:20,True,82137.78571428571,3.3476797263135376,1.5607142857142864
2019-02-21,95.0,95.1,94.22,94.28,290874,17:25,17:20,True,92096.92857142857,3.1583463695469915,1.7149999999999994
2019-02-22,91.2,92.16,91.2,91.92,149214,17:25,17:20,True,104757.42857142857,1.4243763142607002,1.9449999999999992
2019-02-25,94.0,94.16,93.42,94.04,114724,17:25,17:20,True,109866.42857142857,1.0442134279937327,2.0421428571428564
2019-02-26,93.5,93.76,93.04,93.22,63139,17:25,17:20,True,101627.14285714286,0.6212808726577546,2.0221428571428564
2019-02-27,92.1,93.12,92.1,93.12,308458,17:25,17:20,True,101938.92857142857,3.02590977090625,1.9749999999999994
2019-02-28,93.54,94.4,93.54,93.98,129087,17:25,17:20,True,118801.71428571429,1.0865752297946638,2.040714285714285
2019-03-01,94.74,94.88,94.52,94.8,136574,17:25,17:20,True,125919.85714285714,1.0846105062290186,2.0978571428571433
2019-03-04,94.84,94.96,94.48,94.62,71173,17:25,17:20,True,133001.35714285713,0.5351298778369072,2.1221428571428578
2019-03-05,94.2,94.34,94.16,94.22,86088,17:25,17:20,True,131718.7857142857,0.653574200013774,2.192857142857143
2019-03-06,94.06,94.06,93.76,93.82,46493,17:25,17:20,True,133195.2857142857,0.34905890062604106,2.2542857142857144
2019-03-07,93.9,94.14,93.74,93.74,214280,17:25,17:20,True,134480.2142857143,1.5933942486494295,2.25
2019-03-08,92.5,92.5,92.06,92.26,66306,17:25,17:20,True,146859.85714285713,0.45149165530987273,2.162857142857142
2019-03-11,93.08,93.25,93.08,93.24,33503,17:25,17:20,True,146180.7142857143,0.22918891978128833,2.1485714285714286
2019-03-12,93.48,93.64,93.36,93.64,35199,17:25,17:20,True,141777.42857142858,0.24826942027846463,2.0785714285714283
2019-03-13,92.54,92.58,92.16,92.32,73749,17:25,17:20,True,124650.85714285714,0.5916445477424944,1.8242857142857147
2019-03-14,92.1,92.6,92.1,92.5,67372,17:25,17:20,True,109141.92857142857,0.617287974308682,1.6485714285714284
2019-03-15,93.4,93.5,92.72,92.8,75325,17:25,17:20,True,103296.07142857143,0.7292145670040002,1.5642857142857136
2019-03-18,95.1,96.66,95.1,95.7,370577,17:25,17:20,True,100481.85714285714,3.687999112846242,1.5985714285714283
2019-03-19,96.18,96.74,96.18,96.58,51485,17:25,17:20,True,122441.71428571429,0.4204857821564079,1.7085714285714286
2019-03-20,95.5,95.6,95.24,95.42,158666,17:25,17:20,True,104086.5,1.5243667526528417,1.6899999999999997
2019-03-21,94.48,94.68,94.24,94.42,160295,17:25,17:20,True,106199.28571428571,1.5093792667424453,1.607142857142856
2019-03-22,95.4,95.6,95.24,95.36,43461,17:25,17:20,True,107893.64285714286,0.40281335256744244,1.6142857142857128
2019-03-25,94.04,94.06,93.76,93.94,142154,17:25,17:20,True,105914.21428571429,1.3421616820621,1.5614285714285714
2019-03-26,94.5,94.94,94.5,94.82,146165,17:25,17:20,True,109918.92857142857,1.3297527723354552,1.528571428571428
2019-03-27,88.5,88.52,87.92,88.36,453774,17:25,17:20,True,117038.35714285714,3.877139179646233,1.5214285714285711
2019-03-28,87.7,88.12,87.26,87.36,227865,17:25,17:20,True,134145.07142857142,1.6986460819869322,1.9371428571428575
2019-03-29,81.4,81.5,78.94,79.18,461591,17:25,17:20,True,145685.0,3.1684181624738303,2.345714285714286
2019-04-01,80.88,81.5,80.88,81.4,84472,17:25,17:20,True,176262.7142857143,0.47923918760875606,2.4971428571428578
2019-04-02,82.16,82.34,82.1,82.2,74194,17:25,17:20,True,179782.2142857143,0.4126882088685874,2.5700000000000003
2019-04-03,84.5,84.86,84.5,84.86,104917,17:25,17:20,True,179814.0,0.5834751465403138,2.6485714285714295
2019-04-04,85.54,85.56,85.34,85.34,52423,17:25,17:20,True,182495.7857142857,0.2872559483761073,2.6671428571428586
2019-04-05,86.0,86.32,85.92,86.13,136469,17:25,17:20,True,180859.92857142858,0.7545563081769278,2.6514285714285717
2019-04-08,85.84,85.92,85.32,85.32,58552,17:25,17:20,True,164137.92857142858,0.356724375100906,2.5228571428571422
2019-04-09,86.1,86.48,86.1,86.44,240906,17:25,17:20,True,164642.7142857143,1.4632047403078006,2.4071428571428575
2019-04-10,87.48,87.8,86.64,87.2,146391,17:25,17:20,True,170517.0,0.8585126409683492,2.497142857142857
2019-04-11,87.7,87.98,87.32,87.52,307551,17:25,17:20,True,169523.85714285713,1.8142048274705542,2.517142857142857
2019-04-12,88.8,88.8,88.4,88.46,71618,17:25,17:20,True,188387.42857142858,0.38016337153222235,2.557142857142856
2019-04-15,90.24,90.42,90.2,90.24,69494,17:25,17:20,True,183349.14285714287,0.37902549702207494,2.5928571428571408
2019-04-16,90.4,90.46,90.24,90.4,38346,17:25,17:20,True,177872.64285714287,0.2155812124003651,2.5828571428571405
2019-04-17,90.8,90.92,90.44,90.84,370201,17:25,17:20,True,148199.2142857143,2.497995699803691,2.161428571428569
2019-04-23,91.26,91.64,91.1,91.1,148797,17:25,17:20,True,158366.07142857142,0.9395762530303885,1.7757142857142827
2019-04-24,91.2,91.2,90.86,90.96,70069,17:25,17:20,True,136023.64285714287,0.5151236838553801,1.6299999999999966
2019-04-25,91.14,91.22,90.94,91.2,93641,17:25,17:20,True,134994.85714285713,0.6936634623117919,1.5364285714285688
2019-04-26,91.3,91.78,91.3,91.6,82774,17:25,17:20,True,136383.92857142858,0.6069190180032733,1.3978571428571402
2019-04-29,91.16,91.36,90.2,90.56,758161,17:25,17:20,True,134802.2857142857,5.624244396025502,1.4364285714285683
2019-05-02,90.18,91.06,90.18,90.96,342895,17:25,17:20,True,185212.14285714287,1.8513634943713193,1.5035714285714263
2019-05-03,91.26,91.5,91.26,91.34,42139,17:25,17:20,True,199956.85714285713,0.21074045972774127,1.6135714285714258
2019-05-06,90.9,90.98,90.4,90.72,112078,17:25,17:20,True,198784.5,0.56381659535829,1.6664285714285672
2019-05-07,91.38,91.74,91.38,91.54,108621,17:25,17:20,True,189582.5,0.5729484525206704,1.6378571428571393
2019-05-08,88.74,88.74,87.94,88.08,120671,17:25,17:20,True,186884.64285714287,0.6456977853030039,1.750714285714283
2019-05-09,88.32,88.38,88.08,88.34,57266,17:25,17:20,True,173536.07142857142,0.3299947931780342,1.6978571428571405
2019-05-10,88.8,89.0,88.8,88.86,66349,17:25,17:20,True,172510.92857142858,0.38460751761896655,1.653571428571427
2019-05-13,89.12,89.42,89.12,89.4,68419,17:25,17:20,True,172286.2857142857,0.39712389013635113,1.7292857142857128
2019-05-14,88.72,89.0,88.6,88.68,46346,17:25,17:20,True,174434.35714285713,0.26569307078675936,1.6807142857142847
2019-05-15,89.3,89.36,89.0,89.24,33410,17:25,17:20,True,151301.85714285713,0.22081685334803747,1.6578571428571414
2019-05-16,89.44,89.44,88.82,88.9,54637,17:25,17:20,True,143059.92857142858,0.38191686900444816,1.6678571428571425
2019-05-17,90.3,90.32,89.88,90.2,208995,17:25,17:20,True,141957.64285714287,1.4722349272192359,1.6985714285714277
2019-05-20,89.5,89.58,89.3,89.32,74178,17:25,17:20,True,150197.2142857143,0.4938706776471506,1.7699999999999991
2019-05-21,89.68,89.78,89.52,89.56,41809,17:25,17:20,True,149583.2142857143,0.27950328651276285,1.7157142857142855
2019-05-22,89.24,89.34,89.12,89.2,78306,17:25,17:20,True,98415.21428571429,0.7956696590901667,1.6028571428571428
2019-05-23,87.62,87.84,87.46,87.78,59288,17:25,17:20,True,79516.0,0.7456109462246592,1.5514285714285723
2019-05-24,87.16,87.6,87.16,87.54,48675,17:25,17:20,True,80740.92857142857,0.6028541021415056,1.5514285714285734
2019-05-27,87.9,88.34,87.9,88.3,79225,17:25,17:20,True,76212.14285714286,1.0395325079430537,1.481428571428573
2019-05-28,86.9,87.1,86.9,87.0,35382,17:25,17:20,True,74112.42857142857,0.47740980402361666,1.347142857142858
2019-05-31,85.24,85.5,85.24,85.44,155559,17:25,17:20,True,68020.35714285714,2.2869477099817805,1.347142857142858
2019-06-03,83.96,83.98,83.34,83.43,59308,17:25,17:20,True,75041.28571428571,0.7903382709327628,1.451428571428573
2019-06-04,84.2,84.48,84.0,84.48,71689,17:25,17:20,True,74538.35714285714,0.9617732768459575,1.3700000000000014
2019-06-05,85.8,85.98,85.54,85.64,84682,17:25,17:20,True,74771.92857142857,1.132537325409555,1.4471428571428586
2019-06-07,86.1,86.56,86.0,86.56,142056,17:25,17:20,True,77510.21428571429,1.832739095216022,1.4500000000000017
2019-06-10,87.5,87.8,87.4,87.5,51411,17:25,17:20,True,85270.64285714286,0.6029155906110711,1.5314285714285734
2019-06-11,88.0,88.2,88.0,88.08,25442,17:25,17:20,True,85040.21428571429,0.2991761040784906,1.52857142857143
2019-06-12,87.5,87.58,87.36,87.42,76724,17:25,17:20,True,71929.28571428571,1.0666587223562825,1.4471428571428586
2019-06-13,86.32,86.38,86.2,86.22,37646,17:25,17:20,True,72111.14285714286,0.5220552401253621,1.4700000000000009
2019-06-14,86.54,86.59,86.32,86.44,31788,17:25,17:20,True,71813.78571428571,0.44264481650459075,1.5257142857142856
2019-06-17,87.02,87.14,86.86,87.04,58559,17:25,17:20,True,68491.07142857143,0.8549873549732759,1.4885714285714289
2019-06-18,87.46,87.51,87.02,87.3,44561,17:25,17:20,True,68439.0,0.6511053639006998,1.4871428571428578
2019-06-19,88.02,88.08,87.92,87.94,37803,17:25,17:20,True,68145.14285714286,0.5547423985778255,1.5100000000000011
2019-06-20,88.6,88.72,88.44,88.58,72408,17:25,17:20,True,65186.42857142857,1.1107833576226427,1.4428571428571442
2019-06-24,88.3,88.32,87.86,87.98,156739,17:25,17:20,True,67831.14285714286,2.3107232665989916,1.4314285714285728
2019-06-25,87.4,87.48,86.86,86.98,49390,17:25,17:20,True,67915.42857142857,0.7272279810184095,1.337142857142858
2019-06-26,85.8,85.82,85.4,85.48,61097,17:25,17:20,True,67207.0,0.909086851072061,1.404285714285715
2019-06-27,87.08,87.58,87.08,87.49,31259,17:25,17:20,True,66450.42857142857,0.47041081106646637,1.4185714285714286
2019-06-28,86.64,86.64,86.33,86.48,78462,17:25,17:20,True,62634.5,1.2526961977823723,1.4414285714285708
2019-07-01,86.52,86.76,86.5,86.68,141841,17:25,17:20,True,58092.07142857143,2.441658500237923,1.3771428571428552
2019-07-02,87.4,87.56,87.08,87.08,70522,17:25,17:20,True,64551.357142857145,1.0924944590077226,1.4399999999999988
2019-07-03,88.5,88.5,88.0,88.18,59088,17:25,17:20,True,67771.35714285714,0.8718727570328383,1.490714285714284
2019-07-04,88.64,88.78,88.64,88.74,16977,17:25,17:20,True,66511.64285714286,0.25524854402505254,1.4564285714285705
2019-07-05,89.82,90.2,89.78,90.08,105443,17:25,17:20,True,65035.28571428572,1.6213198549358918,1.405
2019-07-08,90.0,90.4,89.82,90.4,27610,17:25,17:20,True,70296.35714285714,0.3927657295795657,1.4249999999999992
2019-07-09,90.04,90.14,89.8,90.0,83535,17:25,17:20,True,68085.71428571429,1.226909357952161,1.482142857142856
2019-07-10,90.3,90.46,90.0,90.18,35198,17:25,17:20,True,70869.57142857143,0.49665885217713823,1.4749999999999994
2019-07-11,90.66,90.8,90.28,90.3,47012,17:25,17:20,True,70683.5,0.6651057177417643,1.5135714285714283
2019-07-12,91.96,92.9,91.58,92.64,652351,17:25,17:20,True,68869.5,9.472277278040352,1.5335714285714275
2019-07-15,94.5,94.78,94.5,94.68,64655,17:25,17:20,True,104270.35714285714,0.6200707638453608,1.757857142857142
2019-07-16,93.8,94.18,93.6,94.04,113344,17:25,17:20,True,105360.71428571429,1.0757709908138706,1.7292857142857139
2019-07-17,93.6,93.6,93.0,93.0,101809,17:25,17:20,True,109092.64285714286,0.9332343349067012,1.6478571428571434
2019-07-18,92.64,92.64,92.28,92.5,64872,17:25,17:20,True,114131.92857142857,0.5683948463150728,1.6307142857142867
2019-07-19,93.2,93.5,93.18,93.28,55798,17:25,17:20,True,113161.21428571429,0.4930841397576277,1.6764285714285723
2019-07-22,93.54,93.62,93.26,93.47,69982,17:25,17:20,True,107015.28571428571,0.6539439626114828,1.586428571428572
2019-07-23,93.36,93.5,93.24,93.24,23987,17:25,17:20,True,106976.71428571429,0.224226367019792,1.5514285714285723
2019-07-24,94.02,94.02,93.5,93.5,26806,17:25,17:20,True,104469.5,0.2565916367935139,1.5728571428571436
2019-07-25,93.5,93.8,93.5,93.62,37973,17:25,17:20,True,105171.57142857143,0.3610576459418012,1.6042857142857139
2019-07-26,93.0,93.18,92.72,92.78,48944,17:25,17:20,True,100352.28571428571,0.48772182568266653,1.6371428571428563
2019-07-29,92.44,92.64,92.38,92.58,173816,17:25,17:20,True,101876.14285714286,1.7061501851688254,1.5428571428571414
2019-07-30,92.44,92.84,92.44,92.78,23834,17:25,17:20,True,108324.78571428571,0.22002351394318806,1.5542857142857116
2019-07-31,91.68,91.94,91.58,91.68,53408,17:25,17:20,True,107513.07142857143,0.49675820149443617,1.6114285714285674
2019-08-01,90.9,90.98,90.72,90.84,39266,17:25,17:20,True,107969.92857142857,0.36367533552662484,1.5885714285714252
2019-08-02,89.9,89.9,89.32,89.72,144669,17:25,17:20,True,64178.142857142855,2.2541786589559862,1.3428571428571396
2019-08-05,88.4,89.08,88.04,89.08,103738,17:25,17:20,True,69893.42857142857,1.4842310946870134,1.3799999999999955
2019-08-06,87.46,87.5,86.56,86.96,153573,17:25,17:20,True,69207.28571428571,2.2190293755199186,1.4199999999999957
2019-08-07,86.98,87.18,86.64,87.0,96765,17:25,17:20,True,72904.71428571429,1.3272804227827713,1.472857142857139
2019-08-08,87.28,87.28,86.84,86.94,35918,17:25,17:20,True,75182.78571428571,0.4777423403343661,1.4571428571428535
2019-08-09,86.22,86.66,85.76,85.76,136924,17:25,17:20,True,73762.78571428571,1.8562747959433668,1.4685714285714246
2019-08-12,85.54,86.2,85.5,86.08,85553,17:25,17:20,True,78544.35714285714,1.0892316534515074,1.4971428571428527
2019-08-13,84.82,84.82,84.34,84.54,82201,17:25,17:20,True,82941.92857142857,0.9910668996466547,1.4699999999999958
2019-08-14,84.92,84.96,84.42,84.63,32753,17:25,17:20,True,86898.71428571429,0.3769100644264012,1.481428571428568
2019-08-15,83.24,83.5,83.14,83.3,171845,17:25,17:20,True,86525.85714285714,1.98605371474423,1.5371428571428538
2019-08-16,82.76,83.2,82.76,83.04,60749,17:25,17:20,True,95304.5,0.6374200588639571,1.6514285714285688
2019-08-19,84.06,84.5,84.06,84.18,48846,17:25,17:20,True,87228.28571428571,0.5599789059250112,1.6742857142857122
2019-08-20,83.2,83.24,82.8,83.18,74165,17:25,17:20,True,89014.85714285714,0.8331755212612982,1.644285714285713
2019-08-21,82.7,82.92,82.7,82.8,44298,17:25,17:20,True,90497.5,0.4894941849222354,1.624285714285713
2019-08-22,82.6,82.92,82.6,82.8,54850,17:25,17:20,True,90856.92857142857,0.6036963923657053,1.5842857142857127
2019-08-23,84.0,84.3,84.0,84.02,44425,17:25,17:20,True,84441.28571428571,0.5261052058150296,1.548571428571428
2019-08-26,82.18,82.3,81.92,82.02,124636,17:25,17:20,True,80204.64285714286,1.5539748767661294,1.5642857142857136
2019-08-27,82.52,82.56,82.3,82.54,63595,17:25,17:20,True,78137.71428571429,0.813883546266299,1.5057142857142847
2019-08-28,82.64,82.86,82.44,82.58,62708,17:25,17:20,True,75768.42857142857,0.8276270365153976,1.4542857142857142
2019-08-29,82.3,82.32,82.04,82.32,23101,17:25,17:20,True,77682.0,0.29737905821168353,1.452857142857143
2019-08-30,83.44,83.46,83.08,83.08,30316,17:25,17:20,True,69551.78571428571,0.43587665922103264,1.421428571428572
2019-09-02,83.9,83.9,83.6,83.64,77736,17:25,17:20,True,65606.28571428571,1.1848864655825662,1.4599999999999997
2019-09-03,82.7,82.72,82.42,82.42,41438,17:25,17:20,True,65287.357142857145,0.6347017525817183,1.4599999999999997
2019-09-04,83.0,83.2,82.84,82.9,153565,17:25,17:20,True,65907.71428571429,2.330000390155932,1.337142857142858
2019-09-05,83.8,83.94,83.6,83.8,313687,17:25,17:20,True,64602.0,4.8556855824897065,1.2414285714285722
2019-09-06,85.54,85.6,85.24,85.42,67341,17:25,17:20,True,82669.0,0.8145858786243937,1.2857142857142867
2019-09-09,85.08,85.22,84.86,84.92,72201,17:25,17:20,True,83990.07142857143,0.8596373210779165,1.2757142857142867
2019-09-10,88.3,88.76,88.3,88.74,95451,17:25,17:20,True,83849.78571428571,1.138357113102768,1.4571428571428586
2019-09-11,89.46,89.46,88.36,88.56,219353,17:25,17:20,True,87503.57142857143,2.506789110648545,1.5357142857142867
2019-09-12,89.1,89.1,88.48,88.94,90144,17:25,17:20,True,99253.78571428571,0.9082172468412504,1.528571428571429
2019-09-13,90.44,90.88,90.44,90.82,45850,17:25,17:20,True,102519.42857142857,0.4472323016125167,1.5400000000000003
2019-09-16,90.9,91.0,90.52,90.6,164128,17:25,17:20,True,96891.85714285714,1.6939297567391038,1.5485714285714292
2019-09-17,90.4,90.4,89.94,90.28,83995,17:25,17:20,True,104072.78571428571,0.8070793860615407,1.5257142857142856
2019-09-18,89.44,89.6,89.34,89.58,40234,17:25,17:20,True,105593.28571428571,0.38102801449767504,1.5999999999999994
2019-09-19,90.0,90.0,89.44,89.6,42885,17:25,17:20,True,106817.07142857143,0.4014807691921904,1.5828571428571425
2019-09-20,90.8,91.2,90.8,91.14,59685,17:25,17:20,True,107714.85714285714,0.5541018350035278,1.578571428571428
2019-09-23,91.36,91.6,91.26,91.56,172717,17:25,17:20,True,106425.5,1.622891130415173,1.567142857142857
2019-09-24,90.42,90.88,90.42,90.78,55387,17:25,17:20,True,115802.57142857143,0.4782881702602212,1.7142857142857142
2019-09-25,89.5,89.72,89.24,89.64,105070,17:25,17:20,True,108789.85714285714,0.9658069489146178,1.7599999999999991
2019-09-26,89.38,89.68,89.38,89.46,35944,17:25,17:20,True,93888.64285714286,0.3828365061649781,1.7171428571428555
2019-09-27,90.72,90.86,90.62,90.84,86591,17:25,17:20,True,91646.0,0.9448421098574952,1.71142857142857
2019-09-30,90.5,90.8,90.5,90.68,54120,17:25,17:20,True,92673.85714285714,0.5839834627426135,1.5514285714285703
2019-10-01,90.52,90.74,90.12,90.24,94093,17:25,17:20,True,89721.64285714286,1.0487213230125236,1.5028571428571422
2019-10-02,89.82,90.05,89.76,89.86,33836,17:25,17:20,True,80774.5,0.4188945768776037,1.49
2019-10-03,88.0,88.2,87.84,88.14,50820,17:25,17:20,True,76752.5,0.6621282694374776,1.518571428571429
2019-10-04,87.0,87.2,86.82,86.85,24118,17:25,17:20,True,77107.5,0.3127841001199624,1.5842857142857147
2019-10-07,86.42,86.7,86.36,86.54,49290,17:25,17:20,True,67106.78571428571,0.7345009819104945,1.6214285714285717
2019-10-08,88.5,88.68,88.34,88.48,59314,17:25,17:20,True,64627.857142857145,0.9177776058532919,1.634285714285715
2019-10-09,87.1,87.4,87.1,87.3,55706,17:25,17:20,True,65990.71428571429,0.8441490685919014,1.7128571428571442
2019-10-10,88.1,88.44,88.06,88.2,32948,17:25,17:20,True,66906.5,0.4924484168204883,1.7000000000000017
2019-10-11,90.0,90.16,89.96,90.14,45120,17:25,17:20,True,64996.71428571428,0.6941889370231902,1.741428571428573
2019-10-14,91.94,91.94,91.44,91.64,46635,17:25,17:20,True,55882.642857142855,0.8345167231839173,1.711428571428572
2019-10-15,92.2,92.56,92.2,92.48,65828,17:25,17:20,True,55257.5,1.1912952992806407,1.664285714285715
2019-10-16,93.5,93.7,93.42,93.62,93793,17:25,17:20,True,52454.5,1.788083005271235,1.682857142857144
2019-10-17,93.74,94.18,93.74,94.12,52387,17:25,17:20,True,56586.57142857143,0.9257850171418762,1.7300000000000009
2019-10-18,93.88,94.16,93.78,93.98,87865,17:25,17:20,True,54143.42857142857,1.6228192842291902,1.7671428571428567
2019-10-21,93.72,93.96,93.66,93.76,51350,17:25,17:20,True,56553.78571428572,0.9079851923516551,1.808571428571428
2019-10-22,94.92,95.18,94.86,94.9,65886,17:25,17:20,True,53500.71428571428,1.2314975768013778,1.807142857142857
2019-10-23,96.1,96.56,95.7,96.5,218893,17:25,17:20,True,55790.0,3.9235167592758557,1.7699999999999991
2019-10-24,95.8,96.28,95.5,95.98,130252,17:25,17:20,True,67795.21428571429,1.9212565573001885,1.934285714285713
2019-10-25,96.52,96.52,96.14,96.34,38892,17:25,17:20,True,75376.21428571429,0.5159717872348893,2.027142857142856
2019-10-28,95.66,96.0,95.3,95.8,104218,17:25,17:20,True,74633.5,1.3963970603013391,1.9885714285714278
2019-10-29,95.92,95.92,94.78,95.14,157898,17:25,17:20,True,77840.92857142857,2.0284701492879713,1.9114285714285708
2019-10-30,94.7,95.18,94.64,94.86,48799,17:25,17:20,True,85140.35714285714,0.5731594467958371,1.9657142857142844
2019-10-31,93.78,93.78,93.2,93.4,122058,17:25,17:20,True,86272.57142857143,1.4147949687700774,2.0028571428571422
2019-11-04,93.0,93.4,92.66,93.16,157560,17:25,17:20,True,91768.14285714286,1.7169356935257645,1.9242857142857142
2019-11-05,94.68,94.8,94.26,94.26,38206,17:20,17:20,True,99691.35714285714,0.38324285168724326,1.9771428571428575
2019-11-06,94.66,95.4,94.66,95.22,123116,17:25,17:20,True,97718.35714285714,1.2599065682204762,1.922857142857143
2019-11-07,94.58,94.9,94.58,94.66,37840,17:25,17:20,True,99812.85714285714,0.3791094763056577,1.9114285714285708
2019-11-08,94.9,94.94,94.66,94.7,23084,17:25,17:20,True,98773.78571428571,0.23370573308562928,1.864285714285715
2019-11-11,94.9,94.96,94.42,94.68,52447,17:25,17:20,True,94146.57142857143,0.557078172940066,1.8242857142857147
2019-11-12,95.26,95.34,95.06,95.16,71528,17:25,17:20,True,94224.92857142857,0.7591197052038853,1.8199999999999992
2019-11-13,95.5,95.5,95.08,95.14,47853,17:25,17:20,True,94627.92857142857,0.5056963702199064,1.75
2019-11-14,93.66,93.66,93.08,93.2,114067,17:25,17:20,True,82410.78571428571,1.3841270776796728,1.6099999999999994
2019-11-15,85.0,85.0,82.58,82.58,1585167,17:25,17:20,True,81254.71428571429,19.5086157638326,1.5085714285714278
2019-11-18,82.0,83.0,82.0,82.8,837494,17:25,17:20,True,191702.92857142858,4.368707386167809,2.3885714285714266
2019-11-19,83.0,83.76,82.56,82.58,1029461,17:25,17:20,True,244079.7857142857,4.217723303006599,2.5157142857142825
2019-11-20,81.9,82.52,81.86,82.1,532821,17:25,17:20,True,306334.28571428574,1.7393449732784911,2.5442857142857114
2019-11-21,80.5,80.82,80.46,80.66,239517,17:25,17:20,True,340907.28571428574,0.7025869203650259,2.4857142857142813
2019-11-22,81.26,81.26,80.68,81.16,128910,17:25,17:20,True,349297.21428571426,0.3690553337609948,2.4485714285714244
2019-11-25,81.22,81.6,81.22,81.5,122567,17:25,17:20,True,347250.78571428574,0.35296392417912864,2.3914285714285666
2019-11-26,80.74,80.83,80.18,80.26,163957,17:25,17:20,True,353276.5714285714,0.4641038021202328,2.4314285714285666
2019-11-27,79.5,81.66,79.44,81.5,2111335,17:25,17:20,True,356193.78571428574,5.927489711158432,2.394999999999996
2019-11-28,82.0,82.0,81.52,81.52,317538,17:25,17:20,True,504300.5714285714,0.6296602026455878,2.604999999999996
2019-11-29,81.92,82.0,81.5,81.74,47576,17:25,17:20,True,525333.0,0.09056350924080536,2.6378571428571385
2019-12-02,82.2,82.2,81.8,81.88,123571,17:25,17:20,True,524985.0714285715,0.23538002645245285,2.636428571428568
2019-12-03,81.3,81.58,80.58,81.34,296146,17:25,17:20,True,528702.4285714285,0.560137392975849,2.703571428571425
2019-12-04,80.0,80.52,80.0,80.46,166310,17:25,17:20,True,546437.6428571428,0.30435311727504655,2.6578571428571403
2019-12-05,81.78,81.9,81.56,81.8,42036,17:25,17:20,True,550169.2857142857,0.0764055738688222,2.7064285714285696
2019-12-06,82.44,82.6,82.22,82.5,38410,17:25,17:20,True,439945.64285714284,0.08730624026766944,1.7821428571428564
2019-12-09,83.2,83.36,83.14,83.24,54680,17:25,17:20,True,382868.21428571426,0.14281676555995118,1.6792857142857136
2019-12-10,83.98,84.0,83.54,83.82,205085,17:25,17:20,True,313241.0,0.6547195290527102,1.6049999999999989
2019-12-11,84.9,84.96,84.48,84.74,100791,17:25,17:20,True,289831.28571428574,0.3477574884698931,1.6092857142857144
2019-12-12,85.6,85.8,85.42,85.54,59097,17:25,17:20,True,279922.28571428574,0.21111931066581743,1.6564285714285722
2019-12-13,89.0,89.2,88.74,88.8,273849,17:25,17:20,True,274935.64285714284,0.9960476464751882,1.8007142857142873
2019-12-16,88.66,88.92,88.62,88.8,111176,17:25,17:20,True,285741.5,0.389078940230943,1.7792857142857161
2019-12-17,88.46,88.72,88.28,88.5,95194,17:25,17:20,True,281971.4285714286,0.33760158070726515,1.7914285714285734
2019-12-18,84.72,86.04,83.2,85.48,1328061,17:25,17:20,True,137961.35714285713,9.626326005366929,1.585714285714287
2019-12-19,87.08,87.26,86.72,87.22,177531,17:25,17:20,True,210141.57142857142,0.844816181744144,1.8857142857142872
2019-12-20,87.32,87.38,86.96,87.02,92336,17:25,17:20,True,219424.07142857142,0.4208107132405385,1.874285714285715
2019-12-23,88.3,88.66,88.3,88.66,116429,17:25,17:20,True,217193.0,0.5360623961177386,1.8414285714285725
2019-12-27,88.5,88.72,88.48,88.66,93982,17:25,17:20,True,204356.07142857142,0.45989335840628315,1.7714285714285722
2019-12-30,88.3,88.38,88.2,88.22,54653,17:25,17:20,True,199189.7857142857,0.2743765188762906,1.7071428571428575
2020-01-02,88.78,89.0,88.3,88.9,78608,17:25,17:20,True,200091.0,0.3928612481320999,1.7057142857142864
2020-01-03,90.4,90.4,89.78,89.98,75775,17:25,17:20,True,202962.2857142857,0.37334522388395874,1.817142857142858
2020-01-07,89.8,90.0,89.7,89.86,184414,17:25,17:20,True,204469.07142857142,0.9019163568922579,1.8014285714285734
2020-01-08,89.66,89.68,89.22,89.42,141890,17:25,17:20,True,202992.57142857142,0.6989910960851489,1.7485714285714298
2020-01-09,91.12,91.56,91.08,91.38,178475,17:25,17:20,True,205928.2142857143,0.8666855128087284,1.731428571428572
2020-01-10,89.86,90.12,89.72,89.74,387019,17:25,17:20,True,214455.2142857143,1.8046611796735448,1.6028571428571436
2020-01-13,89.64,90.0,89.64,89.8,91454,17:25,17:20,True,222538.7857142857,0.41095757625556767,1.6100000000000005
2020-01-14,89.56,89.66,89.2,89.5,73893,17:25,17:20,True,221130.07142857142,0.3341607928882193,1.6228571428571428
2020-01-15,89.28,89.44,89.0,89.0,70409,17:25,17:20,True,219608.57142857142,0.32061134746236813,1.6328571428571428
2020-01-16,88.52,89.02,88.52,88.94,114018,17:25,17:20,True,129776.28571428571,0.8785734571801584,1.307142857142858
2020-01-17,90.5,91.14,90.5,90.76,186464,17:25,17:20,True,125239.64285714286,1.488857647196375,1.357142857142858
2020-01-20,92.2,92.56,92.16,92.52,116968,17:25,17:20,True,131963.07142857142,0.8863691844525768,1.4285714285714295
2020-01-21,92.06,92.06,91.34,91.58,190056,17:25,17:20,True,132001.57142857142,1.4398010413295947,1.4314285714285728
2020-01-22,92.7,92.94,92.6,92.94,93677,17:25,17:20,True,138864.0,0.6745952874755156,1.481428571428573
2020-01-23,91.78,91.88,91.6,91.66,63668,17:25,17:20,True,141651.42857142858,0.4494695227721973,1.5028571428571433
2020-01-24,91.82,92.58,91.78,92.3,186264,17:25,17:20,True,140584.2857142857,1.324927598085541,1.4257142857142864
2020-01-27,91.82,92.02,91.64,91.72,237611,17:25,17:20,True,148476.35714285713,1.6003288642876765,1.4928571428571422
2020-01-28,91.18,91.82,90.98,91.56,199735,17:25,17:20,True,152276.14285714287,1.311663115786827,1.538571428571428
2020-01-29,95.6,96.2,94.5,94.5,1042841,17:25,17:20,True,156407.92857142858,6.667443329279526,1.6771428571428564
2020-01-30,95.5,95.5,94.38,94.69,188027,17:25,17:20,True,218148.35714285713,0.8619226037850388,1.8914285714285708
2020-01-31,95.4,95.48,95.2,95.32,76208,17:25,17:20,True,203934.64285714287,0.37368834903339126,1.9542857142857142
2020-02-03,95.26,95.48,95.12,95.16,132363,17:25,17:20,True,202845.64285714287,0.6525306540265134,1.9942857142857153
2020-02-04,94.68,95.0,94.54,94.94,98219,17:25,17:20,True,207022.07142857142,0.47443733570161084,2.007142857142859
2020-02-05,96.22,96.62,95.9,95.98,140546,17:25,17:20,True,209008.5,0.6724415514201576,2.0514285714285734
2020-02-06,96.98,97.44,96.8,97.28,180610,17:25,17:20,True,210903.35714285713,0.856363798313852,2.020000000000001
2020-02-07,98.7,98.74,98.42,98.46,55320,17:25,17:20,True,210485.2142857143,0.2628213111677678,2.031428571428571
2020-02-10,99.06,99.4,98.86,99.3,77395,17:25,17:20,True,206081.7857142857,0.37555478147545446,2.0628571428571414
2020-02-11,99.66,99.7,99.48,99.58,102723,17:25,17:20,True,198034.57142857142,0.518712461460553,2.0514285714285703
2020-02-12,100.95,101.0,100.3,100.65,133007,17:25,17:20,True,198680.7142857143,0.6694509856086398,2.039999999999999
2020-02-13,99.12,99.32,98.34,98.67,151055,17:25,17:20,True,203633.5,0.7417983779682616,2.0749999999999997
2020-02-14,100.0,100.25,99.86,100.1,84316,17:25,17:20,True,201118.57142857142,0.419235276986568,2.031428571428571
2020-02-17,100.55,101.0,100.55,100.95,54576,17:25,17:20,True,190168.92857142858,0.286986945816971,1.9828571428571433
2020-02-18,101.0,101.0,100.55,100.65,90164,17:25,17:20,True,179800.42857142858,0.5014671028116093,1.837857142857143
2020-02-19,101.5,101.95,101.35,101.5,92803,17:25,17:20,True,111752.07142857143,0.830436508367694,1.6664285714285714
2020-02-20,104.4,104.55,104.05,104.05,87643,17:25,17:20,True,104950.35714285714,0.8350900595859947,1.720714285714285
2020-02-21,103.5,103.55,103.25,103.4,108954,17:25,17:20,True,105767.14285714286,1.030130880505693,1.6849999999999992
2020-02-24,100.1,100.6,99.5,100.6,293105,17:25,17:20,True,104095.07142857143,2.8157433005954036,1.7392857142857139
2020-02-25,99.8,100.45,99.7,100.05,180317,17:25,17:20,True,118015.5,1.5279094695188344,1.8299999999999994
2020-02-26,96.88,96.9,96.28,96.44,528839,17:25,17:20,True,120856.28571428571,4.375767440431019,1.9278571428571436
2020-02-27,96.86,96.86,96.18,96.7,173784,17:25,17:20,True,145729.7857142857,1.1925084439547362,2.0335714285714297
2020-02-28,91.48,92.0,91.02,91.94,347600,17:25,17:20,True,154191.5,2.254339571247442,2.299285714285716
2020-03-02,93.22,93.68,93.12,93.42,282552,17:25,17:20,True,173491.85714285713,1.6286182225102372,2.5450000000000017
2020-03-03,93.88,94.2,93.8,93.8,245445,17:25,17:20,True,186336.7857142857,1.3172117306796642,2.7178571428571447
2020-03-04,93.1,93.7,93.1,93.12,151509,17:25,17:20,True,194368.07142857142,0.7794953095250433,2.7557142857142867
2020-03-05,94.2,94.3,93.14,93.22,273464,17:25,17:20,True,194400.5,1.406704200863681,2.7835714285714297
2020-03-06,90.0,90.16,89.56,90.1,196852,17:25,17:20,True,207911.07142857142,0.946808645866794,3.0050000000000003
2020-03-09,83.5,83.5,82.0,83.5,363100,17:25,17:20,True,218073.64285714287,1.6650338630691925,3.1771428571428575
2020-03-10,81.58,82.4,81.58,81.96,453005,17:25,17:20,True,237569.07142857142,1.9068349144775039,3.652857142857144
2020-03-11,80.82,81.9,80.82,81.52,364906,17:25,17:20,True,263297.78571428574,1.3859060721307133,3.8114285714285736
2020-03-12,74.88,75.24,73.36,75.2,475917,17:25,17:20,True,283102.28571428574,1.6810779142924615,3.950000000000002
2020-03-13,69.84,70.48,69.84,69.88,389309,17:25,17:20,True,309313.9285714286,1.2586209803031825,4.642857142857144
2020-03-16,65.26,65.5,63.74,63.82,576962,17:25,17:20,True,316185.64285714284,1.8247571103684794,4.896428571428572
2020-03-17,64.72,65.8,64.5,65.38,461024,17:25,17:20,True,344517.4285714286,1.3381732294696267,5.227142857142858
2020-03-18,65.8,65.8,63.1,63.76,378647,17:25,17:20,True,339673.5,1.114738123521558,5.5028571428571444
2020-03-19,64.84,66.0,64.84,65.2,325169,17:25,17:20,True,354306.5714285714,0.9177616962872347,5.485714285714287
2020-03-20,67.5,67.9,67.1,67.4,383603,17:25,17:20,True,352704.35714285716,1.0876049366314686,5.40857142857143
2020-03-23,61.52,62.66,61.46,62.16,440374,17:25,17:20,True,359922.28571428574,1.2235252371940608,5.520000000000002
2020-03-24,64.3,65.34,64.3,65.1,407407,17:25,17:20,True,373845.78571428574,1.089772883815156,5.61857142857143
2020-03-25,66.5,66.88,66.18,66.44,385418,17:25,17:20,True,392124.21428571426,0.9828977297463505,5.665714285714288
2020-03-26,68.28,68.28,66.88,67.18,329891,17:25,17:20,True,400120.9285714286,0.8244782425598832,5.781428571428573
2020-03-27,68.24,68.24,67.46,67.88,208571,17:25,17:20,True,409623.71428571426,0.5091770635489157,5.738571428571431
2020-03-30,66.0,66.14,65.42,65.8,191613,17:25,17:20,True,398585.9285714286,0.4807319733708612,5.448571428571431
2020-03-31,66.7,67.18,66.5,66.98,269161,17:25,17:20,True,379915.0714285714,0.7084767629457035,5.217142857142859
2020-04-01,65.4,65.66,65.2,65.34,159062,17:25,17:20,True,373076.14285714284,0.4263526442131882,5.121428571428572
2020-04-02,64.82,65.34,64.68,64.98,204153,17:25,17:20,True,350443.64285714284,0.5825558664313459,4.468571428571429
2020-04-03,64.94,65.0,64.06,64.36,131409,17:25,17:20,True,337218.21428571426,0.389685356345139,4.24
2020-04-06,66.0,66.34,65.68,65.76,343424,17:25,17:20,True,305393.0,1.1245313415828129,3.8285714285714287
2020-04-07,69.16,69.8,68.82,69.52,404881,17:25,17:20,True,296993.0,1.3632678211270972,3.598571428571428
2020-04-08,68.82,68.94,68.46,68.8,360833,17:25,17:20,True,298866.85714285716,1.2073369508065703,3.4957142857142847
2020-04-14,70.0,70.34,69.5,70.08,451936,17:25,17:20,True,301414.28571428574,1.49938480496706,3.369999999999998
2020-04-15,69.12,69.2,68.58,68.62,228257,17:25,17:20,True,306295.21428571426,0.7452189565948631,3.109999999999998
2020-04-16,66.3,66.92,66.3,66.52,182299,17:25,17:20,True,291144.0,0.6261471986371006,3.0728571428571407
2020-04-17,67.08,67.5,66.76,66.78,301911,17:25,17:20,True,275064.85714285716,1.097599319433235,3.0828571428571396
2020-04-20,68.26,68.28,67.78,67.92,124640,17:25,17:20,True,269100.0714285714,0.4631734184919524,2.9099999999999975
2020-04-21,66.4,66.4,65.86,66.2,133053,17:25,17:20,True,254439.2857142857,0.5229263225860786,2.8614285714285685
2020-04-22,65.32,66.06,65.32,65.6,242650,17:25,17:20,True,249045.14285714287,0.9743213508050175,2.7285714285714255
2020-04-23,68.62,68.94,68.6,68.78,62374,17:25,17:20,True,252690.64285714287,0.24683937361013705,2.8714285714285688
2020-04-24,68.06,68.3,67.36,68.24,144621,17:25,17:20,True,237920.14285714287,0.6078552167263805,2.90142857142857
2020-04-27,69.62,69.94,69.44,69.64,135593,17:25,17:20,True,236888.64285714287,0.5723913074286562,2.8328571428571414
2020-04-28,70.48,70.5,69.98,70.0,102274,17:25,17:20,True,231991.5,0.4408523588148704,2.7742857142857136
2020-04-29,72.7,72.84,71.5,71.6,799210,17:25,17:20,True,229910.42857142858,3.4761798538934103,2.9114285714285706
2020-05-04,77.0,77.2,76.24,76.8,528429,17:25,17:20,True,262466.5714285714,2.013319247185764,3.1614285714285706
2020-05-05,75.04,75.46,74.76,75.4,230932,17:25,17:20,True,271291.4285714286,0.8512322015334063,3.304285714285714
2020-05-06,75.16,75.3,74.32,74.56,117369,17:25,17:20,True,262012.7857142857,0.4479514222179452,3.3114285714285714
2020-05-07,73.34,73.51,72.82,73.1,111052,17:25,17:20,True,238115.14285714287,0.46637941068126704,3.365714285714286
2020-05-08,75.14,75.42,75.08,75.11,78115,17:25,17:20,True,229743.35714285713,0.3400098308454123,3.242857142857144
2020-05-11,75.8,75.94,75.62,75.94,172534,17:25,17:20,True,222301.64285714287,0.7761256182477926,3.131428571428574
2020-05-12,74.0,74.28,73.78,74.2,76462,17:25,17:20,True,213060.42857142858,0.3588747122714347,3.1014285714285728
2020-05-13,74.26,74.32,73.9,74.06,68516,17:25,17:20,True,209619.14285714287,0.3268594607635344,3.077142857142858
2020-05-14,71.5,71.54,70.4,70.6,213854,17:25,17:20,True,205009.35714285713,1.0431426300750732,3.175714285714286
2020-05-15,71.52,72.16,71.4,72.1,188895,17:25,17:20,True,202952.5,0.9307350242051712,3.0828571428571436
2020-05-18,72.26,72.66,72.14,72.36,101923,17:25,17:20,True,211989.7142857143,0.48079219476955753,3.078571428571429
2020-05-19,75.4,75.86,75.4,75.64,169195,17:25,17:20,True,208939.85714285713,0.8097784803419166,3.240000000000001
2020-05-22,73.94,73.94,72.7,72.9,232012,17:25,17:20,True,211340.0,1.0978139490867795,3.2071428571428577
2020-05-25,75.0,75.38,75.0,75.26,94651,17:25,17:20,True,220607.0,0.429048035647101,3.1971428571428575
2020-05-26,76.52,77.04,76.52,76.92,174541,17:25,17:20,True,170281.35714285713,1.0250153212812914,2.711428571428572
2020-05-27,79.2,80.02,79.1,80.0,220881,17:25,17:20,True,145003.64285714287,1.5232789718090824,2.5742857142857147
2020-05-28,82.04,82.18,81.64,82.18,101106,17:25,17:20,True,144285.7142857143,0.7007346534653465,2.674285714285714
2020-05-29,82.1,82.1,81.26,81.38,156103,17:25,17:20,True,143124.07142857142,1.0906830587048102,2.6771428571428575
2020-06-01,82.4,83.1,82.1,83.0,164073,17:25,17:20,True,146342.0,1.1211613890749068,2.694285714285713
2020-06-02,84.0,84.22,83.68,83.7,148621,17:25,17:20,True,152481.85714285713,0.974679891659242,2.758571428571428
2020-06-03,86.5,87.3,86.5,87.2,107239,17:25,17:20,True,150773.7857142857,0.7112575935661419,2.7642857142857147
2020-06-04,85.98,86.08,85.58,85.76,127005,17:25,17:20,True,152972.14285714287,0.8302492050373317,2.777142857142858
2020-06-05,87.28,87.48,87.2,87.36,127344,17:25,17:20,True,157149.92857142858,0.8103344440409272,2.6585714285714284
2020-06-08,86.54,86.68,86.26,86.36,93840,17:25,17:20,True,150970.64285714287,0.62157779965736,2.597142857142857
2020-06-09,87.46,87.54,87.08,87.26,122627,17:25,17:20,True,144181.0,0.8505073484023554,2.608571428571428
2020-06-10,86.0,86.44,85.88,86.16,83345,17:25,17:20,True,145659.85714285713,0.5721892196987306,2.5814285714285714
2020-06-11,82.28,82.28,81.38,81.72,289841,17:25,17:20,True,139527.7142857143,2.077300567014848,2.681428571428571
2020-06-12,77.78,78.04,77.4,77.98,221402,17:25,17:20,True,143658.35714285713,1.5411703461138209,2.8199999999999994
2020-06-15,76.64,76.78,76.38,76.72,134028,17:25,17:20,True,152712.0,0.8776520509193777,2.9385714285714277
2020-06-16,80.04,80.16,79.4,79.58,253873,17:25,17:20,True,149818.2142857143,1.6945402881110678,2.921428571428571
2020-06-17,80.3,80.42,79.88,80.16,98556,17:25,17:20,True,152174.7857142857,0.6476500002112233,2.925714285714286
2020-06-18,79.74,79.84,79.5,79.83,64637,17:25,17:20,True,151992.64285714287,0.4252640047897055,2.867142857142857
2020-06-22,78.56,78.88,77.96,78.06,212491,17:25,17:20,True,145459.35714285713,1.4608273003111818,2.847142857142857
2020-06-23,79.76,79.92,79.6,79.76,60576,17:25,17:20,True,148917.7857142857,0.40677478320971927,2.824285714285714
2020-06-24,80.8,80.8,80.26,80.37,92786,17:25,17:20,True,142628.85714285713,0.6505415654215437,2.809999999999999
2020-06-25,78.4,78.58,78.18,78.58,143870,17:25,17:20,True,141596.5,1.0160561878295014,2.8128571428571427
2020-06-26,84.4,84.52,83.4,83.7,259820,17:25,17:20,True,142801.14285714287,1.8194532256644602,3.0142857142857147
2020-06-29,79.7,79.94,79.16,79.32,99159,17:25,17:20,True,152263.7142857143,0.651231979103923,3.2057142857142855
2020-06-30,81.4,81.86,81.4,81.74,58832,17:25,17:20,True,152643.64285714287,0.3854205710686561,3.211428571428571
2020-07-01,81.14,81.5,81.02,81.2,111998,17:25,17:20,True,148086.85714285713,0.7562993918626907,3.0899999999999985
2020-07-02,82.16,82.38,82.04,82.16,102865,17:25,17:20,True,150133.5,0.6851568770460956,3.005714285714286
2020-07-03,83.7,84.0,83.5,83.58,50879,17:25,17:20,True,136778.07142857142,0.3719821420831347,2.8128571428571436
2020-07-06,84.1,84.88,84.1,84.4,140646,17:25,17:20,True,124597.85714285714,1.1287995092784213,2.704285714285715
2020-07-07,85.52,85.66,85.26,85.58,98244,17:25,17:20,True,125070.57142857143,0.7855085243302637,2.7257142857142864
2020-07-08,84.5,84.8,84.14,84.7,100007,17:25,17:20,True,113954.21428571429,0.877606858393628,2.5471428571428567
2020-07-09,86.14,86.94,86.14,86.84,148525,17:25,17:20,True,114057.85714285714,1.3021899912951447,2.6099999999999994
2020-07-10,84.0,84.02,83.56,83.74,146909,17:25,17:20,True,120049.85714285714,1.2237332346441776,2.6699999999999995
2020-07-13,87.2,87.54,87.16,87.2,155273,17:25,17:20,True,115365.42857142857,1.345923141124229,2.721428571428571
2020-07-14,87.94,87.94,87.56,87.9,86224,17:25,17:20,True,122129.5,0.7060046917411437,2.714285714285713
2020-07-15,88.5,89.36,88.2,88.38,606372,17:25,17:20,True,121660.78571428571,4.984120367461989,2.798571428571427
2020-07-16,88.84,89.0,88.5,89.0,100227,17:25,17:20,True,154696.64285714287,0.6478938272277586,2.7471428571428556
2020-07-17,92.12,92.16,91.24,91.54,145302,17:25,17:20,True,143297.14285714287,1.0139909080033496,2.6785714285714275
2020-07-20,91.2,91.2,90.94,90.96,107564,17:25,17:20,True,146593.07142857142,0.7337590989244765,2.605714285714285
2020-07-21,90.76,91.1,90.58,90.58,164211,17:25,17:20,True,150073.92857142858,1.0942007153617146,2.6128571428571417
2020-07-22,89.92,90.1,89.54,89.84,141742,17:25,17:20,True,153803.42857142858,0.9215789356358394,2.598571428571426
2020-07-23,90.0,90.22,89.88,90.16,51239,17:25,17:20,True,156580.35714285713,0.3272377259508468,2.499999999999997
2020-07-24,88.66,88.84,88.4,88.7,119051,17:25,17:20,True,156606.07142857142,0.7601940264129515,2.501428571428569
2020-07-27,87.96,87.96,87.62,87.7,73320,17:25,17:20,True,155063.57142857142,0.47283832898028,2.3799999999999977
2020-07-28,87.72,87.78,87.6,87.66,56316,17:25,17:20,True,153283.2857142857,0.3673981787223097,2.3928571428571397
2020-07-29,88.48,88.76,88.26,88.76,49018,17:25,17:20,True,150162.5,0.32643303088320985,2.2957142857142827
2020-07-30,88.34,88.34,87.44,87.46,91709,17:25,17:20,True,143054.85714285713,0.6410757511603941,2.199999999999998
2020-07-31,85.52,85.9,85.5,85.62,125425,17:25,17:20,True,139112.0,0.9016116510437633,2.2899999999999983
2020-08-03,84.58,84.72,84.36,84.7,104491,17:25,17:20,True,136980.0,0.7628193896919259,2.25142857142857
2020-08-04,86.5,86.74,86.5,86.62,80360,17:25,17:20,True,138284.7857142857,0.5811196046254443,2.2042857142857133
2020-08-05,86.2,86.2,85.84,85.92,58294,17:25,17:20,True,100712.5,0.578815936452774,2.038571428571427
2020-08-06,85.2,85.3,84.96,84.96,25454,17:25,17:20,True,97717.28571428571,0.26048615466484215,1.8699999999999986
2020-08-07,85.76,85.98,85.6,85.86,18622,17:25,17:20,True,89156.71428571429,0.20886817273596892,1.8899999999999986
2020-08-10,86.2,86.3,85.9,85.9,19386,17:25,17:20,True,82803.71428571429,0.23411993250820357,1.8314285714285705
2020-08-11,87.26,87.84,87.16,87.62,106325,17:25,17:20,True,72459.07142857143,1.467380107193519,1.7928571428571425
2020-08-12,87.8,87.8,87.42,87.5,70957,17:25,17:20,True,69929.28571428571,1.0146964790962298,1.825714285714285
2020-08-13,86.24,86.42,86.04,86.42,72532,17:25,17:20,True,71337.71428571429,1.0167412949271473,1.8428571428571416
2020-08-14,86.58,86.58,86.28,86.36,48740,17:25,17:20,True,68014.92857142857,0.7166073834630843,1.8114285714285703
2020-08-17,85.74,86.42,85.74,86.4,66482,17:25,17:20,True,66259.21428571429,1.0033623355889045,1.8671428571428572
2020-08-18,85.16,85.16,84.6,84.82,56096,17:25,17:20,True,66985.35714285714,0.837436753234982,1.8971428571428572
2020-08-19,84.18,84.54,84.1,84.52,88309,17:25,17:20,True,67490.92857142857,1.3084573270693522,1.8914285714285717
2020-08-20,84.2,84.2,83.88,83.98,64806,17:25,17:20,True,67248.07142857143,0.9636856287965772,1.6871428571428575
2020-08-21,84.3,84.68,84.3,84.4,33800,17:25,17:20,True,62918.142857142855,0.5372059387821364,1.633571428571429
2020-08-24,85.0,85.4,84.96,85.14,89298,17:25,17:20,True,57868.78571428572,1.5431116948070942,1.5107142857142861
2020-08-25,87.0,87.44,86.8,87.44,145958,17:25,17:20,True,58507.21428571428,2.4947008976914935,1.5221428571428572
2020-08-26,86.28,86.32,86.1,86.2,69541,17:25,17:20,True,64768.92857142857,1.0736784062022684,1.5635714285714286
2020-08-27,87.1,87.1,86.62,86.68,64327,17:25,17:20,True,67918.0,0.947127418357431,1.4978571428571428
2020-08-28,86.88,87.56,86.88,87.28,178266,17:25,17:20,True,71182.64285714286,2.504346464878577,1.4964285714285717
2020-08-31,87.66,88.08,87.66,88.0,75921,17:25,17:20,True,82531.21428571429,0.9199064942528238,1.5249999999999997
2020-09-01,86.9,87.0,86.1,86.24,122565,17:25,17:20,True,80359.5,1.525208593881246,1.5664285714285708
2020-09-02,86.0,86.28,85.66,86.08,67189,17:25,17:20,True,84045.78571428571,0.7994333020861929,1.6035714285714278
2020-09-03,86.16,86.4,86.0,86.34,101658,17:25,17:20,True,83664.14285714286,1.2150725093016466,1.5821428571428566
2020-09-04,84.28,84.54,84.02,84.54,98198,17:25,17:20,True,87444.0,1.1229815653446777,1.6307142857142847
2020-09-07,84.58,84.86,84.56,84.7,62478,17:25,17:20,True,89709.42857142857,0.6964485338378192,1.6621428571428558
2020-09-08,85.5,85.68,85.48,85.52,46535,17:25,17:20,True,90165.28571428571,0.5161077196323577,1.6849999999999983
2020-09-09,83.62,83.98,83.62,83.8,163765,17:25,17:20,True,87181.42857142857,1.8784390515673393,1.7421428571428552
2020-09-10,85.3,85.5,85.08,85.38,168937,17:25,17:20,True,94249.92857142857,1.7924363716834952,1.7728571428571414
2020-09-11,84.56,84.56,84.22,84.32,32920,17:25,17:20,True,103902.57142857143,0.3168352770040065,1.8214285714285705
2020-09-14,84.12,84.38,84.12,84.28,61884,17:25,17:20,True,99875.57142857143,0.6196109730822208,1.7642857142857145
2020-09-15,83.7,83.98,83.58,83.66,117661,17:25,17:20,True,93870.28571428571,1.2534424403279907,1.7099999999999997
2020-09-16,83.74,83.88,83.54,83.86,236014,17:25,17:20,True,97307.42857142857,2.4254468899746313,1.74
2020-09-17,84.6,84.64,84.38,84.42,117294,17:25,17:20,True,109570.78571428571,1.0704860719521823,1.8042857142857136
2020-09-18,83.82,84.2,83.56,83.76,220762,17:25,17:20,True,105215.64285714286,2.0981861062213047,1.7814285714285714
2020-09-21,80.48,80.5,79.84,80.02,287432,17:25,17:20,True,115561.42857142857,2.4872658944531665,1.8514285714285716
2020-09-22,78.52,78.72,78.38,78.66,146943,17:25,17:20,True,127337.64285714286,1.153963562564543,1.9142857142857141
2020-09-23,76.2,77.12,76.18,76.66,581452,17:25,17:20,True,133034.35714285713,4.370690492949995,1.9542857142857142
2020-09-24,77.04,77.4,76.96,77.28,116606,17:25,17:20,True,167305.35714285713,0.6969651300551815,2.0142857142857147
2020-09-25,77.36,78.0,77.36,77.44,133291,17:25,17:20,True,168620.2142857143,0.7904805516030742,1.9857142857142864
2020-09-28,78.0,78.2,77.76,77.84,139117,17:25,17:20,True,173678.2857142857,0.8010039909586526,1.9985714285714289
2020-09-29,79.24,79.27,78.72,78.8,56860,17:25,17:20,True,180291.2857142857,0.31537852633714175,2.068571428571428
2020-09-30,78.64,78.94,78.46,78.92,73818,17:25,17:20,True,172655.2142857143,0.4275457321424656,2.0271428571428567
2020-10-01,80.06,80.16,79.86,80.04,70003,17:25,17:20,True,165861.0,0.42205822948131266,2.029999999999999
2020-10-02,79.18,79.18,78.8,79.14,110419,17:25,17:20,True,168509.7857142857,0.6552675830187056,1.9964285714285706
2020-10-05,81.0,81.3,80.84,81.08,97723,17:25,17:20,True,171976.57142857142,0.5682343774401164,2.007857142857143
2020-10-06,81.5,81.7,81.4,81.46,55062,17:25,17:20,True,170552.42857142858,0.3228450070233954,2.0121428571428575
2020-10-07,82.28,82.36,81.98,82.36,44734,17:25,17:20,True,157627.2857142857,0.28379604328837194,1.990714285714286
2020-10-08,82.14,82.3,81.9,81.96,48386,17:25,17:20,True,152444.42857142858,0.3174009076843927,1.9350000000000003
2020-10-09,81.98,82.12,81.84,81.94,56082,17:25,17:20,True,140131.85714285713,0.40020878295238266,1.759285714285715
2020-10-12,83.06,83.2,82.66,83.08,395226,17:25,17:20,True,123606.85714285714,3.1974439698213692,1.6221428571428578
2020-10-13,83.28,83.38,83.18,83.36,29739,17:25,17:20,True,141341.35714285713,0.21040550763880153,1.730714285714286
2020-10-14,81.82,81.92,81.8,81.86,33594,17:25,17:20,True,101933.28571428571,0.32956849928454607,1.597857142857143
2020-10-15,83.62,83.62,82.6,82.72,135662,17:25,17:20,True,96003.85714285714,1.4130890574337043,1.6492857142857145
2020-10-16,83.72,83.9,83.58,83.68,95805,17:25,17:20,True,96173.21428571429,0.996171342629556,1.6121428571428587
2020-10-19,84.4,84.84,84.22,84.84,78651,17:25,17:20,True,93079.5,0.8449873495237942,1.5307142857142872
2020-10-20,85.0,85.5,84.98,85.46,105863,17:25,17:20,True,94636.0,1.1186335009932795,1.529285714285715
2020-10-21,86.02,86.08,85.56,85.66,109782,17:25,17:20,True,96924.92857142857,1.132649790080541,1.527857142857144
2020-10-22,83.16,83.64,83.08,83.5,178585,17:25,17:20,True,99766.28571428571,1.7900335641585192,1.6257142857142861
2020-10-23,84.2,84.2,83.68,83.84,92151,17:25,17:20,True,104635.28571428571,0.8806876128921274,1.807142857142857
2020-10-26,82.76,82.88,82.56,82.72,84605,17:25,17:20,True,104237.28571428571,0.8116577424310741,1.7942857142857136
2020-10-27,81.5,82.0,81.42,81.42,66704,17:25,17:20,True,106347.5,0.6272267801311737,1.827142857142857
2020-10-28,79.0,79.0,78.7,78.9,153036,17:25,17:20,True,107916.78571428571,1.418092644133873,1.9742857142857144
2020-10-29,76.92,77.5,76.92,77.46,175658,17:25,17:20,True,115391.78571428571,1.5222747348319545,2.132857142857143
2020-11-02,77.04,77.13,76.56,76.6,99151,17:25,17:20,True,123932.92857142857,0.8000375779295368,2.1857142857142864
2020-11-03,79.2,79.36,79.04,79.04,35672,17:25,17:20,True,102784.71428571429,0.3470554960228939,2.1428571428571437
2020-11-04,78.76,78.88,78.36,78.86,95921,17:25,17:20,True,103208.5,0.929390505626959,2.1885714285714295
2020-11-05,81.9,81.9,81.62,81.78,71653,17:25,17:20,True,107660.42857142857,0.6655463010019599,2.2828571428571434
2020-11-06,81.26,81.55,81.2,81.55,118797,17:25,17:20,True,103088.35714285714,1.15238037827467,2.275714285714286
2020-11-09,82.22,82.7,82.22,82.34,72468,17:25,17:20,True,104730.64285714286,0.691946483120986,2.2842857142857147
2020-11-10,88.12,88.7,88.12,88.48,152544,17:25,17:20,True,104289.0,1.462704599718091,2.6799999999999997
2020-11-11,89.46,89.7,89.18,89.7,201151,17:25,17:20,True,107623.35714285714,1.8690273685943106,2.849999999999999
2020-11-12,89.34,89.52,89.14,89.44,151599,17:25,17:20,True,114149.71428571429,1.328071655269771,2.892857142857143
2020-11-13,89.66,89.66,89.28,89.34,99609,17:25,17:20,True,112222.14285714286,0.8876055782217668,2.768571428571429
2020-11-16,90.18,90.48,90.0,90.46,194142,17:25,17:20,True,112754.85714285714,1.7218060926105179,2.7485714285714287
2020-11-17,90.8,91.18,90.68,91.14,90132,17:25,17:20,True,120578.92857142857,0.7474937874125129,2.8057142857142856
2020-11-18,91.16,91.32,91.0,91.29,51326,17:25,17:20,True,122252.35714285714,0.4198364857703591,2.675714285714286
2020-11-19,90.22,90.58,90.02,90.5,136740,17:25,17:20,True,114987.35714285714,1.189174213562609,2.5242857142857145
2020-11-20,91.14,91.4,91.08,91.38,59123,17:25,17:20,True,112207.5,0.5269077378963082,2.5071428571428567
2020-11-23,91.0,91.5,90.86,91.44,74295,17:25,17:20,True,109348.35714285714,0.67943407602309,2.4085714285714284
2020-11-24,91.2,91.34,91.1,91.3,133220,17:25,17:20,True,112107.14285714286,1.1883274928321121,2.3400000000000003
2020-11-25,93.94,93.94,93.3,93.56,150676,17:25,17:20,True,114771.35714285714,1.3128362663905069,2.2628571428571433
2020-11-26,93.7,93.8,93.58,93.6,59560,17:25,17:20,True,120415.85714285714,0.4946192421263929,2.3157142857142867
2020-11-27,93.04,93.14,92.82,92.94,85534,17:25,17:20,True,116184.64285714286,0.7361902390591331,2.2385714285714298
2020-11-30,93.3,93.3,92.38,92.46,109512,17:25,17:20,True,117117.92857142857,0.9350575213871732,1.8314285714285745
2020-12-01,90.6,90.98,90.58,90.8,102440,17:25,17:20,True,114044.21428571429,0.8982481105385818,1.7057142857142884
2020-12-02,91.38,91.44,91.16,91.4,79511,17:25,17:20,True,106993.42857142857,0.7431390979953375,1.5914285714285736
2020-12-03,91.98,92.12,91.7,91.82,41064,17:25,17:20,True,101844.28571428571,0.40320377046190964,1.5442857142857167
2020-12-04,92.12,92.14,91.92,92.14,30489,17:25,17:20,True,97662.5,0.3121873800076795,1.528571428571431
2020-12-07,91.54,91.76,91.0,91.58,94796,17:25,17:20,True,85973.0,1.1026252428087888,1.3807142857142887
2020-12-08,90.0,90.48,90.0,90.3,42727,17:25,17:20,True,86306.14285714286,0.4950632548916399,1.4478571428571445
2020-12-09,90.3,90.4,90.12,90.28,66928,17:25,17:20,True,85691.92857142857,0.7810303854255319,1.470714285714287
2020-12-10,90.92,91.04,90.78,90.88,59668,17:25,17:20,True,80705.35714285714,0.7393313419626064,1.4307142857142867
2020-12-11,89.74,89.76,89.46,89.46,23284,17:25,17:20,True,80744.28571428571,0.2883671555704959,1.519285714285715
2020-12-14,88.84,89.62,88.66,89.46,83620,17:25,17:20,True,77100.64285714286,1.0845564563571362,1.549285714285715
2020-12-15,88.28,88.28,87.92,88.26,57456,17:25,17:20,True,73557.78571428571,0.781100184597338,1.482142857142858
2020-12-16,85.7,85.92,85.3,85.66,195239,17:25,17:20,True,66899.21428571429,2.918404978064017,1.855
2020-12-17,84.86,85.18,84.74,85.14,110071,17:25,17:20,True,76590.57142857143,1.4371351192052733,1.9792857142857148
2020-12-18,84.28,84.28,83.96,84.1,57333,17:25,17:20,True,78343.21428571429,0.7318183268675835,2.017857142857142
2020-12-21,83.84,83.84,83.34,83.54,98421,17:25,17:20,True,74616.14285714286,1.319030925900753,2.069285714285713
2020-12-22,83.46,83.92,83.46,83.74,82771,17:25,17:20,True,74329.07142857143,1.1135750576346304,2.170714285714285
2020-12-23,83.34,83.52,83.14,83.3,58240,17:25,17:20,True,74561.92857142857,0.7810956759817104,2.1678571428571414
2020-12-28,85.44,85.7,85.2,85.34,68360,17:25,17:20,True,75788.78571428571,0.901980409842014,2.224999999999999
2020-12-29,85.74,85.92,85.74,85.84,74119,17:25,17:20,True,78493.85714285714,0.9442649743292013,2.2428571428571424
2020-12-30,85.24,85.24,85.02,85.02,48545,17:25,17:20,True,77016.92857142857,0.6303159694946473,2.1671428571428564
2021-01-04,85.0,85.4,84.98,85.22,81302,17:25,17:20,True,77432.5,1.0499725567429696,2.1785714285714284
2021-01-07,85.36,85.7,85.0,85.44,755032,17:25,17:20,True,78459.21428571429,9.623241920961664,2.202857142857144
2021-01-08,87.98,88.14,87.8,87.94,111149,17:25,17:20,True,128128.07142857143,0.8674835948183541,2.2914285714285723
2021-01-11,85.92,85.96,85.5,85.62,127621,17:25,17:20,True,134404.14285714287,0.9495317427502765,2.334285714285715
2021-01-12,85.08,85.44,84.98,85.44,87013,17:25,17:20,True,137547.07142857142,0.6326052535781258,2.345714285714286
2021-01-13,87.02,87.04,86.66,86.9,48280,17:25,17:20,True,139658.2857142857,0.34570093534422797,1.9985714285714289
2021-01-14,87.3,88.28,87.3,88.14,129538,17:25,17:20,True,129161.21428571429,1.0029171738309322,1.9057142857142852
2021-01-15,88.56,89.08,88.52,89.0,51278,17:25,17:20,True,130551.71428571429,0.3927792161179697,1.9471428571428564
2021-01-18,88.94,88.96,88.48,88.64,46366,17:25,17:20,True,130119.21428571429,0.35633476773222794,1.8328571428571425
2021-01-19,90.0,90.56,89.8,90.28,185576,17:25,17:20,True,126401.0,1.468152941827992,1.7057142857142853
2021-01-20,89.52,89.92,89.52,89.8,65167,17:25,17:20,True,133744.2142857143,0.4872509838876875,1.7914285714285703
2021-01-21,90.98,90.98,90.38,90.72,156054,17:25,17:20,True,134239.0,1.1625086599274428,1.778571428571427
2021-01-22,91.78,91.82,91.44,91.66,59735,17:25,17:20,True,140502.85714285713,0.4251514966650399,1.8899999999999986
2021-01-25,92.5,92.94,92.44,92.64,130223,17:25,17:20,True,139475.42857142858,0.9336626625478323,1.9471428571428564
2021-01-26,91.0,91.2,90.84,90.86,32056,17:25,17:20,True,145309.57142857142,0.22060487609212648,2.0242857142857136
2021-01-27,94.38,94.8,93.7,94.22,1040266,17:25,17:20,True,141792.0,7.336563416835928,2.0414285714285705
2021-01-28,92.5,92.6,91.9,91.99,192819,17:25,17:20,True,162165.85714285713,1.1890234072523633,2.0328571428571425
2021-01-29,92.46,92.46,91.42,91.54,77076,17:25,17:20,True,167999.42857142858,0.45878727478664894,2.164285714285714
2021-02-01,91.56,91.84,91.14,91.36,112706,17:25,17:20,True,164389.07142857142,0.6856051866499642,2.1971428571428575
2021-02-02,92.36,92.46,92.14,92.24,74961,17:25,17:20,True,166224.2857142857,0.45096298460771594,2.181428571428572
2021-02-03,92.44,92.48,92.02,92.14,36395,17:25,17:20,True,168130.07142857142,0.2164693067144868,2.198571428571429
2021-02-04,92.02,92.32,91.84,92.12,111407,17:25,17:20,True,161477.0,0.6899248809427968,2.1585714285714297
2021-02-05,93.6,93.6,93.12,93.34,77570,17:25,17:20,True,165771.92857142858,0.46793205983952996,2.2257142857142873
2021-02-08,92.52,93.02,92.52,92.66,88929,17:25,17:20,True,168000.7857142857,0.5293368100744427,2.2828571428571456
2021-02-09,94.08,94.14,93.7,93.7,45341,17:25,17:20,True,161097.42857142858,0.28145079907278825,2.2571428571428607
2021-02-10,93.92,93.92,93.34,93.34,31915,17:25,17:20,True,159681.2857142857,0.19986687768224026,2.221428571428574
2021-02-11,94.14,94.38,94.02,94.24,43134,17:25,17:20,True,150814.2142857143,0.28600752392134315,2.1500000000000017
2021-02-12,94.26,94.26,93.86,93.96,46194,17:25,17:20,True,149628.42857142858,0.30872475532247023,2.1214285714285737
2021-02-15,94.98,94.98,94.74,94.82,46160,17:25,17:20,True,143626.35714285713,0.321389478353804,2.0314285714285734
2021-02-16,96.72,96.78,96.5,96.68,63594,17:25,17:20,True,144633.7857142857,0.43968979782929596,2.0885714285714303
2021-02-17,97.4,97.78,97.06,97.5,94783,17:25,17:20,True,74871.5,1.2659423144988413,1.9500000000000008
2021-02-18,96.3,96.72,96.26,96.48,85768,17:25,17:20,True,67868.92857142857,1.2637299837396663,1.7814285714285722
2021-02-19,96.46,96.58,96.3,96.4,53291,17:25,17:20,True,68489.78571428571,0.7780868262942233,1.7085714285714286
2021-02-22,96.68,96.92,96.32,96.78,70600,17:25,17:20,True,64245.857142857145,1.0989035424185216,1.6457142857142861
2021-02-23,97.3,97.6,97.02,97.48,79424,17:25,17:20,True,63934.357142857145,1.242274162896989,1.617142857142858
2021-02-24,96.5,96.52,96.16,96.4,61999,17:25,17:20,True,67007.85714285714,0.9252497041924721,1.654285714285715
2021-02-25,98.06,98.72,98.02,98.66,215097,17:25,17:20,True,63478.71428571428,3.3884901800603577,1.587142857142857
2021-02-26,96.96,97.52,96.94,97.5,192462,17:25,17:20,True,73302.07142857143,2.6256011085245103,1.6299999999999994
2021-03-01,97.16,97.6,97.08,97.6,134932,17:25,17:20,True,80697.28571428571,1.672076065578414,1.6314285714285706
2021-03-02,98.94,98.94,98.48,98.68,56059,17:25,17:20,True,87096.64285714286,0.6436413409406464,1.7042857142857142
2021-03-03,99.94,100.3,99.84,100.25,69836,17:25,17:20,True,88821.21428571429,0.7862536057585985,1.6957142857142853
2021-03-04,100.95,101.15,100.7,101.05,98370,17:25,17:20,True,90728.5,1.0842238105997564,1.6857142857142844
2021-03-05,102.3,102.45,101.65,101.75,56287,17:25,17:20,True,94455.35714285714,0.595911144720673,1.7371428571428555
2021-03-08,103.1,103.4,102.85,103.05,53854,17:25,17:20,True,95178.71428571429,0.5658197886382159,1.7042857142857133
2021-03-09,105.9,105.9,105.3,105.65,144646,17:25,17:20,True,94483.0,1.5309209064064435,1.856428571428571
2021-03-10,104.3,104.6,104.0,104.5,40195,17:25,17:20,True,98044.64285714286,0.40996630543666335,1.8424999999999991
2021-03-11,105.0,105.7,105.0,105.35,124410,17:25,17:20,True,94789.42857142857,1.3124881315879107,1.8560714285714275
2021-03-12,105.75,105.95,105.6,105.7,55596,17:25,17:20,True,99869.35714285714,0.5566872721576974,1.8810714285714272
2021-03-15,106.4,107.0,106.4,107.0,92862,17:25,17:20,True,98797.64285714286,0.9399212098032993,1.89892857142857
2021-03-16,105.9,106.5,105.9,106.45,39915,17:25,17:20,True,99757.5,0.40012029170739044,1.8732142857142844
2021-03-17,105.6,105.6,105.2,105.5,24289,17:25,17:20,True,98180.07142857143,0.24739236432182554,1.898214285714285
2021-03-18,105.8,106.2,105.8,106.15,27582,17:25,17:20,True,84550.92857142857,0.32621758821606256,1.8382142857142847
2021-03-19,105.6,105.75,105.4,105.6,94520,17:25,17:20,True,72773.78571428571,1.2988193354553692,1.7617857142857136
2021-03-22,106.0,106.3,105.55,105.6,58959,17:25,17:20,True,69887.21428571429,0.8436307070269342,1.7667857142857133
2021-03-23,105.75,105.8,105.45,105.5,54532,17:25,17:20,True,70094.35714285714,0.7779798862961254,1.7510714285714286
2021-03-24,105.7,106.1,105.55,106.0,71768,17:25,17:20,True,69001.21428571429,1.0400976380332851,1.7660714285714292
2021-03-25,109.25,109.25,108.65,108.95,62380,17:25,17:20,True,67101.07142857143,0.9296423838239755,1.9017857142857153
2021-03-26,108.5,108.8,108.35,108.7,82068,17:25,17:20,True,67536.28571428571,1.215168988522572,1.9125000000000003
2021-03-29,109.65,109.65,109.15,109.35,63155,17:25,17:20,True,69551.57142857143,0.9080312450576241,1.7696428571428575
2021-03-30,110.0,110.45,109.8,110.3,193673,17:25,17:20,True,63730.78571428572,3.03892377646596,1.7464285714285717
2021-03-31,107.5,107.8,107.35,107.6,210754,17:25,17:20,True,74693.5,2.821584207461158,1.8214285714285714
2021-04-06,107.55,108.1,107.55,108.05,250190,17:25,17:20,True,80860.92857142857,3.0940777507766866,2.096428571428572
2021-04-07,106.9,107.25,106.9,107.25,61459,17:25,17:20,True,94760.5,0.6485719260662407,2.1428571428571437
2021-04-08,108.4,109.1,108.35,109.1,49961,17:25,17:20,True,92517.42857142857,0.540017170509958,2.150000000000001
2021-04-09,108.0,108.25,107.95,108.15,71213,17:25,17:20,True,93235.0,0.7638011476376897,2.1321428571428567
2021-04-12,108.2,108.2,107.6,107.75,77348,17:25,17:20,True,96586.71428571429,0.8008140723287882,2.125
2021-04-13,108.4,108.55,108.25,108.35,80287,17:25,17:20,True,100141.42857142857,0.8017361160644232,2.1285714285714286
2021-04-14,108.0,108.3,107.95,108.1,80143,17:25,17:20,True,99124.78571428571,0.8085061614256778,2.0821428571428577
2021-04-15,106.25,106.45,105.6,106.35,249684,17:25,17:20,True,100637.92857142857,2.4810129097876334,2.1499999999999995
2021-04-16,106.15,106.4,106.0,106.25,133514,17:25,17:20,True,114577.35714285714,1.165273866751284,2.1750000000000003
2021-04-19,107.5,108.0,107.5,108.0,108050,17:25,17:20,True,118987.78571428571,0.908076399198237,2.057142857142858
2021-04-20,106.5,106.65,106.3,106.45,64286,17:25,17:20,True,122249.92857142857,0.5258571579650354,2.0142857142857156
2021-04-21,103.6,104.25,103.35,104.15,63826,17:25,17:20,True,120979.78571428571,0.5275757402210641,2.1714285714285717
2021-04-22,104.0,104.05,103.6,103.7,55555,17:25,17:20,True,121027.71428571429,0.45902709414844767,2.2375000000000003
2021-04-23,103.4,103.4,103.0,103.15,50398,17:25,17:20,True,111162.14285714286,0.453373771903333,2.1625000000000005
2021-04-26,104.35,104.8,104.2,104.25,58471,17:25,17:20,True,99708.14285714286,0.5864215130731549,1.8821428571428567
2021-04-27,105.65,105.65,105.25,105.35,32875,17:25,17:20,True,86013.92857142857,0.38220553980044764,1.8964285714285702
2021-04-28,107.0,107.65,107.0,107.05,241987,17:25,17:20,True,83972.21428571429,2.8817508512594725,1.932142857142857
2021-04-29,107.8,108.4,107.7,107.85,216401,17:25,17:20,True,97688.35714285714,2.215217926979162,2.092857142857144
2021-05-03,108.65,108.75,108.45,108.65,152095,17:25,17:20,True,108058.92857142857,1.4075190454943567,2.267857142857143
2021-05-04,108.25,108.95,108.25,108.6,80687,17:25,17:20,True,113398.0,0.7115381223654739,2.374999999999999
2021-05-05,108.0,108.6,107.925,108.35,104008,17:25,17:20,True,113426.57142857143,0.9169632713926945,2.4107142857142847
2021-05-06,109.65,109.9,109.55,109.9,114876,17:25,17:20,True,115131.21428571429,0.9977832746115146,2.442857142857142
2021-05-07,110.4,110.4,110.1,110.35,142949,17:25,17:20,True,105502.07142857143,1.354940221214343,2.460714285714284
2021-05-10,109.85,110.3,109.55,110.05,88235,17:25,17:20,True,106176.0,0.8310258438818565,2.460714285714284
2021-05-11,108.9,109.35,108.85,109.15,45654,17:25,17:20,True,104760.64285714286,0.43579343114814795,2.464285714285712
2021-05-14,108.5,108.5,107.95,108.1,94618,17:25,17:20,True,103429.78571428571,0.9148041770227836,2.3714285714285697
2021-05-17,110.0,110.0,109.6,109.7,76197,17:25,17:20,True,105629.21428571429,0.7213629346318557,2.4196428571428563
2021-05-18,109.3,109.8,109.3,109.55,27354,17:25,17:20,True,107103.64285714286,0.2553974754760242,2.4589285714285714
2021-05-19,107.9,108.0,107.4,107.6,178542,17:25,17:20,True,105457.64285714286,1.6930209623769057,2.4357142857142855
2021-05-20,108.35,108.75,108.3,108.5,23713,17:25,17:20,True,114034.14285714286,0.20794649221599046,2.4499999999999997
2021-05-21,109.2,109.4,109.15,109.15,80489,17:25,17:20,True,113379.71428571429,0.7099065340486708,2.3999999999999995
2021-05-24,110.1,110.7,110.05,110.45,81932,17:25,17:20,True,101844.14285714286,0.8044841627753332,2.22142857142857
2021-05-25,109.55,109.8,109.0,109.45,72270,17:25,17:20,True,92239.21428571429,0.7835062403734389,2.089285714285713
2021-05-26,109.35,109.4,108.85,108.85,105871,17:25,17:20,True,86537.42857142857,1.2234128254991234,2.0214285714285714
2021-05-27,106.65,106.65,106.15,106.5,43867,17:25,17:20,True,88336.28571428571,0.49659094952082466,2.1892857142857145
2021-05-28,106.35,106.7,106.3,106.55,39539,17:25,17:20,True,84040.5,0.4704755445291258,2.1053571428571436
2021-05-31,107.35,107.4,107.2,107.25,42751,17:25,17:20,True,78659.28571428571,0.5434959091198024,2.0553571428571433
2021-06-01,106.8,106.8,106.35,106.55,34038,17:25,17:20,True,71502.28571428571,0.47604072597079816,2.005357142857143
2021-06-02,107.35,107.775,107.1,107.75,74552,17:25,17:20,True,67631.07142857143,1.1023335639261327,1.9732142857142858
2021-06-03,108.4,108.5,108.2,108.4,31639,17:25,17:20,True,69695.21428571429,0.4539623032120467,1.9053571428571436
2021-06-04,108.95,109.0,108.65,109.0,31467,17:25,17:20,True,65196.71428571428,0.4826470220891938,1.8089285714285717
2021-06-07,108.35,108.35,107.95,108.2,20416,17:25,17:20,True,62001.71428571428,0.3292812180308379,1.7982142857142855
2021-06-08,108.9,108.9,108.5,108.7,47761,17:25,17:20,True,61506.142857142855,0.7765240637985056,1.7982142857142864
2021-06-09,108.6,108.65,108.25,108.55,31759,17:25,17:20,True,52164.642857142855,0.6088223413505317,1.7125000000000017
2021-06-10,108.1,108.15,107.85,108.15,23606,17:25,17:20,True,52739.357142857145,0.4475974164049348,1.687500000000001
2021-06-11,108.2,108.35,108.15,108.15,25750,17:25,17:20,True,48676.28571428572,0.529005030316904,1.6696428571428592
2021-06-14,108.8,109.05,108.8,109.05,42750,17:25,17:20,True,44663.28571428572,0.9571620026675792,1.6267857142857156
2021-06-15,108.5,109.15,108.5,109.1,72698,17:25,17:20,True,42554.71428571428,1.7083418657660896,1.6053571428571445
2021-06-16,109.5,109.85,109.5,109.85,47526,17:25,17:20,True,40185.21428571428,1.1826737979320754,1.3732142857142864
2021-06-17,109.1,109.95,109.0,109.8,48919,17:25,17:20,True,40446.57142857143,1.2094721078247848,1.3607142857142864
2021-06-18,109.1,109.6,109.05,109.55,58058,17:25,17:20,True,41116.57142857143,1.4120340773271813,1.460714285714287
2021-06-21,107.3,107.45,106.9,106.95,61111,17:25,17:20,True,42209.92857142857,1.4477873350718093,1.5035714285714294
2021-06-22,110.0,110.575,109.85,110.4,63413,17:25,17:20,True,44143.71428571428,1.4365125596266741,1.642857142857144
2021-06-23,111.05,111.25,111.05,111.1,34777,17:25,17:20,True,43348.07142857143,0.8022732927647136,1.6571428571428573
2021-06-24,111.55,112.25,111.2,112.05,149790,17:25,17:20,True,43572.21428571428,3.4377412866325363,1.6285714285714294
2021-06-28,113.65,113.65,113.0,113.05,282316,17:25,17:20,True,52023.857142857145,5.426664140353189,1.664285714285715
2021-06-29,111.7,112.25,111.7,112.2,41783,17:25,17:20,True,70731.0,0.5907310797245904,1.7464285714285726
2021-06-30,111.2,111.5,111.1,111.1,39592,17:25,17:20,True,70304.0,0.5631543013199818,1.767857142857144
2021-07-01,110.65,111.2,110.65,111.2,71420,17:25,17:20,True,70863.5,1.0078531260804222,1.8392857142857153
2021-07-02,111.95,112.1,111.5,111.65,36740,17:25,17:20,True,74278.78571428571,0.49462305618889457,1.8357142857142859
2021-07-05,111.0,111.15,110.9,111.1,29004,17:25,17:20,True,75063.78571428571,0.38639138332827416,1.8214285714285714
2021-07-06,112.3,112.3,111.4,111.4,27753,17:25,17:20,True,74081.92857142857,0.37462577628822147,1.8392857142857142
2021-07-07,110.9,111.35,110.8,111.3,78142,17:25,17:20,True,70871.57142857143,1.1025859653578605,1.9142857142857141
2021-07-08,111.2,111.2,110.9,111.0,38289,17:25,17:20,True,73058.42857142857,0.5240873742933738,1.9571428571428566
2021-07-09,110.7,111.15,110.7,110.7,37565,17:25,17:20,True,72299.14285714286,0.5195773907614001,1.9250000000000003
2021-07-12,112.0,112.15,111.65,112.15,29574,17:25,17:20,True,70835.35714285714,0.4175033654500628,1.9285714285714286
2021-07-13,113.0,113.0,112.7,113.0,34347,17:25,17:20,True,68582.71428571429,0.5008113248027929,1.8535714285714278
2021-07-14,112.3,112.6,112.2,112.55,25134,17:25,17:20,True,66506.57142857143,0.3779175419829619,1.8249999999999988
2021-07-15,116.5,118.0,116.15,117.35,435366,17:25,17:20,True,65817.78571428571,6.614716603957463,1.8714285714285697
2021-07-16,117.3,118.7,117.25,118.0,202350,17:25,17:20,True,86216.07142857143,2.347010211056109,2.0142857142857125
2021-07-19,117.25,117.25,116.4,116.45,38804,17:25,17:20,True,80504.21428571429,0.48201203308788626,2.028571428571426
2021-07-20,112.45,113.2,112.1,112.7,85296,17:25,17:20,True,80291.42857142857,1.0623300832680949,2.2928571428571396
2021-07-21,113.35,113.85,113.1,113.7,28609,17:25,17:20,True,83556.0,0.342393125568481,2.31785714285714
2021-07-22,114.75,115.3,114.75,115.05,27184,17:25,17:20,True,80498.07142857143,0.33769753135168273,2.4071428571428553
2021-07-23,113.9,114.45,113.7,113.9,25558,17:25,17:20,True,79815.5,0.3202134923667709,2.449999999999999
2021-07-26,114.5,114.6,114.15,114.45,57369,17:25,17:20,True,79569.35714285714,0.7209936344842011,2.435714285714284
2021-07-27,115.35,115.6,114.7,115.15,87603,17:25,17:20,True,81684.78571428571,1.0724518554338236,2.4178571428571423
2021-07-28,115.1,115.55,115.1,115.2,70553,17:25,17:20,True,82360.57142857143,0.8566356300865184,2.3678571428571424
2021-07-29,115.6,115.95,115.6,115.8,12515,17:25,17:20,True,84665.14285714286,0.14781762101455145,2.3214285714285703
2021-07-30,116.1,116.45,115.85,116.05,40353,17:25,17:20,True,82875.85714285714,0.48690899124508086,2.278571428571428
2021-08-02,117.05,117.2,116.85,117.1,52501,17:25,17:20,True,83645.78571428571,0.6276586387667041,2.2714285714285714
2021-08-03,117.15,117.15,116.65,116.85,28125,17:25,17:20,True,84942.5,0.3311063366394914,2.2464285714285714
2021-08-04,118.0,118.05,117.75,117.85,30154,17:25,17:20,True,85156.14285714286,0.3541024638772809,2.217857142857144
2021-08-05,118.0,118.25,117.75,118.25,17956,17:25,17:20,True,56212.42857142857,0.3194311374962832,1.9857142857142864
2021-08-06,119.25,119.5,119.0,119.05,46308,17:25,17:20,True,43041.42857142857,1.075893657273723,1.9357142857142864
2021-08-09,118.7,118.7,118.35,118.45,33638,17:25,17:20,True,43577.42857142857,0.7719133758629959,1.6464285714285722
2021-08-10,118.95,118.95,118.7,118.8,18799,17:25,17:20,True,39887.57142857143,0.47129968876807316,1.546428571428572
2021-08-11,119.3,119.55,119.3,119.35,32477,17:25,17:20,True,39186.857142857145,0.8287727663793983,1.4892857142857139
2021-08-12,119.3,119.35,119.0,119.2,25254,17:25,17:20,True,39564.92857142857,0.6382925715234813,1.4392857142857136
2021-08-13,119.0,119.2,118.95,119.0,23938,17:25,17:20,True,39543.21428571428,0.6053630295969148,1.4071428571428564
2021-08-16,119.0,119.0,118.25,118.3,75787,17:25,17:20,True,37155.28571428572,2.0397367034876788,1.357142857142856
2021-08-17,117.05,117.25,117.0,117.25,37836,17:25,17:20,True,36311.28571428572,1.0419900935954582,1.4357142857142853
2021-08-18,117.35,117.55,117.25,117.55,18897,17:25,17:20,True,33974.357142857145,0.5562136148902218,1.3821428571428567
2021-08-19,114.7,114.7,114.25,114.4,52303,17:25,17:20,True,34430.21428571428,1.5191017855994424,1.432142857142857
2021-08-20,114.15,114.95,114.1,114.9,102666,17:25,17:20,True,35283.78571428572,2.909721786413427,1.4678571428571427
2021-08-23,117.55,117.7,117.2,117.3,43275,17:25,17:20,True,38867.0,1.1134124064116089,1.5785714285714292
2021-08-24,117.1,117.1,116.8,116.875,12718,17:25,17:20,True,39949.142857142855,0.31835476534450946,1.6071428571428572
2021-08-25,116.35,116.45,116.0,116.25,17337,17:25,17:20,True,38703.71428571428,0.44794150432221347,1.6357142857142861
2021-08-26,117.0,117.1,116.65,116.85,32014,17:25,17:20,True,38659.5,0.8281017602400444,1.6035714285714289
2021-08-27,117.35,117.35,117.05,117.2,19859,17:25,17:20,True,37638.5,0.5276246396641736,1.614285714285715
2021-08-30,117.5,117.7,117.35,117.45,40434,17:25,17:20,True,36654.28571428572,1.1031179359264167,1.5750000000000008
2021-08-31,117.4,117.6,117.2,117.35,34694,17:25,17:20,True,38199.642857142855,0.9082283865780346,1.544642857142858
2021-09-01,117.0,117.45,116.75,116.8,29677,17:25,17:20,True,38358.0,0.77368475937223,1.619642857142858
2021-09-02,117.4,118.0,117.0,117.9,43298,17:25,17:20,True,38673.92857142857,1.1195655988253437,1.648214285714287
2021-09-03,120.4,120.9,120.4,120.6,210758,17:25,17:20,True,40056.78571428572,5.261480576681318,1.7196428571428584
2021-09-06,118.65,118.95,118.6,118.8,25449,17:25,17:20,True,49697.57142857143,0.5120773363458404,1.7375000000000012
2021-09-07,120.45,120.5,120.2,120.3,37939,17:25,17:20,True,48812.78571428572,0.7772348872294875,1.8446428571428573
2021-09-08,120.0,120.0,119.5,119.55,38076,17:25,17:20,True,50172.92857142857,0.7588953063760907,1.7803571428571427
2021-09-09,118.2,118.2,117.6,118.0,70730,17:25,17:20,True,49156.71428571428,1.4388675286329147,1.7267857142857141
2021-09-10,120.9,120.9,120.05,120.05,84669,17:25,17:20,True,46875.57142857143,1.8062499809526131,1.8517857142857141
2021-09-13,120.0,120.7,119.925,120.7,32597,17:25,17:20,True,49832.28571428572,0.6541341528441114,1.841071428571428
2021-09-14,121.35,121.65,121.25,121.35,16001,17:25,17:20,True,51252.21428571428,0.3122011453163696,1.8767857142857127
2021-09-15,120.65,120.65,120.45,120.65,43646,17:25,17:20,True,51156.78571428572,0.8531810470612053,1.880357142857142
2021-09-16,121.35,121.8,121.3,121.75,37769,17:25,17:20,True,51987.642857142855,0.7264995665178676,1.919642857142856
2021-09-17,123.3,123.9,123.2,123.9,31463,17:25,17:20,True,53266.92857142857,0.5906666827581305,1.9982142857142853
2021-09-20,121.8,121.8,121.3,121.4,66860,17:25,17:20,True,52626.142857142855,1.270471221527595,2.0535714285714275
2021-09-21,119.45,120.5,118.85,120.05,107103,17:25,17:20,True,54923.71428571428,1.9500319924258582,2.182142857142857
2021-09-22,120.05,120.35,119.85,120.25,65472,17:25,17:20,True,60454.142857142855,1.0830027009846896,2.2357142857142853
2021-09-23,121.3,121.85,120.55,121.45,68607,17:25,17:20,True,62038.0,1.105886714594281,2.249999999999999
2021-09-24,124.3,124.35,123.8,123.85,62558,17:25,17:20,True,51884.357142857145,1.2057198632673487,2.3535714285714278
2021-09-27,123.9,124.2,123.55,124.05,90539,17:25,17:20,True,54535.0,1.6601998716420647,2.296428571428571
2021-09-28,125.45,126.15,125.3,126.15,87109,17:25,17:20,True,58292.142857142855,1.4943523385901065,2.3821428571428567
2021-09-29,123.05,123.75,123.05,123.05,51027,17:25,17:20,True,61794.5,0.8257531010041347,2.4964285714285706
2021-09-30,124.45,125.0,124.25,124.8,44188,17:25,17:20,True,60387.142857142855,0.7317451680821367,2.310714285714284
2021-10-01,121.8,121.85,121.1,121.25,125890,17:25,17:20,True,57495.642857142855,2.1895572211061958,2.324999999999999
2021-10-04,124.85,124.85,124.05,124.4,44534,17:25,17:20,True,64159.42857142857,0.6941146608003278,2.482142857142857
2021-10-05,123.45,123.85,122.9,123.85,46617,17:25,17:20,True,66197.5,0.7042108840968314,2.5392857142857133
2021-10-06,124.8,124.8,124.15,124.15,34803,17:25,17:20,True,66409.71428571429,0.5240648958414001,2.560714285714284
2021-10-07,124.7,124.95,124.6,124.7,48637,17:25,17:20,True,66197.85714285714,0.7347216677276994,2.5928571428571408
2021-10-08,125.5,125.9,125.35,125.75,59919,17:25,17:20,True,67424.57142857143,0.8886819557092369,2.6642857142857133
2021-10-11,125.95,125.95,125.6,125.75,34786,17:25,17:20,True,66928.78571428571,0.5197464682610409,2.466071428571427
2021-10-12,124.7,124.85,124.0,124.0,61871,17:25,17:20,True,61763.28571428572,1.001743985678038,2.4053571428571416
2021-10-13,126.1,126.25,125.775,126.05,63746,17:25,17:20,True,61506.07142857143,1.0364180075137763,2.4160714285714286
2021-10-14,126.6,126.95,126.5,126.65,49816,17:25,17:20,True,61158.857142857145,0.814534514332698,2.2232142857142856
2021-10-15,127.5,128.4,127.35,128.35,158872,17:25,17:20,True,60248.71428571428,2.636935939356145,2.205357142857143
2021-10-18,128.65,129.2,128.575,128.95,52862,17:25,17:20,True,65129.642857142855,0.8116427126116592,2.1696428571428563
2021-10-19,129.0,129.35,128.9,129.05,32383,17:25,17:20,True,62683.42857142857,0.5166118181155193,2.1267857142857145
2021-10-20,131.5,132.7,130.95,131.0,410648,17:25,17:20,True,61351.71428571428,6.693341902193908,2.148214285714285
2021-10-21,132.45,132.5,131.7,131.7,63080,17:25,17:20,True,87527.42857142857,0.7206883719715617,2.244642857142856
2021-10-22,135.2,135.75,135.2,135.55,72336,17:25,17:20,True,83041.0,0.8710877759179201,2.226785714285712
2021-10-25,138.0,138.15,137.85,138.1,60669,17:25,17:20,True,85026.85714285714,0.7135274904735982,2.3089285714285714
2021-10-26,138.25,138.45,137.5,137.65,122373,17:25,17:20,True,86030.57142857143,1.422436210383684,2.2767857142857144
2021-10-27,136.15,136.2,135.8,135.9,57487,17:25,17:20,True,92285.57142857143,0.6229251128871716,2.2910714285714286
2021-10-28,135.5,136.65,135.5,136.3,80982,17:25,17:20,True,92917.71428571429,0.8715453304306113,2.1732142857142867
2021-10-29,135.0,135.3,133.8,133.95,74672,17:25,17:20,True,94422.21428571429,0.7908308501858294,2.2053571428571437
2021-11-01,134.4,135.2,134.35,134.7,40371,17:25,17:20,True,97271.21428571429,0.41503542745357785,2.2482142857142873
2021-11-02,135.8,136.4,135.7,136.1,53858,17:25,17:20,True,95735.5,0.5625708331810039,2.2428571428571433
2021-11-03,136.95,136.95,136.15,136.75,37590,17:25,17:20,True,95029.21428571429,0.39556256760139175,2.2714285714285714
2021-11-04,139.8,140.5,139.7,140.45,97163,17:25,17:20,True,94155.92857142857,1.0319371437804918,2.414285714285714
2021-11-08,139.9,139.9,139.2,139.45,80842,17:25,17:20,True,89748.14285714286,0.9007651570983563,2.4607142857142867
2021-11-09,140.0,140.9,139.9,140.5,67465,17:25,17:20,True,91746.71428571429,0.7353396851891932,2.482142857142857
2021-11-10,140.0,140.5,139.8,140.2,90327,17:25,17:20,True,94252.57142857143,0.9583505110887462,2.4571428571428577
2021-11-11,140.2,140.85,140.2,140.85,30242,17:25,17:20,True,71372.5,0.4237206206872395,2.32857142857143
2021-11-12,139.95,141.2,139.95,140.85,103823,17:25,17:20,True,69026.92857142857,1.5040941578700653,2.175000000000001
2021-11-15,137.0,137.25,136.8,137.1,122589,17:25,17:20,True,71276.0,1.7199197485829731,2.091071428571429
2021-11-16,139.2,139.5,139.1,139.1,46014,17:25,17:20,True,75698.85714285714,0.6078559404557909,2.294642857142857
2021-11-17,139.0,139.45,138.95,139.3,41021,17:25,17:20,True,70244.64285714286,0.5839733584157409,2.2124999999999995
2021-11-18,136.05,136.3,135.45,135.6,37778,17:25,17:20,True,69068.5,0.5469642456401977,2.437499999999998
2021-11-19,136.7,137.15,136.4,136.5,82577,17:25,17:20,True,65982.5,1.2514985033910506,2.4285714285714266
2021-11-22,135.65,136.5,135.65,136.5,67636,17:25,17:20,True,66547.14285714286,1.0163621922160444,2.5321428571428544
2021-11-23,137.0,137.45,136.9,137.45,51110,17:25,17:20,True,68494.64285714286,0.7461897437234404,2.5517857142857117
2021-11-24,137.2,137.7,136.8,137.7,90244,17:25,17:20,True,68298.35714285714,1.3213202158177826,2.562499999999998
2021-11-25,137.75,138.45,137.75,138.45,19593,17:25,17:20,True,72059.35714285714,0.2719008436497292,2.473214285714284
2021-11-26,135.85,135.85,132.85,132.95,163388,17:25,17:20,True,66518.64285714286,2.45627380508794,2.38035714285714
2021-11-29,129.7,131.2,129.7,130.9,209128,17:25,17:20,True,72414.78571428571,2.8879185091442454,2.83392857142857
2021-11-30,130.15,130.3,129.5,130.3,87658,17:25,17:20,True,82533.57142857143,1.0620890200524462,2.982142857142857
2021-12-01,132.0,132.85,132.0,132.65,69016,17:25,17:20,True,82342.92857142857,0.8381533326220224,3.142857142857143
2021-12-02,132.5,132.5,131.6,131.95,46688,17:25,17:20,True,85112.5,0.5485445733587898,3.192857142857144
2021-12-03,133.9,134.65,133.8,134.25,47890,17:25,17:20,True,81031.42857142857,0.5910052536934524,3.1910714285714272
2021-12-06,132.0,132.9,131.85,132.4,53342,17:25,17:20,True,75695.78571428571,0.7046891646166376,3.1375000000000006
2021-12-07,135.0,135.15,134.85,135.0,78186,17:25,17:20,True,76219.21428571429,1.0258043294294932,3.276785714285716
2021-12-08,135.0,135.05,134.0,134.0,78593,17:25,17:20,True,78873.85714285714,0.9964391605402478,3.091071428571431
2021-12-09,132.0,132.0,131.3,131.3,61610,17:25,17:20,True,81789.21428571429,0.753277807325276,3.3089285714285745
2021-12-10,129.0,129.4,128.65,129.2,33230,17:25,17:20,True,80291.57142857143,0.4138666040377837,3.3267857142857173
2021-12-13,129.65,130.0,129.6,129.65,31018,17:25,17:20,True,77834.0,0.39851478788190253,3.2982142857142884
2021-12-14,127.95,129.05,127.95,128.9,68299,17:25,17:20,True,76398.85714285714,0.8939793415009948,3.3732142857142895
2021-12-15,126.8,127.15,126.65,126.9,56579,17:25,17:20,True,74831.35714285714,0.7560867818017466,3.3946428571428617
2021-12-16,125.7,126.2,125.25,125.4,94065,17:25,17:20,True,77473.21428571429,1.214161576581768,3.666071428571434
2021-12-17,123.8,124.3,123.5,123.95,52574,17:25,17:20,True,72521.57142857143,0.7249429233863421,3.1803571428571464
2021-12-20,119.35,119.65,118.95,119.4,100726,17:25,17:20,True,61339.142857142855,1.6421161970682903,3.085714285714289
2021-12-21,121.7,122.45,121.45,122.45,79986,17:25,17:20,True,62272.57142857143,1.2844499298017014,3.114285714285717
2021-12-22,122.25,122.5,121.85,122.05,58239,17:25,17:20,True,63056.142857142855,0.9236054944233371,3.089285714285716
2021-12-23,122.3,122.55,122.15,122.25,29224,17:25,17:20,True,63881.21428571428,0.4574740841539599,3.0410714285714318
2021-12-27,124.4,124.4,124.05,124.25,18841,17:25,17:20,True,62547.92857142857,0.30122500345449377,3.0303571428571447
2021-12-28,124.75,124.8,124.4,124.55,30447,17:25,17:20,True,60083.57142857143,0.5067441777524163,2.8946428571428586
2021-12-29,126.1,126.35,125.35,125.35,33271,17:25,17:20,True,56673.642857142855,0.5870630212331003,2.905357142857144
2021-12-30,125.8,125.9,125.65,125.75,15397,17:25,17:20,True,53436.357142857145,0.28813715648388133,2.6803571428571424
2022-01-03,125.9,126.6,125.9,126.25,35528,17:25,17:20,True,50135.42857142857,0.7086405963276611,2.4696428571428553
2022-01-04,128.65,129.25,128.4,128.55,105570,17:25,17:20,True,50299.57142857143,2.0988250396907673,2.4839285714285686
2022-01-07,126.8,128.55,126.55,128.25,275039,17:25,17:20,True,55624.71428571428,4.944546745665468,2.4232142857142827
2022-01-10,128.6,128.6,128.2,128.2,32992,17:25,17:20,True,70391.85714285714,0.4686905750056317,2.4517857142857102
2022-01-11,126.2,126.6,125.75,126.05,83777,17:25,17:20,True,68707.07142857143,1.21933591780426,2.22678571428571
2022-01-12,128.1,128.2,127.6,127.8,67768,17:25,17:20,True,67972.21428571429,0.9969956211098863,2.191071428571424
2022-01-13,128.85,129.1,128.55,128.7,75814,17:25,17:20,True,69057.5,1.0978387575571082,2.119642857142853
2022-01-14,127.8,128.4,127.8,128.3,50036,17:25,17:20,True,67278.07142857143,0.7437192972025484,1.9482142857142821
2022-01-17,128.55,128.9,128.4,128.45,71678,17:25,17:20,True,65138.78571428572,1.1003889497479558,1.976785714285711
2022-01-18,125.0,125.05,124.5,125.05,168721,17:25,17:20,True,66098.71428571429,2.5525609964317435,2.0428571428571405
2022-01-19,121.55,121.85,121.35,121.45,69357,17:25,17:20,True,76062.78571428571,0.9118388098553921,2.0928571428571408
2022-01-20,123.0,123.85,123.0,123.2,93808,17:25,17:20,True,79671.07142857143,1.177441175547676,2.2928571428571405
2022-01-21,121.85,122.7,121.7,122.3,64012,17:25,17:20,True,84196.85714285714,0.7602659074481911,2.3160714285714272
2022-01-24,120.0,120.3,119.5,119.6,76725,17:25,17:20,True,86392.64285714286,0.8880964566261843,2.4232142857142844
2022-01-25,117.75,118.15,117.65,118.1,132270,17:25,17:20,True,90773.21428571429,1.4571479157240375,2.787499999999999
2022-01-26,120.5,120.95,120.5,120.8,37984,17:25,17:20,True,97683.35714285714,0.38884822462080465,2.898214285714286
2022-01-27,119.0,121.0,118.45,120.85,337881,17:25,17:20,True,92855.78571428571,3.63877164358556,2.908928571428572
2022-01-28,118.6,118.75,116.65,116.65,296289,17:25,17:20,True,97344.5,3.043715875062279,3.1160714285714297
2022-01-31,121.0,121.0,119.8,120.1,94620,17:25,17:20,True,116151.42857142857,0.8146262268467273,3.3839285714285725
2022-02-01,120.35,120.8,120.2,120.5,88182,17:25,17:20,True,116925.92857142857,0.7541697643746377,3.4125000000000014
2022-02-02,122.65,122.9,122.35,122.8,82317,17:25,17:20,True,118384.07142857143,0.6953384776064829,3.5267857142857153
2022-02-03,122.1,122.15,121.35,121.7,62680,17:25,17:20,True,118848.57142857143,0.5273938024376758,3.544642857142858
2022-02-04,121.25,121.7,120.7,120.7,79828,17:25,17:20,True,119751.71428571429,0.6666125865182961,3.5946428571428584
2022-02-07,119.0,119.45,118.5,119.2,80114,17:25,17:20,True,120333.85714285714,0.6657644149550596,3.7696428571428586
2022-02-08,121.15,121.3,120.75,121.25,40266,17:25,17:20,True,114004.78571428571,0.35319569917804206,3.6732142857142875
2022-02-09,122.4,122.85,122.0,122.1,106356,17:25,17:20,True,111926.85714285714,0.9502276997222676,3.533928571428573
2022-02-10,123.8,124.1,123.7,123.7,42036,17:25,17:20,True,112823.14285714286,0.3725831326399599,3.5750000000000006
2022-02-11,123.75,123.9,123.35,123.6,56138,17:25,17:20,True,111253.42857142857,0.5045956850125968,3.5142857142857156
2022-02-14,121.5,121.85,121.25,121.3,137805,17:25,17:20,True,109782.92857142857,1.2552498079001355,3.2250000000000014
2022-02-15,120.0,120.85,119.95,120.7,60790,17:25,17:20,True,110178.28571428571,0.5517421114868369,3.3107142857142873
2022-02-16,122.25,122.6,121.95,122.15,52351,17:25,17:20,True,111807.28571428571,0.46822530093234405,3.3678571428571433
2022-02-17,121.0,121.55,121.0,121.45,72652,17:25,17:20,True,91412.28571428571,0.794772818908368,3.0821428571428577
2022-02-18,118.85,119.0,118.1,118.95,66943,17:25,17:20,True,75438.21428571429,0.8873884493933066,2.8607142857142853
2022-02-21,119.05,119.15,117.2,117.6,92415,17:25,17:20,True,73461.28571428571,1.258009563832456,2.8285714285714283
2022-02-22,112.5,112.95,111.65,112.85,222919,17:25,17:20,True,73763.64285714286,3.0220714618409574,2.9357142857142864
2022-02-23,114.75,115.2,114.55,115.2,102879,17:25,17:20,True,83806.64285714286,1.2275757206426698,3.099999999999999
2022-02-24,108.7,109.2,108.0,108.65,423469,17:25,17:20,True,86678.0,4.885541890675834,2.999999999999999
2022-02-25,108.0,109.7,108.0,109.5,276863,17:25,17:20,True,111223.78571428571,2.4892427300686584,3.353571428571427
2022-02-28,106.7,108.5,106.7,107.95,258253,17:25,17:20,True,125277.28571428571,2.0614511124465613,3.471428571428569
2022-03-01,108.6,109.5,108.45,109.35,112133,17:25,17:20,True,140847.7857142857,0.796128951771137,3.8071428571428547
2022-03-02,105.25,105.7,104.85,105.05,201333,17:25,17:20,True,141260.42857142858,1.4252611438043006,3.9053571428571408
2022-03-03,104.35,104.6,103.45,104.55,136485,17:25,17:20,True,152638.7857142857,0.8941698491723925,4.023214285714284
2022-03-04,102.55,102.9,101.95,102.1,124933,17:25,17:20,True,158377.85714285713,0.7888287053114388,4.094642857142856
2022-03-07,95.0,95.9,94.6,95.32,241665,17:25,17:20,True,157458.42857142858,1.5347860523730072,4.058928571428569
2022-03-08,92.78,94.48,92.3,94.32,194240,17:25,17:20,True,170378.07142857142,1.1400528153145129,4.386785714285713
2022-03-09,99.36,99.48,98.32,98.64,159632,17:25,17:20,True,180513.0,0.8843241207004482,4.741071428571426
2022-03-10,101.95,101.95,100.95,101.25,166673,17:25,17:20,True,186725.85714285713,0.8926080327079959,4.941785714285713
2022-03-11,101.35,102.0,101.1,101.45,85711,17:25,17:20,True,193849.42857142858,0.4421524511660744,5.006785714285713
2022-03-14,104.0,104.75,103.45,104.3,156987,17:25,17:20,True,193370.57142857142,0.8118453539244412,4.999642857142855
2022-03-15,104.1,104.85,103.7,104.4,161738,17:25,17:20,True,188661.14285714287,0.8572936512023067,4.9139285714285705
2022-03-16,108.75,108.8,107.5,107.55,108605,17:25,17:20,True,192865.35714285713,0.5631130525922045,4.985357142857142
2022-03-17,110.5,111.25,110.15,111.0,187356,17:25,17:20,True,170375.07142857142,1.0996679175483,4.671071428571428
2022-03-18,107.3,108.1,107.3,107.95,125291,17:25,17:20,True,163981.7142857143,0.7640547029633966,4.667499999999999
2022-03-21,109.05,109.7,109.05,109.575,91983,17:25,17:20,True,154484.42857142858,0.5954192331913248,4.303214285714285
2022-03-22,110.85,110.85,109.8,109.8,81704,17:25,17:20,True,153045.14285714287,0.5338555570905316,4.101428571428571
2022-03-23,106.4,106.4,105.85,106.2,304776,17:25,17:20,True,144500.2142857143,2.1091733427978108,4.126428571428571
2022-03-24,103.0,103.15,102.75,102.85,82542,17:25,17:20,True,156521.0,0.5273541569501856,4.6710714285714285
2022-03-25,102.0,102.05,101.55,101.9,49575,17:25,17:20,True,153493.07142857142,0.32297874776106694,4.449642857142857
2022-03-28,103.45,103.95,103.425,103.95,42931,17:25,17:20,True,139772.35714285713,0.3071494312435578,4.102142857142858
2022-03-29,105.5,106.3,105.5,106.2,82972,17:25,17:20,True,128964.57142857143,0.6433704937790223,3.8228571428571434
2022-03-30,106.5,107.05,105.8,105.85,126058,17:25,17:20,True,123488.85714285714,1.0208046532827717,3.700714285714287
2022-03-31,105.3,105.85,104.4,104.4,123172,17:25,17:20,True,120587.78571428571,1.0214301495827878,3.6964285714285725
2022-04-01,103.15,103.5,102.5,102.65,158582,17:25,17:20,True,123263.57142857143,1.2865277077574766,3.682142857142858
2022-04-04,103.2,103.35,102.6,102.75,70310,17:25,17:20,True,123377.5,0.5698770035055014,3.5714285714285725
2022-04-05,102.5,102.9,102.35,102.35,101339,17:25,17:20,True,116846.92857142857,0.8672799639577299,3.5035714285714303
2022-04-06,102.2,102.7,101.6,101.7,196768,17:25,17:20,True,116327.92857142857,1.6914940583608777,3.2142857142857175
2022-04-07,101.6,101.95,101.4,101.55,71294,17:25,17:20,True,117000.21428571429,0.6093493113260476,3.1200000000000037
2022-04-08,105.0,105.65,104.65,105.5,77413,17:25,17:20,True,113143.28571428571,0.6842032164019581,3.270000000000003
2022-04-11,106.8,106.9,106.25,106.45,86293,17:25,17:20,True,112102.57142857143,0.7697682479565907,3.3771428571428603
2022-04-12,105.3,105.5,104.8,105.0,159098,17:25,17:20,True,112430.35714285714,1.415080446625689,3.2271428571428595
2022-04-13,107.85,107.9,107.3,107.85,100633,17:25,17:20,True,102024.78571428571,0.9863583568978687,2.8146428571428603
2022-04-19,106.65,106.65,105.5,106.1,145404,17:25,17:20,True,103317.0,1.407357937222335,2.8110714285714318
2022-04-20,108.25,108.25,107.35,107.75,127127,17:25,17:20,True,110161.92857142857,1.1540012202815726,2.8342857142857167
2022-04-21,110.35,110.35,109.75,109.85,145298,17:25,17:20,True,116175.92857142857,1.250672164076281,2.9664285714285734
2022-04-22,110.4,110.65,109.65,110.175,111173,17:25,17:20,True,120627.78571428571,0.9216201668769752,2.8628571428571448
2022-04-25,107.1,107.8,106.8,106.9,114518,17:25,17:20,True,119564.57142857143,0.9577920836559324,2.84857142857143
2022-04-26,108.0,108.9,107.7,108.8,82296,17:25,17:20,True,118946.42857142857,0.6918744933193215,2.74857142857143
2022-04-27,114.95,116.3,114.0,114.65,753652,17:25,17:20,True,113497.42857142857,6.6402561669112705,2.820000000000001
2022-04-28,117.0,117.5,115.25,115.75,267689,17:25,17:20,True,162307.57142857142,1.649269948677687,3.3878571428571433
2022-04-29,116.0,116.0,114.25,114.55,91681,17:25,17:20,True,174189.7142857143,0.5263284366470712,3.77
2022-05-02,110.35,110.85,109.85,110.75,102826,17:25,17:20,True,166683.5,0.6168936937369326,3.8535714285714278
2022-05-03,110.95,111.5,110.85,111.0,104660,17:25,17:20,True,168935.7857142857,0.6195253395098138,4.622857142857142
2022-05-04,111.4,112.35,111.25,111.6,111032,17:25,17:20,True,170882.0,0.6497583127538301,4.619285714285714
2022-05-05,111.1,111.75,110.75,111.05,146224,17:25,17:20,True,172649.07142857142,0.8469434488704792,4.694285714285714
2022-05-06,108.3,108.5,107.45,108.05,68546,17:25,17:20,True,171729.5,0.39915099036566226,4.619285714285714
2022-05-09,107.1,107.25,106.55,107.0,100782,17:25,17:20,True,169437.57142857142,0.5948031428347398,4.697857142857141
2022-05-10,105.0,105.1,104.2,104.85,146894,17:25,17:20,True,166250.2857142857,0.8835714138407496,4.701428571428571
2022-05-11,104.55,104.75,103.8,103.95,61528,17:25,17:20,True,167662.2142857143,0.3669759478134395,4.544285714285714
2022-05-12,105.35,105.35,104.4,104.5,75153,17:25,17:20,True,161678.64285714287,0.46482948317672484,4.597857142857143
2022-05-13,107.0,107.6,107.0,107.35,44206,17:25,17:20,True,159105.7857142857,0.2778403048106808,4.58
2022-05-16,108.35,108.65,108.15,108.55,47517,17:25,17:20,True,154083.5,0.308384739443224,4.5585714285714305
2022-05-17,110.25,110.5,110.1,110.1,63939,17:25,17:20,True,151599.2857142857,0.42176320091971786,4.555000000000001
2022-05-18,111.25,111.75,111.0,111.15,96450,17:25,17:20,True,102334.07142857143,0.9425013453835023,3.9692857142857156
2022-05-19,108.45,109.0,108.3,108.75,99757,17:25,17:20,True,90102.71428571429,1.1071475569944778,3.6871428571428586
2022-05-20,109.4,109.675,109.0,109.25,57597,17:25,17:20,True,90679.57142857143,0.6351706243491604,3.5228571428571454
2022-05-23,108.95,109.05,108.65,108.9,38518,17:25,17:20,True,87448.92857142857,0.4404628007367566,2.646428571428573
2022-05-24,109.4,109.6,109.2,109.5,35464,17:25,17:20,True,82724.5,0.4287000828049731,2.5821428571428577
2022-05-27,110.15,112.3,110.1,111.725,510230,17:25,17:20,True,77326.78571428571,6.598360390735054,2.4928571428571433
2022-05-30,112.3,112.7,112.2,112.4,47935,17:25,17:20,True,103327.21428571429,0.46391456821291027,2.4107142857142856
2022-05-31,111.5,111.5,111.0,111.0,69247,17:25,17:20,True,101855.0,0.6798586225516666,2.3142857142857136
2022-06-01,108.6,109.1,108.6,108.7,52432,17:25,17:20,True,99602.5,0.5264124896463442,2.39642857142857
2022-06-02,109.0,109.45,108.75,109.45,56771,17:25,17:20,True,92855.21428571429,0.6113926981560386,2.3214285714285716
2022-06-03,109.85,110.0,109.65,110.0,28062,17:25,17:20,True,92515.42857142857,0.3033223802053094,2.2071428571428555
2022-06-07,109.55,109.95,109.1,109.55,86363,17:25,17:20,True,89151.78571428571,0.9687186780170256,2.1214285714285697
2022-06-08,110.0,110.175,109.75,110.05,62257,17:25,17:20,True,92163.0,0.6755096947799009,2.0464285714285686
2022-06-09,109.5,110.25,109.5,110.1,67512,17:25,17:20,True,93215.85714285714,0.7242544570129852,1.966071428571426
2022-06-10,111.0,111.1,110.5,111.05,36966,17:25,17:20,True,93471.07142857143,0.3954806490931113,2.1160714285714244
2022-06-13,108.0,108.75,107.0,108.65,72403,17:25,17:20,True,89222.21428571429,0.8114907322087468,2.1410714285714243
2022-06-14,109.15,109.95,109.15,109.95,48600,17:25,17:20,True,87268.35714285714,0.5569028865805556,2.1446428571428515
2022-06-15,110.0,110.0,109.3,109.3,37431,17:25,17:20,True,86625.71428571429,0.4321003331244434,2.2410714285714235
2022-06-16,109.5,109.95,109.45,109.55,38368,17:25,17:20,True,86548.07142857143,0.4433143265551019,2.273214285714281
2022-06-17,103.75,104.55,103.75,104.1,67028,17:25,17:20,True,86755.5,0.7726080767213606,2.680357142857138
2022-06-20,103.95,104.3,103.9,104.3,37187,17:25,17:20,True,55098.21428571428,0.6749220547723221,2.7124999999999955
2022-06-21,106.5,107.0,106.45,107.0,68813,17:25,17:20,True,54330.5,1.2665629802781126,2.8017857142857108
2022-06-22,105.4,105.45,104.5,104.6,199229,17:25,17:20,True,54299.5,3.6690761425059164,2.619642857142854
2022-06-23,102.95,103.35,102.8,103.0,100938,17:25,17:20,True,64785.0,1.5580458439453577,2.812499999999997
2022-06-27,102.4,104.1,102.4,104.0,113739,17:25,17:20,True,67939.78571428571,1.6741147886205958,2.898214285714284
2022-06-28,103.2,103.7,103.1,103.25,89046,17:25,17:20,True,74059.57142857143,1.2023564042074237,2.998214285714284
2022-06-29,102.25,102.55,102.0,102.45,47614,17:25,17:20,True,74251.21428571429,0.6412555061629583,3.007142857142856
2022-06-30,101.35,101.5,100.9,101.15,51704,17:25,17:20,True,73205.28571428571,0.7062877973292327,3.0196428571428564
2022-07-01,100.0,100.15,99.68,99.96,56477,17:25,17:20,True,72076.14285714286,0.7835741170547814,2.9896428571428575
2022-07-04,101.05,101.5,100.65,101.3,63644,17:25,17:20,True,73469.78571428571,0.8662608633092127,2.9517857142857147
2022-07-05,103.0,103.3,102.85,102.95,23557,17:25,17:20,True,72844.14285714286,0.32338907530559374,2.939285714285716
2022-07-06,102.1,102.95,102.0,102.55,85462,17:25,17:20,True,71055.35714285714,1.2027523811917267,2.864285714285716
2022-07-07,104.25,104.7,104.05,104.5,60196,17:25,17:20,True,74486.14285714286,0.8081503175087217,2.901785714285716
2022-07-08,104.1,104.1,103.65,103.8,56448,17:25,17:20,True,76045.28571428571,0.7422945350233038,2.4910714285714306
2022-07-11,105.1,105.7,105.0,105.5,82415,17:25,17:20,True,75289.57142857143,1.094640312545657,2.487500000000002
2022-07-12,104.1,104.85,104.1,104.65,21418,17:25,17:20,True,78520.14285714286,0.2727707721949418,2.419642857142859
2022-07-13,108.7,108.85,107.55,107.7,50078,17:25,17:20,True,75134.78571428571,0.6665088550386116,2.61964285714286
2022-07-14,109.0,109.75,108.0,109.2,175288,17:25,17:20,True,64481.142857142855,2.7184381701848603,2.6232142857142873
2022-07-15,107.8,107.8,104.8,104.8,221843,17:25,17:20,True,69791.85714285714,3.178637294977105,2.823214285714287
2022-07-18,104.8,104.8,103.8,103.85,66450,17:25,17:20,True,77513.57142857143,0.8572692339590301,3.0696428571428576
2022-07-19,105.35,105.5,104.9,105.35,33336,17:25,17:20,True,75899.57142857143,0.4392119661884031,3.2000000000000006
2022-07-20,108.0,108.0,107.6,107.95,37621,17:25,17:20,True,74879.71428571429,0.5024191178995646,3.317857142857143
2022-07-21,105.8,106.05,105.55,105.95,35003,17:25,17:20,True,73873.78571428571,0.47382166301017276,3.287142857142858
2022-07-22,107.35,107.35,106.75,107.05,43935,17:25,17:20,True,72339.92857142857,0.6073409369850084,3.2678571428571437
2022-07-25,107.6,107.9,107.35,107.85,81650,17:25,17:20,True,70932.14285714286,1.151100146014803,3.273214285714286
2022-07-26,106.25,106.8,106.2,106.675,56357,17:25,17:20,True,75081.64285714286,0.7506095745298214,3.1910714285714294
2022-07-27,107.6,107.85,107.5,107.65,34117,17:25,17:20,True,73002.71428571429,0.46733878779458293,3.096428571428572
2022-07-28,107.35,107.5,107.15,107.45,20062,17:25,17:20,True,71139.92857142857,0.2820075926820281,3.0785714285714283
2022-07-29,109.3,109.55,109.0,109.05,36030,17:25,17:20,True,68540.92857142857,0.5256713142199708,3.0321428571428575
2022-08-01,109.65,109.85,109.55,109.85,50759,17:25,17:20,True,65227.71428571428,0.7781814916534164,3.0464285714285717
2022-08-02,107.85,108.6,107.85,108.6,47061,17:25,17:20,True,67323.5,0.6990278283214628,2.9517857142857133
2022-08-03,108.3,108.7,108.25,108.55,25363,17:25,17:20,True,67108.0,0.37794301722596413,2.7589285714285716
2022-08-04,110.0,110.0,109.7,110.0,31783,17:25,17:20,True,56399.07142857143,0.5635376468964155,2.4803571428571423
2022-08-05,108.9,109.1,108.85,109.0,32649,17:25,17:20,True,42823.357142857145,0.7624110340318284,2.1410714285714283
2022-08-08,111.1,111.4,111.05,111.3,79961,17:25,17:20,True,40409.0,1.9787918533000075,2.033928571428571
2022-08-09,109.8,110.1,109.7,110.1,9241,17:25,17:20,True,43739.357142857145,0.21127425283864973,1.9339285714285717
2022-08-10,109.75,109.85,109.5,109.7,16215,17:25,17:20,True,41712.21428571428,0.3887350570490658,1.8089285714285717
2022-08-11,111.0,111.15,110.7,110.7,29916,17:25,17:20,True,40370.21428571428,0.7410413972111688,1.7624999999999997
2022-08-12,110.5,111.1,110.45,111.1,43597,17:25,17:20,True,39368.857142857145,1.107398160982938,1.6910714285714283
2022-08-15,111.4,111.55,111.2,111.35,27604,17:25,17:20,True,36650.78571428572,0.7531625710616221,1.705357142857142
2022-08-16,111.4,112.3,111.4,112.3,31636,17:25,17:20,True,34597.0,0.9144145446136949,1.6803571428571422
2022-08-17,114.9,115.5,114.75,115.1,54283,17:25,17:20,True,34419.78571428572,1.577087098989991,1.8910714285714292
2022-08-18,112.95,113.35,112.8,112.8,39438,17:25,17:20,True,36864.142857142855,1.0698200729318852,1.9482142857142861
2022-08-19,110.15,110.6,110.05,110.6,75521,17:25,17:20,True,37107.57142857143,2.035191123875374,2.0089285714285716
2022-08-22,111.25,111.25,110.75,110.75,91403,17:25,17:20,True,38876.28571428572,2.3511248135109906,1.892857142857144
2022-08-23,108.0,108.05,107.7,107.95,37504,17:25,17:20,True,42043.57142857143,0.8920269788144952,2.067857142857144
2022-08-24,107.85,107.9,107.45,107.9,32616,17:25,17:20,True,42910.78571428572,0.7600886224076198,2.02857142857143
2022-08-25,108.5,108.5,108.05,108.4,18374,17:25,17:20,True,42970.28571428572,0.4275978084523524,2.0428571428571454
2022-08-26,109.0,109.1,108.75,108.75,48138,17:25,17:20,True,41950.642857142855,1.1474913546361456,2.0214285714285745
2022-08-29,106.4,106.5,105.1,105.15,131052,17:25,17:20,True,39677.57142857143,3.3029239260755445,2.0428571428571454
2022-08-30,105.6,106.5,105.6,106.3,33822,17:25,17:20,True,48378.357142857145,0.69911427335423,2.2535714285714303
2022-08-31,106.45,106.5,105.8,105.85,49283,17:25,17:20,True,49636.0,0.992888226287372,2.3428571428571447
2022-09-01,106.05,106.3,105.65,106.2,75734,17:25,17:20,True,51019.357142857145,1.4844169789897672,2.4285714285714297
2022-09-02,105.15,105.2,104.1,104.6,126323,17:25,17:20,True,53314.857142857145,2.3693770699135057,2.47857142857143
2022-09-05,104.0,104.35,103.8,104.0,163924,17:25,17:20,True,60366.21428571428,2.715492464446172,2.5821428571428586
2022-09-06,106.5,107.15,106.15,107.0,84803,17:25,17:20,True,69815.35714285714,1.2146754449235995,2.47857142857143
2022-09-07,104.55,104.8,103.95,103.95,124780,17:25,17:20,True,71995.35714285714,1.7331673173369313,2.45357142857143
2022-09-08,105.0,105.65,104.95,105.5,38325,17:25,17:20,True,78091.21428571429,0.49077223795982167,2.382142857142859
2022-09-09,106.5,106.65,106.4,106.55,20414,17:25,17:20,True,75434.35714285714,0.2706193937775606,2.419642857142858
2022-09-12,107.65,108.2,107.65,108.2,48588,17:25,17:20,True,70363.71428571429,0.6905263670804351,2.2375000000000003
2022-09-13,111.15,111.35,110.9,111.2,31436,17:25,17:20,True,71155.42857142857,0.44179341803054883,2.4303571428571424
2022-09-14,109.4,109.5,109.2,109.45,49794,17:25,17:20,True,71071.14285714286,0.7006219120478876,2.4410714285714272
2022-09-15,110.85,111.4,110.85,111.15,48691,17:25,17:20,True,73315.42857142857,0.6641303331202943,2.430357142857141
2022-09-16,110.6,111.0,110.5,110.75,119313,17:25,17:20,True,73354.92857142857,1.6265164771283263,2.401785714285712
2022-09-19,110.4,110.45,109.0,109.05,61156,17:25,17:20,True,72516.42857142857,0.8433399328231042,2.2339285714285686
2022-09-20,110.95,112.0,110.55,112.0,230639,17:25,17:20,True,74468.85714285714,3.0971201767949017,2.2982142857142835
2022-09-21,110.5,110.5,109.85,110.0,64199,17:25,17:20,True,87422.85714285714,0.7343502843323093,2.4910714285714275
2022-09-22,112.2,112.2,110.85,111.6,145034,17:25,17:20,True,86598.92857142857,1.6747782263884823,2.591071428571428
2022-09-23,111.45,111.6,111.0,111.3,109556,17:25,17:20,True,87935.42857142857,1.2458687218543478,2.658928571428571
2022-09-26,106.75,106.9,105.85,106.0,110457,17:25,17:20,True,84052.0,1.3141507638128778,2.7589285714285703
2022-09-27,106.8,107.1,106.6,106.9,63754,17:25,17:20,True,85884.42857142857,0.7423231552035876,2.8267857142857125
2022-09-28,106.5,106.8,106.5,106.65,45177,17:25,17:20,True,81525.42857142857,0.5541461209298414,2.841071428571427
2022-09-29,106.35,106.55,105.85,105.85,57985,17:25,17:20,True,82014.85714285714,0.7070060476847401,2.89642857142857
2022-09-30,104.95,105.5,104.75,105.35,47088,17:20,17:20,True,84698.5,0.5559484524519325,3.017857142857142
2022-10-03,105.9,105.95,104.7,104.7,169771,17:25,17:20,True,84591.35714285714,2.006954442323135,2.9535714285714283
2022-10-04,107.35,107.55,107.0,107.4,43727,17:25,17:20,True,94472.42857142857,0.46285461971520037,3.2642857142857133
2022-10-05,110.0,110.0,109.0,109.25,38719,17:25,17:20,True,94039.07142857143,0.411733117009875,3.4571428571428555
2022-10-06,109.25,109.45,109.1,109.3,34725,17:25,17:20,True,93326.78571428571,0.3720796739567189,3.4928571428571424
2022-10-07,107.75,108.45,107.15,108.4,67249,17:25,17:20,True,87284.78571428571,0.770455004840477,3.5607142857142864
2022-10-10,106.6,106.7,105.95,106.65,32791,17:25,17:20,True,87720.0,0.3738144094847241,3.432142857142858
2022-10-11,105.15,105.15,104.55,104.85,59549,17:25,17:20,True,73588.0,0.8092216122193836,3.2285714285714286
2022-10-12,105.9,105.95,105.45,105.55,35880,17:25,17:20,True,73255.85714285714,0.4897901874252863,3.1035714285714286
2022-10-13,105.45,105.7,105.05,105.35,57253,17:25,17:20,True,65459.142857142855,0.8746371782616856,3.0035714285714272
2022-10-14,108.0,108.45,107.75,108.1,52088,17:25,17:20,True,61723.21428571428,0.8438964270215537,2.8892857142857133
2022-10-17,108.65,108.85,108.4,108.85,32219,17:25,17:20,True,57554.0,0.5598047051464712,2.835714285714285
2022-10-18,112.0,112.45,111.9,112.0,168505,17:25,17:20,True,55301.5,3.047024040939215,2.9285714285714275
2022-10-19,115.6,118.2,115.6,116.75,574863,17:25,17:20,True,64110.642857142855,8.966732735482966,2.9107142857142847
2022-10-20,116.8,116.8,115.95,116.7,83005,17:25,17:20,True,101030.5,0.8215835811957776,3.0535714285714275
2022-10-21,114.25,115.05,114.25,114.85,81441,17:25,17:20,True,103596.0,0.7861403915209081,3.1107142857142844
2022-10-24,116.3,117.6,116.3,117.3,67476,17:25,17:20,True,97286.71428571429,0.6935787737864662,2.8571428571428563
2022-10-25,118.5,118.75,118.25,118.4,65565,17:25,17:20,True,98983.07142857143,0.6623859924099575,2.7035714285714283
2022-10-26,123.0,124.55,120.25,120.3,792772,17:25,17:20,True,100900.64285714286,7.856956879079774,2.7357142857142844
2022-10-27,116.6,117.35,116.25,117.15,253918,17:25,17:20,True,155046.85714285713,1.6376855660224376,3.382142857142855
2022-10-28,116.3,117.55,116.1,117.45,107117,17:25,17:20,True,168380.35714285713,0.6361609027181233,3.4285714285714257
2022-10-31,118.0,118.6,118.0,118.05,85854,17:25,17:20,True,173689.35714285713,0.4942962620869525,3.4678571428571408
2022-11-01,116.85,117.6,116.8,117.55,51496,17:25,17:20,True,175568.2857142857,0.2933103765893287,3.4749999999999974
2022-11-02,117.2,117.65,117.05,117.5,94268,17:25,17:20,True,176683.7142857143,0.533540968283923,3.464285714285712
2022-11-03,117.2,117.9,117.2,117.8,69878,17:25,17:20,True,179327.64285714287,0.38966663971413856,3.4214285714285686
2022-11-07,116.35,117.6,116.35,117.15,347578,17:25,17:20,True,180598.35714285713,1.9245911507658866,3.3499999999999974
2022-11-08,116.45,117.65,116.4,117.3,85234,17:25,17:20,True,203124.0,0.41961560426143635,3.3071428571428547
2022-11-09,118.65,118.9,118.4,118.6,51959,17:25,17:20,True,197176.07142857142,0.2635157482525589,3.2964285714285686
2022-11-10,117.45,117.45,116.6,117.0,38434,17:25,17:20,True,159825.7857142857,0.24047433790631853,3.096428571428569
2022-11-11,119.45,119.5,117.9,118.25,148151,17:25,17:20,True,156642.14285714287,0.945792730473007,3.0035714285714272
2022-11-14,118.85,119.85,118.75,119.5,93886,17:25,17:20,True,161407.14285714287,0.5816719033500022,2.942857142857142
2022-11-15,118.4,118.75,118.35,118.4,57330,17:25,17:20,True,163293.57142857142,0.3510854683282957,2.9392857142857136
2022-11-16,118.7,120.15,118.7,120.15,103018,17:20,17:20,True,162705.35714285713,0.6331567798935411,2.8535714285714278
2022-11-17,120.45,120.65,120.0,120.45,191956,17:25,17:20,True,113437.21428571429,1.6921783667617265,2.210714285714285
2022-11-18,118.2,118.55,117.8,117.8,83746,17:25,17:20,True,109011.35714285714,0.768231881474997,2.2875000000000005
2022-11-21,118.15,119.15,118.05,119.0,123085,17:25,17:20,True,107342.0,1.1466620707644724,2.2303571428571423
2022-11-22,118.0,118.7,118.0,118.55,45728,17:25,17:20,True,110001.35714285714,0.41570396209397414,2.1875
2022-11-23,119.45,119.75,119.35,119.65,47659,17:25,17:20,True,109589.35714285714,0.4348871208166069,2.255357142857143
2022-11-24,119.4,119.75,119.4,119.6,30373,17:25,17:20,True,106260.14285714286,0.2858362428595052,2.212500000000001
2022-11-25,119.7,119.7,119.05,119.25,19735,17:25,17:20,True,103438.35714285714,0.19078995978971602,2.2053571428571437
2022-11-28,119.1,119.15,118.75,119.05,41720,17:25,17:20,True,80021.0,0.521363142175179,2.1160714285714297
2022-11-29,119.0,119.05,118.4,118.75,44741,17:25,17:20,True,76912.85714285714,0.5817102843663515,2.01607142857143
2022-11-30,120.3,121.7,120.3,121.45,116513,17:25,17:20,True,76397.28571428571,1.5250934494681,2.001785714285716
2022-12-01,120.15,120.75,119.9,120.65,63126,17:25,17:20,True,81974.35714285714,0.7700700828917754,1.9982142857142864
2022-12-02,120.95,120.95,120.35,120.35,78598,17:25,17:20,True,75901.14285714286,1.0355311796547388,2.0660714285714294
2022-12-05,120.0,120.3,119.8,120.25,87526,17:25,17:20,True,74809.14285714286,1.1699906810473892,2.0589285714285728
2022-12-06,120.7,120.7,120.1,120.4,42892,17:25,17:20,True,76966.0,0.5572850349504976,2.0482142857142875
2022-12-07,118.5,119.1,118.35,119.1,43884,17:25,17:20,True,72671.28571428571,0.6038698719675093,2.051785714285717
2022-12-08,117.7,117.8,117.3,117.65,41645,17:25,17:20,True,62094.71428571428,0.6706690010421867,1.9535714285714303
2022-12-09,117.6,118.3,117.6,118.15,53827,17:25,17:20,True,59087.5,0.9109710175587054,1.8928571428571448
2022-12-12,118.35,118.7,118.2,118.55,29602,17:25,17:20,True,54140.5,0.5467625899280576,1.9250000000000012
2022-12-13,119.5,119.8,119.3,119.35,49494,17:25,17:20,True,52988.642857142855,0.9340492100059178,1.796428571428572
2022-12-14,120.45,120.7,120.3,120.65,29199,17:25,17:20,True,53119.71428571428,0.5496829264357059,1.8500000000000003
2022-12-15,120.7,121.3,120.7,121.0,46027,17:25,17:20,True,53035.857142857145,0.8678468206146246,1.892857142857144
2022-12-16,119.45,120.2,119.45,120.2,111003,17:25,17:20,True,54913.857142857145,2.0214023522556106,1.9357142857142864
2022-12-19,118.05,118.4,118.0,118.05,39053,17:25,17:20,True,59862.642857142855,0.6523768102453593,2.067857142857143
2022-12-20,117.5,117.5,116.75,116.8,75440,17:25,17:20,True,59456.357142857145,1.2688298379723904,2.028571428571428
2022-12-21,118.35,118.65,118.35,118.4,41748,17:25,17:20,True,56522.57142857143,0.7386075853388533,2.02142857142857
2022-12-22,119.5,120.45,119.35,120.4,89940,17:25,17:20,True,54995.57142857143,1.6354044091861943,1.9321428571428558
2022-12-23,120.05,120.3,119.95,120.2,30137,17:25,17:20,True,55805.71428571428,0.540034302682777,1.914285714285713
2022-12-27,121.0,121.9,120.9,121.9,60573,17:25,17:20,True,51706.5,1.171477473818572,1.9071428571428553
2022-12-28,121.7,121.75,121.1,121.3,50791,17:25,17:20,True,52969.42857142857,0.9588738517635509,1.8214285714285694
2022-12-29,120.7,120.7,119.9,120.1,60038,17:25,17:20,True,53462.78571428572,1.1229867504632727,1.7607142857142841
2022-12-30,121.6,121.6,121.3,121.4,32096,17:25,17:20,True,54776.57142857143,0.585943938492995,1.8214285714285705
2023-01-02,120.7,120.8,120.35,120.75,14058,17:25,17:20,True,53224.357142857145,0.26412719203479607,1.8035714285714286
2023-01-03,120.8,121.25,120.65,121.2,37475,17:25,17:20,True,52114.07142857143,0.7190956103163801,1.8285714285714292
2023-01-04,121.6,122.1,121.5,121.55,37508,17:25,17:20,True,51255.57142857143,0.7317838618240805,1.7857142857142858
2023-01-09,124.95,125.4,124.75,125.2,129445,17:25,17:20,True,51849.07142857143,2.4965731580810786,1.7357142857142844
2023-01-10,125.35,126.05,125.35,125.6,166818,17:25,17:20,True,57807.5,2.8857501189292045,1.8107142857142844
2023-01-11,126.2,126.95,126.15,126.9,72040,17:25,17:20,True,61794.28571428572,1.1658035879415571,1.7035714285714272
2023-01-12,129.45,129.75,129.25,129.5,92907,17:25,17:20,True,64150.5,1.4482661865457012,1.8285714285714272
2023-01-13,129.75,130.0,128.85,128.95,108533,17:25,17:20,True,65398.142857142855,1.6595731202502475,1.8249999999999988
2023-01-16,128.55,129.15,128.45,129.15,147954,17:25,17:20,True,70168.5,2.1085529831762115,1.9464285714285694
2023-01-17,126.95,127.55,126.7,127.5,121780,17:25,17:20,True,74312.35714285714,1.6387584068406236,1.903571428571425
2023-01-18,124.2,124.75,124.2,124.4,100197,17:25,17:20,True,80858.28571428571,1.2391679976254752,2.214285714285712
2023-01-19,123.25,123.25,122.75,123.25,109920,17:25,17:20,True,83688.57142857143,1.3134409886996004,2.203571428571426
2023-01-20,124.3,124.9,124.15,124.7,84099,17:25,17:20,True,87912.07142857143,0.956626304367432,2.2107142857142827
2023-01-23,125.0,125.35,124.25,124.25,95760,17:25,17:20,True,89630.71428571429,1.0683837651315318,2.210714285714282
2023-01-24,127.0,127.0,126.45,126.8,106504,17:25,17:20,True,94178.14285714286,1.1308781079018941,2.2357142857142813
2023-01-25,127.75,128.1,127.75,128.05,62638,17:25,17:20,True,100781.42857142857,0.6215232398259317,2.287499999999995
2023-01-26,122.5,122.9,120.45,122.8,670356,17:25,17:20,True,102578.78571428571,6.535035439658576,2.3446428571428544
2023-01-27,123.0,123.5,122.85,123.2,192782,17:25,17:20,True,147782.2142857143,1.3045006865798174,2.6660714285714255
2023-01-30,123.6,123.85,123.2,123.7,151434,17:25,17:20,True,152306.2857142857,0.9942728186811538,2.624999999999997
2023-01-31,125.65,126.55,125.4,125.6,140289,17:25,17:20,True,151207.42857142858,0.9277917184718816,2.703571428571425
2023-02-01,121.5,122.2,121.15,121.7,1305117,17:25,17:20,True,156082.35714285713,8.361720209065453,2.61785714285714
2023-02-02,123.0,123.25,121.65,122.3,298172,17:25,17:20,True,242668.7857142857,1.2287200396307372,2.874999999999998
2023-02-03,123.35,123.35,122.55,123.075,147820,17:25,17:20,True,256214.42857142858,0.5769386245115001,2.8071428571428547
2023-02-06,124.4,124.4,124.0,124.1,105303,17:25,17:20,True,256204.85714285713,0.4110109432518844,2.8571428571428563
2023-02-07,124.4,124.7,124.2,124.2,66103,17:25,17:20,True,255027.92857142858,0.2591990625116409,2.578571428571426
2023-02-08,125.0,125.2,124.55,124.55,145119,17:25,17:20,True,252592.64285714287,0.5745179208646785,2.5571428571428547
2023-02-09,123.85,124.25,123.85,124.25,43725,17:25,17:20,True,255106.85714285713,0.17139876399133586,2.632142857142856
2023-02-10,122.8,122.95,122.25,122.25,82108,17:25,17:20,True,252223.0,0.32553732213160574,2.6964285714285694
2023-02-13,123.4,123.85,123.3,123.75,99375,17:25,17:20,True,251247.85714285713,0.3955257614137434,2.646428571428569
2023-02-14,125.4,125.9,125.4,125.7,126772,17:25,17:20,True,250738.64285714287,0.5055941858639944,2.666071428571427
2023-02-15,124.6,125.0,124.5,124.85,56397,17:25,17:20,True,255319.64285714287,0.22088782268724777,2.598214285714284
2023-02-16,125.55,126.65,125.55,126.6,97144,17:25,17:20,True,211465.42857142858,0.4593847829229769,2.266071428571426
2023-02-17,128.45,128.45,127.35,127.6,73733,17:25,17:20,True,204634.14285714287,0.3603162159086704,2.2928571428571414
2023-02-20,127.3,127.8,127.3,127.8,125076,17:25,17:20,True,199084.07142857142,0.6282571935689768,2.2071428571428555
2023-02-21,128.0,128.35,128.0,128.35,55177,17:25,17:20,True,197997.42857142858,0.27867533633192926,2.1571428571428553
2023-02-22,129.25,129.25,128.95,129.15,44520,17:25,17:20,True,108716.0,0.40950734022590973,1.9321428571428558
2023-02-23,128.35,129.55,128.35,129.4,120085,17:25,17:20,True,90598.0,1.3254707609439502,1.892857142857142
2023-02-24,129.2,130.6,129.2,130.55,179986,17:25,17:20,True,88616.92857142857,2.031056626555552,1.9607142857142839
2023-02-27,130.75,132.5,130.75,132.5,168493,17:25,17:20,True,93951.42857142857,1.7934054070492353,2.032142857142856
2023-02-28,132.75,132.95,132.55,132.95,71115,17:25,17:20,True,101265.0,0.7022663309139386,2.153571428571428
2023-03-01,131.4,131.9,130.65,130.75,98315,17:25,17:20,True,95979.0,1.0243386574146427,2.132142857142856
2023-03-02,128.5,129.05,128.35,128.9,59791,17:25,17:20,True,99878.28571428571,0.5986386287309697,2.1785714285714275
2023-03-03,129.0,129.6,129.0,129.05,75337,17:25,17:20,True,98284.21428571429,0.7665218727902097,2.1678571428571414
2023-03-06,129.85,130.35,129.85,130.3,67870,17:25,17:20,True,96567.21428571429,0.702826528672479,2.074999999999999
2023-03-07,129.85,130.15,128.75,129.0,316126,17:25,17:20,True,92359.92857142857,3.422761417095695,2.0321428571428544
2023-03-08,128.1,128.8,127.95,128.75,73106,17:25,17:20,True,110912.0,0.6591351702250433,2.0892857142857113
2023-03-09,129.05,129.8,129.05,129.75,72222,17:25,17:20,True,109195.0,0.6614039104354595,2.0214285714285674
2023-03-10,125.8,126.0,123.25,123.425,314780,17:25,17:20,True,109087.07142857143,2.885584844085884,2.03928571428571
2023-03-13,123.4,123.95,123.4,123.5,220061,17:25,17:20,True,122637.35714285714,1.7944042918639915,2.403571428571425
2023-03-14,118.0,118.4,117.35,117.95,158486,17:25,17:20,True,134414.7857142857,1.1790815955089975,2.682142857142853
2023-03-15,120.1,120.25,119.65,119.9,65805,17:25,17:20,True,142555.2142857143,0.4616106140327582,2.8821428571428536
2023-03-16,115.85,116.35,115.5,115.6,272660,17:25,17:20,True,138678.07142857142,1.9661363703088295,3.1821428571428547
2023-03-17,113.75,114.1,113.55,113.7,216896,17:25,17:20,True,145297.64285714287,1.492770259275664,3.453571428571425
2023-03-20,108.65,108.65,107.65,108.05,245741,17:25,17:20,True,148755.0,1.6519848072333703,3.585714285714282
2023-03-21,112.8,113.15,112.5,113.1,190796,17:25,17:20,True,161228.2857142857,1.1833903657458191,3.9285714285714244
2023-03-22,114.8,114.8,114.25,114.8,97885,17:25,17:20,True,167834.07142857142,0.5832248432444119,3.9678571428571394
2023-03-23,113.6,113.8,113.5,113.75,146444,17:25,17:20,True,170555.07142857142,0.858631753212515,4.0785714285714265
2023-03-24,108.8,108.95,108.4,108.6,83311,17:25,17:20,True,175634.14285714287,0.47434398941305744,4.407142857142854
2023-03-27,110.3,111.85,110.25,111.7,185376,17:25,17:20,True,176737.07142857142,1.0488801161046737,4.635714285714284
2023-03-28,110.1,110.75,109.9,110.6,185810,17:25,17:20,True,167397.7857142857,1.1099907875552202,4.7107142857142845
2023-03-29,109.2,109.8,109.1,109.55,67089,17:25,17:20,True,175448.07142857142,0.38238664838965375,4.778571428571428
2023-03-30,111.5,112.15,111.25,112.15,148294,17:25,17:20,True,175081.42857142858,0.8470001713488418,4.846428571428571
2023-03-31,114.55,114.55,114.15,114.4,67093,17:25,17:20,True,163189.57142857142,0.4111353404060309,4.646428571428571
2023-04-03,114.15,114.7,113.6,114.55,237317,17:25,17:20,True,152263.2857142857,1.5585963411121526,4.314285714285715
2023-04-04,114.5,115.25,114.45,115.25,261255,17:25,17:20,True,157894.07142857142,1.6546219730497436,4.1642857142857155
2023-04-05,107.2,107.55,107.1,107.4,236575,17:25,17:20,True,171854.7857142857,1.3765982658947526,3.8250000000000006
2023-04-11,109.2,109.5,108.6,108.6,200629,17:25,17:20,True,169277.2857142857,1.185209221387394,4.032142857142858
2023-04-12,109.25,110.15,109.25,109.95,93446,17:25,17:20,True,168115.35714285713,0.5558445200255777,3.9500000000000006
2023-04-13,110.0,110.2,109.65,109.65,153190,17:25,17:20,True,157237.14285714287,0.9742608980066505,3.550000000000002
2023-04-14,110.85,111.0,110.55,110.9,137455,17:25,17:20,True,154551.0,0.8893827927350842,3.421428571428574
2023-04-17,114.6,114.95,114.5,114.7,141429,17:25,17:20,True,157377.42857142858,0.8986612710844357,3.614285714285717
2023-04-18,112.35,112.85,112.25,112.8,86619,17:25,17:20,True,157019.2142857143,0.5516458631768906,3.4392857142857176
2023-04-19,112.35,112.7,112.05,112.5,224561,17:25,17:20,True,157255.5,1.428000928425397,3.242857142857145
2023-04-20,114.5,114.85,114.35,114.7,179975,17:25,17:20,True,160054.42857142858,1.1244612323843406,3.1785714285714315
2023-04-21,114.1,114.3,114.0,114.1,77948,17:25,17:20,True,159637.64285714287,0.4882808252797518,3.1321428571428607
2023-04-24,116.5,116.5,114.85,115.35,419344,17:25,17:20,True,160413.2857142857,2.6141475634811155,3.039285714285718
2023-04-25,115.05,115.25,114.85,115.25,153885,17:25,17:20,True,179774.0,0.8559914114388065,2.9571428571428604
2023-04-26,120.9,120.9,119.2,119.8,1467144,17:25,17:20,True,185973.42857142858,7.888997967451571,3.000000000000002
2023-04-27,120.0,120.3,118.6,119.45,338250,17:25,17:20,True,273818.21428571426,1.235308618465588,3.4071428571428584
2023-04-28,117.85,118.05,117.05,117.9,137005,17:25,17:20,True,279317.85714285716,0.4904985359741206,3.500000000000001
2023-05-02,116.45,117.4,116.25,116.85,290511,17:25,17:20,True,272205.71428571426,1.0672479847174408,3.0714285714285725
2023-05-03,113.2,113.45,112.2,112.3,161225,17:25,17:20,True,278625.85714285716,0.5786433522475865,3.1392857142857165
2023-05-04,112.45,112.8,112.25,112.5,72577,17:25,17:20,True,283467.21428571426,0.25603313661116267,3.232142857142858
2023-05-05,112.7,113.4,112.7,113.2,101588,17:25,17:20,True,277709.14285714284,0.3658071857297769,3.1999999999999997
2023-05-08,114.45,114.7,114.3,114.4,46084,17:25,17:20,True,275147.21428571426,0.16748852108001405,2.9678571428571416
2023-05-09,115.25,115.5,115.1,115.1,43536,17:25,17:20,True,268336.85714285716,0.1622438321129412,2.824999999999999
2023-05-10,114.75,115.6,114.65,115.35,84386,17:25,17:20,True,265259.5,0.31812621225629995,2.864285714285714
2023-05-11,111.1,112.65,111.1,112.6,151780,17:25,17:20,True,255247.0,0.594639701935772,3.132142857142856
2023-05-12,113.0,113.3,112.85,112.9,83201,17:25,17:20,True,253233.07142857142,0.32855503244752227,3.2178571428571408
2023-05-15,113.55,114.25,113.55,113.9,70960,17:25,17:20,True,253608.2857142857,0.2798015837697957,3.307142857142856
2023-05-16,114.95,115.0,114.7,114.75,63494,17:25,17:20,True,228723.7142857143,0.27760129813511747,3.2749999999999986
2023-05-19,115.7,115.7,114.2,114.45,214176,17:25,17:20,True,222267.2142857143,0.9635969060407019,3.1964285714285703
2023-05-22,115.0,115.2,114.75,114.9,70414,17:25,17:20,True,132769.5,0.5303477078696538,2.835714285714284
2023-05-23,115.95,116.0,115.55,115.7,65028,17:25,17:20,True,113638.35714285714,0.572236361339261,2.7071428571428546
2023-05-24,116.15,116.65,116.05,116.5,82147,17:25,17:20,True,108497.14285714286,0.7571351450992785,2.6035714285714255
2023-05-25,114.5,114.7,114.2,114.3,111995,17:25,17:20,True,93614.0,1.1963488367124575,2.4607142857142827
2023-05-26,114.95,114.95,114.25,114.4,62532,17:25,17:20,True,90097.57142857143,0.6940475643072669,2.36785714285714
2023-05-29,115.7,116.25,115.7,116.1,61661,17:25,17:20,True,89380.07142857143,0.6898741410077829,2.414285714285712
2023-05-30,114.95,115.4,114.75,114.95,68875,17:25,17:20,True,86528.14285714286,0.7959838004810986,2.374999999999998
2023-05-31,113.2,113.8,113.05,113.5,84618,17:25,17:20,True,88156.07142857143,0.9598658223848126,2.460714285714284
2023-06-01,113.9,114.5,113.9,114.3,86968,17:25,17:20,True,91090.5,0.9547428107212058,2.4749999999999974
2023-06-02,116.2,116.65,116.2,116.65,67487,17:25,17:20,True,91274.92857142857,0.7393815701229175,2.2464285714285697
2023-06-05,118.5,119.0,118.45,118.55,78642,17:25,17:20,True,85254.0,0.9224435217115913,2.171428571428571
2023-06-07,118.4,119.65,118.35,119.4,113398,17:25,17:20,True,84928.35714285714,1.3352195169542058,2.1214285714285706
2023-06-08,120.4,120.75,119.8,119.9,115726,17:25,17:20,True,87959.64285714286,1.315671553918802,2.1607142857142847
2023-06-09,118.95,119.45,118.85,119.3,46036,17:25,17:20,True,91690.5,0.5020803681951783,2.2321428571428563
2023-06-12,119.6,119.9,119.6,119.65,44934,17:25,17:20,True,79680.5,0.5639271841918663,2.1142857142857148
2023-06-13,119.0,119.1,118.6,118.75,70682,17:25,17:20,True,77860.5,0.9078030580332774,2.114285714285716
2023-06-14,118.8,118.8,117.45,118.15,116607,17:25,17:20,True,78264.35714285714,1.4899119376545242,2.085714285714288
2023-06-15,118.55,118.7,118.35,118.35,46284,17:25,17:20,True,80725.78571428571,0.5733483990334121,2.050000000000001
2023-06-16,119.4,120.25,119.4,120.0,214936,17:25,17:20,True,76032.14285714286,2.8269096716614213,2.057142857142859
2023-06-19,120.85,120.85,119.45,119.8,114335,17:25,17:20,True,86918.14285714286,1.3154330757839479,2.0535714285714306
2023-06-20,119.65,120.0,119.65,120.0,60511,17:25,17:20,True,90680.57142857143,0.6672983975146668,2.039285714285716
2023-06-21,118.8,118.85,118.45,118.55,44150,17:25,17:20,True,90083.14285714286,0.4901027939268803,1.9535714285714303
2023-06-22,117.65,118.05,117.2,117.75,305069,17:25,17:20,True,87192.57142857143,3.498795768971144,1.8964285714285742
2023-06-26,114.0,114.15,112.7,113.6,222256,17:25,17:20,True,102771.21428571429,2.162628918464523,2.0250000000000026
2023-06-27,115.7,116.1,115.7,115.9,41420,17:25,17:20,True,113826.14285714286,0.3638882857691492,2.1214285714285728
2023-06-28,115.75,116.15,115.7,115.9,63329,17:25,17:20,True,111167.42857142857,0.5696722575471747,2.1571428571428575
2023-06-29,116.45,117.15,116.4,116.85,33466,17:25,17:20,True,107591.07142857143,0.31104811538397703,2.0714285714285716
2023-06-30,118.65,118.9,118.4,118.5,48858,17:25,17:20,True,101715.35714285714,0.4803404458520451,2.0821428571428564
2023-07-03,119.85,120.4,119.8,120.4,77234,17:25,17:20,True,101916.92857142857,0.7578132610802776,2.1107142857142844
2023-07-04,120.45,121.1,120.45,120.95,41701,17:25,17:20,True,104224.07142857143,0.4001091055877549,2.1678571428571414
2023-07-05,120.75,120.9,120.35,120.6,70246,17:25,17:20,True,102154.0,0.6876480607709928,2.174999999999998
2023-07-06,121.6,121.65,121.2,121.4,92081,17:25,17:20,True,98842.5,0.9315931911880011,2.199999999999999
2023-07-07,120.5,120.5,120.0,120.1,41162,17:25,17:20,True,102113.71428571429,0.4030996256274517,2.278571428571427
2023-07-10,120.25,120.25,119.65,119.85,83779,17:25,17:20,True,89701.28571428571,0.9339776942200224,2.278571428571427
2023-07-11,119.85,119.95,119.65,119.8,37773,17:25,17:20,True,87518.71428571429,0.43159911920878963,2.2464285714285706
2023-07-12,121.3,121.65,121.0,121.45,65831,17:25,17:20,True,85894.57142857143,0.7664163043731351,2.2928571428571414
2023-07-13,122.0,122.0,121.2,121.3,60048,17:25,17:20,True,87443.21428571429,0.686708516955902,2.278571428571426
2023-07-14,123.95,124.15,123.85,124.0,51943,17:25,17:20,True,69941.71428571429,0.7426612362947107,2.1607142857142825
2023-07-17,123.2,123.35,122.55,122.85,93842,17:25,17:20,True,57776.5,1.6242243818853686,2.0035714285714263
2023-07-18,123.9,124.95,122.85,122.85,271821,17:25,17:20,True,61520.92857142857,4.418350085278761,1.9571428571428555
2023-07-19,125.5,125.7,124.55,125.0,161895,17:25,17:20,True,76413.21428571429,2.1186780521319704,2.1892857142857127
2023-07-20,124.4,124.45,123.85,124.3,82427,17:25,17:20,True,85586.71428571429,0.9630817199598736,2.214285714285713
2023-07-21,124.9,124.9,124.1,124.15,59327,17:25,17:20,True,87984.5,0.6742892213969506,2.199999999999999
2023-07-24,125.1,125.25,124.5,125.05,50350,17:25,17:20,True,86705.42857142857,0.5807018179781132,2.157142857142856
2023-07-25,126.15,126.45,126.0,126.15,29646,17:25,17:20,True,87323.21428571429,0.3394973517923969,2.221428571428571
2023-07-26,127.3,127.3,126.8,127.3,33228,17:25,17:20,True,84423.21428571429,0.39358842566152674,2.182142857142857
2023-07-27,127.15,128.4,127.15,128.3,83376,17:25,17:20,True,80219.42857142857,1.039349213585594,2.1214285714285714
2023-07-28,128.35,128.4,127.3,128.05,63881,17:25,17:20,True,83234.71428571429,0.7674802580654019,2.099999999999999
2023-07-31,127.5,127.85,127.35,127.5,27227,17:25,17:20,True,81813.42857142857,0.33279377817822436,2.096428571428571
2023-08-01,127.45,127.8,127.25,127.8,25968,17:25,17:20,True,81060.14285714286,0.32035472779470625,2.0035714285714286
2023-08-02,125.6,126.0,125.1,125.25,73121,17:25,17:20,True,78212.78571428571,0.9348982948531434,2.0500000000000003
2023-08-03,125.0,125.4,124.7,125.1,45172,17:25,17:20,True,79146.57142857143,0.5707385573962233,2.0750000000000006
2023-08-04,125.3,125.3,124.9,124.95,14854,17:25,17:20,True,78662.92857142857,0.18883100680026263,2.1035714285714286
2023-08-07,126.0,126.35,125.65,126.15,44448,17:25,17:20,True,73020.92857142857,0.6087022018149396,2.1392857142857147
2023-08-08,125.2,125.7,125.2,125.65,49464,17:25,17:20,True,56780.0,0.8711518140190208,1.9142857142857141
2023-08-09,126.4,127.15,126.4,127.15,60450,17:25,17:20,True,48749.21428571428,1.2400199856700989,1.8964285714285711
2023-08-10,127.05,127.4,127.05,127.25,35069,17:25,17:20,True,47179.42857142857,0.7433112494549683,1.9499999999999997
2023-08-11,128.0,128.0,127.25,127.8,66717,17:25,17:20,True,45446.71428571428,1.4680269200665144,1.9749999999999983
2023-08-14,127.95,127.95,127.3,127.65,54301,17:25,17:20,True,46615.78571428572,1.1648629143101432,1.8928571428571408
2023-08-15,127.8,127.8,127.0,127.45,71654,17:25,17:20,True,48376.857142857145,1.4811627755892722,1.8535714285714258
2023-08-16,125.75,125.85,125.4,125.75,84744,17:25,17:20,True,51121.57142857143,1.6576955213203262,1.8535714285714258
2023-08-17,126.35,126.4,125.95,126.3,85124,17:25,17:20,True,51219.28571428572,1.661952110672598,1.8607142857142835
2023-08-18,125.5,125.7,125.1,125.2,69581,17:25,17:20,True,52736.642857142855,1.3194051845220116,1.8678571428571402
2023-08-21,125.8,125.8,125.1,125.45,62987,17:25,17:20,True,55761.92857142857,1.1295699702946327,1.9178571428571405
2023-08-22,125.7,125.8,125.25,125.3,90839,17:25,17:20,True,58406.142857142855,1.5552987332545745,1.9249999999999972
2023-08-23,124.75,124.75,124.2,124.6,53628,17:25,17:20,True,59671.71428571428,0.8987172673341282,1.7642857142857113
2023-08-24,123.65,124.4,123.65,124.25,64747,17:25,17:20,True,60275.71428571428,1.074180551276278,1.7392857142857119
2023-08-25,123.0,123.05,122.0,122.45,169099,17:25,17:20,True,63839.5,2.6488146053775483,1.6749999999999972
2023-08-28,123.95,124.4,123.95,124.05,40460,17:25,17:20,True,72743.14285714286,0.5562036284225121,1.7571428571428547
2023-08-29,125.05,125.7,124.85,125.6,65981,17:25,17:20,True,72100.0,0.915131761442441,1.7285714285714258
2023-08-30,126.0,126.4,125.75,126.35,67777,17:25,17:20,True,72495.07142857143,0.9349187284652848,1.682142857142855
2023-08-31,125.8,126.4,125.55,126.15,84952,17:25,17:20,True,74831.35714285714,1.135246015087258,1.607142857142856
2023-09-01,127.15,127.25,127.0,127.2,45412,17:25,17:20,True,76133.85714285714,0.5964757560462118,1.6785714285714275
2023-09-04,127.95,128.0,127.6,127.9,31522,17:25,17:20,True,75498.92857142857,0.41751585878702163,1.6785714285714286
2023-09-05,127.5,127.5,127.2,127.45,56236,17:25,17:20,True,72632.35714285714,0.7742554725215935,1.664285714285713
2023-09-06,128.35,128.35,127.8,127.9,54792,17:25,17:20,True,70596.07142857143,0.776133839904082,1.7178571428571416
2023-09-07,127.75,127.8,127.2,127.8,45121,17:25,17:20,True,68429.5,0.6593793612404008,1.8035714285714275
2023-09-08,127.1,127.4,127.05,127.4,24432,17:25,17:20,True,66682.35714285714,0.36639376660993,1.828571428571426
2023-09-11,127.3,127.95,127.3,127.95,68972,17:25,17:20,True,63928.42857142857,1.078894031048114,1.8535714285714266
2023-09-12,127.25,127.4,126.95,127.35,39108,17:25,17:20,True,62366.5,0.6270674160005772,1.9178571428571414
2023-09-13,127.35,127.7,127.3,127.35,32685,17:25,17:20,True,61329.357142857145,0.532942158905488,1.892857142857142
2023-09-14,127.25,127.85,127.15,127.7,29046,17:25,17:20,True,59039.21428571428,0.49197809204294,1.8642857142857139
2023-09-15,129.45,129.8,129.1,129.2,107345,17:25,17:20,True,49035.42857142857,2.189131473453596,1.8714285714285706
2023-09-18,130.05,130.05,129.65,129.8,46307,17:25,17:20,True,53812.92857142857,0.8605181176589268,1.8142857142857136
2023-09-19,128.95,129.2,128.65,129.1,40741,17:25,17:20,True,52407.642857142855,0.7773866134574156,1.828571428571426
2023-09-20,128.8,128.8,128.3,128.35,65769,17:25,17:20,True,50476.5,1.3029627648509703,1.8535714285714258
2023-09-21,130.4,130.8,130.15,130.5,41916,17:25,17:20,True,49106.28571428572,0.8535770806181344,1.9071428571428544
2023-09-22,130.95,130.95,130.4,130.65,41691,17:25,17:20,True,48856.57142857143,0.853334541924467,1.9499999999999968
2023-09-25,131.5,131.9,131.3,131.5,92584,17:25,17:20,True,49582.92857142857,1.8672555790371397,1.9107142857142836
2023-09-26,130.8,130.8,130.4,130.4,63275,17:25,17:20,True,52179.21428571428,1.212647619673406,1.89285714285714
2023-09-27,130.7,130.7,130.0,130.35,43244,17:25,17:20,True,52785.142857142855,0.8192456751899886,1.8499999999999974
2023-09-28,129.4,129.8,129.4,129.6,38131,17:25,17:20,True,52651.07142857143,0.7242207796612469,1.8535714285714266
2023-09-29,129.4,129.85,129.4,129.4,63601,17:25,17:20,True,53629.57142857143,1.1859315356399853,1.778571428571428
2023-10-02,131.0,131.35,130.85,130.85,41988,17:25,17:20,True,53245.92857142857,0.7885673351282392,1.7464285714285706
2023-10-03,129.35,129.5,129.2,129.35,46144,17:25,17:20,True,53451.642857142855,0.8632849718637541,1.817857142857141
2023-10-04,126.7,126.75,125.7,125.75,87230,17:25,17:20,True,54413.0,1.603109551026409,2.1714285714285686
2023-10-05,128.1,128.6,127.85,128.05,50320,17:25,17:20,True,58569.0,0.8591575748262733,2.2642857142857133
2023-10-06,129.0,129.0,128.45,128.95,39801,17:25,17:20,True,54495.78571428572,0.7303500532806599,2.2714285714285714
2023-10-09,130.2,130.45,129.85,130.4,53458,17:25,17:20,True,54031.07142857143,0.9893936689867603,2.3214285714285725
2023-10-10,131.0,132.05,130.9,131.95,124365,17:25,17:20,True,54939.42857142857,2.2636748002995506,2.3285714285714314
2023-10-11,133.5,133.8,133.3,133.35,62065,17:25,17:20,True,59124.857142857145,1.0497276949023133,2.3892857142857165
2023-10-12,135.0,135.2,134.95,135.05,39442,17:25,17:20,True,60564.07142857143,0.6512441959341759,2.421428571428573
2023-10-13,137.15,137.5,137.0,137.3,43608,17:25,17:20,True,60403.42857142857,0.7219457741282425,2.521428571428573
2023-10-16,136.8,137.25,136.8,136.9,182497,17:25,17:20,True,56905.142857142855,3.2070387813303345,2.4964285714285737
2023-10-17,136.0,136.0,134.45,134.8,323667,17:25,17:20,True,65421.0,4.947448067134406,2.453571428571429
2023-10-18,135.95,136.85,135.8,136.6,190633,17:25,17:20,True,85451.21428571429,2.2308986664905706,2.5250000000000026
2023-10-19,137.05,137.15,136.3,136.35,70901,17:25,17:20,True,96344.21428571429,0.7359134175897581,2.739285714285717
2023-10-20,133.15,133.75,132.85,132.95,110954,17:25,17:20,True,96865.64285714286,1.145442251011895,2.88214285714286
2023-10-23,132.85,132.85,132.05,132.2,42123,17:25,17:20,True,101791.78571428571,0.41381531627937984,2.8857142857142892
2023-10-24,130.1,130.25,129.35,129.55,67746,17:25,17:20,True,101504.57142857143,0.6674182162098259,2.6500000000000035
2023-10-25,127.85,128.65,126.8,127.8,208157,17:25,17:20,True,100112.85714285714,2.079223447823171,2.5321428571428592
2023-10-26,123.55,123.55,121.15,121.45,328051,17:25,17:20,True,111386.92857142857,2.945148090600526,3.050000000000002
2023-10-27,123.8,124.15,122.5,122.75,99483,17:25,17:20,True,131976.2142857143,0.7537949208380081,3.075000000000002
2023-10-30,122.75,123.35,122.75,123.25,44903,17:25,17:20,True,135263.7142857143,0.3319663387710356,3.142857142857143
2023-10-31,123.5,124.05,123.5,123.8,75444,17:25,17:20,True,129587.85714285714,0.5821841773093819,3.0035714285714286
2023-11-01,124.9,124.95,124.35,124.8,50498,17:25,17:20,True,130543.5,0.38682891143565173,3.0071428571428576
2023-11-02,123.0,123.5,122.9,122.95,41486,17:25,17:20,True,131333.2142857143,0.31588353506484323,3.028571428571429
2023-11-06,124.4,124.85,124.3,124.3,94973,17:25,17:20,True,131181.64285714287,0.723980870581304,3.050000000000001
2023-11-07,123.75,124.0,123.55,124.0,28120,17:25,17:20,True,124929.92857142857,0.22508617687972515,3.067857142857144
2023-11-08,122.95,122.95,122.3,122.65,79412,17:25,17:20,True,103819.42857142857,0.7649049998899188,3.0142857142857133
2023-11-09,123.6,123.7,123.35,123.35,43531,17:25,17:20,True,95875.07142857143,0.45403877516202257,2.867857142857141
2023-11-10,123.75,124.15,123.65,124.15,29603,17:25,17:20,True,93920.07142857143,0.3151935422292968,2.699999999999998
2023-11-13,124.25,124.7,124.25,124.65,25651,17:25,17:20,True,88109.28571428571,0.2911270905450212,2.6499999999999986
2023-11-14,124.0,124.6,124.0,124.15,24317,17:25,17:20,True,86932.71428571429,0.2797220839105449,2.532142857142856
2023-11-15,124.85,125.3,124.75,125.2,40048,17:25,17:20,True,83830.64285714286,0.47772507325568814,2.489285714285714
2023-11-16,125.2,125.45,124.9,125.0,32306,17:25,17:20,True,71822.85714285714,0.4498010979393746,2.0035714285714286
2023-11-17,124.4,124.95,124.4,124.75,42535,17:25,17:20,True,50698.21428571428,0.8389841851290902,1.9357142857142864
2023-11-20,126.3,127.0,126.3,126.8,64070,17:25,17:20,True,46630.5,1.3739934163262242,1.9392857142857147
2023-11-21,125.85,126.4,125.85,126.15,60451,17:25,17:20,True,47999.57142857143,1.2594070780393873,1.9428571428571442
2023-11-22,124.65,124.9,124.4,124.6,45939,17:25,17:20,True,46928.642857142855,0.9789117520369072,1.9642857142857164
2023-11-23,125.5,125.8,125.2,125.3,28453,17:25,17:20,True,46603.0,0.6105400939853658,1.8642857142857159
2023-11-24,127.3,127.9,127.3,127.9,28671,17:25,17:20,True,45672.07142857143,0.6277578201120096,1.875000000000002
2023-11-27,127.8,128.3,127.8,128.1,30190,17:25,17:20,True,40936.21428571428,0.7374888109899199,1.8428571428571447
2023-11-28,126.75,127.1,126.6,126.7,26409,17:25,17:20,True,41084.07142857143,0.6428038673312737,1.8000000000000032
2023-11-29,125.8,125.8,125.5,125.65,29857,17:25,17:20,True,37298.142857142855,0.8004956202338684,1.7714285714285742
2023-11-30,126.8,126.85,126.3,126.8,49809,17:25,17:20,True,36321.42857142857,1.371339233038348,1.8250000000000028
2023-12-01,127.35,127.6,126.85,127.5,88460,17:25,17:20,True,37764.71428571428,2.34239823266617,1.8535714285714309
2023-12-04,127.45,127.55,127.2,127.35,55154,17:25,17:20,True,42251.07142857143,1.3053870146995428,1.9071428571428595
2023-12-05,127.85,128.15,127.45,128.1,64550,17:25,17:20,True,44453.71428571428,1.4520721392395302,1.8714285714285726
2023-12-06,128.95,129.15,128.5,128.6,52443,17:25,17:20,True,46203.857142857145,1.1350351083861272,1.8535714285714289
2023-12-07,130.1,131.65,130.1,131.6,181043,17:25,17:20,True,47642.21428571428,3.800054273595896,1.8428571428571427
2023-12-08,132.0,132.45,131.25,131.25,139758,17:25,17:20,True,57535.642857142855,2.4290681925117226,1.8785714285714283
2023-12-11,133.1,133.6,133.1,133.4,95940,17:25,17:20,True,62941.92857142857,1.524262160018248,1.9285714285714266
2023-12-12,134.4,135.15,134.4,135.0,107479,17:25,17:20,True,65476.857142857145,1.6414807412869978,1.8964285714285682
2023-12-13,134.8,134.8,134.4,134.65,36206,17:25,17:20,True,69872.57142857143,0.5181718557046705,1.9285714285714235
2023-12-14,134.25,135.3,134.2,135.0,181165,17:25,17:20,True,70426.35714285714,2.5724033919930545,1.8964285714285671
2023-12-15,135.65,136.85,135.65,136.75,84030,17:25,17:20,True,81318.78571428571,1.033340565306031,2.028571428571425
2023-12-18,136.0,136.35,135.8,136.25,106981,17:25,17:20,True,85164.5,1.2561689436326169,2.103571428571423
2023-12-19,136.6,136.6,136.2,136.6,31764,17:25,17:20,True,90919.64285714286,0.3493634488853972,2.089285714285709
2023-12-20,136.7,137.25,136.7,137.15,44882,17:25,17:20,True,91055.85714285714,0.49290623808619827,2.0214285714285682
2023-12-21,137.2,137.2,136.4,136.45,54015,17:25,17:20,True,90703.92857142857,0.5955089360596288,2.028571428571426
2023-12-22,135.95,136.05,135.5,135.95,55983,17:25,17:20,True,88243.57142857143,0.6344144858791818,2.039285714285711
2023-12-27,136.85,137.3,136.75,137.15,54818,17:25,17:20,True,88302.78571428571,0.6207958169900805,2.064285714285712
2023-12-28,138.25,138.65,138.25,138.55,26636,17:25,17:20,True,87607.64285714286,0.30403740052033945,2.074999999999999
2023-12-29,138.1,138.4,138.05,138.25,16589,17:25,17:20,True,85764.28571428571,0.19342550179062215,2.0142857142857133
2024-01-02,138.8,139.55,138.8,139.25,84847,17:25,17:20,True,74017.57142857143,1.1463088880439585,1.8892857142857136
2024-01-03,140.25,140.95,140.25,140.65,53519,17:25,17:20,True,70095.35714285714,0.7635170456571915,1.8446428571428584
2024-01-04,139.45,140.45,139.45,140.35,51320,17:25,17:20,True,67065.28571428571,0.7652245040546845,1.851785714285715
2024-01-08,142.25,142.25,141.5,141.55,104387,17:25,17:20,True,63053.92857142857,1.655519368341159,1.937500000000002
2024-01-09,142.0,142.1,141.3,141.45,53202,17:25,17:20,True,67924.0,0.7832577586714563,1.8732142857142873
2024-01-10,141.7,142.0,141.55,141.55,38577,17:25,17:20,True,58783.78571428572,0.6562523922413007,1.7625000000000028
2024-01-11,142.5,143.1,142.5,142.8,72736,17:25,17:20,True,55537.142857142855,1.3096820660561788,1.6446428571428615
2024-01-12,142.25,143.35,142.25,143.2,61038,17:25,17:20,True,53091.07142857143,1.149684840738623,1.6446428571428615
2024-01-15,144.6,144.6,144.15,144.3,58724,17:25,17:20,True,55182.07142857143,1.0641862199032035,1.7553571428571462
2024-01-16,142.0,142.0,140.7,140.85,104240,17:25,17:20,True,56170.78571428572,1.8557689495429117,1.7625000000000008
2024-01-17,136.85,136.85,135.95,136.0,62610,17:25,17:20,True,59758.28571428572,1.0477208181531312,1.976785714285715
2024-01-18,138.8,138.8,137.95,138.1,37482,17:25,17:20,True,60231.642857142855,0.6222974872011983,2.044642857142859
2024-01-19,139.0,139.45,138.9,138.95,53939,17:25,17:20,True,58993.357142857145,0.9143232833720988,2.0589285714285728
2024-01-22,138.5,139.3,138.05,139.0,151528,17:25,17:20,True,60943.57142857143,2.4863656075292133,2.1267857142857145
2024-01-23,140.85,140.85,140.1,140.25,103290,17:25,17:20,True,70582.07142857143,1.4634027864218857,2.1839285714285706
2024-01-24,141.45,142.5,141.4,142.25,201838,17:25,17:20,True,71899.42857142857,2.8072267611902344,2.124999999999998
2024-01-25,139.85,142.45,139.0,142.35,521613,17:25,17:20,True,82493.64285714286,6.323069050342408,2.182142857142856
2024-01-26,152.1,152.95,150.8,151.4,198590,17:25,17:20,True,116086.0,1.710714470306497,2.885714285714284
2024-01-29,150.25,150.9,149.4,150.75,199785,17:25,17:20,True,122814.78571428571,1.6267178160842664,3.028571428571425
2024-01-30,149.85,150.65,149.85,150.05,74014,17:25,17:20,True,133285.0,0.5553062985332183,3.0999999999999943
2024-01-31,150.0,150.2,149.7,149.9,48117,17:25,17:20,True,135816.2142857143,0.35428023268839665,3.164285714285709
2024-02-01,147.6,147.8,146.8,147.2,52252,17:25,17:20,True,134057.7142857143,0.3897724221124377,3.2071428571428493
2024-02-02,149.8,150.15,149.65,149.7,58514,17:25,17:20,True,133430.14285714287,0.4385365911108113,3.2535714285714215
2024-02-05,150.7,150.9,150.15,150.7,77009,17:25,17:20,True,133415.14285714287,0.5772133383873751,3.2857142857142816
2024-02-06,148.3,149.1,147.7,148.35,81296,17:25,17:20,True,131470.07142857142,0.6183612674476158,3.2428571428571393
2024-02-07,147.65,148.45,147.55,148.35,63056,17:25,17:20,True,132804.7857142857,0.47480216666030217,3.210714285714281
2024-02-08,148.3,149.2,148.3,149.05,25680,17:25,17:20,True,134631.5,0.1907428796381233,3.2571428571428527
2024-02-09,147.45,147.45,146.75,146.85,56693,17:25,17:20,True,132613.0,0.4275071071463582,3.2749999999999955
2024-02-12,147.55,147.55,147.3,147.45,38307,17:25,17:20,True,125839.07142857143,0.3044126086208746,3.2357142857142827
2024-02-13,148.85,148.85,148.4,148.7,35352,17:25,17:20,True,121197.42857142857,0.29168935691704917,3.2964285714285677
2024-02-14,148.8,148.9,148.1,148.6,39781,17:25,17:20,True,109305.57142857143,0.36394302211754986,3.1892857142857105
2024-02-15,149.0,149.1,148.75,148.8,35932,17:25,17:20,True,74889.0,0.47980344242812695,2.328571428571426
2024-02-16,151.8,153.1,151.8,152.65,51419,17:25,17:20,True,63270.57142857143,0.8126842991776814,2.278571428571427
2024-02-19,153.7,154.4,153.7,154.25,55350,17:25,17:20,True,52673.0,1.050823002297192,2.3214285714285716
2024-02-20,151.85,152.2,151.25,152.1,49790,17:25,17:20,True,51339.857142857145,0.969811814268502,2.367857142857141
2024-02-21,152.5,152.7,152.2,152.35,53500,17:25,17:20,True,51459.357142857145,1.0396554284865587,2.3392857142857144
2024-02-22,152.65,152.95,152.5,152.55,30855,17:25,17:20,True,51548.5,0.5985625187929814,2.2071428571428555
2024-02-23,150.0,150.25,148.6,148.75,258869,17:25,17:20,True,49572.857142857145,5.221990720728509,2.1678571428571405
2024-02-26,150.45,150.85,150.35,150.7,69118,17:25,17:20,True,62562.857142857145,1.1047769100790061,2.1642857142857133
2024-02-27,150.75,150.75,150.1,150.25,31890,17:25,17:20,True,61693.0,0.5169143987162239,2.0999999999999983
2024-02-28,151.65,152.75,151.6,152.6,97456,17:25,17:20,True,59466.857142857145,1.6388288314259083,2.0249999999999977
2024-02-29,152.8,153.05,152.3,152.3,40597,17:25,17:20,True,64593.71428571428,0.6284976866391245,2.02142857142857
2024-03-01,154.6,155.2,154.3,155.0,59648,17:25,17:20,True,63444.0,0.9401677069541643,2.107142857142855
2024-03-04,153.25,153.25,152.4,152.85,120347,17:25,17:20,True,64968.357142857145,1.8523940775564367,2.114285714285714
2024-03-05,152.75,152.85,152.3,152.3,61446,17:25,17:20,True,71039.42857142857,0.8649562818233738,2.1035714285714278
2024-03-06,153.45,153.5,153.05,153.25,37009,17:25,17:20,True,72586.92857142857,0.5098576386736298,2.182142857142856
2024-03-07,153.0,153.0,152.3,152.3,64291,17:25,17:20,True,72663.85714285714,0.8847727402304545,2.107142857142857
2024-03-08,154.5,154.9,154.5,154.8,31748,17:25,17:20,True,73583.28571428571,0.4314566778558019,2.0821428571428555
2024-03-11,154.0,154.3,153.3,154.3,101985,17:25,17:20,True,71897.42857142857,1.4184791031668131,2.032142857142856
2024-03-12,153.55,153.7,152.9,153.3,62289,17:25,17:20,True,75625.64285714286,0.8236491968427188,2.0750000000000006
2024-03-13,155.95,155.95,154.15,154.3,129164,17:25,17:20,True,76253.42857142857,1.6938779333575635,2.20357142857143
2024-03-14,156.55,156.55,155.9,156.4,51429,17:25,17:20,True,83275.5,0.6175765981591225,2.239285714285716
2024-03-15,155.65,155.85,155.35,155.7,82359,17:25,17:20,True,68458.35714285714,1.2030525335005535,2.0928571428571416
2024-03-18,155.3,155.3,154.4,154.6,144986,17:25,17:20,True,69404.14285714286,2.089010742462883,2.182142857142858
2024-03-19,153.65,154.3,153.65,154.05,51462,17:25,17:20,True,77482.42857142857,0.6641763939105088,2.2535714285714312
2024-03-20,143.5,143.5,142.3,143.4,950339,17:25,17:20,True,74197.14285714286,12.808296430359276,2.3214285714285734
2024-03-21,145.75,146.55,145.7,146.4,162915,17:25,17:20,True,139178.7142857143,1.170545372804339,3.114285714285716
2024-03-22,148.4,148.65,148.15,148.55,36314,17:25,17:20,True,146554.92857142858,0.24778422912130946,3.2250000000000005
2024-03-25,147.9,148.0,146.9,147.8,140725,17:25,17:20,True,140552.57142857142,1.001226790585729,3.2857142857142856
2024-03-26,147.7,148.4,147.7,148.25,60165,17:25,17:20,True,146215.35714285713,0.41148208488946103,3.2428571428571433
2024-03-27,149.55,149.6,149.0,149.45,70789,17:25,17:20,True,147869.35714285713,0.47872663659185644,3.346428571428571
2024-04-02,144.95,145.7,144.65,144.8,136551,17:25,17:20,True,148333.5,0.9205675049803315,3.4750000000000005
2024-04-03,146.15,146.9,146.15,146.6,71193,17:25,17:20,True,155819.42857142858,0.45689424388669664,3.5750000000000006
2024-04-04,146.25,146.4,145.95,146.05,42214,17:25,17:20,True,153620.0,0.2747949485744044,3.489285714285714
2024-04-05,145.5,145.65,145.2,145.4,75458,17:25,17:20,True,152186.07142857142,0.495827241558149,3.407142857142856
2024-04-08,146.7,147.55,146.7,147.0,91048,17:25,17:20,True,148349.92857142858,0.6137380777784571,3.432142857142856
2024-04-09,149.2,149.75,148.95,149.45,71377,17:25,17:20,True,151179.85714285713,0.4721330033574012,3.4928571428571433
2024-04-10,147.65,148.25,147.65,147.9,32117,17:25,17:20,True,150395.42857142858,0.21355037387154624,3.5142857142857133
2024-04-11,146.95,147.2,146.65,146.8,35069,17:25,17:20,True,142333.35714285713,0.2463863756463072,3.5607142857142833
2024-04-12,145.9,147.05,145.9,146.9,121452,17:25,17:20,True,141162.42857142858,0.8603705761448058,3.585714285714285
2024-04-15,147.1,147.7,147.0,147.0,98641,17:25,17:20,True,81956.21428571429,1.2035817034705814,2.8214285714285716
2024-04-16,145.1,145.3,144.25,144.45,172114,17:25,17:20,True,77365.21428571429,2.224694930261201,2.717857142857144
2024-04-17,142.3,143.55,142.25,143.45,69695,17:25,17:20,True,87065.21428571429,0.8004919136968758,2.892857142857143
2024-04-18,144.15,145.0,143.95,144.0,71381,17:25,17:20,True,81991.64285714286,0.8705887272483346,2.9964285714285706
2024-04-19,144.35,144.55,143.9,144.25,103152,17:25,17:20,True,82792.78571428571,1.245905656031107,2.9285714285714266
2024-04-22,146.0,146.6,146.0,146.35,68815,17:25,17:20,True,85104.42857142857,0.8085948188024461,2.7392857142857117
2024-04-23,147.05,147.4,146.5,147.2,50190,17:25,17:20,True,80266.14285714286,0.6252947782644523,2.6785714285714244
2024-04-24,145.05,146.65,144.0,144.3,318706,17:25,17:20,True,78765.92857142857,4.046241893929845,2.874999999999996
2024-04-25,145.25,146.15,144.9,145.25,157709,17:25,17:20,True,98515.35714285714,1.6008570092407637,3.2857142857142816
2024-04-26,143.5,143.9,143.05,143.8,40416,17:25,17:20,True,104390.42857142857,0.3871619319231512,3.3535714285714238
2024-04-29,145.0,145.8,144.55,145.25,64132,17:25,17:20,True,100773.85714285714,0.6363952102089969,3.289285714285709
2024-05-02,146.0,146.0,145.6,145.7,101829,17:25,17:20,True,100256.35714285714,1.0156862158366873,3.199999999999995
2024-05-03,145.35,146.0,145.35,145.65,76369,17:25,17:20,True,105235.78571428571,0.7256942064113172,3.085714285714281
2024-05-06,146.95,147.45,146.95,147.25,61764,17:25,17:20,True,108185.78571428571,0.5709067932742683,3.028571428571421
2024-05-07,150.2,150.6,149.95,150.3,62876,17:25,17:20,True,103922.35714285714,0.6050286168313844,3.0142857142857076
2024-05-10,149.0,149.3,148.35,148.85,122136,17:25,17:20,True,101367.71428571429,1.2048806748838035,2.9785714285714215
2024-05-13,153.0,153.3,152.75,153.2,102388,17:25,17:20,True,97797.85714285714,1.0469350044187353,2.98928571428571
2024-05-14,153.4,153.7,153.35,153.6,23153,17:25,17:20,True,100133.07142857143,0.2312223091700116,2.8892857142857093
2024-05-15,153.55,153.65,153.25,153.25,33196,17:25,17:20,True,96688.21428571429,0.34333036601447214,2.857142857142853
2024-05-16,152.4,152.75,152.2,152.25,24322,17:25,17:20,True,91691.35714285714,0.2652594612827662,2.914285714285711
2024-05-17,151.8,152.2,151.65,151.65,62319,17:25,17:20,True,88513.28571428571,0.7040637967181682,2.89642857142857
2024-05-20,152.75,153.7,152.7,153.3,106219,17:25,17:20,True,89379.64285714286,1.1884026004643116,2.714285714285712
2024-05-21,152.35,152.35,151.55,151.7,46776,17:25,17:20,True,74202.0,0.6303873210964664,2.357142857142857
2024-05-22,150.6,150.95,150.45,150.6,37403,17:25,17:20,True,66278.21428571429,0.5643332489128619,2.257142857142859
2024-05-23,149.5,149.9,149.5,149.9,23764,17:25,17:20,True,66063.0,0.3597172396046198,2.3107142857142873
2024-05-24,147.4,147.65,146.9,147.2,128162,17:25,17:20,True,63179.57142857143,2.028535444323097,2.32857142857143
2024-05-27,147.4,147.4,147.0,147.15,52003,17:25,17:20,True,65060.5,0.7993021879635109,2.5142857142857156
2024-05-28,149.1,149.4,149.05,149.2,26370,17:25,17:20,True,63320.07142857143,0.41645562623451604,2.482142857142861
2024-05-29,148.5,148.5,148.1,148.4,40384,17:25,17:20,True,60791.92857142857,0.6642987144674987,2.3607142857142907
2024-05-30,146.45,146.5,146.2,146.2,21114,17:25,17:20,True,59185.357142857145,0.3567436443618414,2.3785714285714334
2024-05-31,147.95,147.95,147.55,147.55,40573,17:25,17:20,True,51969.5,0.7807079152195038,2.1857142857142895
2024-06-03,150.0,150.6,149.95,150.55,71788,17:25,17:20,True,47554.142857142855,1.5096055924224718,2.2214285714285773
2024-06-04,149.9,150.1,149.75,149.9,92962,17:25,17:20,True,51028.07142857143,1.821781568408425,2.210714285714291
2024-06-05,148.35,149.2,148.35,149.2,23168,17:25,17:20,True,55297.07142857143,0.4189733633530063,2.2464285714285768
2024-06-07,150.45,154.0,150.4,151.65,232600,17:25,17:20,True,55214.642857142855,4.212650629685449,2.2571428571428607
2024-06-10,152.4,152.4,151.1,151.25,54526,17:25,17:20,True,67377.57142857143,0.8092603939844331,2.4571428571428617
2024-06-11,151.35,152.2,151.35,152.0,43068,17:25,17:20,True,63685.21428571428,0.6762637212270621,2.403571428571431
2024-06-12,151.8,152.25,151.75,152.1,44165,17:25,17:20,True,63420.357142857145,0.6963852300692094,2.4392857142857145
2024-06-13,154.15,154.5,154.1,154.25,42933,17:25,17:20,True,63903.357142857145,0.6718426373754117,2.5035714285714294
2024-06-14,152.2,152.85,152.2,152.8,36133,17:25,17:20,True,65272.57142857143,0.5535709595804845,2.5714285714285734
2024-06-17,153.05,153.75,153.05,153.75,51434,17:25,17:20,True,58699.07142857143,0.8762319189765718,2.4285714285714306
2024-06-18,153.45,154.0,153.45,153.9,56682,17:25,17:20,True,58658.42857142857,0.9663061452622811,2.5214285714285722
2024-06-19,151.8,151.8,151.4,151.5,37381,17:25,17:20,True,60823.57142857143,0.6145808133594823,2.653571428571429
2024-06-20,152.3,152.95,152.25,152.85,30048,17:25,17:20,True,60609.07142857143,0.4957673709852486,2.5821428571428577
2024-06-24,151.5,152.95,151.15,152.65,266238,17:25,17:20,True,61247.21428571428,4.346940560561938,2.7571428571428567
2024-06-25,153.5,153.5,152.7,153.175,51436,17:25,17:20,True,77366.14285714286,0.6648386244998273,2.867857142857141
2024-06-26,152.35,152.85,152.275,152.3,26089,17:25,17:20,True,75912.42857142857,0.3436723141514565,2.942857142857142
2024-06-27,152.9,153.4,152.8,153.3,54765,17:25,17:20,True,71135.78571428571,0.7698656794199424,2.914285714285715
2024-06-28,155.85,156.5,155.5,156.5,66213,17:25,17:20,True,73392.71428571429,0.9021740188302069,2.971428571428573
2024-07-01,159.25,159.85,159.15,159.3,95193,17:25,17:20,True,61507.92857142857,1.5476541351811788,2.8214285714285734
2024-07-02,157.5,157.5,156.8,156.95,28325,17:25,17:20,True,64412.71428571428,0.4397423756179459,2.9142857142857173
2024-07-03,154.75,154.9,154.45,154.7,30074,17:25,17:20,True,63359.642857142855,0.47465545327974656,2.960714285714289
2024-07-04,156.35,157.2,156.25,157.0,33962,17:25,17:20,True,62353.142857142855,0.5446718231639143,2.8821428571428607
2024-07-05,157.9,158.1,157.9,158.05,8345,17:25,17:20,True,61712.357142857145,0.1352241331615687,2.857142857142859
2024-07-08,156.25,156.25,154.9,155.15,64304,17:25,17:20,True,59727.5,1.0766229961073208,2.8428571428571456
2024-07-09,155.65,155.7,154.5,155.15,53732,17:25,17:20,True,60646.78571428572,0.8859826513005635,2.778571428571431
2024-07-10,153.65,153.85,153.05,153.05,41411,17:25,17:20,True,60436.07142857143,0.685203373103811,2.789285714285715
2024-07-11,155.25,155.85,154.9,155.6,34624,17:25,17:20,True,60723.92857142857,0.5701870879330929,2.8392857142857144
2024-07-12,158.2,158.6,158.15,158.6,18212,17:25,17:20,True,61050.78571428572,0.2983090190719436,2.817857142857144
2024-07-15,157.1,157.8,156.65,156.9,64085,17:25,17:20,True,43334.642857142855,1.4788399251670967,2.7107142857142867
2024-07-16,158.1,159.25,157.5,159.2,215533,17:25,17:20,True,44238.142857142855,4.872107780293025,2.846428571428573
2024-07-17,160.5,160.65,160.1,160.3,91574,17:25,17:20,True,57769.857142857145,1.585151920551746,3.1464285714285722
2024-07-18,160.0,160.15,159.45,159.75,47585,17:25,17:20,True,60399.07142857143,0.7878432378927301,3.10357142857143
2024-07-19,161.55,162.1,161.4,162.05,33920,17:25,17:20,True,59068.5,0.5742485419470614,3.27142857142857
2024-07-22,161.45,162.0,161.45,161.5,15360,17:25,17:20,True,54691.857142857145,0.2808461954378165,3.182142857142854
2024-07-23,163.55,163.8,163.5,163.5,30071,17:25,17:20,True,53765.78571428572,0.5592962066954422,3.1785714285714266
2024-07-24,162.4,162.4,161.7,162.05,34042,17:25,17:20,True,53765.57142857143,0.633156108927912,3.1107142857142827
2024-07-25,159.0,159.2,158.45,158.7,25810,17:25,17:20,True,53771.28571428572,0.4799959617320981,3.1892857142857105
2024-07-26,161.7,162.05,161.6,162.05,9030,17:25,17:20,True,55018.78571428572,0.16412575964313486,3.3035714285714244
2024-07-29,163.7,164.65,163.7,164.45,36183,17:25,17:20,True,51070.642857142855,0.7084892215124988,3.23928571428571
2024-07-30,163.4,164.0,163.4,164.0,8616,17:25,17:20,True,49817.142857142855,0.1729525120440468,3.1392857142857116
2024-07-31,165.05,165.55,165.05,165.3,48096,17:25,17:20,True,47474.642857142855,1.013088189935981,3.1321428571428567
2024-08-01,164.4,164.45,163.95,164.4,42665,17:25,17:20,True,48436.92857142857,0.8808361978832561,2.9392857142857145
2024-08-02,158.05,158.25,157.25,157.25,76234,17:25,17:20,True,50183.57142857143,1.5191027228603555,3.1607142857142856
2024-08-05,146.3,146.55,143.5,144.25,361715,17:25,17:20,True,51051.357142857145,7.085316047285716,3.4214285714285717
2024-08-06,149.55,149.95,148.45,149.25,135592,17:25,17:20,True,61492.92857142857,2.205001504238002,3.557142857142856
2024-08-07,147.25,148.0,146.6,146.6,47933,17:25,17:20,True,64637.07142857143,0.7415713450596131,3.8785714285714255
2024-08-08,148.0,148.3,147.3,147.7,45682,17:25,17:20,True,64661.92857142857,0.70647444345149,3.8785714285714272
2024-08-09,150.25,150.7,150.1,150.4,27992,17:25,17:20,True,65502.07142857143,0.42734526389023686,4.021428571428572
2024-08-12,151.8,151.95,151.5,151.95,20507,17:25,17:20,True,66404.35714285714,0.30882009678796896,3.9071428571428584
2024-08-13,151.35,151.55,151.1,151.45,48834,17:25,17:20,True,65721.21428571429,0.7430477438791779,3.903571428571431
2024-08-14,152.0,152.25,151.9,151.95,36537,17:25,17:20,True,66777.78571428571,0.5471430298142347,3.8000000000000034
2024-08-15,152.95,152.95,152.2,152.65,50871,17:25,17:20,True,67544.0,0.7531534999407793,3.6321428571428607
2024-08-16,154.2,155.25,154.2,155.2,43946,17:25,17:20,True,70532.64285714286,0.6230590294058375,3.7250000000000045
2024-08-19,155.3,155.4,155.0,155.35,28816,17:25,17:20,True,71087.14285714286,0.4053616285846346,3.710714285714289
2024-08-20,155.8,156.3,155.8,156.2,28333,17:25,17:20,True,72530.0,0.3906383565421205,3.6892857142857167
2024-08-21,153.05,153.35,152.75,153.2,28570,17:25,17:20,True,71118.35714285714,0.4017246903301036,3.9000000000000017
2024-08-22,152.2,152.8,152.2,152.5,19979,17:25,17:20,True,70111.57142857143,0.2849600942171763,3.6785714285714306
2024-08-23,153.95,154.45,153.9,154.45,30699,17:25,17:20,True,66093.35714285714,0.46447935658111306,3.2357142857142884
2024-08-26,155.55,155.9,155.4,155.7,17725,17:25,17:20,True,42449.357142857145,0.4175563823110227,2.7821428571428606
2024-08-27,156.05,156.35,156.05,156.25,10708,17:25,17:20,True,34030.28571428572,0.31466089029939714,2.414285714285719
2024-08-28,155.8,156.0,155.5,155.9,21717,17:25,17:20,True,31371.35714285714,0.6922556745347781,2.175000000000005
2024-08-29,156.85,157.45,156.85,157.45,17887,17:25,17:20,True,29659.571428571428,0.6030768193356035,1.9821428571428612
2024-08-30,157.35,158.2,157.35,158.2,33760,17:25,17:20,True,28937.785714285714,1.166640748995999,1.9535714285714323
2024-09-02,158.35,158.75,158.25,158.75,32708,17:25,17:20,True,29884.428571428572,1.0944830322528216,1.960714285714289
2024-09-03,157.55,158.2,157.55,157.95,152191,17:25,17:20,True,28732.571428571428,5.296810986038742,1.921428571428574
2024-09-04,152.9,153.9,152.8,153.75,72557,17:25,17:20,True,36993.57142857143,1.9613407734934643,2.050000000000001
2024-09-05,153.95,154.4,153.8,154.25,38407,17:25,17:20,True,38542.57142857143,0.9964825536141855,2.0642857142857145
2024-09-06,156.3,156.45,155.7,156.05,36574,17:25,17:20,True,38146.92857142857,0.958766573605439,2.2035714285714283
2024-09-09,155.95,156.5,155.85,156.25,22323,17:25,17:20,True,38701.07142857143,0.576805736275297,2.282142857142856
2024-09-10,157.0,157.0,156.55,156.8,13655,17:25,17:20,True,38271.78571428572,0.3567902501843021,2.1499999999999977
2024-09-11,155.5,156.25,155.5,156.0,40695,17:25,17:20,True,37206.42857142857,1.0937625986292692,2.257142857142855
2024-09-12,155.95,157.25,155.95,156.6,52946,17:25,17:20,True,38686.142857142855,1.3686037451579194,2.328571428571426
2024-09-13,155.8,156.1,155.7,156.0,13134,17:25,17:20,True,40275.21428571428,0.3261062723795032,2.42142857142857
2024-09-16,155.8,155.8,155.0,155.65,28958,17:25,17:20,True,39947.28571428572,0.7249053216560395,2.3999999999999977
2024-09-17,157.4,158.15,157.35,157.9,60146,17:25,17:20,True,41250.857142857145,1.45805455124742,2.4607142857142827
2024-09-18,157.2,157.55,157.1,157.45,18384,17:25,17:20,True,43995.78571428572,0.4178582039513525,2.517857142857141
2024-09-19,158.45,159.0,158.35,158.5,66823,17:25,17:20,True,44031.28571428572,1.5176254546280403,2.535714285714284
2024-09-20,157.65,158.0,157.5,157.55,75003,17:25,17:20,True,46392.92857142857,1.61669035151601,2.574999999999999
2024-09-23,157.1,157.4,156.95,157.2,29688,17:25,17:20,True,49414.0,0.6008013923179666,2.607142857142857
2024-09-24,157.0,157.3,156.8,156.9,33572,17:25,17:20,True,40663.78571428572,0.8255994716253318,2.550000000000001
2024-09-25,155.95,156.5,155.95,156.05,27880,17:25,17:20,True,37879.142857142855,0.7360251023933262,2.442857142857146
2024-09-26,156.2,156.2,155.55,155.8,50701,17:25,17:20,True,37127.21428571428,1.365602051633284,2.33928571428572
2024-09-27,156.65,157.4,156.65,156.75,27971,17:25,17:20,True,38136.28571428572,0.7334484592851203,2.2964285714285757
2024-09-30,155.25,155.55,155.25,155.35,24997,17:25,17:20,True,38539.71428571428,0.6486036667185613,2.264285714285722
2024-10-01,155.2,155.5,155.2,155.25,47556,17:25,17:20,True,39349.857142857145,1.208543142287683,2.1321428571428647
2024-10-02,151.7,152.35,151.0,152.35,84933,17:25,17:20,True,39839.92857142857,2.131856231813382,2.1642857142857213
2024-10-03,150.7,150.85,150.55,150.65,29508,17:25,17:20,True,42124.71428571428,0.7004913979916778,2.053571428571437
2024-10-04,149.0,149.45,149.0,149.3,26457,17:25,17:20,True,43294.28571428572,0.6110968125123737,2.2071428571428657
2024-10-07,151.3,151.3,150.5,150.6,32999,17:25,17:20,True,43115.642857142855,0.7653602686462819,2.239285714285722
2024-10-08,150.35,150.7,150.25,150.45,54747,17:25,17:20,True,41176.57142857143,1.3295667439181782,2.19285714285715
2024-10-09,150.65,150.65,149.55,150.05,79718,17:25,17:20,True,43773.92857142857,1.8211296678551323,2.21428571428572
2024-10-10,150.7,151.4,150.7,151.05,56975,17:25,17:20,True,44695.0,1.274751090726032,2.192857142857148
2024-10-11,150.9,150.95,150.5,150.8,15830,17:25,17:20,True,43407.28571428572,0.3646853227404221,2.1500000000000057
2024-10-14,151.45,151.95,151.3,151.55,38628,17:25,17:20,True,42417.42857142857,0.9106634065512155,2.0821428571428617
2024-10-15,152.1,152.65,152.05,152.3,25181,17:25,17:20,True,42778.57142857143,0.5886358323593255,2.0714285714285734
2024-10-16,151.85,152.2,151.35,152.1,24512,17:25,17:20,True,42585.78571428572,0.575591117760621,2.0
2024-10-17,153.25,155.85,153.0,155.25,225540,17:25,17:20,True,40715.142857142855,5.539462327108903,1.9964285714285726
2024-10-18,155.0,155.0,154.2,154.85,37048,17:25,17:20,True,54827.21428571428,0.675722822737926,2.1857142857142855
2024-10-21,154.7,154.7,154.35,154.55,17922,17:25,17:20,True,55688.0,0.3218287602355983,2.2071428571428577
2024-10-22,154.1,154.45,153.6,153.8,38037,17:25,17:20,True,53571.28571428572,0.7100258934023823,2.0714285714285716
2024-10-23,158.75,159.85,157.2,159.35,209738,17:25,17:20,True,50221.57142857143,4.176253232105726,2.1321428571428567
2024-10-24,152.0,153.15,150.75,151.7,529891,17:25,17:20,True,63095.142857142855,8.398285129486988,2.1892857142857145
2024-10-25,149.0,149.6,148.7,148.8,56354,17:25,17:20,True,99054.71428571429,0.5689178996312283,2.7535714285714294
2024-10-28,149.9,150.25,149.75,150.1,58599,17:25,17:20,True,100722.92857142857,0.5817841163985219,2.846428571428573
2024-10-29,152.8,153.35,152.7,153.25,85674,17:25,17:20,True,100998.07142857143,0.8482736233294412,2.9464285714285734
2024-10-30,153.35,153.75,153.35,153.75,17752,17:25,17:20,True,101423.5,0.17502846973334582,2.982142857142859
2024-10-31,150.75,151.0,150.5,150.9,41981,17:25,17:20,True,98621.85714285714,0.4256764293050077,3.1178571428571433
2024-11-04,153.65,154.4,153.65,154.2,67036,17:25,17:20,True,100489.78571428571,0.6670926753749671,3.125
2024-11-05,155.55,155.55,155.2,155.2,22966,17:25,17:20,True,102518.92857142857,0.22401716756139112,3.4285714285714284
2024-11-06,155.5,156.0,155.5,156.0,52571,17:25,17:20,True,102360.71428571429,0.5135857088029029,3.4500000000000006
2024-11-07,156.9,158.15,156.9,158.15,94716,17:25,17:20,True,104364.92857142857,0.9075462542493408,3.5214285714285722
2024-11-08,154.8,155.15,154.7,154.7,21344,17:25,17:20,True,95020.35714285714,0.22462555016406258,3.4464285714285716
2024-11-11,154.75,155.25,154.75,154.85,40544,17:25,17:20,True,93898.64285714286,0.4317847283659204,3.442857142857142
2024-11-12,155.4,155.4,154.5,154.85,40091,17:25,17:20,True,95514.5,0.419737317370661,3.54642857142857
2024-11-13,151.6,151.6,150.55,150.7,32063,17:25,17:20,True,95661.21428571429,0.3351724127631963,3.6999999999999966
2024-11-14,150.65,151.3,150.6,150.7,69044,17:25,17:20,True,82970.14285714286,0.8321547682384886,3.6214285714285666
2024-11-15,150.3,150.4,150.0,150.1,42687,17:25,17:20,True,50052.5,0.8528445132610759,3.032142857142852
2024-11-18,151.85,152.45,151.55,152.45,50094,17:25,17:20,True,49076.28571428572,1.02073739426083,3.039285714285709
2024-11-19,151.75,152.1,151.65,152.05,16984,17:25,17:20,True,48468.78571428572,0.35041108931668835,2.942857142857138
2024-11-20,150.65,151.2,150.65,150.95,29653,17:25,17:20,True,43562.357142857145,0.680702375740523,3.096428571428567
2024-11-21,151.0,151.7,151.0,151.45,16345,17:25,17:20,True,44412.42857142857,0.36802761131858197,2.9892857142857117
2024-11-22,152.45,153.0,152.3,152.85,31233,17:25,17:20,True,42581.28571428572,0.7334912386058261,3.0714285714285694
2024-11-25,151.95,152.4,151.9,152.15,85256,17:25,17:20,True,40023.92857142857,2.130125728358928,2.9464285714285694
2024-11-26,149.0,149.05,148.7,148.95,55525,17:25,17:20,True,44473.21428571428,1.2485043164023288,3.0392857142857133
2024-11-27,148.3,148.55,148.0,148.5,55809,17:25,17:20,True,44684.21428571428,1.2489645592323273,3.010714285714284
2024-11-28,149.95,150.05,149.7,149.7,11237,17:25,17:20,True,41905.142857142855,0.26815324406141766,2.864285714285714
2024-11-29,150.8,151.1,150.75,151.0,23895,17:25,17:20,True,41183.21428571428,0.5802121183214383,2.9107142857142856
2024-12-02,150.7,151.25,150.3,151.25,52045,17:25,17:20,True,39994.0,1.3013201980297044,2.800000000000001
2024-12-03,152.9,153.55,152.85,153.55,42970,17:25,17:20,True,40847.857142857145,1.0519523667966495,2.6964285714285716
2024-12-04,153.15,153.15,152.65,152.9,82929,17:25,17:20,True,41626.92857142857,1.992195985771573,2.550000000000001
2024-12-05,152.3,153.0,152.3,153.0,11019,17:25,17:20,True,42618.71428571428,0.25854839088126946,2.5214285714285722
2024-12-06,156.0,156.1,155.6,155.7,51316,17:25,17:20,True,40356.71428571428,1.2715604059512138,2.596428571428571
2024-12-09,155.15,155.8,155.15,155.25,56588,17:25,17:20,True,40444.0,1.3991692216397982,2.574999999999999
2024-12-10,156.4,157.25,156.4,157.15,31453,17:25,17:20,True,43272.857142857145,0.7268528605856525,2.4178571428571405
2024-12-11,155.35,156.2,155.35,156.15,44153,17:25,17:20,True,43401.42857142857,1.0173167440176425,2.4678571428571394
2024-12-12,155.45,156.85,155.45,156.0,31018,17:25,17:20,True,45387.71428571428,0.6834007944251749,2.3892857142857116
2024-12-13,154.45,154.95,154.4,154.85,61388,17:25,17:20,True,45372.357142857145,1.3529823854360663,2.307142857142854
2024-12-16,155.0,155.2,154.9,155.2,19773,17:25,17:20,True,43667.5,0.45280815251617335,2.192857142857138
2024-12-17,154.65,154.8,154.5,154.75,22701,17:25,17:20,True,41113.78571428572,0.5521505647219476,2.164285714285709
2024-12-18,153.75,153.95,153.75,153.95,29483,17:25,17:20,True,38748.92857142857,0.7608726508567057,2.1321428571428527
2024-12-19,153.35,153.45,153.05,153.35,57198,17:25,17:20,True,40052.21428571428,1.428085837950818,2.0642857142857087
2024-12-20,150.1,150.6,149.5,149.5,59152,17:25,17:20,True,42431.0,1.3940750866112042,2.289285714285707
2024-12-23,148.8,149.25,148.65,149.1,95532,17:25,17:20,True,42938.642857142855,2.224849078668732,2.3892857142857076
2024-12-27,149.7,150.45,149.7,150.0,52338,17:25,17:20,True,46693.07142857143,1.1208943511044007,2.41071428571428
2024-12-30,151.15,151.2,150.8,151.1,26098,17:25,17:20,True,44508.0,0.5863664959108474,2.464285714285708
2025-01-02,151.9,153.1,151.85,152.75,49576,17:25,17:20,True,45585.07142857143,1.0875490252918014,2.28571428571428
2025-01-03,152.75,153.3,152.7,152.8,36507,17:25,17:20,True,45460.78571428572,0.8030437535646892,2.360714285714278
2025-01-07,155.5,156.35,154.6,156.1,160773,17:25,17:20,True,44026.42857142857,3.6517384038807856,2.3607142857142804
2025-01-08,155.8,155.9,155.5,155.9,40006,17:25,17:20,True,53263.57142857143,0.7510949590312328,2.4392857142857087
2025-01-09,154.85,154.85,153.15,153.15,56258,17:25,17:20,True,52967.357142857145,1.0621258645823641,2.5142857142857093
2025-01-10,154.95,155.2,153.6,153.75,53143,17:25,17:20,True,54770.21428571428,0.9702901603191516,2.5642857142857105
2025-01-13,154.9,155.25,154.7,155.2,45772,17:25,17:20,True,54181.28571428572,0.8447935370409919,2.721428571428569
2025-01-14,157.5,158.05,157.3,157.9,85767,17:25,17:20,True,56038.357142857145,1.5305052534169834,2.7535714285714272
2025-01-15,158.5,159.1,158.45,159.0,66578,17:25,17:20,True,60543.07142857143,1.0996799209063677,2.7892857142857133
2025-01-16,161.0,161.7,160.65,160.65,84773,17:25,17:20,True,63192.71428571428,1.3414995851691764,2.903571428571429
2025-01-17,160.85,161.4,159.75,160.2,133590,17:25,17:20,True,65162.357142857145,2.050109999967115,2.717857142857144
2025-01-20,160.75,161.25,160.75,161.2,48562,17:25,17:20,True,70479.35714285714,0.6890244458610474,2.5392857142857173
2025-01-21,159.8,160.75,159.7,160.75,74028,17:25,17:20,True,67124.35714285714,1.10284855082411,2.528571428571429
2025-01-22,163.05,163.8,162.7,162.75,47138,17:25,17:20,True,68673.64285714286,0.6864059927337479,2.567857142857144
2025-01-23,165.05,166.65,164.5,164.6,174525,17:25,17:20,True,70176.5,2.486943634977521,2.607142857142859
2025-01-24,166.4,167.0,166.1,166.15,71180,17:25,17:20,True,79101.42857142857,0.8998573260370953,2.7285714285714318
2025-01-27,164.75,165.8,164.55,165.55,85793,17:25,17:20,True,81578.07142857143,1.0516674211294526,2.7357142857142867
2025-01-28,165.5,166.15,165.5,166.15,35477,17:25,17:20,True,76222.35714285714,0.4654408670871782,2.5892857142857144
2025-01-29,160.3,160.3,158.0,158.3,374521,17:25,17:20,True,75898.85714285714,4.93447482740188,2.6000000000000005
2025-01-30,158.2,158.5,157.15,157.6,133178,17:25,17:20,True,98631.92857142857,1.3502524175379316,2.9178571428571445
2025-01-31,158.45,159.1,158.45,159.05,64071,17:25,17:20,True,104348.71428571429,0.6140085236179239,2.8142857142857145
2025-02-03,154.25,155.05,154.05,154.4,204839,17:25,17:20,True,105655.78571428571,1.9387390725002553,2.824999999999999
2025-02-04,155.55,155.95,155.45,155.5,57271,17:25,17:20,True,114160.92857142857,0.5016690098501302,2.9464285714285694
2025-02-05,156.0,156.7,155.85,156.55,64396,17:25,17:20,True,113496.14285714286,0.5673849205699879,2.8714285714285666
2025-02-06,156.55,157.2,156.55,157.2,60381,17:25,17:20,True,112040.64285714286,0.5389205065253744,2.885714285714282
2025-02-07,161.0,161.55,160.85,161.25,31415,17:25,17:20,True,106811.42857142857,0.29411646693772736,3.046428571428566
2025-02-10,161.1,161.9,161.1,161.9,39827,17:25,17:20,True,105586.64285714286,0.3771973321841981,3.06785714285714
2025-02-11,160.65,160.85,160.35,160.5,33833,17:25,17:20,True,103143.71428571429,0.3280180497114982,2.9892857142857117
2025-02-12,162.55,162.9,162.55,162.7,56201,17:25,17:20,True,102193.35714285714,0.5499476832083718,3.0035714285714272
2025-02-13,163.7,164.05,163.1,163.45,56844,17:25,17:20,True,93741.64285714286,0.6063900553420762,2.79642857142857
2025-02-14,164.75,164.95,164.35,164.65,47994,17:25,17:20,True,92717.64285714286,0.5176361102487044,2.782142857142856
2025-02-17,165.55,166.5,165.55,166.45,55722,17:25,17:20,True,90017.71428571429,0.6190114961499641,2.8142857142857145
2025-02-18,168.1,168.6,168.1,168.5,20365,17:25,17:20,True,91463.78571428571,0.22265642998438884,2.8428571428571416
2025-02-19,169.45,169.7,169.4,169.45,33253,17:25,17:20,True,66166.92857142857,0.5025622424668345,2.39642857142857
2025-02-20,168.45,168.45,168.05,168.1,49975,17:25,17:20,True,59029.42857142857,0.8466116174498918,2.3678571428571433
2025-02-21,167.5,167.9,167.3,167.85,82887,17:25,17:20,True,58022.57142857143,1.4285302763949006,2.307142857142858
2025-02-24,169.85,170.05,169.35,169.95,81254,17:25,17:20,True,49311.71428571428,1.6477626295693288,2.25
2025-02-25,169.8,170.4,169.25,170.25,56586,17:25,17:20,True,51024.78571428572,1.1089904486195084,2.2642857142857156
2025-02-26,171.55,172.35,171.55,171.75,57291,17:25,17:20,True,50466.92857142857,1.1352186792765275,2.3321428571428577
2025-02-27,173.95,174.1,173.5,173.7,75123,17:25,17:20,True,50246.21428571428,1.49509771169683,2.2642857142857156
2025-02-28,172.7,173.25,172.4,172.4,56610,17:25,17:20,True,53368.21428571428,1.060743754642611,2.3214285714285716
2025-03-03,173.0,174.0,173.0,174.0,57926,17:25,17:20,True,54567.0,1.0615573515128192,2.3214285714285716
2025-03-04,174.05,174.1,173.3,173.35,89751,17:25,17:20,True,56287.92857142857,1.594498185985069,2.4678571428571416
2025-03-05,172.7,173.25,172.4,173.1,142572,17:25,17:20,True,58684.357142857145,2.429471957116827,2.8607142857142844
2025-03-06,178.2,178.45,176.9,177.45,120581,17:25,17:20,True,64807.78571428572,1.8605943509873704,3.1785714285714284
2025-03-07,176.05,176.4,175.5,175.85,65411,17:25,17:20,True,69992.57142857143,0.9345420330320768,3.2892857142857133
2025-03-10,178.0,178.25,177.75,178.2,54091,17:25,17:20,True,70684.64285714286,0.7652440164311303,3.3499999999999983
2025-03-11,178.05,178.1,176.85,176.95,106800,17:25,17:20,True,73093.64285714286,1.461139379914806,3.4571428571428555
2025-03-12,175.1,175.8,174.65,175.8,64361,17:25,17:20,True,78347.0,0.8214864640637165,3.6964285714285694
2025-03-13,172.0,172.4,171.7,172.05,73907,17:25,17:20,True,79374.57142857143,0.9311168384261241,3.89642857142857
2025-03-14,171.1,171.4,170.4,171.2,54461,17:25,17:20,True,78733.14285714286,0.6917163220426322,3.8678571428571433
2025-03-17,174.1,174.5,173.5,173.7,37597,17:25,17:20,True,76819.35714285714,0.4894209141855057,3.9464285714285716
2025-03-18,175.1,175.45,175.05,175.35,26379,17:25,17:20,True,75463.0,0.3495620370247671,3.835714285714285
2025-03-19,175.35,175.4,174.65,174.85,51266,17:25,17:20,True,73255.0,0.6998293631834005,3.692857142857142
2025-03-20,174.7,175.2,174.5,174.55,39615,17:25,17:20,True,71550.92857142857,0.5536615777173702,3.64642857142857
2025-03-21,172.5,172.5,171.8,172.25,56916,17:25,17:20,True,70337.0,0.8091900422252868,3.7928571428571405
2025-03-24,172.65,172.95,172.3,172.45,47558,17:25,17:20,True,70264.85714285714,0.6768390619980725,3.6285714285714272
2025-03-25,171.9,172.8,171.9,172.7,57753,17:25,17:20,True,67251.07142857143,0.8587669872492737,3.2464285714285728
2025-03-26,173.75,173.85,173.3,173.7,43336,17:25,17:20,True,61192.57142857143,0.7081905366664488,2.907142857142856
2025-03-27,170.0,170.1,168.5,168.6,109888,17:25,17:20,True,55675.07142857143,1.9737379257964902,2.8714285714285706
2025-03-28,168.25,168.5,166.95,167.05,74073,17:25,17:20,True,58852.0,1.2586318221980561,2.8321428571428577
2025-03-31,166.25,166.3,165.3,165.85,127387,17:25,17:20,True,60279.28571428572,2.1132798521169316,2.817857142857142
2025-04-01,164.6,166.1,164.6,166.05,190111,17:25,17:20,True,61749.78571428572,3.0787313316298377,2.732142857142855
2025-04-02,153.8,154.05,153.05,153.75,224861,17:25,17:20,True,70731.92857142857,3.1790593659965647,2.6142857142857117
2025-04-03,149.6,149.95,148.4,149.05,153706,17:25,17:20,True,81514.35714285714,1.8856310150446767,3.56785714285714
2025-04-04,143.5,144.2,142.0,142.6,163852,17:25,17:20,True,88603.28571428571,1.8492767923795153,3.8321428571428555
2025-04-07,124.25,125.95,123.85,125.25,242437,17:25,17:20,True,97621.5,2.4834385867867224,4.521428571428572
2025-04-08,133.0,133.95,132.25,132.6,369437,17:25,17:20,True,113054.21428571429,3.267786188547972,5.321428571428574
2025-04-09,127.2,130.25,127.2,129.7,388048,17:25,17:20,True,135780.7142857143,2.8579021847201105,5.607142857142859
2025-04-10,143.0,143.2,141.6,142.2,575183,17:25,17:20,True,160668.7857142857,3.579929962393798,5.721428571428575
2025-04-11,136.65,136.8,136.25,136.25,119524,17:25,17:20,True,197687.85714285713,0.6046097202299441,6.5464285714285735
2025-04-14,140.5,140.6,139.8,140.5,136249,17:25,17:20,True,202828.2857142857,0.671745558170951,6.710714285714287
2025-04-15,143.4,143.55,142.9,143.3,79053,17:25,17:20,True,208435.14285714287,0.3792690566301542,7.050000000000002
2025-04-16,144.9,145.55,144.35,145.35,129196,17:25,17:20,True,210986.35714285713,0.612342910459004,7.107142857142859
2025-04-22,143.7,144.0,143.5,143.9,85141,17:25,17:20,True,212365.5,0.4009172864707309,7.089285714285716
2025-04-23,147.35,148.3,147.35,148.0,84492,17:25,17:20,True,213156.07142857142,0.39638561282226137,7.050000000000002
2025-04-24,147.5,147.95,147.25,147.6,32963,17:25,17:20,True,210092.14285714287,0.15689782374400346,6.989285714285716
2025-04-25,148.45,149.6,148.45,149.4,126649,17:25,17:20,True,198867.2857142857,0.6368518559757369,6.892857142857145
2025-04-28,149.8,150.75,149.8,150.6,35706,17:25,17:20,True,191852.14285714287,0.1861120729132926,5.95357142857143
2025-04-29,150.75,151.45,148.45,148.45,258951,17:25,17:20,True,183423.57142857142,1.4117651182080508,5.639285714285715
2025-05-02,154.7,156.35,154.55,155.25,337118,17:25,17:20,True,190216.35714285713,1.772287121169165,5.157142857142857
2025-05-05,153.6,154.15,153.6,153.9,33120,17:25,17:20,True,196979.2857142857,0.16813950705476646,4.807142857142856
2025-05-06,155.15,155.6,155.0,155.0,64838,17:25,17:20,True,172956.64285714287,0.37488007935927786,4.535714285714286
2025-05-07,151.9,152.95,151.9,152.75,49123,17:25,17:20,True,149870.2142857143,0.3277702659872852,4.489285714285712
2025-05-08,153.55,154.55,153.55,154.0,81631,17:25,17:20,True,112294.5,0.7269367600372235,3.682142857142856
2025-05-09,154.15,154.85,154.15,154.65,43147,17:25,17:20,True,109587.85714285714,0.39372062858893386,3.517857142857141
2025-05-12,155.85,158.05,155.7,157.0,76851,17:25,17:20,True,102937.71428571429,0.7465776808166935,3.153571428571427
2025-05-13,158.8,159.2,158.65,158.9,56275,17:25,17:20,True,102780.42857142857,0.5475264190097336,3.242857142857141
2025-05-14,157.5,158.0,157.45,157.9,42214,17:25,17:20,True,97571.78571428571,0.4326455613266423,3.2249999999999965
2025-05-15,157.5,158.65,157.5,158.55,30939,17:25,17:20,True,94505.57142857143,0.32737752422759653,3.153571428571427
2025-05-16,160.3,160.55,160.2,160.4,69133,17:25,17:20,True,90680.35714285714,0.762381205569012,3.135714285714284
2025-05-19,161.05,161.7,161.0,161.5,31453,17:25,17:20,True,93263.92857142857,0.3372472131699976,3.2285714285714255
2025-05-20,162.5,163.3,162.5,162.55,36681,17:25,17:20,True,86464.21428571429,0.42423331204734577,3.2357142857142844
2025-05-21,161.95,162.85,161.95,162.65,81557,17:25,17:20,True,86533.85714285714,0.9424865907151123,3.1964285714285694
2025-05-22,161.9,162.0,161.65,161.7,22035,17:25,17:20,True,73862.85714285714,0.29832314714528857,3.0821428571428555
2025-05-23,159.0,160.0,159.0,159.95,25993,17:25,17:20,True,51356.92857142857,0.5061245039965396,2.874999999999998
2025-05-26,159.75,160.2,159.65,160.2,54831,17:25,17:20,True,50847.857142857145,1.0783345273715705,3.1464285714285682
2025-05-27,160.8,160.9,160.45,160.9,32418,17:25,17:20,True,50133.07142857143,0.6466390164462296,3.0142857142857116
2025-05-30,160.2,160.85,159.85,160.75,95302,17:25,17:20,True,48939.857142857145,1.9473289372670244,2.9499999999999966
2025-06-02,161.25,162.7,161.1,162.25,167169,17:25,17:20,True,49916.357142857145,3.348982369077414,2.9285714285714244
2025-06-03,163.7,163.75,163.25,163.55,35278,17:25,17:20,True,58775.07142857143,0.600220453034632,3.0464285714285677
2025-06-04,163.0,163.55,162.9,163.5,74101,17:25,17:20,True,55805.57142857143,1.3278423301308881,2.885714285714282
2025-06-05,163.45,163.55,163.2,163.25,36236,17:25,17:20,True,57078.857142857145,0.6348410219445779,2.8357142857142827
2025-06-09,163.9,165.2,163.9,165.0,124443,17:25,17:20,True,56651.857142857145,2.19662701764915,2.8392857142857104
2025-06-10,165.1,165.4,165.1,165.35,53358,17:25,17:20,True,63330.71428571428,0.8425295782908316,2.8035714285714244
2025-06-11,165.05,166.05,164.95,165.85,55986,17:25,17:20,True,62203.92857142857,0.9000396162392131,2.67142857142857
2025-06-12,163.2,163.2,162.15,163.0,98538,17:25,17:20,True,63956.28571428572,1.540708609005258,2.6035714285714255
2025-06-13,162.25,163.0,162.25,162.75,94226,17:25,17:20,True,68374.64285714286,1.378083980590131,2.682142857142854
2025-06-16,163.0,163.45,162.9,163.35,46143,17:25,17:20,True,69279.57142857143,0.6660404943118667,2.7178571428571394
2025-06-17,163.3,163.75,163.25,163.3,32658,17:25,17:20,True,71001.57142857143,0.4599616507481725,2.4928571428571393
2025-06-18,162.75,163.2,162.75,163.2,34038,17:25,17:20,True,71477.64285714286,0.47620484726992557,2.249999999999998
2025-06-19,163.85,164.15,163.5,163.9,58183,17:25,17:20,True,69992.42857142857,0.8312756277719836,2.2071428571428555
2025-06-23,163.55,163.75,162.35,162.55,97947,17:25,17:20,True,71832.78571428571,1.363541717421114,2.1964285714285694
2025-06-24,165.6,166.5,165.1,166.25,164699,17:25,17:20,True,72021.71428571429,2.2867964423427853,2.242857142857141
2025-06-25,165.55,165.55,164.9,165.55,41694,17:25,17:20,True,71845.28571428571,0.5803303527222186,2.29642857142857
2025-06-26,164.55,165.3,164.55,164.85,46633,17:25,17:20,True,72303.57142857143,0.6449612249938256,2.2392857142857117
2025-06-27,164.3,164.3,163.85,164.0,19319,17:25,17:20,True,70341.57142857143,0.27464555607230834,2.3035714285714284
2025-06-30,166.7,166.95,166.3,166.55,29505,17:25,17:20,True,69133.21428571429,0.4267847272088566,2.4214285714285717
2025-07-01,165.3,165.7,165.0,165.2,46426,17:25,17:20,True,62351.92857142857,0.7445800164274905,2.460714285714285
2025-07-02,164.9,165.3,164.75,164.95,27449,17:25,17:20,True,61856.78571428572,0.4437508299701499,2.5999999999999965
2025-07-03,166.45,166.5,166.0,166.05,32701,17:25,17:20,True,59818.42857142857,0.5466709972321,2.69285714285714
2025-07-04,166.95,167.05,166.5,166.75,43344,17:25,17:20,True,55115.78571428572,0.7864171659402738,2.632142857142855
2025-07-07,165.0,165.4,165.0,165.35,20688,17:25,17:20,True,51481.357142857145,0.40185420797265026,2.557142857142856
2025-07-08,166.15,166.15,165.4,165.5,29736,17:25,17:20,True,49663.142857142855,0.5987538904965454,2.5392857142857133
2025-07-09,166.05,166.6,166.05,166.55,97670,17:25,17:20,True,49454.42857142857,1.974949520626493,2.492857142857141
2025-07-10,168.0,168.05,167.7,167.85,26746,17:25,17:20,True,53999.57142857143,0.49530022725048084,2.5249999999999977
2025-07-11,167.8,168.15,167.5,167.85,31050,17:25,17:20,True,51754.07142857143,0.5999527987446123,2.5928571428571394
2025-07-14,164.2,164.2,163.4,163.9,49022,17:25,17:20,True,46975.71428571428,1.0435605023872518,2.7285714285714255
2025-07-15,166.1,166.9,166.0,166.6,99305,17:25,17:20,True,38713.07142857143,2.565154257605866,2.596428571428569
2025-07-16,169.5,169.5,166.1,167.8,316607,17:25,17:20,True,42828.142857142855,7.3924989242720915,2.6035714285714278
2025-07-17,164.25,165.05,163.0,164.85,199861,17:25,17:20,True,62112.0,3.2177518031942296,2.9392857142857127
2025-07-18,165.25,165.9,165.15,165.4,62531,17:25,17:20,True,75007.85714285714,0.8336593309272362,2.932142857142854
2025-07-21,166.3,166.35,165.5,166.25,77345,17:25,17:20,True,77366.85714285714,0.9997174870007091,2.9464285714285694
2025-07-22,167.45,167.85,167.45,167.6,27233,17:25,17:20,True,79575.35714285714,0.3422290640946811,2.8999999999999995
2025-07-23,168.5,168.95,168.5,168.75,93325,17:25,17:20,True,79559.92857142857,1.1730151305529795,2.8357142857142827
2025-07-24,171.5,171.85,171.25,171.4,133702,17:25,17:20,True,83890.21428571429,1.5937734947801676,2.924999999999997
2025-07-25,171.0,171.2,170.6,170.65,97751,17:25,17:20,True,90344.35714285714,1.0819823516529217,2.9285714285714244
2025-07-28,172.45,172.8,172.2,172.35,57027,17:25,17:20,True,95848.85714285714,0.5949679704057876,2.935714285714281
2025-07-29,170.3,171.0,170.2,170.85,33940,17:25,17:20,True,97798.21428571429,0.34704110139317473,2.999999999999996
2025-07-30,171.0,171.675,171.0,171.6,122362,17:25,17:20,True,93246.07142857143,1.3122483137933807,3.017857142857141
2025-07-31,173.8,173.95,173.0,173.0,44175,17:25,17:20,True,100075.78571428571,0.4414154701329921,3.0607142857142855
2025-08-01,170.1,170.35,169.1,169.2,137800,17:25,17:20,True,101013.28571428571,1.364176989448347,2.942857142857142
2025-08-04,169.7,170.45,169.6,170.35,44346,17:25,17:20,True,107354.57142857143,0.4130797544052951,3.074999999999999
2025-08-05,172.85,172.85,172.3,172.4,27564,17:25,17:20,True,103428.92857142857,0.26650184218977147,3.135714285714284
2025-08-06,172.45,172.75,172.45,172.6,24818,17:25,17:20,True,82783.0,0.29979585180532237,2.7357142857142827
2025-08-07,173.1,173.8,173.1,173.6,38787,17:25,17:20,True,70279.92857142857,0.5518929911913482,2.632142857142855
2025-08-08,174.6,175.05,174.6,174.85,26233,17:25,17:20,True,68583.92857142857,0.38249485770823033,2.5714285714285694
2025-08-11,176.0,176.8,175.85,176.55,72926,17:25,17:20,True,64933.07142857143,1.1230948790127857,2.499999999999998
2025-08-12,177.0,177.45,176.9,177.4,54418,17:25,17:20,True,68196.85714285714,0.7979546606672281,2.4642857142857144
2025-08-13,178.2,178.4,177.7,177.85,44411,17:25,17:20,True,65417.78571428572,0.6788826542366699,2.3500000000000005
2025-08-14,179.2,179.8,179.2,179.5,50251,17:25,17:20,True,59039.857142857145,0.8511368833161133,2.346428571428571
2025-08-15,181.0,181.65,181.0,181.05,56643,17:25,17:20,True,55647.0,1.017898539004798,2.300000000000001
2025-08-18,180.0,180.3,179.1,179.25,48089,17:25,17:20,True,55619.57142857143,0.86460572717209,2.2357142857142867
2025-08-19,178.2,178.85,178.2,178.75,22799,17:25,17:20,True,56630.21428571428,0.4025942738795419,2.2107142857142867
2025-08-20,177.2,177.5,177.05,177.35,28883,17:25,17:20,True,49518.57142857143,0.5832761157430113,2.096428571428571
2025-08-21,177.9,177.95,177.55,177.55,20315,17:25,17:20,True,48426.28571428572,0.4195035753899889,2.0464285714285717
2025-08-22,177.85,178.15,177.85,177.85,17412,17:25,17:20,True,40034.5,0.4349248772933345,1.8571428571428572
2025-08-25,179.65,179.9,179.2,179.7,36580,17:25,17:20,True,38110.642857142855,0.9598368659673245,1.8714285714285706
2025-08-26,178.45,178.6,177.35,177.5,82345,17:25,17:20,True,38754.642857142855,2.1247776764074353,1.796428571428572
2025-08-27,177.6,177.95,177.4,177.45,40069,17:25,17:20,True,42863.71428571428,0.9347999973337422,1.9785714285714298
2025-08-28,176.0,176.25,175.85,176.1,31289,17:25,17:20,True,42955.28571428572,0.7284086109475966,2.0714285714285716
2025-08-29,174.5,174.5,173.75,174.25,48806,17:25,17:20,True,43316.42857142857,1.1267318569331992,2.1392857142857133
2025-09-01,175.25,176.0,175.25,175.55,35320,17:25,17:20,True,41593.57142857143,0.8491696862495922,2.199999999999999
2025-09-02,177.45,177.7,177.15,177.6,29303,17:25,17:20,True,40229.42857142857,0.7283971222204072,2.210714285714285
2025-09-03,175.0,175.85,175.0,175.3,58034,17:25,17:20,True,39150.28571428572,1.4823391181235677,2.267857142857143
2025-09-04,175.15,175.25,174.65,175.0,55837,17:25,17:20,True,39706.21428571428,1.4062534292041369,2.2892857142857133
2025-09-05,177.3,177.6,177.2,177.35,36805,17:25,17:20,True,39648.642857142855,0.9282789358670177,2.339285714285712
2025-09-08,176.4,176.65,176.15,176.15,63514,17:25,17:20,True,38842.642857142855,1.6351616503952762,2.2964285714285677
2025-09-09,177.05,177.65,177.05,177.6,65785,17:25,17:20,True,41750.857142857145,1.575656273951604,2.3249999999999966
2025-09-10,177.55,177.9,176.85,177.35,43410,17:25,17:20,True,44386.71428571428,0.9779953460977706,2.3892857142857116
2025-09-11,179.0,179.15,178.6,178.6,24847,17:25,17:20,True,46036.357142857145,0.5397255895573219,2.4571428571428555
2025-09-12,179.5,179.7,179.2,179.7,15340,17:25,17:20,True,46567.42857142857,0.3294147963628778,2.328571428571426
2025-09-15,181.3,181.6,180.95,181.2,53985,17:25,17:20,True,45050.28571428572,1.1983275831451836,2.3964285714285682
2025-09-16,182.0,182.25,181.1,181.3,34461,17:25,17:20,True,43024.57142857143,0.800960912701048,2.278571428571425
2025-09-17,181.0,181.2,180.75,180.85,26104,17:25,17:20,True,42624.0,0.612424924924925,2.2285714285714278
2025-09-18,182.7,183.15,182.5,182.7,74042,17:25,17:20,True,42253.642857142855,1.7523222849762743,2.22857142857143
2025-09-19,180.35,180.65,179.9,180.0,47259,17:25,17:20,True,44056.21428571428,1.0726977060152048,2.346428571428573
2025-09-22,182.5,182.8,182.05,182.4,107782,17:25,17:20,True,44909.0,2.4000089069006214,2.528571428571431
2025-09-23,181.9,182.15,181.35,181.6,52056,17:25,17:20,True,50514.642857142855,1.0305130761236134,2.471428571428575
2025-09-24,184.3,184.35,183.45,183.5,73040,17:25,17:20,True,50087.642857142855,1.4582439067520219,2.692857142857146
2025-09-25,182.05,182.2,181.15,181.15,34178,17:25,17:20,True,51316.42857142857,0.6660245257018776,2.7142857142857184
2025-09-26,183.3,183.8,183.3,183.65,56758,17:25,17:20,True,51128.78571428572,1.1100987282813846,2.7535714285714334
2025-09-29,185.7,186.35,185.3,185.55,50917,17:25,17:20,True,50646.21428571428,1.0053466131300182,2.882142857142863
2025-09-30,185.15,185.4,184.9,185.1,35200,17:25,17:20,True,49584.21428571428,0.7099033534578257,2.7928571428571485
2025-10-01,183.55,184.2,183.4,183.7,43747,17:25,17:20,True,48997.78571428572,0.8928362651956575,2.8464285714285773
2025-10-02,185.45,186.0,185.15,185.45,42794,17:25,17:20,True,50347.78571428572,0.8499678663694955,2.989285714285722
2025-10-03,183.5,184.45,183.5,184.4,48829,17:25,17:20,True,52308.78571428572,0.9334760754475825,3.075000000000009
2025-10-06,184.45,184.6,182.95,183.4,72118,17:25,17:20,True,51940.5,1.3884733493131565,3.092857142857152
2025-10-07,186.25,186.5,185.55,185.75,23141,17:25,17:20,True,54630.28571428572,0.4235928788845538,3.2285714285714358
2025-10-08,183.95,184.7,183.85,184.6,31275,17:25,17:20,True,54418.642857142855,0.5747111349708149,3.2535714285714357
2025-10-09,181.95,182.9,181.95,182.7,20120,17:25,17:20,True,51363.857142857145,0.39171513042801076,3.33928571428572
2025-10-10,183.4,184.1,183.3,183.95,20304,17:25,17:20,True,49425.357142857145,0.41080128043008574,3.142857142857149
2025-10-13,183.05,183.7,182.6,182.75,105795,17:25,17:20,True,43176.92857142857,2.4502669249615785,3.1464285714285762
2025-10-14,180.0,180.45,178.6,179.0,147127,17:25,17:20,True,47015.42857142857,3.1293344434045967,3.046428571428578
2025-10-15,181.85,182.1,181.65,181.85,38904,17:25,17:20,True,52307.357142857145,0.7437577068508527,3.103571428571434
2025-10-16,181.85,182.9,181.5,182.15,155842,17:25,17:20,True,52644.92857142857,2.9602471544538953,3.0428571428571467
2025-10-17,179.35,179.4,178.15,178.8,135105,17:25,17:20,True,59722.357142857145,2.2622181451550207,2.9678571428571456
2025-10-20,181.7,181.7,181.0,181.35,62808,17:25,17:20,True,65735.78571428571,0.9554613110275878,3.132142857142859
2025-10-21,181.6,182.15,181.35,181.5,48156,17:25,17:20,True,67707.78571428571,0.7112328293116745,3.0464285714285717
2025-10-22,181.35,182.55,181.2,182.4,111624,17:25,17:20,True,68022.71428571429,1.6409812688618717,2.9357142857142855
2025-10-23,179.05,181.4,178.7,180.85,208179,17:25,17:20,True,72939.14285714286,2.854146509614669,2.846428571428569
2025-10-24,181.3,181.65,180.35,180.65,37582,17:25,17:20,True,84321.28571428571,0.4457000350699451,3.1214285714285706
2025-10-27,181.55,182.0,180.7,180.85,54184,17:25,17:20,True,81854.42857142857,0.6619556320366644,3.0071428571428567
2025-10-28,181.9,182.0,181.4,181.7,29131,17:25,17:20,True,84071.78571428571,0.34650150169285604,2.9857142857142844
2025-10-29,182.0,182.4,181.95,182.05,28210,17:25,17:20,True,83918.64285714286,0.3361589158206801,2.682142857142856
2025-10-30,181.6,181.65,180.65,180.7,27681,17:25,17:20,True,84496.5,0.32759936802116063,2.692857142857142
2025-11-03,181.15,181.4,180.5,181.25,69573,17:25,17:20,True,85023.42857142857,0.8182803395366656,2.6964285714285694
2025-11-04,179.7,179.75,178.7,178.9,66206,17:25,17:20,True,82436.14285714286,0.8031186043569655,2.664285714285711
2025-11-05,180.15,180.15,179.1,179.3,28793,17:25,17:20,True,76656.07142857143,0.37561277878464566,2.682142857142854
2025-11-06,181.4,182.25,181.35,181.45,46922,17:25,17:20,True,75933.85714285714,0.617932523982338,2.7249999999999983
2025-11-07,183.1,183.65,182.95,183.0,37951,17:25,17:20,True,68153.85714285714,0.556843025339725,2.7285714285714278
2025-11-10,182.0,182.25,181.75,182.05,51445,17:25,17:20,True,61214.28571428572,0.8404084014002333,2.760714285714286
2025-11-11,182.5,182.9,182.25,182.7,20824,17:25,17:20,True,60402.642857142855,0.34475312693271465,2.778571428571429
2025-11-12,184.85,185.5,184.75,185.4,28342,17:25,17:20,True,58450.357142857145,0.4848901082114859,2.8035714285714284
2025-11-13,186.8,187.1,186.65,187.05,38358,17:25,17:20,True,52501.642857142855,0.7306057089369993,2.892857142857143
2025-11-14,185.55,185.6,184.9,184.95,32559,17:25,17:20,True,40371.57142857143,0.806483345777262,2.5392857142857133
2025-11-17,182.75,182.75,182.25,182.75,32353,17:25,17:20,True,40012.78571428572,0.8085665474785737,2.742857142857141
2025-11-18,179.25,179.35,178.2,178.4,68809,17:25,17:20,True,38453.42857142857,1.7894113101562557,2.7642857142857116
2025-11-19,176.7,176.75,176.4,176.75,38850,17:25,17:20,True,41287.57142857143,0.9409611332362212,3.078571428571426
2025-11-20,178.35,179.0,178.35,178.8,72822,17:25,17:20,True,42047.57142857143,1.731895506110426,3.0928571428571394
2025-11-21,178.0,178.0,176.4,177.05,48027,17:25,17:20,True,45271.92857142857,1.0608560650166374,3.182142857142854
2025-11-25,181.45,182.1,181.3,181.5,31475,17:25,17:20,True,43732.92857142857,0.7197094049759825,3.221428571428569
2025-11-26,184.0,184.2,183.25,183.7,44220,17:25,17:20,True,41252.142857142855,1.0719443145810608,3.249999999999998
2025-11-27,185.7,186.6,185.4,185.4,66964,17:25,17:20,True,42354.07142857143,1.581052251680982,3.328571428571426
2025-11-28,187.65,187.95,187.5,187.85,21956,17:25,17:20,True,43785.642857142855,0.5014429061058827,3.3428571428571394
2025-12-01,187.75,187.9,187.45,187.7,36427,17:25,17:20,True,42643.142857142855,0.8542287823867177,3.174999999999997
2025-12-02,189.9,189.9,189.5,189.6,21897,17:25,17:20,True,41570.42857142857,0.526744629595901,3.124999999999998
2025-12-03,190.0,190.05,189.3,189.5,22858,17:25,17:20,True,41647.07142857143,0.5488501163690124,3.0928571428571416
2025-12-04,189.3,189.55,187.75,187.75,57226,17:25,17:20,True,41255.357142857145,1.3871168246548067,2.9964285714285728
2025-12-05,188.8,189.2,188.8,188.95,41713,17:25,17:20,True,42603.07142857143,0.979107810805056,3.0857142857142867
2025-12-08,188.55,188.65,188.15,188.3,46768,17:25,17:20,True,43256.92857142857,1.081167839338702,2.8214285714285734
2025-12-09,189.3,189.6,189.25,189.55,21412,17:25,17:20,True,44286.57142857143,0.48348741637258635,2.8000000000000034
2025-12-10,188.3,188.5,188.0,188.2,27838,17:25,17:20,True,40901.07142857143,0.680617867153323,2.528571428571431
2025-12-11,190.0,190.0,189.45,189.8,27620,17:25,17:20,True,40114.5,0.6885290854927769,2.5250000000000017
2025-12-12,193.9,193.9,193.2,193.5,39911,17:25,17:20,True,36885.78571428572,1.0820157203413625,2.5071428571428607
2025-12-15,190.65,191.45,190.65,190.95,43799,17:25,17:20,True,36306.07142857143,1.2063822461807845,2.5892857142857184
2025-12-16,190.7,190.9,190.4,190.5,29256,17:25,17:20,True,37186.357142857145,0.7867401447151317,2.414285714285719
2025-12-17,188.8,189.45,188.8,189.05,62972,17:25,17:20,True,36117.5,1.7435315290371705,2.342857142857148
2025-12-18,189.2,189.3,188.2,188.4,61382,17:25,17:20,True,35832.357142857145,1.7130327138480184,2.3285714285714323
2025-12-19,191.35,192.25,191.35,191.85,51415,17:25,17:20,True,38648.5,1.3303232984462527,2.4250000000000034
2025-12-22,192.75,192.75,191.8,192.0,27655,17:25,17:20,True,39719.07142857143,0.6962650184240389,2.51071428571429
2025-12-23,193.15,193.2,192.9,192.95,18138,17:25,17:20,True,40130.357142857145,0.451977039113603,2.517857142857147
2025-12-29,193.1,193.5,192.8,192.9,73420,17:25,17:20,True,39793.21428571428,1.845038188492295,2.528571428571431
2025-12-30,193.45,193.65,193.2,193.65,14732,17:25,17:20,True,40949.92857142857,0.359756427274424,2.382142857142859
2026-01-02,195.55,195.55,195.05,195.5,50188,17:25,17:20,True,39022.71428571428,1.286122734378146,2.425000000000001
2026-01-07,201.6,201.6,197.1,197.7,493989,17:25,17:20,True,39267.0,12.580258232103294,2.5464285714285717
2026-01-08,196.4,196.5,196.0,196.5,33415,17:25,17:20,True,73022.5,0.4575986853367113,2.8214285714285716
2026-01-09,198.65,198.65,198.0,198.55,36378,17:25,17:20,True,73420.85714285714,0.495472286971783,2.8999999999999995
2026-01-12,197.9,197.9,196.7,196.75,37656,17:25,17:20,True,74046.42857142857,0.5085457965562148,2.8714285714285706
2026-01-13,200.0,200.8,199.95,200.4,42122,17:25,17:20,True,73885.35714285714,0.5700994301016536,2.782142857142856
2026-01-14,200.7,201.0,200.2,200.7,32537,17:25,17:20,True,73765.57142857143,0.4410865308825836,2.785714285714284
2026-01-15,201.0,202.1,201.0,201.1,65550,17:25,17:20,True,73999.92857142857,0.8858116658413764,2.732142857142855
2026-01-16,202.1,202.4,201.8,202.1,59046,17:25,17:20,True,74184.07142857143,0.7959390589238929,2.710714285714285
2026-01-19,197.15,198.0,195.7,196.55,206398,17:25,17:20,True,74017.21428571429,2.7885134828674025,2.5999999999999983
2026-01-20,196.05,196.45,195.75,196.25,41758,17:25,17:20,True,85087.42857142857,0.4907658005547236,2.807142857142856
2026-01-21,195.85,196.2,195.65,195.95,50049,17:25,17:20,True,86094.78571428571,0.5813244040828754,2.857142857142855
2026-01-22,202.0,202.8,202.0,202.0,58232,17:25,17:20,True,88374.14285714286,0.6589257685263467,3.078571428571426
2026-01-23,202.6,202.6,201.5,202.0,44094,17:25,17:20,True,87289.28571428571,0.5051479072051062,3.328571428571426
2026-01-26,200.5,201.2,200.2,201.1,36330,17:25,17:20,True,89386.57142857143,0.4064368888903095,3.2749999999999977
2026-01-27,202.7,202.9,202.25,202.5,46652,17:25,17:20,True,88396.71428571429,0.5277571726163061,3.2142857142857144
2026-01-28,204.0,204.0,203.4,203.8,32302,17:25,17:20,True,56444.07142857143,0.5722833095213087,3.0035714285714294
2026-01-29,195.0,195.05,192.6,193.25,327186,17:25,17:20,True,56364.57142857143,5.804816602120886,2.9571428571428595
2026-01-30,190.0,191.15,189.9,190.9,81935,17:25,17:20,True,77136.57142857143,1.0622069205638978,3.7892857142857173
2026-02-02,189.95,190.85,188.95,190.75,173866,17:25,17:20,True,80299.35714285714,2.1652228135610407,3.964285714285716
2026-02-03,196.6,197.75,196.45,197.6,75392,17:25,17:20,True,89709.64285714286,0.8404001799456182,4.339285714285718
2026-02-04,198.0,198.45,197.35,198.1,109663,17:25,17:20,True,92770.71428571429,1.182086403498641,4.528571428571433
2026-02-05,200.1,200.1,199.25,199.4,64052,17:25,17:20,True,95921.64285714286,0.6677533671456539,4.750000000000006
2026-02-06,194.35,195.5,194.2,195.3,31004,17:25,17:20,True,96279.21428571429,0.32202173885625807,5.189285714285721
2026-02-09,198.5,198.65,198.0,198.35,46040,17:25,17:20,True,83751.07142857143,0.549724310563191,5.128571428571433
2026-02-10,196.4,196.85,196.25,196.6,31411,17:25,17:20,True,84056.92857142857,0.37368722048067765,5.225000000000007
2026-02-11,194.75,195.5,194.75,195.35,131272,17:25,17:20,True,82725.64285714286,1.5868356590070967,5.064285714285723
2026-02-12,194.6,194.8,194.2,194.65,39699,17:25,17:20,True,87942.78571428571,0.451418495304171,4.935714285714296
2026-02-13,191.2,191.55,190.6,191.15,44613,17:25,17:20,True,87628.85714285714,0.5091131101626666,5.0571428571428685
2026-02-16,190.0,191.0,190.0,191.0,54013,17:25,17:20,True,88220.5,0.6122499872478618,5.25000000000001
2026-02-17,191.0,192.3,191.0,192.15,25986,17:25,17:20,True,88746.28571428571,0.29281225451688925,5.342857142857151
2026-02-18,193.6,194.55,193.5,194.4,35807,17:25,17:20,True,88295.14285714286,0.40553759630848485,5.3464285714285795
2026-02-19,196.0,196.1,194.75,194.95,35608,17:25,17:20,True,67482.35714285714,0.5276638444122432,4.485714285714293
2026-02-20,194.1,194.35,193.7,194.05,39991,17:25,17:20,True,64173.28571428572,0.6231720809504622,4.292857142857149
2026-02-23,196.5,197.0,195.85,196.1,65867,17:25,17:20,True,54610.78571428572,1.2061170543233872,4.021428571428577
2026-02-24,194.6,194.75,193.65,193.8,64139,17:25,17:20,True,53930.42857142857,1.189291494597537,3.939285714285719
2026-02-25,194.0,195.8,193.6,195.8,88833,17:25,17:20,True,50678.71428571428,1.7528660948101626,3.732142857142861
2026-02-26,195.5,196.45,195.4,196.45,180942,17:25,17:20,True,52448.78571428572,3.449879678543559,3.4107142857142896
2026-02-27,195.85,195.85,195.05,195.4,38096,17:25,17:20,True,63158.642857142855,0.603179521861616,3.1964285714285756
2026-03-02,188.0,188.4,186.0,188.1,55547,17:25,17:20,True,62591.21428571428,0.8874568201607483,3.18214285714286
2026-03-03,188.15,188.2,186.4,186.65,102076,17:25,17:20,True,64315.21428571428,1.5871205768908268,3.4571428571428595
2026-03-04,184.15,184.6,183.75,184.3,81371,17:25,17:20,True,62229.78571428572,1.3075892688044424,3.785714285714288
2026-03-05,185.05,185.05,183.7,183.7,55704,17:25,17:20,True,65206.357142857145,0.8542725347769553,3.739285714285714
2026-03-06,185.5,186.45,185.45,185.7,31815,17:25,17:20,True,65998.57142857143,0.48205588865559856,3.578571428571426
2026-03-09,181.5,181.5,179.45,179.95,192556,17:25,17:20,True,64413.0,2.9893965503857918,3.6107142857142844
2026-03-10,187.35,189.2,187.35,189.2,57822,17:25,17:20,True,76310.85714285714,0.7577165578386149,3.7357142857142867
2026-03-11,187.2,187.2,186.3,186.6,33280,17:25,17:20,True,77883.35714285714,0.4273056686418426,4.007142857142857
2026-03-12,187.0,187.0,186.0,186.3,22048,17:25,17:20,True,77717.07142857143,0.2836957131132248,3.9964285714285728
2026-03-13,182.9,183.15,182.15,182.85,49874,17:25,17:20,True,76435.42857142857,0.6524984674272215,4.021428571428572
2026-03-16,183.05,183.9,183.0,183.8,51637,17:25,17:20,True,75293.07142857143,0.6858134356889222,4.042857142857143
2026-03-17,184.0,184.75,183.8,184.0,33831,17:25,17:20,True,74400.07142857143,0.45471730537893107,4.114285714285714
2026-03-18,186.6,187.55,186.6,187.55,22597,17:25,17:20,True,70471.35714285714,0.3206550989814504,4.182142857142856
2026-03-19,184.55,184.55,182.8,183.0,80892,17:25,17:20,True,59161.0,1.3673196869559339,4.3321428571428555
2026-03-20,183.1,183.85,183.1,183.35,52921,17:25,17:20,True,62217.857142857145,0.8505757419206704,4.42142857142857
2026-03-23,175.0,175.0,173.3,174.85,105192,17:25,17:20,True,62030.28571428572,1.695816789955137,4.353571428571426
2026-03-24,179.5,179.55,178.95,179.2,49485,17:25,17:20,True,62252.857142857145,0.7949032746632397,4.449999999999997
2026-03-25,169.0,170.85,169.0,170.8,130379,17:25,17:20,True,59975.28571428572,2.173878764348172,4.489285714285712
2026-03-26,171.05,171.15,170.4,171.15,47847,17:25,17:20,True,65309.21428571428,0.7326225024034019,4.874999999999998
2026-03-27,171.0,171.55,170.25,170.3,40900,17:25,17:20,True,66454.35714285714,0.6154600203576891,4.742857142857139
2026-03-30,170.5,170.75,169.1,169.6,49934,17:25,17:20,True,55621.78571428572,0.8977417635690024,4.614285714285709
2026-03-31,170.95,173.2,170.8,171.5,107634,17:25,17:20,True,55058.357142857145,1.9549075850688296,4.539285714285711
2026-04-01,177.5,178.3,176.85,177.3,128713,17:25,17:20,True,60369.357142857145,2.132091612229951,4.5607142857142815
2026-04-07,177.25,177.85,177.05,177.35,99757,17:25,17:20,True,67988.28571428571,1.4672674704465896,4.728571428571423
2026-04-08,182.45,182.9,181.25,182.5,149303,17:25,17:20,True,71551.35714285714,2.0866550399862636,4.714285714285713
2026-04-09,180.1,180.6,178.5,178.6,120049,17:25,17:20,True,78527.5,1.5287510744643595,5.0607142857142815
2026-04-10,179.8,180.15,179.55,179.55,29353,17:25,17:20,True,84685.92857142857,0.34661012160056953,5.132142857142853
2026-04-13,180.0,180.0,178.95,179.5,80837,17:25,17:20,True,85168.5,0.9491419949864093,5.114285714285709
2026-04-14,184.2,184.3,183.7,183.9,28023,17:25,17:20,True,85164.57142857143,0.32904527704343856,5.057142857142854
2026-04-15,185.65,185.65,184.6,184.95,70105,17:25,17:20,True,83386.14285714286,0.8407272191508353,4.864285714285712
2026-04-16,186.0,187.0,184.8,184.95,44999,17:25,17:20,True,80879.92857142857,0.5563679493146366,4.374999999999998
2026-04-17,183.15,183.25,182.35,183.0,52288,17:25,17:20,True,80559.5,0.6490606322035266,4.41785714285714
2026-04-20,183.05,183.2,182.3,182.85,47291,17:25,17:20,True,74981.57142857143,0.6307016390694093,4.060714285714285
2026-04-21,182.55,183.25,182.55,183.0,16716,17:25,17:20,True,74941.85714285714,0.223052919120156,4.132142857142859
2026-04-22,183.5,184.05,183.4,183.85,20792,17:25,17:20,True,73214.42857142857,0.28398773856051013,4.064285714285715
2026-04-23,181.0,181.0,179.75,179.95,54743,17:25,17:20,True,71132.85714285714,0.7695880947121081,3.875000000000002
2026-04-24,179.1,179.4,178.55,179.1,30600,17:25,17:20,True,67354.92857142857,0.45430973870827146,3.785714285714288
2026-04-27,178.4,178.75,178.2,178.35,36492,17:25,17:20,True,60346.857142857145,0.6047042336208773,3.5428571428571445
2026-04-28,179.9,179.9,179.15,179.35,39070,17:25,17:20,True,55827.92857142857,0.6998289386648515,3.449999999999999
2026-04-29,177.3,179.75,176.9,178.7,97315,17:25,17:20,True,47954.142857142855,2.029334572612526,3.0535714285714284
2026-05-04,181.0,181.15,180.45,180.7,111355,17:25,17:20,True,46330.28571428572,2.403503416463159,3.039285714285715
2026-05-05,178.1,178.7,177.75,177.75,54656,17:25,17:20,True,52187.57142857143,1.0472991653732553,3.1214285714285728
2026-05-06,181.65,182.25,181.5,182.0,56766,17:25,17:20,True,50317.5,1.1281562080787002,3.0464285714285717
2026-05-07,183.5,183.65,183.0,183.1,49567,17:25,17:20,True,52370.57142857143,0.9464666633932907,3.2642857142857133
2026-05-08,179.9,179.9,179.0,179.9,37378,17:25,17:20,True,50903.57142857143,0.7342903248438926,3.3035714285714284
2026-05-11,180.7,180.7,180.15,180.15,30048,17:25,17:20,True,50359.21428571428,0.596673328331175,3.192857142857144
2026-05-12,180.5,180.5,179.15,179.7,39123,17:25,17:20,True,48770.642857142855,0.8021833977993201,3.0607142857142873
2026-05-15,180.2,180.25,179.0,179.75,118472,17:25,17:20,True,48187.21428571428,2.458577482764397,3.0535714285714284
2026-05-18,178.15,178.4,177.5,178.325,35272,17:25,17:20,True,55455.5,0.6360415107608803,3.0857142857142867
2026-05-19,181.0,181.8,181.0,181.525,29882,17:25,17:20,True,56489.78571428572,0.5289805868823314,3.221428571428571
2026-05-20,180.9,180.9,180.3,180.8,38675,17:25,17:20,True,54714.0,0.7068574770625434,3.239285714285714
2026-05-21,183.85,184.75,183.6,184.55,55207,17:25,17:20,True,55290.78571428572,0.9984846351303691,3.4178571428571423
2026-05-22,185.65,186.0,185.55,185.65,34260,17:25,17:20,True,56627.57142857143,0.6050056383437649,3.4571428571428577
2026-05-25,187.9,188.75,187.8,188.75,46126,17:25,17:20,True,56284.0,0.8195224220027005,3.4392857142857145
2026-05-26,190.5,190.9,190.15,190.2,44452,17:25,17:20,True,52627.642857142855,0.8446511678409093,3.357142857142859
2026-05-27,186.2,186.95,186.2,186.6,34483,17:25,17:20,True,47848.857142857145,0.7206650703703924,3.3500000000000023
2026-05-28,185.7,185.7,184.8,185.35,25799,17:25,17:20,True,46407.92857142857,0.5559179388989873,3.242857142857145
2026-05-29,184.35,184.75,184.2,184.5,27047,17:25,17:20,True,44196.0,0.6119784595891031,3.007142857142859
2026-06-01,184.2,184.35,183.65,184.15,25836,17:25,17:20,True,42587.42857142857,0.606657900386432,2.9500000000000006
2026-06-02,182.5,182.6,182.0,182.4,58803,17:25,17:20,True,41763.0,1.4080166654694346,2.9750000000000005
2026-06-03,181.75,181.85,181.35,181.75,22987,17:25,17:20,True,43816.92857142857,0.5246145895992579,3.017857142857141
2026-06-04,180.95,181.45,180.85,181.4,19418,17:25,17:20,True,42664.357142857145,0.4551340111602023,2.9357142857142855
2026-06-05,184.65,185.8,184.45,185.45,181258,17:25,17:20,True,35589.07142857143,5.093080339670887,2.89642857142857
2026-06-08,184.0,184.0,182.55,183.0,49525,17:25,17:20,True,46016.642857142855,1.076241049433978,2.9178571428571423
2026-06-09,183.0,183.45,183.0,183.45,29427,17:25,17:20,True,47419.71428571428,0.6205646837662455,3.007142857142859
2026-06-10,182.5,183.35,182.45,183.3,17141,17:25,17:20,True,46759.142857142855,0.3665807145432215,2.7821428571428606
2026-06-11,183.35,183.55,183.2,183.35,13282,17:25,17:20,True,44040.142857142855,0.3015884858294868,2.8000000000000034
2026-06-12,185.5,186.5,185.5,186.25,72843,17:25,17:20,True,42541.71428571428,1.712272324306899,2.789285714285719
2026-06-15,191.1,192.5,191.1,192.2,76172,17:25,17:20,True,44450.07142857143,1.7136530392848477,2.950000000000003
2026-06-16,193.5,193.5,193.0,193.35,20349,17:25,17:20,True,46715.78571428572,0.43559151770355997,2.914285714285715
2026-06-17,193.2,193.5,192.85,192.9,74544,17:25,17:20,True,45706.21428571428,1.6309379624840012,2.9392857142857145
2026-06-18,193.5,195.3,193.45,195.15,55990,17:25,17:20,True,49188.0,1.1382857607546557,3.000000000000002
2026-06-22,195.45,196.0,194.15,195.05,127432,17:25,17:20,True,51255.357142857145,2.4862181653485695,3.125
2026-06-23,195.0,195.1,194.5,194.5,41026,17:25,17:20,True,58512.21428571428,0.701152750768765,3.1000000000000005
2026-06-24,192.7,193.0,192.5,192.6,26441,17:25,17:20,True,57242.42857142857,0.46191261726441674,3.0821428571428595
2026-06-25,190.15,190.6,189.85,190.4,35140,17:25,17:20,True,57489.142857142855,0.6112458501481025,3.153571428571429
2026-06-26,189.9,190.2,189.2,189.9,48634,17:25,17:20,True,58612.142857142855,0.8297598011138599,3.142857142857143
2026-06-29,190.95,191.05,190.05,190.35,25711,17:25,17:20,True,49139.0,0.5232300209609475,2.9178571428571423
