date,bar1_open,bar1_high,bar1_low,bar1_close,bar1_volume,last_available_bar_time,exit_time,is_full_day,avg_volume_14d,relative_volume,atr_14d
2009-02-02,69.5,69.5,69.0,69.0,63128,17:25,17:15,True,,,
2009-02-03,68.0,68.25,67.75,67.75,71697,17:25,17:15,True,,,
2009-02-04,71.75,71.75,71.75,71.75,39364,17:25,17:15,True,,,
2009-02-05,76.5,76.75,76.0,76.0,29003,17:25,17:15,True,,,
2009-02-06,77.25,77.5,77.25,77.5,22302,17:25,17:15,True,,,
2009-02-09,82.0,82.25,82.0,82.0,18114,17:25,17:15,True,,,
2009-02-10,84.75,84.75,84.25,84.5,60340,17:25,17:15,True,,,
2009-02-11,78.25,78.5,78.25,78.5,49644,17:25,17:15,True,,,
2009-02-12,79.0,79.0,78.75,78.75,17021,17:25,17:15,True,,,
2009-02-13,79.75,80.25,79.75,80.25,27715,17:25,17:15,True,,,
2009-02-16,81.75,82.0,81.75,81.75,50527,17:25,17:15,True,,,
2009-02-17,81.0,81.0,80.75,81.0,62646,17:25,17:15,True,,,
2009-02-19,76.75,77.0,76.5,76.75,65987,17:25,17:15,True,,,
2009-02-20,75.0,75.0,74.5,75.0,54595,17:25,17:15,True,,,
2009-02-23,74.0,74.0,74.0,74.0,18394,17:25,17:15,True,45148.78571428572,0.40740852071642486,4.339285714285714
2009-02-24,70.0,70.0,69.25,69.5,58582,17:25,17:15,True,41953.5,1.3963554888149976,4.428571428571429
2009-02-25,72.75,73.0,72.5,73.0,58499,17:25,17:15,True,41016.71428571428,1.4262234559430478,4.339285714285714
2009-02-26,71.5,71.75,71.5,71.75,99563,17:25,17:15,True,42383.5,2.349098116012127,4.142857142857143
2009-02-27,73.0,73.0,72.75,72.75,54449,17:25,17:15,True,47423.5,1.1481438527312409,4.178571428571429
2009-03-02,73.75,74.25,73.75,74.25,50135,17:25,17:15,True,49719.71428571428,1.0083525362173096,4.0
2009-03-03,73.0,73.0,72.75,72.75,30980,17:25,17:15,True,52006.92857142857,0.5956898600049169,3.892857142857143
2009-03-04,72.0,72.25,71.0,72.25,40421,17:25,17:15,True,49909.78571428572,0.8098812571826023,3.732142857142857
2009-03-05,74.75,75.0,74.25,75.0,82846,17:25,17:15,True,49251.0,1.6821181295811252,3.9464285714285716
2009-03-06,69.5,69.5,69.25,69.25,20730,17:25,17:15,True,53952.78571428572,0.3842248314994989,4.214285714285714
2009-03-10,71.25,71.5,71.0,71.0,20207,17:25,17:15,True,53453.857142857145,0.3780269765378417,4.196428571428571
2009-03-11,75.5,75.75,75.5,75.75,31649,17:25,17:15,True,51288.142857142855,0.6170821994501653,4.392857142857143
2009-03-12,76.5,76.75,76.5,76.75,17648,17:25,17:15,True,49074.07142857143,0.35961964202801305,4.464285714285714
2009-03-13,77.0,77.0,76.75,77.0,49069,17:25,17:15,True,45621.28571428572,1.0755724927900197,4.5
2009-03-16,74.0,74.0,73.5,73.75,28868,17:25,17:15,True,45226.57142857143,0.6382973346894683,4.625
2009-03-17,74.75,75.25,74.5,75.0,35979,17:25,17:15,True,45974.71428571428,0.7825823511681888,4.482142857142857
2009-03-18,74.25,74.75,74.25,74.5,77237,17:25,17:15,True,44360.21428571428,1.7411322565426228,4.446428571428571
2009-03-19,72.5,72.5,72.25,72.5,30182,17:25,17:15,True,45698.642857142855,0.6604572502153081,4.482142857142857
2009-03-20,71.0,71.25,70.75,71.25,88947,17:25,17:15,True,40742.857142857145,2.1831311360448806,4.446428571428571
2009-03-23,72.0,72.0,71.75,72.0,38711,17:25,17:15,True,43207.0,0.8959427870483949,4.357142857142857
2009-03-24,73.75,74.0,73.5,73.75,63696,17:25,17:15,True,42391.0,1.5025830954683776,4.285714285714286
2009-03-25,71.25,71.25,70.75,70.75,12637,17:25,17:15,True,44727.857142857145,0.28253086124019866,4.285714285714286
2009-03-26,72.75,73.25,72.5,73.25,36320,17:25,17:15,True,42743.28571428572,0.8497241003599563,4.160714285714286
2009-03-27,73.5,73.5,73.25,73.25,38784,17:25,17:15,True,39420.0,0.9838660578386605,3.857142857142857
2009-03-30,71.0,71.0,70.5,70.75,43592,17:25,17:15,True,40709.57142857143,1.070804689665821,3.75
2009-03-31,70.5,70.75,70.5,70.75,44710,17:25,17:15,True,42379.92857142857,1.0549805416647706,3.5357142857142856
2009-04-01,71.5,71.5,70.5,71.0,28526,17:25,17:15,True,43312.857142857145,0.6586035159470959,3.3035714285714284
2009-04-02,73.0,73.5,73.0,73.5,84263,17:25,17:15,True,44089.857142857145,1.9111651853843934,3.25
2009-04-03,79.0,79.25,78.75,79.0,89660,17:25,17:15,True,46603.71428571428,1.9238809904789933,3.5714285714285716
2009-04-06,83.0,83.5,83.0,83.25,41613,17:25,17:15,True,50946.0,0.8168060299140266,3.732142857142857
2009-04-07,81.75,82.0,81.75,82.0,15316,17:25,17:15,True,51348.42857142857,0.298275924426676,3.7857142857142856
2009-04-08,77.0,77.0,76.75,77.0,48002,17:25,17:15,True,46925.5,1.022940618640185,3.732142857142857
2009-04-14,84.0,84.0,83.5,83.75,152503,17:25,17:15,True,48198.357142857145,3.1640705003282563,3.75
2009-04-15,85.75,85.75,85.0,85.25,227483,17:25,17:15,True,52738.07142857143,4.313449351444403,4.339285714285714
2009-04-16,85.75,85.75,85.5,85.5,25819,17:25,17:15,True,66221.78571428571,0.3898867981512342,4.535714285714286
2009-04-17,86.25,86.25,86.0,86.25,41157,17:25,17:15,True,63516.28571428572,0.6479755473286941,4.517857142857143
2009-04-20,88.25,88.25,88.0,88.25,114150,17:25,17:15,True,65553.42857142857,1.7413276847239112,4.642857142857143
2009-04-21,82.75,83.0,82.5,82.75,27661,17:25,17:15,True,71112.71428571429,0.3889740432191149,5.053571428571429
2009-04-22,87.5,88.0,87.0,88.0,381442,17:25,17:15,True,70318.21428571429,5.4245120396564595,5.535714285714286
2009-04-23,92.25,92.25,92.25,92.25,32335,17:25,17:15,True,94450.35714285714,0.3423491554520326,5.839285714285714
2009-04-24,91.25,91.5,91.0,91.25,24412,17:25,17:15,True,93566.42857142857,0.26090554457108395,5.928571428571429
2009-04-27,90.75,90.75,90.5,90.5,10316,17:25,17:15,True,93272.57142857143,0.11060057465982956,5.928571428571429
2009-04-28,90.25,90.25,89.75,89.75,48662,17:25,17:15,True,87990.64285714286,0.5530360776998203,5.517857142857143
2009-04-29,88.0,88.0,87.5,88.0,43938,17:25,17:15,True,85062.21428571429,0.5165395748154082,5.660714285714286
2009-05-04,90.75,91.0,90.5,91.0,152732,17:25,17:15,True,85228.28571428571,1.7920341670605668,5.571428571428571
2009-05-05,94.25,95.0,94.25,94.5,25114,17:25,17:15,True,95043.71428571429,0.2642363063011607,5.696428571428571
2009-05-06,92.5,92.75,92.25,92.25,19887,17:25,17:15,True,93408.85714285714,0.21290272259284068,5.714285714285714
2009-05-07,94.0,94.0,94.0,94.0,28610,17:25,17:15,True,83936.28571428571,0.34085377684434115,5.125
2009-05-08,92.75,92.75,92.5,92.5,37562,17:25,17:15,True,69731.07142857143,0.5386694801968788,5.017857142857143
2009-05-11,91.5,91.5,91.0,91.0,29941,17:25,17:15,True,70569.85714285714,0.4242746295970153,5.160714285714286
2009-05-12,86.75,87.0,86.5,87.0,21227,17:25,17:15,True,69768.71428571429,0.3042481177605189,5.160714285714286
2009-05-13,85.75,86.25,85.75,86.0,36887,17:25,17:15,True,63131.357142857145,0.5842896726666281,4.910714285714286
2009-05-14,83.75,84.0,83.75,84.0,34822,17:25,17:15,True,63790.357142857145,0.5458818786986389,4.553571428571429
2009-05-15,87.0,87.0,86.5,87.0,30930,17:25,17:15,True,39031.78571428572,0.7924310772355864,4.285714285714286
2009-05-18,86.25,86.5,86.25,86.25,10591,17:25,17:15,True,38931.42857142857,0.2720424189050345,4.232142857142857
2009-05-19,91.25,91.75,91.25,91.75,51595,17:25,17:15,True,37944.21428571428,1.3597593459571289,4.232142857142857
2009-05-22,90.0,90.25,89.75,90.25,109024,17:25,17:15,True,40892.71428571428,2.6660983968502947,4.321428571428571
2009-05-25,89.75,90.0,89.75,90.0,16545,17:25,17:15,True,45204.28571428572,0.36600511961571275,4.232142857142857
2009-05-26,88.25,88.75,88.25,88.75,10083,17:25,17:15,True,43247.642857142855,0.2331456545113111,4.125
2009-05-27,90.0,90.25,90.0,90.0,72951,17:25,17:15,True,33058.42857142857,2.2067292110505643,4.0
2009-05-28,89.75,89.75,89.75,89.75,11920,17:25,17:15,True,36475.357142857145,0.32679597771489555,3.892857142857143
2009-05-29,90.75,90.75,90.5,90.75,20832,17:25,17:15,True,35906.28571428572,0.5801769686167165,3.8214285714285716
2009-06-01,90.25,90.5,90.25,90.5,22017,17:25,17:15,True,35350.71428571428,0.6228162696247803,3.7857142857142856
2009-06-02,94.75,94.75,94.5,94.75,51404,17:25,17:15,True,34240.357142857145,1.501269387627382,3.8035714285714284
2009-06-03,97.75,97.75,97.5,97.5,61944,17:25,17:15,True,35773.42857142857,1.7315645291397446,3.642857142857143
2009-06-04,93.75,93.75,93.75,93.75,37669,17:25,17:15,True,38681.78571428572,0.9738175036238909,3.6785714285714284
2009-06-05,94.75,95.0,94.75,95.0,15607,17:25,17:15,True,38737.642857142855,0.40288976945643495,3.607142857142857
2009-06-08,94.5,94.5,94.5,94.5,24712,17:25,17:15,True,37365.142857142855,0.6613650614017649,3.5892857142857144
2009-06-09,92.75,93.0,92.75,93.0,59697,17:25,17:15,True,36921.0,1.6168846997643618,3.642857142857143
2009-06-10,94.25,94.5,94.0,94.0,32419,17:25,17:15,True,40428.57142857143,0.8018833922261485,3.5357142857142856
2009-06-11,96.5,96.75,96.5,96.75,60278,17:25,17:15,True,39058.857142857145,1.5432607200854387,3.482142857142857
2009-06-12,96.25,96.25,95.75,95.75,33132,17:25,17:15,True,35577.0,0.9312758242684881,3.2857142857142856
2009-06-15,95.0,95.0,94.75,95.0,38256,17:25,17:15,True,36761.78571428572,1.0406458570137855,3.2857142857142856
2009-06-16,94.0,94.5,93.75,94.5,61962,17:25,17:15,True,38774.142857142855,1.598023719783803,3.1785714285714284
2009-06-17,92.0,92.25,91.5,91.75,251080,17:25,17:15,True,37989.21428571428,6.609244353190474,3.232142857142857
2009-06-18,90.75,91.25,90.75,91.0,33916,17:25,17:15,True,55072.07142857143,0.6158475452296925,3.5357142857142856
2009-06-22,91.25,91.75,91.0,91.5,128144,17:25,17:15,True,56006.642857142855,2.288014304425623,3.517857142857143
2009-06-23,88.25,88.5,88.25,88.5,80842,17:25,17:15,True,63587.142857142855,1.271357641931208,3.375
2009-06-24,89.25,89.5,89.0,89.25,49626,17:25,17:15,True,65689.85714285714,0.7554590945764621,3.375
2009-06-25,92.75,92.75,92.5,92.5,70197,17:25,17:15,True,64810.0,1.083119888906033,3.392857142857143
2009-06-26,94.5,94.75,94.25,94.5,47180,17:25,17:15,True,67133.42857142857,0.7027795392544486,3.3214285714285716
2009-06-29,95.25,95.5,95.0,95.5,61936,17:25,17:15,True,69388.64285714286,0.8925956388499148,3.232142857142857
2009-06-30,97.75,98.5,97.75,98.25,146515,17:25,17:15,True,72047.5,2.0335889517332317,3.3035714285714284
2009-07-01,95.25,95.75,95.25,95.5,42704,17:25,17:15,True,78248.78571428571,0.5457464880787745,3.4464285714285716
2009-07-02,96.75,97.25,96.5,97.0,59405,17:25,17:15,True,78983.42857142857,0.7521197936637704,3.2857142857142856
2009-07-03,95.25,95.5,95.25,95.5,37328,17:25,17:15,True,78921.07142857143,0.4729788803460962,3.3035714285714284
2009-07-06,94.75,95.0,94.75,95.0,35266,17:25,17:15,True,79220.78571428571,0.4451609471179552,3.3035714285714284
2009-07-07,94.25,94.25,94.0,94.0,29089,17:25,17:15,True,79007.21428571429,0.3681815675060415,3.3214285714285716
2009-07-08,93.75,93.75,93.5,93.5,66612,17:25,17:15,True,76659.14285714286,0.8689374485197926,3.232142857142857
2009-07-09,94.5,94.5,94.0,94.25,45071,17:25,17:15,True,63482.857142857145,0.7099711958233944,2.982142857142857
2009-07-10,93.0,93.25,92.75,92.75,31260,17:25,17:15,True,64279.642857142855,0.4863125961896401,2.9107142857142856
2009-07-13,91.5,91.5,91.0,91.0,32247,17:25,17:15,True,57359.357142857145,0.562192493191421,2.875
2009-07-14,96.0,96.75,96.0,96.75,76575,17:25,17:15,True,53888.28571428572,1.4209952865451807,2.982142857142857
2009-07-15,99.5,100.25,99.5,99.75,710982,17:25,17:15,True,55813.21428571428,12.738596210574814,2.8035714285714284
2009-07-16,103.0,103.0,102.75,103.0,30616,17:25,17:15,True,101583.57142857143,0.30138731656553014,3.125
2009-07-17,105.25,105.5,105.25,105.5,28522,17:25,17:15,True,100400.42857142857,0.2840824526930022,3.4107142857142856
2009-07-21,103.0,103.0,102.5,102.5,24578,17:25,17:15,True,98013.71428571429,0.2507608264732632,3.25
2009-07-22,106.5,107.25,106.5,106.75,137699,17:25,17:15,True,89303.92857142857,1.5419142494931035,3.3392857142857144
2009-07-23,104.0,104.75,104.0,104.5,124928,17:25,17:15,True,96089.28571428571,1.300124140494332,3.392857142857143
2009-07-24,105.0,105.25,105.0,105.25,22228,17:25,17:15,True,100769.5,0.220582616764001,3.4107142857142856
2009-07-27,107.25,107.5,107.25,107.5,53529,17:25,17:15,True,99690.92857142857,0.5369495576685943,3.4642857142857144
2009-07-28,105.5,105.5,105.5,105.5,39001,17:25,17:15,True,100995.42857142857,0.38616599336886537,3.5892857142857144
2009-07-29,103.75,104.0,103.5,104.0,17448,17:25,17:15,True,101703.42857142857,0.17155763817486136,3.6607142857142856
2009-07-30,104.25,105.25,104.25,105.0,85294,17:25,17:15,True,98191.71428571429,0.8686476310192015,3.6785714285714284
2009-07-31,107.0,107.25,107.0,107.0,24608,17:25,17:15,True,101064.78571428571,0.24348738114943244,3.892857142857143
2009-08-03,108.0,108.25,108.0,108.25,50599,17:25,17:15,True,100589.64285714286,0.5030239551785721,3.8392857142857144
2009-08-04,109.0,109.0,108.5,108.75,40957,17:25,17:15,True,101900.5,0.4019312957247511,3.625
2009-08-05,107.75,108.0,107.75,108.0,19012,17:25,17:15,True,99356.35714285714,0.19135162104085654,3.642857142857143
2009-08-06,107.0,107.0,106.75,107.0,57031,17:25,17:15,True,49929.92857142857,1.1422207407810088,3.375
2009-08-07,105.25,105.25,105.0,105.0,32004,17:25,17:15,True,51816.71428571428,0.6176385446505127,3.0714285714285716
2009-08-10,107.0,107.25,107.0,107.25,13868,17:25,17:15,True,52065.42857142857,0.2663571659834604,3.2142857142857144
2009-08-11,105.75,106.25,105.75,106.25,33475,17:25,17:15,True,51300.42857142857,0.6525286616931633,2.9464285714285716
2009-08-12,104.25,104.25,104.0,104.25,11758,17:25,17:15,True,43855.857142857145,0.26810557964239995,2.982142857142857
2009-08-13,106.25,106.25,106.25,106.25,34550,17:25,17:15,True,35772.28571428572,0.9658314896607908,2.982142857142857
2009-08-14,109.0,109.25,109.0,109.0,21861,17:25,17:15,True,36652.42857142857,0.5964406958026558,3.0535714285714284
2009-08-17,106.75,107.0,106.75,106.75,30023,17:25,17:15,True,34390.42857142857,0.8730045319918748,3.017857142857143
2009-08-18,107.0,107.0,106.75,106.75,112652,17:25,17:15,True,33749.142857142855,3.3379218096544254,3.0357142857142856
2009-08-19,105.75,105.75,105.25,105.5,34444,17:25,17:15,True,40549.42857142857,0.8494324387167689,3.017857142857143
2009-08-20,106.25,107.0,106.25,106.5,60888,17:25,17:15,True,36917.28571428572,1.6493086862135815,2.8392857142857144
2009-08-21,107.0,107.0,106.75,106.75,20414,17:25,17:15,True,39508.71428571428,0.5166961357530527,2.8214285714285716
2009-08-24,111.0,111.0,110.75,111.0,31605,17:25,17:15,True,37352.642857142855,0.846124867813905,2.982142857142857
2009-08-25,111.5,111.75,111.25,111.5,65817,17:25,17:15,True,36684.642857142855,1.79412950144572,3.0714285714285716
2009-08-26,113.1,113.5,112.9,113.3,204175,17:25,17:15,True,40027.857142857145,5.100822641374757,3.0535714285714284
2009-08-27,110.6,111.2,110.6,111.2,19848,17:25,17:15,True,50538.142857142855,0.3927330700715443,3.1285714285714286
2009-08-28,111.0,111.0,110.9,111.0,34697,17:25,17:15,True,49669.857142857145,0.6985524419811958,3.0357142857142856
2009-08-31,110.9,110.9,110.7,110.7,32092,17:25,17:15,True,51157.642857142855,0.6273158458378654,3.0499999999999994
2009-09-01,109.6,109.6,109.4,109.6,21802,17:25,17:15,True,51058.857142857145,0.4269974147482457,3.0249999999999995
2009-09-02,107.9,107.9,107.3,107.5,59249,17:25,17:15,True,51776.28571428572,1.1443269671167715,3.0
2009-09-03,105.5,105.7,105.4,105.4,88476,17:25,17:15,True,53540.5,1.6525060468243666,2.9857142857142867
2009-09-04,105.9,106.3,105.9,106.1,30900,17:25,17:15,True,58298.71428571428,0.5300288416064064,2.925000000000001
2009-09-07,108.0,108.0,107.6,107.8,61204,17:25,17:15,True,58361.357142857145,1.0487076208694843,2.875000000000001
2009-09-08,109.5,109.6,109.4,109.6,10024,17:25,17:15,True,54686.5,0.18329935175957504,2.921428571428573
2009-09-09,111.2,111.4,111.0,111.0,112107,17:25,17:15,True,52942.21428571428,2.1175351562552702,2.9071428571428592
2009-09-10,115.0,115.0,114.7,114.9,71195,17:25,17:15,True,56600.71428571428,1.2578463169318914,3.0678571428571453
2009-09-11,113.9,114.0,113.8,114.0,22535,17:25,17:15,True,60227.92857142857,0.374161963303688,3.046428571428574
2009-09-14,112.0,112.1,110.8,110.8,95832,17:25,17:15,True,59580.07142857143,1.6084572861731092,2.9000000000000017
2009-09-15,112.5,112.5,112.0,112.1,28838,17:25,17:15,True,61724.0,0.4672088652712073,2.9285714285714306
2009-09-16,113.3,113.4,113.0,113.1,41240,17:25,17:15,True,49199.92857142857,0.8382125990310672,2.885714285714287
2009-09-17,113.1,113.3,113.0,113.3,59524,17:25,17:15,True,50727.92857142857,1.1733970157323874,2.7642857142857156
2009-09-18,111.3,111.3,111.2,111.3,34258,17:25,17:15,True,52501.28571428572,0.6525173533165174,2.742857142857144
2009-09-21,111.2,111.2,110.8,110.8,37222,17:25,17:15,True,52656.0,0.7068900030385901,2.721428571428573
2009-09-22,111.2,111.4,111.1,111.2,19369,17:25,17:15,True,53757.42857142857,0.36030369224718445,2.578571428571429
2009-09-23,111.1,111.1,111.0,111.1,15833,17:25,17:15,True,50908.857142857145,0.31100678523523834,2.4857142857142853
2009-09-24,110.3,110.3,109.5,109.9,32823,17:25,17:15,True,45720.07142857143,0.7179122642290585,2.4499999999999997
2009-09-25,109.1,109.3,109.1,109.1,34496,17:25,17:15,True,45857.42857142857,0.7522445343019669,2.471428571428571
2009-09-28,109.8,109.8,109.3,109.3,17220,17:25,17:15,True,43949.71428571428,0.39181142084460163,2.499999999999999
2009-09-29,113.0,113.2,113.0,113.0,17232,17:25,17:15,True,44463.71428571428,0.38755196853935475,2.685714285714284
2009-09-30,111.0,111.0,110.9,111.0,27632,17:25,17:15,True,37686.92857142857,0.73319851331553,2.5428571428571414
2009-10-01,109.5,109.5,109.4,109.4,13518,17:25,17:15,True,34575.28571428572,0.3909729079813409,2.5142857142857125
2009-10-02,105.1,105.3,105.1,105.2,58110,17:25,17:15,True,33931.21428571428,1.7125823883192257,2.685714285714284
2009-10-05,104.8,104.8,104.6,104.7,48653,17:25,17:15,True,31236.785714285714,1.557554623097767,2.67142857142857
2009-10-06,106.2,106.3,106.2,106.3,44234,17:25,17:15,True,32652.14285714286,1.3547043510598735,2.692857142857142
2009-10-07,109.4,109.4,109.0,109.1,18036,17:25,17:15,True,32866.0,0.5487738087993671,2.849999999999999
2009-10-08,110.7,110.8,110.3,110.3,57368,17:25,17:15,True,29902.571428571428,1.9184972147641388,2.9285714285714284
2009-10-09,110.8,110.9,110.7,110.9,16028,17:25,17:15,True,31553.285714285714,0.5079661162749635,2.9857142857142853
2009-10-12,112.4,112.6,112.4,112.6,69927,17:25,17:15,True,30039.428571428572,2.3278405524168235,3.078571428571429
2009-10-13,114.1,114.1,113.7,113.7,12445,17:25,17:15,True,33650.71428571428,0.369828702426185,3.107142857142858
2009-10-14,113.6,113.8,113.6,113.7,45566,17:25,17:15,True,33408.71428571428,1.3638956474144899,3.1000000000000005
2009-10-15,116.7,117.1,116.6,117.1,44514,17:25,17:15,True,34318.92857142857,1.2970684649246043,3.25
2009-10-16,116.3,116.7,116.3,116.5,16451,17:25,17:15,True,35034.5,0.46956571379640066,3.1857142857142864
2009-10-19,116.9,117.0,116.9,117.0,11277,17:25,17:15,True,34979.57142857143,0.32238816942133575,3.028571428571429
2009-10-20,123.4,123.4,122.6,122.9,328535,17:25,17:15,True,34554.21428571428,9.507812774542696,3.164285714285715
2009-10-21,116.4,116.5,116.3,116.5,36532,17:25,17:15,True,56047.28571428572,0.6518067652059103,3.450000000000002
2009-10-23,115.7,115.9,115.6,115.9,19513,17:25,17:15,True,57691.142857142855,0.3382321624017552,3.3785714285714312
2009-10-26,114.9,114.9,114.8,114.8,15391,17:25,17:15,True,54934.21428571428,0.2801714778325764,3.3571428571428603
2009-10-27,112.8,113.0,112.7,113.0,22260,17:25,17:15,True,52558.357142857145,0.4235292199011439,3.3428571428571456
2009-10-28,112.6,112.7,112.3,112.3,24350,17:25,17:15,True,50988.78571428572,0.47755598920210746,3.2142857142857175
2009-10-29,110.0,110.3,109.8,110.0,15753,17:25,17:15,True,51439.78571428572,0.3062415556607795,3.2857142857142887
2009-11-02,112.4,112.4,112.0,112.3,52867,17:25,17:15,True,48467.28571428572,1.0907769894862809,3.3500000000000023
2009-11-03,112.4,113.4,112.4,112.7,23684,17:25,17:15,True,51098.642857142855,0.46349567573083433,3.4428571428571453
2009-11-04,113.1,113.6,113.1,113.6,31444,17:25,17:15,True,47795.57142857143,0.6578852194913456,3.464285714285716
2009-11-05,115.0,115.5,115.0,115.3,39563,17:25,17:15,True,49152.642857142855,0.8049007683063112,3.5428571428571454
2009-11-06,117.0,117.1,116.9,117.1,17961,17:25,17:15,True,48723.857142857145,0.3686284513013572,3.4071428571428615
2009-11-09,115.8,116.2,115.8,116.1,38813,17:25,17:15,True,46827.21428571428,0.8288556257731692,3.4642857142857184
2009-11-10,116.9,116.9,116.7,116.7,47283,17:25,17:15,True,48424.5,0.9764272217575813,3.371428571428576
2009-11-11,119.7,119.9,119.7,119.9,23319,17:25,17:15,True,50996.357142857145,0.4572679561145124,3.3000000000000043
2009-11-12,119.2,119.4,119.2,119.4,31335,17:25,17:15,True,29195.214285714286,1.0732923448803986,2.9142857142857173
2009-11-16,122.1,122.3,122.0,122.1,28115,17:25,17:15,True,28824.0,0.9754024424091036,2.892857142857146
2009-11-17,122.2,122.2,122.0,122.0,17763,17:25,17:15,True,29438.428571428572,0.6033949793515764,2.8428571428571456
2009-11-18,121.3,121.7,121.3,121.3,28286,17:25,17:20,True,29607.85714285714,0.9553545149694821,2.7928571428571454
2009-11-19,119.5,119.7,119.5,119.7,13491,17:25,17:15,True,30038.285714285714,0.44912682861871517,2.800000000000002
2009-11-20,118.3,118.4,118.2,118.2,9934,17:25,17:15,True,29262.64285714286,0.33947719789004505,2.714285714285716
2009-11-23,119.0,119.3,119.0,119.3,25991,17:25,17:15,True,28847.0,0.9009949041494782,2.535714285714288
2009-11-24,121.0,121.1,121.0,121.1,16977,17:25,17:15,True,26927.285714285714,0.6304757256314625,2.5714285714285734
2009-11-25,119.8,120.0,119.8,120.0,35114,17:25,17:15,True,26448.214285714286,1.3276510701505637,2.5928571428571447
2009-11-26,118.8,118.8,118.6,118.6,23612,17:25,17:15,True,26710.35714285714,0.8840016579978339,2.4571428571428586
2009-11-27,114.5,114.6,114.1,114.3,60355,17:25,17:15,True,25571.0,2.3602909545970046,2.5071428571428576
2009-11-30,118.2,118.3,118.2,118.3,8674,17:25,17:15,True,28599.14285714286,0.3032958030710211,2.578571428571429
2009-12-01,116.5,116.7,116.3,116.5,37259,17:25,17:15,True,26446.35714285714,1.4088518807613255,2.7571428571428576
2009-12-02,117.5,117.5,117.3,117.4,29174,17:25,17:15,True,25730.35714285714,1.133835797071275,2.7285714285714286
2009-12-03,118.3,118.4,118.2,118.2,19993,17:25,17:15,True,26148.571428571428,0.7645924388111889,2.72857142857143
2009-12-04,115.9,115.9,115.6,115.6,26696,17:25,17:15,True,25338.428571428572,1.053577569924846,2.7928571428571423
2009-12-07,115.4,115.5,115.4,115.5,12700,17:25,17:15,True,25237.071428571428,0.5032279611342725,2.942857142857142
2009-12-08,116.0,116.1,116.0,116.0,24418,17:25,17:15,True,24875.428571428572,0.9816112285215474,2.9499999999999997
2009-12-09,115.0,115.0,114.8,114.8,52767,17:25,17:15,True,24599.14285714286,2.145074741280184,3.0
2009-12-10,114.8,114.9,114.8,114.8,32570,17:25,17:15,True,27404.571428571428,1.1884878435297552,3.0
2009-12-11,117.0,117.4,117.0,117.4,83614,17:25,17:15,True,29021.428571428572,2.881112478464189,3.0142857142857147
2009-12-14,120.8,120.9,120.7,120.7,36538,17:25,17:15,True,33137.357142857145,1.102622633497369,3.0428571428571436
2009-12-15,121.7,121.8,121.5,121.6,36808,17:25,17:15,True,34534.57142857143,1.0658305135226813,2.971428571428572
2009-12-16,120.7,120.7,120.5,120.7,44451,17:25,17:15,True,34655.57142857143,1.2826509033797906,3.057142857142858
2009-12-17,120.8,120.8,120.7,120.8,40461,17:25,17:15,True,36144.07142857143,1.1194366987670374,2.971428571428572
2009-12-18,120.3,120.3,120.0,120.0,25250,17:25,17:15,True,34723.07142857143,0.7271822152006797,2.7928571428571436
2009-12-21,119.9,120.1,119.8,120.1,27978,17:25,17:15,True,35907.07142857143,0.7791779971712696,2.6285714285714294
2009-12-22,121.2,121.5,121.2,121.5,32246,17:25,17:15,True,35244.142857142855,0.9149321670470069,2.5642857142857145
2009-12-23,123.9,124.1,123.8,124.0,41048,17:25,17:15,True,35463.57142857143,1.157469435436766,2.6857142857142864
2009-12-28,124.5,125.2,124.5,124.6,30540,17:25,17:20,True,36967.5,0.8261310610671536,2.52857142857143
2009-12-29,123.8,124.1,123.8,124.0,12435,17:25,17:15,True,37242.07142857143,0.3338965724248114,2.385714285714287
2009-12-30,125.0,125.7,125.0,125.5,41914,17:25,17:20,True,37223.142857142855,1.1260199108081763,2.4071428571428584
2010-01-04,124.5,124.5,124.3,124.3,6678,17:25,17:15,True,38472.857142857145,0.17357691879246964,2.400000000000001
2010-01-07,123.3,123.4,123.1,123.2,120439,17:25,17:15,True,35180.78571428572,3.423431215497095,2.3214285714285725
2010-01-08,123.9,124.0,123.7,123.7,8499,17:25,17:15,True,41457.142857142855,0.2050068917987595,2.421428571428573
2010-01-11,126.4,126.6,126.4,126.6,21120,17:25,17:15,True,36091.78571428572,0.5851747033852182,2.2642857142857156
2010-01-12,126.1,126.3,126.1,126.3,50354,17:25,17:15,True,34990.5,1.4390763207156227,2.314285714285716
2010-01-13,123.8,123.9,123.7,123.7,27504,17:25,17:15,True,35958.07142857143,0.7648908550236089,2.3214285714285725
2010-01-14,125.4,125.4,125.3,125.3,25515,17:25,17:15,True,34747.57142857143,0.7342959220171605,2.307142857142858
2010-01-15,126.0,126.0,125.7,125.8,17642,17:25,17:15,True,33680.0,0.523812351543943,2.3214285714285716
2010-01-18,124.7,124.9,124.6,124.6,10429,17:25,17:15,True,33136.57142857143,0.31472779320215905,2.4142857142857133
2010-01-19,124.2,124.2,123.8,123.9,17655,17:25,17:15,True,31883.071428571428,0.5537421336445897,2.357142857142857
2010-01-20,124.4,124.6,124.3,124.5,29465,17:25,17:15,True,30840.85714285714,0.9553884920745208,2.349999999999999
2010-01-21,122.4,122.5,122.4,122.4,37424,17:25,17:15,True,30013.5,1.2469055591650424,2.5500000000000003
2010-01-22,119.9,119.9,119.5,119.6,44793,17:25,17:15,True,30505.214285714286,1.4683719176815204,2.6285714285714286
2010-01-25,120.1,120.1,119.9,119.9,16721,17:25,17:15,True,32816.5,0.509530266786525,2.599999999999999
2010-01-26,119.9,120.0,119.7,120.0,64736,17:25,17:15,True,31017.0,2.087113518393139,2.7285714285714278
2010-01-27,119.4,119.4,119.3,119.3,14390,17:25,17:15,True,35164.0,0.4092253441019224,2.835714285714285
2010-01-28,123.1,123.3,123.1,123.2,29411,17:25,17:15,True,27589.071428571428,1.0660380533699938,2.8714285714285706
2010-01-29,114.3,114.5,114.1,114.5,81523,17:25,17:15,True,29082.785714285714,2.803135875665281,3.5785714285714283
2010-02-01,114.8,114.8,114.6,114.7,27431,17:25,17:15,True,33397.28571428572,0.8213541733502722,3.6499999999999986
2010-02-02,115.5,116.1,115.5,115.8,73715,17:25,17:15,True,31759.928571428572,2.3210064794136365,3.585714285714285
2010-02-03,116.3,116.3,116.3,116.3,24438,17:25,17:15,True,35060.71428571428,0.6970194560456352,3.6499999999999995
2010-02-04,115.4,115.8,115.4,115.5,14021,17:25,17:15,True,34983.78571428572,0.4007856700961466,3.7142857142857153
2010-02-05,112.7,113.0,112.6,112.9,39911,17:25,17:15,True,34725.142857142855,1.1493401240764207,3.72857142857143
2010-02-08,112.5,112.9,112.5,112.9,16902,17:25,17:20,True,36831.0,0.4589068990795797,3.900000000000001
2010-02-09,110.5,111.0,110.5,111.0,49033,17:25,17:20,True,36777.21428571428,1.3332439923011337,3.9285714285714297
2010-02-10,114.0,114.5,113.3,113.7,56970,17:25,17:20,True,38174.92857142857,1.4923407097777337,3.8142857142857145
2010-02-11,113.2,113.2,111.6,112.8,54571,17:25,17:20,True,39571.07142857143,1.3790629879331042,3.8642857142857148
2010-02-12,114.3,114.5,113.0,113.2,75829,17:25,17:20,True,40269.5,1.8830380312643564,3.942857142857143
2010-02-15,110.0,110.7,110.0,110.1,18167,17:25,17:20,True,44491.5,0.40832518570962995,4.014285714285715
2010-02-16,110.5,110.6,110.2,110.5,42244,17:25,17:20,True,41165.142857142855,1.0262080262080262,3.9642857142857153
2010-02-17,111.5,111.6,111.2,111.2,17679,17:25,17:20,True,43154.71428571428,0.4096655554930268,3.828571428571429
2010-02-18,113.3,113.3,112.7,112.9,27631,17:25,17:20,True,42316.71428571428,0.6529571226499492,3.2071428571428577
2010-02-19,112.5,113.2,112.5,112.8,38485,17:25,17:20,True,38467.28571428572,1.0004605026163234,3.07857142857143
2010-02-22,115.8,116.2,115.8,116.2,67183,17:25,17:20,True,39256.857142857145,1.7113698061849067,3.1785714285714297
2010-02-23,115.5,115.7,115.5,115.6,27176,17:25,17:20,True,38790.28571428572,0.7005877760263983,3.0714285714285725
2010-02-24,114.1,114.2,114.0,114.2,9580,17:25,17:20,True,38985.857142857145,0.24573013656967177,3.057142857142857
2010-02-25,112.1,112.8,112.0,112.1,46915,17:25,17:20,True,38668.642857142855,1.2132569579264114,3.0500000000000003
2010-02-26,112.8,113.3,112.7,113.2,22645,17:25,17:20,True,39168.92857142857,0.5781368249250043,2.921428571428571
2010-03-01,114.1,114.1,113.5,113.7,5926,17:25,17:20,True,39579.142857142855,0.14972532430500915,2.7928571428571414
2010-03-02,114.7,115.0,114.7,114.7,30802,17:25,17:20,True,36500.07142857143,0.8438887595131908,2.799999999999998
2010-03-03,116.0,116.7,116.0,116.6,39717,17:25,17:20,True,34630.92857142857,1.1468650030010332,2.7428571428571424
2010-03-04,116.8,117.1,116.1,117.0,36422,17:25,17:20,True,33569.92857142857,1.0849591151945086,2.6214285714285714
2010-03-05,118.4,118.8,118.0,118.8,196886,17:25,17:20,True,30755.14285714286,6.401726076010516,2.3428571428571425
2010-03-08,121.0,121.4,121.0,121.1,60805,17:25,17:20,True,43520.78571428572,1.3971484889814554,2.4642857142857144
2010-03-09,120.6,120.8,120.6,120.8,33495,17:25,17:20,True,44846.57142857143,0.7468798379235871,2.400000000000001
2010-03-10,120.6,120.9,120.5,120.5,16734,17:25,17:20,True,45976.28571428572,0.36397024553030444,2.2928571428571423
2010-03-11,122.9,123.4,122.7,123.2,128152,17:25,17:20,True,45197.92857142857,2.835351177598215,2.3214285714285703
2010-03-12,123.0,123.6,123.0,123.4,26580,17:25,17:20,True,51602.71428571428,0.5150891841237587,2.199999999999999
2010-03-15,125.3,125.3,124.7,124.9,108051,17:25,17:20,True,48702.5,2.218592474718957,2.2928571428571414
2010-03-16,124.5,124.6,123.9,124.1,56477,17:25,17:20,True,54479.28571428572,1.0366692451914883,2.249999999999999
2010-03-17,125.0,125.5,124.9,125.4,76857,17:25,17:20,True,57829.07142857143,1.3290374218602359,2.157142857142856
2010-03-18,125.0,125.2,124.8,124.8,64834,17:25,17:20,True,59967.78571428572,1.0811471397142989,2.085714285714285
2010-03-19,125.1,125.3,125.1,125.2,44711,17:25,17:20,True,62981.28571428572,0.709909292783117,2.0428571428571423
2010-03-22,123.6,124.0,123.4,123.5,21164,17:25,17:20,True,65751.64285714286,0.32187788898267616,2.0214285714285714
2010-03-23,125.2,125.8,125.2,125.8,20978,17:25,17:20,True,65063.21428571428,0.32242489447076195,2.0714285714285703
2010-03-24,129.0,129.3,128.7,128.7,30982,17:25,17:20,True,63724.71428571428,0.4861849966261128,2.221428571428571
2010-03-25,128.2,128.2,127.7,127.7,36967,17:25,17:20,True,63336.142857142855,0.5836635818411063,2.278571428571429
2010-03-26,128.9,129.4,128.9,129.3,30617,17:25,17:20,True,51913.357142857145,0.5897711434023999,2.1214285714285714
2010-03-29,129.5,129.7,129.1,129.6,25024,17:25,17:20,True,49757.07142857143,0.5029234896978032,2.142857142857143
2010-03-30,128.9,128.9,128.5,128.5,24908,17:25,17:20,True,49152.0,0.5067545572916666,2.164285714285716
2010-03-31,128.9,128.9,128.3,128.6,70015,17:25,17:20,True,49735.857142857145,1.4077368727937016,2.114285714285717
2010-04-06,129.8,130.1,129.5,130.0,69687,17:25,17:20,True,45583.21428571428,1.528786442377755,2.1357142857142892
2010-04-07,132.2,132.2,131.2,131.5,29354,17:25,17:20,True,48662.28571428572,0.603218685047969,2.242857142857145
2010-04-08,131.4,131.4,130.8,131.0,56743,17:25,17:20,True,43041.07142857143,1.318345434178318,2.1785714285714306
2010-04-09,130.9,131.5,130.9,131.4,20309,17:25,17:20,True,43060.07142857143,0.4716434350019325,2.250000000000001
2010-04-12,132.0,132.0,131.6,131.8,47915,17:25,17:20,True,39020.92857142857,1.2279307990400756,2.300000000000001
2010-04-13,130.6,130.9,130.4,130.6,46889,17:25,17:20,True,37812.42857142857,1.2400420118857367,2.2928571428571445
2010-04-14,132.2,132.6,132.1,132.2,38482,17:25,17:20,True,37968.0,1.0135377159713443,2.257142857142859
2010-04-15,132.9,132.9,132.0,132.7,110205,17:25,17:20,True,39205.0,2.810993495727586,2.1357142857142883
2010-04-16,145.0,145.2,143.5,144.4,2399000,17:25,17:20,True,45578.357142857145,52.634630784974696,2.0142857142857165
2010-04-19,141.6,141.7,140.3,140.7,122273,17:25,17:20,True,214722.5,0.569446611323918,2.6928571428571453
2010-04-20,140.1,142.0,140.1,141.8,84133,17:25,17:20,True,220815.7857142857,0.381009898037181,2.8642857142857148
2010-04-21,140.7,141.7,140.7,141.4,101957,17:25,17:20,True,224638.35714285713,0.45387173097585104,3.0142857142857147
2010-04-22,140.9,141.8,140.9,141.3,102237,17:25,17:20,True,230133.57142857142,0.4442506991281461,3.049999999999998
2010-04-23,143.3,144.0,143.1,143.4,45251,17:25,17:20,True,235657.07142857142,0.1920205480178674,3.1785714285714244
2010-04-26,149.2,149.4,149.1,149.4,39129,17:25,17:20,True,233888.2142857143,0.16729786970882,3.492857142857137
2010-04-27,147.5,148.3,147.4,147.9,86339,17:25,17:20,True,231705.5,0.3726238695240294,3.36428571428571
2010-04-28,143.7,144.6,143.2,143.6,252859,17:25,17:20,True,235775.85714285713,1.0724550132662318,3.549999999999997
2010-04-29,148.8,148.9,148.0,148.0,69588,17:25,17:20,True,249784.14285714287,0.2785925447629353,3.8428571428571416
2010-05-03,145.7,146.5,145.6,145.8,98533,17:25,17:20,True,253304.07142857142,0.38899098401497695,4.128571428571427
2010-05-04,149.2,149.2,148.2,148.5,31763,17:25,17:20,True,256919.64285714287,0.12363009556907037,4.528571428571427
2010-05-05,141.0,142.4,141.0,142.4,91705,17:25,17:20,True,255839.2142857143,0.3584477862630798,4.9571428571428555
2010-05-06,137.3,137.7,137.0,137.0,94065,17:25,17:20,True,259640.85714285713,0.3622888979612498,5.185714285714283
2010-05-07,132.6,133.3,132.6,133.3,120242,17:25,17:20,True,258488.0,0.46517439881155026,5.521428571428568
2010-05-10,138.3,139.7,137.7,139.7,357945,17:25,17:20,True,95719.57142857143,3.7395173699362867,5.228571428571423
2010-05-11,143.1,143.4,142.7,143.1,99403,17:25,17:20,True,112553.28571428571,0.8831639109348842,5.528571428571425
2010-05-14,147.5,148.4,147.2,148.0,90471,17:25,17:20,True,113644.0,0.7960913026644609,5.635714285714282
2010-05-17,142.7,143.0,142.1,142.6,56056,17:25,17:20,True,112823.57142857143,0.49684653029698705,5.835714285714283
2010-05-18,148.6,149.3,148.6,149.2,31517,17:25,17:20,True,109524.92857142857,0.2877609728770163,6.178571428571429
2010-05-19,147.1,147.3,146.7,146.8,39550,17:25,17:20,True,108543.92857142857,0.3643686065220467,6.028571428571431
2010-05-20,143.5,143.5,142.8,143.3,32387,17:25,17:20,True,108574.0,0.298294250925636,6.350000000000002
2010-05-21,136.7,137.4,136.6,137.3,51677,17:25,17:20,True,104720.28571428571,0.49347649930017656,6.750000000000002
2010-05-24,138.3,139.0,138.3,138.8,22327,17:25,17:20,True,90350.14285714286,0.24711637739524486,6.585714285714287
2010-05-25,131.8,132.4,131.4,131.6,95100,17:25,17:20,True,86974.35714285714,1.0934257305724757,6.528571428571431
2010-05-26,133.5,134.0,132.7,132.7,83253,17:25,17:20,True,86729.14285714286,0.9599195524984188,6.528571428571431
2010-05-27,134.3,135.0,133.8,134.9,60188,17:25,17:20,True,90407.0,0.6657449091331423,6.250000000000002
2010-05-28,139.9,139.9,139.1,139.5,22563,17:25,17:20,True,88155.78571428571,0.25594463048774857,6.235714285714287
2010-05-31,136.3,137.1,136.3,136.9,19398,17:25,17:20,True,83048.5,0.2335743571527481,5.9785714285714295
2010-06-01,137.4,137.6,136.8,136.9,25611,17:25,17:20,True,75845.35714285714,0.33767393239062565,5.571428571428574
2010-06-02,137.0,137.0,136.5,136.6,9870,17:25,17:20,True,52107.21428571428,0.18941714953098077,5.221428571428573
2010-06-03,139.9,141.2,139.6,141.0,83157,17:20,17:20,True,45712.0,1.8191503325166258,5.100000000000002
2010-06-04,141.6,142.5,141.6,142.3,30338,17:25,17:20,True,45189.57142857143,0.6713495844490037,5.0428571428571445
2010-06-07,137.2,137.2,136.0,136.2,42582,17:25,17:20,True,43352.57142857143,0.9822254735260391,4.828571428571428
2010-06-08,137.5,138.6,137.5,138.3,27993,17:25,17:20,True,44142.92857142857,0.6341446049440049,4.7714285714285705
2010-06-09,137.9,138.3,137.9,137.9,21457,17:25,17:20,True,43317.42857142857,0.4953433457994473,4.499999999999998
2010-06-10,141.1,141.8,140.7,141.7,32482,17:25,17:20,True,42536.71428571428,0.7636226856127648,4.19285714285714
2010-06-11,145.9,145.9,145.3,145.8,37232,17:25,17:20,True,41165.642857142855,0.9044435460222551,4.228571428571426
2010-06-14,146.5,147.0,146.4,147.0,23961,17:25,17:20,True,42230.28571428572,0.5673890099184066,4.0785714285714265
2010-06-15,146.8,146.9,145.3,146.8,19127,17:25,17:20,True,37148.92857142857,0.5148735302883183,3.8142857142857127
2010-06-16,150.8,150.8,150.2,150.3,36444,17:25,17:20,True,32568.5,1.1189953482659625,3.8714285714285688
2010-06-17,147.8,148.3,147.5,147.7,108130,17:25,17:20,True,30872.5,3.5024698356142197,3.7928571428571423
2010-06-18,147.2,147.3,147.0,147.1,42075,17:25,17:20,True,36984.42857142857,1.1376409376919243,3.8214285714285716
2010-06-21,150.3,151.0,150.1,150.5,74191,17:25,17:20,True,38604.21428571428,1.9218368090826503,3.8214285714285716
2010-06-22,149.3,149.3,147.5,149.2,39182,17:25,17:20,True,42074.21428571428,0.9312592205269941,3.7714285714285722
2010-06-23,148.4,148.7,148.2,148.2,26455,17:25,17:20,True,44167.92857142857,0.5989640188177912,3.778571428571427
2010-06-24,149.2,149.5,148.4,149.2,16036,17:25,17:20,True,40117.78571428572,0.39972295864498997,3.6642857142857133
2010-06-28,143.6,143.8,143.3,143.5,19071,17:25,17:20,True,39096.21428571428,0.48779658973192513,3.7285714285714278
2010-06-29,143.2,143.5,142.5,143.5,30117,17:25,17:20,True,37416.857142857145,0.8049045884589833,3.7071428571428577
2010-06-30,140.0,140.4,139.5,139.9,52785,17:25,17:20,True,37568.57142857143,1.4050308008213552,3.921428571428574
2010-07-01,139.1,139.5,139.1,139.3,30821,17:25,17:20,True,39806.28571428572,0.7742747017700004,3.80714285714286
2010-07-02,136.8,136.8,135.4,135.7,34829,17:25,17:20,True,39687.642857142855,0.877577943476469,3.9357142857142873
2010-07-05,137.9,138.0,137.4,138.0,16824,17:25,17:20,True,39516.0,0.42575159429092013,4.028571428571429
2010-07-06,137.4,137.5,136.6,137.1,57610,17:25,17:20,True,39006.21428571428,1.476944149924829,3.949999999999999
2010-07-07,140.6,140.6,139.9,140.2,13846,17:25,17:20,True,41755.0,0.33160100586756075,3.9571428571428577
2010-07-08,142.8,143.3,142.6,142.8,58012,17:25,17:20,True,40140.857142857145,1.4452107934203127,3.9214285714285717
2010-07-09,141.4,141.6,141.0,141.3,8885,17:25,17:20,True,36561.0,0.243018516998988,3.9571428571428555
2010-07-12,144.3,144.4,143.8,143.8,23656,17:25,17:20,True,34190.28571428572,0.6918924339411361,4.092857142857142
2010-07-13,142.5,142.7,142.4,142.6,39583,17:25,17:20,True,30580.64285714286,1.2943808992149561,4.028571428571427
2010-07-14,146.9,147.0,146.5,147.0,28835,17:25,17:20,True,30609.285714285714,0.9420343966583437,4.114285714285714
2010-07-15,148.9,148.9,146.7,148.0,652823,17:25,17:20,True,30779.285714285714,21.209816434986426,4.214285714285714
2010-07-16,141.5,142.4,140.9,142.0,124347,17:25,17:20,True,76264.07142857143,1.6304794337719408,4.428571428571429
2010-07-19,138.1,138.4,137.5,138.4,63010,17:25,17:20,True,83783.78571428571,0.7520548213812254,4.685714285714285
2010-07-20,138.5,139.0,138.1,138.1,35306,17:25,17:20,True,86133.28571428571,0.4098996074190665,4.478571428571428
2010-07-21,138.0,138.0,137.7,137.9,12906,17:25,17:20,True,84884.78571428571,0.1520413804593958,4.549999999999999
2010-07-22,140.0,140.1,138.8,139.0,45747,17:25,17:20,True,83605.14285714286,0.5471792575986439,4.471428571428573
2010-07-23,144.5,144.5,144.1,144.3,24662,17:25,17:20,True,84385.0,0.2922557326539077,4.592857142857143
2010-07-26,144.4,144.6,143.9,143.9,15303,17:25,17:20,True,84944.85714285714,0.18015216594294786,4.685714285714288
2010-07-27,142.0,143.0,141.8,142.8,57029,17:25,17:20,True,81922.92857142857,0.6961298990950554,4.521428571428572
2010-07-28,141.3,141.4,140.9,141.3,24548,17:25,17:20,True,85007.42857142857,0.2887747625417611,4.571428571428571
2010-07-29,140.7,140.7,139.8,139.9,16688,17:20,17:20,True,82617.14285714286,0.20199197676027114,4.528571428571431
2010-07-30,137.4,137.6,137.3,137.6,13661,17:25,17:20,True,83174.5,0.16424505106733434,4.507142857142859
2010-08-02,139.2,139.2,138.6,139.0,10234,17:25,17:20,True,82460.57142857143,0.12410779870552852,4.55714285714286
2010-08-03,141.7,141.7,141.4,141.4,11596,17:25,17:20,True,80364.21428571429,0.14429307998673893,4.507142857142861
2010-08-04,140.3,140.4,140.0,140.1,8748,17:25,17:20,True,79132.85714285714,0.11054826422111097,4.3142857142857185
2010-08-05,141.5,142.2,141.1,142.2,44855,17:25,17:20,True,33127.5,1.3540110180363747,3.857142857142861
2010-08-06,143.7,143.8,143.1,143.3,12153,17:25,17:20,True,27449.5,0.44274030492358696,3.642857142857145
2010-08-09,142.3,143.5,141.9,142.0,37088,17:25,17:20,True,23816.85714285714,1.5572163773557746,3.6785714285714284
2010-08-10,141.2,141.4,141.2,141.4,12822,17:25,17:20,True,23944.14285714286,0.535496303897762,3.5642857142857145
2010-08-11,139.0,139.0,138.3,138.8,26310,17:25,17:20,True,23938.14285714286,1.0990827549577182,3.335714285714285
2010-08-12,135.0,135.2,134.6,135.2,38844,17:25,17:20,True,22549.785714285714,1.7225884313123025,3.25
2010-08-13,132.8,132.8,132.2,132.4,250404,17:25,17:20,True,23562.785714285714,10.627096602087432,3.3500000000000005
2010-08-16,134.0,134.2,133.9,134.1,18572,17:25,17:20,True,40355.71428571428,0.46020744097136185,3.3785714285714294
2010-08-17,134.8,134.8,134.5,134.6,10176,17:25,17:20,True,37608.78571428572,0.2705750745931327,3.300000000000001
2010-08-18,138.4,138.6,138.0,138.5,11641,17:25,17:20,True,36582.21428571428,0.3182147452606751,3.4285714285714284
2010-08-19,137.6,138.3,137.1,137.1,12717,17:25,17:20,True,36221.71428571428,0.3510877453145706,3.3999999999999995
2010-08-20,134.0,134.8,134.0,134.8,44098,17:25,17:20,True,36154.28571428572,1.219717085506559,3.5928571428571416
2010-08-23,132.5,132.5,132.0,132.4,11800,17:25,17:20,True,38573.142857142855,0.30591232982237826,3.5642857142857127
2010-08-24,130.7,130.9,130.4,130.7,9793,17:25,17:20,True,38587.71428571428,0.2537854387406799,3.69285714285714
2010-08-25,128.5,129.0,128.5,128.6,54257,17:25,17:20,True,38662.357142857145,1.4033546842351272,3.749999999999999
2010-08-26,130.9,131.0,130.3,130.7,57866,17:25,17:20,True,39333.92857142857,1.4711472284015072,3.7428571428571424
2010-08-27,132.3,132.5,132.2,132.5,20528,17:25,17:20,True,42599.142857142855,0.48188763020047354,3.7571428571428576
2010-08-30,134.5,134.8,134.5,134.7,25932,17:25,17:20,True,41416.28571428572,0.6261305076677911,3.785714285714287
2010-08-31,130.5,130.6,129.0,130.0,98436,17:25,17:20,True,42352.71428571428,2.3241957843821783,3.950000000000002
2010-09-01,134.0,134.0,133.1,133.2,44225,17:25,17:20,True,47504.57142857143,0.930963035136468,3.9071428571428592
2010-09-02,138.0,138.2,137.2,138.0,37545,17:25,17:20,True,47888.92857142857,0.7840016705322584,4.1071428571428585
2010-09-03,138.5,138.9,138.3,138.9,16533,17:25,17:20,True,32684.714285714286,0.5058327833456443,4.02857142857143
2010-09-06,140.6,140.8,139.9,140.4,20415,17:25,17:20,True,32539.071428571428,0.6273995877483552,4.07142857142857
2010-09-07,139.0,139.3,137.4,137.8,83597,17:25,17:20,True,33270.42857142857,2.512651732769984,3.8928571428571437
2010-09-08,138.2,138.5,137.7,137.7,31366,17:25,17:20,True,38410.142857142855,0.8166072205630209,3.8428571428571447
2010-09-09,140.0,140.0,139.3,139.4,21916,17:25,17:20,True,39742.21428571428,0.5514539235897058,3.7428571428571464
2010-09-10,141.2,141.4,140.9,141.3,14870,17:25,17:20,True,38157.78571428572,0.3896976651460383,3.7000000000000037
2010-09-13,143.9,143.9,143.1,143.1,55184,17:25,17:20,True,38377.07142857143,1.4379419258895285,3.6000000000000036
2010-09-14,143.6,143.6,143.3,143.6,16429,17:25,17:20,True,41619.28571428572,0.3947448813221892,3.4785714285714318
2010-09-15,143.6,144.0,143.6,143.6,21530,17:25,17:20,True,38917.28571428572,0.5532246045642589,3.4071428571428606
2010-09-16,143.8,144.0,143.4,144.0,7599,17:25,17:20,True,36321.857142857145,0.20921287064459415,3.2928571428571467
2010-09-17,144.6,144.7,144.2,144.5,28376,17:25,17:20,True,35398.357142857145,0.8016191227599343,3.142857142857145
2010-09-20,147.3,147.9,147.2,147.7,12363,17:25,17:20,True,35572.92857142857,0.34753956158475247,3.1000000000000023
2010-09-21,149.8,150.5,149.6,150.1,39476,17:25,17:20,True,29424.85714285714,1.3415868022177557,3.0928571428571456
2010-09-22,150.0,150.5,149.8,150.1,105861,17:25,17:20,True,29085.64285714286,3.6396307456550727,2.678571428571433
2010-09-23,151.1,151.5,150.7,151.2,236822,17:25,17:20,True,33965.357142857145,6.97245723058158,2.857142857142861
2010-09-24,149.0,149.0,148.2,148.9,7496,17:25,17:20,True,49700.28571428572,0.15082408264396294,2.9000000000000057
2010-09-27,156.4,158.0,156.3,156.4,99390,17:25,17:20,True,48777.5,2.037619804213008,3.342857142857148
2010-09-28,154.0,154.2,153.5,154.2,52883,17:25,17:20,True,49905.57142857143,1.0596612459530714,3.450000000000005
2010-09-29,155.7,156.0,155.2,155.6,14371,17:25,17:20,True,51442.5,0.2793604509889683,3.3000000000000034
2010-09-30,155.5,155.5,155.2,155.5,9758,17:25,17:20,True,50903.57142857143,0.19169578334385745,3.221428571428573
2010-10-01,154.5,154.9,154.5,154.6,21522,17:25,17:20,True,50538.42857142857,0.42585415906990154,3.2714285714285745
2010-10-04,151.7,151.9,151.5,151.9,13193,17:25,17:20,True,48134.0,0.2740890015373748,3.528571428571429
2010-10-05,149.8,149.9,148.6,148.9,85854,17:25,17:20,True,47902.857142857145,1.7922521770249313,3.5142857142857133
2010-10-06,152.9,154.1,152.9,153.6,30390,17:25,17:20,True,52497.42857142857,0.5788854964324783,3.7642857142857133
2010-10-07,152.1,152.8,152.0,152.2,15510,17:25,17:20,True,54125.357142857145,0.2865570006136548,3.885714285714284
2010-10-08,150.6,150.6,149.7,150.2,24337,17:25,17:20,True,53206.357142857145,0.4574077480000376,3.8357142857142827
2010-10-11,150.5,151.0,150.5,150.8,10974,17:25,17:20,True,54061.642857142855,0.20299050158350984,3.6999999999999966
2010-10-12,152.0,152.1,151.6,151.8,14224,17:25,17:20,True,52025.78571428572,0.2734028867553315,3.7857142857142816
2010-10-13,154.5,154.7,154.0,154.2,69128,17:25,17:20,True,45480.28571428572,1.5199552710436546,3.6999999999999966
2010-10-14,155.7,156.0,155.3,155.8,64135,17:25,17:20,True,33502.142857142855,1.914355158518645,3.642857142857139
2010-10-15,154.8,155.4,154.8,155.4,14207,17:25,17:20,True,37547.78571428572,0.3783711803435241,3.185714285714281
2010-10-18,153.2,153.3,152.7,152.7,18917,17:25,17:20,True,31463.285714285714,0.6012404480505623,3.1214285714285666
2010-10-19,167.0,167.8,164.5,165.2,1764168,17:25,17:20,True,29037.14285714286,60.75556430187936,3.1785714285714226
2010-10-20,167.8,168.5,167.2,168.5,133978,17:25,17:20,True,154022.64285714287,0.8698591162616628,4.228571428571423
2010-10-21,174.1,174.1,172.0,173.2,124693,17:25,17:20,True,162895.5,0.7654784816032364,4.635714285714282
2010-10-22,175.4,175.4,174.9,175.2,56630,17:25,17:20,True,170264.85714285713,0.33259946268586593,4.592857142857142
2010-10-25,175.7,175.8,175.4,175.5,47811,17:25,17:20,True,173367.5,0.27577833215568087,4.707142857142857
2010-10-26,175.5,175.9,175.1,175.7,19541,17:25,17:20,True,170650.14285714287,0.11450913355729474,4.549999999999999
2010-10-27,174.4,174.5,173.1,173.6,48393,17:25,17:20,True,169875.2142857143,0.2848738128365653,4.571428571428574
2010-10-28,173.0,174.0,172.9,173.6,37241,17:25,17:20,True,172224.0,0.21623583240431066,4.528571428571431
2010-10-29,172.7,172.8,171.7,172.3,80270,17:25,17:20,True,173145.7142857143,0.46359796042969587,4.657142857142858
2010-11-01,173.4,173.8,173.0,173.2,24618,17:25,17:20,True,178095.42857142858,0.13822926392592094,4.657142857142858
2010-11-02,174.2,174.7,174.2,174.2,10159,17:25,17:20,True,178837.85714285713,0.05680564597620351,4.592857142857143
2010-11-03,175.8,175.8,174.0,174.8,29434,17:25,17:20,True,174625.7857142857,0.16855471761861385,4.464285714285716
2010-11-04,174.9,175.0,174.3,174.5,39442,17:25,17:20,True,172147.14285714287,0.22911794727102228,4.550000000000003
2010-11-08,176.7,176.7,176.5,176.7,30912,17:25,17:20,True,173949.64285714287,0.17770660228021656,4.9214285714285735
2010-11-09,177.3,177.3,176.6,177.0,51668,17:25,17:20,True,174806.42857142858,0.2955726538334239,4.892857142857147
2010-11-10,179.6,179.6,178.9,179.2,56870,17:25,17:20,True,52485.0,1.0835476802896065,4.000000000000004
2010-11-11,180.0,180.0,179.7,179.8,23936,17:25,17:20,True,46977.28571428572,0.5095228393053177,3.5785714285714323
2010-11-12,177.0,177.0,175.0,177.0,41683,17:25,17:20,True,39780.357142857145,1.0478287022489563,3.3714285714285745
2010-11-15,175.8,175.9,175.5,175.8,17377,17:25,17:20,True,38712.71428571428,0.4488706183645831,3.3785714285714312
2010-11-16,178.6,178.6,178.2,178.2,28863,17:25,17:20,True,36538.857142857145,0.7899261842578547,3.3785714285714312
2010-11-17,176.0,176.0,174.9,175.0,50882,17:25,17:20,True,37204.71428571428,1.3676223827241556,3.4000000000000017
2010-11-18,177.7,177.8,177.6,177.8,12366,17:25,17:20,True,37382.5,0.33079649568648434,3.3500000000000005
2010-11-19,182.1,182.2,182.1,182.1,12550,17:25,17:20,True,35605.71428571428,0.3524715134007383,3.5071428571428567
2010-11-22,184.4,185.1,184.4,185.1,38424,17:20,17:20,True,30768.571428571428,1.2488067601448603,3.4928571428571433
2010-11-23,183.9,184.4,183.0,184.2,86721,17:25,17:20,True,31754.714285714286,2.7309645811870453,3.5071428571428567
2010-11-24,183.3,183.5,183.0,183.5,47043,17:25,17:20,True,37223.42857142857,1.2638008320412644,3.6642857142857133
2010-11-25,187.3,187.3,186.7,186.7,8571,17:25,17:20,True,38481.21428571428,0.2227320566435942,3.7857142857142816
2010-11-26,185.5,185.8,185.3,185.7,18837,17:25,17:20,True,36276.142857142855,0.5192668932356173,3.307142857142854
2010-11-29,187.5,188.5,187.1,188.0,13144,17:25,17:20,True,35413.642857142855,0.3711563945291464,3.307142857142852
2010-11-30,186.9,187.1,186.4,187.1,18635,17:25,17:20,True,32661.928571428572,0.5705419372051777,3.2285714285714238
2010-12-01,188.0,188.6,187.9,188.2,28690,17:25,17:20,True,29930.85714285714,0.9585425456767025,3.2285714285714215
2010-12-02,195.1,195.4,194.6,194.9,52844,17:25,17:20,True,30270.428571428572,1.7457301562581113,3.549999999999993
2010-12-03,196.0,196.0,195.6,195.8,23826,17:25,17:20,True,31067.64285714286,0.7669072323754388,3.499999999999994
2010-12-06,195.2,196.1,195.2,196.1,18351,17:25,17:20,True,31528.285714285714,0.5820487725307887,3.449999999999995
2010-12-07,194.7,195.2,194.7,195.0,42055,17:25,17:20,True,30777.428571428572,1.3664234457533815,3.3714285714285643
2010-12-08,190.9,191.2,190.7,190.9,48719,17:25,17:20,True,30146.928571428572,1.6160518602937517,3.7285714285714238
2010-12-09,190.2,190.4,189.5,189.5,56456,17:25,17:20,True,32743.571428571428,1.7241857725616807,3.5857142857142827
2010-12-10,185.2,186.1,185.1,186.1,44699,17:25,17:20,True,35879.71428571428,1.2458014476942803,3.885714285714282
2010-12-13,188.0,189.4,188.0,189.1,37064,17:25,17:20,True,36327.92857142857,1.0202618607092928,3.9499999999999966
2010-12-14,192.0,192.0,191.4,191.8,12813,17:25,17:20,True,32781.0,0.3908666605655715,4.035714285714284
2010-12-15,190.4,190.4,190.0,190.4,30761,17:25,17:20,True,30336.0,1.0140097573839661,3.864285714285714
2010-12-16,191.8,191.8,191.2,191.4,16153,17:25,17:20,True,31921.0,0.5060305128285455,3.9500000000000006
2010-12-17,190.0,190.3,188.2,188.5,62483,17:25,17:20,True,31729.285714285714,1.9692532811057832,4.028571428571431
2010-12-20,188.7,189.4,188.4,188.8,14802,17:25,17:20,True,35253.5,0.4198732040790276,3.992857142857145
2010-12-21,190.6,192.0,190.6,191.2,27997,17:25,17:20,True,34979.71428571428,0.8003781783727713,4.042857142857146
2010-12-22,193.9,195.0,193.8,194.1,38590,17:25,17:20,True,34930.21428571428,1.1047742130738227,3.892857142857145
2010-12-23,193.7,193.7,193.3,193.3,3646,17:25,17:20,True,33912.07142857143,0.10751333806545921,3.807142857142858
2010-12-27,193.8,193.9,193.6,193.7,4730,17:25,17:20,True,32470.64285714286,0.14567004480970722,3.7928571428571423
2010-12-28,190.8,191.7,190.8,191.5,34913,17:25,17:20,True,31497.714285714286,1.108429636617623,3.8500000000000005
2010-12-29,190.9,191.5,190.9,191.5,7219,17:25,17:20,True,30987.571428571428,0.23296436820292007,3.442857142857142
2010-12-30,192.0,192.0,191.6,191.8,7388,17:25,17:20,True,28023.285714285714,0.2636378929767591,3.242857142857141
2011-01-03,192.3,192.7,192.0,192.5,12721,17:20,17:20,True,24518.428571428572,0.5188342296465049,2.857142857142855
2011-01-04,195.0,195.2,194.2,194.2,26889,17:25,17:20,True,22234.285714285714,1.2093484965304548,2.8785714285714272
2011-01-07,186.8,187.2,186.0,186.8,73079,17:25,17:20,True,21507.5,3.3978379635011042,2.807142857142854
2011-01-10,188.1,188.3,187.5,187.9,15544,17:25,17:20,True,25812.214285714286,0.6021955275879913,3.0071428571428527
2011-01-11,187.6,188.0,187.3,187.6,25890,17:25,17:20,True,24725.285714285714,1.0471062012861327,3.0357142857142816
2011-01-12,194.7,194.9,194.2,194.7,25547,17:25,17:20,True,25420.785714285714,1.004965003329671,3.321428571428567
2011-01-13,196.5,196.5,195.6,196.3,20761,17:25,17:20,True,22782.5,0.9112696148359486,3.3142857142857105
2011-01-14,193.9,194.1,193.4,193.4,23279,17:25,17:20,True,23208.14285714286,1.0030531155936646,3.3285714285714243
2011-01-17,193.3,193.4,192.7,192.7,6882,17:25,17:20,True,22871.14285714286,0.3009031967919649,3.299999999999997
2011-01-18,191.4,192.0,191.4,191.6,13466,17:25,17:20,True,20606.285714285714,0.6534899198580184,3.4285714285714266
2011-01-19,192.1,192.5,191.2,192.3,11942,17:25,17:20,True,21307.714285714286,0.5604542955602934,3.449999999999999
2011-01-20,183.0,183.3,182.4,183.0,62268,17:25,17:20,True,21822.85714285714,2.853338570306363,3.864285714285714
2011-01-21,183.1,183.5,182.7,182.9,52566,17:25,17:20,True,23776.785714285714,2.2108118663161846,4.128571428571427
2011-01-24,185.1,185.1,184.4,184.4,16230,17:25,17:20,True,27015.85714285714,0.6007582848168537,4.392857142857141
2011-01-25,181.1,181.9,181.0,181.5,44388,17:25,17:20,True,27647.428571428572,1.6055019324969513,4.714285714285713
2011-01-26,185.4,185.4,184.0,184.8,16928,17:25,17:20,True,29909.35714285714,0.5659767249140857,4.735714285714285
2011-01-27,188.5,189.2,187.5,189.2,29330,17:25,17:20,True,29197.85714285714,1.004525772439269,4.935714285714285
2011-01-28,188.2,188.2,187.5,187.8,11337,17:25,17:20,True,26072.928571428572,0.4348188186433109,4.785714285714286
2011-01-31,182.7,182.7,182.0,182.3,41432,17:25,17:20,True,25772.428571428572,1.6076094608302338,4.949999999999998
2011-02-01,185.0,185.3,184.2,184.4,23450,17:25,17:20,True,26882.571428571428,0.8723123850822094,4.685714285714285
2011-02-02,170.4,170.4,168.1,168.5,275419,17:20,17:20,True,26732.785714285714,10.302667404123882,5.871428571428571
2011-02-03,168.2,168.4,166.8,167.1,138576,17:25,17:20,True,44922.642857142855,3.084769532386627,6.0
2011-02-04,169.7,170.0,169.5,169.8,70998,17:25,17:20,True,53158.142857142855,1.3355997065360232,6.171428571428572
2011-02-07,171.3,172.0,171.0,171.1,23980,17:25,17:20,True,57737.857142857145,0.4153254240223671,6.135714285714286
2011-02-08,171.0,171.6,170.9,171.2,77612,17:25,17:20,True,58488.857142857145,1.3269536077690012,6.1000000000000005
2011-02-09,166.9,167.3,166.7,166.8,24603,17:25,17:20,True,63179.57142857143,0.3894138476044472,6.035714285714286
2011-02-10,166.1,166.1,165.0,165.2,40290,17:25,17:20,True,60489.21428571428,0.6660691575475676,5.835714285714287
2011-02-11,164.5,164.7,163.6,163.6,10976,17:25,17:20,True,59612.357142857145,0.18412289877578114,5.70714285714286
2011-02-14,170.0,170.9,169.9,170.6,103626,17:25,17:20,True,59237.07142857143,1.7493437386578627,5.78571428571429
2011-02-15,170.1,170.5,169.0,169.5,23186,17:25,17:20,True,63468.357142857145,0.3653158998240968,5.778571428571431
2011-02-16,166.4,168.5,166.4,167.2,30061,17:25,17:20,True,63915.357142857145,0.47032515100886774,5.628571428571432
2011-02-17,169.7,169.7,168.6,169.0,38849,17:25,17:20,True,63967.57142857143,0.607323353574244,5.65714285714286
2011-02-18,165.2,165.5,164.4,164.6,33255,17:25,17:20,True,65932.71428571429,0.5043778397457147,5.778571428571433
2011-02-21,165.0,165.0,164.5,164.5,26195,17:25,17:20,True,65348.642857142855,0.4008499466050776,5.78571428571429
2011-02-22,166.7,167.0,166.0,166.7,49452,17:25,17:20,True,65544.71428571429,0.7544773142870842,4.771428571428574
2011-02-23,166.5,167.0,165.5,166.0,78206,17:25,17:20,True,49404.21428571428,1.582982365587667,4.685714285714288
2011-02-24,162.3,162.5,161.1,162.0,60951,17:25,17:20,True,45092.07142857143,1.3517010434206838,4.642857142857143
2011-02-25,167.9,168.1,166.6,167.0,93873,17:25,17:20,True,44374.42857142857,2.115475128854778,5.014285714285715
2011-02-28,171.6,172.4,171.0,172.3,98361,17:25,17:20,True,49366.78571428572,1.99245299398815,5.142857142857145
2011-03-01,177.5,177.8,177.1,177.4,51494,17:25,17:20,True,50848.857142857145,1.0126874603165683,5.078571428571432
2011-03-02,172.6,172.8,171.6,171.9,100523,17:25,17:20,True,52769.642857142855,1.9049399343507836,5.200000000000003
2011-03-03,171.8,172.0,171.4,171.8,39667,17:25,17:20,True,57072.0,0.6950343425848051,5.250000000000002
2011-03-04,173.6,173.6,172.8,173.5,33440,17:25,17:20,True,59121.357142857145,0.5656162445526695,4.928571428571431
2011-03-07,172.0,172.4,171.1,171.4,19121,17:25,17:20,True,54108.07142857143,0.35338535444276203,4.82857142857143
2011-03-08,173.5,175.3,173.3,175.3,38977,17:25,17:20,True,53817.71428571428,0.7242410889669891,4.850000000000002
2011-03-09,174.4,174.9,174.0,174.0,11610,17:25,17:20,True,54454.57142857143,0.21320524054126375,4.800000000000002
2011-03-10,175.3,175.8,174.8,174.8,38644,17:25,17:20,True,52508.92857142857,0.7359510287366094,4.700000000000001
2011-03-11,171.8,171.9,170.5,171.0,48763,17:25,17:20,True,52893.857142857145,0.921902894475999,4.635714285714286
2011-03-14,169.1,170.3,169.0,170.3,67510,17:25,17:20,True,54505.857142857145,1.2385824852374974,4.535714285714287
2011-03-15,165.6,166.6,165.2,165.3,71110,17:25,17:20,True,55795.71428571428,1.2744706454668817,4.528571428571431
2011-03-16,166.0,166.6,165.6,166.6,74090,17:25,17:20,True,55288.857142857145,1.3400530202417433,4.678571428571431
2011-03-17,172.1,172.3,170.6,172.1,143450,17:25,17:20,True,56227.357142857145,2.5512492012657795,4.700000000000001
2011-03-18,171.7,172.1,171.3,171.5,81379,17:25,17:20,True,59768.57142857143,1.361568430613318,4.678571428571429
2011-03-21,177.0,178.6,176.9,177.0,73799,17:25,17:20,True,58555.57142857143,1.2603241365345252,4.628571428571427
2011-03-22,182.0,182.3,181.5,181.5,50403,17:25,17:20,True,60148.78571428572,0.8379720288855136,4.749999999999998
2011-03-23,178.4,178.4,178.0,178.4,22399,17:25,17:20,True,56568.78571428572,0.39596041734272935,4.864285714285714
2011-03-24,177.6,177.8,177.4,177.6,29625,17:25,17:20,True,55335.357142857145,0.535371985103815,4.857142857142855
2011-03-25,182.7,183.2,182.4,182.5,52090,17:25,17:20,True,55062.857142857145,0.9460097550850975,4.978571428571426
2011-03-28,180.1,181.6,180.1,180.4,40422,17:25,17:20,True,57417.78571428572,0.7039978901510109,4.785714285714282
2011-03-29,181.4,181.4,180.7,180.8,7355,17:25,17:20,True,57521.0,0.12786634446549955,4.699999999999997
2011-03-30,183.3,183.6,183.0,183.3,42061,17:25,17:20,True,57217.07142857143,0.7351127722869922,4.421428571428568
2011-03-31,183.5,184.5,183.0,184.5,17420,17:25,17:20,True,57461.142857142855,0.30316139105184126,4.471428571428567
2011-04-01,184.5,184.5,184.0,184.3,18678,17:25,17:20,True,55222.357142857145,0.3382325740221675,4.378571428571424
2011-04-04,186.7,186.7,186.2,186.5,26825,17:25,17:20,True,51734.357142857145,0.5185142230708799,4.385714285714282
2011-04-05,187.7,187.9,187.5,187.8,21136,17:25,17:20,True,48571.142857142855,0.4351555009147113,4.0071428571428545
2011-04-06,185.9,186.3,185.7,186.2,15872,17:25,17:20,True,44788.71428571428,0.35437498604559187,3.635714285714284
2011-04-07,188.0,188.8,188.0,188.6,60140,17:25,17:20,True,35676.0,1.685727099450611,3.5857142857142827
2011-04-08,185.5,185.6,184.5,185.1,19533,17:20,17:20,True,34158.92857142857,0.5718270688483454,3.464285714285712
2011-04-11,183.6,184.7,183.6,184.4,33454,17:25,17:20,True,30282.785714285714,1.1047200318898762,3.2071428571428555
2011-04-12,182.8,183.6,182.8,183.6,54312,17:25,17:20,True,29072.14285714286,1.8681801429940295,3.0428571428571405
2011-04-13,180.9,181.5,180.5,181.3,32003,17:25,17:20,True,31351.64285714286,1.0207758536235285,3.2857142857142856
2011-04-14,180.1,180.8,180.1,180.2,21017,17:25,17:20,True,31521.5,0.6667512650095966,3.1785714285714306
2011-04-15,180.7,180.8,180.0,180.8,21814,17:25,17:20,True,29302.0,0.7444543034605147,3.2714285714285722
2011-04-18,180.2,180.4,180.1,180.3,32182,17:25,17:20,True,27972.85714285714,1.1504723967110975,3.257142857142859
2011-04-19,186.0,186.3,184.4,184.7,687749,17:25,17:20,True,29746.214285714286,23.12055555688959,3.57857142857143
2011-04-20,188.5,189.8,188.5,189.8,148693,17:25,17:20,True,75866.78571428571,1.9599222321079712,4.2428571428571455
2011-04-26,193.3,193.7,192.3,192.5,50959,17:25,17:20,True,85243.42857142857,0.5978056121628145,4.478571428571432
2011-04-27,195.2,195.4,194.5,194.6,51708,17:25,17:20,True,87549.21428571429,0.5906163798483954,4.450000000000001
2011-04-28,194.5,195.0,194.5,194.7,72199,17:25,17:20,True,89326.57142857143,0.8082589407087316,4.507142857142859
2011-04-29,189.0,189.1,188.7,188.9,88255,17:25,17:20,True,92973.92857142857,0.9492446039020156,4.450000000000001
2011-05-02,191.3,192.3,191.3,191.8,25922,17:25,17:20,True,98144.14285714286,0.2641217218406164,4.578571428571432
2011-05-03,189.4,189.9,189.3,189.7,13533,17:25,17:20,True,95700.0,0.14141065830721003,4.528571428571431
2011-05-04,188.3,188.9,187.2,187.4,24718,17:25,17:20,True,95271.42857142857,0.2594481931324037,4.65714285714286
2011-05-05,185.6,186.0,185.6,185.9,13646,17:25,17:20,True,94647.42857142857,0.1441771869132359,4.757142857142861
2011-05-06,185.6,186.1,185.3,185.5,17469,17:25,17:20,True,91742.71428571429,0.1904129405371232,4.57857142857143
2011-05-09,184.5,184.9,184.3,184.8,10410,17:25,17:20,True,90704.57142857143,0.11476819564929787,4.657142857142858
2011-05-10,185.8,186.2,185.8,185.9,11763,17:25,17:20,True,89946.92857142857,0.1307771169824746,4.6714285714285735
2011-05-11,185.6,186.3,185.5,186.3,23698,17:25,17:20,True,89229.0,0.26558630041802556,4.6642857142857155
2011-05-12,187.3,188.0,187.3,187.5,34688,17:25,17:20,True,88623.0,0.3914108075781682,4.492857142857143
2011-05-13,186.9,187.3,186.7,187.1,20435,17:25,17:20,True,41975.78571428572,0.48682829045997605,3.7928571428571423
2011-05-16,185.0,185.0,184.2,185.0,27315,17:25,17:20,True,32814.5,0.8324064057047952,3.5642857142857145
2011-05-17,186.7,186.9,185.9,186.8,31948,17:25,17:20,True,31125.64285714286,1.0264205673319426,3.500000000000002
2011-05-18,185.5,186.2,185.5,186.0,13614,17:25,17:20,True,29714.214285714286,0.4581645628955839,3.528571428571429
2011-05-19,184.7,184.7,184.2,184.4,14346,17:25,17:20,True,25529.571428571428,0.5619365777501721,3.5428571428571423
2011-05-20,186.1,186.5,185.9,186.2,18561,17:25,17:20,True,20250.35714285714,0.9165764272235059,3.357142857142855
2011-05-23,183.1,183.4,183.1,183.1,18076,17:25,17:20,True,19724.571428571428,0.9164204183324642,3.2357142857142844
2011-05-24,181.1,182.2,181.0,181.3,21567,17:25,17:20,True,20049.071428571428,1.0757106670419365,3.299999999999997
2011-05-25,180.0,181.0,180.0,180.2,30093,17:25,17:20,True,19824.0,1.5180084745762712,3.164285714285711
2011-05-26,183.2,184.0,183.1,183.8,20207,17:25,17:20,True,20998.785714285714,0.96229373807329,3.2142857142857104
2011-05-27,181.6,181.6,180.5,181.0,21372,17:25,17:20,True,21194.35714285714,1.008381611008321,3.2857142857142816
2011-05-30,181.6,181.6,180.8,181.3,11038,17:25,17:20,True,21977.35714285714,0.5022441928868349,3.2714285714285682
2011-05-31,183.3,183.8,183.2,183.7,39381,17:25,17:20,True,21925.571428571428,1.7961219450217947,3.3428571428571394
2011-06-03,183.8,184.3,182.2,182.2,59637,17:25,17:20,True,23045.785714285714,2.5877616297990644,3.357142857142853
2011-06-07,180.3,180.5,179.7,180.4,72461,17:25,17:20,True,24827.85714285714,2.918536206450128,3.499999999999998
2011-06-08,179.8,180.8,179.8,180.7,29276,17:25,17:20,True,28544.0,1.0256446188340806,3.535714285714284
2011-06-09,176.0,176.4,175.9,176.4,33561,17:25,17:20,True,28684.071428571428,1.17002218752568,3.7357142857142844
2011-06-10,178.1,178.1,177.0,177.6,16824,17:25,17:20,True,28799.285714285714,0.5841811552865894,3.8142857142857145
2011-06-13,172.5,173.4,172.2,172.6,30310,17:25,17:20,True,29028.571428571428,1.0441437007874017,4.035714285714286
2011-06-14,172.8,173.5,172.7,173.4,57862,17:25,17:20,True,30168.85714285714,1.9179380818440968,4.064285714285715
2011-06-15,175.6,175.6,175.0,175.0,29138,17:25,17:20,True,32976.07142857143,0.883610410145885,4.25
2011-06-16,170.1,171.2,170.0,170.4,36591,17:25,17:20,True,33766.21428571428,1.0836571636483638,4.178571428571431
2011-06-17,170.8,171.4,170.3,170.7,51319,17:25,17:20,True,34839.357142857145,1.4730179948375297,4.32857142857143
2011-06-20,170.2,170.3,169.1,169.9,20085,17:25,17:20,True,36355.5,0.5524611131740726,4.414285714285717
2011-06-21,169.4,170.8,169.3,170.6,43614,17:25,17:20,True,36346.78571428572,1.1999410441088325,4.392857142857145
2011-06-22,175.4,175.4,174.9,175.1,36434,17:25,17:20,True,37935.5,0.9604196596855188,4.600000000000002
2011-06-23,170.8,171.2,170.6,170.8,19062,17:25,17:20,True,39749.5,0.47955320192706824,4.778571428571433
2011-06-27,167.4,170.9,167.3,170.1,56096,17:25,17:20,True,38298.142857142855,1.4647185428610863,4.800000000000005
2011-06-28,172.8,174.0,172.4,173.4,61883,17:25,17:20,True,38045.21428571428,1.6265646326832923,4.80714285714286
2011-06-29,177.3,179.2,176.7,178.9,85654,17:25,17:20,True,37289.642857142855,2.296991696277212,5.014285714285715
2011-06-30,180.9,181.6,180.8,181.1,41961,17:25,17:20,True,41316.642857142855,1.0155955832395456,4.942857142857142
2011-07-01,184.0,184.0,182.7,182.8,32991,17:25,17:20,True,41916.642857142855,0.7870620772860423,4.92142857142857
2011-07-04,184.0,184.0,183.3,183.9,21857,17:25,17:20,True,43071.42857142857,0.5074593698175788,4.75
2011-07-05,184.4,184.5,184.0,184.2,5257,17:25,17:20,True,42467.642857142855,0.12378836324125764,4.778571428571427
2011-07-06,185.2,185.2,183.1,184.3,19175,17:25,17:20,True,38710.142857142855,0.4953482106941334,4.5785714285714265
2011-07-07,185.0,185.2,184.6,185.1,10201,17:25,17:20,True,37998.5,0.2684579654460044,4.485714285714282
2011-07-08,188.0,188.2,187.5,188.2,39371,17:25,17:20,True,36113.5,1.090201725116646,4.371428571428568
2011-07-11,184.7,185.0,184.4,185.0,10837,17:25,17:20,True,35260.07142857143,0.3073448113102437,4.285714285714284
2011-07-12,181.0,181.2,180.8,180.9,52899,17:25,17:20,True,34599.5,1.5288949262272575,4.214285714285713
2011-07-13,180.6,180.8,180.1,180.8,23347,17:25,17:20,True,35262.71428571428,0.6620874335092916,4.178571428571424
2011-07-14,184.0,184.7,183.7,184.6,53211,17:25,17:20,True,34327.92857142857,1.5500789652740063,4.26428571428571
2011-07-15,176.7,177.0,174.3,174.3,504081,17:25,17:20,True,36767.142857142855,13.710094416598672,4.228571428571423
2011-07-18,174.0,174.2,173.2,174.0,45354,17:25,17:20,True,68766.07142857143,0.6595403671868914,4.621428571428568
2011-07-19,171.0,171.7,169.3,169.8,52436,17:25,17:20,True,67585.42857142857,0.7758477101995782,4.614285714285712
2011-07-20,174.1,174.6,174.0,174.1,40890,17:25,17:20,True,65212.71428571428,0.6270249666476082,4.607142857142855
2011-07-21,176.0,176.1,175.4,175.7,16316,17:25,17:20,True,65136.21428571428,0.25049045571533063,4.664285714285711
2011-07-22,176.0,176.2,175.4,175.6,10719,17:25,17:20,True,63945.142857142855,0.1676280561910209,4.785714285714282
2011-07-25,171.0,171.0,170.1,170.7,10752,17:25,17:20,True,63149.57142857143,0.17026243815702855,4.957142857142854
2011-07-26,172.4,173.0,172.4,172.6,11714,17:25,17:20,True,63542.07142857143,0.18435030109410075,5.021428571428568
2011-07-27,169.3,169.3,168.3,168.5,8334,17:25,17:20,True,63009.142857142855,0.13226651914461393,5.249999999999996
2011-07-28,166.0,166.5,165.8,166.0,61979,17:25,17:20,True,62875.78571428572,0.9857371847667907,5.407142857142854
2011-07-29,165.3,165.3,164.8,165.1,16979,17:25,17:20,True,64490.642857142855,0.2632785044120465,5.328571428571424
2011-08-01,169.4,169.9,168.7,169.3,81271,17:25,17:20,True,64929.357142857145,1.2516834229728793,5.34285714285714
2011-08-02,160.4,160.8,158.3,158.5,72322,17:25,17:20,True,66955.92857142857,1.080143335221569,5.607142857142855
2011-08-03,152.7,154.3,152.0,154.0,143229,17:25,17:20,True,70454.14285714286,2.0329393587318196,5.664285714285713
2011-08-04,153.8,154.4,153.4,153.9,74823,17:25,17:20,True,76884.0,0.973193382238177,5.828571428571428
2011-08-08,145.5,146.7,145.1,145.1,116769,17:25,17:20,True,46222.71428571428,2.5262255106487537,5.564285714285712
2011-08-09,138.9,139.6,137.2,139.6,142637,17:25,17:20,True,51323.78571428572,2.779159760233698,5.978571428571426
2011-08-11,145.3,145.9,143.8,145.5,53852,17:25,17:20,True,57766.71428571428,0.9322323532830326,6.764285714285712
2011-08-12,147.0,147.9,144.9,145.3,68965,17:25,17:20,True,58692.57142857143,1.175020932315601,7.057142857142856
2011-08-15,151.2,151.4,150.5,151.0,49745,17:25,17:20,True,62453.21428571428,0.7965162493066239,7.178571428571426
2011-08-16,150.5,150.8,150.0,150.0,41393,17:25,17:20,True,65240.78571428572,0.6344650749804843,7.071428571428571
2011-08-17,145.0,145.6,144.7,145.3,38531,17:25,17:20,True,67429.42857142857,0.571427058130617,7.571428571428571
2011-08-18,143.5,143.9,143.0,143.5,20006,17:25,17:20,True,69344.92857142857,0.2884998284970886,7.4785714285714295
2011-08-19,132.3,132.8,130.5,130.5,34727,17:25,17:20,True,70178.64285714286,0.49483715538203016,8.042857142857143
2011-08-22,129.3,130.3,129.0,130.3,23851,17:25,17:20,True,68232.07142857143,0.3495570264925689,8.414285714285715
2011-08-23,136.0,136.2,135.0,136.1,28014,17:25,17:20,True,68722.92857142857,0.40763687727427217,8.6
2011-08-24,137.2,137.4,136.5,136.5,36343,17:25,17:20,True,64918.857142857145,0.5598219315541159,8.292857142857143
2011-08-25,140.0,141.0,140.0,140.0,19713,17:25,17:20,True,62348.92857142857,0.3161722334557244,8.342857142857142
2011-08-26,134.9,135.3,134.6,135.1,13663,17:25,17:20,True,53526.357142857145,0.25525742324542383,8.39285714285714
2011-08-29,139.3,139.5,138.4,139.1,9542,17:25,17:20,True,49157.78571428572,0.1941096382058357,8.171428571428569
2011-08-30,142.3,142.5,142.0,142.5,16912,17:25,17:20,True,41498.71428571428,0.4075306980250679,7.692857142857142
2011-08-31,143.4,144.2,143.2,143.6,102030,17:25,17:20,True,32518.35714285714,3.137612381577878,6.764285714285715
2011-09-01,149.9,150.0,148.5,148.8,26843,17:25,17:20,True,35959.642857142855,0.7464757118595251,6.792857142857143
2011-09-02,146.9,147.0,146.3,146.5,66579,17:25,17:20,True,32950.92857142857,2.020550038693902,6.614285714285716
2011-09-05,139.9,140.0,138.7,139.9,18359,17:25,17:20,True,34153.357142857145,0.5375459848122021,6.857142857142859
2011-09-06,133.0,134.5,133.0,134.3,86103,17:25,17:20,True,32508.071428571428,2.6486652765357177,6.721428571428573
2011-09-07,138.0,138.8,138.0,138.4,56341,17:25,17:20,True,35906.07142857143,1.5691218158488915,6.721428571428573
2011-09-08,140.8,140.8,140.1,140.4,30754,17:25,17:20,True,38501.42857142857,0.7987755556380097,6.135714285714286
2011-09-09,139.8,139.9,138.7,139.9,5727,17:25,17:20,True,38217.642857142855,0.1498522559700363,5.82857142857143
2011-09-12,130.5,131.3,130.0,130.9,37141,17:25,17:20,True,36923.07142857143,1.0059022330211655,5.821428571428571
2011-09-13,134.2,134.8,133.3,133.3,19092,17:25,17:20,True,37575.0,0.5081037924151697,5.742857142857143
2011-09-14,131.6,132.9,131.0,132.9,41287,17:25,17:20,True,36342.78571428572,1.1360438994573494,5.485714285714287
2011-09-15,141.0,141.0,140.0,140.4,54580,17:25,17:20,True,37883.78571428572,1.4407219070352373,5.642857142857143
2011-09-16,145.2,145.5,144.3,144.4,55017,17:25,17:20,True,40806.42857142857,1.3482434490363913,5.742857142857143
2011-09-19,146.0,146.2,142.4,142.8,293231,17:25,17:20,True,44054.642857142855,6.656074842119771,5.707142857142857
2011-09-20,137.5,138.4,137.5,138.1,53099,17:25,17:20,True,63791.71428571428,0.8323808286790493,6.128571428571427
2011-09-21,142.2,142.3,141.7,142.0,25923,17:25,17:20,True,60296.642857142855,0.42992443313001316,5.778571428571429
2011-09-22,135.8,136.4,135.1,135.1,46477,17:25,17:20,True,60230.92857142857,0.771646745324246,5.621428571428571
2011-09-23,133.8,134.0,133.6,133.7,20914,17:25,17:20,True,58795.07142857143,0.3557100874587399,5.664285714285711
2011-09-26,128.2,129.3,127.5,127.7,25657,17:25,17:20,True,58977.57142857143,0.43502978129700637,5.699999999999997
2011-09-27,134.4,135.1,134.4,134.5,47359,17:25,17:20,True,54660.0,0.8664288327844859,5.864285714285712
2011-09-28,137.3,137.5,136.0,136.0,45062,17:25,17:20,True,54018.42857142857,0.8341967952735706,6.121428571428571
2011-09-29,133.6,134.2,133.5,133.6,29640,17:25,17:20,True,55040.42857142857,0.5385132487029015,6.199999999999998
2011-09-30,136.8,136.9,135.5,135.5,30103,17:25,17:20,True,56748.5,0.530463360265029,6.121428571428571
2011-10-03,128.2,128.3,127.0,127.6,50248,17:25,17:20,True,56245.78571428572,0.8933647092290089,6.357142857142855
2011-10-04,125.2,125.8,125.2,125.5,31180,17:25,17:20,True,58471.21428571428,0.5332538477419292,6.392857142857141
2011-10-05,123.9,124.7,123.7,123.7,43325,17:25,17:20,True,57749.28571428572,0.7502257294462517,6.371428571428571
2011-10-06,125.9,127.3,125.8,126.1,61456,17:25,17:20,True,56945.357142857145,1.0792100196303474,6.378571428571427
2011-10-07,131.4,131.5,130.5,130.5,30373,17:25,17:20,True,57405.28571428572,0.529097619183898,6.5
2011-10-10,132.7,133.2,132.5,133.2,26609,17:25,17:20,True,38629.71428571428,0.6888220762699329,6.2285714285714295
2011-10-11,137.8,137.8,136.0,136.0,29711,17:25,17:20,True,36737.57142857143,0.8087360934504575,6.421428571428572
2011-10-12,137.6,137.7,136.0,136.0,20993,17:25,17:20,True,37008.142857142855,0.5672535387964811,6.500000000000002
2011-10-13,139.2,140.5,139.2,140.1,25990,17:25,17:20,True,35187.857142857145,0.7386070681850475,6.342857142857146
2011-10-14,138.6,138.9,138.2,138.6,12659,17:25,17:20,True,35550.42857142857,0.3560857212892752,6.142857142857145
2011-10-17,142.3,144.0,142.3,143.5,68644,17:25,17:20,True,34622.0,1.982669978626307,6.007142857142859
2011-10-18,138.8,138.9,137.6,137.9,28861,17:25,17:20,True,36142.357142857145,0.7985367386505346,6.007142857142859
2011-10-19,143.7,144.0,142.7,142.7,45199,17:25,17:20,True,34985.142857142855,1.2919484189206847,6.049999999999999
2011-10-20,133.7,134.1,132.2,132.5,82943,17:25,17:20,True,36096.5,2.2978128073358914,6.464285714285714
2011-10-21,132.4,133.3,132.2,132.5,14419,17:25,17:20,True,39870.78571428572,0.3616432368132055,6.307142857142858
2011-10-24,137.9,137.9,137.5,137.7,27393,17:25,17:20,True,37311.57142857143,0.7341690245461959,6.285714285714287
2011-10-25,140.9,141.2,140.9,141.0,9995,17:25,17:20,True,37041.07142857143,0.26983560719278793,6.021428571428572
2011-10-26,141.2,141.8,141.0,141.8,23757,17:25,17:20,True,34660.357142857145,0.6854228276437675,5.871428571428573
2011-10-27,147.1,148.3,146.5,147.6,126354,17:25,17:20,True,31967.571428571428,3.9525680041828104,5.842857142857143
2011-10-28,151.8,151.8,151.5,151.7,51988,17:25,17:20,True,38823.357142857145,1.3390907903379223,6.185714285714285
2011-10-31,149.3,149.8,149.0,149.0,15789,17:25,17:20,True,40636.142857142855,0.38854573514781005,5.8999999999999995
2011-11-01,140.1,141.2,139.4,140.0,98557,17:25,17:20,True,39641.71428571428,2.4861941965894516,6.071428571428569
2011-11-02,140.1,140.2,139.0,139.8,39348,17:25,17:20,True,45182.0,0.8708777831879952,6.299999999999999
2011-11-03,139.3,139.8,139.1,139.8,22958,17:25,17:20,True,46136.142857142855,0.4976142039244101,6.257142857142857
2011-11-07,144.6,144.6,143.0,143.5,72671,17:25,17:20,True,46871.78571428572,1.550420981248238,6.5214285714285705
2011-11-08,143.3,143.3,142.4,143.0,8165,17:25,17:20,True,47159.42857142857,0.1731361097311248,6.29285714285714
2011-11-09,138.0,138.6,137.5,138.5,33134,17:25,17:20,True,45681.142857142855,0.7253321157839434,6.564285714285712
2011-11-10,131.8,133.7,131.3,133.2,57092,17:25,17:20,True,44819.357142857145,1.2738246070336319,6.235714285714285
2011-11-11,134.9,135.3,134.7,134.8,16910,17:25,17:20,True,42972.857142857145,0.3935042053123234,6.249999999999998
2011-11-14,138.7,139.0,138.5,138.5,15909,17:25,17:20,True,43150.78571428572,0.36868390080630875,6.26428571428571
2011-11-15,134.9,135.0,134.0,135.0,21513,17:25,17:20,True,42330.5,0.5082151167597831,6.149999999999996
2011-11-16,132.6,133.5,131.3,132.1,58721,17:25,17:20,True,43153.21428571428,1.3607561098742853,6.1714285714285655
2011-11-17,132.2,132.6,132.1,132.6,6834,17:25,17:20,True,45650.642857142855,0.14970216348072082,6.164285714285707
2011-11-18,128.0,129.1,128.0,128.5,10709,17:25,17:20,True,37113.5,0.2885472941113072,5.799999999999993
2011-11-21,129.4,129.4,129.1,129.2,20881,17:25,17:20,True,34165.0,0.6111810332211327,5.814285714285708
2011-11-22,124.3,125.1,124.1,124.5,22128,17:25,17:20,True,34528.71428571428,0.6408579194955751,5.871428571428566
2011-11-23,121.3,121.5,121.0,121.5,31553,17:25,17:20,True,29069.5,1.085433185985311,5.45714285714285
2011-11-24,120.7,121.4,120.5,121.1,44324,17:25,17:20,True,28512.714285714286,1.5545345685383463,5.449999999999994
2011-11-25,121.6,122.5,121.3,121.8,83187,17:25,17:20,True,30038.85714285714,2.7693130802008827,5.228571428571422
2011-11-28,124.1,124.5,123.8,124.1,46699,17:25,17:20,True,30790.0,1.5166937317310816,5.178571428571424
2011-11-29,130.1,131.0,130.0,130.0,131298,17:25,17:20,True,33542.42857142857,3.9143856182148835,4.985714285714281
2011-11-30,133.0,133.3,132.4,132.8,221947,17:25,17:20,True,40554.142857142855,5.472856393040697,4.949999999999996
2011-12-01,144.1,145.0,143.7,144.1,36273,17:25,17:20,True,52329.5,0.6931654229449928,5.485714285714283
2011-12-02,143.7,144.6,143.4,143.4,40560,17:25,17:20,True,53712.57142857143,0.7551304828877518,5.4499999999999975
2011-12-05,144.1,144.5,144.0,144.1,20358,17:25,17:20,True,55473.357142857145,0.36698698345537817,5.492857142857142
2011-12-06,142.9,143.6,142.2,142.6,103399,17:25,17:20,True,55390.857142857145,1.8667160129572697,5.4071428571428575
2011-12-07,142.4,143.0,142.2,142.2,27494,17:25,17:20,True,58582.142857142855,0.4693239041638725,5.321428571428572
2011-12-08,142.7,142.9,142.4,142.8,17174,17:25,17:20,True,60057.857142857145,0.2859575885158359,5.285714285714285
2011-12-09,134.5,135.5,134.4,135.3,22060,17:25,17:20,True,60519.642857142855,0.364509751851524,5.514285714285713
2011-12-12,140.5,142.2,140.5,141.3,204644,17:25,17:20,True,60603.857142857145,3.376748768937385,5.5071428571428545
2011-12-13,137.7,138.0,137.0,138.0,10515,17:25,17:20,True,73640.71428571429,0.14278785997652696,5.678571428571424
2011-12-14,136.5,138.1,136.5,137.4,16479,17:25,17:20,True,72138.0,0.22843716210596357,5.664285714285709
2011-12-15,134.5,134.6,133.7,133.9,10897,17:25,17:20,True,70149.07142857143,0.15534061646269626,5.749999999999994
2011-12-16,135.8,136.3,135.0,135.1,22886,17:25,17:20,True,64985.5,0.35217086888613613,5.764285714285708
2011-12-19,134.9,140.1,134.0,139.6,241669,17:25,17:20,True,63284.57142857143,3.818766478852891,5.428571428571423
2011-12-20,134.7,134.7,133.8,134.0,22537,17:25,17:20,True,71168.21428571429,0.3166722704257017,5.449999999999993
2011-12-21,141.3,141.3,140.8,141.1,18748,17:25,17:20,True,56924.642857142855,0.32934769651607076,4.971428571428563
2011-12-22,140.2,141.5,140.2,141.5,8807,17:25,17:20,True,55672.857142857145,0.1581919889148341,4.914285714285707
2011-12-23,142.0,142.7,142.0,142.7,15031,17:25,17:20,True,53404.78571428572,0.28145417679260953,4.82857142857142
2011-12-27,142.0,142.2,141.8,141.8,7200,17:25,17:20,True,53024.28571428572,0.13578683622059973,4.814285714285704
2011-12-28,141.8,142.0,141.5,141.9,8251,17:25,17:20,True,46152.92857142857,0.17877522088832004,4.664285714285705
2011-12-29,142.0,142.2,141.9,142.1,6505,17:25,17:20,True,44778.42857142857,0.14527084150850697,4.65714285714285
2011-12-30,144.0,144.6,143.9,144.6,16889,17:25,17:20,True,44016.357142857145,0.38369826801400125,4.285714285714279
2012-01-02,145.8,146.2,145.8,146.0,10730,17:25,17:20,True,43647.0,0.2458359108300685,3.9571428571428533
2012-01-03,146.7,147.6,146.6,147.4,22197,17:25,17:20,True,29796.0,0.7449657672170761,3.757142857142855
2012-01-04,152.8,152.8,152.0,152.3,49589,17:25,17:20,True,30630.428571428572,1.618945679599651,3.892857142857143
2012-01-09,148.9,149.0,147.2,147.6,52934,17:25,17:20,True,32995.42857142857,1.60428284437671,3.7357142857142867
2012-01-10,148.9,149.6,148.6,148.6,28044,17:25,17:20,True,35998.07142857143,0.7790417343786274,3.6285714285714294
2012-01-11,150.1,150.1,149.4,149.6,7770,17:25,17:20,True,36366.5,0.21365817441876453,3.72857142857143
2012-01-12,149.2,149.3,148.7,149.3,19976,17:25,17:20,True,19659.428571428572,1.0161027787466572,3.5714285714285734
2012-01-13,152.6,153.8,151.5,153.6,72172,17:25,17:20,True,19476.5,3.705593920879008,3.7714285714285745
2012-01-16,151.7,152.9,151.2,152.0,76582,17:25,17:20,True,23292.5,3.287839433293979,3.857142857142859
2012-01-17,153.3,154.0,153.0,154.0,87657,17:25,17:20,True,28133.571428571428,3.1157437733262245,3.971428571428573
2012-01-18,155.8,155.8,154.5,154.9,34965,17:25,17:20,True,33321.142857142855,1.0493337563451777,4.15714285714286
2012-01-19,157.0,157.0,156.1,156.2,23249,17:25,17:20,True,35304.357142857145,0.6585306143919912,4.314285714285717
2012-01-20,157.7,158.0,157.4,158.0,44390,17:25,17:20,True,36375.642857142855,1.2203220758003295,4.342857142857146
2012-01-23,156.7,156.7,155.5,156.1,34893,17:25,17:20,True,39081.71428571428,0.8928216337929321,4.471428571428573
2012-01-24,157.0,157.3,156.1,156.7,98789,17:25,17:20,True,40367.71428571428,2.447227982758499,4.564285714285715
2012-01-25,156.9,157.9,156.5,157.8,59003,17:25,17:20,True,46657.642857142855,1.2645945312894689,4.6642857142857155
2012-01-26,158.5,158.7,158.3,158.3,38595,17:25,17:20,True,49286.642857142855,0.7830722029874799,4.478571428571428
2012-01-27,157.4,158.2,157.2,158.0,65787,17:25,17:20,True,48501.357142857145,1.3563950346013882,5.349999999999999
2012-01-30,160.2,160.2,159.7,159.8,26302,17:25,17:20,True,49419.42857142857,0.5322198325701863,5.549999999999997
2012-01-31,159.1,159.8,159.0,159.4,22366,17:25,17:20,True,49295.0,0.4537174155593874,5.678571428571426
2012-02-01,160.7,161.0,160.2,160.6,110887,17:25,17:20,True,50337.57142857143,2.202867497438721,5.728571428571426
2012-02-02,166.7,167.0,166.0,166.8,35716,17:25,17:20,True,56831.21428571428,0.6284574498169392,5.5214285714285705
2012-02-03,164.4,164.7,164.1,164.3,13455,17:25,17:20,True,54227.21428571428,0.2481226479587872,5.457142857142857
2012-02-06,166.2,166.3,165.0,165.2,37746,17:25,17:20,True,49718.142857142855,0.7591997172633158,5.400000000000001
2012-02-07,166.8,166.9,165.9,166.8,35025,17:25,17:20,True,46153.07142857143,0.7588877384727529,5.435714285714288
2012-02-08,167.0,167.2,166.5,167.2,24049,17:25,17:20,True,46157.357142857145,0.5210220317763922,5.378571428571432
2012-02-09,165.9,166.5,165.9,166.4,8337,17:25,17:20,True,46214.5,0.18039792705752525,5.314285714285715
2012-02-10,164.2,165.0,164.0,164.7,37466,17:25,17:20,True,43639.28571428572,0.8585383419265078,5.278571428571429
2012-02-13,164.0,164.6,164.0,164.4,18988,17:25,17:20,True,43823.07142857143,0.43328774960351935,5.2714285714285705
2012-02-14,165.5,165.9,165.0,165.2,17662,17:25,17:20,True,38123.0,0.4632898775017706,5.278571428571429
2012-02-15,165.2,166.5,165.1,166.1,14071,17:25,17:20,True,35170.07142857143,0.40008448741929525,5.257142857142857
2012-02-16,165.5,165.9,164.6,165.2,97040,17:25,17:20,True,33418.357142857145,2.903793253066642,4.32857142857143
2012-02-17,168.8,168.9,168.6,168.6,46637,17:25,17:20,True,35650.71428571428,1.308164532868506,4.150000000000001
2012-02-20,171.0,171.0,170.7,170.9,14170,17:25,17:20,True,37103.21428571428,0.3819076129330343,3.9571428571428595
2012-02-21,174.3,174.5,173.7,174.0,36471,17:25,17:20,True,36517.78571428572,0.9987188238999,3.971428571428575
2012-02-22,172.4,173.0,172.4,172.6,11812,17:25,17:20,True,31202.35714285714,0.37856114350335257,3.7071428571428595
2012-02-23,169.2,169.7,169.2,169.5,21258,17:25,17:20,True,29494.928571428572,0.7207340729277915,3.8142857142857167
2012-02-24,169.6,170.1,169.5,169.7,27725,17:25,17:20,True,30052.285714285714,0.9225587785098353,3.9000000000000017
2012-02-27,169.8,169.8,169.0,169.0,20527,17:25,17:20,True,29336.5,0.6997085541901726,3.692857142857144
2012-02-28,167.6,168.0,167.6,167.6,8473,17:25,17:20,True,28300.928571428572,0.29938946980538245,3.800000000000001
2012-02-29,168.6,168.7,168.5,168.6,12855,17:25,17:20,True,27188.35714285714,0.4728126797972872,3.750000000000004
2012-03-01,166.1,167.1,166.1,166.8,49514,17:25,17:20,True,27511.071428571428,1.7997845023432126,3.700000000000005
2012-03-02,168.2,168.4,168.1,168.4,9083,17:25,17:20,True,28371.64285714286,0.3201436041520331,3.7071428571428635
2012-03-05,166.0,166.0,165.8,165.9,45912,17:25,17:20,True,27664.14285714286,1.659621273541304,3.550000000000005
2012-03-06,162.9,162.9,162.3,162.4,46861,17:25,17:20,True,29682.0,1.5787682770702782,3.5428571428571485
2012-03-07,156.3,156.5,155.6,156.4,46689,17:25,17:20,True,32024.14285714286,1.4579312929084753,3.892857142857147
2012-03-08,162.4,164.8,161.1,163.9,475059,17:25,17:20,True,28427.64285714286,16.711163932490255,3.86428571428572
2012-03-09,167.0,167.5,167.0,167.1,28767,17:25,17:20,True,59029.21428571428,0.4873349636802116,4.350000000000004
2012-03-12,166.5,166.8,166.3,166.3,5672,17:25,17:20,True,60071.857142857145,0.0944202538388549,4.1857142857142895
2012-03-13,167.4,167.9,167.3,167.3,36110,17:25,17:20,True,57871.92857142857,0.6239639993236297,4.228571428571432
2012-03-14,168.5,168.6,167.6,167.7,73596,17:25,17:20,True,59607.5,1.2346768443568343,3.971428571428575
2012-03-15,170.3,170.5,169.7,170.0,19929,17:25,17:20,True,63345.92857142857,0.31460585470032465,3.8285714285714323
2012-03-16,170.4,170.5,170.0,170.4,36418,17:25,17:20,True,62789.07142857143,0.5800053922031473,3.7928571428571467
2012-03-19,170.7,171.4,170.6,171.4,25538,17:25,17:20,True,63924.142857142855,0.3995047701628493,3.6214285714285745
2012-03-20,169.5,169.5,168.6,168.8,23099,17:25,17:20,True,65143.07142857143,0.3545887458703535,3.635714285714286
2012-03-21,164.1,164.9,164.1,164.5,24602,17:25,17:20,True,65874.78571428571,0.3734661104888387,3.9214285714285717
2012-03-22,161.1,161.6,161.1,161.5,26221,17:25,17:20,True,64095.357142857145,0.40909359380833243,3.9928571428571433
2012-03-23,158.9,159.4,158.6,159.0,19042,17:25,17:20,True,65319.5,0.2915209087638454,4.278571428571429
2012-03-26,161.5,161.5,160.5,160.9,11505,17:25,17:20,True,63400.21428571428,0.181466263633629,4.221428571428573
2012-03-27,165.0,165.2,164.6,164.7,57865,17:25,17:20,True,60874.78571428572,0.9505577608369404,3.9000000000000017
2012-03-28,162.1,162.1,161.0,162.0,8629,17:25,17:20,True,61673.07142857143,0.13991519799681038,3.9214285714285717
2012-03-29,158.5,159.1,158.2,159.0,34736,17:25,17:20,True,28356.64285714286,1.2249687022189308,3.592857142857144
2012-03-30,158.2,159.6,158.1,159.2,25013,17:25,17:20,True,28783.0,0.869019907584338,3.6571428571428584
2012-04-02,162.5,162.5,161.5,161.5,19494,17:25,17:20,True,30164.5,0.6462563609541017,3.8500000000000005
2012-04-03,162.7,163.4,162.6,162.6,13282,17:25,17:20,True,28977.64285714286,0.4583533610887211,3.9571428571428555
2012-04-04,163.0,163.3,162.7,162.9,14765,17:25,17:20,True,24669.5,0.5985123330428261,4.028571428571427
2012-04-10,156.5,156.9,155.4,155.8,58141,17:25,17:20,True,24300.64285714286,2.392570449341434,4.449999999999998
2012-04-11,152.3,153.9,152.1,153.8,56998,17:25,17:20,True,25852.285714285714,2.20475669462772,4.571428571428569
2012-04-12,157.0,157.0,155.9,155.9,28913,17:25,17:20,True,28099.428571428572,1.0289533086590474,4.678571428571429
2012-04-13,159.3,159.3,158.5,158.7,11796,17:25,17:20,True,28514.714285714286,0.4136811570968372,4.6000000000000005
2012-04-16,155.8,155.8,155.0,155.5,15812,17:25,17:20,True,27600.0,0.5728985507246377,4.607142857142857
2012-04-17,158.0,158.0,156.6,156.9,54805,17:25,17:20,True,26856.5,2.0406605477258766,4.492857142857143
2012-04-18,161.0,161.0,159.7,159.8,58360,17:25,17:20,True,29411.0,1.984291591581381,4.614285714285716
2012-04-19,165.5,167.0,164.0,164.7,728006,17:25,17:20,True,32757.785714285714,22.22390751162755,4.692857142857144
2012-04-20,164.6,165.9,164.6,165.5,73160,17:25,17:20,True,80625.0,0.9074108527131783,5.085714285714287
2012-04-23,167.9,168.0,167.1,167.1,32711,17:25,17:20,True,85234.35714285714,0.3837771656466499,5.085714285714287
2012-04-24,162.6,162.7,162.0,162.0,48759,17:25,17:20,True,85089.71428571429,0.5730304821129967,5.45714285714286
2012-04-25,163.2,163.7,162.3,163.4,61751,17:25,17:20,True,86785.85714285714,0.7115329851308887,5.350000000000002
2012-04-26,159.1,159.8,159.0,159.7,68733,17:25,17:20,True,89804.21428571429,0.7653649725315149,5.385714285714288
2012-04-27,156.4,159.7,156.2,158.0,105848,17:25,17:20,True,93765.0,1.1288647149789368,5.771428571428574
2012-05-02,161.6,161.6,159.9,160.0,84221,17:25,17:20,True,100270.92857142857,0.839934377789318,5.500000000000004
2012-05-03,158.0,158.5,157.5,157.5,25552,17:25,17:20,True,102133.78571428571,0.2501816594900386,5.528571428571433
2012-05-04,157.6,158.3,157.0,157.6,22722,17:25,17:20,True,99887.64285714286,0.22747558506808008,5.4357142857142895
2012-05-07,151.6,151.6,150.3,151.0,32549,17:25,17:20,True,99445.42857142857,0.3273051407950951,5.442857142857146
2012-05-08,153.7,154.0,152.8,153.9,31254,17:25,17:20,True,100927.78571428571,0.30966695423672796,5.4357142857142895
2012-05-09,151.7,151.7,151.1,151.4,29340,17:25,17:20,True,102030.78571428571,0.28756026717426325,5.450000000000003
2012-05-10,150.1,150.3,149.2,149.2,72750,17:25,17:20,True,100211.85714285714,0.7259619976535425,5.500000000000002
2012-05-11,150.4,150.5,149.3,149.8,6435,17:25,17:20,True,101239.71428571429,0.06356201264890401,5.428571428571431
2012-05-14,150.0,150.6,149.8,149.8,33754,17:25,17:20,True,49698.92857142857,0.6791695710600257,5.021428571428574
2012-05-15,147.6,147.7,147.1,147.5,28119,17:25,17:20,True,46884.21428571428,0.5997541054786946,5.114285714285716
2012-05-18,141.0,141.1,140.5,140.8,134045,17:25,17:20,True,46556.21428571428,2.879207471152386,4.842857142857143
2012-05-21,140.0,140.9,139.7,140.7,46554,17:25,17:20,True,52648.07142857143,0.8842489142866446,4.9785714285714295
2012-05-22,145.6,146.1,145.3,146.0,65786,17:25,17:20,True,51562.57142857143,1.2758479295613097,5.078571428571432
2012-05-23,147.0,147.2,145.7,146.6,26449,17:25,17:20,True,51352.07142857143,0.5150522513349719,4.78571428571429
2012-05-24,143.8,144.6,143.8,144.5,11509,17:25,17:20,True,45680.71428571428,0.2519443966663018,4.950000000000003
2012-05-25,144.5,145.0,144.0,144.7,12543,17:25,17:20,True,40487.0,0.30980314668906067,4.814285714285717
2012-05-28,143.5,144.3,143.5,143.9,19832,17:25,17:20,True,39557.78571428572,0.5013425206163136,4.835714285714289
2012-05-29,145.0,146.5,145.0,146.4,48434,17:25,17:20,True,39351.357142857145,1.230808884790686,4.778571428571431
2012-05-30,147.0,147.2,146.5,146.8,18282,17:25,17:20,True,40486.0,0.4515635034332856,4.835714285714289
2012-05-31,146.6,147.0,146.4,146.4,20673,17:25,17:20,True,39559.42857142857,0.5225808548440682,4.700000000000005
2012-06-01,145.4,145.7,144.1,145.0,70917,17:25,17:20,True,38940.357142857145,1.8211697376023772,4.700000000000005
2012-06-04,138.5,138.5,137.9,138.4,29636,17:25,17:20,True,38809.42857142857,0.7636288678009026,4.98571428571429
2012-06-05,140.0,140.5,139.8,140.5,15141,17:25,17:20,True,40466.642857142855,0.37416002245235497,5.050000000000005
2012-06-07,142.0,143.2,141.8,142.3,158909,17:25,17:20,True,39137.142857142855,4.06031172433932,4.792857142857151
2012-06-08,144.5,144.5,143.0,143.4,76301,17:25,17:20,True,48479.28571428572,1.5738887006232412,5.028571428571435
2012-06-11,145.4,145.8,145.2,145.7,77673,17:25,17:20,True,44354.71428571428,1.7511780033045288,4.928571428571437
2012-06-12,142.0,142.9,141.9,142.9,54737,17:25,17:20,True,46577.5,1.175181149696742,4.86428571428572
2012-06-13,144.3,144.4,143.9,144.4,17257,17:25,17:20,True,45788.28571428572,0.3768867895094815,4.800000000000005
2012-06-14,133.3,133.6,133.0,133.0,76315,17:25,17:20,True,45131.71428571428,1.6909395357081813,5.292857142857149
2012-06-15,133.0,133.0,132.4,132.6,74236,17:25,17:20,True,49760.71428571428,1.4918596138663605,5.500000000000006
2012-06-18,133.0,133.6,133.0,133.5,90708,17:25,17:20,True,54167.357142857145,1.674587884374221,5.435714285714291
2012-06-19,132.4,132.9,132.2,132.8,33745,17:25,17:20,True,59229.92857142857,0.5697288653540259,5.4571428571428635
2012-06-20,135.1,135.1,134.6,134.9,45223,17:25,17:20,True,58180.71428571428,0.7772850600960063,5.350000000000007
2012-06-21,136.7,136.8,136.4,136.4,23056,17:25,17:20,True,60105.07142857143,0.3835949188979775,5.350000000000004
2012-06-25,132.0,132.4,131.2,132.1,73605,17:25,17:20,True,60275.28571428572,1.221147260071055,5.171428571428576
2012-06-26,129.4,130.5,129.4,129.8,21716,17:25,17:20,True,60467.28571428572,0.3591363452728866,5.000000000000006
2012-06-27,128.6,129.2,128.4,129.2,26055,17:25,17:20,True,59901.57142857143,0.4349635473431415,4.928571428571433
2012-06-28,131.6,131.8,131.4,131.6,18303,17:25,17:20,True,60681.142857142855,0.3016258286876601,4.964285714285717
2012-06-29,132.6,133.0,131.4,131.9,42791,17:25,17:20,True,50637.857142857145,0.8450397077285486,4.664285714285719
2012-07-02,136.6,137.0,136.0,136.0,36155,17:25,17:20,True,48244.28571428572,0.7494151787036214,4.878571428571433
2012-07-03,136.3,136.7,136.3,136.4,11688,17:25,17:20,True,45278.71428571428,0.258134538146275,4.8285714285714345
2012-07-04,139.0,139.0,138.0,138.4,14413,17:25,17:20,True,42203.78571428572,0.34150964791580984,4.7571428571428624
2012-07-05,139.0,139.1,139.0,139.1,2316,17:25,17:20,True,42000.642857142855,0.05514201313245206,4.028571428571433
2012-07-06,138.4,138.5,138.1,138.4,14041,17:25,17:20,True,36715.0,0.3824322483998366,3.88571428571429
2012-07-09,134.9,134.9,134.5,134.5,24741,17:25,17:20,True,32415.35714285714,0.7632493416920992,4.014285714285718
2012-07-10,134.1,134.3,133.8,134.2,7988,17:25,17:20,True,27703.428571428572,0.2883397619686062,3.864285714285718
2012-07-11,134.8,135.0,134.3,134.4,44434,17:25,17:20,True,25863.64285714286,1.7180101134797605,3.857142857142859
2012-07-12,133.1,133.5,133.0,133.4,51933,17:25,17:20,True,25807.285714285714,2.012338708338177,3.8500000000000023
2012-07-13,132.7,132.7,132.4,132.5,16822,17:25,17:20,True,27869.928571428572,0.6035896345010879,3.892857142857145
2012-07-16,135.1,135.3,135.0,135.1,11599,17:25,17:20,True,23814.0,0.487066431510876,3.757142857142859
2012-07-17,136.5,136.8,135.0,136.5,16759,17:25,17:20,True,23091.35714285714,0.7257693818652001,3.6428571428571437
2012-07-18,130.0,131.5,129.7,131.4,367102,17:25,17:20,True,22427.35714285714,16.368491287744877,3.742857142857144
2012-07-19,131.8,131.8,130.7,130.8,71254,17:25,17:20,True,47341.57142857143,1.5051042424205847,4.0928571428571425
2012-07-20,133.0,133.0,132.5,132.9,63693,17:25,17:20,True,49374.642857142855,1.289994141006445,3.6785714285714275
2012-07-23,131.0,132.0,130.7,131.2,32304,17:25,17:20,True,51341.642857142855,0.6291968507880682,3.664285714285712
2012-07-24,131.9,132.4,131.2,132.3,25542,17:25,17:20,True,52814.21428571428,0.4836198047333037,3.6571428571428535
2012-07-25,132.6,133.0,132.3,132.5,28580,17:25,17:20,True,53609.142857142855,0.5331180182484864,3.6285714285714263
2012-07-26,134.5,134.5,133.3,133.3,22424,17:25,17:20,True,55485.142857142855,0.4041442239363948,3.599999999999999
2012-07-27,138.5,138.5,138.1,138.1,11168,17:25,17:20,True,56083.92857142857,0.19913013022574585,3.6571428571428575
2012-07-30,141.3,141.4,140.2,140.2,19372,17:25,17:20,True,55114.42857142857,0.3514869064621398,3.671428571428571
2012-07-31,141.8,141.8,140.6,140.6,11672,17:25,17:20,True,55927.57142857143,0.20869849524768003,3.585714285714286
2012-08-01,139.9,140.6,139.9,140.0,69471,17:25,17:20,True,53587.42857142857,1.2964048070976135,3.52857142857143
2012-08-02,140.0,140.1,139.6,139.7,8673,17:25,17:20,True,54840.142857142855,0.15815057270352012,3.4428571428571453
2012-08-03,139.5,139.5,138.7,139.0,7099,17:25,17:20,True,54258.07142857143,0.1308376765537188,3.364285714285717
2012-08-06,142.7,142.9,142.6,142.7,8474,17:25,17:20,True,53936.642857142855,0.1571102603186543,3.557142857142861
2012-08-07,145.5,145.5,144.3,144.3,8624,17:25,17:20,True,53344.857142857145,0.1616650687976348,3.5142857142857165
2012-08-08,145.2,145.4,144.7,145.4,5881,17:25,17:20,True,27739.285714285714,0.21200978498776876,3.0428571428571467
2012-08-09,146.4,146.5,145.8,146.2,7109,17:25,17:20,True,23069.785714285714,0.30815197366995173,3.07857142857143
2012-08-10,146.6,146.6,146.5,146.5,1094,17:25,17:20,True,19028.071428571428,0.057494003220805355,3.0500000000000034
2012-08-13,144.8,145.0,144.4,144.9,12554,17:25,17:20,True,16798.785714285714,0.7473159199431932,3.0714285714285756
2012-08-14,145.5,145.6,145.4,145.6,3981,17:25,17:20,True,15871.07142857143,0.2508337271315736,2.9928571428571473
2012-08-15,144.5,144.7,144.0,144.6,8735,17:25,17:20,True,14114.0,0.6188890463369704,2.9000000000000035
2012-08-16,143.4,143.9,143.3,143.8,2570,17:25,17:20,True,13136.214285714286,0.19564236271593793,2.7142857142857184
2012-08-17,145.1,145.3,145.1,145.1,7752,17:25,17:20,True,12522.07142857143,0.6190669047225185,2.6714285714285757
2012-08-20,147.6,148.0,147.6,147.8,7971,17:25,17:20,True,11692.07142857143,0.6817440390007881,2.7214285714285773
2012-08-21,145.9,145.9,145.4,145.6,1968,17:25,17:20,True,11427.714285714286,0.17221291596869764,2.807142857142862
2012-08-22,143.8,144.3,143.7,143.8,15601,17:25,17:20,True,6606.071428571428,2.36161539709142,2.7357142857142907
2012-08-23,143.2,144.2,143.0,143.3,45706,17:25,17:20,True,7100.928571428572,6.436622976874252,2.778571428571431
2012-08-24,140.0,140.0,139.0,139.9,39906,17:25,17:20,True,9858.57142857143,4.047848137951021,2.8142857142857145
2012-08-27,140.2,140.2,140.1,140.1,3789,17:25,17:20,True,12103.714285714286,0.3130444019545358,2.7000000000000006
2012-08-28,140.7,140.7,140.3,140.6,3748,17:25,17:20,True,11758.357142857143,0.31875201224660876,2.6285714285714294
2012-08-29,138.2,138.5,138.1,138.4,9186,17:25,17:20,True,11606.0,0.7914871618128554,2.714285714285716
2012-08-30,137.1,137.8,136.8,136.8,15168,17:25,17:20,True,11754.357142857143,1.2904151044293606,2.6785714285714306
2012-08-31,137.3,137.3,136.9,136.9,16292,17:25,17:20,True,12759.642857142857,1.276838245584572,2.6285714285714312
2012-09-03,137.3,137.7,137.1,137.3,13004,17:25,17:20,True,13026.642857142857,0.9982618041047743,2.6857142857142873
2012-09-04,139.2,139.6,139.1,139.2,9057,17:25,17:20,True,13671.142857142857,0.6624903341762628,2.7428571428571433
2012-09-05,135.9,136.2,135.4,135.5,38318,17:25,17:20,True,13694.142857142857,2.7981305876339206,2.8428571428571416
2012-09-06,138.1,138.1,136.9,137.9,120397,17:25,17:20,True,16247.57142857143,7.410153605373989,2.885714285714284
2012-09-07,141.5,142.0,141.5,141.9,36526,17:25,17:20,True,24293.64285714286,1.5035209093501827,3.078571428571426
2012-09-10,145.3,146.5,145.3,146.0,58598,17:25,17:20,True,26333.285714285714,2.22524453027944,3.3357142857142827
2012-09-11,146.1,146.6,146.1,146.2,15145,17:25,17:20,True,30378.285714285714,0.4985468943982544,3.499999999999996
2012-09-12,148.5,148.5,146.5,146.6,67080,17:25,17:20,True,30345.714285714286,2.2105263157894735,3.4214285714285677
2012-09-13,148.2,148.3,148.0,148.2,8905,17:25,17:20,True,31872.428571428572,0.27939508845531513,3.3428571428571394
2012-09-14,151.0,152.7,150.7,152.2,152489,17:25,17:20,True,29658.071428571428,5.141568303497241,3.335714285714285
2012-09-17,154.5,154.9,154.2,154.7,26184,17:25,17:20,True,40279.5,0.650057721669832,3.92142857142857
2012-09-18,152.0,152.0,150.8,151.6,49505,17:25,17:20,True,41882.07142857143,1.182009349380659,3.8714285714285706
2012-09-19,150.2,150.4,150.0,150.3,162865,17:25,17:20,True,44762.0,3.6384656628390153,3.9857142857142844
2012-09-20,148.0,148.5,148.0,148.5,76591,17:25,17:20,True,55311.78571428572,1.3847139268949396,3.92142857142857
2012-09-21,147.9,148.2,147.6,147.6,83195,17:25,17:20,True,59618.857142857145,1.395447749034342,3.964285714285712
2012-09-24,145.5,146.4,145.4,146.3,66079,17:25,17:20,True,64632.5,1.022380381387073,4.1285714285714255
2012-09-25,142.6,143.0,142.2,142.2,124305,17:25,17:20,True,68705.5,1.8092438014423882,4.157142857142854
2012-09-26,141.0,141.6,140.6,141.5,31719,17:25,17:20,True,74847.42857142857,0.42378209385950855,4.142857142857141
2012-09-27,140.9,142.2,140.8,141.8,40373,17:25,17:20,True,68513.28571428571,0.5892725707005733,3.885714285714282
2012-09-28,142.4,143.7,142.0,143.6,121643,17:25,17:20,True,68788.07142857143,1.7683734617609157,3.499999999999996
2012-10-01,141.3,141.5,141.1,141.5,32381,17:25,17:20,True,73291.28571428571,0.44181241582023983,3.571428571428567
2012-10-02,143.8,143.8,143.2,143.7,25219,17:25,17:20,True,74522.42857142857,0.33840818775555587,3.6571428571428544
2012-10-03,143.0,143.3,142.6,143.1,8228,17:25,17:20,True,71532.35714285714,0.11502486886553837,3.6214285714285706
2012-10-04,142.7,142.7,142.1,142.6,24628,17:25,17:20,True,71484.0,0.34452464887247497,3.6142857142857117
2012-10-05,143.7,143.7,142.8,143.5,25266,17:25,17:20,True,62351.07142857143,0.4052215851486113,3.1142857142857117
2012-10-08,146.6,146.6,146.1,146.2,25690,17:25,17:20,True,62285.5,0.41245554743881,3.3214285714285694
2012-10-09,146.3,146.6,146.3,146.4,15188,17:25,17:20,True,60584.42857142857,0.25069147895145144,3.1785714285714266
2012-10-10,145.0,145.3,144.6,144.6,19511,17:25,17:20,True,50036.07142857143,0.38993868709002794,3.17142857142857
2012-10-11,142.0,142.7,140.0,140.7,190329,17:25,17:20,True,45958.92857142857,4.141284531996736,3.1285714285714272
2012-10-12,142.1,142.5,141.4,141.5,111676,17:25,17:20,True,53611.357142857145,2.0830660880756877,3.057142857142858
2012-10-15,142.0,142.3,141.5,142.1,46437,17:25,17:20,True,56868.28571428572,0.8165711242520309,2.9857142857142867
2012-10-16,145.0,145.0,144.0,144.9,21022,17:25,17:20,True,51306.28571428572,0.4097353707704987,2.9857142857142867
2012-10-17,145.5,145.5,144.6,144.7,17694,17:25,17:20,True,50542.21428571428,0.35008359348832874,2.921428571428574
2012-10-18,148.0,148.1,147.4,147.8,139870,17:25,17:20,True,48922.28571428572,2.8590242250099283,3.38571428571429
2012-10-19,148.8,149.6,148.6,149.3,52517,17:25,17:20,True,50224.21428571428,1.0456510021489351,3.257142857142863
2012-10-22,146.3,146.5,145.8,146.1,28954,17:25,17:20,True,51662.5,0.5604451971933221,3.228571428571434
2012-10-23,146.7,147.1,146.5,146.7,10200,17:25,17:20,True,51929.28571428572,0.19642095707074178,3.2428571428571473
2012-10-24,144.9,145.2,143.6,144.6,48004,17:25,17:20,True,52070.142857142855,0.9219102803635756,3.38571428571429
2012-10-25,147.2,147.7,146.2,146.3,16417,17:25,17:20,True,53739.857142857145,0.3054902054606982,3.585714285714291
2012-10-26,147.7,148.0,147.0,147.5,15978,17:25,17:20,True,53107.78571428572,0.30085984164280455,3.442857142857148
2012-10-29,148.9,149.0,148.4,148.6,18274,17:25,17:20,True,52414.07142857143,0.34864683284341585,3.4928571428571473
2012-10-30,149.3,149.3,149.3,149.3,5241,17:25,17:20,True,52634.5,0.0995734736722112,3.4642857142857184
2012-10-31,148.9,150.0,148.9,149.9,39961,17:25,17:20,True,51615.21428571428,0.7742097083777901,3.421428571428574
2012-11-01,148.6,149.1,148.5,149.0,39365,17:25,17:20,True,40874.642857142855,0.9630665187113912,3.3857142857142883
2012-11-05,155.5,155.6,154.8,155.5,72954,17:25,17:20,True,35709.57142857143,2.0429816735809125,3.607142857142861
2012-11-06,155.2,155.9,154.5,155.4,55702,17:25,17:20,True,37603.642857142855,1.481292655916695,3.5428571428571467
2012-11-07,158.0,158.3,157.9,157.9,48164,17:25,17:20,True,40080.78571428572,1.2016730496087364,3.6857142857142895
2012-11-08,155.0,155.1,154.4,154.9,27672,17:25,17:20,True,42257.21428571428,0.6548467632745719,3.507142857142859
2012-11-09,152.6,153.0,152.5,153.0,29869,17:25,17:20,True,34243.07142857143,0.8722640450727259,3.5214285714285722
2012-11-12,152.9,153.4,152.9,153.2,11340,17:25,17:20,True,32625.35714285714,0.3475824019441495,3.507142857142859
2012-11-13,152.3,153.0,152.2,152.7,18699,17:25,17:20,True,31367.214285714286,0.5961319940520243,3.4071428571428584
2012-11-14,152.5,152.8,152.4,152.8,6404,17:25,17:20,True,31974.285714285714,0.20028594406219283,3.2928571428571445
2012-11-15,151.5,151.6,151.1,151.2,17520,17:25,17:20,True,29002.85714285714,0.6040784159196139,3.114285714285714
2012-11-16,151.3,151.7,151.3,151.7,4303,17:25,17:20,True,29081.64285714286,0.14796275510078769,2.942857142857142
2012-11-19,152.5,152.9,152.3,152.5,16572,17:25,17:20,True,28247.714285714286,0.5866669363892907,2.907142857142856
2012-11-20,155.8,156.2,155.8,156.0,43250,17:25,17:20,True,28126.14285714286,1.5377152928388942,3.1785714285714284
2012-11-21,156.6,156.8,156.4,156.7,12047,17:25,17:20,True,30841.071428571428,0.3906154826008917,3.192857142857144
2012-11-22,157.2,157.3,157.0,157.2,16274,17:25,17:20,True,28847.214285714286,0.5641445943034856,3.092857142857144
2012-11-23,159.2,159.2,159.1,159.2,4470,17:25,17:20,True,27197.85714285714,0.16435118312892297,2.857142857142857
2012-11-26,160.0,160.0,159.5,159.5,5533,17:25,17:20,True,22306.14285714286,0.2480482634508111,2.8785714285714272
2012-11-27,161.0,162.0,160.9,161.4,33202,17:25,17:20,True,18722.64285714286,1.77336075111496,2.807142857142856
2012-11-28,157.7,158.5,157.3,157.3,78553,17:25,17:20,True,17653.928571428572,4.449604499200906,2.585714285714285
2012-11-29,158.6,158.6,158.1,158.5,25679,17:25,17:20,True,21288.285714285714,1.206250251647452,2.699999999999999
2012-11-30,158.5,159.0,157.5,159.0,13365,17:25,17:20,True,20989.0,0.6367621134880175,2.692857142857142
2012-12-03,160.5,160.8,160.5,160.7,23653,17:25,17:20,True,21133.64285714286,1.1192107371117817,2.77142857142857
2012-12-04,158.5,158.9,158.5,158.6,17180,17:25,17:20,True,21487.5,0.7995346131471786,2.807142857142856
2012-12-05,159.9,160.2,159.8,160.2,19595,17:25,17:20,True,22257.214285714286,0.8803887022185423,2.7928571428571423
2012-12-06,161.3,161.3,161.0,161.0,13923,17:25,17:20,True,22405.428571428572,0.6214119027276552,2.885714285714286
2012-12-07,160.2,160.9,160.2,160.6,45419,17:25,17:20,True,23092.571428571428,1.9668229733742453,2.9071428571428584
2012-12-10,160.0,160.3,160.0,160.3,9547,17:25,17:20,True,25153.071428571428,0.3795560326344695,2.6214285714285728
2012-12-11,161.0,161.0,160.6,160.6,15043,17:25,17:20,True,22745.714285714286,0.6613553573671649,2.6785714285714306
2012-12-12,162.3,162.3,161.6,162.2,11878,17:25,17:20,True,22959.714285714286,0.517340932565114,2.7071428571428595
2012-12-13,159.8,159.8,159.1,159.4,14281,17:25,17:20,True,22645.714285714286,0.630627050214484,2.6857142857142895
2012-12-14,159.7,159.7,158.9,159.6,34849,17:25,17:20,True,23346.5,1.4926862698905619,2.7142857142857184
2012-12-17,159.0,159.0,158.6,158.6,7129,17:25,17:20,True,25440.5,0.28022247990408994,2.700000000000005
2012-12-18,160.5,160.6,160.1,160.6,31745,17:25,17:20,True,23578.14285714286,1.3463740631456493,2.6071428571428634
2012-12-19,162.3,162.3,161.6,161.6,35730,17:25,17:20,True,20234.714285714286,1.7657773416264835,2.44285714285715
2012-12-20,162.1,162.3,162.1,162.1,11445,17:25,17:20,True,20952.64285714286,0.5462318084660305,2.4071428571428646
2012-12-21,161.8,162.4,161.3,162.4,24334,17:25,17:20,True,20815.5,1.1690326919843386,2.264285714285722
2012-12-27,162.6,163.1,162.3,163.1,11214,17:25,17:20,True,20864.14285714286,0.5374771480804387,2.21428571428572
2012-12-28,163.7,164.0,163.6,163.7,4298,17:25,17:20,True,20438.0,0.21029454936882278,2.1785714285714346
2013-01-02,165.9,166.1,165.2,165.6,36168,17:25,17:20,True,19345.35714285714,1.869595879409973,2.164285714285719
2013-01-03,167.5,167.5,166.8,166.9,23002,17:25,17:20,True,20934.285714285714,1.0987716664391975,2.300000000000005
2013-01-04,168.0,168.1,167.6,168.0,19152,17:25,17:20,True,19333.071428571428,0.9906341095753761,2.335714285714289
2013-01-07,168.4,168.6,167.9,167.9,23843,17:25,17:20,True,20019.14285714286,1.1910100332538855,2.221428571428575
2013-01-08,167.3,167.4,167.0,167.1,24048,17:25,17:20,True,20647.714285714286,1.1646809747187512,2.1857142857142895
2013-01-09,166.6,166.8,166.0,166.5,21559,17:25,17:20,True,21517.0,1.0019519449737417,2.1285714285714312
2013-01-10,163.1,163.7,161.9,162.1,138659,17:25,17:20,True,22036.85714285714,6.292140440042008,2.250000000000004
2013-01-11,162.0,162.4,161.8,162.1,22154,17:25,17:20,True,29451.85714285714,0.7522106294533937,2.335714285714289
2013-01-14,160.5,162.6,160.3,161.9,209802,17:20,17:20,True,30525.071428571428,6.873104310040225,2.3857142857142883
2013-01-15,160.6,160.9,160.1,160.5,54240,17:25,17:20,True,43243.42857142857,1.2542946244516096,2.5857142857142867
2013-01-16,158.4,158.7,158.2,158.7,11185,17:25,17:20,True,44565.57142857143,0.2509784939687587,2.614285714285716
2013-01-17,159.9,160.2,159.4,159.4,32100,17:25,17:20,True,44547.0,0.7205872449323186,2.6785714285714306
2013-01-18,160.0,160.1,159.8,160.1,44104,17:25,17:20,True,45101.71428571428,0.9778785728765458,2.6214285714285745
2013-01-21,160.3,160.5,160.2,160.4,61195,17:25,17:20,True,47451.0,1.289646161303239,2.557142857142862
2013-01-23,161.0,161.6,161.0,161.2,51903,17:25,17:20,True,51515.07142857143,1.0075303898581691,2.564285714285719
2013-01-24,162.0,162.1,161.7,161.8,68491,17:25,17:20,True,52639.0,1.3011455384790744,2.357142857142861
2013-01-25,161.7,162.4,161.7,161.9,14327,17:25,17:20,True,55888.21428571428,0.2563510067928966,2.471428571428575
2013-01-28,163.3,163.8,163.1,163.2,25658,17:25,17:20,True,55543.57142857143,0.4619436478440349,2.5500000000000034
2013-01-29,162.0,162.7,162.0,162.5,171555,17:25,17:20,True,55673.21428571428,3.0814638996696284,2.55714285714286
2013-01-30,163.7,164.1,163.0,163.0,27386,17:25,17:20,True,66209.42857142857,0.41362688956687227,2.614285714285716
2013-01-31,165.8,166.2,165.1,165.8,51722,17:25,17:20,True,66625.64285714286,0.7763077064922451,2.6785714285714306
2013-02-01,157.7,159.0,157.5,158.8,69684,17:25,17:20,True,60415.857142857145,1.1534057993289368,3.05714285714286
2013-02-04,157.6,157.7,157.3,157.3,58339,17:25,17:20,True,63810.857142857145,0.9142488067413517,3.0928571428571456
2013-02-05,152.9,153.9,152.8,153.9,41166,17:25,17:20,True,52992.07142857143,0.7768331920273788,3.1000000000000023
2013-02-06,156.6,157.0,156.6,156.6,26482,17:25,17:20,True,52058.21428571428,0.5086997386167957,3.192857142857144
2013-02-07,156.9,156.9,156.2,156.3,28293,17:25,17:20,True,53150.857142857145,0.5323150278452706,3.342857142857144
2013-02-08,154.1,154.7,154.1,154.7,18288,17:25,17:20,True,52878.92857142857,0.3458466442885027,3.5214285714285722
2013-02-11,156.1,156.2,155.9,155.9,10766,17:25,17:20,True,51034.92857142857,0.21095356261607945,3.6499999999999995
2013-02-12,155.5,155.7,155.2,155.4,23660,17:25,17:20,True,47432.857142857145,0.4988103484624883,3.607142857142857
2013-02-13,157.2,157.5,157.0,157.5,17192,17:25,17:20,True,45415.5,0.3785491737402429,3.6857142857142873
2013-02-14,157.1,157.8,156.7,157.3,40571,17:25,17:20,True,41751.28571428572,0.9717305540633479,3.5928571428571456
2013-02-15,157.3,157.7,157.3,157.7,21536,17:25,17:20,True,43625.857142857145,0.4936521918521453,3.671428571428574
2013-02-18,158.0,158.3,158.0,158.1,9714,17:25,17:20,True,43331.42857142857,0.22417908479493603,3.671428571428574
2013-02-19,156.1,156.7,155.7,156.3,24273,17:25,17:20,True,31771.35714285714,0.7639900269559959,3.63571428571429
2013-02-20,158.6,158.8,158.4,158.8,17189,17:25,17:20,True,31549.0,0.5448350185425845,3.5214285714285762
2013-02-21,161.4,161.4,160.6,161.0,102103,17:25,17:20,True,29082.35714285714,3.5108227128376805,3.2285714285714318
2013-02-22,159.7,160.9,159.7,160.9,82613,17:25,17:20,True,31398.0,2.6311548506274285,3.285714285714288
2013-02-25,161.1,161.6,161.1,161.4,44669,17:25,17:20,True,33131.857142857145,1.3482190209681661,3.0928571428571456
2013-02-26,155.0,157.1,155.0,156.5,119070,17:25,17:20,True,33382.07142857143,3.566884705006323,3.0500000000000034
2013-02-27,156.9,157.3,156.8,157.3,10431,17:25,17:20,True,39995.5,0.2608043404883049,3.000000000000004
2013-02-28,159.2,159.6,159.2,159.3,11667,17:25,17:20,True,38719.642857142855,0.3013199280542361,2.892857142857147
2013-03-01,158.9,158.9,158.3,158.6,8457,17:25,17:20,True,38246.71428571428,0.22111703339595934,2.807142857142862
2013-03-04,159.0,159.0,158.1,158.5,69128,17:25,17:20,True,38081.78571428572,1.8152510105130872,2.828571428571434
2013-03-05,160.1,160.5,160.0,160.4,12606,17:25,17:20,True,41329.5,0.30501215838565676,2.864285714285718
2013-03-06,161.5,161.6,161.3,161.6,22152,17:25,17:20,True,41001.92857142857,0.5402672696580474,2.8785714285714312
2013-03-07,162.4,162.4,162.0,162.4,14481,17:25,17:20,True,39686.28571428572,0.3648867546903572,2.785714285714288
2013-03-08,163.2,164.0,163.2,163.2,14117,17:25,17:20,True,39182.357142857145,0.360289707649033,2.8500000000000005
2013-03-11,164.8,164.8,164.5,164.8,13359,17:25,17:20,True,39496.857142857145,0.33822944321067133,2.971428571428571
2013-03-12,165.3,165.6,165.1,165.4,6296,17:25,17:20,True,38717.28571428572,0.16261470513355053,2.8642857142857117
2013-03-13,165.1,165.3,165.0,165.3,19895,17:25,17:20,True,37939.21428571428,0.524391460776543,2.714285714285712
2013-03-14,165.2,165.3,165.0,165.0,21780,17:25,17:20,True,32067.214285714286,0.6791983801880425,2.657142857142856
2013-03-15,165.2,165.7,165.0,165.0,35890,17:25,17:20,True,27722.0,1.294639636389871,2.614285714285714
2013-03-18,161.1,162.0,160.6,161.8,127318,17:25,17:20,True,27094.928571428572,4.6989605329410615,2.535714285714284
2013-03-19,162.6,163.1,162.6,162.7,15983,17:25,17:20,True,27684.071428571428,0.5773356004097251,2.5642857142857127
2013-03-20,160.3,160.7,160.2,160.7,35743,17:25,17:20,True,28080.64285714286,1.2728697196085763,2.6571428571428544
2013-03-21,159.1,159.4,159.1,159.3,11063,17:25,17:20,True,29800.35714285714,0.3712371615872293,2.7142857142857104
2013-03-22,155.0,155.7,154.9,155.1,39671,17:25,17:20,True,29986.5,1.3229619995664716,2.9285714285714244
2013-03-25,158.0,158.0,157.5,157.6,21720,17:25,17:20,True,27882.428571428572,0.7789852287923269,2.8714285714285688
2013-03-26,155.0,155.6,154.8,155.6,65598,17:25,17:20,True,28533.428571428572,2.2989876535792604,3.0928571428571394
2013-03-27,157.9,158.7,157.1,158.3,62723,17:25,17:20,True,31636.714285714286,1.9826015885702415,3.1571428571428544
2013-04-02,158.1,158.9,158.1,158.9,46744,17:25,17:20,True,35082.57142857143,1.3323994820382934,3.1785714285714266
2013-04-03,159.0,159.0,158.7,159.0,17043,17:25,17:20,True,37413.07142857143,0.45553597577622795,3.0928571428571394
2013-04-04,157.7,158.0,157.7,157.8,16513,17:25,17:20,True,37676.21428571428,0.43828713455059753,3.107142857142855
2013-04-05,153.8,154.0,153.5,153.9,15804,17:25,17:20,True,38406.0,0.41149820340571786,3.328571428571426
2013-04-08,152.9,153.1,152.6,152.9,61080,17:25,17:20,True,38113.78571428572,1.6025697488535269,3.4571428571428533
2013-04-09,154.1,154.3,153.0,153.7,41635,17:25,17:20,True,40920.92857142857,1.017450029935782,3.549999999999997
2013-04-10,155.1,155.3,154.4,155.0,272040,17:25,17:20,True,41331.28571428572,6.581938967022559,3.5785714285714283
2013-04-11,157.1,157.4,156.9,157.3,80297,17:25,17:20,True,51668.57142857143,1.554078190665782,3.699999999999999
2013-04-12,157.3,157.3,157.0,157.3,18407,17:25,17:20,True,56262.42857142857,0.32716326805251916,3.5857142857142867
2013-04-15,154.9,155.0,154.0,154.6,88487,17:25,17:20,True,55024.142857142855,1.6081486308607391,3.607142857142859
2013-04-16,152.3,152.3,151.6,151.8,36662,17:25,17:20,True,60554.42857142857,0.6054387906039667,3.4500000000000006
2013-04-17,151.8,153.4,151.8,152.4,475800,17:25,17:20,True,60339.5,7.885381880857482,3.5214285714285722
2013-04-18,151.4,151.8,150.5,150.7,78871,17:25,17:20,True,92773.78571428571,0.8501431669814364,3.714285714285716
2013-04-19,154.1,154.1,152.9,153.1,41070,17:25,17:20,True,93721.85714285714,0.43821154693294595,3.80714285714286
2013-04-22,151.0,151.3,150.9,151.1,51393,17:25,17:20,True,92175.21428571429,0.5575576948559924,3.9571428571428595
2013-04-23,149.0,149.2,148.5,149.2,10411,17:25,17:20,True,92507.28571428571,0.11254248700102386,3.971428571428575
2013-04-24,154.8,155.3,154.6,154.8,30933,17:25,17:20,True,92033.57142857143,0.3361056136347761,4.285714285714287
2013-04-25,154.9,155.6,154.7,155.3,35217,17:25,17:20,True,93063.57142857143,0.3784187460184666,4.07857142857143
2013-04-26,156.7,158.0,156.2,157.9,34395,17:25,17:20,True,94450.21428571429,0.3641601055128817,4.050000000000003
2013-04-29,150.4,150.7,150.3,150.5,63590,17:25,17:20,True,92544.14285714286,0.6871315464897833,4.064285714285717
2013-05-02,152.6,153.9,152.0,152.7,85325,17:25,17:20,True,94112.35714285714,0.906629082411373,4.314285714285715
2013-05-03,151.3,151.3,150.9,151.0,13148,17:25,17:20,True,80775.57142857143,0.16277198375039129,4.192857142857144
2013-05-06,154.1,154.5,153.9,154.0,11335,17:25,17:20,True,75979.21428571429,0.14918553852604424,4.335714285714287
2013-05-07,155.3,155.9,155.1,155.2,13917,17:25,17:20,True,75474.07142857143,0.1843944514530534,4.264285714285715
2013-05-10,159.7,160.0,158.5,158.6,100849,17:25,17:20,True,70147.64285714286,1.4376676947703162,4.192857142857144
2013-05-13,160.4,160.8,160.0,160.8,10676,17:25,17:20,True,74732.42857142857,0.14285632360784284,4.364285714285714
2013-05-14,161.4,161.4,161.0,161.3,22770,17:25,17:20,True,41509.28571428572,0.5485519591141397,3.942857142857142
2013-05-15,161.2,161.2,161.0,161.2,14169,17:25,17:20,True,37502.07142857143,0.37781912999091477,3.7928571428571405
2013-05-16,160.6,161.0,160.3,161.0,43792,17:25,17:20,True,35580.57142857143,1.2307840555038063,3.5714285714285694
2013-05-21,161.5,161.8,161.4,161.7,19960,17:25,17:20,True,35037.642857142855,0.5696730251341925,3.492857142857141
2013-05-22,161.9,162.3,161.9,162.0,12956,17:25,17:20,True,35719.71428571428,0.36271286764411814,3.157142857142856
2013-05-23,159.0,159.8,158.8,159.2,99897,17:25,17:20,True,34435.642857142855,2.9009767703314053,3.1214285714285706
2013-05-24,159.6,159.9,159.5,159.6,21407,17:25,17:20,True,39055.642857142855,0.5481154177464753,3.2928571428571405
2013-05-27,158.5,159.0,158.4,158.8,6576,17:25,17:20,True,38127.92857142857,0.17247199746717348,3.214285714285712
2013-05-28,160.0,160.5,160.0,160.3,23581,17:25,17:20,True,34055.5,0.692428535772489,2.92142857142857
2013-05-29,160.4,161.1,160.4,161.1,10558,17:25,17:20,True,29645.214285714286,0.35614517399821216,2.828571428571426
2013-05-30,158.0,158.4,158.0,158.4,3696,17:25,17:20,True,29460.214285714286,0.12545733592278205,2.7357142857142804
2013-05-31,161.5,161.7,161.3,161.5,6373,17:25,17:20,True,28914.571428571428,0.22040790110769656,2.942857142857138
2013-06-03,161.0,161.0,160.8,161.0,25427,17:25,17:20,True,28375.714285714286,0.8960831697125308,3.0428571428571383
2013-06-04,164.0,165.0,164.0,164.9,58406,17:25,17:20,True,22988.428571428572,2.540669529390563,2.892857142857141
2013-06-05,160.2,160.9,160.2,160.5,18307,17:25,17:20,True,26397.714285714286,0.6935070135942506,3.0714285714285694
2013-06-07,156.6,157.0,156.1,156.3,99185,17:25,17:20,True,26078.928571428572,3.8032620752934085,3.2285714285714278
2013-06-10,159.2,159.6,158.4,158.4,32502,17:25,17:20,True,32151.5,1.0109015131486867,3.335714285714285
2013-06-11,159.4,159.5,158.8,159.3,8090,17:25,17:20,True,31345.071428571428,0.25809480187133543,3.3999999999999977
2013-06-12,158.0,158.1,157.5,158.0,18885,17:25,17:20,True,30497.214285714286,0.6192368858045583,3.4785714285714255
2013-06-13,156.8,156.8,156.0,156.3,48419,17:25,17:20,True,30920.714285714286,1.565908198387581,3.464285714285712
2013-06-14,159.9,159.9,159.3,159.3,23760,17:25,17:20,True,27243.714285714286,0.8721277778360408,3.328571428571426
2013-06-17,161.1,161.6,161.1,161.5,22795,17:25,17:20,True,27411.785714285714,0.8315766158977499,3.3499999999999983
2013-06-18,160.6,161.0,160.1,160.2,11052,17:25,17:20,True,28570.285714285714,0.38683547341893676,3.3428571428571416
2013-06-19,163.3,163.3,162.6,162.9,13433,17:25,17:20,True,27675.35714285714,0.48537765676013994,3.392857142857141
2013-06-20,160.0,160.8,160.0,160.5,69123,17:25,17:20,True,27880.714285714286,2.479240642533241,3.3142857142857145
2013-06-24,157.0,157.0,155.0,156.0,116847,17:25,17:20,True,32554.071428571428,3.5893206248066405,3.364285714285714
2013-06-25,154.2,154.9,153.6,154.9,105068,17:25,17:20,True,40445.07142857143,2.5977948928970687,3.6714285714285717
2013-06-26,157.9,158.0,157.2,157.2,17157,17:25,17:20,True,46133.71428571428,0.3718972180246241,3.885714285714284
2013-06-27,157.8,158.1,157.5,157.8,18097,17:25,17:20,True,43187.357142857145,0.4190346711918005,3.714285714285712
2013-06-28,160.6,161.0,160.5,161.0,17785,17:25,17:20,True,43172.357142857145,0.4119534159589552,3.67142857142857
2013-07-01,158.0,158.5,157.5,158.3,46122,17:25,17:20,True,37358.07142857143,1.234592639188701,3.721428571428571
2013-07-02,159.8,159.8,159.1,159.3,33563,17:25,17:20,True,38330.92857142857,0.8756114514016097,3.7428571428571433
2013-07-03,158.4,159.1,158.0,158.5,52529,17:25,17:20,True,40150.42857142857,1.3083048393007723,3.6571428571428584
2013-07-04,158.0,158.0,157.2,157.2,51020,17:25,17:20,True,42553.57142857143,1.1989592950062946,3.8714285714285728
2013-07-05,160.7,160.7,159.8,160.2,36037,17:25,17:20,True,42739.357142857145,0.8431806748881508,3.8857142857142883
2013-07-08,160.0,160.5,159.2,160.3,19740,17:25,17:20,True,43616.28571428572,0.4525832421703557,3.942857142857144
2013-07-09,161.1,161.3,161.0,161.3,10269,17:25,17:20,True,43398.07142857143,0.236623418091324,4.007142857142859
2013-07-10,161.9,162.2,161.5,162.1,72138,17:25,17:20,True,43342.142857142855,1.664384712997907,4.064285714285717
2013-07-11,164.4,164.8,164.0,164.5,112945,17:25,17:20,True,47535.357142857145,2.3760208566555723,4.20714285714286
2013-07-12,165.0,165.2,164.6,164.7,18389,17:25,17:20,True,50665.5,0.36294914685535523,4.064285714285717
2013-07-15,164.5,165.0,164.5,164.9,7152,17:25,17:20,True,43632.78571428572,0.1639134399263987,3.664285714285715
2013-07-16,170.0,171.7,169.9,170.3,576998,17:25,17:20,True,36638.78571428572,15.748283922385138,3.442857142857144
2013-07-17,172.3,173.2,172.3,172.9,61885,17:25,17:20,True,76627.42857142857,0.8076089874569345,3.72857142857143
2013-07-18,172.2,172.6,172.1,172.2,79343,17:25,17:20,True,79755.14285714286,0.9948323977316286,3.6642857142857133
2013-07-19,176.6,177.0,176.5,176.8,33287,17:25,17:20,True,84152.14285714286,0.3955573663347848,3.721428571428571
2013-07-22,177.5,178.0,177.5,177.9,39003,17:25,17:20,True,83235.35714285714,0.46858692434104665,3.6714285714285717
2013-07-23,177.5,178.5,177.5,178.3,15155,17:25,17:20,True,83623.92857142857,0.18122803196282677,3.778571428571429
2013-07-24,177.0,177.4,177.0,177.2,12868,17:25,17:20,True,80954.35714285714,0.1589537667168713,3.6214285714285728
2013-07-25,179.2,179.9,179.2,179.9,11547,17:25,17:20,True,78229.21428571429,0.147604703759739,3.5714285714285734
2013-07-26,181.2,181.5,181.1,181.2,23700,17:25,17:20,True,76479.92857142857,0.3098852266561068,3.5857142857142867
2013-07-29,181.7,182.3,181.2,182.2,32762,17:25,17:20,True,76762.78571428571,0.4267953500533648,3.5428571428571445
2013-07-30,181.3,181.5,181.1,181.3,12597,17:25,17:20,True,78369.42857142857,0.1607386991283044,3.47857142857143
2013-07-31,180.6,181.0,180.2,181.0,10926,17:25,17:20,True,74116.5,0.14741656716115845,3.342857142857144
2013-08-01,181.7,182.3,181.6,182.1,18301,17:25,17:20,True,66829.42857142857,0.27384642351744104,3.221428571428573
2013-08-02,183.5,183.9,183.3,183.5,14341,17:25,17:20,True,66823.14285714286,0.21461127667489022,3.2357142857142884
2013-08-05,181.0,181.0,180.7,181.0,15626,17:25,17:20,True,67336.64285714286,0.2320579009730427,3.250000000000004
2013-08-06,181.7,181.8,181.2,181.6,9961,17:25,17:20,True,27238.64285714286,0.3656936967176359,2.942857142857148
2013-08-07,180.0,180.3,180.0,180.2,12276,17:25,17:20,True,23529.785714285714,0.5217217083514208,2.9857142857142924
2013-08-08,180.7,180.9,180.4,180.8,35778,17:25,17:20,True,18739.285714285714,1.9092510005717553,2.8000000000000074
2013-08-09,180.0,180.0,179.5,179.9,14124,17:25,17:20,True,18917.214285714286,0.7466215578403645,2.8500000000000063
2013-08-12,178.5,178.7,178.4,178.5,7017,17:25,17:20,True,17140.14285714286,0.409389820054842,2.7928571428571485
2013-08-13,178.9,179.0,178.5,178.8,12174,17:25,17:20,True,16558.85714285714,0.7351956656774106,2.700000000000005
2013-08-14,179.7,180.4,179.7,180.4,8915,17:25,17:20,True,16509.285714285714,0.5399991346861074,2.5714285714285756
2013-08-15,181.1,181.3,181.0,181.2,15604,17:25,17:20,True,16321.285714285714,0.9560521317473238,2.478571428571434
2013-08-16,178.8,179.5,178.6,178.9,19882,17:25,17:20,True,15743.0,1.2629104999047196,2.585714285714291
2013-08-19,181.5,181.8,181.3,181.7,11034,17:25,17:20,True,14823.0,0.7443837279902854,2.6000000000000045
2013-08-20,180.6,181.0,180.2,180.3,11471,17:25,17:20,True,14711.357142857143,0.7797377147878947,2.6285714285714312
2013-08-21,181.2,181.2,180.8,180.8,6295,17:25,17:20,True,14750.285714285714,0.42677139425870686,2.6642857142857173
2013-08-22,177.7,178.0,177.3,178.0,16407,17:25,17:20,True,13892.714285714286,1.1809787247169636,2.7714285714285722
2013-08-23,178.9,179.2,178.5,179.1,31542,17:25,17:20,True,14040.285714285714,2.246535479538471,2.67142857142857
2013-08-26,179.6,180.4,179.6,180.0,12073,17:25,17:20,True,15177.142857142857,0.795472515060241,2.7071428571428555
2013-08-27,179.6,180.2,179.6,179.9,14936,17:25,17:20,True,15328.0,0.9744258872651357,2.5999999999999983
2013-08-28,176.9,177.2,176.7,176.8,42815,17:25,17:20,True,15518.0,2.759054001804356,2.664285714285711
2013-08-29,175.5,176.1,175.5,176.1,22925,17:25,17:20,True,16020.642857142857,1.4309662979459536,2.8142857142857105
2013-08-30,176.8,177.2,176.7,176.8,27903,17:25,17:20,True,16649.285714285714,1.6759277532283667,2.8357142857142827
2013-09-02,176.7,176.9,176.0,176.3,104608,17:25,17:20,True,18141.14285714286,5.766340126626138,2.892857142857139
2013-09-03,180.6,180.6,179.4,179.8,22560,17:25,17:20,True,24743.571428571428,0.9117519702087122,3.0785714285714243
2013-09-04,180.6,180.7,180.2,180.3,22164,17:25,17:20,True,25718.214285714286,0.8618016691894294,3.2357142857142804
2013-09-05,180.5,181.2,178.9,181.0,125452,17:25,17:20,True,26186.785714285714,4.790660502161669,3.1999999999999926
2013-09-06,180.1,180.3,179.9,180.2,9903,17:25,17:20,True,33727.5,0.2936179675339115,3.28571428571428
2013-09-09,179.8,180.4,179.8,180.0,21244,17:25,17:20,True,33646.71428571428,0.6313840875992986,3.249999999999996
2013-09-10,177.9,179.4,177.0,177.2,130627,17:25,17:20,True,34344.78571428572,3.803401223309007,3.321428571428567
2013-09-11,179.7,179.8,179.0,179.0,54224,17:25,17:20,True,43225.642857142855,1.2544405685117466,3.2357142857142827
2013-09-12,178.1,178.9,178.0,178.6,40312,17:25,17:20,True,45926.857142857145,0.8777434927586721,3.2642857142857133
2013-09-13,180.1,180.1,179.5,179.8,23123,17:25,17:20,True,46553.28571428572,0.4966996345201965,3.2999999999999994
2013-09-16,181.3,181.4,180.9,181.4,18807,17:25,17:20,True,47342.57142857143,0.39725345355131897,3.3142857142857127
2013-09-17,180.8,181.3,180.8,181.3,25427,17:25,17:20,True,47619.07142857143,0.5339667330166336,3.1857142857142855
2013-09-18,180.9,181.1,180.8,180.9,13989,17:25,17:20,True,46377.07142857143,0.30163612252975996,2.9285714285714284
2013-09-19,183.1,183.2,182.6,183.0,49963,17:25,17:20,True,45738.78571428572,1.0923551908898823,2.807142857142856
2013-09-20,183.4,183.9,183.3,183.8,35970,17:25,17:20,True,47314.5,0.760232064166376,2.892857142857143
2013-09-23,184.0,184.3,184.0,184.3,16824,17:25,17:20,True,42411.78571428572,0.39668218908153896,2.7142857142857144
2013-09-24,183.8,184.0,183.5,183.6,41577,17:25,17:20,True,42002.07142857143,0.9898797508286156,2.5357142857142856
2013-09-25,183.8,183.9,183.5,183.6,11076,17:25,17:20,True,43388.71428571428,0.25527375453129686,2.392857142857143
2013-09-26,183.1,183.3,182.0,182.6,39399,17:25,17:20,True,35219.0,1.1186859365683295,2.192857142857142
2013-09-27,181.0,181.7,180.7,181.5,37930,17:25,17:20,True,37325.857142857145,1.0161856392160165,2.2999999999999994
2013-09-30,178.2,178.9,178.0,178.6,28677,17:25,17:20,True,38517.71428571428,0.7445145832715189,2.364285714285714
2013-10-01,179.0,179.9,178.9,179.9,40720,17:25,17:20,True,31235.571428571428,1.303641910093346,2.3285714285714283
2013-10-02,179.8,180.1,179.7,180.1,13321,17:25,17:20,True,30271.0,0.44005814145551847,2.2642857142857133
2013-10-03,180.0,181.7,179.9,181.0,91130,17:25,17:20,True,28343.071428571428,3.2152478685897035,2.142857142857143
2013-10-04,177.5,178.0,177.5,177.7,19027,17:25,17:20,True,33200.71428571428,0.5730900798175599,2.2999999999999994
2013-10-07,175.3,175.9,175.2,175.4,17966,17:25,17:20,True,33216.42857142857,0.5408769326710104,2.3214285714285694
2013-10-08,176.6,176.6,175.7,175.8,16718,17:25,17:20,True,32683.5,0.5115119249774351,2.3785714285714255
2013-10-09,176.0,176.3,175.4,175.7,27603,17:25,17:20,True,32878.42857142857,0.8395474236255642,2.4785714285714255
2013-10-10,176.1,176.9,175.9,176.4,105522,17:25,17:20,True,31281.285714285714,3.3733268179513995,2.357142857142853
2013-10-11,179.1,179.1,178.3,178.6,26776,17:25,17:20,True,36249.28571428572,0.7386628307946954,2.4285714285714244
2013-10-15,181.5,182.1,181.0,182.0,48648,17:25,17:20,True,36960.142857142855,1.3162286787697945,2.5785714285714243
2013-10-16,171.4,171.6,169.5,170.0,188510,17:25,17:20,True,37465.21428571428,5.031600742021647,3.392857142857141
2013-10-17,171.6,172.9,171.0,172.1,193163,17:25,17:20,True,50139.07142857143,3.852544422869533,3.6571428571428544
2013-10-18,171.5,172.7,171.0,172.5,92761,17:25,17:20,True,61122.21428571428,1.517631536815584,3.7285714285714255
2013-10-21,173.6,173.7,173.5,173.7,18328,17:25,17:20,True,65038.71428571428,0.2818013886234792,3.6285714285714255
2013-10-22,172.2,172.5,172.2,172.3,29457,17:25,17:20,True,64299.5,0.45812175833404617,3.635714285714284
2013-10-23,172.9,173.2,172.8,173.1,11719,17:25,17:20,True,63495.0,0.18456571383573508,3.714285714285712
2013-10-24,174.9,175.8,174.7,175.2,19636,17:25,17:20,True,63380.57142857143,0.3098110281654585,3.7857142857142816
2013-10-25,173.6,173.7,173.0,173.0,28235,17:25,17:20,True,58273.857142857145,0.48452258670268705,3.721428571428569
2013-10-28,173.5,173.8,173.4,173.4,19083,17:25,17:20,True,58931.57142857143,0.32381624208222126,3.7285714285714255
2013-10-29,171.3,172.0,171.3,171.8,4054,17:25,17:20,True,59011.357142857145,0.06869864033436662,3.7285714285714278
2013-10-30,172.3,172.7,172.2,172.3,17651,17:25,17:20,True,58106.78571428572,0.30376830834854546,3.657142857142856
2013-10-31,172.1,172.2,171.9,172.2,12693,17:25,17:20,True,57395.92857142857,0.22114809039466463,3.6214285714285706
2013-11-04,171.8,172.6,171.6,172.5,114042,17:25,17:20,True,50765.28571428572,2.246456380484977,3.528571428571427
2013-11-05,173.9,174.8,173.9,174.4,36534,17:25,17:20,True,56998.57142857143,0.6409634326674855,3.464285714285712
2013-11-06,174.1,174.1,173.5,173.9,11008,17:25,17:20,True,56133.28571428572,0.19610467942371854,2.7571428571428527
2013-11-07,174.6,175.0,174.2,174.5,25373,17:25,17:20,True,43454.57142857143,0.5838971405277104,2.5642857142857105
2013-11-08,176.2,176.2,175.5,175.9,18953,17:25,17:20,True,31469.571428571428,0.6022643188204478,2.5357142857142816
2013-11-11,176.2,176.4,176.1,176.3,5427,17:25,17:20,True,26197.571428571428,0.20715660666473992,2.499999999999994
2013-11-12,177.0,177.0,176.5,176.5,10677,17:25,17:20,True,25276.071428571428,0.422415327879276,2.442857142857136
2013-11-13,174.7,175.6,174.7,175.6,11925,17:25,17:20,True,23934.64285714286,0.49823179193339,2.3785714285714215
2013-11-14,175.7,176.3,175.6,176.2,18685,17:25,17:20,True,23949.35714285714,0.7801879561336272,2.464285714285708
2013-11-15,175.5,175.6,175.3,175.3,11205,17:25,17:20,True,23881.428571428572,0.4691930370281749,2.4071428571428504
2013-11-18,175.9,176.3,175.9,176.3,3072,17:25,17:20,True,22665.0,0.1355393778954335,2.4285714285714226
2013-11-19,176.0,176.1,175.7,175.7,16893,17:25,17:20,True,21521.35714285714,0.7849412045841507,2.3785714285714215
2013-11-20,176.2,176.6,176.1,176.4,6699,17:25,17:20,True,22438.428571428572,0.2985503186497654,2.3999999999999937
2013-11-21,175.8,176.0,175.5,175.5,18389,17:25,17:20,True,21656.14285714286,0.849135514172818,2.3785714285714232
2013-11-22,174.7,174.8,174.5,174.5,5830,17:25,17:20,True,22063.0,0.2642433032679146,2.407142857142852
2013-11-25,176.7,176.7,176.6,176.6,6102,17:25,17:20,True,14333.57142857143,0.4257138585737778,2.335714285714281
2013-11-26,177.5,177.5,177.2,177.2,6857,17:25,17:20,True,12159.857142857143,0.5639046511354692,2.249999999999996
2013-11-27,177.4,177.4,177.1,177.1,8375,17:25,17:20,True,11863.357142857143,0.7059553125771433,2.142857142857141
2013-11-28,178.8,179.1,178.3,179.1,10992,17:25,17:20,True,10649.214285714286,1.032188826808148,2.028571428571427
2013-11-29,178.9,179.2,178.8,178.9,14904,17:25,17:20,True,10080.57142857143,1.4784876140808343,2.0142857142857133
2013-12-02,178.6,178.9,178.6,178.8,11337,17:25,17:20,True,10757.5,1.0538693934464327,1.9857142857142844
2013-12-03,178.0,178.0,177.5,177.8,12785,17:25,17:20,True,10804.642857142857,1.1832876078405448,2.0428571428571423
2013-12-04,174.8,175.2,174.8,175.0,14248,17:25,17:20,True,10866.07142857143,1.311237469186524,2.057142857142856
2013-12-05,172.5,172.7,170.9,171.2,62421,17:25,17:20,True,10549.142857142857,5.917163208926927,2.107142857142857
2013-12-06,173.3,173.4,172.7,173.4,12305,17:25,17:20,True,14207.42857142857,0.8660962072155413,2.17142857142857
2013-12-09,174.5,175.1,174.5,175.1,10625,17:25,17:20,True,14866.92857142857,0.7146735083142354,2.2999999999999994
2013-12-10,178.1,179.1,176.7,177.0,143261,17:25,17:20,True,14419.214285714286,9.935423467694395,2.392857142857141
2013-12-11,174.9,175.0,174.3,174.9,37890,17:25,17:20,True,24173.64285714286,1.5674096049120794,2.6785714285714266
2013-12-12,173.3,173.5,173.0,173.0,25680,17:25,17:20,True,25566.571428571428,1.0044365968954998,2.7071428571428555
2013-12-13,171.6,171.7,171.1,171.1,11458,17:25,17:20,True,26984.428571428572,0.424615254300099,2.7285714285714278
2013-12-16,170.5,170.6,169.7,169.7,26705,17:25,17:20,True,27367.0,0.9758102824569738,2.7642857142857133
2013-12-17,171.7,172.4,171.7,172.4,6676,17:25,17:20,True,28784.714285714286,0.2319286526082792,2.9142857142857133
2013-12-18,171.7,171.7,171.1,171.6,14526,17:25,17:20,True,28663.35714285714,0.5067794371609348,2.971428571428571
2013-12-19,174.3,175.0,174.2,175.0,56717,17:25,17:20,True,28915.785714285714,1.9614545688094245,3.057142857142856
2013-12-20,171.0,171.9,170.5,170.8,477416,17:25,17:20,True,31902.428571428572,14.964879521039597,3.3999999999999995
2013-12-23,167.6,167.7,167.1,167.1,31903,17:25,17:20,True,65193.78571428572,0.48935645706810355,4.1000000000000005
2013-12-27,167.0,167.7,167.0,167.5,60547,17:25,17:20,True,66559.35714285714,0.9096692425987115,3.971428571428571
2013-12-30,168.1,168.2,167.9,168.2,24969,17:25,17:20,True,69866.42857142857,0.3573819430954986,3.907142857142856
2014-01-02,168.7,169.2,168.7,169.1,10691,17:25,17:20,True,67191.28571428571,0.1591128951671029,3.7714285714285722
2014-01-03,169.5,169.6,169.1,169.2,5798,17:25,17:20,True,67076.0,0.0864392629256366,3.6857142857142873
2014-01-07,170.8,170.9,170.3,170.6,54475,17:25,17:20,True,66731.21428571429,0.81633461316561,3.6285714285714312
2014-01-08,170.7,170.7,170.4,170.5,5428,17:25,17:20,True,60389.357142857145,0.08988338768302362,3.4142857142857173
2014-01-09,171.0,171.4,171.0,171.1,11925,17:25,17:20,True,58070.642857142855,0.20535333196390113,3.3500000000000023
2014-01-10,170.9,171.2,170.8,171.2,12717,17:25,17:20,True,57088.142857142855,0.2227607934597377,3.3000000000000034
2014-01-13,170.6,171.1,170.6,171.0,30762,17:25,17:20,True,57178.07142857143,0.5380034553706279,3.3285714285714323
2014-01-14,170.7,170.7,169.9,169.9,47058,17:25,17:20,True,57467.857142857145,0.8188577465664035,3.364285714285716
2014-01-15,174.3,174.4,173.4,173.6,89247,17:25,17:20,True,60352.28571428572,1.4787675221201233,3.3500000000000005
2014-01-16,173.2,173.4,172.7,173.0,107521,17:25,17:20,True,65689.5,1.6368064911439424,3.3357142857142867
2014-01-17,175.6,175.8,175.1,175.7,46557,17:25,17:20,True,69318.35714285714,0.6716402684508432,3.192857142857144
2014-01-20,179.0,179.1,178.0,178.0,23305,17:25,17:20,True,38542.71428571428,0.604653834891901,2.642857142857143
2014-01-21,178.6,178.7,178.4,178.7,22612,17:25,17:20,True,37928.57142857143,0.5961732580037665,2.6571428571428584
2014-01-22,175.3,175.9,175.3,175.7,30819,17:25,17:20,True,35218.92857142857,0.8750692099418941,2.7714285714285722
2014-01-23,173.3,173.3,172.6,173.0,49070,17:25,17:20,True,35636.78571428572,1.3769479771103292,2.971428571428571
2014-01-24,173.5,173.7,173.1,173.7,16312,17:25,17:20,True,38378.142857142855,0.4250335942705484,2.9785714285714278
2014-01-27,169.2,169.7,169.2,169.2,51386,17:25,17:20,True,39129.142857142855,1.3132411355803495,3.1499999999999977
2014-01-28,168.5,168.5,167.9,167.9,35563,17:25,17:20,True,38908.5,0.914016217536014,3.2642857142857116
2014-01-29,180.0,180.3,178.5,178.8,136380,17:25,17:20,True,41061.0,3.3213998684883466,4.1285714285714255
2014-01-30,177.7,178.0,177.4,177.4,55370,17:25,17:20,True,49950.642857142855,1.1084942421733455,4.549999999999995
2014-01-31,174.4,174.9,172.8,172.8,60924,17:25,17:20,True,52997.28571428572,1.1495683067326898,4.635714285714282
2014-02-03,173.4,174.7,173.1,174.7,33240,17:25,17:20,True,55151.71428571428,0.6027011205454047,4.721428571428569
2014-02-04,168.9,169.8,168.9,169.4,32128,17:25,17:20,True,54164.71428571428,0.59315368729774,4.892857142857141
2014-02-05,168.0,168.2,167.3,167.6,67748,17:25,17:20,True,50084.78571428572,1.352666264491498,4.857142857142855
2014-02-06,167.5,167.5,166.9,167.0,60865,17:25,17:20,True,47243.857142857145,1.288315638919043,4.899999999999998
2014-02-07,169.4,169.5,168.9,169.1,26124,17:25,17:20,True,48265.857142857145,0.5412521717511047,4.807142857142854
2014-02-10,170.5,170.9,170.5,170.5,12029,17:25,17:20,True,48467.21428571428,0.248188392447914,4.885714285714284
2014-02-11,169.9,170.0,169.6,169.9,11610,17:25,17:20,True,47711.28571428572,0.24333865302908264,4.785714285714286
2014-02-12,172.2,172.4,172.1,172.4,15697,17:25,17:20,True,46339.21428571428,0.33874117725036956,4.621428571428573
2014-02-13,171.6,171.9,171.5,171.5,12843,17:25,17:20,True,43955.42857142857,0.2921823405527677,4.607142857142857
2014-02-14,170.5,171.0,170.4,171.0,10937,17:25,17:20,True,43707.642857142855,0.2502308357315736,4.464285714285714
2014-02-17,172.6,173.2,172.4,173.2,23610,17:25,17:20,True,40818.42857142857,0.5784152116166017,4.464285714285714
2014-02-18,173.3,173.3,173.2,173.2,5674,17:25,17:20,True,39964.642857142855,0.14197549619753175,3.592857142857144
2014-02-19,171.0,171.4,170.9,171.2,14146,17:25,17:20,True,30628.5,0.4618574203764468,3.221428571428573
2014-02-20,170.1,170.3,169.6,170.1,96911,17:25,17:20,True,27683.928571428572,3.500623105205444,3.0857142857142867
2014-02-21,174.2,174.6,173.8,174.4,37792,17:25,17:20,True,30254.428571428572,1.2491394412152175,3.007142857142859
2014-02-24,172.2,172.8,172.1,172.4,39138,17:25,17:20,True,30579.571428571428,1.2798740522384224,2.807142857142858
2014-02-25,174.7,174.9,174.6,174.6,18659,17:25,17:20,True,31080.285714285714,0.6003484064312702,2.8500000000000023
2014-02-26,175.1,175.6,175.0,175.6,13778,17:25,17:20,True,27573.928571428572,0.49967489994430553,2.6357142857142883
2014-02-27,173.4,173.7,173.4,173.6,13947,17:25,17:20,True,24210.571428571428,0.5760706657068341,2.5785714285714323
2014-02-28,172.5,172.5,172.4,172.4,5892,17:25,17:20,True,23340.785714285714,0.252433661493829,2.57857142857143
2014-03-03,168.7,169.3,167.9,168.0,53886,17:25,17:20,True,22902.428571428572,2.352850914126387,2.528571428571429
2014-03-04,169.6,170.0,169.5,169.8,58152,17:25,17:20,True,25922.14285714286,2.2433330577829214,2.664285714285715
2014-03-05,170.5,170.7,170.4,170.4,20341,17:25,17:20,True,28954.64285714286,0.7025125504175249,2.778571428571429
2014-03-06,171.7,171.7,171.0,171.6,122649,17:25,17:20,True,29490.214285714286,4.158972831181288,2.8214285714285734
2014-03-07,172.6,173.5,172.6,173.5,22253,17:25,17:20,True,37469.642857142855,0.5938941047514655,2.8857142857142883
2014-03-10,171.5,172.1,171.0,171.8,21209,17:25,17:20,True,37372.71428571428,0.5674995890814154,3.0785714285714323
2014-03-11,172.1,172.1,171.7,171.8,16565,17:25,17:20,True,38482.357142857145,0.43045699977540725,3.0714285714285734
2014-03-12,170.7,170.7,170.1,170.3,24893,17:25,17:20,True,38655.142857142855,0.6439764067616212,3.1285714285714294
2014-03-13,168.9,169.3,168.8,168.8,9191,17:25,17:20,True,33511.0,0.27426815075646804,3.0428571428571423
2014-03-14,165.9,166.0,165.7,165.7,27468,17:25,17:20,True,31468.071428571428,0.8728847607438833,3.0642857142857145
2014-03-17,166.3,166.5,165.9,165.9,33637,17:25,17:20,True,30634.5,1.0980104130963457,2.992857142857141
2014-03-18,168.9,168.9,168.8,168.8,16062,17:25,17:20,True,31704.35714285714,0.5066180628620222,3.107142857142855
2014-03-19,170.7,170.7,169.7,170.2,47275,17:25,17:20,True,31867.5,1.4834863105044325,3.1499999999999955
2014-03-20,168.2,168.4,168.0,168.4,16532,17:25,17:20,True,34248.07142857143,0.48271331232415593,3.107142857142853
2014-03-21,167.6,168.0,167.5,168.0,38428,17:25,17:20,True,35008.07142857143,1.0976897164531445,3.221428571428567
2014-03-24,163.7,164.2,163.6,163.6,138422,17:25,17:20,True,33903.92857142857,4.0827716973380666,3.3928571428571366
2014-03-25,163.0,163.5,163.0,163.3,46124,17:25,17:20,True,39637.5,1.1636455376852728,3.4785714285714215
2014-03-26,165.5,165.9,165.1,165.8,27692,17:25,17:20,True,41479.142857142855,0.6676126383655814,3.3785714285714215
2014-03-27,165.8,166.2,165.6,165.7,15361,17:25,17:20,True,34696.5,0.4427247705099938,3.2071428571428493
2014-03-28,165.3,165.6,164.7,165.5,56776,17:25,17:20,True,34204.21428571428,1.6599124168074528,3.0571428571428476
2014-03-31,162.9,163.1,162.1,162.4,147014,17:25,17:20,True,36744.71428571428,4.000956405780424,3.1214285714285643
2014-04-01,166.2,166.7,166.2,166.4,30625,17:25,17:20,True,46062.5,0.6648575305291723,3.3499999999999943
2014-04-02,166.9,167.9,166.5,167.8,72268,17:25,17:20,True,46471.92857142857,1.555089324277175,3.249999999999996
2014-04-03,167.9,168.0,167.6,167.7,22199,17:25,17:20,True,50977.42857142857,0.435467237600955,3.242857142857137
2014-04-04,169.0,169.6,168.4,169.6,22657,17:25,17:20,True,50601.07142857143,0.44775731739164193,3.221428571428567
2014-04-07,169.7,169.7,169.1,169.6,51691,17:25,17:20,True,49816.78571428572,1.0376221439990823,3.2071428571428515
2014-04-08,168.6,169.4,168.6,169.2,29834,17:25,17:20,True,52361.71428571428,0.5697674418604651,3.1785714285714244
2014-04-09,168.9,169.6,168.8,169.3,42410,17:25,17:20,True,51115.92857142857,0.8296826681087668,3.1857142857142833
2014-04-10,170.0,170.3,169.7,170.3,8928,17:25,17:20,True,52964.357142857145,0.1685661920887497,3.1285714285714272
2014-04-11,168.5,169.7,168.2,168.2,65102,17:25,17:20,True,50857.21428571428,1.2800937077335566,2.857142857142857
2014-04-14,167.0,168.3,167.0,167.5,62927,17:25,17:20,True,45620.07142857143,1.3793709222600954,2.8142857142857167
2014-04-15,169.5,170.6,168.3,168.3,220971,17:25,17:20,True,46820.28571428572,4.719556846543927,2.942857142857146
2014-04-16,163.4,163.8,163.1,163.5,79770,17:25,17:20,True,60625.92857142857,1.3157736611987092,3.4785714285714318
2014-04-22,162.7,162.9,162.2,162.8,68376,17:25,17:20,True,65226.57142857143,1.0482844414852843,3.557142857142862
2014-04-23,164.8,164.9,164.6,164.7,41220,17:25,17:20,True,66055.14285714286,0.6240240837741627,3.5214285714285762
2014-04-24,164.5,164.8,164.1,164.7,11223,17:25,17:20,True,58498.42857142857,0.19185130736112568,3.2142857142857184
2014-04-25,165.0,165.1,164.6,164.9,14723,17:25,17:20,True,57112.57142857143,0.2577891282379661,3.2714285714285745
2014-04-28,165.7,166.0,165.5,165.6,28334,17:25,17:20,True,53002.21428571428,0.5345814393199206,3.200000000000003
2014-04-29,165.8,166.4,165.7,165.8,21273,17:25,17:20,True,53440.42857142857,0.39806941240312976,3.1857142857142873
2014-05-02,168.2,168.6,168.0,168.6,27501,17:25,17:20,True,53341.57142857143,0.5155641137574285,3.142857142857145
2014-05-05,167.9,168.0,167.8,167.9,7020,17:25,17:20,True,51613.71428571428,0.13601036269430053,3.1285714285714312
2014-05-06,166.8,167.9,166.8,167.7,16701,17:25,17:20,True,49984.142857142855,0.33412596566339614,3.1500000000000017
2014-05-07,164.3,164.4,164.0,164.4,6055,17:25,17:20,True,48147.78571428572,0.12575863895239212,3.2071428571428577
2014-05-08,164.5,165.0,164.5,164.7,16468,17:25,17:20,True,47942.57142857143,0.34349429972765033,3.1499999999999995
2014-05-09,165.3,166.0,165.3,165.5,8594,17:25,17:20,True,44468.71428571428,0.19325946652702863,3.0
2014-05-12,166.4,166.9,166.1,166.5,12081,17:25,17:20,True,40587.78571428572,0.2976511230507418,2.857142857142857
2014-05-13,168.0,168.4,167.8,168.4,6643,17:25,17:20,True,25667.071428571428,0.2588141003342248,2.32857142857143
2014-05-14,169.0,169.0,168.4,168.6,19717,17:25,17:20,True,20443.714285714286,0.9644529230081198,2.2571428571428567
2014-05-15,170.3,170.3,169.8,169.9,29185,17:25,17:20,True,16968.071428571428,1.7199951168791807,2.2642857142857133
2014-05-16,171.3,171.5,170.7,171.4,32824,17:25,17:20,True,16108.42857142857,2.0376910047091585,2.464285714285712
2014-05-19,171.0,171.6,170.8,171.6,33214,17:25,17:20,True,17651.35714285714,1.8816683460195291,2.4785714285714278
2014-05-20,171.7,171.8,171.4,171.4,21397,17:25,17:20,True,18972.14285714286,1.127811452882045,2.4785714285714278
2014-05-21,170.1,170.1,169.6,169.9,29519,17:25,17:20,True,18476.64285714286,1.5976387176087181,2.5
2014-05-22,168.8,169.3,168.7,169.3,26664,17:25,17:20,True,19065.64285714286,1.3985366347094061,2.55714285714286
2014-05-23,169.0,169.1,168.8,169.0,21084,17:25,17:20,True,19005.85714285714,1.1093422328455138,2.4785714285714318
2014-05-26,170.2,170.5,170.0,170.0,28210,17:25,17:20,True,20010.428571428572,1.409764908297816,2.364285714285718
2014-05-27,169.7,170.0,169.6,169.6,4235,17:25,17:20,True,20832.5,0.203288131525261,2.192857142857146
2014-05-30,168.7,168.8,168.5,168.5,32147,17:25,17:20,True,20702.5,1.5528076319285111,2.1857142857142895
2014-06-02,172.3,172.3,171.9,172.0,21070,17:25,17:20,True,21822.428571428572,0.9655204016837199,2.2928571428571445
2014-06-03,170.2,170.3,170.2,170.3,5542,17:25,17:20,True,22713.571428571428,0.24399509418535176,2.4500000000000006
2014-06-04,168.5,168.6,168.2,168.4,10716,17:25,17:20,True,22246.5,0.4816937495785854,2.442857142857144
2014-06-05,169.5,169.5,169.0,169.2,17989,17:25,17:20,True,22537.428571428572,0.7981833394607066,2.3428571428571456
2014-06-09,170.0,170.3,169.5,169.6,71928,17:25,17:20,True,22414.0,3.209065762469885,2.3214285714285734
2014-06-10,171.9,171.9,171.5,171.9,47685,17:25,17:20,True,25467.071428571428,1.8724178841585353,2.200000000000003
2014-06-11,172.5,172.5,171.7,171.9,42433,17:25,17:20,True,26528.571428571428,1.5995207323640281,2.1785714285714306
2014-06-12,170.5,170.7,170.3,170.6,5350,17:25,17:20,True,27187.071428571428,0.19678471122040678,2.2571428571428607
2014-06-13,172.7,173.0,172.5,172.6,21689,17:25,17:20,True,26040.85714285714,0.8328834907782277,2.442857142857146
2014-06-16,172.0,172.3,172.0,172.3,1903,17:25,17:20,True,25481.571428571428,0.07468142242853379,2.4357142857142873
2014-06-17,172.8,173.2,172.8,172.9,6076,17:25,17:20,True,23712.928571428572,0.2562315313225757,2.464285714285716
2014-06-18,171.6,171.7,171.6,171.7,7367,17:25,17:20,True,22640.928571428572,0.3253841809870241,2.5142857142857173
2014-06-19,171.9,172.1,171.8,172.1,14478,17:25,17:20,True,21152.14285714286,0.6844696585958869,2.5714285714285756
2014-06-23,174.6,174.7,173.7,173.7,72389,17:25,17:20,True,21883.785714285714,3.3078828747964084,2.7714285714285762
2014-06-24,173.8,174.0,173.5,174.0,12553,17:25,17:20,True,24758.214285714286,0.5070236429467854,2.664285714285719
2014-06-25,173.1,173.3,173.0,173.1,28938,17:25,17:20,True,24149.85714285714,1.198267957811049,2.4642857142857184
2014-06-26,171.1,171.6,170.9,171.6,6562,17:25,17:20,True,25821.0,0.2541342318268076,2.585714285714289
2014-06-27,171.1,171.5,171.1,171.5,6257,17:25,17:20,True,25524.285714285714,0.2451390832260592,2.671428571428574
2014-06-30,170.9,171.0,170.7,170.9,14431,17:25,17:20,True,24686.285714285714,0.5845755885280434,2.585714285714289
2014-07-01,170.7,170.8,170.1,170.1,29164,17:25,17:20,True,20579.35714285714,1.417148251889029,2.5357142857142896
2014-07-02,170.5,170.5,170.1,170.5,6669,17:25,17:20,True,19256.428571428572,0.34632590229607924,2.5428571428571485
2014-07-03,170.1,170.5,170.1,170.3,11585,17:25,17:20,True,16701.85714285714,0.6936354383173814,2.428571428571433
2014-07-04,173.9,174.2,173.5,173.7,21767,17:25,17:20,True,17147.214285714286,1.2694190226650726,2.4000000000000035
2014-07-07,174.8,174.8,174.3,174.8,14537,17:25,17:20,True,17152.785714285714,0.8475008224403366,2.428571428571433
2014-07-08,175.5,175.8,175.5,175.5,24363,17:25,17:20,True,18055.214285714286,1.3493608890190012,2.5214285714285722
2014-07-09,173.1,173.4,172.8,172.9,23753,17:25,17:20,True,19361.428571428572,1.2268206301187927,2.585714285714285
2014-07-10,172.5,172.5,171.1,171.3,22129,17:25,17:20,True,20531.85714285714,1.0777885237575058,2.5928571428571416
2014-07-11,168.7,169.3,168.7,168.7,8052,17:25,17:20,True,21078.35714285714,0.382003205725575,2.5857142857142827
2014-07-14,170.0,170.5,169.9,170.5,17410,17:25,17:20,True,16482.85714285714,1.0562489166233318,2.528571428571427
2014-07-15,172.8,172.8,171.2,171.2,209288,17:25,17:20,True,16829.785714285714,12.435571287301002,2.635714285714284
2014-07-16,171.0,171.3,170.9,171.0,31699,17:25,17:20,True,29711.928571428572,1.0668779013719838,2.6285714285714255
2014-07-17,170.4,170.4,170.1,170.4,16184,17:25,17:20,True,31507.428571428572,0.5136566433312779,2.5999999999999983
2014-07-18,167.5,167.5,166.8,167.0,42894,17:25,17:20,True,32216.5,1.3314295469712725,2.6857142857142833
2014-07-21,165.8,166.2,165.8,166.0,8666,17:25,17:20,True,34249.57142857143,0.25302506392155066,2.807142857142856
2014-07-22,166.2,166.9,166.0,166.9,24577,17:25,17:20,True,32785.42857142857,0.7496318050701967,2.7928571428571383
2014-07-23,166.6,167.1,166.6,166.9,7886,17:25,17:20,True,34064.57142857143,0.23150151812524114,2.86428571428571
2014-07-24,166.5,166.6,166.0,166.3,9395,17:25,17:20,True,33800.357142857145,0.2779556429031815,2.7142857142857104
2014-07-25,166.0,166.0,165.8,165.8,16134,17:25,17:20,True,32916.642857142855,0.49014718997988427,2.5999999999999965
2014-07-28,166.3,166.4,166.3,166.4,6977,17:25,17:20,True,33030.71428571428,0.21122764526522936,2.4571428571428533
2014-07-29,166.5,166.5,166.2,166.4,3309,17:25,17:20,True,31788.85714285714,0.10409307843718824,2.36428571428571
2014-07-30,166.7,166.8,166.2,166.5,12077,17:25,17:20,True,30328.571428571428,0.39820536975977394,2.321428571428567
2014-07-31,166.0,166.0,165.7,165.7,15767,17:25,17:20,True,29610.571428571428,0.5324787479375127,2.1571428571428544
2014-08-01,166.2,167.7,165.8,167.1,233754,17:25,17:20,True,30161.64285714286,7.750042035413948,2.2928571428571405
2014-08-04,165.0,165.1,164.2,164.2,37035,17:25,17:20,True,45614.78571428572,0.8119077930558231,2.471428571428569
2014-08-05,164.2,164.3,164.2,164.2,3131,17:25,17:20,True,33311.0,0.0939929752934466,2.3785714285714272
2014-08-06,163.8,164.3,163.7,163.8,41341,17:25,17:20,True,31270.428571428572,1.322047758493876,2.3499999999999965
2014-08-07,161.9,162.2,161.6,161.6,4685,17:25,17:20,True,33067.357142857145,0.14168050926355943,2.4071428571428544
2014-08-08,161.7,161.7,161.1,161.5,36956,17:25,17:20,True,30338.14285714286,1.2181365278032839,2.3357142857142827
2014-08-11,163.0,163.6,162.7,163.0,46832,17:25,17:20,True,32358.85714285714,1.4472699018153565,2.3214285714285716
2014-08-12,166.0,166.0,165.3,165.4,16829,17:25,17:20,True,33948.5,0.4957214604474425,2.47857142857143
2014-08-13,165.9,166.7,165.5,166.4,19819,17:25,17:20,True,34587.28571428572,0.5730140307544886,2.421428571428574
2014-08-14,164.9,165.2,164.8,165.2,14497,17:25,17:20,True,35331.857142857145,0.41030959514481063,2.442857142857144
2014-08-15,165.7,165.7,165.2,165.4,11926,17:25,17:20,True,35214.92857142857,0.3386631887044658,2.428571428571433
2014-08-18,164.6,164.8,164.5,164.8,14667,17:25,17:20,True,35568.42857142857,0.41236007856084245,2.5142857142857173
2014-08-19,164.0,164.4,163.8,163.9,41690,17:25,17:20,True,36379.71428571428,1.1459683182935545,2.5642857142857167
2014-08-20,164.7,165.2,164.5,165.2,22665,17:25,17:20,True,38494.92857142857,0.5887788558418642,2.535714285714288
2014-08-21,163.5,164.5,163.2,164.3,150076,17:25,17:20,True,38987.642857142855,3.8493222211433293,2.4000000000000017
2014-08-22,162.2,162.4,162.1,162.2,39901,17:25,17:20,True,33010.642857142855,1.208731383168632,2.221428571428573
2014-08-25,163.0,163.3,162.8,162.9,32994,17:25,17:20,True,33215.357142857145,0.9933356988484242,2.171428571428574
2014-08-26,163.4,163.9,163.3,163.3,36413,17:25,17:20,True,35348.42857142857,1.0301165135649595,2.2142857142857184
2014-08-27,164.3,164.5,163.9,163.9,13033,17:25,17:20,True,34996.42857142857,0.3724094295336259,2.1214285714285745
2014-08-28,162.7,163.0,162.7,162.8,9273,17:25,17:20,True,35592.71428571428,0.2605308470031989,2.0714285714285734
2014-08-29,162.4,162.4,162.1,162.1,6691,17:25,17:20,True,33615.357142857145,0.19904592926277317,2.107142857142857
2014-09-01,161.8,161.8,161.4,161.5,30215,17:25,17:20,True,30748.14285714286,0.9826609737173441,1.914285714285715
2014-09-02,160.4,160.4,160.1,160.3,36451,17:25,17:20,True,31704.285714285714,1.1497183796692652,1.971428571428573
2014-09-03,160.9,161.2,160.9,161.1,19742,17:25,17:20,True,32892.28571428572,0.6002015235878148,1.9500000000000028
2014-09-04,163.6,164.1,163.4,164.1,110900,17:25,17:20,True,33266.92857142857,3.3336410892842956,2.114285714285716
2014-09-05,164.8,164.8,164.5,164.6,98043,17:25,17:20,True,40336.5,2.430627347439664,2.0500000000000034
2014-09-08,164.0,164.1,163.9,164.0,11831,17:25,17:20,True,46291.92857142857,0.25557371155415864,2.0357142857142896
2014-09-09,162.8,163.0,162.5,163.0,10622,17:25,17:20,True,44159.142857142855,0.24053908913863495,2.085714285714289
2014-09-10,162.2,162.5,162.1,162.5,5920,17:25,17:20,True,43298.92857142857,0.1367239374118462,2.1214285714285745
2014-09-11,158.5,159.0,158.3,158.6,34332,17:25,17:20,True,33002.07142857143,1.0402983362516205,2.335714285714291
2014-09-12,157.0,157.5,157.0,157.5,22937,17:25,17:20,True,32604.285714285714,0.7034964728563291,2.392857142857147
2014-09-15,155.0,155.0,154.3,154.3,20880,17:25,17:20,True,31885.928571428572,0.6548343089092143,2.500000000000004
2014-09-16,156.4,156.7,156.0,156.1,14355,17:25,17:20,True,30776.428571428572,0.46642838907327033,2.585714285714291
2014-09-17,158.3,158.7,158.3,158.5,25893,17:25,17:20,True,30870.85714285714,0.8387522212350067,2.6571428571428624
2014-09-18,158.2,158.2,158.0,158.0,10407,17:25,17:20,True,32058.0,0.3246303574770728,2.585714285714293
2014-09-19,158.9,158.9,158.0,158.5,55075,17:25,17:20,True,32323.428571428572,1.7038724675600183,2.535714285714292
2014-09-22,157.4,157.4,157.0,157.2,11150,17:25,17:20,True,34099.142857142855,0.3269876913537835,2.4642857142857184
2014-09-23,157.3,157.7,157.3,157.3,10138,17:25,17:20,True,32291.928571428572,0.31394842143215795,2.4785714285714318
2014-09-24,154.0,154.1,153.8,154.0,13281,17:25,17:20,True,31605.928571428572,0.4202059740148209,2.500000000000002
2014-09-25,154.5,154.8,154.3,154.7,38382,17:25,17:20,True,24633.14285714286,1.558144659923912,2.535714285714288
2014-09-26,151.2,151.3,150.5,150.5,16033,17:25,17:20,True,20371.64285714286,0.7870253819209475,2.692857142857144
2014-09-29,151.7,152.0,151.5,152.0,14620,17:25,17:20,True,20671.785714285714,0.7072441733902317,2.742857142857145
2014-09-30,151.0,151.4,151.0,151.3,28019,17:25,17:20,True,20957.35714285714,1.3369529282250012,2.757142857142859
2014-10-01,150.3,150.5,150.3,150.5,20264,17:25,17:20,True,22535.85714285714,0.8991892285944305,2.4642857142857144
2014-10-02,147.0,147.3,146.5,146.5,19239,17:25,17:20,True,21531.0,0.8935488365612373,2.5785714285714283
2014-10-03,147.2,147.6,147.0,147.3,41291,17:25,17:20,True,21266.85714285714,1.941565682349464,2.5714285714285694
2014-10-06,147.9,148.2,147.5,147.7,19066,17:25,17:20,True,22724.785714285714,0.8389958101129352,2.507142857142855
2014-10-07,145.0,145.5,145.0,145.1,80782,17:25,17:20,True,23061.285714285714,3.50292698337969,2.4642857142857104
2014-10-08,143.5,143.7,143.0,143.2,53178,17:25,17:20,True,26981.928571428572,1.9708746859670625,2.5928571428571376
2014-10-09,144.3,145.1,144.0,144.6,119782,17:25,17:20,True,30037.0,3.9878150281319704,2.749999999999994
2014-10-10,142.3,142.3,141.2,141.5,86532,17:25,17:20,True,34658.92857142857,2.4966726776237826,2.921428571428566
2014-10-13,138.7,138.7,138.0,138.4,75963,17:25,17:20,True,40043.357142857145,1.8970187671577414,3.0714285714285654
2014-10-14,138.4,139.2,138.1,139.0,47509,17:25,17:20,True,44745.142857142855,1.061768875153249,3.1214285714285666
2014-10-15,143.4,143.4,142.6,142.8,23759,17:25,17:20,True,47190.0,0.5034753125662217,3.3499999999999965
2014-10-16,140.9,141.1,140.6,141.0,102511,17:25,17:20,True,46145.5,2.2214733831034446,3.5857142857142827
2014-10-17,139.0,139.5,138.7,139.5,44499,17:25,17:20,True,52322.5,0.8504754168856611,3.885714285714282
2014-10-20,143.0,143.0,142.3,142.6,24008,17:25,17:20,True,54456.71428571428,0.4408639102616233,4.085714285714283
2014-10-21,141.4,141.7,141.2,141.4,11300,17:25,17:20,True,54170.21428571428,0.2086017223487341,4.157142857142854
2014-10-22,145.6,145.9,145.5,145.6,10911,17:25,17:20,True,53529.92857142857,0.2038299002293777,4.178571428571426
2014-10-23,145.2,145.3,144.3,144.3,45273,17:25,17:20,True,52935.07142857143,0.8552552925349248,4.107142857142857
2014-10-24,147.0,147.0,146.5,146.8,53705,17:25,17:20,True,53219.5,1.009122596040925,4.142857142857141
2014-10-27,147.0,147.0,146.3,146.3,50540,17:25,17:20,True,55693.71428571428,0.907463268488878,4.099999999999999
2014-10-28,145.6,145.6,145.4,145.5,16746,17:25,17:20,True,53533.57142857143,0.31281305455855474,4.114285714285712
2014-10-29,148.0,148.8,148.0,148.7,55425,17:25,17:20,True,50931.28571428572,1.088230921774155,4.0785714285714265
2014-10-30,149.0,149.5,148.5,149.5,83312,17:25,17:20,True,46334.357142857145,1.7980609883748715,4.04285714285714
2014-11-03,148.0,148.3,147.1,147.1,62829,17:25,17:20,True,46104.357142857145,1.3627562315926136,4.007142857142857
2014-11-04,145.6,145.8,145.4,145.7,32395,17:25,17:20,True,45166.21428571428,0.7172396560640302,3.9357142857142855
2014-11-05,144.5,144.8,144.5,144.7,32758,17:25,17:20,True,44086.642857142855,0.7430368446549247,3.7928571428571405
2014-11-06,146.3,146.5,146.3,146.4,12876,17:25,17:20,True,44729.42857142857,0.28786417379417834,3.44285714285714
2014-11-07,149.0,149.4,148.8,149.4,43462,17:25,17:20,True,38326.92857142857,1.1339807707001976,3.1499999999999977
2014-11-10,151.7,151.7,151.0,151.2,38795,17:25,17:20,True,38252.857142857145,1.014172610822721,3.078571428571426
2014-11-11,152.5,152.6,152.0,152.1,15238,17:25,17:20,True,39309.07142857143,0.3876458905341733,3.057142857142856
2014-11-12,152.8,153.0,152.3,152.6,19821,17:25,17:20,True,39590.357142857145,0.5006522150956673,2.907142857142856
2014-11-13,154.8,154.8,154.2,154.5,22919,17:25,17:20,True,40226.78571428572,0.5697447507435521,2.885714285714284
2014-11-14,154.3,154.6,154.1,154.1,13543,17:25,17:20,True,38630.07142857143,0.3505818006327417,2.892857142857143
2014-11-17,152.0,152.2,151.2,151.7,28104,17:25,17:20,True,35761.357142857145,0.7858762151484343,2.9357142857142855
2014-11-18,151.0,151.0,150.8,150.8,56423,17:25,17:20,True,34158.78571428572,1.6517858823184999,2.9500000000000006
2014-11-19,153.3,153.4,151.8,152.1,53555,17:25,17:20,True,36992.857142857145,1.447711913496814,2.97857142857143
2014-11-20,152.5,152.5,151.9,152.3,11039,17:25,17:20,True,36859.28571428572,0.29949033970893163,2.921428571428574
2014-11-21,150.9,151.1,150.8,150.9,20429,17:25,17:20,True,31696.928571428572,0.6445103964557178,2.8785714285714294
2014-11-24,154.4,154.4,154.2,154.2,13640,17:25,17:20,True,28668.35714285714,0.47578589634664403,2.971428571428573
2014-11-25,155.7,155.7,155.3,155.4,23725,17:25,17:20,True,27328.714285714286,0.8681345105357525,2.864285714285718
2014-11-26,156.7,157.2,156.7,157.2,30238,17:25,17:20,True,26683.5,1.1332096614012406,2.8214285714285756
2014-11-27,156.2,156.7,156.2,156.7,14831,17:25,17:20,True,27923.64285714286,0.5311269763717894,2.835714285714291
2014-11-28,154.7,154.8,154.5,154.7,35969,17:25,17:20,True,25878.571428571428,1.3899144355506488,2.7428571428571473
2014-12-01,153.0,153.0,152.0,152.5,29183,17:25,17:20,True,25676.714285714286,1.1365550776968572,2.7357142857142884
2014-12-02,154.4,154.7,154.3,154.7,8929,17:25,17:20,True,26672.785714285714,0.33476068437867385,2.7642857142857156
2014-12-03,152.7,153.3,152.7,153.0,10447,17:25,17:20,True,25894.785714285714,0.40344029548144,2.8500000000000005
2014-12-04,153.9,154.0,153.7,154.0,17562,17:25,17:20,True,25003.928571428572,0.7023696276299438,2.7071428571428577
2014-12-05,157.1,157.8,157.1,157.4,47887,17:25,17:20,True,25291.0,1.8934403542762248,2.9285714285714284
2014-12-08,161.9,162.2,161.6,162.2,28446,17:25,17:20,True,26704.071428571428,1.065230823550181,3.107142857142857
2014-12-09,159.0,159.5,159.0,159.2,45318,17:25,17:20,True,24705.714285714286,1.834312478316179,3.085714285714285
2014-12-10,159.5,160.1,159.4,160.1,33085,17:25,17:20,True,24117.35714285714,1.3718335638529453,3.1642857142857133
2014-12-11,159.0,159.3,158.9,159.1,42068,17:25,17:20,True,25692.071428571428,1.6373923027949147,3.1785714285714266
2014-12-12,157.1,157.3,156.2,156.5,18180,17:25,17:20,True,27237.714285714286,0.6674568875089162,3.0642857142857127
2014-12-15,156.0,156.4,156.0,156.0,102454,17:25,17:20,True,27562.0,3.71721935998839,3.0714285714285694
2014-12-16,154.0,154.6,153.9,154.2,27952,17:25,17:20,True,33185.5,0.8422955809012973,3.2571428571428567
2014-12-17,157.5,158.0,157.1,157.1,55634,17:25,17:20,True,33022.21428571428,1.6847446848550003,3.52142857142857
2014-12-18,159.9,159.9,158.9,159.1,39253,17:25,17:20,True,35936.71428571428,1.0922812722365112,3.557142857142856
2014-12-19,162.0,162.2,161.6,162.1,28708,17:25,17:20,True,36171.28571428572,0.7936682214384733,3.642857142857141
2014-12-22,163.0,163.0,162.6,162.7,29966,17:25,17:20,True,36137.357142857145,0.8292250006423902,3.607142857142855
2014-12-23,163.7,164.5,163.6,164.3,28489,17:25,17:20,True,37640.0,0.7568809776833156,3.471428571428569
2014-12-29,166.0,166.4,166.0,166.4,21885,17:25,17:20,True,38928.71428571428,0.5621814231874379,3.6142857142857117
2014-12-30,166.6,166.6,165.7,165.9,7312,17:25,17:20,True,39237.5,0.18635234151003505,3.3428571428571416
2015-01-02,165.9,166.0,165.6,165.6,7947,17:25,17:20,True,36339.28571428572,0.21868894348894347,3.0642857142857127
2015-01-07,163.9,164.4,162.5,164.2,155766,17:25,17:20,True,34875.07142857143,4.4663994543789975,3.0428571428571423
2015-01-08,162.1,163.1,162.1,162.8,33790,17:25,17:20,True,42764.21428571428,0.7901466346193998,3.1214285714285706
2015-01-09,164.9,165.1,164.4,165.1,60830,17:25,17:20,True,42814.57142857143,1.420777972786301,3.2357142857142844
2015-01-12,166.0,166.3,165.6,166.2,34301,17:25,17:20,True,44154.71428571428,0.776836642584678,3.2071428571428533
2015-01-13,171.0,173.0,170.3,172.0,240264,17:25,17:20,True,45306.21428571428,5.303113574769781,3.3142857142857087
2015-01-14,171.3,171.4,170.5,170.8,34520,17:25,17:20,True,55149.78571428572,0.6259317158336323,3.4499999999999926
2015-01-15,171.6,172.2,171.5,172.1,22663,17:25,17:20,True,55618.92857142857,0.4074691940693366,3.1857142857142793
2015-01-16,171.8,172.2,171.6,171.9,21380,17:25,17:20,True,53263.857142857145,0.40139789243308915,3.3499999999999943
2015-01-19,174.6,174.6,172.9,172.9,43996,17:25,17:20,True,51987.21428571428,0.8462850068904305,3.278571428571425
2015-01-20,176.1,176.4,175.8,175.8,28849,17:25,17:20,True,53079.21428571428,0.5435084220484478,3.4071428571428544
2015-01-21,176.0,176.6,176.0,176.5,33775,17:25,17:20,True,52999.42857142857,0.6372710217899923,3.471428571428571
2015-01-22,179.5,180.0,179.4,179.9,43815,17:25,17:20,True,53377.0,0.8208591715532907,3.550000000000001
2015-01-23,185.0,185.4,184.7,185.4,44511,17:25,17:20,True,54943.42857142857,0.8101241796757184,3.7928571428571445
2015-01-26,186.0,187.0,186.0,186.9,53767,17:25,17:20,True,57600.5,0.9334467582746677,3.9500000000000006
2015-01-27,190.0,190.8,189.9,190.1,49232,17:25,17:20,True,60873.357142857145,0.8087610460593245,4.050000000000002
2015-01-28,189.1,189.9,188.8,189.4,85881,17:25,17:20,True,53263.78571428572,1.6123713109818651,4.178571428571431
2015-01-29,192.7,193.5,192.1,193.3,97787,17:25,17:20,True,56984.57142857143,1.7160258917200646,5.128571428571433
2015-01-30,194.4,195.2,194.1,195.2,19531,17:25,17:20,True,59624.357142857145,0.3275674730245669,5.250000000000006
2015-02-02,195.5,196.0,195.4,195.6,22644,17:25,17:20,True,58569.357142857145,0.3866185511438819,5.385714285714294
2015-02-03,195.3,196.2,195.3,196.1,80331,17:25,17:20,True,43025.07142857143,1.8670741810007787,5.1000000000000085
2015-02-04,195.5,196.3,194.8,194.8,85660,17:25,17:20,True,46297.28571428572,1.8502164582311211,5.300000000000007
2015-02-05,193.5,193.9,193.5,193.5,28717,17:25,17:20,True,50797.07142857143,0.5653278662015105,5.214285714285722
2015-02-06,196.0,196.2,195.8,195.9,29531,17:25,17:20,True,51321.142857142855,0.575415868703514,5.378571428571435
2015-02-09,197.4,197.7,197.1,197.7,18671,17:25,17:20,True,50287.92857142857,0.37128194639156514,5.421428571428578
2015-02-10,198.4,198.7,198.1,198.1,19786,17:25,17:20,True,49560.92857142857,0.3992257726060131,5.435714285714291
2015-02-11,197.2,197.4,197.0,197.1,16918,17:25,17:20,True,48561.71428571428,0.3483814409940812,5.321428571428576
2015-02-12,196.9,197.1,196.7,197.0,26233,17:25,17:20,True,46640.5,0.5624510886461337,5.164285714285719
2015-02-13,206.2,206.2,205.0,205.0,45386,17:25,17:20,True,45334.92857142857,1.001126535988492,5.621428571428576
2015-02-16,205.0,205.5,204.8,205.2,25259,17:25,17:20,True,44736.28571428572,0.5646199633407205,5.600000000000004
2015-02-17,205.8,205.8,204.8,204.8,29594,17:25,17:20,True,43023.92857142857,0.6878497845883105,5.3142857142857185
2015-02-18,203.7,204.5,203.7,204.2,9281,17:25,17:20,True,39003.42857142857,0.23795343999062352,4.385714285714288
2015-02-19,205.5,205.5,204.8,204.8,18293,17:25,17:20,True,32681.571428571428,0.559734406895979,4.335714285714289
2015-02-20,206.2,206.6,205.4,206.0,51988,17:25,17:20,True,32593.14285714286,1.5950594340615027,4.200000000000003
2015-02-23,210.0,210.9,209.9,210.6,44136,17:25,17:20,True,34689.142857142855,1.2723289295950977,4.271428571428574
2015-02-24,210.0,210.0,208.9,209.2,11882,17:25,17:20,True,32103.785714285714,0.37011211405864464,4.107142857142861
2015-02-25,209.5,209.8,209.4,209.8,4435,17:25,17:20,True,26833.928571428572,0.16527583682704464,4.03571428571429
2015-02-26,209.3,210.1,209.3,210.1,15601,17:25,17:20,True,25099.5,0.6215661666567063,3.857142857142861
2015-02-27,211.0,211.4,210.9,211.3,13065,17:25,17:20,True,24104.5,0.5420149764566782,3.7714285714285745
2015-03-02,209.9,210.3,209.8,209.9,14868,17:25,17:20,True,23704.071428571428,0.6272340194722426,3.8214285714285734
2015-03-03,209.0,209.0,208.5,208.7,7514,17:25,17:20,True,23352.785714285714,0.32176032837930013,3.9857142857142867
2015-03-04,203.5,203.7,203.1,203.4,30675,17:25,17:20,True,22681.071428571428,1.352449336293637,4.292857142857143
2015-03-05,203.8,204.8,203.0,203.1,51576,17:25,17:20,True,22998.35714285714,2.24259496796355,3.8999999999999995
2015-03-06,205.5,206.1,205.3,206.0,14136,17:25,17:20,True,23440.5,0.6030588084725155,4.0
2015-03-09,205.1,205.2,204.3,204.4,25878,17:25,17:20,True,22646.0,1.1427183608584297,4.064285714285712
2015-03-10,208.1,208.6,207.5,208.6,29026,17:25,17:20,True,22380.571428571428,1.296928458356738,4.185714285714285
2015-03-11,207.9,211.6,207.5,211.5,226965,17:25,17:20,True,23790.928571428572,9.539980724946183,4.171428571428572
2015-03-12,218.0,218.2,217.1,218.1,32545,17:25,17:20,True,38696.07142857143,0.8410414493903958,4.75
2015-03-13,218.4,218.8,218.3,218.7,12263,17:25,17:20,True,37307.28571428572,0.32870255139746735,4.814285714285715
2015-03-16,218.7,218.8,218.2,218.2,13378,17:25,17:20,True,35030.642857142855,0.3818942191428321,4.735714285714287
2015-03-17,220.6,220.7,219.8,220.4,64889,17:25,17:20,True,35137.5,1.8467164710067592,4.807142857142858
2015-03-18,216.8,217.9,216.7,217.9,17014,17:25,17:20,True,39455.642857142855,0.4312184206857973,5.028571428571431
2015-03-19,224.9,225.7,224.8,225.6,42802,17:25,17:20,True,39556.57142857143,1.0820452444238993,5.857142857142861
2015-03-20,221.6,221.8,220.8,220.8,21350,17:25,17:20,True,41680.642857142855,0.5122281840319848,6.242857142857147
2015-03-23,222.0,222.4,221.4,221.4,17467,17:25,17:20,True,42143.642857142855,0.41446345915584626,6.192857142857148
2015-03-24,220.0,220.4,218.8,218.8,62907,17:25,17:20,True,42854.57142857143,1.4679180750845051,6.01428571428572
2015-03-25,224.2,224.8,223.7,224.4,72485,17:25,17:20,True,45156.857142857145,1.60518256996248,6.0071428571428624
2015-03-26,224.1,224.3,223.6,223.8,69583,17:25,17:20,True,46650.357142857145,1.4915855796541138,5.871428571428576
2015-03-27,220.8,220.9,220.1,220.6,72033,17:25,17:20,True,50610.857142857145,1.423271686481726,6.0214285714285785
2015-03-30,223.0,224.4,223.0,223.7,8249,17:25,17:20,True,53907.642857142855,0.15302097370237722,5.800000000000007
2015-03-31,225.8,226.2,225.0,225.5,68179,17:25,17:20,True,52423.57142857143,1.3005409235213168,5.807142857142862
2015-04-01,221.8,222.2,220.7,220.7,65767,17:25,17:20,True,41081.71428571428,1.6008825615845772,5.335714285714291
2015-04-07,227.7,227.7,225.7,226.3,79995,17:25,17:20,True,43454.71428571428,1.840881969077825,5.278571428571433
2015-04-08,228.1,228.1,227.1,227.1,18067,17:25,17:20,True,48292.71428571428,0.3741144035332156,5.578571428571432
2015-04-09,228.4,229.5,228.2,228.8,173687,17:25,17:20,True,48627.642857142855,3.5717750192057136,5.585714285714287
2015-04-10,227.3,228.4,227.0,228.4,34015,17:25,17:20,True,56398.92857142857,0.6031142942178486,5.592857142857143
2015-04-13,227.0,227.7,226.9,227.3,27645,17:25,17:20,True,57613.28571428572,0.47983723992233934,4.657142857142858
2015-04-14,230.0,230.9,229.9,230.0,16001,17:25,17:20,True,56530.642857142855,0.2830500272292271,4.32857142857143
2015-04-15,230.5,230.7,230.3,230.4,10668,17:25,17:20,True,56148.57142857143,0.18999592916751476,4.221428571428573
2015-04-16,231.0,231.1,229.4,229.7,34794,17:25,17:20,True,55662.92857142857,0.625083891433257,4.050000000000002
2015-04-17,213.7,214.7,211.0,214.3,527499,17:25,17:20,True,53654.857142857145,9.831337330663713,4.1714285714285735
2015-04-20,209.5,210.2,209.0,209.2,120148,17:25,17:20,True,86155.85714285714,1.39454244881784,5.321428571428576
2015-04-21,210.5,211.0,210.3,211.0,70306,17:25,17:20,True,89767.64285714286,0.7831998007554425,5.185714285714288
2015-04-22,211.6,212.7,211.6,212.0,40841,17:25,17:20,True,89644.28571428571,0.45558955235773135,5.257142857142857
2015-04-23,214.7,215.8,214.6,215.8,44865,17:25,17:20,True,91972.28571428571,0.48780999245114215,5.314285714285715
2015-04-24,214.0,214.0,213.3,213.7,38233,17:25,17:20,True,90307.0,0.4233669593719202,5.364285714285714
2015-04-27,216.5,217.6,216.5,217.1,35981,17:25,17:20,True,88340.28571428571,0.40730001843520675,5.428571428571429
2015-04-28,218.9,219.3,218.7,219.3,19574,17:25,17:20,True,85196.42857142857,0.22975141479773634,5.278571428571427
2015-04-29,215.4,216.1,215.2,215.6,15697,17:25,17:20,True,85304.07142857143,0.1840123189564725,5.378571428571429
2015-05-04,204.2,204.4,202.3,204.1,61097,17:25,17:20,True,74019.07142857143,0.8254224056155411,5.82857142857143
2015-05-05,203.2,203.2,201.7,202.9,30154,17:25,17:20,True,75953.5,0.3970060629200761,5.878571428571429
2015-05-06,199.5,200.6,198.7,200.1,25065,17:25,17:20,True,76132.71428571429,0.32922772076580553,5.907142857142858
2015-05-07,196.0,196.0,194.8,195.0,38204,17:25,17:20,True,76780.14285714286,0.49757656834635444,6.092857142857143
2015-05-08,202.0,202.0,200.8,202.0,31407,17:25,17:20,True,78747.0,0.3988342413044306,6.464285714285716
2015-05-11,202.5,202.6,202.0,202.6,27194,17:25,17:20,True,78505.07142857143,0.34639800340469357,6.442857142857144
2015-05-12,201.0,201.2,200.0,200.5,49286,17:25,17:20,True,42769.0,1.15237672145713,5.221428571428571
2015-05-15,205.9,207.1,205.7,207.0,56701,17:25,17:20,True,37707.42857142857,1.5037090076983695,5.32857142857143
2015-05-18,203.0,203.4,201.5,202.0,17554,17:25,17:20,True,36735.642857142855,0.47784654451982217,5.400000000000001
2015-05-19,205.0,205.0,204.2,204.8,14035,17:25,17:20,True,35072.28571428572,0.4001735191807939,5.271428571428572
2015-05-20,206.2,206.8,206.1,206.4,46436,17:25,17:20,True,32870.142857142855,1.412710623188217,5.042857142857143
2015-05-21,204.6,204.9,204.3,204.5,9415,17:25,17:20,True,33456.07142857143,0.2814137942077565,4.935714285714285
2015-05-22,205.7,206.2,205.4,206.2,12795,17:25,17:20,True,31558.5,0.40543752079471457,4.8500000000000005
2015-05-25,206.5,206.5,205.9,206.2,5357,17:25,17:20,True,31074.285714285714,0.1723933431408606,4.642857142857141
2015-05-26,205.2,206.5,205.1,205.6,14748,17:25,17:20,True,30335.714285714286,0.4861596421003061,3.971428571428569
2015-05-27,205.4,206.3,205.4,206.0,13493,17:25,17:20,True,27025.071428571428,0.49927712626635057,4.035714285714284
2015-05-28,207.0,207.4,206.4,207.4,13639,17:25,17:20,True,25835.0,0.527927230501258,3.9642857142857104
2015-05-29,210.0,210.1,209.8,209.8,16970,17:25,17:20,True,25018.85714285714,0.6782883767672385,3.892857142857139
2015-06-01,206.3,208.3,206.0,207.9,43308,17:25,17:20,True,23502.14285714286,1.842725587332462,3.6499999999999955
2015-06-02,211.3,211.3,210.0,210.9,8962,17:25,17:20,True,24352.214285714286,0.36801581551692275,3.521428571428566
2015-06-03,209.5,209.9,208.8,209.2,10226,17:25,17:20,True,23049.928571428572,0.4436456264196666,3.749999999999996
2015-06-04,208.5,208.5,208.0,208.0,20543,17:25,17:20,True,20259.928571428572,1.0139719855168012,3.585714285714281
2015-06-05,203.4,203.4,202.4,202.8,19157,17:25,17:20,True,17677.214285714286,1.0837114768406464,3.557142857142854
2015-06-08,202.0,202.1,201.5,201.6,12968,17:25,17:20,True,17791.714285714286,0.7288786112315524,3.585714285714285
2015-06-09,199.4,199.9,199.1,199.5,40001,17:25,17:20,True,17715.5,2.257966187801643,3.550000000000001
2015-06-10,201.5,201.5,200.7,201.0,11451,17:25,17:20,True,17255.85714285714,0.6636007649576542,3.721428571428571
2015-06-11,204.2,205.8,203.7,205.4,28910,17:25,17:20,True,17401.285714285714,1.6613714914333095,3.8214285714285716
2015-06-12,200.4,200.5,199.8,200.2,12056,17:25,17:20,True,18552.35714285714,0.649836562931934,4.035714285714287
2015-06-15,194.0,194.2,193.3,193.7,44401,17:25,17:20,True,19030.85714285714,2.3331056329570026,4.285714285714287
2015-06-16,191.2,191.3,191.1,191.3,18251,17:25,17:20,True,21148.928571428572,0.8629751591603761,4.385714285714288
2015-06-17,194.3,194.4,192.1,192.3,85920,17:25,17:20,True,21488.785714285714,3.9983645954866827,4.53571428571429
2015-06-18,189.1,189.6,189.0,189.5,36107,17:25,17:20,True,26651.714285714286,1.3547721400928376,4.5642857142857185
2015-06-22,195.4,196.1,195.0,195.0,88111,17:25,17:20,True,28018.64285714286,3.144727617581151,4.571428571428576
2015-06-23,199.2,199.3,198.9,199.3,34473,17:25,17:20,True,31218.85714285714,1.1042364504969524,4.821428571428576
2015-06-24,200.6,200.6,199.8,200.1,4467,17:25,17:20,True,33041.07142857143,0.13519537372318002,4.735714285714288
2015-06-25,196.2,196.9,196.2,196.9,9708,17:25,17:20,True,32629.714285714286,0.29752022696227803,4.80714285714286
2015-06-26,196.0,197.0,196.0,196.6,19340,17:25,17:20,True,31855.785714285714,0.6071110652695967,4.6214285714285745
2015-06-29,188.7,189.2,186.5,189.2,116468,17:25,17:20,True,31868.85714285714,3.6546023435328716,4.685714285714288
2015-06-30,190.3,191.3,190.3,191.2,40255,17:25,17:20,True,39261.71428571428,1.0252990918088143,5.2928571428571445
2015-07-01,190.5,190.5,190.0,190.4,14910,17:25,17:20,True,39279.857142857145,0.3795838652308162,5.128571428571432
2015-07-02,192.0,192.0,191.6,191.8,22080,17:25,17:20,True,39526.92857142857,0.5586065196059828,5.085714285714287
2015-07-03,190.1,190.7,190.1,190.3,11626,17:25,17:20,True,39039.07142857143,0.29780421445914074,5.035714285714286
2015-07-06,186.8,187.4,186.6,187.4,28219,17:25,17:20,True,39008.357142857145,0.7234090863313173,4.757142857142857
2015-07-07,188.4,188.6,188.2,188.5,5024,17:25,17:20,True,37852.5,0.13272571164388086,4.685714285714285
2015-07-08,183.7,185.1,183.7,184.5,39684,17:25,17:20,True,36907.71428571428,1.0752223693072298,4.7071428571428555
2015-07-09,184.1,184.2,183.3,183.4,11455,17:25,17:20,True,33605.142857142855,0.340870444999915,4.657142857142857
2015-07-10,190.3,190.4,189.1,189.4,85073,17:25,17:20,True,31844.285714285714,2.6715311112108027,4.714285714285713
2015-07-13,192.1,193.2,191.8,192.7,40318,17:25,17:20,True,31627.285714285714,1.2747853345438613,4.3999999999999995
2015-07-14,190.4,191.0,190.0,190.5,22256,17:25,17:20,True,32044.785714285714,0.6945279708978729,4.3357142857142845
2015-07-15,179.3,181.3,178.7,180.0,372181,17:25,17:20,True,33315.42857142857,11.171430654179959,4.264285714285713
2015-07-16,177.0,177.0,174.4,176.0,184368,17:25,17:20,True,59206.357142857145,3.1139899311005452,5.242857142857141
2015-07-17,179.0,179.0,177.8,178.0,115184,17:25,17:20,True,70994.07142857143,1.6224453349726384,5.235714285714285
2015-07-20,176.3,177.3,176.3,177.1,23133,17:25,17:20,True,70902.35714285714,0.32626559866536775,4.735714285714285
2015-07-21,182.2,182.2,179.5,179.6,81879,17:25,17:20,True,69679.35714285714,1.1750825977359558,4.950000000000001
2015-07-22,176.3,176.9,176.2,176.7,72498,17:25,17:20,True,74462.85714285714,0.9736129230296984,5.064285714285715
2015-07-23,175.6,176.0,175.4,175.6,44576,17:25,17:20,True,78064.14285714286,0.5710176064005973,4.9142857142857155
2015-07-24,174.1,174.7,174.1,174.3,21702,17:25,17:20,True,80417.71428571429,0.26986591440407587,4.950000000000001
2015-07-27,171.2,171.4,170.4,170.9,53966,17:25,17:20,True,79952.21428571429,0.674978178930093,4.950000000000001
2015-07-28,167.0,168.0,167.0,167.7,137837,17:25,17:20,True,83448.07142857143,1.6517697490227026,4.878571428571432
2015-07-29,169.0,169.9,168.9,169.9,23590,17:25,17:20,True,90459.0,0.2607811273615671,4.900000000000004
2015-07-30,170.7,170.7,169.6,169.7,32968,17:25,17:20,True,91325.78571428571,0.3609933354763676,4.8142857142857185
2015-07-31,168.9,168.9,168.6,168.6,21273,17:25,17:20,True,87604.0,0.24283137756266837,4.778571428571431
2015-08-03,169.0,169.2,168.6,168.9,24275,17:25,17:20,True,86243.64285714286,0.28147002139288113,4.6714285714285735
2015-08-04,170.9,171.2,170.2,170.6,19902,17:25,17:20,True,86387.85714285714,0.2303796003075829,4.714285714285716
2015-08-05,171.5,171.8,171.2,171.5,76626,17:25,17:20,True,61225.07142857143,1.251546110311952,3.6571428571428584
2015-08-06,175.7,175.7,175.1,175.4,43791,17:25,17:20,True,53529.21428571428,0.818076644395784,3.7999999999999994
2015-08-07,174.0,174.5,174.0,174.3,17325,17:25,17:20,True,48429.71428571428,0.35773492070983576,3.721428571428571
2015-08-10,175.9,176.7,175.9,176.5,40087,17:25,17:20,True,48014.857142857145,0.8348874157998715,3.4785714285714255
2015-08-11,178.0,178.4,177.7,178.4,107455,17:25,17:20,True,45029.71428571428,2.3863131646404914,3.3714285714285706
2015-08-12,170.0,170.0,168.6,168.6,94653,17:25,17:20,True,47526.642857142855,1.9915776564423264,3.7571428571428567
2015-08-13,169.6,169.7,169.2,169.3,109605,17:25,17:20,True,51103.57142857143,2.1447620378782584,3.885714285714284
2015-08-14,169.1,169.1,168.5,168.8,15614,17:25,17:20,True,57382.357142857145,0.2721045418390172,3.907142857142856
2015-08-17,171.5,171.8,171.2,171.5,33452,17:25,17:20,True,54642.92857142857,0.6121926638004395,3.885714285714284
2015-08-18,169.4,169.5,169.1,169.4,18739,17:25,17:20,True,47186.857142857145,0.3971232909890163,3.785714285714284
2015-08-19,165.8,165.9,165.1,165.2,42507,17:25,17:20,True,46840.357142857145,0.907486675867117,3.828571428571426
2015-08-20,162.8,162.8,161.5,161.9,78733,17:25,17:20,True,47521.71428571428,1.6567794572105385,3.892857142857141
2015-08-21,160.7,161.1,160.3,160.7,60401,17:25,17:20,True,51626.0,1.1699724944795258,4.099999999999999
2015-08-24,156.8,157.2,155.1,156.3,101881,17:25,17:20,True,54206.42857142857,1.8795003228399372,4.321428571428569
2015-08-26,156.0,156.2,154.4,154.8,57560,17:25,17:20,True,60062.07142857143,0.9583419058141043,4.9571428571428555
2015-08-27,162.0,162.1,161.1,161.1,190899,17:25,17:20,True,58700.21428571428,3.2521005642471494,4.878571428571427
2015-08-28,163.8,164.4,163.3,164.2,88252,17:25,17:20,True,69207.92857142857,1.275171816606479,5.3785714285714255
2015-08-31,161.9,162.2,161.5,162.0,24486,17:25,17:20,True,74274.14285714286,0.329670583302399,5.435714285714283
2015-09-01,159.8,160.0,159.0,159.5,56290,17:25,17:20,True,73159.78571428571,0.7694117670031448,5.392857142857141
2015-09-02,158.2,159.1,158.1,158.9,57351,17:25,17:20,True,69505.14285714286,0.8251331864445797,5.121428571428568
2015-09-03,160.3,160.3,159.7,159.8,26900,17:25,17:20,True,66840.71428571429,0.4024493198114921,5.114285714285714
2015-09-04,159.3,159.4,158.9,159.0,27355,17:25,17:20,True,60933.21428571428,0.4489341374924537,5.099999999999999
2015-09-07,157.7,158.9,157.7,158.6,37573,17:25,17:20,True,61771.857142857145,0.6082543368107992,5.099999999999999
2015-09-08,158.6,158.7,158.2,158.5,37851,17:25,17:20,True,62066.21428571428,0.609848698452229,5.121428571428571
2015-09-09,162.0,162.7,161.8,162.3,68299,17:25,17:20,True,63431.357142857145,1.076738746834317,4.957142857142857
2015-09-10,163.0,164.6,163.0,164.5,169359,17:25,17:20,True,65273.642857142855,2.594600095641317,5.071428571428574
2015-09-11,165.0,166.9,164.6,165.3,322100,17:25,17:20,True,71746.92857142857,4.489390785270052,5.035714285714287
2015-09-14,166.1,166.1,165.2,165.2,50306,17:25,17:20,True,90439.71428571429,0.5562379359257469,4.864285714285718
2015-09-15,162.1,162.3,161.8,161.9,19271,17:25,17:20,True,86755.78571428571,0.22212927750392936,4.521428571428577
2015-09-16,166.5,166.8,166.1,166.2,46024,17:25,17:20,True,84020.85714285714,0.5477687512964468,4.628571428571433
2015-09-17,165.7,165.7,165.1,165.4,41964,17:25,17:20,True,73672.64285714286,0.5696008500926396,4.135714285714292
2015-09-18,159.3,159.6,158.4,158.4,91097,17:25,17:20,True,70366.35714285714,1.294610147503525,4.350000000000007
2015-09-21,154.0,154.0,153.1,153.2,43068,17:25,17:20,True,75124.28571428571,0.5732899766101889,4.600000000000007
2015-09-22,155.4,155.6,154.7,154.7,35242,17:25,17:20,True,74179.85714285714,0.47508853963051195,4.492857142857149
2015-09-23,148.0,148.5,148.0,148.3,68439,17:25,17:20,True,72600.64285714286,0.9426776032089444,4.871428571428576
2015-09-24,147.6,148.5,147.6,147.9,20926,17:25,17:20,True,75567.71428571429,0.2769172019796814,4.850000000000007
2015-09-25,146.7,147.1,146.6,147.1,30066,17:25,17:20,True,75108.5,0.40030089803417723,4.892857142857149
2015-09-28,147.1,147.4,146.9,147.0,34334,17:25,17:20,True,74572.28571428571,0.46041233242529783,5.021428571428577
2015-09-29,144.5,145.7,144.5,145.3,144889,17:25,17:20,True,74321.07142857143,1.9495009586783212,5.100000000000004
2015-09-30,156.8,156.8,156.1,156.5,73951,17:25,17:20,True,79791.78571428571,0.9267996616193038,5.378571428571432
2015-10-01,155.5,155.5,155.1,155.5,28767,17:25,17:20,True,72976.92857142857,0.3941930766768754,5.350000000000002
2015-10-02,156.9,157.8,156.8,157.7,54031,17:25,17:20,True,52024.57142857143,1.03856694089606,5.371428571428573
2015-10-05,157.8,157.8,157.1,157.3,66925,17:25,17:20,True,52290.642857142855,1.279865695719939,5.471428571428571
2015-10-06,158.0,158.4,157.0,157.0,58206,17:25,17:20,True,55694.5,1.045094219357387,5.392857142857143
2015-10-07,155.8,155.9,155.0,155.3,40610,17:25,17:20,True,56564.642857142855,0.7179396518521792,5.5
2015-10-08,155.2,155.6,155.2,155.5,67748,17:25,17:20,True,56467.92857142857,1.199760673251947,5.3999999999999995
2015-10-09,158.6,158.8,158.1,158.7,36592,17:25,17:20,True,54800.142857142855,0.6677354855696414,5.078571428571428
2015-10-12,163.3,163.9,163.2,163.8,28414,17:25,17:20,True,54337.57142857143,0.5229162668293184,5.307142857142858
2015-10-13,162.7,163.7,161.8,162.1,62598,17:25,17:20,True,53849.857142857145,1.1624543373241472,4.871428571428573
2015-10-14,160.0,160.5,159.4,159.7,50682,17:25,17:20,True,53432.642857142855,0.9485213025210646,4.92142857142857
2015-10-15,160.0,160.0,159.0,159.0,32232,17:25,17:20,True,55558.07142857143,0.5801497275051972,4.799999999999999
2015-10-16,157.0,157.5,156.4,156.5,42350,17:25,17:20,True,55712.78571428572,0.7601486706693384,4.878571428571427
2015-10-19,143.0,143.3,140.3,141.7,269341,17:25,17:20,True,56285.357142857145,4.785276556323327,5.971428571428569
2015-10-20,141.5,142.0,141.0,141.3,133132,17:25,17:20,True,65174.78571428572,2.0426917947015,5.5642857142857105
2015-10-21,144.9,144.9,144.2,144.7,72750,17:25,17:20,True,69402.0,1.0482406847064927,5.614285714285712
2015-10-22,143.5,143.5,142.7,142.9,29196,17:25,17:20,True,72543.64285714286,0.4024611785417842,5.5785714285714265
2015-10-23,150.0,150.3,149.5,149.5,49452,17:25,17:20,True,70769.71428571429,0.6987734866407744,5.664285714285713
2015-10-26,152.0,153.0,152.0,152.7,66389,17:25,17:20,True,69521.64285714286,0.9549400340901035,5.671428571428572
2015-10-27,152.4,152.5,151.2,151.3,25497,17:25,17:20,True,70106.14285714286,0.36369138225099495,5.707142857142857
2015-10-28,148.9,149.4,148.6,149.3,28407,17:25,17:20,True,69026.64285714286,0.411536746163231,5.700000000000001
2015-10-29,150.7,150.7,150.3,150.7,11491,17:25,17:20,True,66216.57142857143,0.17353662009509918,5.907142857142857
2015-11-02,149.3,149.7,148.5,149.7,65571,17:25,17:20,True,64423.642857142855,1.017809566363724,5.771428571428568
2015-11-03,151.0,152.0,150.7,151.9,46401,17:25,17:20,True,67077.71428571429,0.6917498679569966,5.907142857142852
2015-11-04,154.5,155.4,154.5,155.1,42037,17:25,17:20,True,65920.78571428571,0.6376896079818744,5.864285714285712
2015-11-05,159.3,159.5,158.5,158.6,39076,17:25,17:20,True,65303.28571428572,0.5983772420114498,6.114285714285712
2015-11-06,155.3,155.5,155.1,155.5,28653,17:25,17:20,True,65792.14285714286,0.4355079308210924,6.128571428571427
2015-11-09,158.7,159.5,158.7,159.2,30495,17:25,17:20,True,64813.78571428572,0.47050175612992384,5.178571428571429
2015-11-10,154.8,155.7,154.8,155.0,29846,17:25,17:20,True,47753.357142857145,0.6250031785349421,5.350000000000002
2015-11-11,152.2,152.5,151.9,152.5,15887,17:25,17:20,True,40375.78571428572,0.393478410857993,5.421428571428572
2015-11-12,151.7,152.4,151.3,151.3,44522,17:25,17:20,True,36314.142857142855,1.2260237058367658,5.407142857142857
2015-11-13,149.2,149.6,148.9,149.2,23657,17:25,17:20,True,37408.857142857145,0.6323903430050942,5.078571428571428
2015-11-16,147.7,147.7,146.1,147.0,29824,17:25,17:20,True,35566.357142857145,0.8385452544439066,4.935714285714283
2015-11-17,150.4,152.8,150.4,152.3,90523,17:25,17:20,True,32954.57142857143,2.7469026625397737,4.949999999999997
2015-11-18,152.2,152.6,151.7,151.7,24228,17:25,17:20,True,37599.28571428572,0.6443739432739983,4.892857142857139
2015-11-19,154.6,155.2,154.5,154.9,20610,17:25,17:20,True,37300.78571428572,0.5525352778857587,4.714285714285713
2015-11-20,153.5,155.1,153.5,153.8,40427,17:25,17:20,True,37952.142857142855,1.065209944855363,4.7714285714285705
2015-11-23,156.7,156.8,156.2,156.2,15514,17:25,17:20,True,36156.142857142855,0.429083380417475,4.742857142857141
2015-11-24,156.2,156.2,155.4,155.5,14277,17:25,17:20,True,33949.92857142857,0.42053107622780606,4.69285714285714
2015-11-25,153.4,154.4,153.4,154.0,39316,17:25,17:20,True,31967.071428571428,1.229890579368502,4.528571428571425
2015-11-26,151.6,152.0,150.2,150.2,99103,17:25,17:20,True,31984.214285714286,3.098497249759368,4.228571428571423
2015-11-27,149.5,149.5,149.0,149.1,27063,17:25,17:20,True,37016.357142857145,0.7311092200552265,4.149999999999996
2015-11-30,148.5,148.6,147.6,148.3,40758,17:25,17:20,True,36771.21428571428,1.1084213777469567,3.8928571428571366
2015-12-01,153.0,154.2,152.8,154.2,90925,17:25,17:20,True,37550.642857142855,2.4213966281726202,3.892857142857139
2015-12-02,151.1,152.0,151.1,151.2,34401,17:25,17:20,True,42910.5,0.8016918935924774,4.071428571428569
2015-12-03,151.0,151.4,150.9,150.9,39282,17:25,17:20,True,42187.57142857143,0.9311273123770373,4.028571428571425
2015-12-04,148.3,148.6,147.8,147.8,34531,17:25,17:20,True,43303.642857142855,0.7974155918918072,4.128571428571427
2015-12-07,148.3,148.6,148.0,148.1,34745,17:25,17:20,True,43639.857142857145,0.7961758418745641,4.007142857142857
2015-12-08,148.0,148.4,147.5,147.8,25756,17:25,17:20,True,39655.71428571428,0.649490255412659,3.892857142857143
2015-12-09,143.0,143.3,142.1,142.7,61045,17:25,17:20,True,39764.857142857145,1.5351494859064356,4.135714285714284
2015-12-10,143.4,143.5,142.9,143.2,21518,17:25,17:20,True,42653.07142857143,0.5044888745241927,4.164285714285713
2015-12-11,144.3,145.2,144.3,144.6,31858,17:25,17:20,True,41302.42857142857,0.7713347883382852,4.121428571428571
2015-12-14,139.8,140.3,139.6,140.0,41221,17:25,17:20,True,42469.857142857145,0.9705942702219053,4.328571428571428
2015-12-15,136.5,136.9,135.8,136.1,200313,17:25,17:20,True,44394.42857142857,4.5121202467491095,4.3357142857142845
2015-12-16,137.6,138.3,137.5,138.0,43172,17:25,17:20,True,55894.21428571428,0.7723876353162032,4.385714285714284
2015-12-17,140.2,141.7,140.0,140.2,79684,17:25,17:20,True,51899.142857142855,1.5353625438350207,4.307142857142856
2015-12-18,136.0,136.2,135.0,135.4,130285,17:25,17:20,True,55657.78571428572,2.3408225521009123,4.428571428571426
2015-12-21,135.0,135.3,134.6,134.7,36930,17:25,17:20,True,62052.57142857143,0.595140526005599,4.235714285714282
2015-12-22,136.7,136.8,136.5,136.6,60849,17:25,17:20,True,58195.78571428572,1.0455911756005896,3.999999999999996
2015-12-23,139.0,139.7,138.7,139.5,46014,17:25,17:20,True,60084.92857142857,0.7658160056776776,3.971428571428569
2015-12-28,141.2,141.5,140.9,141.2,19096,17:25,17:20,True,60565.78571428572,0.3152935238070528,3.8999999999999977
2015-12-29,138.6,139.0,138.6,138.9,10409,17:25,17:20,True,59463.28571428572,0.17504919001640867,3.935714285714281
2015-12-30,138.4,139.1,138.4,138.6,32581,17:25,17:20,True,57725.0,0.5644174967518406,3.885714285714282
2016-01-04,135.5,135.8,134.3,134.5,65314,17:25,17:20,True,58212.5,1.121992699162551,3.5642857142857105
2016-01-07,125.3,126.1,123.1,125.1,363080,17:25,17:20,True,58517.42857142857,6.204647211331422,3.5214285714285682
2016-01-08,128.2,129.2,128.0,129.2,65946,17:25,17:20,True,82914.71428571429,0.7953473707062162,4.04285714285714
2016-01-11,127.1,128.0,126.2,127.8,49152,17:25,17:20,True,85349.57142857143,0.5758904137103374,3.8357142857142827
2016-01-12,128.2,128.2,127.0,127.7,51911,17:25,17:20,True,85916.07142857143,0.6042059318687256,3.799999999999998
2016-01-13,127.0,127.6,126.5,127.4,198083,17:25,17:20,True,75315.92857142857,2.6300279868705445,3.9928571428571424
2016-01-14,125.9,126.1,125.3,125.7,93786,17:25,17:20,True,86381.0,1.085724870052442,4.07142857142857
2016-01-15,125.5,126.2,124.9,126.1,39293,17:25,17:20,True,87388.28571428571,0.4496369242036363,4.007142857142858
2016-01-18,122.4,123.2,122.4,123.2,20135,17:25,17:20,True,80888.85714285714,0.2489218009897178,4.157142857142858
2016-01-19,126.2,126.7,125.0,125.8,57970,17:25,17:20,True,79689.21428571429,0.7274510173002441,4.164285714285716
2016-01-20,123.1,123.3,122.4,122.6,72106,17:25,17:20,True,79483.57142857143,0.9071811785004987,4.307142857142858
2016-01-21,123.0,124.0,123.0,123.8,42235,17:25,17:20,True,81347.28571428571,0.519193721451765,4.328571428571428
2016-01-22,129.5,130.2,128.8,129.4,110640,17:25,17:20,True,83000.07142857143,1.3330109010233209,4.378571428571429
2016-01-25,132.0,132.1,130.8,130.9,55695,17:25,17:20,True,90159.42857142857,0.617739052725648,4.771428571428572
2016-01-26,126.2,126.7,125.6,125.9,58955,17:25,17:20,True,91810.42857142857,0.6421383814163657,4.950000000000001
2016-01-27,132.7,132.8,131.2,132.0,37562,17:25,17:20,True,91356.21428571429,0.4111597694112606,5.114285714285716
2016-01-28,132.4,132.6,131.9,131.9,15642,17:25,17:20,True,68104.92857142857,0.22967500778735336,4.557142857142858
2016-01-29,132.6,133.3,132.6,132.6,21334,17:25,17:20,True,64511.78571428572,0.3306992631468225,4.692857142857144
2016-02-01,130.7,130.8,129.2,129.2,47624,17:25,17:20,True,62524.78571428572,0.7616819387054505,4.750000000000001
2016-02-02,128.9,128.9,127.6,127.8,13956,17:25,17:20,True,62218.57142857143,0.22430601795513513,4.664285714285716
2016-02-03,133.6,133.7,132.5,133.0,50252,17:25,17:20,True,49066.642857142855,1.0241581056667828,5.50714285714286
2016-02-04,135.6,136.5,135.0,136.5,158032,17:25,17:20,True,45957.07142857143,3.4386873464211165,5.800000000000004
2016-02-05,142.3,142.6,141.8,142.4,37700,17:25,17:20,True,54438.42857142857,0.6925255006311193,6.242857142857147
2016-02-08,145.9,146.5,145.0,145.4,48105,17:25,17:20,True,55693.07142857143,0.8637519670951632,6.621428571428575
2016-02-09,139.6,140.4,139.3,140.3,47072,17:25,17:20,True,54988.42857142857,0.85603464625025,6.857142857142861
2016-02-10,139.7,140.7,139.7,140.4,50852,17:25,17:20,True,53200.28571428572,0.9558595281443171,6.964285714285718
2016-02-11,137.7,137.7,136.4,136.5,14532,17:25,17:20,True,53815.78571428572,0.2700322927022209,6.892857142857147
2016-02-12,138.0,138.9,137.8,138.4,42689,17:25,17:20,True,46950.92857142857,0.909225893904426,6.700000000000003
2016-02-15,143.0,143.5,142.3,142.4,142551,17:25,17:20,True,46021.92857142857,3.0974581992745693,6.8142857142857185
2016-02-16,148.0,148.7,148.0,148.1,168180,17:25,17:20,True,51993.07142857143,3.234661761251156,6.578571428571432
2016-02-17,144.2,144.7,144.0,144.5,17336,17:25,17:20,True,61322.92857142857,0.28270013197114574,6.821428571428576
2016-02-18,151.3,151.4,150.8,150.9,76575,17:25,17:20,True,61443.92857142857,1.2462582028911378,6.914285714285719
2016-02-19,146.9,147.2,146.3,146.3,26559,17:25,17:20,True,65389.71428571428,0.4061647965604027,6.928571428571432
2016-02-22,146.2,146.6,145.6,146.2,47663,17:25,17:20,True,63885.07142857143,0.7460741443060138,6.900000000000001
2016-02-23,148.7,148.7,147.4,147.7,49315,17:25,17:20,True,66292.71428571429,0.7438977349374742,6.114285714285716
2016-02-24,146.3,146.4,144.7,145.3,28682,17:25,17:20,True,66225.78571428571,0.43309414438269084,5.807142857142858
2016-02-25,142.0,142.0,141.2,141.3,44755,17:25,17:20,True,56986.5,0.7853614452545779,5.500000000000002
2016-02-26,144.2,144.4,142.5,143.1,40955,17:25,17:20,True,57490.42857142857,0.7123794519833115,5.1714285714285735
2016-02-29,139.7,139.9,137.8,139.2,104215,17:25,17:20,True,56979.71428571428,1.8289842500338467,4.90714285714286
2016-03-01,142.1,142.1,140.6,140.9,27981,17:25,17:20,True,61061.357142857145,0.4582439911143241,4.842857142857146
2016-03-02,144.4,145.3,144.1,145.1,62487,17:25,17:20,True,59427.71428571428,1.0514791078717483,4.857142857142859
2016-03-03,144.6,145.6,144.5,144.5,33124,17:25,17:20,True,62853.07142857143,0.5270068629445317,4.78571428571429
2016-03-04,149.7,150.4,149.5,150.0,48639,17:25,17:20,True,62169.857142857145,0.7823566312567642,5.014285714285718
2016-03-07,150.8,150.9,150.4,150.6,13404,17:25,17:20,True,55461.857142857145,0.24167960992496773,4.964285714285718
2016-03-08,147.5,147.5,146.6,147.2,63616,17:25,17:20,True,44406.42857142857,1.4325853721308046,4.792857142857149
2016-03-09,145.7,145.8,145.1,145.6,24423,17:25,17:20,True,47712.142857142855,0.5118822701618336,4.571428571428576
2016-03-10,143.4,143.4,141.2,142.3,131814,17:25,17:20,True,43987.0,2.9966581035305886,4.471428571428577
2016-03-11,141.6,141.9,140.9,141.4,45143,17:25,17:20,True,51505.21428571428,0.8764743652861777,4.571428571428577
2016-03-14,143.0,143.3,142.6,143.3,35854,17:25,17:20,True,51325.21428571428,0.6985650327811589,4.428571428571435
2016-03-15,143.5,143.7,142.7,142.9,27832,17:25,17:20,True,50363.71428571428,0.5526200836202936,4.34285714285715
2016-03-16,141.3,141.5,141.1,141.2,16900,17:25,17:20,True,50303.0,0.33596405780967337,4.135714285714292
2016-03-17,140.8,140.8,140.2,140.6,35762,17:25,17:20,True,48313.357142857145,0.740209377176084,4.107142857142863
2016-03-18,142.0,143.2,141.7,142.8,49946,17:25,17:20,True,47942.42857142857,1.0417911959880453,4.164285714285719
2016-03-21,145.0,145.5,144.6,144.7,58005,17:25,17:20,True,44066.07142857143,1.3163188394051142,4.164285714285719
2016-03-22,142.0,142.3,141.1,141.4,34442,17:25,17:20,True,46210.642857142855,0.7453261385364225,4.150000000000006
2016-03-23,146.0,146.2,144.9,145.7,53066,17:25,17:20,True,44207.42857142857,1.2003864896656025,4.335714285714289
2016-03-29,146.4,146.6,145.2,145.8,74855,17:25,17:20,True,45631.857142857145,1.6404109910682698,3.9000000000000035
2016-03-30,145.2,145.9,145.0,145.8,83932,17:25,17:20,True,47504.42857142857,1.7668247471664296,3.9357142857142873
2016-03-31,147.9,148.2,147.3,147.9,25357,17:25,17:20,True,52542.142857142855,0.48260308052039863,4.021428571428572
2016-04-01,140.0,140.7,139.2,140.0,115131,17:25,17:20,True,49809.357142857145,2.311433164451315,3.9357142857142873
2016-04-04,141.3,142.2,141.2,141.4,27701,17:25,17:20,True,56288.5,0.49212538973324926,4.178571428571431
2016-04-05,139.4,139.4,138.2,138.5,170578,17:25,17:20,True,48851.857142857145,3.491740334480631,3.9785714285714318
2016-04-06,139.0,139.0,137.4,137.4,33790,17:25,17:20,True,57811.5,0.5844857857000769,4.164285714285717
2016-04-07,138.8,139.1,138.7,139.1,17436,17:25,17:20,True,57664.07142857143,0.30237198949085653,4.2285714285714295
2016-04-08,136.5,137.3,136.3,137.3,27256,17:25,17:20,True,56921.5,0.47883488664213,4.2285714285714295
2016-04-11,140.2,140.4,139.7,139.7,25119,17:25,17:20,True,57661.21428571428,0.43563078424838686,4.392857142857145
2016-04-12,141.2,141.2,140.8,141.0,14920,17:25,17:20,True,56901.0,0.2622098029911601,4.1857142857142895
2016-04-13,142.3,142.4,141.8,142.3,93623,17:25,17:20,True,54399.142857142855,1.7210381466094529,4.021428571428577
2016-04-14,141.3,142.1,141.1,142.1,35340,17:25,17:20,True,56943.28571428572,0.6206175066419469,4.050000000000003
2016-04-15,142.8,143.0,141.7,142.2,13316,17:25,17:20,True,57007.42857142857,0.23358359311568416,3.8785714285714334
2016-04-18,138.4,139.1,138.0,138.9,109361,17:25,17:20,True,54168.142857142855,2.0189172866497707,3.800000000000005
2016-04-19,140.1,140.1,138.9,139.8,93002,17:25,17:20,True,56632.857142857145,1.6421915596700551,3.8500000000000063
2016-04-20,142.6,143.1,142.6,143.0,17209,17:25,17:20,True,57280.71428571428,0.3004327060965421,3.7714285714285762
2016-04-21,146.6,147.2,146.6,147.2,29479,17:25,17:20,True,56698.71428571428,0.5199236062294181,3.9000000000000057
2016-04-22,148.2,148.2,147.5,147.5,25625,17:25,17:20,True,50580.71428571428,0.5066160168330675,3.63571428571429
2016-04-25,147.4,147.8,147.2,147.6,15846,17:25,17:20,True,50432.42857142857,0.3142025964019749,3.6500000000000035
2016-04-26,146.0,146.9,146.0,146.6,12950,17:25,17:20,True,39380.142857142855,0.32884593758275565,3.4928571428571473
2016-04-27,144.8,145.1,144.5,145.0,10157,17:25,17:20,True,37891.57142857143,0.2680543354911194,3.4857142857142907
2016-04-28,150.0,150.5,149.0,149.8,289272,17:25,17:20,True,37371.642857142855,7.740414332486626,3.4357142857142895
2016-04-29,148.4,149.1,147.0,149.0,72617,17:25,17:20,True,56087.07142857143,1.2947190529011652,3.750000000000002
2016-05-02,148.0,148.1,147.7,148.1,43911,17:25,17:20,True,59479.78571428572,0.7382508102992973,3.9857142857142867
2016-05-03,144.0,144.2,143.7,143.7,12132,17:25,17:20,True,61550.57142857143,0.1971062123132198,4.135714285714286
2016-05-06,139.0,139.4,138.8,138.8,64657,17:25,17:20,True,55729.78571428572,1.1601874863018877,4.278571428571431
2016-05-09,142.8,145.3,142.5,143.4,213468,17:25,17:20,True,57823.857142857145,3.6916942339667016,4.235714285714287
2016-05-10,143.9,144.3,143.3,143.6,21319,17:25,17:20,True,72120.42857142857,0.2956027913628594,4.385714285714286
2016-05-11,144.8,145.0,144.0,144.1,23737,17:25,17:20,True,65831.71428571429,0.36057089288271826,4.228571428571428
2016-05-12,144.7,144.8,143.8,144.0,45521,17:25,17:20,True,60884.21428571428,0.747665064484226,4.0428571428571445
2016-05-13,142.9,143.4,142.9,143.1,14965,17:25,17:20,True,62906.5,0.23789274558272994,4.014285714285715
2016-05-16,144.8,145.1,144.5,144.5,13509,17:25,17:20,True,61869.78571428572,0.2183456729975513,3.97857142857143
2016-05-17,148.0,150.0,146.2,147.5,59746,17:25,17:20,True,61004.357142857145,0.9793726677602653,4.014285714285715
2016-05-18,147.5,148.3,146.6,147.1,40315,17:25,17:20,True,64140.07142857143,0.6285462286224012,4.057142857142858
2016-05-19,146.9,147.6,146.3,147.1,26001,17:25,17:20,True,66094.71428571429,0.39339000525220297,4.028571428571429
2016-05-20,145.6,146.4,145.2,146.0,36387,17:25,17:20,True,67226.42857142857,0.54126034616488,4.1000000000000005
2016-05-23,148.9,149.9,148.8,149.0,13795,17:25,17:20,True,49163.21428571428,0.2805959740514467,3.7357142857142867
2016-05-24,147.5,147.5,146.9,147.2,19585,17:25,17:20,True,44961.642857142855,0.43559351383639705,3.5642857142857145
2016-05-25,149.7,150.0,149.2,149.2,21172,17:25,17:20,True,43224.07142857143,0.48981966067188093,3.471428571428571
2016-05-26,148.3,149.6,148.3,149.3,39928,17:25,17:20,True,43869.78571428572,0.9101480517831179,3.192857142857142
2016-05-27,149.5,149.5,149.1,149.5,2234,17:25,17:20,True,42103.42857142857,0.05305981189180386,3.2142857142857144
2016-05-30,149.0,149.2,149.0,149.0,6198,17:25,17:20,True,27015.285714285714,0.22942566906566125,3.0357142857142856
2016-05-31,148.0,148.3,147.8,148.0,31845,17:25,17:20,True,25935.214285714286,1.2278672406243027,2.97857142857143
2016-06-01,147.3,147.3,146.6,147.1,24199,17:25,17:20,True,26514.35714285714,0.9126753430082355,2.9928571428571433
2016-06-02,147.8,148.1,147.3,147.6,40840,17:25,17:20,True,24991.35714285714,1.6341649541698702,2.9214285714285717
2016-06-03,147.0,147.7,146.7,147.3,27204,17:25,17:20,True,26839.571428571428,1.0135780324361152,2.892857142857143
2016-06-07,147.2,147.8,146.6,147.5,100721,17:25,17:20,True,27817.785714285714,3.6207410983209614,2.942857142857144
2016-06-08,148.2,149.1,148.2,148.9,18472,17:25,17:20,True,30744.571428571428,0.6008215155288739,2.9571428571428577
2016-06-09,150.6,150.9,150.5,150.8,45566,17:25,17:20,True,29184.35714285714,1.5613158712715471,2.97857142857143
2016-06-10,147.3,147.7,147.3,147.5,29672,17:25,17:20,True,30581.85714285714,0.9702484666445559,2.9000000000000017
2016-06-13,142.6,142.9,142.5,142.7,24373,17:25,17:20,True,30102.214285714286,0.8096746561121512,2.8785714285714312
2016-06-14,141.0,141.4,140.8,141.2,31758,17:25,17:20,True,30857.785714285714,1.0291730033402082,2.942857142857146
2016-06-15,140.3,140.6,139.8,140.6,25611,17:25,17:20,True,31727.285714285714,0.8072231652790973,2.9785714285714318
2016-06-16,140.6,141.5,140.2,141.2,32683,17:25,17:20,True,32044.35714285714,1.0199299631537535,3.0642857142857167
2016-06-17,142.5,143.1,142.0,143.0,33531,17:25,17:20,True,31526.85714285714,1.0635693830203727,2.9857142857142884
2016-06-20,146.3,147.5,145.9,146.3,47508,17:25,17:20,True,33762.357142857145,1.4071292415686953,3.107142857142859
2016-06-21,146.4,146.5,145.5,145.6,39487,17:25,17:20,True,36713.07142857143,1.0755569736742265,3.2928571428571445
2016-06-22,149.0,149.0,148.0,148.1,53851,17:25,17:20,True,37258.92857142857,1.4453179966450993,3.4571428571428595
2016-06-23,147.0,147.5,146.7,147.3,19059,17:25,17:20,True,39376.92857142857,0.48401438841090777,3.464285714285716
2016-06-27,140.8,141.2,140.3,140.3,220528,17:25,17:20,True,37821.142857142855,5.830812697357487,3.535714285714288
2016-06-28,135.0,135.1,133.7,134.6,205424,17:25,17:20,True,51630.0,3.978772031764478,4.57857142857143
2016-06-29,137.0,137.0,134.1,134.4,179603,17:25,17:20,True,59108.78571428572,3.03851615000429,4.685714285714288
2016-06-30,135.2,135.6,134.6,134.9,66261,17:25,17:20,True,70618.14285714286,0.9382999512468467,4.900000000000001
2016-07-01,135.5,135.7,135.1,135.2,59492,17:25,17:20,True,72096.35714285714,0.82517345338431,4.900000000000001
2016-07-04,136.1,136.7,135.9,136.6,38967,17:25,17:20,True,74226.35714285714,0.5249752446425943,4.785714285714287
2016-07-05,134.7,135.4,134.5,134.5,30551,17:25,17:20,True,75268.78571428571,0.4058920269548276,4.642857142857145
2016-07-06,131.5,131.6,131.0,131.0,99048,17:25,17:20,True,75182.57142857143,1.3174329916888032,4.628571428571432
2016-07-07,129.4,129.6,129.1,129.6,52600,17:25,17:20,True,80428.07142857143,0.6540005133246831,4.735714285714289
2016-07-08,130.5,130.9,130.4,130.8,11865,17:25,17:20,True,81850.71428571429,0.14495902819593162,4.821428571428575
2016-07-11,134.2,134.9,133.8,134.8,60561,17:25,17:20,True,80303.14285714286,0.7541547920202376,4.807142857142861
2016-07-12,137.8,138.0,137.3,138.0,19692,17:25,17:20,True,81235.5,0.24240633713093412,4.864285714285719
2016-07-13,137.5,138.2,137.3,138.2,28697,17:25,17:20,True,79821.57142857143,0.35951434538819615,4.707142857142861
2016-07-14,138.5,139.1,138.5,139.0,35759,17:25,17:20,True,78024.85714285714,0.45830266545093684,4.700000000000004
2016-07-15,137.9,138.0,137.2,137.4,60232,17:25,17:20,True,79217.71428571429,0.7603349900094495,4.60714285714286
2016-07-18,138.2,138.6,137.2,138.6,57029,17:25,17:20,True,67768.0,0.8415328768740409,3.5428571428571454
2016-07-19,137.8,138.0,137.4,137.6,49559,17:25,17:20,True,57168.357142857145,0.8668956478171616,3.3428571428571447
2016-07-20,141.4,141.4,139.0,140.1,41907,17:25,17:20,True,47879.5,0.8752597667060015,3.27857142857143
2016-07-21,137.2,137.8,136.0,136.2,367983,17:25,17:20,True,46139.92857142857,7.975369953820598,3.4071428571428592
2016-07-22,134.0,134.0,132.6,132.8,92495,17:25,17:20,True,68175.0,1.3567290062339568,4.114285714285715
2016-07-25,133.3,134.2,133.1,134.1,43681,17:25,17:20,True,71998.42857142857,0.6066937968884242,4.292857142857144
2016-07-26,133.8,134.7,133.6,134.5,79475,17:25,17:20,True,72936.28571428571,1.0896496746671263,4.321428571428572
2016-07-27,131.7,132.6,131.7,132.3,64597,17:25,17:20,True,71538.21428571429,0.9029719380750547,4.235714285714287
2016-07-28,135.7,136.8,135.7,136.1,35522,17:25,17:20,True,72395.14285714286,0.4906682768772964,4.321428571428574
2016-07-29,134.9,135.6,134.9,135.4,20479,17:25,17:20,True,74084.92857142857,0.27642599371956317,4.235714285714287
2016-08-01,136.2,136.2,135.8,135.9,17777,17:25,17:20,True,71221.92857142857,0.24960009306924935,3.971428571428573
2016-08-02,134.7,135.2,134.5,134.7,48747,17:25,17:20,True,71085.14285714286,0.6857551105716284,3.9214285714285717
2016-08-03,133.2,133.9,132.9,132.9,23600,17:25,17:20,True,72517.28571428571,0.3254396488718946,3.9500000000000006
2016-08-04,132.7,133.2,132.6,133.0,39504,17:25,17:20,True,71648.78571428571,0.5513561689311852,3.97857142857143
2016-08-05,133.4,133.6,133.2,133.6,14270,17:25,17:20,True,70168.21428571429,0.20336843605417593,3.8357142857142867
2016-08-08,134.1,134.6,134.0,134.6,75722,17:25,17:20,True,67114.0,1.1282593795631315,3.757142857142859
2016-08-09,136.1,136.1,135.5,135.8,41629,17:25,17:20,True,68982.78571428571,0.603469395573844,3.614285714285716
2016-08-10,141.0,141.0,139.8,140.1,73076,17:25,17:20,True,68962.92857142857,1.0596417744108897,3.72857142857143
2016-08-11,139.6,139.9,139.5,139.6,109667,17:25,17:20,True,47898.142857142855,2.289587726335945,3.028571428571431
2016-08-12,140.8,141.2,140.6,141.2,19868,17:25,17:20,True,49124.71428571428,0.4044400112832354,2.8785714285714312
2016-08-15,141.7,142.3,141.5,142.3,15912,17:25,17:20,True,47423.78571428572,0.3355278318746018,2.742857142857145
2016-08-16,143.1,143.1,142.2,142.7,19800,17:25,17:20,True,42883.57142857143,0.461715275580059,2.778571428571431
2016-08-17,143.1,144.4,142.9,143.7,91732,17:25,17:20,True,39683.78571428572,2.3115738165821593,2.5857142857142867
2016-08-18,143.0,144.0,142.9,143.8,53894,17:25,17:20,True,43698.78571428572,1.2333065809282049,2.6857142857142873
2016-08-19,144.5,144.6,144.0,144.3,13507,17:25,17:20,True,46085.57142857143,0.29308522345078564,2.807142857142858
2016-08-22,142.4,142.8,142.0,142.8,17576,17:25,17:20,True,45780.57142857143,0.3839183184382645,2.857142857142859
2016-08-23,143.2,143.6,142.7,143.5,17689,17:25,17:20,True,43554.07142857143,0.4061388389145184,2.807142857142858
2016-08-24,143.8,143.8,142.7,143.0,40456,17:25,17:20,True,43131.857142857145,0.9379610033021664,2.864285714285716
2016-08-25,145.0,145.0,144.2,144.5,20261,17:25,17:20,True,43199.857142857145,0.46900618057599397,2.992857142857145
2016-08-26,142.6,142.7,142.1,142.3,8995,17:25,17:20,True,43627.78571428572,0.2061759461941849,3.1214285714285745
2016-08-29,143.7,143.8,143.1,143.8,25338,17:25,17:20,True,38861.57142857143,0.6520065727803082,3.085714285714289
2016-08-30,143.9,144.3,143.8,144.3,26855,17:25,17:20,True,37697.92857142857,0.7123733588999774,2.7357142857142884
2016-08-31,145.4,145.5,144.7,145.2,20631,17:25,17:20,True,34396.42857142857,0.5998006437545426,2.778571428571431
2016-09-01,144.3,144.9,144.2,144.9,26333,17:25,17:20,True,28036.714285714286,0.9392327407430053,2.785714285714288
2016-09-02,144.5,145.0,144.5,144.9,21876,17:25,17:20,True,28498.5,0.7676193483867572,2.8785714285714312
2016-09-05,145.5,146.1,145.5,145.8,17820,17:25,17:20,True,28924.5,0.6160867084997148,2.7928571428571445
2016-09-06,146.3,146.4,146.1,146.3,23377,17:25,17:20,True,28783.071428571428,0.8121787856453322,2.7928571428571445
2016-09-07,145.6,146.0,145.3,145.3,7006,17:25,17:20,True,23900.571428571428,0.2931310668005547,2.6857142857142873
2016-09-08,143.9,144.0,143.4,143.7,49975,17:25,17:20,True,20551.428571428572,2.431704434867232,2.6357142857142883
2016-09-09,142.5,142.6,142.1,142.4,39334,17:25,17:20,True,23156.285714285714,1.6986316581736525,2.6214285714285745
2016-09-12,139.0,139.0,137.6,138.3,93570,17:25,17:20,True,24710.428571428572,3.7866603458343207,2.6571428571428624
2016-09-13,140.8,141.3,140.5,140.9,48367,17:25,17:20,True,30130.5,1.6052504936858,2.63571428571429
2016-09-14,138.4,139.2,138.1,138.7,118280,17:25,17:20,True,30695.571428571428,3.853324583816186,2.585714285714291
2016-09-15,137.3,137.6,137.3,137.5,23623,17:25,17:20,True,37696.92857142857,0.6266558283452422,2.5142857142857173
2016-09-16,139.6,140.4,139.5,139.9,45131,17:25,17:20,True,38741.78571428572,1.1649179088654738,2.5500000000000034
2016-09-19,139.3,139.6,139.2,139.4,35623,17:25,17:20,True,40155.57142857143,0.8871247185055268,2.6285714285714312
2016-09-20,139.5,140.1,139.3,139.9,36678,17:25,17:20,True,40781.857142857145,0.8993705184027911,2.6000000000000023
2016-09-21,141.1,141.3,140.3,140.8,26421,17:25,17:20,True,41928.07142857143,0.630150615083996,2.557142857142858
2016-09-22,141.0,141.5,141.0,141.4,14016,17:25,17:20,True,41934.357142857145,0.33423667262268747,2.442857142857144
2016-09-23,142.8,142.9,142.2,142.3,26812,17:25,17:20,True,41372.92857142857,0.648056613969452,2.5214285714285745
2016-09-26,141.3,141.5,140.7,140.9,40416,17:25,17:20,True,42015.21428571428,0.9619372574220564,2.500000000000004
2016-09-27,142.8,143.0,142.5,142.8,32715,17:25,17:20,True,43232.28571428572,0.7567261239946336,2.5071428571428607
2016-09-28,142.5,143.4,142.4,143.3,16258,17:25,17:20,True,45068.642857142855,0.3607386193441433,2.550000000000001
2016-09-29,145.6,148.0,145.5,148.0,166385,17:25,17:20,True,42660.28571428572,3.9002317310847823,2.592857142857144
2016-09-30,145.4,145.4,144.8,145.1,34943,17:25,17:20,True,51735.357142857145,0.6754181652503468,2.657142857142856
2016-10-03,147.9,148.0,147.6,148.0,9966,17:25,17:20,True,47547.71428571428,0.20959998077119527,2.6785714285714266
2016-10-04,148.3,148.3,148.0,148.1,30258,17:25,17:20,True,44804.78571428572,0.6753296443141437,2.5785714285714243
2016-10-05,149.9,150.7,149.6,149.8,34855,17:25,17:20,True,38517.5,0.904913351074187,2.6285714285714255
2016-10-06,151.4,152.0,151.4,151.9,51650,17:20,17:20,True,39319.78571428572,1.3135880336508154,2.5142857142857116
2016-10-07,150.8,151.0,149.3,149.9,124455,17:20,17:20,True,39785.42857142857,3.128155318889184,2.5714285714285694
2016-10-10,149.1,149.2,148.8,148.9,12362,17:20,17:20,True,46130.57142857143,0.267978471048019,2.692857142857142
2016-10-11,147.8,147.9,147.0,147.0,54142,17:20,17:20,True,44393.71428571428,1.219587071528788,2.721428571428573
2016-10-12,145.7,146.4,145.5,145.8,51231,17:20,17:20,True,46373.78571428572,1.1047405168868494,2.8500000000000005
2016-10-13,145.7,146.1,145.5,145.8,22740,17:20,17:20,True,49032.0,0.46377875673029856,2.7071428571428577
2016-10-14,145.6,146.6,145.6,145.9,26187,17:20,17:20,True,48741.142857142855,0.5372668440859585,2.72857142857143
2016-10-17,147.0,147.3,146.5,146.8,16733,17:20,17:20,True,47724.78571428572,0.3506144605902593,2.72857142857143
2016-10-18,148.0,148.8,148.0,148.5,31154,17:20,17:20,True,46583.21428571428,0.6687816733495359,2.6785714285714306
2016-10-19,150.0,150.0,149.5,149.5,18809,17:20,17:20,True,47647.21428571428,0.39475550212049576,2.714285714285716
2016-10-20,149.7,150.4,149.7,149.7,32020,17:20,17:20,True,37106.07142857143,0.862931557215319,2.57857142857143
2016-10-21,152.0,152.5,152.0,152.5,20302,17:20,17:20,True,36897.28571428572,0.550230175661392,2.692857142857146
2016-10-24,154.0,154.4,153.9,154.4,104070,17:20,17:20,True,37635.57142857143,2.7652031322950554,2.750000000000004
2016-10-25,152.3,152.8,152.1,152.2,10932,17:20,17:20,True,42907.857142857145,0.2547785120940221,2.8500000000000045
2016-10-26,150.0,150.1,149.6,149.7,11295,17:20,17:20,True,41199.07142857143,0.2741566644185809,3.0142857142857196
2016-10-27,148.3,148.6,147.0,147.6,102077,17:20,17:20,True,38316.57142857143,2.664043159244788,3.7428571428571473
2016-10-28,150.0,150.1,149.0,149.1,28497,17:20,17:20,True,36718.142857142855,0.7761013434386271,3.8285714285714323
2016-10-31,153.1,153.4,152.9,153.0,16111,17:20,17:20,True,37870.642857142855,0.42542187785865043,4.071428571428576
2016-11-01,154.1,154.4,153.9,153.9,20592,17:20,17:20,True,35154.142857142855,0.5857631085952073,3.964285714285716
2016-11-02,150.9,150.9,149.6,150.2,51804,17:20,17:20,True,32965.642857142855,1.5714542629880894,4.028571428571431
2016-11-03,148.3,148.4,148.0,148.2,20480,17:20,17:20,True,35041.642857142855,0.5844474839119986,4.150000000000001
2016-11-07,146.9,147.0,146.3,146.3,58050,17:20,17:20,True,34634.0,1.6760986314026678,4.114285714285716
2016-11-08,150.5,150.7,150.3,150.7,6241,17:20,17:20,True,37585.21428571428,0.16604933931086124,4.335714285714287
2016-11-09,144.9,144.9,142.3,144.1,55536,17:20,17:20,True,35805.71428571428,1.5510373443983403,4.278571428571429
2016-11-10,154.8,156.9,154.8,155.6,187811,17:20,17:20,True,38429.07142857143,4.887211504683025,4.928571428571429
2016-11-11,159.3,160.3,159.0,159.7,38134,17:20,17:20,True,49557.0,0.7694977500655811,5.207142857142857
2016-11-14,159.0,160.0,159.0,160.0,13076,17:20,17:20,True,50830.71428571428,0.25724604077961866,5.314285714285715
2016-11-15,158.5,158.5,158.0,158.1,19464,17:20,17:20,True,44331.142857142855,0.4390592875695255,5.285714285714286
2016-11-16,160.5,160.7,160.4,160.6,6208,17:20,17:20,True,44940.57142857143,0.13813798540294484,5.2071428571428555
2016-11-17,158.8,158.9,158.5,158.5,1753,17:20,17:20,True,44577.21428571428,0.039325023514575834,4.457142857142857
2016-11-18,161.0,161.7,161.0,161.4,45713,17:20,17:20,True,37411.21428571428,1.2219063420632088,4.171428571428572
2016-11-21,161.0,161.4,160.7,161.4,18312,17:20,17:20,True,38640.92857142857,0.4739016549809325,3.9142857142857133
2016-11-22,162.8,162.9,162.3,162.3,8123,17:20,17:20,True,38798.142857142855,0.20936569128861102,4.050000000000002
2016-11-23,162.4,162.6,162.2,162.2,16461,17:20,17:20,True,37907.5,0.4342412451361868,4.014285714285715
2016-11-24,163.2,164.3,163.1,164.3,44620,17:20,17:20,True,35383.0,1.2610575700195008,3.9214285714285717
2016-11-25,165.4,165.7,165.2,165.4,13012,17:20,17:20,True,37107.28571428572,0.35065890025447444,3.97857142857143
2016-11-28,166.0,166.0,164.6,164.6,11684,17:20,17:20,True,33890.28571428572,0.34475956026168475,3.72857142857143
2016-11-29,162.5,162.5,162.2,162.2,8372,17:20,17:20,True,34279.07142857143,0.24423065302235641,3.8357142857142867
2016-11-30,162.5,163.1,162.3,162.5,11507,17:20,17:20,True,30910.214285714286,0.3722717640724402,3.285714285714288
2016-12-01,165.4,166.0,165.4,165.6,13064,17:20,17:20,True,18317.071428571428,0.7132144486603053,2.97857142857143
2016-12-02,169.3,169.4,168.4,168.5,7963,17:20,17:20,True,16526.35714285714,0.4818363739308205,3.1500000000000017
2016-12-05,170.5,171.3,170.1,171.3,25632,17:20,17:20,True,16161.142857142857,1.5860264479174033,3.050000000000001
2016-12-06,173.8,174.1,173.4,173.6,32159,17:20,17:20,True,16601.714285714286,1.9370891130003784,3.2000000000000006
2016-12-07,174.2,174.9,174.2,174.6,17812,17:20,17:20,True,18455.35714285714,0.9651398161586842,3.135714285714284
2016-12-08,174.9,175.2,174.6,174.8,28871,17:20,17:20,True,19602.428571428572,1.472827710852154,3.164285714285711
2016-12-09,175.7,175.8,175.0,175.3,17603,17:20,17:20,True,18399.428571428572,0.9567144942389515,3.1999999999999966
2016-12-12,173.8,174.0,173.5,173.5,25676,17:20,17:20,True,18348.785714285714,1.3993296559133925,3.164285714285711
2016-12-13,172.0,172.5,171.5,172.0,63952,17:20,17:20,True,19602.571428571428,3.26242912737396,3.2428571428571393
2016-12-14,169.9,170.0,169.5,169.9,37318,17:20,17:20,True,22994.785714285714,1.6228896613207342,3.3499999999999983
2016-12-15,169.4,170.0,169.4,169.7,23067,17:20,17:20,True,22473.214285714286,1.0264219308700835,3.3142857142857127
2016-12-16,171.0,172.4,171.0,172.1,65614,17:20,17:20,True,23191.428571428572,2.829234939016878,3.5642857142857127
2016-12-19,170.7,170.9,170.0,170.3,23755,17:20,17:20,True,27043.571428571428,0.8783972953699057,3.528571428571427
2016-12-20,169.0,169.8,169.0,169.5,9127,17:20,17:20,True,28142.35714285714,0.32431540661889935,3.5499999999999994
2016-12-21,169.1,169.5,169.1,169.5,1573,17:20,17:20,True,27972.35714285714,0.056234088245282976,3.3285714285714283
2016-12-22,168.2,168.5,167.9,168.4,16863,17:20,17:20,True,27151.571428571428,0.6210690252076965,3.0714285714285716
2016-12-23,166.4,167.4,166.4,167.2,7967,17:20,17:20,True,27787.285714285714,0.2867138619409699,3.142857142857143
2016-12-27,167.2,167.5,167.2,167.4,5334,17:20,17:20,True,26525.5,0.20108951763397487,2.9857142857142867
2016-12-28,167.5,167.5,167.2,167.3,5977,17:20,17:20,True,24609.428571428572,0.2428743919287613,2.942857142857144
2016-12-29,166.2,166.6,165.8,166.6,18525,17:20,17:20,True,23764.071428571428,0.7795381383060263,2.8714285714285728
2016-12-30,166.2,166.7,165.9,166.7,22462,17:20,17:20,True,23025.071428571428,0.975545290692444,2.7714285714285745
2017-01-02,166.5,167.0,166.4,166.9,5065,17:20,17:20,True,23372.14285714286,0.2167109807157483,2.72857142857143
2017-01-03,167.2,167.5,165.9,166.0,87924,17:20,17:20,True,21899.928571428572,4.014807615158562,2.6000000000000005
2017-01-04,166.6,167.2,166.5,167.1,31804,17:20,17:20,True,23612.214285714286,1.3469300089844543,2.5999999999999983
2017-01-09,169.8,169.8,168.9,169.6,64389,17:20,17:20,True,23218.35714285714,2.7731936245027797,2.578571428571426
2017-01-10,168.5,168.5,167.0,167.6,133654,17:20,17:20,True,26169.928571428572,5.10715952606454,2.4642857142857144
2017-01-11,166.6,166.9,166.4,166.9,21360,17:20,17:20,True,31029.928571428572,0.6883676818923665,2.4142857142857133
2017-01-12,168.0,168.0,166.6,167.0,32609,17:20,17:20,True,30858.85714285714,1.056714441790271,2.385714285714284
2017-01-13,168.8,169.0,168.7,168.8,22236,17:20,17:20,True,32536.14285714286,0.6834245871624084,2.4785714285714278
2017-01-16,169.2,169.2,168.6,168.7,21278,17:20,17:20,True,34012.07142857143,0.6256014146237996,2.4857142857142827
2017-01-17,167.9,167.9,167.4,167.5,15131,17:20,17:20,True,34327.42857142857,0.44078454546967855,2.3428571428571394
2017-01-18,166.4,166.9,166.4,166.6,21300,17:20,17:20,True,34839.142857142855,0.611381287058071,2.407142857142852
2017-01-19,168.8,168.8,167.7,167.9,14377,17:20,17:20,True,35979.57142857143,0.399587861365775,2.4928571428571393
2017-01-20,169.3,169.3,168.8,169.1,7822,17:20,17:20,True,36579.57142857143,0.21383520075608167,2.5642857142857105
2017-01-23,168.5,169.8,168.5,169.8,75193,17:20,17:20,True,35815.07142857143,2.099479269501467,2.5785714285714243
2017-01-24,170.3,171.5,170.3,171.4,23442,17:20,17:20,True,39581.57142857143,0.5922453089641283,2.6285714285714255
2017-01-25,176.2,177.4,176.2,176.7,62229,17:20,17:20,True,40894.21428571428,1.52170670318365,2.892857142857139
2017-01-26,179.9,179.9,178.7,179.4,30453,17:20,17:20,True,39058.857142857145,0.7796695097508521,2.892857142857139
2017-01-27,179.9,180.0,178.7,179.5,28683,17:20,17:20,True,38962.357142857145,0.736172092844192,2.9285714285714266
2017-01-30,178.4,178.9,177.9,178.9,41608,17:20,17:20,True,36411.92857142857,1.142702450335153,3.057142857142854
2017-01-31,176.2,177.1,176.2,177.1,29894,17:20,17:20,True,29837.214285714286,1.001903184182744,3.107142857142855
2017-02-01,178.7,180.4,178.5,179.5,168589,17:20,17:20,True,30446.785714285714,5.537169065465508,3.057142857142856
2017-02-02,179.5,180.2,179.5,179.8,35061,17:20,17:20,True,40159.642857142855,0.8730406324757441,3.1499999999999977
2017-02-03,175.9,175.9,173.5,173.6,66786,17:20,17:20,True,41075.71428571428,1.6259242513824645,4.014285714285713
2017-02-06,172.1,172.5,170.6,170.6,22695,17:20,17:20,True,44326.28571428572,0.5119986850756081,4.392857142857143
2017-02-07,167.8,167.9,166.3,167.6,68670,17:20,17:20,True,44866.57142857143,1.5305381671368439,4.421428571428572
2017-02-08,169.5,169.8,169.1,169.8,13549,17:20,17:20,True,48250.142857142855,0.2808074587491969,4.471428571428571
2017-02-09,167.1,167.5,167.1,167.4,13248,17:20,17:20,True,48191.0,0.27490610279927785,4.571428571428574
2017-02-10,167.0,167.7,167.0,167.4,12271,17:20,17:20,True,48578.57142857143,0.25260108807528303,4.650000000000001
2017-02-13,168.2,168.4,168.1,168.3,12053,17:20,17:20,True,44084.142857142855,0.273408967915253,4.5428571428571445
2017-02-14,170.3,170.3,169.7,169.7,11921,17:20,17:20,True,43270.642857142855,0.27549856468176215,4.385714285714288
2017-02-15,172.3,172.3,172.1,172.2,24486,17:20,17:20,True,39677.21428571428,0.6171300188485295,4.385714285714288
2017-02-16,169.9,170.4,169.4,170.4,28720,17:20,17:20,True,39251.0,0.7317011031566075,4.500000000000002
2017-02-17,168.2,168.5,167.9,167.9,30057,17:20,17:20,True,39253.642857142855,0.7657123724640662,4.30714285714286
2017-02-20,168.4,169.7,168.4,169.0,38623,17:20,17:20,True,38428.57142857143,1.0050594795539034,4.1714285714285735
2017-02-21,171.1,171.8,171.1,171.4,28124,17:20,17:20,True,39052.07142857143,0.720166663923077,4.278571428571429
2017-02-22,175.0,175.7,174.7,175.6,24157,17:20,17:20,True,29018.85714285714,0.832458696807987,4.307142857142858
2017-02-23,173.7,174.0,173.6,173.9,4409,17:20,17:20,True,28240.0,0.15612606232294618,3.4857142857142867
2017-02-24,173.1,173.1,172.6,172.9,8004,17:20,17:20,True,23784.5,0.33652168429018897,3.107142857142857
2017-02-27,170.1,171.3,170.1,171.1,12827,17:20,17:20,True,22735.14285714286,0.5641926281527654,3.22857142857143
2017-02-28,171.4,171.5,170.8,170.9,36843,17:20,17:20,True,18746.35714285714,1.965341837842781,3.1214285714285728
2017-03-01,172.7,173.0,172.6,172.7,26319,17:20,17:20,True,20410.214285714286,1.2895014051087865,3.007142857142859
2017-03-02,176.5,176.7,176.3,176.5,9833,17:20,17:20,True,21343.85714285714,0.4606946127022161,3.250000000000002
2017-03-03,175.3,175.3,174.5,174.7,16303,17:20,17:20,True,21169.714285714286,0.77010959052015,3.2357142857142867
2017-03-06,176.4,176.4,175.6,175.6,14064,17:20,17:20,True,21473.285714285714,0.6549533307165715,3.1571428571428584
2017-03-07,175.7,176.0,175.6,175.9,5101,17:20,17:20,True,21626.35714285714,0.2358695903477569,2.97857142857143
2017-03-08,177.9,177.9,177.4,177.8,9519,17:20,17:20,True,20241.714285714286,0.47026649352115857,3.007142857142859
2017-03-09,176.2,176.2,175.8,176.1,19303,17:20,17:20,True,18870.214285714286,1.0229348595481162,2.9142857142857133
2017-03-10,175.4,176.2,175.1,176.2,12664,17:20,17:20,True,18102.071428571428,0.6995884448898904,3.0357142857142856
2017-03-13,175.0,175.2,174.5,175.0,13496,17:20,17:20,True,16247.857142857143,0.8306326108937442,2.921428571428574
2017-03-14,176.0,176.0,175.4,175.6,12702,17:20,17:20,True,15203.0,0.8354929948036571,2.714285714285716
2017-03-15,176.8,177.4,176.8,177.1,9586,17:20,17:20,True,14384.785714285714,0.6663985262206598,2.692857142857144
2017-03-16,182.8,183.5,182.7,183.5,39891,17:20,17:20,True,14754.57142857143,2.703636645301214,2.9357142857142895
2017-03-17,181.4,181.6,181.3,181.3,8194,17:20,17:20,True,17032.214285714286,0.4810883577758114,2.835714285714289
2017-03-20,180.5,180.8,179.8,180.8,34922,17:20,17:20,True,16701.285714285714,2.090976742594668,2.8000000000000034
2017-03-21,180.9,181.0,180.2,180.4,23545,17:20,17:20,True,16564.071428571428,1.4214500403196249,2.8500000000000005
2017-03-22,178.0,178.0,177.3,177.6,39273,17:20,17:20,True,16365.92857142857,2.3996805209429,2.635714285714286
2017-03-23,179.1,179.8,178.3,178.5,25510,17:20,17:20,True,18468.785714285714,1.381249444042651,2.7714285714285722
2017-03-24,179.8,180.4,179.8,180.3,14725,17:20,17:20,True,19126.428571428572,0.76987713336072,2.8285714285714283
2017-03-27,177.8,177.9,176.9,177.4,37980,17:20,17:20,True,19173.64285714286,1.9808442393017198,2.8500000000000005
2017-03-28,176.7,177.1,176.7,176.9,26685,17:20,17:20,True,21522.14285714286,1.2398858318675117,2.7999999999999994
2017-03-29,178.6,179.3,178.6,179.3,20451,17:20,17:20,True,22748.285714285714,0.8990127984526307,2.9214285714285717
2017-03-30,175.4,175.4,174.8,175.2,52641,17:20,17:20,True,22830.285714285714,2.3057530097864993,2.97857142857143
2017-03-31,176.0,176.5,175.9,176.0,11133,17:20,17:20,True,25685.785714285714,0.433430385343756,3.2642857142857156
2017-04-03,178.5,178.7,178.4,178.6,10925,17:20,17:20,True,25517.0,0.42814594192107225,3.3714285714285728
2017-04-04,176.3,177.7,176.2,177.4,35456,17:20,17:20,True,25390.071428571428,1.3964513687858866,3.4571428571428595
2017-04-05,177.8,177.9,177.5,177.7,16115,17:20,17:20,True,27237.928571428572,0.591638235548644,3.300000000000001
2017-04-06,177.0,177.0,176.3,176.4,49090,17:20,17:20,True,25539.64285714286,1.9221098851924878,3.2357142857142884
2017-04-07,176.0,176.2,175.8,176.2,43109,17:20,17:20,True,28460.785714285714,1.514680600625924,3.5642857142857167
2017-04-10,176.9,177.2,176.9,177.2,12470,17:20,17:20,True,29045.571428571428,0.4293253458850378,3.5357142857142896
2017-04-11,177.5,177.5,176.9,177.0,8877,17:20,17:20,True,28254.5,0.31418004211718487,3.4857142857142907
2017-04-12,178.5,178.9,178.5,178.8,9374,17:20,17:20,True,26083.35714285714,0.3593862534128221,3.4071428571428624
2017-04-18,176.9,177.1,176.3,176.3,47361,17:20,17:20,True,24930.785714285714,1.8996994536301934,3.4357142857142935
2017-04-19,173.0,173.5,172.6,172.9,30830,17:20,17:20,True,27261.928571428572,1.1308811084007786,3.6571428571428646
2017-04-20,174.5,174.7,173.9,174.7,6926,17:20,17:20,True,26751.214285714286,0.258904135192795,3.6000000000000063
2017-04-21,174.5,175.3,174.4,174.9,16895,17:20,17:20,True,25339.85714285714,0.6667361976333163,3.5500000000000074
2017-04-24,179.0,179.9,179.0,179.6,26359,17:20,17:20,True,25085.85714285714,1.0507514194110512,3.4857142857142907
2017-04-25,182.6,183.8,182.6,183.8,60612,17:20,17:20,True,23208.571428571428,2.6116213221716116,3.5500000000000034
2017-04-26,186.8,187.4,186.6,186.8,176144,17:20,17:20,True,26742.785714285714,6.586598788992492,3.678571428571433
2017-04-27,195.9,197.9,195.2,197.3,299150,17:20,17:20,True,38544.142857142855,7.7612310931066055,3.714285714285716
2017-04-28,190.2,191.7,190.2,191.3,68320,17:20,17:20,True,57379.42857142857,1.1906706236182205,4.5428571428571445
2017-05-02,194.7,194.9,194.3,194.7,17162,17:20,17:20,True,61108.357142857145,0.2808453835517003,4.721428571428573
2017-05-03,196.0,196.1,195.3,195.6,25561,17:25,17:20,True,58827.78571428572,0.4345055604190925,4.4357142857142895
2017-05-04,194.0,194.2,193.5,193.9,28884,17:25,17:20,True,57574.357142857145,0.5016816762422756,4.550000000000003
2017-05-05,192.6,192.7,191.0,191.1,46673,17:25,17:20,True,58746.78571428572,0.7944775094078095,4.564285714285717
2017-05-08,191.0,191.0,189.1,189.7,76433,17:25,17:20,True,61446.5,1.243895095733687,4.585714285714289
2017-05-09,189.0,190.4,188.7,190.3,98198,17:25,17:20,True,66236.42857142857,1.4825376627017934,4.692857142857146
2017-05-10,189.3,189.9,189.3,189.6,26567,17:25,17:20,True,69867.64285714286,0.3802475497036744,4.550000000000003
2017-05-11,189.7,190.4,189.3,189.8,46001,17:25,17:20,True,69563.14285714286,0.6612840954364175,4.535714285714287
2017-05-12,185.5,185.7,185.1,185.3,32384,17:25,17:20,True,72354.21428571429,0.4475758643735827,4.814285714285717
2017-05-15,182.7,182.7,182.2,182.3,42219,17:25,17:20,True,73460.57142857143,0.5747164659759171,4.90714285714286
2017-05-16,181.6,181.8,180.7,181.8,102160,17:25,17:20,True,74593.42857142857,1.369557640083194,4.585714285714289
2017-05-17,182.0,182.0,181.0,181.0,45655,17:25,17:20,True,77561.14285714286,0.5886323785105945,4.478571428571432
2017-05-18,176.0,176.0,172.7,173.8,445692,17:25,17:20,True,68240.5,6.531194818326361,4.48571428571429
2017-05-19,176.3,177.3,176.3,177.0,56941,17:25,17:20,True,78707.78571428571,0.7234481250266583,3.9000000000000057
2017-05-22,179.2,179.4,178.9,179.1,34928,17:25,17:20,True,77895.0,0.4483984851402529,3.728571428571434
2017-05-23,177.7,178.4,177.3,178.4,15930,17:25,17:20,True,79164.0,0.20122783083219645,3.7642857142857173
2017-05-26,177.1,177.3,176.1,176.6,124502,17:25,17:20,True,78476.07142857143,1.586496338738378,3.6500000000000017
2017-05-29,176.5,176.8,176.3,176.6,21317,17:25,17:20,True,85305.92857142857,0.24988884544115592,3.6857142857142873
2017-05-30,175.5,175.9,175.3,175.7,41462,17:25,17:20,True,83494.78571428571,0.49658190802334107,3.57857142857143
2017-05-31,178.0,178.0,177.4,177.4,22627,17:25,17:20,True,80996.85714285714,0.2793565182423304,3.4857142857142844
2017-06-01,177.4,177.8,177.2,177.7,25740,17:25,17:20,True,75598.92857142857,0.3404810158874134,3.4285714285714266
2017-06-02,179.6,181.9,179.5,181.9,145083,17:25,17:20,True,75539.85714285714,1.9206152286683094,3.4357142857142855
2017-06-05,182.0,182.3,181.8,182.3,39794,17:25,17:20,True,82617.14285714286,0.48166758887812977,3.3785714285714272
2017-06-07,179.4,179.8,178.9,179.4,78728,17:25,17:20,True,83146.42857142857,0.9468596709763327,3.335714285714285
2017-06-08,182.0,182.5,182.0,182.4,24485,17:25,17:20,True,85754.21428571429,0.28552532611891623,3.4571428571428577
2017-06-09,180.2,181.2,180.1,181.2,31190,17:25,17:20,True,80206.0,0.3888736503503479,3.3999999999999995
2017-06-12,183.1,183.5,182.6,182.7,35899,17:25,17:20,True,79172.78571428571,0.4534260058696215,3.4571428571428577
2017-06-13,179.2,180.3,179.2,179.8,78457,17:25,17:20,True,49901.857142857145,1.5722260551425224,3.4357142857142855
2017-06-14,180.4,181.0,180.3,181.0,37463,17:25,17:20,True,51438.71428571428,0.7283035845708208,3.335714285714285
2017-06-15,179.0,179.2,178.5,179.1,79890,17:25,17:20,True,51619.78571428572,1.5476623719863782,3.357142857142857
2017-06-16,179.0,180.4,178.9,180.3,84707,17:25,17:20,True,56188.357142857145,1.5075543103108549,3.392857142857143
2017-06-19,183.1,183.6,182.7,183.3,39534,17:25,17:20,True,53345.857142857145,0.7410884765452398,3.4785714285714278
2017-06-20,183.4,184.4,183.3,183.7,34844,17:25,17:20,True,54647.07142857143,0.6376187980273417,3.578571428571426
2017-06-21,181.1,181.4,180.9,180.9,37457,17:25,17:20,True,54174.357142857145,0.6914156803231892,3.5357142857142856
2017-06-22,182.5,182.5,181.5,181.8,44773,17:25,17:20,True,55233.642857142855,0.8106110276992154,3.6571428571428584
2017-06-26,182.6,183.6,182.4,183.6,51767,17:25,17:20,True,56593.142857142855,0.914722126860397,3.635714285714286
2017-06-27,177.1,177.2,175.5,175.9,380435,17:25,17:20,True,49927.71428571428,7.619715932176232,3.52142857142857
2017-06-28,173.5,173.8,171.8,171.9,102742,17:25,17:20,True,74259.21428571429,1.3835589426612762,3.7642857142857133
2017-06-29,174.3,174.9,173.8,174.5,15566,17:25,17:20,True,75974.5,0.20488453362641412,3.8714285714285706
2017-06-30,171.0,171.7,170.9,171.1,20617,17:25,17:20,True,75337.42857142857,0.2736621144488985,4.0
2017-07-03,171.6,172.6,171.6,172.1,22756,17:25,17:20,True,74582.21428571429,0.3051129578001649,3.8214285714285716
2017-07-04,171.1,172.0,170.0,172.0,56966,17:25,17:20,True,73643.42857142857,0.7735381296750365,3.5428571428571445
2017-07-05,169.7,170.0,168.7,168.7,38471,17:25,17:20,True,72108.35714285714,0.5335165232482464,3.642857142857143
2017-07-06,171.4,171.6,171.0,171.4,33820,17:25,17:20,True,72180.35714285714,0.4685485267558942,3.7285714285714278
2017-07-07,171.9,172.5,171.6,171.6,23547,17:25,17:20,True,68889.64285714286,0.3418075493413379,3.6857142857142873
2017-07-10,173.0,173.4,172.8,172.8,28192,17:25,17:20,True,64521.07142857143,0.4369425270814075,3.507142857142859
2017-07-11,175.6,176.1,175.1,175.7,18892,17:25,17:20,True,63710.92857142857,0.2965268349341277,3.5642857142857167
2017-07-12,174.7,175.7,174.7,175.1,20831,17:25,17:20,True,62571.5,0.3329151450740353,3.57857142857143
2017-07-13,178.0,178.0,177.2,177.3,25357,17:25,17:20,True,61383.92857142857,0.4130885818181818,3.7142857142857144
2017-07-14,175.6,175.8,175.2,175.2,32020,17:25,17:20,True,59997.07142857143,0.533692715953993,3.7142857142857144
2017-07-17,175.6,175.7,175.2,175.5,22461,17:25,17:20,True,58586.57142857143,0.3833813696946643,3.55714285714286
2017-07-18,173.1,174.5,173.0,174.5,50306,17:25,17:20,True,33017.0,1.5236393373110821,3.4142857142857173
2017-07-19,176.0,177.3,175.7,176.9,57115,17:25,17:20,True,29271.571428571428,1.951210584623794,3.2928571428571445
2017-07-20,176.8,177.7,176.1,176.1,91524,17:25,17:20,True,32239.35714285714,2.8388903536272214,3.278571428571429
2017-07-21,177.2,177.2,174.5,175.1,184297,17:25,17:20,True,37304.142857142855,4.940389615860361,3.4571428571428555
2017-07-24,166.2,166.8,165.3,165.5,88785,17:25,17:20,True,48842.78571428572,1.817771011656934,4.371428571428567
2017-07-25,163.5,163.9,163.4,163.5,47707,17:25,17:20,True,51115.57142857143,0.9333163782912113,4.399999999999998
2017-07-26,164.0,164.2,163.7,163.9,58319,17:25,17:20,True,51775.28571428572,1.1263868310032088,4.264285714285713
2017-07-27,163.3,164.6,163.3,164.4,60665,17:25,17:20,True,53525.21428571428,1.1333910720314726,4.228571428571428
2017-07-28,162.1,162.9,161.8,162.5,64163,17:25,17:20,True,56176.5,1.1421679883937232,4.285714285714284
2017-07-31,161.9,161.9,160.9,161.4,37184,17:25,17:20,True,58745.857142857145,0.6329637834643659,4.214285714285713
2017-08-01,160.6,161.6,160.4,161.4,55958,17:25,17:20,True,60052.42857142857,0.9318191009284744,4.0785714285714265
2017-08-02,163.5,163.8,162.8,163.2,47162,17:25,17:20,True,62561.5,0.7538502113919903,3.9142857142857133
2017-08-03,160.4,161.0,159.8,159.9,64816,17:25,17:20,True,64119.0,1.0108704128261514,4.035714285714286
2017-08-04,160.5,160.9,160.2,160.6,39361,17:25,17:20,True,66461.57142857143,0.5922369747501778,4.0785714285714265
2017-08-07,160.0,160.3,159.0,160.0,163690,17:25,17:20,True,67668.71428571429,2.418990839826803,3.7928571428571383
2017-08-08,159.6,159.8,159.2,159.6,56526,17:25,17:20,True,75767.57142857143,0.7460447647221861,3.635714285714282
2017-08-09,160.5,160.7,160.1,160.6,52202,17:25,17:20,True,75725.5,0.6893582742933358,3.549999999999997
2017-08-10,160.7,161.0,160.5,160.5,29480,17:25,17:20,True,72916.78571428571,0.40429648278125263,3.3428571428571416
2017-08-11,158.0,158.4,157.6,157.6,73595,17:25,17:20,True,61858.42857142857,1.189732776916877,2.4571428571428577
2017-08-14,158.3,159.1,158.3,158.5,50522,17:25,17:20,True,60773.42857142857,0.8313172580121951,2.4285714285714284
2017-08-15,158.0,158.5,157.9,158.5,36803,17:25,17:20,True,60974.5,0.60358018515937,2.4357142857142833
2017-08-16,157.7,157.9,157.2,157.8,46860,17:25,17:20,True,59437.642857142855,0.7883892723105969,2.5142857142857116
2017-08-17,159.0,159.4,157.8,157.9,175597,17:25,17:20,True,58451.57142857143,3.0041450675895307,2.5714285714285694
2017-08-18,155.6,156.1,154.8,155.8,164393,17:25,17:20,True,66411.14285714286,2.475382788602601,2.6214285714285706
2017-08-21,155.8,156.3,155.6,156.3,32254,17:25,17:20,True,75497.5,0.427219444352462,2.749999999999998
2017-08-22,157.4,157.7,157.1,157.2,33787,17:25,17:20,True,73804.35714285714,0.4577914002367262,2.6285714285714272
2017-08-23,159.1,159.3,158.6,159.0,57628,17:25,17:20,True,72849.0,0.7910609617153289,2.607142857142855
2017-08-24,160.5,161.5,160.5,161.0,210049,17:25,17:20,True,72335.57142857143,2.9038133777295894,2.6214285714285706
2017-08-25,159.0,159.4,158.9,159.2,41185,17:25,17:20,True,84527.57142857143,0.487237469430938,2.7071428571428577
2017-08-28,158.1,158.4,157.7,158.2,54482,17:25,17:20,True,75777.21428571429,0.7189760208732175,2.8714285714285728
2017-08-29,157.3,157.4,156.8,156.8,46301,17:25,17:20,True,75631.21428571429,0.6121943226388953,2.778571428571431
2017-08-30,155.8,156.1,155.6,155.7,53184,17:25,17:20,True,75209.71428571429,0.7071426943327989,2.8357142857142867
2017-08-31,158.0,158.9,158.0,158.9,50153,17:25,17:20,True,76902.85714285714,0.6521604250260068,2.8785714285714294
2017-09-01,159.0,159.3,158.7,158.9,100107,17:25,17:20,True,75228.42857142857,1.3307070465382578,2.807142857142858
2017-09-04,158.0,158.5,157.8,158.5,34399,17:25,17:20,True,78770.21428571429,0.436700602022338,2.7928571428571445
2017-09-05,159.1,159.2,158.9,159.0,10848,17:25,17:20,True,78598.5,0.1380179011049829,2.72857142857143
2017-09-06,157.1,157.2,156.6,157.2,40430,17:25,17:20,True,76026.21428571429,0.5317902565562442,2.6642857142857173
2017-09-07,156.4,156.5,156.0,156.1,18299,17:25,17:20,True,66371.42857142857,0.27570598364184246,2.6500000000000017
2017-09-08,156.2,156.6,156.2,156.5,35483,17:25,17:20,True,55936.142857142855,0.6343483513087628,2.585714285714289
2017-09-11,158.5,159.3,158.5,159.3,43476,17:25,17:20,True,56166.78571428572,0.7740517718275289,2.6000000000000023
2017-09-12,162.4,162.8,162.0,162.7,70991,17:25,17:20,True,56858.857142857145,1.2485477824789202,2.7071428571428595
2017-09-13,161.8,161.9,161.4,161.5,25607,17:25,17:20,True,57813.357142857145,0.4429253249681549,2.721428571428573
2017-09-14,163.5,163.9,163.3,163.8,69835,17:25,17:20,True,44638.92857142857,1.5644416708670363,2.6857142857142873
2017-09-15,164.2,164.6,164.2,164.5,47685,17:25,17:20,True,46685.357142857145,1.02141234250568,2.5
2017-09-18,166.2,166.7,166.2,166.6,30478,17:25,17:20,True,46199.857142857145,0.6596990095825899,2.5071428571428567
2017-09-19,168.7,169.2,168.2,169.1,176176,17:25,17:20,True,45069.642857142855,3.908972621736202,2.392857142857143
2017-09-20,169.7,169.9,169.4,169.9,26815,17:25,17:20,True,53854.78571428572,0.49791303863431685,2.414285714285715
2017-09-21,169.5,169.6,169.2,169.5,41662,17:25,17:20,True,52187.78571428572,0.7983094018989118,2.4285714285714284
2017-09-22,170.3,170.4,169.7,170.0,26676,17:25,17:20,True,48013.142857142855,0.555597872011235,2.4071428571428584
2017-09-25,169.9,170.5,169.7,170.4,34995,17:25,17:20,True,47461.5,0.7373344710976265,2.3785714285714294
2017-09-26,170.9,171.2,170.9,171.1,33093,17:25,17:20,True,49186.28571428572,0.6728094939355918,2.4214285714285717
2017-09-27,172.2,172.8,172.2,172.8,64166,17:25,17:20,True,48662.21428571428,1.318600087189973,2.392857142857143
2017-09-28,173.9,174.8,173.9,174.4,61239,17:25,17:20,True,51938.42857142857,1.1790691725642175,2.4785714285714278
2017-09-29,175.9,176.0,175.8,175.8,50744,17:25,17:20,True,53778.142857142855,0.9435803712076335,2.5214285714285722
2017-10-02,179.0,179.1,178.3,178.7,99436,17:25,17:20,True,54297.28571428572,1.8313254280008735,2.32857142857143
2017-10-03,176.7,177.0,176.5,176.9,79638,17:25,17:20,True,56329.07142857143,1.4137992688373295,2.4071428571428584
2017-10-04,178.2,178.4,177.3,177.5,53796,17:25,17:20,True,60188.42857142857,0.893793064162784,2.4928571428571433
2017-10-05,178.3,178.5,177.6,177.6,61257,17:25,17:20,True,59042.78571428572,1.0375018600312849,2.5428571428571445
2017-10-06,178.4,178.8,178.3,178.5,46865,17:25,17:20,True,60012.21428571428,0.7809243594458748,2.528571428571431
2017-10-09,176.3,177.1,176.3,176.9,46337,17:25,17:20,True,61182.71428571428,0.7573544348427077,2.6285714285714312
2017-10-10,174.7,174.9,174.1,174.2,49731,17:25,17:20,True,51908.5,0.9580511862219097,2.55714285714286
2017-10-11,172.8,172.8,172.0,172.2,33086,17:25,17:20,True,53545.357142857145,0.6179060476098368,2.6285714285714312
2017-10-12,174.4,175.0,174.4,174.7,76683,17:25,17:20,True,52932.78571428572,1.4486862719432594,2.6642857142857173
2017-10-13,177.2,177.2,176.7,176.8,65817,17:25,17:20,True,56504.71428571428,1.1648054650307307,2.7642857142857173
2017-10-16,177.6,178.1,177.6,178.1,40528,17:25,17:20,True,58706.28571428572,0.6903519700981156,2.750000000000004
2017-10-17,178.7,178.8,178.5,178.8,35912,17:25,17:20,True,59237.357142857145,0.6062390648758084,2.700000000000005
2017-10-18,176.2,176.6,176.1,176.1,44051,17:25,17:20,True,57219.21428571428,0.769863769537955,2.700000000000005
2017-10-19,179.0,179.0,178.5,178.5,65706,17:25,17:20,True,55991.5,1.1734995490386935,2.7571428571428607
2017-10-20,180.8,181.0,180.2,180.6,91506,17:25,17:20,True,57060.21428571428,1.6036743139765888,2.714285714285716
2017-10-23,180.7,180.8,180.4,180.8,28985,17:25,17:20,True,56493.78571428572,0.5130652802520631,2.7285714285714318
2017-10-24,182.3,182.8,182.3,182.8,31968,17:25,17:20,True,52875.71428571428,0.6045875773376922,2.700000000000005
2017-10-25,182.9,182.9,182.1,182.1,33958,17:25,17:20,True,51316.57142857143,0.6617355574361944,2.8000000000000034
2017-10-26,183.4,184.3,183.4,184.0,54859,17:25,17:20,True,49366.642857142855,1.111256444128699,3.007142857142859
2017-10-27,184.9,185.5,184.8,185.3,113944,17:25,17:20,True,49937.642857142855,2.281725637831181,2.9142857142857173
2017-10-30,187.5,187.9,186.9,186.9,63402,17:25,17:20,True,54766.71428571428,1.1576739781984366,2.9857142857142884
2017-10-31,186.0,186.7,185.8,186.5,42988,17:25,17:20,True,55743.21428571428,0.7711790672791692,3.028571428571431
2017-11-01,195.0,197.3,194.9,197.1,122902,17:25,17:20,True,56450.5,2.1771640640915493,3.914285714285715
2017-11-02,191.7,192.2,191.6,191.8,40337,17:25,17:20,True,59751.857142857145,0.6750752516957034,4.171428571428572
2017-11-06,189.0,189.7,189.0,189.7,74388,17:25,17:20,True,57931.857142857145,1.284060336898277,4.385714285714284
2017-11-07,186.4,186.6,186.0,186.5,25421,17:25,17:20,True,60350.42857142857,0.42122318932520303,4.592857142857142
2017-11-08,186.4,186.7,186.3,186.3,40496,17:25,17:20,True,59601.07142857143,0.6794508727671482,4.492857142857143
2017-11-09,187.4,187.7,186.5,186.5,87402,17:25,17:20,True,59347.142857142855,1.4727246467515587,4.421428571428572
2017-11-10,182.5,183.3,182.5,182.8,76028,17:25,17:20,True,60896.857142857145,1.2484716546479058,4.678571428571429
2017-11-13,183.6,183.8,183.4,183.4,33353,17:25,17:20,True,59791.28571428572,0.5578237631379632,4.550000000000002
2017-11-14,183.0,183.4,182.6,183.0,56328,17:25,17:20,True,60103.28571428572,0.937186700037792,4.542857142857143
2017-11-15,183.1,183.5,182.7,183.5,50413,17:25,17:20,True,61843.28571428572,0.8151733760218801,4.471428571428571
2017-11-16,185.7,186.2,185.7,186.0,43555,17:25,17:20,True,63018.642857142855,0.6911446839427335,4.421428571428572
2017-11-17,186.1,186.2,185.8,185.8,32104,17:25,17:20,True,62211.21428571428,0.5160484386714844,4.464285714285713
2017-11-20,183.8,184.0,182.8,182.8,21892,17:25,17:20,True,56365.5,0.38839360956613533,4.449999999999998
2017-11-21,186.4,186.5,185.8,185.9,13601,17:25,17:20,True,53400.5,0.2546979897191974,4.478571428571426
2017-11-22,189.7,189.7,189.2,189.5,44750,17:25,17:20,True,51301.42857142857,0.8722953969535797,3.7642857142857116
2017-11-23,186.0,186.1,185.4,185.6,22201,17:25,17:20,True,45719.142857142855,0.48559528050144674,3.507142857142855
2017-11-24,185.8,185.9,185.6,185.9,12564,17:25,17:20,True,44423.71428571428,0.2828219162223523,3.278571428571427
2017-11-27,187.5,187.5,186.6,186.6,16782,17:25,17:20,True,40007.71428571428,0.41946910238739676,3.1571428571428544
2017-11-28,188.3,189.8,187.9,189.7,78327,17:25,17:20,True,39390.642857142855,1.9884671667854406,3.2642857142857116
2017-11-30,193.2,193.2,191.5,191.5,66097,17:25,17:20,True,42092.857142857145,1.5702664177838113,3.414285714285711
2017-12-01,189.5,189.6,188.8,189.1,32692,17:25,17:20,True,40571.07142857143,0.8057958256674795,3.3714285714285688
2017-12-04,188.8,188.9,188.2,188.4,86779,17:25,17:20,True,37475.642857142855,2.3156107109570216,3.4785714285714238
2017-12-05,189.0,190.1,189.0,189.9,37035,17:25,17:20,True,41291.78571428572,0.8969096240172292,3.5928571428571376
2017-12-06,188.3,188.3,185.9,186.4,82996,17:25,17:20,True,39913.71428571428,2.0793855316468384,3.6785714285714244
2017-12-07,184.3,185.6,184.3,185.5,36388,17:25,17:20,True,42241.07142857143,0.8614364827731981,3.835714285714281
2017-12-08,183.1,184.7,183.1,184.4,64149,17:25,17:20,True,41729.142857142855,1.5372709719825817,3.8142857142857105
2017-12-11,184.3,184.9,184.2,184.9,14026,17:25,17:20,True,44018.07142857143,0.318641856510232,3.749999999999996
2017-12-12,186.0,186.7,186.0,186.6,19371,17:25,17:20,True,43456.21428571428,0.44575903166898706,3.657142857142856
2017-12-13,184.5,184.9,183.6,184.5,46253,17:25,17:20,True,43868.357142857145,1.0543590645388718,3.5071428571428567
2017-12-14,183.0,183.3,182.7,182.7,13829,17:25,17:20,True,43975.71428571428,0.31446902511126273,3.4642857142857144
2017-12-15,182.7,183.9,182.6,183.6,31587,17:25,17:20,True,43377.71428571428,0.7281849797789517,3.4857142857142867
2017-12-18,183.5,185.1,183.5,184.3,93304,17:25,17:20,True,44736.5,2.0856347725012014,3.3785714285714294
2017-12-19,186.2,186.6,186.2,186.5,25428,17:25,17:20,True,50202.357142857145,0.506510081342225,3.4642857142857144
2017-12-20,185.4,185.4,185.2,185.4,17122,17:25,17:20,True,46423.857142857145,0.3688189877741432,3.3142857142857145
2017-12-21,184.9,185.0,184.8,184.8,6124,17:25,17:20,True,42925.642857142855,0.14266530661825516,3.1000000000000005
2017-12-22,185.3,185.8,185.0,185.7,39111,17:25,17:20,True,41027.92857142857,0.9532774712695707,2.971428571428573
2017-12-27,185.2,186.1,185.2,186.0,8042,17:25,17:20,True,37623.07142857143,0.21375182021669833,2.7714285714285745
2017-12-28,184.0,184.1,183.5,183.5,25790,17:25,17:20,True,35552.142857142855,0.7254133767303559,2.7642857142857173
2017-12-29,182.6,182.7,182.3,182.5,18295,17:25,17:20,True,31466.0,0.5814212165511982,2.471428571428575
2018-01-02,181.6,182.2,181.35,182.15,28389,17:25,17:20,True,30173.64285714286,0.9408542460188765,2.471428571428575
2018-01-03,181.4,182.45,181.4,182.45,12843,17:25,17:20,True,27619.35714285714,0.46499996120733134,2.4785714285714318
2018-01-04,186.6,187.75,186.25,187.6,33944,17:25,17:20,True,27534.85714285714,1.2327647034408336,2.614285714285716
2018-01-08,188.7,189.35,188.6,189.35,23823,17:25,17:20,True,28575.785714285714,0.8336778641257209,2.6678571428571467
2018-01-09,186.45,188.25,186.25,187.7,81452,17:25,17:20,True,26973.64285714286,3.019688531926669,2.6500000000000035
2018-01-10,188.5,189.45,188.45,189.3,32386,17:25,17:20,True,31803.85714285714,1.0183041589744282,2.750000000000002
2018-01-11,188.0,188.05,187.6,187.7,15140,17:25,17:20,True,31860.928571428572,0.475190167984522,2.817857142857144
2018-01-12,189.15,189.3,188.95,188.95,16592,17:25,17:20,True,26277.785714285714,0.6314078431265953,2.6285714285714312
2018-01-15,188.8,190.6,188.7,190.35,82172,17:25,17:20,True,25646.64285714286,3.2040060938078776,2.567857142857146
2018-01-16,193.0,193.95,193.0,193.95,38105,17:25,17:20,True,30293.071428571428,1.2578783927489312,2.7750000000000057
2018-01-17,193.75,194.35,193.7,193.75,43608,17:25,17:20,True,32577.428571428572,1.338595521877549,2.8107142857142895
2018-01-18,197.9,198.0,197.4,197.7,26197,17:25,17:20,True,32898.642857142855,0.7962942457461337,3.01071428571429
2018-01-19,198.2,199.05,198.05,199.05,12214,17:25,17:20,True,34195.42857142857,0.3571822465826677,2.9750000000000045
2018-01-22,199.8,199.8,199.05,199.15,15251,17:25,17:20,True,33225.71428571428,0.45901195287642965,3.0785714285714323
2018-01-23,200.3,201.0,200.3,200.4,27849,17:25,17:20,True,33008.28571428572,0.8436972535034493,3.057142857142862
2018-01-24,198.45,198.85,198.0,198.1,38133,17:25,17:20,True,32969.71428571428,1.1566069293030834,3.1000000000000045
2018-01-25,197.25,197.55,197.0,197.35,22355,17:25,17:20,True,34776.142857142855,0.6428257467147018,2.857142857142861
2018-01-26,196.25,196.95,196.15,196.15,22122,17:25,17:20,True,33948.357142857145,0.6516368349404662,2.9392857142857167
2018-01-29,198.5,198.55,198.0,198.5,19512,17:25,17:20,True,33826.857142857145,0.5768197712721929,3.0821428571428595
2018-01-30,194.3,194.4,193.3,193.55,41838,17:25,17:20,True,29402.571428571428,1.4229367693787716,3.0785714285714323
2018-01-31,193.0,194.6,192.75,194.6,43838,17:25,17:20,True,30077.714285714286,1.457491070750057,3.057142857142862
2018-02-01,195.05,196.6,195.05,196.5,31335,17:25,17:20,True,32127.571428571428,0.9753304904999267,3.3107142857142895
2018-02-02,188.25,188.5,187.65,187.75,45615,17:25,17:20,True,33180.642857142855,1.3747473247095445,4.175000000000003
2018-02-05,176.25,177.15,176.0,176.65,190280,17:25,17:20,True,30569.428571428572,6.224519361079697,4.439285714285715
2018-02-06,168.3,169.5,166.9,169.15,118740,17:25,17:20,True,41439.07142857143,2.865411697380147,4.714285714285716
2018-02-07,174.0,174.0,172.45,173.0,61650,17:25,17:20,True,46805.642857142855,1.3171488785692813,4.982142857142859
2018-02-08,173.45,173.65,171.85,172.15,62130,17:25,17:20,True,49338.0,1.2592727714945884,5.0428571428571445
2018-02-09,170.25,171.2,170.25,170.85,83058,17:25,17:20,True,52903.42857142857,1.5699927630939394,5.050000000000002
2018-02-12,170.0,170.65,170.0,170.0,65452,17:25,17:20,True,57746.78571428572,1.1334310505841387,5.373615714285713
2018-02-13,169.75,169.75,169.3,169.7,25997,17:25,17:20,True,60432.71428571428,0.43018090958303096,5.473615714285714
2018-02-14,168.85,169.1,168.15,168.8,20221,17:25,17:20,True,59565.857142857145,0.33947299627543104,5.537901428571429
2018-02-15,170.45,170.5,169.45,170.1,26973,17:25,17:20,True,59413.42857142857,0.45398827585875245,5.555758571428571
2018-02-16,172.05,172.35,171.9,172.2,12674,17:25,17:20,True,59759.92857142857,0.2120819134656644,5.498615714285713
2018-02-19,172.45,172.45,171.5,171.65,22153,17:25,17:20,True,59271.5,0.37375467130070944,5.3736157142857115
2018-02-20,171.1,172.6,170.75,172.45,104279,17:25,17:20,True,57865.42857142857,1.80209500861605,5.412901428571424
2018-02-21,174.45,174.55,173.45,173.55,26056,17:25,17:20,True,62182.642857142855,0.4190236825388803,5.395044285714282
2018-02-22,175.15,175.15,174.2,174.2,18283,17:25,17:20,True,61805.57142857143,0.29581475548898734,4.67361571428571
2018-02-23,175.7,176.3,175.5,175.6,17388,17:25,17:20,True,59853.28571428572,0.2905103670164903,4.2521871428571405
2018-02-26,176.0,176.5,175.95,176.25,11979,17:25,17:20,True,47503.857142857145,0.2521689968032671,3.991472857142855
2018-02-27,176.65,177.1,176.5,177.05,13318,17:25,17:20,True,39878.07142857143,0.333968006047004,3.5379014285714243
2018-02-28,175.7,175.95,175.25,175.95,11753,17:25,17:20,True,36425.78571428572,0.3226560462466737,3.4343299999999966
2018-03-01,173.7,174.0,173.7,174.0,10693,17:25,17:20,True,32827.42857142857,0.3257337070045955,3.370044285714284
2018-03-02,168.75,169.1,167.95,168.05,38985,17:25,17:20,True,27658.5,1.409512446445035,3.2285714285714278
2018-03-05,164.9,165.15,164.3,164.8,43743,17:25,17:20,True,25768.0,1.6975706302390563,3.3214285714285694
2018-03-06,167.0,167.75,166.75,167.4,43111,17:25,17:20,True,27035.571428571428,1.5946028776902388,3.3249999999999966
2018-03-07,165.85,165.85,164.7,164.8,61790,17:25,17:20,True,28670.571428571428,2.155171554705173,3.1678571428571405
2018-03-08,166.65,167.4,166.2,167.25,48934,17:25,17:20,True,31157.5,1.5705367888951296,3.153571428571427
2018-03-09,169.8,170.45,169.4,170.45,39461,17:25,17:20,True,33747.5,1.169301429735536,3.2428571428571433
2018-03-12,171.5,172.25,171.45,171.55,28585,17:25,17:20,True,34983.78571428572,0.8170928164680371,3.214285714285716
2018-03-13,170.55,171.5,170.5,170.5,24955,17:25,17:20,True,29577.071428571428,0.8437278876736082,3.0607142857142873
2018-03-14,169.6,170.5,169.6,170.2,9356,17:25,17:20,True,29498.428571428572,0.31716943759716015,3.067857142857144
2018-03-15,172.55,172.55,171.8,172.1,58644,17:25,17:20,True,28860.785714285714,2.0319613118145976,3.1714285714285717
2018-03-16,174.3,174.65,173.9,174.3,28643,17:25,17:20,True,31807.64285714286,0.9005068413476545,3.182142857142858
2018-03-19,173.55,173.55,172.35,172.65,25499,17:25,17:20,True,32997.92857142857,0.7727454753653368,3.217857142857144
2018-03-20,171.9,172.7,171.65,172.1,121652,17:25,17:20,True,33868.0,3.591945199007913,3.407142857142856
2018-03-21,174.9,175.0,174.4,174.5,22568,17:25,17:20,True,41717.92857142857,0.5409664566964186,3.6892857142857127
2018-03-22,174.8,174.8,173.5,173.95,58094,17:25,17:20,True,42566.142857142855,1.3647936153146532,3.596428571428571
2018-03-23,170.5,170.8,170.0,170.0,54542,17:25,17:20,True,43931.07142857143,1.2415358475533913,3.5642857142857145
2018-03-26,173.1,173.1,172.15,172.55,16150,17:25,17:20,True,44702.42857142857,0.36127791075588733,3.7642857142857173
2018-03-27,173.0,173.55,172.85,173.3,147492,17:25,17:20,True,42776.642857142855,3.447956411459525,3.9785714285714318
2018-03-28,169.55,170.0,169.0,169.5,86332,17:25,17:20,True,48898.21428571428,1.7655450461965454,4.314285714285717
2018-04-03,169.2,169.35,168.35,168.45,55721,17:25,17:20,True,51569.5,1.0805030105003928,4.700000000000001
2018-04-04,169.95,170.45,169.35,169.35,30904,17:25,17:20,True,52730.92857142857,0.5860697096986994,4.803571428571429
2018-04-05,168.9,169.1,168.3,168.7,51525,17:25,17:20,True,52896.57142857143,0.9740706932126306,5.028571428571427
2018-04-06,169.8,169.8,168.85,168.9,14756,17:25,17:20,True,54794.42857142857,0.26929745203500877,5.117857142857141
2018-04-09,171.2,172.4,171.2,172.0,31601,17:25,17:20,True,55180.142857142855,0.5726878975614934,5.185714285714285
2018-04-10,173.9,174.35,173.2,173.25,55066,17:25,17:20,True,53248.5,1.0341324168755928,5.246428571428571
2018-04-11,177.0,177.05,175.6,176.05,84835,17:25,17:20,True,55135.857142857145,1.5386538705690618,5.360714285714285
2018-04-12,174.0,174.85,173.8,174.65,23577,17:25,17:20,True,59374.142857142855,0.39709204824611005,5.246428571428571
2018-04-13,176.95,176.95,176.35,176.35,63023,17:25,17:20,True,52368.78571428572,1.20344589129566,4.985714285714285
2018-04-16,178.15,178.5,177.6,177.6,17830,17:25,17:20,True,55258.42857142857,0.3226657083987187,5.067857142857142
2018-04-17,178.1,179.85,178.1,178.3,77096,17:25,17:20,True,52382.42857142857,1.4717912495193317,4.860714285714285
2018-04-19,183.7,186.0,183.5,185.3,182322,17:25,17:20,True,53993.42857142857,3.376744259883478,4.785714285714284
2018-04-20,182.9,183.05,181.6,182.2,33250,17:25,17:20,True,65862.85714285714,0.5048368905084157,4.821428571428569
2018-04-23,182.95,183.4,182.7,183.0,12784,17:25,17:20,True,57702.71428571428,0.22154937004696487,4.474999999999999
2018-04-24,182.65,183.35,182.5,182.6,31622,17:25,17:20,True,52449.28571428572,0.6029062087186261,4.0
2018-04-25,177.0,178.4,176.65,176.65,87072,17:25,17:20,True,50727.92857142857,1.7164509265817223,4.153571428571429
2018-04-26,177.0,177.4,172.65,173.2,254194,17:25,17:20,True,54739.92857142857,4.643667002018636,4.196428571428574
2018-04-27,178.2,178.85,177.95,178.85,55870,17:25,17:20,True,69216.28571428571,0.8071799782875212,4.510714285714286
2018-05-02,179.35,181.35,179.2,181.35,88211,17:25,17:20,True,72153.0,1.2225548487242388,4.510714285714286
2018-05-03,182.0,182.35,181.7,181.9,19503,17:25,17:20,True,76196.57142857143,0.2559563984881209,4.489285714285716
2018-05-04,180.25,181.2,180.25,180.55,28499,17:25,17:20,True,73656.35714285714,0.3869184019612312,4.403571428571431
2018-05-07,180.0,180.6,179.825,180.6,11589,17:25,17:20,True,69632.35714285714,0.16643124655717323,4.400000000000001
2018-05-08,182.55,183.25,182.4,183.2,23704,17:25,17:20,True,68776.07142857143,0.34465475430096637,4.444642857142861
2018-05-11,186.5,186.65,185.45,186.25,115392,17:25,17:20,True,65967.57142857143,1.7492231031264278,4.433928571428573
2018-05-14,184.5,185.0,184.5,184.7,13772,17:25,17:20,True,72936.28571428571,0.18882233808764598,4.49464285714286
2018-05-15,183.25,183.85,183.05,183.65,18122,17:25,17:20,True,68413.14285714286,0.26489062252031775,4.348214285714287
2018-05-16,184.95,185.25,184.4,185.25,11167,17:25,17:20,True,56684.57142857143,0.19700245972701064,4.105357142857143
2018-05-17,187.2,187.25,186.6,186.6,25897,17:25,17:20,True,55107.21428571428,0.4699384705917426,4.105357142857143
2018-05-18,187.85,188.3,187.85,188.3,11019,17:25,17:20,True,56043.857142857145,0.1966138763774289,4.112499999999999
2018-05-21,190.0,190.05,189.9,190.0,10588,17:25,17:20,True,54572.21428571428,0.1940181489533528,3.8946428571428555
2018-05-22,189.95,190.25,189.65,189.75,10848,17:25,17:20,True,49109.07142857143,0.22089605208231822,3.612499999999997
2018-05-23,187.0,187.0,186.4,186.6,33444,17:25,17:20,True,31727.214285714286,1.0541108241910393,3.169642857142855
2018-05-24,183.6,184.6,183.55,183.8,39387,17:25,17:20,True,30125.35714285714,1.3074367820179964,3.1767857142857117
2018-05-25,182.15,182.95,182.15,182.7,32218,17:25,17:20,True,26637.928571428572,1.2094784289855227,3.25535714285714
2018-05-28,181.0,181.0,180.15,180.85,22459,17:25,17:20,True,27546.14285714286,0.8153228608620341,3.25535714285714
2018-05-29,179.75,180.1,179.65,179.95,20693,17:25,17:20,True,27114.714285714286,0.763164965780309,3.1624999999999965
2018-05-30,179.9,179.9,178.85,179.15,32183,17:25,17:20,True,27765.0,1.1591211957500451,3.157142857142852
2018-05-31,173.8,174.0,172.95,173.3,95687,17:25,17:20,True,28370.64285714286,3.3727469793977174,3.5357142857142816
2018-06-01,172.7,172.8,172.0,172.15,44263,17:25,17:20,True,26963.14285714286,1.6416113000815928,3.732142857142851
2018-06-04,175.25,175.5,174.7,174.95,8842,17:25,17:20,True,29141.071428571428,0.3034205527299467,3.914285714285707
2018-06-05,172.65,172.65,171.4,172.0,16593,17:25,17:20,True,28478.214285714286,0.5826559149224344,4.007142857142851
2018-06-07,174.4,175.1,173.05,175.0,150271,17:25,17:20,True,28865.785714285714,5.205851712729603,3.91071428571428
2018-06-08,170.95,170.95,170.05,170.2,28133,17:25,17:20,True,37749.642857142855,0.7452520837472446,4.003571428571421
2018-06-11,171.2,171.2,170.85,171.0,46519,17:25,17:20,True,38972.07142857143,1.1936496648698978,3.9892857142857077
2018-06-12,173.8,173.8,173.5,173.55,7899,17:25,17:20,True,41538.57142857143,0.19016060804071946,4.053571428571423
2018-06-13,172.45,172.9,172.1,172.25,20937,17:25,17:20,True,41327.92857142857,0.5066065666420667,3.9857142857142804
2018-06-14,170.15,170.15,169.85,170.0,7969,17:25,17:20,True,40434.57142857143,0.19708382501536875,3.8285714285714243
2018-06-15,171.75,172.25,171.75,172.0,18114,17:25,17:20,True,38190.42857142857,0.4743073245727239,3.749999999999994
2018-06-18,169.5,169.5,168.95,169.05,15566,17:25,17:20,True,37183.0,0.4186321706156039,3.760714285714282
2018-06-19,169.05,169.4,168.3,168.4,28585,17:25,17:20,True,36690.642857142855,0.7790814707525664,3.8678571428571393
2018-06-20,165.45,167.1,165.1,166.95,93999,17:25,17:20,True,37254.357142857145,2.5231679515914722,3.9107142857142816
2018-06-21,167.85,167.85,167.3,167.4,52228,17:25,17:20,True,41669.78571428572,1.2533781756908482,3.5928571428571394
2018-06-25,166.85,166.85,165.1,165.15,55167,17:25,17:20,True,38565.57142857143,1.4304727754955382,3.499999999999998
2018-06-26,163.0,163.3,162.6,163.0,27633,17:25,17:20,True,39344.42857142857,0.7023357817952078,3.510714285714284
2018-06-27,161.55,162.1,161.3,161.85,31909,17:25,17:20,True,40686.642857142855,0.7842622973843645,3.432142857142856
2018-06-28,163.5,164.65,163.5,164.4,8910,17:25,17:20,True,41780.642857142855,0.2132566516619966,3.721428571428569
2018-06-29,162.75,165.0,162.6,163.5,46824,17:25,17:20,True,31683.428571428572,1.4778703603506114,3.8357142857142827
2018-07-02,164.6,164.75,163.1,163.1,59954,17:25,17:20,True,33018.5,1.8157699471508397,4.0642857142857105
2018-07-03,164.25,165.55,163.75,163.75,31126,17:25,17:20,True,33978.142857142855,0.9160594836176198,4.153571428571425
2018-07-04,166.05,166.15,165.05,165.05,7051,17:25,17:20,True,35637.21428571428,0.19785497102747732,4.274999999999998
2018-07-05,162.5,163.1,162.4,163.05,18428,17:25,17:20,True,34645.357142857145,0.5319038832249219,4.410714285714282
2018-07-06,163.1,163.7,162.05,162.25,38544,17:25,17:20,True,35392.42857142857,1.089046486940306,4.328571428571424
2018-07-09,162.0,163.25,161.7,163.05,37403,17:25,17:20,True,36851.71428571428,1.0149595676882643,4.414285714285707
2018-07-10,166.2,166.65,165.55,165.65,90169,17:25,17:20,True,38411.5,2.3474480298868827,4.539285714285709
2018-07-11,165.6,165.7,164.5,164.6,35103,17:25,17:20,True,42810.357142857145,0.8199651285987203,4.399999999999993
2018-07-12,162.55,162.55,161.75,162.05,16919,17:25,17:20,True,38603.5,0.43827632209514683,4.414285714285707
2018-07-13,163.95,164.3,163.6,164.1,19678,17:25,17:20,True,36081.42857142857,0.5453775191036149,4.232142857142849
2018-07-16,167.0,167.0,166.0,166.55,20336,17:25,17:20,True,33546.5,0.6062033297065268,4.139285714285707
2018-07-17,167.65,167.7,166.95,167.15,23776,17:25,17:20,True,33025.28571428572,0.7199332113488798,4.099999999999994
2018-07-18,167.3,167.5,166.6,167.4,13788,17:25,17:20,True,32444.35714285714,0.42497374626008044,4.099999999999996
2018-07-19,182.0,182.0,177.0,177.0,586149,17:25,17:20,True,32792.78571428572,17.87432775937216,4.071428571428569
2018-07-20,172.7,172.7,171.55,171.9,38725,17:25,17:20,True,71316.0,0.543005777104717,4.4607142857142845
2018-07-23,168.7,169.65,168.5,168.55,24617,17:25,17:20,True,69799.64285714286,0.35268088764269157,4.692857142857142
2018-07-24,170.6,171.45,170.5,171.1,19373,17:25,17:20,True,69334.71428571429,0.2794127040052087,4.585714285714283
2018-07-25,176.3,176.8,175.15,175.275,9222,17:25,17:20,True,70214.85714285714,0.13133972460041016,4.8285714285714265
2018-07-26,174.4,175.65,174.4,175.2,37448,17:25,17:20,True,69557.28571428571,0.5383763845216996,5.0214285714285705
2018-07-27,178.0,178.0,177.1,177.15,14267,17:25,17:20,True,69479.0,0.20534262151153587,5.178571428571429
2018-07-30,178.55,178.55,177.2,177.7,11897,17:25,17:20,True,67826.42857142857,0.17540360373642808,4.946428571428569
2018-07-31,177.7,178.4,177.7,178.3,19787,17:25,17:20,True,62235.57142857143,0.31793714664787476,4.971428571428571
2018-08-01,181.0,181.65,180.9,181.6,18416,17:25,17:20,True,61141.57142857143,0.3012025953816786,4.8535714285714295
2018-08-02,178.25,178.25,176.2,176.65,29799,17:25,17:20,True,61248.5,0.48652620064164837,4.942857142857144
2018-08-03,175.8,176.65,175.75,176.55,14783,17:25,17:20,True,61971.42857142857,0.23854541263254955,5.032142857142858
2018-08-06,177.7,177.7,177.3,177.5,5587,17:25,17:20,True,61574.78571428572,0.09073519193269045,5.07857142857143
2018-08-07,177.95,178.6,177.95,178.45,23827,17:25,17:20,True,60275.57142857143,0.3953011051622429,4.814285714285715
2018-08-08,179.6,179.9,178.9,178.9,11993,17:25,17:20,True,60992.642857142855,0.19663027273781264,4.674999999999999
2018-08-09,179.9,180.5,179.9,180.3,16606,17:25,17:20,True,19981.5,0.8310687385831894,4.0214285714285705
2018-08-10,180.1,180.1,179.4,179.9,16835,17:25,17:20,True,18401.571428571428,0.9148675190783396,3.5428571428571423
2018-08-13,177.9,178.0,177.45,177.45,2960,17:25,17:20,True,17845.714285714286,0.1658661543387768,3.607142857142857
2018-08-14,177.35,178.25,177.35,177.9,20869,17:25,17:20,True,16673.35714285714,1.251637556923578,3.1875
2018-08-15,175.3,175.85,175.3,175.8,36159,17:25,17:20,True,17505.285714285714,2.0656046745064756,3.0839285714285722
2018-08-16,171.85,173.75,171.85,172.8,36084,17:25,17:20,True,17413.214285714286,2.072219373628402,3.051785714285714
2018-08-17,171.7,172.7,171.45,171.45,27792,17:25,17:20,True,18971.571428571428,1.464928727946326,3.1446428571428577
2018-08-20,173.1,173.3,173.05,173.3,4458,17:25,17:20,True,20106.928571428572,0.22171461862826244,3.180357142857141
2018-08-21,176.6,177.55,176.45,177.55,95491,17:25,17:20,True,19012.0,5.022669892699348,3.0660714285714255
2018-08-22,177.4,177.85,177.125,177.75,31642,17:25,17:20,True,24517.35714285714,1.2905958752254234,3.1660714285714255
2018-08-23,175.0,175.25,174.15,174.45,17479,17:25,17:20,True,24649.0,0.7091159884782344,3.119642857142854
2018-08-24,172.55,172.85,172.45,172.75,12962,17:25,17:20,True,24841.571428571428,0.5217866364561708,3.1910714285714232
2018-08-27,173.3,174.15,173.3,174.05,23088,17:25,17:20,True,25368.35714285714,0.9101101766261119,3.208928571428566
2018-08-28,176.45,176.6,176.15,176.5,23856,17:25,17:20,True,25315.571428571428,0.9423449147616656,3.1839285714285666
2018-08-29,179.5,180.15,179.425,180.15,21144,17:25,17:20,True,26162.928571428572,0.8081664077579781,3.373214285714281
2018-08-30,179.15,179.5,179.0,179.25,13100,17:25,17:20,True,26487.071428571428,0.4945809141387038,3.408928571428567
2018-08-31,179.9,179.9,179.1,179.1,6457,17:25,17:20,True,26220.285714285714,0.2462597116736224,3.341071428571425
2018-09-03,175.55,175.85,175.55,175.85,9809,17:25,17:20,True,26470.071428571428,0.37056945714971895,3.5321428571428544
2018-09-04,174.75,175.0,174.55,174.6,9251,17:25,17:20,True,25680.071428571428,0.3602404310179378,3.414285714285711
2018-09-05,172.7,173.2,172.4,172.4,16401,17:25,17:20,True,23758.071428571428,0.6903338113663627,3.2464285714285688
2018-09-06,169.75,169.9,168.5,168.9,94084,17:25,17:20,True,22352.14285714286,4.209171380180871,3.1714285714285677
2018-09-07,168.9,169.25,168.2,168.4,23846,17:25,17:20,True,27087.285714285714,0.880339220825796,3.3285714285714283
2018-09-10,167.85,168.0,167.6,167.75,9034,17:25,17:20,True,28472.14285714286,0.3172925917563533,3.4017857142857144
2018-09-11,169.3,169.3,168.25,168.5,8905,17:25,17:20,True,22296.64285714286,0.3993874798576339,3.2482142857142855
2018-09-12,169.4,169.6,169.3,169.5,8368,17:25,17:20,True,20672.571428571428,0.4047875722143904,3.0660714285714294
2018-09-13,168.35,168.8,167.65,167.9,56340,17:25,17:20,True,20021.785714285714,2.813934820998555,3.180357142857145
2018-09-14,169.6,169.925,169.6,169.65,8898,17:25,17:20,True,23120.214285714286,0.38485802467228736,3.180357142857145
2018-09-17,170.7,170.7,168.95,170.1,50275,17:25,17:20,True,22106.64285714286,2.274203293774011,3.1910714285714334
2018-09-18,172.0,172.15,171.85,171.9,16124,17:25,17:20,True,23993.714285714286,0.6720093357784181,3.1446428571428617
2018-09-19,173.0,173.6,172.7,173.6,53576,17:25,17:20,True,23635.14285714286,2.2667939992505106,3.2660714285714323
2018-09-20,175.45,176.35,174.95,175.55,22677,17:25,17:20,True,26526.285714285714,0.854887874022533,3.4696428571428606
2018-09-21,179.5,179.6,178.1,179.0,31948,17:25,17:20,True,27684.85714285714,1.153988255570348,3.49464285714286
2018-09-24,179.95,180.3,178.85,179.05,13682,17:25,17:20,True,29266.214285714286,0.4675015315075648,3.637500000000003
2018-09-25,178.6,179.05,178.5,178.95,10038,17:25,17:20,True,29582.714285714286,0.3393197765104139,3.5303571428571456
2018-09-26,178.25,178.65,177.9,178.1,13677,17:25,17:20,True,29128.214285714286,0.46954474674775315,3.6446428571428595
2018-09-27,177.55,177.55,177.0,177.0,8387,17:25,17:20,True,23384.85714285714,0.35865089740613587,3.4125000000000005
2018-09-28,178.25,178.25,177.2,177.35,19737,17:25,17:20,True,22280.64285714286,0.8858361999044654,3.3999999999999995
2018-10-01,173.75,173.8,172.0,172.35,161294,17:25,17:20,True,23045.14285714286,6.999045351979964,3.4535714285714283
2018-10-02,171.5,172.05,171.15,171.35,23205,17:25,17:20,True,33930.07142857143,0.6839066062342507,3.699999999999999
2018-10-03,168.0,169.7,168.0,169.25,74133,17:25,17:20,True,34989.857142857145,2.118699704812415,3.549999999999997
2018-10-04,172.25,172.8,172.15,172.15,21760,17:25,17:20,True,36260.78571428572,0.6000973109478756,3.789285714285711
2018-10-05,169.95,170.5,169.8,170.325,13385,17:25,17:20,True,37179.5,0.3600102206861308,3.789285714285711
2018-10-08,167.0,167.15,166.35,166.35,9079,17:25,17:20,True,34544.5,0.2628204200379221,3.7249999999999965
2018-10-09,166.5,167.4,166.15,167.4,43265,17:25,17:20,True,34041.28571428572,1.27095669544125,3.5999999999999983
2018-10-10,167.95,167.95,165.6,165.7,26452,17:25,17:20,True,33304.78571428572,0.7942402100084286,3.4785714285714255
2018-10-11,157.8,158.1,156.2,156.45,82161,17:25,17:20,True,33574.42857142857,2.4471302564451687,3.6321428571428527
2018-10-12,158.95,160.1,158.4,159.55,45610,17:25,17:20,True,37161.07142857143,1.227359660166649,3.7178571428571394
2018-10-15,155.0,155.35,154.1,154.1,27769,17:25,17:20,True,39441.642857142855,0.7040528230677149,3.903571428571425
2018-10-16,153.05,153.15,151.4,151.4,23676,17:25,17:20,True,40708.142857142855,0.5816035401832558,3.8357142857142827
2018-10-17,157.45,158.15,157.1,157.7,52898,17:25,17:20,True,41422.357142857145,1.2770398318368443,4.107142857142855
2018-10-18,154.5,154.8,153.05,153.1,62411,17:25,17:20,True,44601.71428571428,1.3992959911854765,4.182142857142856
2018-10-19,152.5,152.6,150.45,151.0,42149,17:25,17:20,True,47649.857142857145,0.8845566918203922,4.214285714285714
2018-10-22,148.8,149.8,148.8,149.0,41244,17:25,17:20,True,39139.5,1.0537692101329859,4.464285714285714
2018-10-23,145.0,145.2,144.05,144.3,31120,17:25,17:20,True,40428.0,0.7697635302265756,4.475000000000002
2018-10-24,146.55,147.5,146.175,147.5,29593,17:25,17:20,True,37355.642857142855,0.7921962449735076,4.396428571428574
2018-10-25,142.25,142.75,141.85,142.75,32710,17:25,17:20,True,37915.142857142855,0.862715989841978,4.510714285714288
2018-10-26,135.7,137.05,135.0,135.25,113131,17:25,17:20,True,39295.5,2.8789810538102327,5.3678571428571455
2018-10-29,136.7,138.1,136.7,138.1,63765,17:25,17:20,True,46727.78571428572,1.3646056414889274,5.6642857142857155
2018-10-30,141.3,141.5,140.25,141.35,51206,17:25,17:20,True,48192.07142857143,1.0625399258028514,6.08214285714286
2018-10-31,144.85,146.15,144.7,145.75,51332,17:25,17:20,True,49960.21428571428,1.0274575626605742,6.067857142857146
2018-11-01,146.55,146.7,145.1,145.7,32071,17:25,17:20,True,47758.142857142855,0.6715294624402122,6.075000000000003
2018-11-05,153.65,153.65,150.0,151.7,119508,17:25,17:20,True,46791.07142857143,2.554077014082357,6.321428571428576
2018-11-06,147.9,148.35,147.0,147.9,40820,17:25,17:20,True,53343.857142857145,0.7652240049061747,6.603571428571434
2018-11-07,147.45,148.95,147.25,148.5,13212,17:25,17:20,True,54568.42857142857,0.24211802219493742,6.385714285714291
2018-11-08,148.05,149.0,148.05,149.0,13673,17:25,17:20,True,51733.71428571428,0.26429573419930635,6.325000000000005
2018-11-09,145.85,145.85,144.7,144.8,18365,17:25,17:20,True,48252.42857142857,0.38060260475416485,6.328571428571432
2018-11-12,142.95,144.45,142.95,144.15,33229,17:25,17:20,True,46553.57142857143,0.7137798235519754,6.039285714285719
2018-11-13,140.4,141.4,140.4,141.2,61477,17:25,17:20,True,45981.07142857143,1.3370066875344668,6.103571428571432
2018-11-14,139.6,139.65,136.0,137.6,191802,17:25,17:20,True,48149.42857142857,3.9834740658545122,6.060714285714288
2018-11-15,140.65,141.0,140.35,140.9,34770,17:25,17:20,True,59735.78571428572,0.5820631566864083,6.132142857142857
2018-11-16,141.2,142.65,141.2,142.25,23271,17:25,17:20,True,59882.92857142857,0.3886082487138595,5.482142857142857
2018-11-19,139.5,140.15,139.5,139.65,27471,17:25,17:20,True,53464.357142857145,0.5138189528136903,5.371428571428573
2018-11-20,137.25,137.85,136.55,136.55,122339,17:25,17:20,True,50871.92857142857,2.4048429740230017,4.996428571428571
2018-11-21,138.0,139.2,138.0,138.95,21968,17:25,17:20,True,55952.857142857145,0.3926162330533357,4.689285714285715
2018-11-22,139.7,139.7,139.55,139.55,5851,17:25,17:20,True,53855.42857142857,0.10864271541799739,4.571428571428571
2018-11-23,138.3,139.0,138.0,138.55,51249,17:25,17:20,True,51982.57142857143,0.985888127339383,4.167857142857143
2018-11-26,139.85,141.0,139.85,140.7,17506,17:25,17:20,True,47106.92857142857,0.3716226154175076,3.8500000000000005
2018-11-27,141.5,141.5,140.3,141.5,36786,17:25,17:20,True,45441.642857142855,0.8095217885419762,3.8785714285714294
2018-11-28,139.3,139.8,139.25,139.6,16621,17:25,17:20,True,47125.5,0.3526965231138131,3.992857142857141
2018-11-29,142.0,142.1,141.3,141.55,26788,17:25,17:20,True,47336.07142857143,0.5659109256758286,3.89642857142857
2018-11-30,145.3,145.5,143.85,144.25,331462,17:25,17:20,True,47937.71428571428,6.914430630222551,3.828571428571426
2018-12-03,145.45,147.0,145.4,146.2,346355,17:25,17:20,True,69240.07142857143,5.002233430063722,3.7464285714285688
2018-12-04,142.35,142.45,141.5,142.0,32403,17:25,17:20,True,89588.5,0.3616870468865982,3.8535714285714278
2018-12-05,138.55,138.55,136.75,137.2,40822,17:25,17:20,True,78202.85714285714,0.522001388330715,3.6285714285714272
2018-12-06,135.0,135.25,133.05,134.1,39009,17:25,17:20,True,78635.14285714286,0.4960759093535061,3.532142857142856
2018-12-07,130.6,132.55,130.6,132.05,35963,17:25,17:20,True,79759.28571428571,0.4508942084665467,3.660714285714284
2018-12-10,128.0,128.85,127.35,127.4,64879,17:25,17:20,True,80365.85714285714,0.8072955643921281,3.607142857142857
2018-12-11,128.0,129.7,128.0,129.5,42359,17:25,17:20,True,76261.57142857143,0.5554435767124801,3.5607142857142855
2018-12-12,131.5,131.55,130.7,130.85,31777,17:25,17:20,True,77718.07142857143,0.4088753029493967,3.6071428571428563
2018-12-13,134.3,134.6,133.65,134.45,20281,17:25,17:20,True,79569.92857142857,0.25488272220571484,3.789285714285712
2018-12-14,132.3,132.3,131.05,131.6,46037,17:25,17:20,True,77357.92857142857,0.5951167624336227,3.7464285714285697
2018-12-17,133.3,133.45,133.2,133.25,23817,17:25,17:20,True,79395.85714285714,0.2999778685825637,3.7928571428571396
2018-12-18,132.45,132.45,131.6,131.65,28574,17:25,17:20,True,78469.5,0.3641414817221978,3.674999999999998
2018-12-19,133.8,134.25,132.45,132.5,44824,17:25,17:20,True,79323.28571428571,0.5650799711127881,3.778571428571426
2018-12-20,131.0,131.5,130.9,131.2,97909,17:25,17:20,True,80611.57142857143,1.2145774888752234,3.7357142857142813
2018-12-21,130.25,130.65,129.85,129.85,22549,17:25,17:20,True,63929.21428571428,0.35271824082215936,3.7857142857142807
2018-12-27,131.6,132.05,131.0,131.8,42400,17:25,17:20,True,40800.21428571428,1.0392102282375968,3.5464285714285646
2018-12-28,132.2,133.45,132.2,132.8,30137,17:25,17:20,True,41514.28571428572,0.725942876806607,3.614285714285709
2019-01-02,133.3,133.85,132.3,132.3,35927,17:25,17:20,True,40751.07142857143,0.881620991560257,3.5142857142857085
2019-01-03,130.5,131.9,130.5,131.05,219365,17:25,17:20,True,40530.92857142857,5.412286560704083,3.3428571428571368
2019-01-04,130.9,132.6,130.9,132.1,35517,17:25,17:20,True,53631.07142857143,0.6622466986754747,3.3785714285714223
2019-01-07,139.0,140.0,139.0,139.8,115602,17:25,17:20,True,51533.78571428572,2.243227397283058,3.6785714285714235
2019-01-08,141.6,143.4,141.6,143.05,59663,17:25,17:20,True,56765.42857142857,1.051044649912673,3.789285714285709
2019-01-09,145.0,145.0,144.0,144.5,28887,17:25,17:20,True,58757.28571428572,0.49163264859555406,3.6571428571428544
2019-01-10,143.7,143.85,142.95,143.05,50726,17:25,17:20,True,59372.0,0.8543758000404231,3.789285714285711
2019-01-11,145.5,146.3,145.5,145.7,37574,17:25,17:20,True,59706.92857142857,0.6293071993319751,3.7571428571428567
2019-01-14,142.85,142.85,140.95,141.7,112615,17:25,17:20,True,60689.57142857143,1.8555906286558999,3.778571428571427
2019-01-15,145.25,146.0,144.95,144.95,121122,17:25,17:20,True,66692.5,1.8161262510777074,3.760714285714286
2019-01-16,145.0,145.5,144.4,144.75,48945,17:25,17:20,True,72142.35714285714,0.678450246684878,3.7928571428571445
2019-01-17,144.6,145.4,144.2,144.45,9749,17:25,17:20,True,68644.92857142857,0.14202068824145786,3.692857142857146
2019-01-18,146.9,147.75,146.6,146.975,56884,17:25,17:20,True,67730.64285714286,0.8398561950752403,3.73928571428572
2019-01-21,148.0,148.2,147.3,147.85,12746,17:25,17:20,True,68765.21428571429,0.18535534473929405,3.6714285714285757
2019-01-22,145.15,146.1,145.05,146.1,20864,17:25,17:20,True,67523.0,0.30899101047050637,3.7642857142857173
2019-01-23,145.1,145.1,144.2,144.75,18670,17:25,17:20,True,66447.07142857143,0.28097551327103526,3.7250000000000023
2019-01-24,145.0,145.35,145.0,145.0,3307,17:25,17:20,True,52111.71428571428,0.06345981983760164,3.617857142857145
2019-01-25,147.0,147.45,146.8,147.05,23339,17:25,17:20,True,49811.0,0.4685511232458694,3.3392857142857144
2019-01-28,150.0,150.0,148.3,149.3,25235,17:25,17:20,True,43220.78571428572,0.583862592568721,3.2821428571428584
2019-01-29,150.75,150.75,148.0,148.8,17724,17:25,17:20,True,40761.642857142855,0.4348205508329785,3.4535714285714283
2019-01-30,156.6,157.75,156.6,157.1,60576,17:25,17:20,True,39964.28571428572,1.5157533512064343,3.953571428571426
2019-01-31,151.7,153.35,150.0,152.8,139085,17:25,17:20,True,40667.857142857145,3.4200228330552385,3.9499999999999966
2019-02-01,152.2,153.0,152.1,152.7,20463,17:25,17:20,True,47918.642857142855,0.42703630111155666,4.099999999999999
2019-02-04,153.35,153.4,152.9,152.9,15232,17:25,17:20,True,41336.357142857145,0.3684891715871016,3.964285714285712
2019-02-05,152.7,153.3,152.5,152.625,20399,17:25,17:20,True,33772.78571428572,0.6040070301743373,3.846428571428569
2019-02-06,154.1,154.1,153.2,153.5,10182,17:25,17:20,True,31733.785714285714,0.32085677049922007,3.807142857142854
2019-02-07,153.6,154.0,153.1,153.8,44465,17:25,17:20,True,31764.714285714286,1.399823703750343,3.7428571428571393
2019-02-08,149.6,149.7,149.0,149.2,23020,17:25,17:20,True,30877.64285714286,0.7455232287808793,3.9178571428571405
2019-02-11,148.25,148.55,148.25,148.45,22021,17:25,17:20,True,31611.5,0.6966135741739556,3.8285714285714283
2019-02-12,149.75,150.4,149.7,149.7,21997,17:25,17:20,True,31694.14285714286,0.694039908230002,3.721428571428573
2019-02-13,150.7,151.0,150.4,150.65,27331,17:25,17:20,True,31931.785714285714,0.8559183080003132,3.6964285714285734
2019-02-14,153.5,153.5,152.8,153.05,14688,17:25,17:20,True,33647.78571428572,0.4365220381727517,3.7357142857142884
2019-02-15,153.15,153.35,152.8,152.8,21116,17:25,17:20,True,33029.857142857145,0.6393003732553664,3.550000000000001
2019-02-18,156.3,156.85,156.05,156.2,17955,17:25,17:20,True,32735.64285714286,0.548484722855603,3.482142857142859
2019-02-19,155.8,155.825,155.6,155.6,4294,17:25,17:20,True,32752.14285714286,0.13110592545744007,2.839285714285716
2019-02-20,155.6,156.25,155.5,156.0,11942,17:25,17:20,True,28732.0,0.41563413615481,2.778571428571429
2019-02-21,160.0,160.25,159.85,160.2,16967,17:25,17:20,True,19650.35714285714,0.8634448665055161,2.721428571428571
2019-02-22,159.6,160.0,159.2,159.25,13900,17:25,17:20,True,19400.64285714286,0.7164711036821313,2.749999999999998
2019-02-25,160.85,160.95,160.6,160.65,5544,17:25,17:20,True,19305.5,0.2871720494159695,2.7392857142857117
2019-02-26,160.25,160.45,159.75,160.0,10311,17:25,17:20,True,18244.428571428572,0.5651588351825606,2.710714285714285
2019-02-27,158.9,159.55,158.9,159.55,7579,17:25,17:20,True,18253.64285714286,0.4152047927810887,2.7285714285714278
2019-02-28,157.5,157.8,156.65,157.4,17761,17:25,17:20,True,15618.92857142857,1.137145862392244,2.5928571428571416
2019-03-01,156.4,156.9,156.4,156.9,7363,17:25,17:20,True,15243.285714285714,0.4830323421084693,2.67142857142857
2019-03-04,158.0,158.75,158.0,158.7,20894,17:25,17:20,True,14196.285714285714,1.4717934268520942,2.749999999999998
2019-03-05,159.05,159.15,157.95,158.1,12674,17:25,17:20,True,14117.5,0.8977510182397733,2.7357142857142827
2019-03-06,155.65,156.0,154.85,155.0,63746,17:25,17:20,True,13070.57142857143,4.877062976807222,2.7392857142857117
2019-03-07,155.65,155.65,153.95,154.0,23073,17:25,17:20,True,16574.714285714286,1.3920601949613438,2.8107142857142833
2019-03-08,151.0,151.75,150.5,151.45,38073,17:25,17:20,True,16714.5,2.2778425917616443,2.77142857142857
2019-03-11,151.35,151.5,150.9,151.5,8921,17:25,17:20,True,18151.5,0.49147453378508665,2.817857142857142
2019-03-12,153.65,154.55,153.65,154.2,16730,17:25,17:20,True,18482.0,0.9052050643869711,2.8321428571428577
2019-03-13,152.05,152.2,151.8,152.1,10182,17:25,17:20,True,18824.0,0.5409052273693158,2.6785714285714306
2019-03-14,156.2,156.4,156.05,156.25,11128,17:25,17:20,True,18339.35714285714,0.606782446806439,2.82857142857143
2019-03-15,156.8,156.8,156.15,156.45,11912,17:25,17:20,True,18141.35714285714,0.6566212167147678,2.825000000000003
2019-03-18,159.8,159.8,159.3,159.3,26358,17:25,17:20,True,18596.214285714286,1.417385258904462,2.971428571428573
2019-03-19,160.2,160.75,160.2,160.45,7670,17:25,17:20,True,19742.428571428572,0.3885033683799214,2.9571428571428577
2019-03-20,162.45,162.45,161.7,162.2,18594,17:25,17:20,True,19748.928571428572,0.9415194314338933,3.017857142857143
2019-03-21,160.95,160.95,160.25,160.5,19852,17:25,17:20,True,19808.428571428572,1.0021996408455274,2.835714285714285
2019-03-22,161.7,161.7,160.65,160.8,25787,17:25,17:20,True,20700.5,1.2457187024468008,2.8499999999999983
2019-03-25,155.0,155.0,154.0,154.45,19386,17:25,17:20,True,21050.0,0.9209501187648456,3.2071428571428555
2019-03-26,154.15,154.55,154.1,154.3,20813,17:25,17:20,True,21529.428571428572,0.9667232890528579,3.182142857142856
2019-03-27,155.85,156.1,155.5,155.9,26087,17:25,17:20,True,18462.785714285714,1.4129503750788266,3.1642857142857133
2019-03-28,157.05,157.075,156.15,156.5,5724,17:25,17:20,True,18678.071428571428,0.3064556221390248,3.0928571428571394
2019-03-29,154.0,154.15,153.1,153.85,58799,17:25,17:20,True,16367.42857142857,3.592439688580107,3.1464285714285682
2019-04-01,156.18,158.0,156.18,158.0,32604,17:25,17:20,True,19930.14285714286,1.6359140139487207,3.2964285714285677
2019-04-02,161.4,161.95,161.4,161.55,41757,17:25,17:20,True,21064.0,1.9823870110140525,3.597857142857137
2019-04-03,164.95,166.3,164.7,165.9,59043,17:25,17:20,True,23319.35714285714,2.5319308606277433,3.512142857142852
2019-04-04,165.15,165.65,163.4,163.85,83032,17:25,17:20,True,26741.85714285714,3.1049451635477823,3.751428571428566
2019-04-05,166.0,167.2,166.0,167.15,50714,17:25,17:20,True,31821.85714285714,1.5936844846085128,3.7764285714285655
2019-04-08,168.55,168.75,167.8,168.4,20668,17:25,17:20,True,33561.57142857143,0.6158233694148495,3.9764285714285665
2019-04-09,167.95,168.35,167.2,168.35,13150,17:25,17:20,True,34490.0,0.38126993331400405,3.858571428571423
2019-04-10,167.5,168.0,167.35,167.55,15281,17:25,17:20,True,34101.142857142855,0.44810814886807315,3.9085714285714244
2019-04-11,166.3,166.8,165.55,166.55,78096,17:25,17:20,True,33774.642857142855,2.312267233448593,3.826428571428569
2019-04-12,168.05,168.3,168.0,168.2,6814,17:25,17:20,True,37511.0,0.18165338167470876,3.587142857142853
2019-04-15,171.9,172.45,171.85,172.025,28896,17:25,17:20,True,36613.0,0.7892278698822822,3.6692857142857105
2019-04-16,172.8,172.95,172.4,172.6,4988,17:25,17:20,True,37190.357142857145,0.13412078783862943,3.576428571428567
2019-04-17,172.9,173.7,172.7,173.2,26717,17:25,17:20,True,35683.28571428572,0.7487258940760579,3.5728571428571394
2019-04-23,177.45,177.45,176.4,176.7,28414,17:25,17:20,True,37182.78571428572,0.764170824056447,3.5264285714285677
2019-04-24,175.2,175.85,174.85,175.6,12545,17:25,17:20,True,35012.42857142857,0.35830133789225865,3.404999999999995
2019-04-25,177.0,180.0,177.0,179.9,152626,17:25,17:20,True,33579.642857142855,4.545194260978697,3.2285714285714255
2019-04-26,174.2,176.45,174.2,174.9,36971,17:25,17:20,True,41498.857142857145,0.8908920039106067,3.4571428571428533
2019-04-29,176.85,177.0,176.05,176.25,48867,17:25,17:20,True,39922.28571428572,1.2240531604259703,3.2749999999999955
2019-05-02,176.05,176.35,175.0,175.4,47003,17:25,17:20,True,37481.92857142857,1.2540176504105789,3.174999999999995
2019-05-03,172.35,173.5,172.275,172.925,23529,17:25,17:20,True,37216.857142857145,0.6322135130777912,3.2749999999999937
2019-05-06,167.7,167.85,166.2,166.25,103078,17:25,17:20,True,37421.21428571428,2.7545338110353756,3.2535714285714232
2019-05-07,168.5,169.3,168.5,169.0,17877,17:25,17:20,True,43844.642857142855,0.4077351036533214,3.5714285714285654
2019-05-08,163.6,164.75,163.6,164.75,12281,17:25,17:20,True,44030.07142857143,0.2789230087878252,3.824999999999995
2019-05-09,163.15,163.3,162.45,162.95,36558,17:25,17:20,True,39329.0,0.9295430852551553,3.8321428571428533
2019-05-10,162.5,165.0,162.4,164.6,52752,17:25,17:20,True,41453.57142857143,1.2725562160765056,3.807142857142852
2019-05-13,161.4,161.4,160.25,160.5,20968,17:25,17:20,True,43157.57142857143,0.4858475420634684,4.028571428571425
2019-05-14,157.1,158.3,157.05,158.3,29087,17:25,17:20,True,44299.0,0.6566062439332716,4.21428571428571
2019-05-15,160.4,160.65,160.0,160.0,22425,17:25,17:20,True,44468.28571428572,0.5042919833717769,4.228571428571426
2019-05-16,158.3,158.4,157.8,157.95,8382,17:25,17:20,True,44040.5,0.19032481465923412,4.428571428571429
2019-05-17,159.85,160.0,158.5,158.5,13181,17:25,17:20,True,43743.142857142855,0.3013272284309051,4.407142857142857
2019-05-20,158.0,158.5,157.95,158.1,10374,17:25,17:20,True,33782.78571428572,0.30707947200497293,4.1642857142857155
2019-05-21,159.5,159.5,158.6,158.65,64913,17:25,17:20,True,31883.0,2.0359752846344445,4.275000000000001
2019-05-22,158.7,158.85,157.55,157.65,15544,17:25,17:20,True,33029.142857142855,0.4706146952474871,4.375000000000002
2019-05-23,154.25,154.9,153.8,154.6,16787,17:25,17:20,True,30782.071428571428,0.5453499137949038,4.189285714285717
2019-05-24,152.2,153.5,152.2,153.3,18434,17:25,17:20,True,30300.5,0.6083727991287272,4.4214285714285735
2019-05-27,153.35,153.5,153.0,153.5,4603,17:25,17:20,True,24254.5,0.18977921622791646,4.096428571428573
2019-05-28,153.45,153.45,152.5,153.35,35168,17:25,17:20,True,23306.35714285714,1.5089445246392004,3.89642857142857
2019-05-31,148.0,148.425,146.55,146.6,68755,17:25,17:20,True,24941.14285714286,2.7566900359703985,3.8089285714285706
2019-06-03,146.1,146.8,146.1,146.4,16394,17:25,17:20,True,27240.928571428572,0.6018150209899494,4.069642857142857
2019-06-04,148.5,148.5,147.6,147.75,12707,17:25,17:20,True,24643.928571428572,0.5156239583786212,3.9803571428571423
2019-06-05,152.85,152.85,151.9,152.4,22034,17:25,17:20,True,24053.85714285714,0.9160277235014284,4.008928571428569
2019-06-07,152.3,153.225,152.25,153.225,57784,17:25,17:20,True,23550.071428571428,2.4536655939775738,3.9982142857142833
2019-06-10,157.0,158.3,157.0,158.05,5549,17:25,17:20,True,26075.714285714286,0.21280337478770614,3.9517857142857116
2019-06-11,158.0,158.85,157.95,158.75,76250,17:25,17:20,True,25873.35714285714,2.9470470174779906,3.9303571428571393
2019-06-12,159.95,160.0,159.45,159.55,12952,17:25,17:20,True,30378.285714285714,0.42635717241638765,3.987499999999995
2019-06-13,161.0,161.2,160.75,160.75,6264,17:25,17:20,True,30562.428571428572,0.20495753422736598,3.8946428571428515
2019-06-14,161.0,161.6,160.75,161.0,6099,17:25,17:20,True,26373.214285714286,0.23125736339630307,3.841071428571425
2019-06-17,157.9,158.0,157.2,157.2,6645,17:25,17:20,True,25698.571428571428,0.25857468452943466,3.8982142857142827
2019-06-18,156.55,157.2,156.05,156.55,3961,17:25,17:20,True,24974.14285714286,0.1586040418947597,3.6946428571428527
2019-06-19,163.0,164.2,163.0,163.85,18601,17:25,17:20,True,23940.35714285714,0.7769725359151464,4.076785714285712
2019-06-20,167.1,168.0,167.0,167.65,42841,17:25,17:20,True,24940.214285714286,1.7177478713380283,4.0874999999999995
2019-06-24,169.8,170.8,169.6,170.5,68500,17:25,17:20,True,25488.285714285714,2.6875091078254436,4.482142857142855
2019-06-25,169.5,169.7,169.0,169.2,11999,17:25,17:20,True,25470.071428571428,0.4711019375681823,4.149999999999998
2019-06-26,168.95,169.0,168.1,168.5,11653,17:25,17:20,True,25156.14285714286,0.46322681764749307,4.064285714285712
2019-06-27,171.15,172.15,171.15,172.1,12576,17:25,17:20,True,25080.85714285714,0.501418270052288,3.9178571428571423
2019-06-28,170.1,170.6,169.7,170.3,10557,17:25,17:20,True,24405.285714285714,0.43257022776096515,3.907142857142856
2019-07-01,173.1,174.1,172.7,174.1,30420,17:25,17:20,True,21031.928571428572,1.4463723522399616,3.69285714285714
2019-07-02,170.9,171.45,170.2,170.4,24110,17:25,17:20,True,22808.428571428572,1.0570653705710296,3.9071428571428544
2019-07-03,171.15,171.4,170.55,170.7,12289,17:25,17:20,True,19084.14285714286,0.6439377493655914,3.8785714285714272
2019-07-04,168.3,169.2,168.25,168.875,7565,17:25,17:20,True,19036.785714285714,0.3973885147177457,3.9107142857142856
2019-07-05,165.8,166.2,162.85,163.0,102099,17:25,17:20,True,19129.714285714286,5.337194193028049,3.839285714285712
2019-07-08,161.2,162.0,161.2,161.75,7892,17:25,17:20,True,25986.85714285714,0.30369197616377513,4.110714285714282
2019-07-09,159.6,159.85,157.65,158.0,70365,17:25,17:20,True,26075.928571428572,2.6984657442687974,4.228571428571428
2019-07-10,158.35,158.4,157.75,157.8,14857,17:25,17:20,True,30819.071428571428,0.48207163004354914,3.9357142857142833
2019-07-11,156.2,156.75,156.2,156.4,20340,17:25,17:20,True,30551.64285714286,0.6657579788788538,3.9214285714285677
2019-07-12,154.0,154.55,153.75,154.2,24773,17:25,17:20,True,28944.428571428572,0.8558814674425377,3.596428571428569
2019-07-15,157.05,159.35,156.65,158.25,17620,17:25,17:20,True,25821.071428571428,0.6823884147775211,3.6499999999999977
2019-07-16,159.3,160.0,158.875,159.55,14508,17:25,17:20,True,26222.571428571428,0.5532638185205766,3.8821428571428527
2019-07-17,167.0,169.15,166.55,168.65,226124,17:25,17:20,True,26426.5,8.556713904603333,3.7857142857142816
2019-07-18,164.2,164.55,163.0,163.05,50803,17:25,17:20,True,41679.92857142857,1.21888404662059,4.210714285714283
2019-07-19,159.3,159.6,158.8,159.0,23973,17:25,17:20,True,44554.642857142855,0.5380584034051286,4.603571428571428
2019-07-22,160.65,160.8,159.65,159.8,5473,17:25,17:20,True,44094.142857142855,0.12412079349703072,4.385714285714286
2019-07-23,162.95,163.5,162.95,163.0,7742,17:25,17:20,True,42762.92857142857,0.1810446631845674,4.364285714285714
2019-07-24,167.8,167.8,167.1,167.25,14012,17:25,17:20,True,42438.142857142855,0.33017467440005116,4.599999999999999
2019-07-25,167.9,169.25,167.9,169.0,41475,17:25,17:20,True,42898.642857142855,0.9668138019684273,4.599999999999999
2019-07-26,165.1,165.3,163.65,163.7,25300,17:25,17:20,True,38568.357142857145,0.6559781612239493,4.421428571428572
2019-07-29,164.3,164.3,162.9,163.35,31268,17:25,17:20,True,39811.78571428572,0.7853955666394552,4.321428571428571
2019-07-30,162.15,162.6,161.6,161.8,23687,17:25,17:20,True,37019.142857142855,0.6398581428913227,4.2749999999999995
2019-07-31,159.45,160.6,159.45,160.05,30116,17:25,17:20,True,37649.857142857145,0.7998967933856702,4.424999999999999
2019-08-01,157.7,158.05,157.2,157.2,37822,17:25,17:20,True,38348.142857142855,0.9862798347470729,4.410714285714286
2019-08-02,153.95,153.95,152.5,152.5,91385,17:25,17:20,True,39280.21428571428,2.3264893448719186,4.378571428571429
2019-08-05,151.65,151.65,149.75,150.6,33977,17:25,17:20,True,44549.142857142855,0.7626858300945345,4.503571428571432
2019-08-06,150.55,150.6,150.1,150.35,14230,17:25,17:20,True,45939.78571428572,0.30975329507414207,4.710714285714287
2019-08-07,151.2,151.55,150.9,151.25,24694,17:25,17:20,True,30804.5,0.8016361245921862,4.325000000000001
2019-08-08,150.9,152.0,150.9,151.25,17348,17:25,17:20,True,28939.571428571428,0.5994560093199129,4.1000000000000005
2019-08-09,151.35,151.95,150.25,150.25,13663,17:25,17:20,True,28466.35714285714,0.4799700900059971,4.1000000000000005
2019-08-12,150.4,152.2,150.4,151.8,22356,17:25,17:20,True,29051.35714285714,0.7695337567214712,4.0857142857142845
2019-08-13,148.0,148.3,146.75,147.35,19431,17:25,17:20,True,30095.214285714286,0.6456508272554013,3.8999999999999995
2019-08-14,150.0,150.0,148.3,148.45,11881,17:25,17:20,True,30482.285714285714,0.38976735902819437,4.114285714285714
2019-08-15,145.15,146.2,144.9,145.35,24740,17:25,17:20,True,28368.428571428572,0.8720962438122862,4.160714285714284
2019-08-16,144.3,145.0,144.25,144.75,17049,17:25,17:20,True,28328.428571428572,0.6018335947231201,4.33928571428571
2019-08-19,146.95,148.6,146.95,147.3,22274,17:25,17:20,True,27312.785714285714,0.8155154964053989,4.310714285714283
2019-08-20,147.8,147.9,146.9,146.9,10835,17:25,17:20,True,27211.85714285714,0.39817201535045127,4.182142857142856
2019-08-21,148.2,149.8,148.2,149.45,17024,17:25,17:20,True,25834.64285714286,0.6589601448774486,4.1321428571428545
2019-08-22,150.15,150.15,148.8,148.9,11103,17:25,17:20,True,24349.071428571428,0.4559927483300918,4.157142857142854
2019-08-23,150.9,151.85,150.9,151.4,9036,17:25,17:20,True,18614.64285714286,0.4854243011454116,3.8499999999999965
2019-08-26,147.2,147.75,147.0,147.35,14880,17:25,17:20,True,16833.14285714286,0.8839703985335052,3.785714285714284
2019-08-27,149.15,149.7,148.05,148.1,29568,17:25,17:20,True,16879.571428571428,1.7517032422962668,3.7928571428571405
2019-08-28,149.2,149.7,148.6,148.7,6397,17:25,17:20,True,17227.714285714286,0.3713202978589316,3.7071428571428555
2019-08-29,149.25,149.3,148.95,149.1,3557,17:25,17:20,True,16445.5,0.216290170563376,3.6571428571428544
2019-08-30,156.45,156.85,156.2,156.3,15619,17:25,17:20,True,15723.642857142857,0.9933448719171766,3.9285714285714284
2019-09-02,158.35,159.4,158.35,159.2,18232,17:25,17:20,True,15242.42857142857,1.1961348491522723,3.914285714285715
2019-09-03,158.2,158.2,156.55,156.55,14772,17:25,17:20,True,15156.785714285714,0.9746129739155023,3.717857142857144
2019-09-04,157.35,158.75,157.3,158.0,18414,17:25,17:20,True,15363.285714285714,1.198571734097059,3.5142857142857156
2019-09-05,158.6,159.9,158.6,159.75,62158,17:25,17:20,True,14911.42857142857,4.168480551829853,3.367857142857145
2019-09-06,162.65,163.0,162.4,162.75,10472,17:25,17:20,True,18133.5,0.5774946921443737,3.6178571428571433
2019-09-09,161.95,162.4,161.9,162.25,11664,17:25,17:20,True,17290.5,0.67459009282554,3.5821428571428577
2019-09-10,164.05,164.35,163.8,164.35,9476,17:25,17:20,True,17349.714285714286,0.546176141229168,3.6785714285714306
2019-09-11,168.8,169.2,167.7,168.5,18612,17:25,17:20,True,16810.571428571428,1.1071604602546017,3.8250000000000006
2019-09-12,170.4,171.8,170.15,170.9,126849,17:25,17:20,True,17346.928571428572,7.312476066162391,3.807142857142858
2019-09-13,171.05,171.7,170.55,171.0,13163,17:25,17:20,True,25762.14285714286,0.5109435217789114,3.750000000000002
2019-09-16,171.75,171.75,170.55,170.65,12934,17:25,17:20,True,25639.5,0.5044560151329004,3.682142857142858
2019-09-17,170.0,170.0,168.8,169.55,44688,17:25,17:20,True,24451.35714285714,1.8276286154142773,3.664285714285715
2019-09-18,170.15,170.15,169.525,169.75,8239,17:25,17:20,True,27186.428571428572,0.30305562123958907,3.6714285714285717
2019-09-19,170.15,170.15,169.05,169.75,9567,17:25,17:20,True,27520.85714285714,0.34762725413452655,3.403571428571427
2019-09-20,169.65,170.2,169.4,169.4,42436,17:25,17:20,True,27088.571428571428,1.5665647083640968,3.3214285714285694
2019-09-23,166.0,166.0,165.05,165.3,26060,17:25,17:20,True,28817.428571428572,0.9043138576853292,3.3499999999999983
2019-09-24,163.4,163.875,163.05,163.4,9871,17:25,17:20,True,29623.714285714286,0.33321277355014806,3.52142857142857
2019-09-25,160.0,160.0,158.9,159.05,17225,17:25,17:20,True,29013.5,0.5936891447084978,3.580357142857143
2019-09-26,159.2,160.1,159.0,160.075,9893,17:25,17:20,True,25804.0,0.3833901720663463,3.3946428571428595
2019-09-27,160.3,160.75,160.3,160.525,5069,17:25,17:20,True,25762.64285714286,0.19675776387182992,3.3767857142857167
2019-09-30,160.4,161.05,160.25,160.5,22331,17:25,17:20,True,25291.571428571428,0.8829423692816919,3.419642857142859
2019-10-01,162.5,162.7,161.5,161.75,29330,17:25,17:20,True,26209.785714285714,1.1190476839348444,3.3196428571428607
2019-10-02,160.25,160.25,158.7,159.95,34057,17:25,17:20,True,26975.35714285714,1.2625226728098398,3.398214285714289
2019-10-03,155.85,155.85,155.1,155.2,14728,17:25,17:20,True,20347.35714285714,0.7238286474550925,3.4696428571428606
2019-10-04,156.05,156.4,154.9,155.6,17394,17:25,17:20,True,20459.14285714286,0.850182244752608,3.6589285714285773
2019-10-07,155.0,155.0,154.2,154.7,16571,17:25,17:20,True,20777.714285714286,0.7975371964467424,3.6589285714285773
2019-10-08,156.9,156.9,156.2,156.65,6281,17:25,17:20,True,18769.35714285714,0.3346411894767688,3.744642857142864
2019-10-09,156.3,156.85,156.1,156.15,18291,17:25,17:20,True,18629.5,0.9818298934485628,3.7375000000000074
2019-10-10,158.5,158.95,158.5,158.5,6777,17:25,17:20,True,19252.64285714286,0.35200362102420074,3.9803571428571507
2019-10-11,164.35,165.2,164.3,164.6,39982,17:25,17:20,True,16705.571428571428,2.3933332763235535,4.148214285714293
2019-10-14,168.9,168.9,168.1,168.1,25926,17:25,17:20,True,17700.0,1.4647457627118643,4.17678571428572
2019-10-15,169.25,170.45,169.25,170.15,22566,17:25,17:20,True,18846.785714285714,1.1973394478027706,4.128571428571433
2019-10-16,170.85,170.85,169.9,170.1,10155,17:25,17:20,True,19228.285714285714,0.5281282039852004,4.078571428571432
2019-10-17,172.75,173.6,172.25,172.6,30647,17:25,17:20,True,19247.0,1.592300098716683,4.175000000000003
2019-10-18,173.95,173.95,172.45,173.25,17002,17:25,17:20,True,21074.0,0.8067761222359305,4.150000000000001
2019-10-21,176.1,176.85,175.45,176.55,10944,17:25,17:20,True,20693.35714285714,0.5288653708747114,4.189285714285717
2019-10-22,182.0,183.9,181.95,182.8,21779,17:25,17:20,True,19380.071428571428,1.1237832677898136,4.471428571428575
2019-10-23,173.0,174.0,172.25,173.75,40396,17:25,17:20,True,18503.071428571428,2.183205104943967,4.942857142857146
2019-10-24,173.25,174.1,173.25,173.85,9787,17:25,17:20,True,20336.5,0.4812529196272712,4.914285714285717
2019-10-25,175.85,176.7,175.475,176.4,9132,17:25,17:20,True,19793.14285714286,0.4613719036895894,5.007142857142859
2019-10-28,178.5,178.65,177.35,178.45,9682,17:25,17:20,True,19261.785714285714,0.5026532920475405,4.9303571428571455
2019-10-29,180.4,180.4,179.3,179.5,31153,17:25,17:20,True,19504.714285714286,1.5972036064541173,5.012500000000003
2019-10-30,179.85,180.35,178.85,179.9,13544,17:25,17:20,True,20423.428571428572,0.6631599563526482,4.816071428571429
2019-10-31,176.5,176.55,175.6,175.65,47805,17:25,17:20,True,20906.785714285714,2.2865781786501307,4.823214285714286
2019-11-04,177.6,178.3,177.05,178.3,58530,17:25,17:20,True,21465.571428571428,2.72669191196534,4.751785714285717
2019-11-05,183.95,184.1,183.35,183.6,29210,17:25,17:20,True,23794.428571428572,1.227598297320501,5.191071428571432
2019-11-06,182.3,183.4,182.3,183.4,3155,17:25,17:20,True,24269.0,0.1300012361448762,5.176785714285718
2019-11-07,182.75,184.6,182.7,184.6,19428,17:25,17:20,True,23769.0,0.8173671589044554,5.069642857142861
2019-11-08,183.2,183.35,183.2,183.2,6932,17:25,17:20,True,22967.64285714286,0.3018159087162996,5.005357142857146
2019-11-11,183.95,183.95,182.5,183.15,15727,17:25,17:20,True,22248.35714285714,0.7068836543308175,4.873214285714288
2019-11-12,185.0,185.6,184.65,185.4,21916,17:25,17:20,True,22590.0,0.9701637892872953,4.548214285714287
2019-11-13,185.75,185.95,185.0,185.5,11928,17:25,17:20,True,22599.785714285714,0.5277926149742255,3.8982142857142867
2019-11-14,182.8,182.9,182.35,182.5,9601,17:25,17:20,True,20566.35714285714,0.46683036443011994,3.8946428571428577
2019-11-15,183.45,184.6,183.4,184.0,16712,17:25,17:20,True,20553.071428571428,0.8131144806302847,3.780357142857144
2019-11-18,184.7,185.5,184.375,185.1,14532,17:25,17:20,True,21094.5,0.6888999502239921,3.8107142857142855
2019-11-19,181.45,182.65,181.45,181.95,4690,17:25,17:20,True,21440.928571428572,0.21874052629650234,3.892857142857143
2019-11-20,180.15,180.25,178.25,179.7,21473,17:25,17:20,True,19550.714285714286,1.0983230426363668,3.885714285714286
2019-11-21,177.7,177.9,177.0,177.3,18453,17:25,17:20,True,20117.071428571428,0.9172806322987939,3.6892857142857145
2019-11-22,178.0,178.3,177.35,178.3,20892,17:25,17:20,True,18020.5,1.1593463000471684,3.4964285714285706
2019-11-25,181.7,182.75,181.1,182.65,35216,17:25,17:20,True,15332.07142857143,2.2968846815032915,3.117857142857141
2019-11-26,183.25,183.6,182.8,183.25,31369,17:25,17:20,True,15761.07142857143,1.990283474201808,3.203571428571426
2019-11-27,185.8,186.1,185.2,185.35,57286,17:25,17:20,True,17776.35714285714,3.2225950198698916,3.260714285714284
2019-11-28,183.0,183.7,182.5,183.35,73391,17:25,17:20,True,20480.5,3.583457435121213,3.3714285714285706
2019-11-29,183.75,183.8,182.65,182.65,1878,17:25,17:20,True,25227.571428571428,0.07444236181502098,3.403571428571427
2019-12-02,183.1,184.35,183.0,184.35,15012,17:25,17:20,True,24238.35714285714,0.6193489068389242,3.3535714285714255
2019-12-03,183.05,184.1,182.75,183.9,10648,17:25,17:20,True,23745.214285714286,0.44842720187225693,3.510714285714282
2019-12-04,180.0,181.35,179.6,180.85,15078,17:25,17:20,True,23653.785714285714,0.6374455312197082,3.5785714285714243
2019-12-05,182.7,183.7,182.7,183.05,5560,17:25,17:20,True,24045.0,0.23123310459555002,3.685714285714281
2019-12-06,183.55,184.65,183.55,184.4,3865,17:25,17:20,True,23248.428571428572,0.16624779554992963,3.696428571428567
2019-12-09,186.25,187.15,185.95,186.65,14968,17:25,17:20,True,22486.5,0.6656438307428901,3.5821428571428533
2019-12-10,186.8,186.8,185.25,186.55,19914,17:25,17:20,True,23220.64285714286,0.8575989959672582,3.52142857142857
2019-12-11,187.4,188.35,187.4,188.35,8935,17:25,17:20,True,23109.285714285714,0.3866411151979724,3.6107142857142867
2019-12-12,187.9,188.15,187.2,188.1,12521,17:25,17:20,True,22429.428571428572,0.5582398124912423,3.6857142857142873
2019-12-13,194.35,195.95,193.9,195.45,64986,17:25,17:20,True,21831.5,2.976707967844628,3.8000000000000034
2019-12-16,195.65,196.35,194.8,196.05,14342,17:25,17:20,True,23957.928571428572,0.5986327222422639,3.8392857142857184
2019-12-17,196.6,197.0,195.95,196.6,30611,17:25,17:20,True,22741.714285714286,1.346028694909292,3.846428571428575
2019-12-18,197.55,198.3,197.3,197.625,8274,17:25,17:20,True,20836.35714285714,0.3970943645893682,3.7178571428571456
2019-12-19,195.5,195.7,194.6,195.45,12074,17:25,17:20,True,16185.142857142857,0.7459927976274537,3.7535714285714334
2019-12-20,193.45,194.15,193.45,193.95,11751,17:25,17:20,True,16913.428571428572,0.6947733837863405,3.7321428571428634
2019-12-23,192.8,193.9,192.8,193.6,11789,17:25,17:20,True,16680.5,0.7067533946824136,3.5321428571428624
2019-12-27,194.4,194.4,193.95,194.15,7229,17:25,17:20,True,16762.0,0.43127311776637633,3.2214285714285773
2019-12-30,193.55,193.725,193.35,193.35,7651,17:25,17:20,True,16201.357142857143,0.4722443886975959,3.057142857142864
2020-01-02,190.9,191.65,190.0,191.65,16000,17:25,17:20,True,16350.714285714286,0.9785505220392293,3.200000000000005
2020-01-03,191.15,191.2,189.75,189.75,9074,17:25,17:20,True,17217.5,0.5270219253666328,3.2250000000000045
2020-01-07,188.3,189.6,187.9,188.6,56550,17:25,17:20,True,16796.5,3.3667728395796743,3.4071428571428606
2020-01-08,189.6,189.6,188.2,188.65,26675,17:25,17:20,True,19413.35714285714,1.374053946656757,3.364285714285716
2020-01-09,192.1,192.1,191.0,191.0,26963,17:25,17:20,True,20680.5,1.303788593119122,3.3892857142857156
2020-01-10,188.25,188.3,187.75,187.75,17041,17:25,17:20,True,21712.071428571428,0.7848629301014248,3.385714285714286
2020-01-13,186.6,187.35,186.6,187.25,11264,17:25,17:20,True,18287.428571428572,0.615942255413555,3.25
2020-01-14,187.4,187.75,186.9,187.0,16116,17:25,17:20,True,18067.571428571428,0.8919848505214553,3.1607142857142856
2020-01-15,187.0,187.35,186.6,186.7,9129,17:25,17:20,True,17032.214285714286,0.5359843322108105,3.1392857142857156
2020-01-16,186.0,187.1,186.0,186.0,15306,17:25,17:20,True,17093.285714285714,0.8954393120105639,3.0535714285714284
2020-01-17,188.7,191.0,188.7,190.1,29571,17:25,17:20,True,17324.14285714286,1.7069242757835883,3.1392857142857133
2020-01-20,188.5,188.8,187.85,188.8,6704,17:25,17:20,True,18597.0,0.3604882507931387,3.2142857142857144
2020-01-21,188.0,188.0,186.0,186.55,28556,17:25,17:20,True,18233.785714285714,1.5661037399176567,3.403571428571429
2020-01-22,189.55,189.6,188.9,189.5,20430,17:25,17:20,True,19757.14285714286,1.034056399132321,3.67142857142857
2020-01-23,184.0,184.0,182.75,183.0,20617,17:25,17:20,True,20669.928571428572,0.9974393442509649,3.7535714285714272
2020-01-24,183.95,185.2,183.85,184.35,22932,17:25,17:20,True,20999.714285714286,1.092014857344998,3.7642857142857133
2020-01-27,180.9,180.95,179.6,179.8,51518,17:25,17:20,True,21989.571428571428,2.342837838715755,3.714285714285712
2020-01-28,180.2,182.35,180.2,180.8,10329,17:25,17:20,True,21630.14285714286,0.4775280527834833,3.8892857142857116
2020-01-29,181.35,181.55,180.35,180.6,21371,17:25,17:20,True,20462.571428571428,1.0443946438794176,4.024999999999998
2020-01-30,179.1,179.1,178.0,178.8,37433,17:25,17:20,True,20063.14285714286,1.8657595306247416,3.81785714285714
2020-01-31,179.3,179.85,179.1,179.4,15283,17:25,17:20,True,21519.714285714286,0.7101860088423904,3.9285714285714244
2020-02-03,176.0,177.05,176.0,176.7,20187,17:25,17:20,True,21806.785714285714,0.9257210239276765,4.096428571428567
2020-02-04,176.8,178.3,176.8,178.3,9251,17:25,17:20,True,22097.571428571428,0.41864328982499693,4.124999999999996
2020-02-05,193.85,194.85,193.35,194.8,121594,17:25,17:20,True,22106.285714285714,5.50042651088249,5.08928571428571
2020-02-06,204.0,204.0,202.1,203.5,65179,17:25,17:20,True,29698.285714285714,2.1947058031247595,5.553571428571426
2020-02-07,197.35,197.35,196.0,196.4,24363,17:25,17:20,True,32241.714285714286,0.7556359995037485,5.910714285714284
2020-02-10,192.0,192.15,191.0,191.8,32504,17:25,17:20,True,33503.07142857143,0.9701797063382249,6.142857142857141
2020-02-11,195.0,195.55,194.4,194.65,39198,17:25,17:20,True,33785.07142857143,1.160216579173811,5.932142857142856
2020-02-12,194.4,194.8,193.4,194.15,25895,17:25,17:20,True,35125.642857142855,0.7372107068706419,5.7250000000000005
2020-02-13,193.85,193.85,192.85,193.55,17756,17:25,17:20,True,35502.642857142855,0.5001317809338138,5.628571428571427
2020-02-14,193.25,193.85,193.1,193.6,4274,17:25,17:20,True,35132.92857142857,0.12165225541362296,5.610714285714285
2020-02-17,190.6,191.05,190.6,190.9,14960,17:25,17:20,True,31758.35714285714,0.4710571120762364,5.446428571428571
2020-02-18,190.0,190.95,188.4,189.35,43301,17:25,17:20,True,32089.14285714286,1.3493972149013462,5.167857142857143
2020-02-19,190.65,191.6,190.65,190.9,7720,17:25,17:20,True,33655.57142857143,0.2293825263488533,5.282142857142857
2020-02-20,191.55,191.7,191.2,191.35,11214,17:25,17:20,True,31533.214285714286,0.35562502123611156,5.164285714285713
2020-02-21,189.55,190.15,189.4,189.55,20365,17:25,17:20,True,31242.571428571428,0.6518349504796569,5.003571428571427
2020-02-24,181.6,182.0,180.85,181.15,30399,17:25,17:20,True,31255.285714285714,0.9726034910666539,5.157142857142857
2020-02-25,178.5,179.65,178.5,178.65,30465,17:25,17:20,True,32765.85714285714,0.9297788202876688,4.807142857142856
2020-02-26,173.95,175.5,173.35,175.05,113266,17:25,17:20,True,26256.64285714286,4.31380358167865,4.535714285714284
2020-02-27,175.75,175.75,174.25,174.6,34797,17:25,17:20,True,29691.428571428572,1.1719543879907621,4.746428571428568
2020-02-28,166.0,166.8,164.6,166.8,38953,17:25,17:20,True,30436.714285714286,1.2798030573977854,5.028571428571425
2020-03-02,170.9,171.75,170.75,170.85,37092,17:25,17:20,True,30897.35714285714,1.2004910267406135,5.4357142857142815
2020-03-03,166.7,167.65,166.55,166.55,24080,17:25,17:20,True,30746.928571428572,0.78316765669974,5.899999999999996
2020-03-04,166.35,166.7,165.3,165.3,20292,17:25,17:20,True,30617.285714285714,0.662762865048222,6.13928571428571
2020-03-05,163.0,164.2,162.65,163.65,60103,17:25,17:20,True,30798.428571428572,1.951495670001716,6.242857142857139
2020-03-06,152.75,153.05,151.7,151.8,43317,17:25,17:20,True,34786.21428571428,1.2452346680848532,6.635714285714282
2020-03-09,143.05,143.05,139.5,141.75,53614,17:25,17:20,True,36811.71428571428,1.4564385560497048,6.932142857142854
2020-03-10,144.65,145.4,144.6,144.7,45126,17:25,17:20,True,37548.357142857145,1.2018102370847497,7.610714285714282
2020-03-11,143.25,144.65,143.25,143.4,23476,17:25,17:20,True,40220.21428571428,0.5836865968249797,8.078571428571426
2020-03-12,135.05,139.6,135.0,138.1,62491,17:25,17:20,True,41096.07142857143,1.5206076354187488,8.289285714285711
2020-03-13,131.15,134.65,131.15,134.65,49011,17:25,17:20,True,44105.07142857143,1.111232754250807,9.178571428571425
2020-03-16,128.0,128.55,125.4,126.0,51591,17:25,17:20,True,45434.5,1.1355027567157117,9.824999999999998
2020-03-17,137.0,139.7,137.0,138.95,32469,17:25,17:20,True,46943.5,0.6916612523565563,10.635714285714283
2020-03-18,127.65,130.0,126.1,126.1,23655,17:25,17:20,True,41172.28571428572,0.5745369631444175,10.685714285714282
2020-03-19,129.7,132.3,129.45,132.3,51668,17:25,17:20,True,40376.42857142857,1.279657508801104,10.571428571428568
2020-03-20,134.05,136.8,134.0,136.0,70309,17:25,17:20,True,41284.642857142855,1.7030303554590518,10.646428571428569
2020-03-23,120.95,120.95,118.95,118.95,73699,17:25,17:20,True,43657.28571428572,1.6881260205300375,10.999999999999996
2020-03-24,120.0,121.15,118.55,121.1,103630,17:25,17:20,True,47201.5,2.1954810758132686,11.396428571428569
2020-03-25,130.4,130.9,129.55,130.55,160038,17:25,17:20,True,53154.21428571428,3.0108242996456402,11.517857142857139
2020-03-26,125.5,126.0,124.0,125.4,72470,17:25,17:20,True,60292.42857142857,1.201975135470694,11.707142857142854
2020-03-27,133.65,134.275,131.0,131.0,72241,17:25,17:20,True,62374.78571428572,1.1581763235373268,12.382142857142853
2020-03-30,127.75,128.5,127.4,127.5,17632,17:25,17:20,True,63705.28571428572,0.2767745219616224,12.21785714285714
2020-03-31,135.45,137.3,134.2,135.2,52180,17:25,17:20,True,61741.42857142857,0.8451375552419075,12.071428571428568
2020-04-01,132.0,133.15,130.3,130.3,36983,17:25,17:20,True,63791.71428571428,0.5797461381012312,12.274999999999997
2020-04-02,129.25,130.0,128.6,129.4,24664,17:25,17:20,True,61969.71428571428,0.39800086678285246,11.696428571428568
2020-04-03,128.7,128.95,127.0,128.1,23519,17:25,17:20,True,60230.642857142855,0.39048230077475987,10.578571428571426
2020-04-06,131.2,132.1,130.7,130.75,79251,17:25,17:20,True,58225.5,1.3611046706340006,9.617857142857142
2020-04-07,138.4,139.0,137.75,138.2,73093,17:25,17:20,True,61567.07142857143,1.187209303674622,9.567857142857141
2020-04-08,142.15,142.15,139.0,140.3,40632,17:25,17:20,True,65098.357142857145,0.6241632167588166,9.542857142857144
2020-04-14,145.0,145.0,142.4,143.0,41560,17:25,17:20,True,64310.07142857143,0.6462440342048179,9.192857142857145
2020-04-15,139.7,139.7,138.75,139.3,21259,17:25,17:20,True,62256.57142857143,0.34147399241847104,8.521428571428572
2020-04-16,136.0,136.55,135.5,135.8,24534,17:25,17:20,True,58510.857142857145,0.4193067953200383,8.196428571428571
2020-04-17,135.75,136.55,135.45,135.45,52090,17:25,17:20,True,52861.142857142855,0.9854119147740171,8.260714285714284
2020-04-20,139.65,140.5,139.35,139.75,27393,17:25,17:20,True,45150.57142857143,0.6067032848816974,8.207142857142854
2020-04-21,138.0,138.0,136.55,137.25,15518,17:25,17:20,True,41930.78571428572,0.3700860772259046,7.3249999999999975
2020-04-22,136.0,137.15,135.5,136.25,22282,17:25,17:20,True,37879.142857142855,0.5882392873575356,6.746428571428571
2020-04-23,150.0,150.6,148.6,149.8,190986,17:25,17:20,True,38211.28571428572,4.998156864651056,6.642857142857141
2020-04-24,148.5,150.65,147.55,150.65,50282,17:25,17:20,True,48126.0,1.0447990691102522,7.092857142857142
2020-04-27,157.6,159.0,156.65,157.85,55046,17:25,17:20,True,49075.92857142857,1.1216496886020642,7.010714285714284
2020-04-28,155.05,155.25,154.0,154.05,17365,17:25,17:20,True,51246.07142857143,0.3388552432590652,7.164285714285712
2020-04-29,153.3,154.0,151.5,152.95,28674,17:25,17:20,True,50806.5,0.564376605355614,7.149999999999997
2020-05-04,150.6,151.75,148.95,149.2,125917,17:25,17:20,True,47193.857142857145,2.6680802888995845,7.103571428571423
2020-05-05,148.25,148.9,147.65,148.0,106696,17:25,17:20,True,50967.0,2.093433005670336,7.496428571428567
2020-05-06,153.0,153.325,151.75,152.65,14632,17:25,17:20,True,55685.857142857145,0.2627597158550132,7.757142857142851
2020-05-07,152.05,152.6,151.65,152.35,22860,17:25,17:20,True,53762.42857142857,0.4252040059839984,7.607142857142851
2020-05-08,154.1,154.5,153.5,154.0,11759,17:25,17:20,True,53876.78571428572,0.21825726691193528,7.332142857142854
2020-05-11,156.75,157.4,156.05,156.35,26058,17:25,17:20,True,52964.28571428572,0.49199190829399864,7.149999999999996
2020-05-12,154.45,154.45,152.85,154.0,22179,17:25,17:20,True,51104.857142857145,0.43399005965326193,6.610714285714282
2020-05-13,153.6,153.6,152.45,152.775,14720,17:25,17:20,True,50732.42857142857,0.2901497210856961,6.610714285714282
2020-05-14,147.1,147.5,146.05,147.1,29051,17:25,17:20,True,50675.42857142857,0.5732758620689655,6.874999999999996
2020-05-15,145.0,146.85,145.0,146.4,28501,17:25,17:20,True,51158.92857142857,0.5571070543474467,7.074999999999997
2020-05-18,150.75,151.75,150.75,151.05,26204,17:25,17:20,True,39552.857142857145,0.6625058691804818,6.557142857142854
2020-05-19,158.85,159.2,158.1,159.05,29827,17:25,17:20,True,37833.0,0.7883858007559538,6.646428571428568
2020-05-22,155.6,155.9,154.6,155.15,41828,17:25,17:20,True,36031.642857142855,1.1608685223107467,6.446428571428568
2020-05-25,158.55,159.0,157.0,157.4,9304,17:25,17:20,True,37779.0,0.2462743852404775,6.489285714285709
2020-05-26,163.0,163.45,162.5,162.9,51590,17:25,17:20,True,36395.42857142857,1.4174857124913647,6.0642857142857105
2020-05-27,168.0,168.85,167.65,168.45,42272,17:25,17:20,True,31086.35714285714,1.3598248197992229,5.653571428571425
2020-05-28,170.0,170.5,169.65,169.95,35187,17:25,17:20,True,26484.64285714286,1.3285812532869452,5.510714285714284
2020-05-29,170.5,170.6,169.95,170.35,24619,17:25,17:20,True,27952.85714285714,0.8807328665610467,5.621428571428571
2020-06-01,175.8,175.8,174.0,174.5,37936,17:25,17:20,True,28078.5,1.3510693235037483,5.664285714285711
2020-06-02,176.05,176.3,175.35,175.6,47401,17:25,17:20,True,29948.285714285714,1.582761713048207,5.599999999999999
2020-06-03,179.4,180.2,178.9,180.1,84101,17:25,17:20,True,31472.785714285714,2.6721816353811345,5.5821428571428555
2020-06-04,182.6,182.6,181.3,181.6,65742,17:25,17:20,True,35895.78571428572,1.8314684771988752,5.817857142857142
2020-06-05,181.6,182.1,180.7,181.15,31910,17:25,17:20,True,39540.21428571428,0.8070264811773908,5.799999999999999
2020-06-08,183.1,183.7,182.95,183.4,36580,17:25,17:20,True,39744.42857142857,0.9203805744560782,5.560714285714285
2020-06-09,182.85,184.1,182.85,183.55,13945,17:25,17:20,True,40321.5,0.3458452686531999,5.3999999999999995
2020-06-10,181.7,183.45,181.425,183.45,3262,17:25,17:20,True,39445.857142857145,0.08269562981446539,5.160714285714286
2020-06-11,173.0,173.65,172.65,173.6,64740,17:25,17:20,True,37548.357142857145,1.7241766331796902,5.321428571428571
2020-06-12,168.1,170.5,168.1,170.25,41797,17:25,17:20,True,39184.92857142857,1.066660104376865,5.685714285714285
2020-06-15,165.0,166.4,164.95,166.4,44145,17:25,17:20,True,41505.857142857145,1.0635848296798043,5.817857142857142
2020-06-16,172.9,173.6,172.5,173.0,46011,17:25,17:20,True,40974.07142857143,1.1229296576057681,5.571428571428571
2020-06-17,172.3,173.0,172.05,172.4,18570,17:25,17:20,True,41241.142857142855,0.45027850135786734,5.610714285714285
2020-06-18,170.35,170.65,169.8,170.65,13693,17:25,17:20,True,40054.21428571428,0.3418616553635341,5.474999999999999
2020-06-22,172.65,172.85,170.7,170.7,48682,17:25,17:20,True,39273.78571428572,1.23955455565599,5.549999999999999
2020-06-23,172.9,173.4,172.6,172.7,13878,17:25,17:20,True,40041.357142857145,0.34659164899148914,5.539285714285713
2020-06-24,174.35,174.35,173.1,173.5,6991,17:25,17:20,True,37646.857142857145,0.1856994323183874,5.624999999999998
2020-06-25,167.2,167.35,166.35,166.95,52604,17:25,17:20,True,32139.0,1.6367653007249758,5.728571428571426
2020-06-26,174.05,175.25,173.8,173.8,78027,17:25,17:20,True,31200.571428571428,2.500819582058937,5.589285714285713
2020-06-29,173.85,174.45,173.4,173.75,20574,17:25,17:20,True,34494.642857142855,0.5964404410622768,5.878571428571427
2020-06-30,174.85,175.6,174.75,175.15,30413,17:25,17:20,True,33351.357142857145,0.9118969243059288,5.782142857142854
2020-07-01,173.15,173.15,172.45,172.95,19304,17:25,17:20,True,34527.642857142855,0.5590882667510712,5.58928571428571
2020-07-02,175.0,175.55,174.25,174.45,10525,17:25,17:20,True,35673.5,0.29503693217654564,5.4535714285714265
2020-07-03,176.35,177.85,175.85,176.9,5104,17:25,17:20,True,31801.0,0.16049809754410238,5.0249999999999995
2020-07-06,178.0,178.95,177.9,178.55,12406,17:25,17:20,True,29180.071428571428,0.4251531745002093,4.8357142857142845
2020-07-07,179.2,179.75,178.55,178.65,6571,17:25,17:20,True,26913.0,0.24415709879983652,4.8321428571428555
2020-07-08,180.75,181.55,180.55,181.2,10308,17:25,17:20,True,24095.85714285714,0.4277913808538516,4.6464285714285705
2020-07-09,181.2,181.7,181.05,181.15,9160,17:25,17:20,True,23505.714285714286,0.38969247599367934,4.628571428571427
2020-07-10,176.45,178.0,176.05,177.25,21039,17:25,17:20,True,23181.928571428572,0.9075603841662379,4.607142857142855
2020-07-13,183.2,184.8,183.2,184.1,26150,17:25,17:20,True,21207.428571428572,1.2330584970226066,4.732142857142855
2020-07-14,190.0,190.0,187.7,187.75,99859,17:25,17:20,True,22084.0,4.521780474551711,4.928571428571426
2020-07-15,190.95,191.9,190.6,191.9,32478,17:25,17:20,True,28717.428571428572,1.1309508412014604,4.649999999999998
2020-07-16,191.85,192.0,191.0,191.3,13148,17:25,17:20,True,27279.85714285714,0.481967333301913,4.707142857142854
2020-07-17,187.15,187.8,186.45,187.6,35786,17:25,17:20,True,22645.64285714286,1.5802598418491098,4.878571428571424
2020-07-20,185.4,186.0,185.1,185.4,15822,17:25,17:20,True,23732.214285714286,0.6666887383333684,5.039285714285711
2020-07-21,181.3,182.8,178.8,179.9,289664,17:25,17:20,True,22690.0,12.766152490083737,4.999999999999998
2020-07-22,173.1,174.75,173.1,173.45,56681,17:25,17:20,True,42001.42857142857,1.3495017176286521,5.510714285714284
2020-07-23,172.75,173.55,172.05,172.3,18686,17:25,17:20,True,45298.28571428572,0.41251009183570486,5.653571428571427
2020-07-24,168.3,168.7,167.6,168.35,34939,17:25,17:20,True,46268.42857142857,0.7551369492927914,5.739285714285714
2020-07-27,168.0,168.3,168.0,168.15,50168,17:25,17:20,True,47877.92857142857,1.047831464244634,5.578571428571428
2020-07-28,170.5,171.0,169.35,169.5,10877,17:25,17:20,True,50992.0,0.21330796987762787,5.514285714285713
2020-07-29,167.0,167.2,166.15,167.2,13702,17:25,17:20,True,51032.642857142855,0.26849481494337657,5.603571428571428
2020-07-30,166.5,166.5,165.8,165.9,15642,17:25,17:20,True,51357.07142857143,0.3045734416876797,5.514285714285713
2020-07-31,164.15,164.8,163.575,163.7,14771,17:25,17:20,True,50971.57142857143,0.2897889860174159,5.424999999999999
2020-08-03,161.7,162.8,160.0,160.55,23615,17:25,17:20,True,50158.78571428572,0.4708048582857582,5.175000000000002
2020-08-04,167.05,167.225,166.05,166.4,17045,17:25,17:20,True,44712.78571428572,0.3812108712912094,5.357142857142859
2020-08-05,164.15,164.55,163.95,164.05,18257,17:25,17:20,True,43610.42857142857,0.41863839907230577,5.26607142857143
2020-08-06,167.5,167.5,166.75,166.75,8603,17:25,17:20,True,43975.357142857145,0.19563229406079702,4.776785714285716
2020-08-07,166.15,166.5,165.35,166.4,22963,17:25,17:20,True,42033.71428571428,0.5462995690534129,4.580357142857145
2020-08-10,167.85,167.85,166.85,167.2,6931,17:25,17:20,True,42543.78571428572,0.16291450992506878,4.587500000000001
2020-08-11,169.25,171.25,169.2,170.3,105327,17:25,17:20,True,22348.571428571428,4.7129186908719,3.9589285714285722
2020-08-12,176.1,176.15,174.85,175.35,17677,17:25,17:20,True,25823.285714285714,0.6845372117081483,4.2267857142857155
2020-08-13,175.15,176.35,175.15,175.65,6674,17:25,17:20,True,25751.214285714286,0.25917224430470687,4.137500000000001
2020-08-14,177.15,177.25,176.4,176.7,9274,17:25,17:20,True,23732.285714285714,0.3907756762938974,4.155357142857143
2020-08-17,171.0,172.25,171.0,171.45,28062,17:25,17:20,True,20811.285714285714,1.3484029956273726,4.444642857142859
2020-08-18,173.2,173.2,172.0,172.4,30508,17:25,17:20,True,22038.785714285714,1.3842867930888076,4.412500000000002
2020-08-19,171.75,171.8,171.2,171.8,23828,17:25,17:20,True,23239.214285714286,1.0253358700964195,4.451785714285718
2020-08-20,170.6,170.65,169.5,169.75,22523,17:25,17:20,True,23823.928571428572,0.9453940366078523,4.241071428571432
2020-08-21,171.1,171.75,170.9,171.4,14201,17:25,17:20,True,24377.64285714286,0.5825419661457951,4.230357142857146
2020-08-24,169.7,170.85,169.7,170.35,19598,17:25,17:20,True,23705.214285714286,0.8267379389103663,4.076785714285718
2020-08-25,173.8,174.5,173.75,174.5,22250,17:25,17:20,True,23887.571428571428,0.9314467176595121,4.135714285714288
2020-08-26,172.35,172.65,171.6,172.0,16493,17:25,17:20,True,24172.785714285714,0.6822962067732604,4.000000000000004
2020-08-27,174.5,175.0,173.9,174.95,11267,17:25,17:20,True,24736.35714285714,0.4554833977748196,4.046428571428576
2020-08-28,173.5,175.2,173.3,173.55,9829,17:25,17:20,True,23900.928571428572,0.41123925250961557,4.0607142857142895
2020-08-31,173.0,173.35,172.75,173.35,5283,17:25,17:20,True,24107.928571428572,0.21913952434142886,4.210714285714289
2020-09-01,174.1,174.6,173.7,174.0,41697,17:25,17:20,True,16961.928571428572,2.458269991198777,3.9000000000000017
2020-09-02,175.0,176.125,175.0,176.125,5500,17:25,17:20,True,18677.64285714286,0.29446970595096505,3.914285714285715
2020-09-03,176.6,177.65,175.5,177.55,8239,17:25,17:20,True,18593.785714285714,0.44310503125084033,3.9357142857142855
2020-09-04,176.3,176.3,175.5,175.9,27671,17:25,17:20,True,18519.85714285714,1.4941259960351438,3.867857142857141
2020-09-07,180.9,181.9,180.35,181.225,21663,17:25,17:20,True,18491.928571428572,1.1714840837894525,4.117857142857141
2020-09-08,184.95,185.5,184.25,184.65,17774,17:25,17:20,True,17860.14285714286,0.9951768102958702,4.210714285714283
2020-09-09,186.2,187.6,186.0,187.25,13677,17:25,17:20,True,17427.714285714286,0.7847844975982425,4.357142857142853
2020-09-10,190.4,190.5,189.0,189.9,14379,17:25,17:20,True,16795.85714285714,0.8561039712173921,4.507142857142853
2020-09-11,189.95,190.35,188.2,188.65,25221,17:25,17:20,True,16808.571428571428,1.500484446710862,4.471428571428567
2020-09-14,189.9,190.5,189.7,190.4,9737,17:25,17:20,True,17210.214285714286,0.5657686672781529,4.360714285714282
2020-09-15,188.0,189.15,187.85,189.15,9501,17:25,17:20,True,16316.42857142857,0.58229654598783,4.391071428571424
2020-09-16,189.55,190.2,188.95,190.2,6024,17:25,17:20,True,15817.0,0.3808560409685781,4.426785714285709
2020-09-17,189.9,189.9,188.5,188.65,27604,17:25,17:20,True,15442.5,1.787534401813178,4.433928571428568
2020-09-18,189.5,189.5,188.5,189.35,11381,17:25,17:20,True,16712.14285714286,0.6810018378424584,4.38035714285714
2020-09-21,186.45,186.45,185.35,185.625,12427,17:25,17:20,True,17147.714285714286,0.7247030008164353,4.326785714285713
2020-09-22,182.4,183.75,182.4,183.55,19510,17:25,17:20,True,15057.0,1.2957428438599987,4.487499999999999
2020-09-23,183.25,184.65,183.25,184.3,92287,17:25,17:20,True,16057.714285714286,5.74720650510658,4.558928571428573
2020-09-24,178.35,178.75,177.95,178.5,32122,17:25,17:20,True,22061.14285714286,1.4560442406817415,4.612500000000002
2020-09-25,179.1,179.25,177.25,177.25,43034,17:25,17:20,True,22379.071428571428,1.9229573549266374,4.476785714285713
2020-09-28,179.25,180.7,178.05,180.05,80390,17:25,17:20,True,23905.571428571428,3.362814406683439,4.494642857142858
2020-09-29,185.05,185.65,184.85,185.05,25236,17:25,17:20,True,28378.14285714286,0.8892759518140219,4.848214285714286
2020-09-30,184.4,185.0,184.35,184.8,9680,17:25,17:20,True,29203.785714285714,0.33146387576953085,4.7089285714285705
2020-10-01,186.8,187.0,186.0,186.8,27806,17:25,17:20,True,28868.14285714286,0.9632070943254304,4.801785714285714
2020-10-02,185.05,185.05,184.2,184.55,19273,17:25,17:20,True,29052.785714285714,0.6633787268985762,4.801785714285714
2020-10-05,189.85,191.35,189.7,191.1,28596,17:25,17:20,True,29733.928571428572,0.9617296258482974,4.853571428571428
2020-10-06,193.3,194.3,193.15,193.5,24942,17:25,17:20,True,31097.85714285714,0.8020488320279303,5.099999999999999
2020-10-07,193.95,195.7,193.05,195.7,14510,17:25,17:20,True,32449.14285714286,0.44716127214454265,5.146428571428568
2020-10-08,197.25,197.4,196.9,197.3,38198,17:25,17:20,True,31513.85714285714,1.2121017058255552,5.196428571428568
2020-10-09,196.0,196.6,195.3,196.25,13373,17:25,17:20,True,33429.357142857145,0.4000376059537062,5.071428571428565
2020-10-12,194.1,194.25,193.55,193.7,18723,17:25,17:20,True,33496.92857142857,0.5589467691067624,4.892857142857137
2020-10-13,196.0,196.65,195.0,196.2,30547,17:25,17:20,True,33440.71428571428,0.9134673302432877,4.76071428571428
2020-10-14,191.85,192.4,191.0,191.25,16668,17:25,17:20,True,29030.714285714286,0.5741505302266072,4.692857142857138
2020-10-15,188.0,188.65,186.8,186.95,35487,17:25,17:20,True,27926.85714285714,1.2707122687837618,4.56785714285714
2020-10-16,190.2,191.7,189.05,190.65,44329,17:25,17:20,True,27387.785714285714,1.6185682355794684,4.524999999999996
2020-10-19,193.35,193.7,193.0,193.0,15610,17:25,17:20,True,24812.0,0.6291310656134128,4.59285714285714
2020-10-20,191.1,191.75,190.85,190.85,13000,17:25,17:20,True,24124.428571428572,0.5388728674550396,4.56785714285714
2020-10-21,192.25,192.25,191.1,191.15,12897,17:25,17:20,True,24361.571428571428,0.5293993467463394,4.414285714285711
2020-10-22,187.1,187.7,187.1,187.3,11944,17:25,17:20,True,23296.64285714286,0.5126918961346362,4.44285714285714
2020-10-23,188.25,189.4,187.7,188.9,7790,17:25,17:20,True,22773.14285714286,0.34206960580131984,4.34285714285714
2020-10-26,187.7,188.575,187.6,188.35,8581,17:25,17:20,True,21287.0,0.40310987926903746,4.103571428571426
2020-10-27,187.2,188.0,187.05,187.15,21993,17:25,17:20,True,20118.35714285714,1.0931807127108506,4.164285714285713
2020-10-28,192.55,192.75,191.55,192.25,59506,17:25,17:20,True,20652.85714285714,2.881247838417376,4.810714285714285
2020-10-29,186.1,188.7,186.0,188.1,45497,17:25,17:20,True,22174.85714285714,2.0517381332783593,5.267857142857143
2020-11-02,186.3,186.6,185.2,185.25,69647,17:25,17:20,True,24469.428571428572,2.846286328129561,5.496428571428571
2020-11-03,189.6,189.9,189.0,189.7,14915,17:25,17:20,True,28106.85714285714,0.5306534246853843,5.7571428571428545
2020-11-04,191.0,191.05,188.25,188.6,41832,17:25,17:20,True,26990.285714285714,1.5498909660618636,5.908928571428569
2020-11-05,197.0,197.0,195.8,195.8,39206,17:25,17:20,True,28787.714285714286,1.3619004138670265,6.5160714285714265
2020-11-06,195.75,195.95,194.0,195.55,11696,17:25,17:20,True,29053.35714285714,0.4025696563219889,6.505357142857142
2020-11-09,198.0,198.0,197.15,197.4,15676,17:25,17:20,True,26722.428571428572,0.5866233287179843,6.026785714285713
2020-11-10,200.3,201.0,200.0,200.7,15289,17:25,17:20,True,26727.14285714286,0.5720401945587684,6.598214285714286
2020-11-11,207.2,208.1,206.7,207.95,54667,17:25,17:20,True,26890.64285714286,2.0329376389556644,7.066071428571427
2020-11-12,205.9,207.0,205.8,206.1,14440,17:25,17:20,True,29874.214285714286,0.48335999273142866,7.051785714285714
2020-11-13,205.4,206.45,204.9,205.2,32163,17:25,17:20,True,30052.5,1.0702271025705017,7.2875000000000005
2020-11-16,209.7,209.7,207.4,207.9,34753,17:25,17:20,True,31793.428571428572,1.0930875203321442,7.301785714285714
2020-11-17,207.0,207.5,206.0,207.3,115398,17:25,17:20,True,33662.857142857145,3.4280512646409775,7.387499999999998
2020-11-18,206.8,207.1,206.3,206.3,11462,17:25,17:20,True,40334.642857142855,0.2841725917989676,6.9375
2020-11-19,202.0,202.2,201.3,202.2,33427,17:25,17:20,True,36902.92857142857,0.9058088692147932,6.633928571428574
2020-11-20,200.2,202.3,200.1,202.2,47607,17:25,17:20,True,36040.78571428572,1.3209201480069206,6.383928571428576
2020-11-23,204.5,206.4,204.0,205.9,20468,17:25,17:20,True,34466.5,0.5938520012185745,6.323214285714291
2020-11-24,206.4,207.7,206.4,207.1,7247,17:25,17:20,True,34863.142857142855,0.20786995681071294,6.085714285714291
2020-11-25,214.8,216.0,214.6,216.0,95192,17:25,17:20,True,32392.785714285714,2.938679026855627,5.88928571428572
2020-11-26,214.7,215.6,214.3,215.4,7733,17:25,17:20,True,36391.78571428572,0.2124930076449748,5.928571428571435
2020-11-27,213.2,213.5,213.0,213.3,22191,17:25,17:20,True,36108.71428571428,0.614560790628301,5.989285714285722
2020-11-30,214.0,214.5,213.1,213.4,8091,17:25,17:20,True,36574.07142857143,0.2212222944826253,5.3964285714285785
2020-12-01,211.7,211.9,210.6,210.8,24775,17:25,17:20,True,36059.92857142857,0.6870507231018206,4.9714285714285795
2020-12-02,213.6,213.6,212.6,212.9,10569,17:25,17:20,True,33924.78571428572,0.3115421299639749,4.985714285714293
2020-12-03,212.5,212.75,211.3,211.4,11782,17:25,17:20,True,33648.28571428572,0.35015156789987173,4.685714285714291
2020-12-04,210.2,210.6,209.7,209.7,11117,17:25,17:20,True,32192.5,0.34532888095053194,4.617857142857149
2020-12-07,210.5,213.0,210.2,211.4,42228,17:25,17:20,True,30504.214285714286,1.3843333122589618,4.539285714285721
2020-12-08,208.1,209.0,208.0,208.55,11703,17:25,17:20,True,25277.785714285714,0.46297567881454355,4.3821428571428624
2020-12-09,213.4,213.4,212.7,213.2,10230,17:25,17:20,True,25295.0,0.4044277525202609,4.4392857142857185
2020-12-10,216.0,216.2,215.5,215.7,6983,17:25,17:20,True,23638.071428571428,0.2954132709642133,4.5607142857142895
2020-12-11,212.5,213.4,212.5,212.6,2891,17:25,17:20,True,20736.35714285714,0.13941696606030127,4.460714285714289
2020-12-14,215.3,217.1,215.3,217.0,12251,17:25,17:20,True,19480.85714285714,0.6288737661880528,4.33214285714286
2020-12-15,217.7,217.9,216.1,217.8,19176,17:25,17:20,True,19838.285714285714,0.9666157790131636,3.982142857142859
2020-12-16,220.0,220.7,219.4,220.7,16936,17:25,17:20,True,14408.57142857143,1.1754114614316875,3.882142857142859
2020-12-17,217.4,218.3,217.4,218.1,19097,17:25,17:20,True,15065.92857142857,1.2675620961203853,4.0249999999999995
2020-12-18,215.0,215.0,214.2,214.8,36561,17:25,17:20,True,14844.92857142857,2.462861294622021,4.0392857142857155
2020-12-21,210.5,210.9,209.1,209.95,43956,17:25,17:20,True,16878.5,2.6042598572148,3.982142857142859
2020-12-22,211.7,212.0,211.3,211.8,10960,17:25,17:20,True,18248.571428571428,0.6005949585094724,4.317857142857146
2020-12-23,212.5,212.5,211.5,211.5,4366,17:25,17:20,True,18276.5,0.2388860011490165,4.367857142857147
2020-12-28,214.8,215.8,214.0,215.8,20190,17:25,17:20,True,17746.785714285714,1.137670805578475,4.3714285714285745
2020-12-29,216.7,216.9,216.2,216.2,5320,17:25,17:20,True,18394.85714285714,0.2892112702308099,4.28571428571429
2020-12-30,215.8,215.8,215.3,215.4,4149,17:25,17:20,True,15758.57142857143,0.2632852869186837,4.085714285714289
2021-01-04,214.2,216.0,214.2,215.7,17683,17:25,17:20,True,15219.0,1.1619028845522046,3.8500000000000023
2021-01-07,221.7,222.6,221.0,222.6,98631,17:25,17:20,True,15751.357142857143,6.261746153392678,3.8428571428571456
2021-01-08,228.6,228.8,227.9,228.4,9271,17:25,17:20,True,22297.64285714286,0.4157838592804492,4.364285714285716
2021-01-11,229.2,229.3,228.3,228.7,13292,17:25,17:20,True,22753.35714285714,0.5841775311021608,4.450000000000003
2021-01-12,230.8,233.9,230.7,233.4,56585,17:25,17:20,True,22827.714285714286,2.478785185926881,4.300000000000002
2021-01-13,235.0,235.8,234.1,234.8,24661,17:25,17:20,True,25499.785714285714,0.9671061661582591,4.557142857142858
2021-01-14,236.4,237.2,236.0,236.7,18427,17:25,17:20,True,26051.571428571428,0.7073277729339058,4.478571428571432
2021-01-15,238.0,238.0,236.4,236.7,12524,17:25,17:20,True,26003.714285714286,0.4816235043345456,4.5428571428571445
2021-01-18,233.3,234.6,233.3,234.5,14174,17:25,17:20,True,24286.785714285714,0.5836095466376483,4.735714285714287
2021-01-19,238.0,238.9,237.6,237.6,12132,17:25,17:20,True,22159.5,0.5474852771948826,4.424999999999999
2021-01-20,234.5,236.6,234.5,235.5,17207,17:25,17:20,True,22243.214285714286,0.7735842391740659,4.667857142857143
2021-01-21,237.7,239.4,237.3,237.8,59205,17:25,17:20,True,23160.428571428572,2.5562998464129087,4.717857142857143
2021-01-22,236.4,237.2,235.7,236.6,25705,17:25,17:20,True,25947.214285714286,0.9906651140639925,4.925000000000002
2021-01-25,236.0,237.6,235.9,237.6,15034,17:25,17:20,True,27403.285714285714,0.5486203427117707,5.08214285714286
2021-01-26,231.9,232.7,231.2,231.5,24249,17:25,17:20,True,28180.785714285714,0.8604799115912312,5.442857142857146
2021-01-27,237.0,237.3,235.35,235.4,13499,17:25,17:20,True,28649.785714285714,0.47117280857248994,5.614285714285718
2021-01-28,232.8,234.7,230.3,230.3,28193,17:25,17:20,True,22568.928571428572,1.2491953222667067,5.292857142857149
2021-01-29,227.9,231.0,227.9,229.0,27771,17:25,17:20,True,23920.5,1.1609707154950775,5.51428571428572
2021-02-01,230.2,231.7,229.0,231.6,40667,17:25,17:20,True,24954.714285714286,1.6296319618966928,5.682142857142864
2021-02-02,236.3,236.6,235.1,236.6,36352,17:25,17:20,True,23817.714285714286,1.526258966915381,5.660714285714292
2021-02-03,232.8,234.1,232.0,232.7,116882,17:25,17:20,True,24652.785714285714,4.741127487765799,6.625000000000004
2021-02-04,228.7,229.0,226.8,227.7,34145,17:25,17:20,True,31685.285714285714,1.077629544132698,6.775000000000004
2021-02-05,226.0,226.9,225.7,225.8,60014,17:25,17:20,True,33229.642857142855,1.806038068419978,6.725000000000004
2021-02-08,225.5,225.9,224.5,225.4,62700,17:25,17:20,True,36503.92857142857,1.7176233477805716,6.714285714285718
2021-02-09,225.8,225.8,225.2,225.2,4695,17:25,17:20,True,40115.92857142857,0.11703580515755231,6.471428571428575
2021-02-10,224.4,225.4,223.8,224.0,23834,17:25,17:20,True,39222.21428571428,0.6076658453391027,6.3714285714285745
2021-02-11,222.8,224.0,222.8,223.7,11815,17:25,17:20,True,36695.71428571428,0.32197220383851755,6.264285714285715
2021-02-12,222.7,222.9,222.3,222.3,8923,17:25,17:20,True,35703.57142857143,0.24991897569270782,6.1035714285714295
2021-02-15,223.8,224.4,223.4,224.1,9403,17:25,17:20,True,35267.07142857143,0.26662264880837855,5.750000000000002
2021-02-16,223.3,223.8,223.0,223.8,6975,17:25,17:20,True,34206.642857142855,0.20390776227675078,5.392857142857145
2021-02-17,226.0,226.9,226.0,226.8,13580,17:25,17:20,True,33740.642857142855,0.40248195796083147,5.314285714285717
2021-02-18,223.2,224.0,223.1,223.95,13014,17:25,17:20,True,32696.85714285714,0.39801990580134394,5.164285714285717
2021-02-19,222.6,223.2,222.3,222.3,17741,17:25,17:20,True,31642.785714285714,0.5606649224941818,5.132142857142859
2021-02-22,227.4,227.4,226.0,226.2,34173,17:25,17:20,True,30005.214285714286,1.1389020479773753,5.110714285714287
2021-02-23,229.2,229.4,228.4,228.8,27060,17:25,17:20,True,29849.571428571428,0.9065456790477968,4.096428571428575
2021-02-24,226.2,227.0,226.1,227.0,5515,17:25,17:20,True,23433.714285714286,0.23534468043600185,4.146428571428577
2021-02-25,234.6,234.7,234.0,234.2,16985,17:25,17:20,True,21388.714285714286,0.7941103786375993,4.446428571428576
2021-02-26,229.9,230.3,228.3,229.5,37860,17:25,17:20,True,18315.214285714286,2.0671338816674663,4.446428571428576
2021-03-01,232.5,233.0,231.4,232.8,17077,17:25,17:20,True,16540.928571428572,1.0324087868620262,4.596428571428575
2021-03-02,233.3,233.5,232.5,233.4,8352,17:25,17:20,True,17425.35714285714,0.479301510524482,4.6892857142857185
2021-03-03,237.9,238.2,237.1,238.0,21880,17:25,17:20,True,16319.5,1.3407273507154018,4.725000000000004
2021-03-04,241.6,241.6,239.6,240.1,17675,17:25,17:20,True,17038.428571428572,1.0373609236264243,4.9357142857142895
2021-03-05,235.0,235.3,234.2,235.3,12651,17:25,17:20,True,17663.571428571428,0.7162198228800195,5.264285714285718
2021-03-08,239.9,240.0,238.6,239.7,17084,17:25,17:20,True,17895.571428571428,0.9546495940735538,5.592857142857146
2021-03-09,246.7,246.7,244.9,245.0,17963,17:25,17:20,True,18617.64285714286,0.9648375005275334,5.764285714285718
2021-03-10,245.0,245.3,243.2,243.3,28171,17:25,17:20,True,18930.714285714286,1.4881107799117081,5.714285714285716
2021-03-11,248.9,249.3,247.95,249.3,15267,17:25,17:20,True,20013.35714285714,0.7628405315021753,5.850000000000004
2021-03-12,247.0,248.2,247.0,247.9,9828,17:25,17:20,True,19836.64285714286,0.49544673817934337,5.621428571428576
2021-03-15,252.0,254.0,251.4,253.7,16607,17:25,17:20,True,18097.714285714286,0.9176296927788828,5.714285714285718
2021-03-16,251.4,253.5,251.4,253.1,24509,17:25,17:20,True,17351.071428571428,1.412535248955396,5.464285714285716
2021-03-17,254.7,254.9,253.6,254.3,50030,17:25,17:20,True,18707.785714285714,2.6742876342546458,5.128571428571429
2021-03-18,254.3,255.5,254.0,254.8,23140,17:25,17:20,True,21068.14285714286,1.0983407582199258,5.132142857142859
2021-03-19,255.0,255.4,254.4,255.4,27938,17:25,17:20,True,20016.714285714286,1.3957335655202439,5.182142857142858
2021-03-22,256.1,256.5,253.7,253.9,51647,17:25,17:20,True,20792.5,2.4839244920043284,5.2892857142857155
2021-03-23,247.0,248.6,246.0,246.4,90702,17:25,17:20,True,23885.0,3.7974460958760727,5.153571428571429
2021-03-24,243.0,243.1,241.3,243.1,35383,17:25,17:20,True,28800.85714285714,1.228539825203615,5.532142857142858
2021-03-25,244.9,245.1,243.8,244.0,19290,17:25,17:20,True,30065.714285714286,0.6415946022997244,5.482142857142857
2021-03-26,241.0,241.2,239.4,241.0,53932,17:25,17:20,True,30539.928571428572,1.7659504302330205,5.42142857142857
2021-03-29,243.0,243.1,242.4,243.0,14934,17:25,17:20,True,33171.92857142857,0.4501999323868934,5.278571428571425
2021-03-30,243.0,244.0,242.7,243.7,36567,17:25,17:20,True,32955.57142857143,1.1095847656368532,5.139285714285712
2021-03-31,247.4,247.5,246.4,246.7,6450,17:25,17:20,True,33555.28571428572,0.19222008880866118,5.21785714285714
2021-04-06,253.4,254.3,252.9,254.1,55085,17:25,17:20,True,32925.5,1.6730193922643544,5.2535714285714255
2021-04-07,255.6,256.5,255.6,255.9,14962,17:25,17:20,True,36158.142857142855,0.4137933759240163,5.489285714285712
2021-04-08,254.7,255.7,254.0,254.8,24513,17:25,17:20,True,36040.642857142855,0.680148800263195,5.532142857142857
2021-04-09,253.4,254.4,253.4,253.9,13003,17:25,17:20,True,36040.92857142857,0.3607842670931659,5.560714285714285
2021-04-12,255.3,255.5,254.2,254.4,20234,17:25,17:20,True,33396.142857142855,0.6058783520765871,5.464285714285714
2021-04-13,250.0,251.2,249.9,251.2,11758,17:25,17:20,True,33188.57142857143,0.3542785812672176,5.557142857142858
2021-04-14,248.2,249.0,248.2,248.5,4914,17:25,17:20,True,32032.85714285714,0.15340498595192437,5.592857142857143
2021-04-15,245.3,251.0,245.3,250.5,66486,17:25,17:20,True,28694.785714285714,2.317006325190988,5.685714285714288
2021-04-16,251.8,253.1,251.8,252.4,28566,17:25,17:20,True,26965.071428571428,1.0593704554304377,5.371428571428573
2021-04-19,256.3,257.1,256.3,256.4,11571,17:25,17:20,True,26478.14285714286,0.43700194769810136,5.371428571428571
2021-04-20,250.2,250.75,249.4,249.9,19688,17:25,17:20,True,25926.785714285714,0.7593691025552725,5.467857142857146
2021-04-21,244.0,245.5,243.9,243.9,29623,17:25,17:20,True,23480.785714285714,1.2615846999522407,5.7464285714285745
2021-04-22,238.0,238.0,232.6,232.6,323091,17:25,17:20,True,24530.0,13.171259682022013,5.964285714285716
2021-04-23,227.6,229.0,225.1,225.9,65441,17:25,17:20,True,44996.0,1.454373722108632,6.528571428571429
2021-04-26,229.1,229.8,228.8,229.3,43936,17:25,17:20,True,49209.642857142855,0.8928331410074971,6.735714285714287
2021-04-27,225.8,226.4,225.0,225.0,22548,17:25,17:20,True,48413.28571428572,0.4657399238107603,6.471428571428571
2021-04-28,225.3,225.8,224.6,225.3,21185,17:25,17:20,True,48955.142857142855,0.43274309426121876,6.635714285714284
2021-04-29,225.6,226.0,224.8,225.0,14218,17:25,17:20,True,48717.42857142857,0.29184627384743506,6.621428571428571
2021-05-03,219.8,219.9,219.4,219.4,26465,17:25,17:20,True,48804.21428571428,0.5422687443560934,6.928571428571426
2021-05-04,219.9,220.8,219.6,220.7,39817,17:25,17:20,True,49249.28571428572,0.8084787306559921,6.699999999999997
2021-05-05,219.1,220.0,218.0,218.1,26708,17:25,17:20,True,51253.5,0.5210961202649576,6.664285714285711
2021-05-06,226.0,226.7,223.5,225.1,35067,17:25,17:20,True,52810.21428571428,0.6640192711637224,7.071428571428569
2021-05-07,229.5,230.2,229.1,229.8,37973,17:25,17:20,True,50566.0,0.7509591425068227,6.928571428571426
2021-05-10,228.6,228.9,228.0,228.4,31050,17:25,17:20,True,51237.92857142857,0.6059963949696863,6.785714285714286
2021-05-11,232.0,232.8,230.9,231.6,44829,17:25,17:20,True,52629.28571428572,0.8517881136249508,6.699999999999997
2021-05-14,226.3,227.4,225.2,226.7,81690,17:20,17:20,True,54425.07142857143,1.5009626603285513,6.742857142857139
2021-05-17,230.4,230.8,229.5,229.7,20757,17:25,17:20,True,58144.142857142855,0.3569921058256697,6.821428571428569
2021-05-18,226.3,228.1,226.0,226.3,68869,17:25,17:20,True,36548.857142857145,1.8842996849618123,6.2749999999999995
2021-05-19,218.6,219.8,215.2,218.4,142993,17:25,17:20,True,36793.71428571428,3.8863431642050665,6.003571428571427
2021-05-20,217.1,217.3,216.6,216.8,28787,17:25,17:20,True,43869.21428571428,0.6562004920469774,6.54642857142857
2021-05-21,217.0,217.0,216.1,216.1,17040,17:25,17:20,True,44314.857142857145,0.38452115382135627,6.403571428571427
2021-05-24,218.1,219.1,218.1,218.3,14828,17:25,17:20,True,44018.78571428572,0.33685617991020067,6.317857142857142
2021-05-25,219.4,220.6,219.3,220.5,44607,17:25,17:20,True,44062.357142857145,1.0123607290317456,6.0
2021-05-26,221.1,221.9,221.0,221.7,16458,17:25,17:20,True,45358.21428571428,0.36284497216601186,6.092857142857146
2021-05-27,217.3,220.0,217.2,219.6,30175,17:25,17:20,True,43689.71428571428,0.6906659952653126,6.085714285714287
2021-05-28,227.3,227.3,225.7,225.9,34656,17:25,17:20,True,43937.357142857145,0.7887593213064704,6.021428571428572
2021-05-31,225.5,225.5,224.2,224.4,9803,17:25,17:20,True,43908.0,0.22326227566730436,5.967857142857143
2021-06-01,225.3,226.0,225.0,225.7,6408,17:25,17:20,True,41895.857142857145,0.1529506838384975,5.8535714285714295
2021-06-02,226.5,227.8,226.0,227.6,25135,17:25,17:20,True,40135.71428571428,0.6262502224595125,5.889285714285715
2021-06-03,226.7,226.7,225.4,225.7,7044,17:25,17:20,True,38729.0,0.18187921196002996,5.417857142857146
2021-06-04,230.0,230.4,229.1,229.5,44948,17:25,17:20,True,33397.142857142855,1.3458636324749766,5.403571428571431
2021-06-07,229.0,229.3,228.5,228.8,5321,17:25,17:20,True,35125.07142857143,0.15148723642656547,5.178571428571431
2021-06-08,227.1,227.1,224.8,225.0,25885,17:25,17:20,True,30585.928571428572,0.8463042061825816,5.235714285714288
2021-06-09,225.9,225.9,225.3,225.7,9331,17:25,17:20,True,22221.071428571428,0.41991674568861603,4.592857142857146
2021-06-10,224.1,224.1,222.5,222.5,14040,17:25,17:20,True,20831.35714285714,0.6739839321901392,4.542857142857146
2021-06-11,220.6,220.7,219.6,219.6,17908,17:25,17:20,True,20617.071428571428,0.8686005702625079,4.65714285714286
2021-06-14,221.0,222.2,221.0,222.1,22494,17:25,17:20,True,20837.071428571428,1.079518303572959,4.803571428571432
2021-06-15,220.4,220.7,219.8,220.15,9119,17:25,17:20,True,19257.571428571428,0.4735280372098544,4.725000000000002
2021-06-16,221.0,221.6,220.9,221.3,17854,17:25,17:20,True,18733.35714285714,0.9530592869099048,4.482142857142861
2021-06-17,220.0,220.2,219.1,219.3,19977,17:25,17:20,True,17853.285714285714,1.1189536939979037,4.010714285714288
2021-06-18,218.0,218.5,216.2,218.5,53165,17:25,17:20,True,16804.785714285714,3.1636821143636804,3.964285714285716
2021-06-21,211.9,212.5,211.1,211.7,12286,17:25,17:20,True,19902.071428571428,0.6173226763904691,4.378571428571432
2021-06-22,216.4,217.3,216.0,216.9,10827,17:25,17:20,True,20321.928571428572,0.5327742375407283,4.45714285714286
2021-06-23,216.8,217.7,216.4,217.3,10495,17:25,17:20,True,19299.928571428572,0.5437843959452108,4.335714285714287
2021-06-24,216.3,217.0,215.7,216.3,10864,17:25,17:20,True,19546.428571428572,0.5558048602229124,4.050000000000002
2021-06-28,217.0,217.1,215.3,215.3,36717,17:25,17:20,True,17111.85714285714,2.145705150146515,3.892857142857143
2021-06-29,217.1,218.5,216.7,218.4,8878,17:25,17:20,True,19354.428571428572,0.4587063868734361,3.8785714285714294
2021-06-30,221.3,221.4,220.7,221.0,17216,17:25,17:20,True,18139.64285714286,0.9490815301923569,4.121428571428573
2021-07-01,219.7,220.5,219.7,220.0,19475,17:25,17:20,True,18702.85714285714,1.041284754048274,4.264285714285715
2021-07-02,224.0,226.4,223.0,223.6,83801,17:25,17:20,True,19091.071428571428,4.389538864465439,4.257142857142859
2021-07-05,223.6,223.8,223.0,223.8,21568,17:25,17:20,True,23797.714285714286,0.9063055275416606,4.314285714285715
2021-07-06,224.3,224.3,222.5,222.6,19533,17:25,17:20,True,23731.571428571428,0.8230807664292895,4.300000000000002
2021-07-07,220.3,221.3,220.0,220.85,6854,17:25,17:20,True,24475.428571428572,0.2800359544265969,4.557142857142858
2021-07-08,222.0,222.0,220.5,220.5,22098,17:25,17:20,True,23689.714285714286,0.9328098994138505,4.6000000000000005
2021-07-09,219.8,219.9,218.1,218.1,17736,17:25,17:20,True,23841.214285714286,0.7439218400309189,4.835714285714287
2021-07-12,220.9,221.0,220.2,220.9,8430,17:25,17:20,True,21310.571428571428,0.3955783179374422,4.507142857142857
2021-07-13,222.6,223.3,222.1,223.3,17121,17:25,17:20,True,21035.14285714286,0.8139236379935617,4.221428571428573
2021-07-14,223.5,224.4,222.8,223.5,16349,17:25,17:20,True,21484.714285714286,0.7609596191312096,4.3500000000000005
2021-07-15,225.9,225.9,224.7,225.1,19014,17:25,17:20,True,21902.85714285714,0.8681059222541091,4.385714285714286
2021-07-16,223.6,224.8,223.6,224.1,13045,17:20,17:20,True,22485.0,0.5801645541472092,4.4785714285714295
2021-07-19,214.5,215.4,214.1,215.4,20219,17:25,17:20,True,20794.14285714286,0.9723411125385581,5.085714285714287
2021-07-20,220.0,222.0,217.4,218.7,109376,17:25,17:20,True,21604.214285714286,5.062715938358587,4.885714285714288
2021-07-21,221.0,221.9,219.5,219.9,48906,17:25,17:20,True,28187.071428571428,1.735050770490017,5.335714285714287
2021-07-22,226.9,229.2,226.9,228.1,50448,17:25,17:20,True,30289.285714285714,1.6655394411036435,5.6000000000000005
2021-07-23,228.8,229.9,226.9,227.0,11830,17:25,17:20,True,27906.928571428572,0.42390906508112425,5.814285714285715
2021-07-26,230.0,230.2,229.1,229.8,31566,17:25,17:20,True,27211.35714285714,1.1600303444727649,5.842857142857143
2021-07-27,232.2,232.7,230.2,231.2,39932,17:25,17:20,True,28070.85714285714,1.4225429525282958,5.778571428571429
2021-07-28,231.4,232.4,230.8,230.8,16122,17:25,17:20,True,30433.571428571428,0.5297439387894008,5.721428571428573
2021-07-29,229.5,230.3,229.5,229.5,14925,17:25,17:20,True,30006.714285714286,0.49738867967645334,5.692857142857144
2021-07-30,228.9,229.8,228.6,229.8,10882,17:25,17:20,True,29805.928571428572,0.36509515125226766,5.80714285714286
2021-08-02,230.9,230.9,229.9,230.3,24486,17:25,17:20,True,29981.071428571428,0.8167153084684384,5.864285714285718
2021-08-03,226.0,227.4,225.6,226.0,19061,17:25,17:20,True,30507.14285714286,0.6248044954343245,6.000000000000004
2021-08-04,226.6,228.2,226.6,227.5,24358,17:25,17:20,True,30700.85714285714,0.7933980437958922,6.0071428571428624
2021-08-05,225.3,225.7,224.8,224.8,38539,17:25,17:20,True,31082.571428571428,1.2398909816249806,6.028571428571435
2021-08-06,224.2,224.3,223.7,224.1,9563,17:25,17:20,True,32903.57142857143,0.29063714316726363,5.385714285714292
2021-08-09,224.5,224.8,223.7,224.1,31208,17:25,17:20,True,32142.428571428572,0.9709285012689057,5.21785714285715
2021-08-10,224.0,224.8,223.9,224.6,13653,17:25,17:20,True,26559.0,0.5140630294815317,4.589285714285722
2021-08-11,226.5,227.7,226.5,227.7,13705,17:25,17:20,True,24040.928571428572,0.5700694945821561,4.246428571428579
2021-08-12,229.0,229.8,228.5,228.65,11891,17:25,17:20,True,21416.428571428572,0.5552279625120902,3.8607142857142924
2021-08-13,232.1,232.3,231.9,232.0,5303,17:25,17:20,True,21420.785714285714,0.24756328132554828,3.882142857142863
2021-08-16,229.3,229.3,227.0,227.0,12586,17:25,17:20,True,19544.85714285714,0.6439545660531818,3.8607142857142924
2021-08-17,224.0,224.3,223.1,223.5,44340,17:25,17:20,True,17591.571428571428,2.5205252515409167,4.096428571428577
2021-08-18,223.8,223.8,222.5,223.6,7245,17:25,17:20,True,19607.14285714286,0.36950819672131147,3.8464285714285773
2021-08-19,214.8,214.8,212.2,212.2,102662,17:25,17:20,True,19058.571428571428,5.386657671838693,3.9464285714285774
2021-08-20,211.9,212.1,211.3,212.0,18773,17:25,17:20,True,25614.285714285714,0.7329113218070273,4.175000000000005
2021-08-23,213.8,214.4,213.1,213.2,37519,17:25,17:20,True,25206.214285714286,1.4884821486764885,4.017857142857149
2021-08-24,213.5,213.5,212.6,212.8,7941,17:25,17:20,True,26524.64285714286,0.2993819763292895,4.025000000000006
2021-08-25,213.4,213.6,212.5,213.4,24029,17:25,17:20,True,25352.0,0.9478147680656358,3.9464285714285774
2021-08-26,215.0,216.8,214.5,216.7,57987,17:25,17:20,True,24315.571428571428,2.3847681379950534,3.960714285714291
2021-08-27,218.0,218.5,217.1,217.3,11742,17:25,17:20,True,27774.428571428572,0.42276297313561806,4.0642857142857185
2021-08-30,220.2,220.6,219.7,220.0,25263,17:25,17:20,True,26384.0,0.9575121285627654,4.042857142857146
2021-08-31,223.2,223.9,222.3,223.9,45041,17:25,17:20,True,27213.285714285714,1.655110686481918,4.01428571428572
2021-09-01,221.7,223.1,221.7,222.95,35933,17:25,17:20,True,29451.571428571428,1.2200707214264581,4.2714285714285785
2021-09-02,215.5,216.2,214.9,215.5,15161,17:25,17:20,True,31168.85714285714,0.48641501132082393,4.69285714285715
2021-09-03,218.3,221.0,217.8,219.7,195574,17:25,17:20,True,31873.0,6.136039908386408,4.603571428571434
2021-09-06,220.0,220.8,219.5,219.7,14461,17:25,17:20,True,44943.57142857143,0.3217590311660654,4.6464285714285785
2021-09-07,219.0,219.1,218.7,219.0,4814,17:25,17:20,True,42809.357142857145,0.11245205070320073,4.7250000000000085
2021-09-08,217.0,217.0,215.8,216.0,34615,17:25,17:20,True,42635.71428571428,0.8118780365220305,4.425000000000007
2021-09-09,212.5,212.5,210.5,210.5,56130,17:25,17:20,True,37775.21428571428,1.4858949462326962,4.310714285714293
2021-09-10,212.4,213.3,212.0,212.9,14903,17:25,17:20,True,40443.57142857143,0.36848872326521964,4.31785714285715
2021-09-13,210.5,211.1,210.5,210.7,19669,17:25,17:20,True,38828.142857142855,0.5065655617979595,4.31785714285715
2021-09-14,209.6,210.5,209.6,210.2,7969,17:25,17:20,True,39665.857142857145,0.20090325973039064,4.282142857142863
2021-09-15,210.2,210.8,209.7,210.5,9619,17:25,17:20,True,38518.71428571428,0.24972276926614523,4.289285714285719
2021-09-16,203.8,203.9,201.7,202.7,167038,17:25,17:20,True,35063.857142857145,4.7638227397360735,4.23928571428572
2021-09-17,208.5,209.2,208.1,208.9,20112,17:25,17:20,True,46156.42857142857,0.43573561955462015,4.675000000000007
2021-09-20,201.7,202.3,200.4,200.4,119199,17:25,17:20,True,45788.5,2.6032519082302326,4.867857142857149
2021-09-21,196.65,198.6,196.65,197.8,26733,17:25,17:20,True,51085.5,0.5232991749126464,4.967857142857148
2021-09-22,197.75,199.5,197.7,199.5,40045,17:25,17:20,True,50428.357142857145,0.7940968587685217,4.500000000000004
2021-09-23,210.2,211.2,208.2,209.2,121836,17:25,17:20,True,52205.78571428572,2.3337643200466287,4.814285714285721
2021-09-24,210.0,210.25,208.7,208.9,36736,17:25,17:20,True,46938.78571428572,0.782636351600793,4.971428571428577
2021-09-27,213.0,213.7,213.0,213.4,19611,17:25,17:20,True,48529.857142857145,0.40410174590605485,5.05714285714286
2021-09-28,213.0,213.7,212.7,212.7,26963,17:25,17:20,True,49586.78571428572,0.5437537362344518,5.185714285714288
2021-09-29,209.5,210.1,207.5,207.7,56986,17:25,17:20,True,49040.21428571428,1.1620259175050214,5.164285714285713
2021-09-30,208.0,208.8,207.4,208.5,29710,17:25,17:20,True,49101.357142857145,0.6050749251911861,5.228571428571428
2021-10-01,203.1,203.2,200.6,201.3,63530,17:25,17:20,True,50159.0,1.2665723000857274,5.342857142857142
2021-10-04,204.8,204.9,203.4,203.4,24720,17:25,17:20,True,53291.92857142857,0.46386011282866474,5.685714285714285
2021-10-05,206.4,206.6,205.8,206.0,21540,17:25,17:20,True,54488.42857142857,0.39531329063313575,5.857142857142857
2021-10-06,210.5,210.5,208.8,209.6,61018,17:25,17:20,True,55339.92857142857,1.1026035192879333,6.192857142857142
2021-10-07,208.6,209.7,208.3,209.2,98419,17:25,17:20,True,47767.07142857143,2.0603942644290223,6.135714285714284
2021-10-08,211.0,211.9,211.0,211.5,13069,17:25,17:20,True,53360.42857142857,0.24491932223718485,6.19285714285714
2021-10-11,213.1,213.6,212.9,213.0,43144,17:25,17:20,True,45779.71428571428,0.9424261525691355,5.957142857142854
2021-10-12,213.1,213.8,212.4,212.4,57134,17:25,17:20,True,46951.92857142857,1.2168616229061031,5.953571428571424
2021-10-13,217.2,217.2,214.4,214.8,29090,17:25,17:20,True,48172.57142857143,0.6038706080520035,5.835714285714279
2021-10-14,218.6,218.8,218.05,218.05,8958,17:25,17:20,True,41547.857142857145,0.21560678735365413,5.4785714285714215
2021-10-15,218.5,219.9,218.3,219.8,27962,17:25,17:20,True,39563.71428571428,0.7067587183060958,5.392857142857139
2021-10-18,218.8,218.9,218.4,218.6,15141,17:25,17:20,True,40160.21428571428,0.3770149205948318,5.332142857142854
2021-10-19,216.4,217.1,216.0,216.6,21905,17:25,17:20,True,39315.78571428572,0.5571553410934539,5.624999999999998
2021-10-20,218.9,218.9,216.9,217.1,20949,17:25,17:20,True,36810.0,0.5691116544417278,5.774999999999998
2021-10-21,214.1,214.2,213.0,213.4,57898,17:25,17:20,True,36184.21428571428,1.6000900155750635,5.860714285714282
2021-10-22,217.4,217.5,216.6,217.1,15249,17:25,17:20,True,35781.92857142857,0.42616484378586955,5.732142857142855
2021-10-25,219.7,220.4,219.0,219.0,16211,17:25,17:20,True,35105.42857142857,0.4617804328186931,5.553571428571426
2021-10-26,205.7,207.8,202.5,202.8,418073,17:25,17:20,True,34724.78571428572,12.03961353253234,5.3321428571428555
2021-10-27,199.0,199.35,198.2,198.55,109205,17:25,17:20,True,60228.71428571428,1.8131716955130563,5.967857142857142
2021-10-28,199.0,200.075,198.75,199.9,59938,17:25,17:20,True,60999.142857142855,0.9826039710159862,5.807142857142856
2021-10-29,198.45,199.3,198.3,198.95,17911,17:25,17:20,True,64346.92857142857,0.2783505040200609,5.657142857142858
2021-11-01,200.3,200.6,199.875,200.1,24176,17:25,17:20,True,62544.57142857143,0.38654034151645,5.7428571428571455
2021-11-02,201.0,201.4,200.5,200.8,21359,17:25,17:20,True,60190.42857142857,0.3548570845388327,5.614285714285718
2021-11-03,205.7,205.7,205.0,205.5,19444,17:25,17:20,True,59638.21428571428,0.3260325654092834,5.771428571428574
2021-11-04,208.1,208.7,208.0,208.3,33411,17:25,17:20,True,60387.21428571428,0.553279372052504,5.721428571428573
2021-11-08,208.5,210.9,208.4,210.7,43726,17:25,17:20,True,60776.42857142857,0.7194565562306815,5.7464285714285745
2021-11-09,210.2,210.5,209.1,209.3,10318,17:25,17:20,True,62818.21428571428,0.1642517240791172,5.353571428571432
2021-11-10,210.0,211.0,209.9,211.0,7797,17:25,17:20,True,61990.57142857143,0.1257771919231957,5.110714285714288
2021-11-11,215.3,215.7,214.9,215.6,25392,17:25,17:20,True,61051.142857142855,0.415913590011185,5.160714285714287
2021-11-12,216.5,216.5,215.5,215.8,7276,17:25,17:20,True,58729.28571428572,0.12389049026404446,5.146428571428572
2021-11-15,215.1,215.4,214.2,214.5,25403,17:25,17:20,True,58159.78571428572,0.43677946347316565,5.175000000000002
2021-11-16,215.2,216.0,215.2,215.9,6307,17:25,17:20,True,58816.357142857145,0.10723207465367383,5.089285714285714
2021-11-17,222.1,222.6,221.2,222.1,17732,17:25,17:20,True,29404.5,0.6030369501266812,4.5249999999999995
2021-11-18,224.4,224.4,222.7,222.9,18746,17:25,17:20,True,22870.714285714286,0.8196508323183109,4.485714285714287
2021-11-19,218.5,219.6,218.5,219.0,24734,17:25,17:20,True,19928.428571428572,1.241141513559237,4.807142857142856
2021-11-22,212.5,214.1,212.5,213.7,32630,17:25,17:20,True,20415.785714285714,1.5982730450176859,5.139285714285713
2021-11-23,212.0,212.3,211.7,212.3,22116,17:25,17:20,True,21019.64285714286,1.0521586950981223,5.046428571428572
2021-11-24,214.0,214.4,213.3,214.1,43985,17:25,17:20,True,21073.714285714286,2.087197320968573,4.839285714285716
2021-11-25,216.1,216.3,215.7,216.2,11736,17:25,17:20,True,22826.64285714286,0.5141360502921085,4.9964285714285745
2021-11-26,212.0,212.0,208.9,209.1,64386,17:25,17:20,True,21278.428571428572,3.0258813419358304,5.010714285714288
2021-11-29,208.0,208.9,208.0,208.9,64293,17:25,17:20,True,22754.14285714286,2.825551390955493,5.675000000000003
2021-11-30,206.6,207.0,206.3,207.0,34325,17:25,17:20,True,26609.5,1.2899528363930175,5.825000000000003
2021-12-01,209.8,210.4,209.3,210.3,16642,17:25,17:20,True,28504.35714285714,0.5838405657280467,5.7035714285714345
2021-12-02,210.2,210.4,209.2,210.0,42067,17:25,17:20,True,27879.35714285714,1.508894189505292,5.896428571428577
2021-12-03,215.7,215.8,215.1,215.4,17311,17:25,17:20,True,30364.428571428572,0.5701078799911551,6.039285714285719
2021-12-06,209.8,210.8,209.6,209.6,26046,17:25,17:20,True,29786.428571428572,0.8744250737392388,6.382142857142861
2021-12-07,213.5,216.0,212.9,215.5,58032,17:25,17:20,True,31196.35714285714,1.8602171956890572,6.132142857142861
2021-12-08,213.0,214.9,212.9,214.9,33241,17:25,17:20,True,34074.92857142857,0.9755266230513008,6.146428571428574
2021-12-09,210.0,210.2,209.2,209.2,25420,17:25,17:20,True,35110.28571428572,0.7240043617661898,6.203571428571432
2021-12-10,205.4,206.2,204.2,206.2,15655,17:25,17:20,True,35159.28571428572,0.4452593299880137,5.842857142857146
2021-12-13,203.6,204.2,203.5,203.8,17280,17:25,17:20,True,33946.78571428572,0.5090319933509379,5.9785714285714295
2021-12-14,204.0,204.9,203.8,204.8,44055,17:25,17:20,True,33601.357142857145,1.3111077571271568,6.050000000000002
2021-12-15,201.9,203.1,201.9,202.6,16579,17:25,17:20,True,33606.357142857145,0.4933292808120912,6.010714285714284
2021-12-16,207.4,208.4,206.0,206.0,37955,17:25,17:20,True,33952.28571428572,1.1178923363038886,6.007142857142857
2021-12-17,206.5,207.1,205.9,206.7,25401,17:25,17:20,True,32064.35714285714,0.792188032550607,5.371428571428571
2021-12-20,203.7,204.5,203.4,203.5,27115,17:25,17:20,True,29286.35714285714,0.9258577250743277,5.257142857142857
2021-12-21,204.8,205.3,204.2,204.4,34198,17:25,17:20,True,28771.35714285714,1.18861268275244,5.42142857142857
2021-12-22,204.8,205.4,204.7,205.4,14558,17:25,17:20,True,30025.35714285714,0.48485684718868577,5.314285714285712
2021-12-23,205.8,207.3,205.8,207.0,45812,17:25,17:20,True,28060.428571428572,1.632619397932014,5.06785714285714
2021-12-27,209.4,210.2,209.4,210.2,5828,17:25,17:20,True,30096.214285714286,0.19364561750765996,4.967857142857142
2021-12-28,211.8,212.2,211.5,212.2,10509,17:25,17:20,True,28652.071428571428,0.3667797641157832,4.774999999999998
2021-12-29,213.1,213.9,213.1,213.1,23735,17:25,17:20,True,25257.571428571428,0.9397182174510614,4.739285714285712
2021-12-30,214.1,214.4,213.9,214.0,4308,17:25,17:20,True,24578.571428571428,0.17527462946817787,4.289285714285711
2022-01-03,214.8,216.0,214.4,216.0,25879,17:25,17:20,True,23070.571428571428,1.121732076733501,4.1321428571428545
2022-01-04,218.1,220.1,218.1,219.7,17981,17:25,17:20,True,23800.85714285714,0.7554769936256798,4.124999999999998
2022-01-07,226.5,228.9,226.2,226.8,258240,17:25,17:20,True,23850.928571428572,10.827251409798361,4.303571428571426
2022-01-10,233.3,234.6,232.1,232.6,58319,17:25,17:20,True,39149.857142857145,1.4896350652620516,4.571428571428571
2022-01-11,223.0,225.5,223.0,225.3,72055,17:25,17:20,True,42131.28571428572,1.7102492548801533,5.282142857142857
2022-01-12,226.2,227.9,225.8,225.9,32684,17:25,17:20,True,44567.0,0.7333677384611933,5.367857142857141
2022-01-13,227.3,227.9,226.5,227.8,39702,17:25,17:20,True,45087.21428571428,0.8805600574125386,5.478571428571428
2022-01-14,230.5,232.0,230.2,230.8,51399,17:25,17:20,True,45986.28571428572,1.1177027933793926,5.428571428571426
2022-01-17,231.1,232.8,231.0,232.5,50631,17:25,17:20,True,47214.92857142857,1.0723515110989412,5.435714285714285
2022-01-18,229.3,229.3,227.5,227.6,18608,17:25,17:20,True,49791.57142857143,0.3737178696337016,5.496428571428573
2022-01-19,223.0,223.3,221.2,221.8,54885,17:25,17:20,True,47848.42857142857,1.147059613840132,5.510714285714286
2022-01-20,223.0,225.5,223.0,224.9,44689,17:25,17:20,True,51352.5,0.8702400077892994,5.803571428571431
2022-01-21,216.8,216.8,215.7,215.9,45275,17:25,17:20,True,53793.92857142857,0.8416377312893781,6.189285714285717
2022-01-24,211.2,212.4,210.4,211.6,43934,17:25,17:20,True,55332.5,0.7939999096371934,6.667857142857146
2022-01-25,207.2,208.2,207.0,207.6,75901,17:25,17:20,True,58162.92857142857,1.304972116505236,7.28214285714286
2022-01-26,208.8,209.3,208.3,209.1,13089,17:25,17:20,True,61735.92857142857,0.21201592497075678,7.339285714285716
2022-01-27,207.6,207.75,205.5,207.75,58434,17:25,17:20,True,61386.5,0.9519031057317162,7.346428571428573
2022-01-28,209.5,209.8,208.2,208.8,15738,17:25,17:20,True,47114.642857142855,0.334036279288362,7.396428571428572
2022-01-31,206.2,206.3,204.2,204.2,36555,17:25,17:20,True,44073.142857142855,0.8294166839539467,7.178571428571429
2022-02-01,205.0,206.3,204.3,205.7,51398,17:25,17:20,True,41537.42857142857,1.2373900303340877,7.150000000000001
2022-02-02,209.8,209.8,209.0,209.4,19074,17:25,17:20,True,42874.142857142855,0.44488352953328514,7.167857142857143
2022-02-03,200.4,201.5,197.6,197.9,494110,17:25,17:20,True,41400.71428571428,11.934818239850935,6.960714285714287
2022-02-04,191.0,192.05,188.3,188.35,137153,17:25,17:20,True,73022.92857142857,1.8782182895587591,7.935714285714285
2022-02-07,190.2,191.5,190.2,191.35,53468,17:25,17:20,True,79203.07142857143,0.6750748302509912,8.37142857142857
2022-02-08,191.4,191.75,190.1,191.6,45194,17:25,17:20,True,81693.07142857143,0.553217050230698,8.174999999999999
2022-02-09,193.4,194.1,193.3,193.95,41727,17:25,17:20,True,81000.85714285714,0.5151426969026782,7.978571428571428
2022-02-10,198.05,198.25,197.25,197.6,30817,17:25,17:20,True,80789.28571428571,0.38144909597276866,7.803571428571429
2022-02-11,193.5,194.2,192.95,194.15,21015,17:25,17:20,True,79756.57142857143,0.26348926017739693,7.5249999999999995
2022-02-14,188.25,188.25,185.75,185.95,110032,17:25,17:20,True,78119.5,1.4085087590166347,7.057142857142856
2022-02-15,187.1,188.4,186.7,188.4,24116,17:25,17:20,True,80557.42857142857,0.29936407389936553,7.307142857142856
2022-02-16,191.25,191.25,190.65,191.05,22865,17:25,17:20,True,81345.07142857143,0.28108648254218577,7.1464285714285705
2022-02-17,192.0,192.75,191.9,192.0,15951,17:25,17:20,True,78804.42857142857,0.20241248225716105,6.789285714285713
2022-02-18,184.85,185.5,184.5,184.65,27332,17:25,17:20,True,78819.64285714286,0.3467663517524185,6.689285714285712
2022-02-21,188.0,189.8,187.7,188.95,208922,17:25,17:20,True,78160.85714285714,2.6729747809462534,6.528571428571425
2022-02-22,180.55,182.85,180.55,182.4,106831,17:25,17:20,True,89412.57142857143,1.1948096144997187,6.685714285714285
2022-02-23,184.35,186.2,184.25,185.925,45619,17:25,17:20,True,95680.92857142857,0.4767825801977257,6.8821428571428545
2022-02-24,174.2,175.7,173.6,174.95,117846,17:25,17:20,True,63645.857142857145,1.851589487364232,5.867857142857141
2022-02-25,178.75,179.35,177.75,179.3,46968,17:25,17:20,True,62266.78571428572,0.7543026263715463,6.235714285714285
2022-02-28,175.7,177.2,175.25,176.2,73106,17:25,17:20,True,61802.5,1.1828971319930424,6.575000000000001
2022-03-01,175.55,176.45,175.25,176.45,44832,17:25,17:20,True,63796.21428571428,0.7027376232579856,6.8999999999999995
2022-03-02,166.8,167.15,165.95,166.25,66368,17:25,17:20,True,64018.0,1.0367084257552563,7.099999999999999
2022-03-03,168.2,169.45,167.4,168.8,42720,17:25,17:20,True,66557.35714285714,0.6418524087172932,7.257142857142857
2022-03-04,159.35,159.65,156.95,157.0,91712,17:25,17:20,True,68107.71428571429,1.3465728656707652,7.585714285714287
2022-03-07,146.9,148.85,146.15,147.75,102986,17:25,17:20,True,66799.14285714286,1.5417263694572643,7.657142857142858
2022-03-08,149.05,151.25,148.3,151.25,48903,17:25,17:20,True,72432.71428571429,0.6751507310232747,8.27857142857143
2022-03-09,159.95,160.5,158.55,158.9,86822,17:25,17:20,True,74292.57142857143,1.1686498169399746,8.8
2022-03-10,165.65,166.5,163.8,163.8,83618,17:25,17:20,True,79354.78571428571,1.053723467933791,8.65357142857143
2022-03-11,163.2,164.35,162.65,164.1,70049,17:25,17:20,True,83375.21428571429,0.8401657566954207,9.021428571428574
2022-03-14,164.3,165.2,163.05,165.0,81153,17:25,17:20,True,73455.71428571429,1.1047881133433166,8.807142857142859
2022-03-15,165.0,165.0,164.1,164.2,41500,17:25,17:20,True,71621.57142857143,0.579434368336754,8.750000000000002
2022-03-16,170.25,170.3,167.2,167.65,91641,17:25,17:20,True,71327.35714285714,1.284794553882852,8.692857142857147
2022-03-17,172.0,172.1,170.35,170.45,107139,17:25,17:20,True,69455.57142857143,1.5425544387059351,8.11071428571429
2022-03-18,166.1,167.2,166.1,166.7,38281,17:25,17:20,True,73753.5,0.5190397743835886,7.992857142857143
2022-03-21,165.8,166.6,164.9,165.5,57079,17:25,17:20,True,71266.0,0.8009289142087391,7.682142857142858
2022-03-22,167.4,167.4,165.65,166.05,33073,17:25,17:20,True,72140.78571428571,0.45845078720082066,7.235714285714288
2022-03-23,168.2,168.9,167.25,167.35,41379,17:25,17:20,True,69762.57142857143,0.5931404068493543,6.921428571428572
2022-03-24,165.0,165.0,163.6,163.75,24846,17:25,17:20,True,69666.78571428571,0.3566405388917654,6.924999999999999
2022-03-25,153.85,155.6,152.95,155.55,101784,17:25,17:20,True,64890.642857142855,1.568546642758311,6.625
2022-03-28,149.7,150.35,149.55,150.15,90818,17:25,17:20,True,64804.78571428572,1.401408846568871,6.607142857142857
2022-03-29,150.75,150.75,149.7,150.05,80574,17:25,17:20,True,67798.71428571429,1.1884296162379817,6.092857142857143
2022-03-30,156.0,156.0,152.45,153.45,311673,17:25,17:20,True,67352.42857142857,4.6274946072577725,6.382142857142857
2022-03-31,156.0,157.4,155.35,155.35,53550,17:25,17:20,True,83642.07142857143,0.6402280465486866,6.299999999999999
2022-04-01,154.9,155.2,153.0,153.4,60087,17:25,17:20,True,82463.57142857143,0.7286490138502715,6.2749999999999995
2022-04-04,153.65,154.95,153.15,153.6,107107,17:25,17:20,True,80958.85714285714,1.3229806321376643,6.164285714285713
2022-04-05,153.95,154.0,152.95,152.95,39266,17:25,17:20,True,85645.07142857143,0.4584735507255442,6.182142857142856
2022-04-06,148.95,149.65,147.5,147.55,70877,17:25,17:20,True,81904.0,0.8653667708536824,6.157142857142854
2022-04-07,145.35,145.95,144.75,145.0,164933,17:25,17:20,True,79313.85714285714,2.079497907949791,6.196428571428569
2022-04-08,148.0,148.65,146.85,146.85,42228,17:25,17:20,True,88360.42857142857,0.477906237924863,6.189285714285712
2022-04-11,151.4,151.4,150.2,150.3,36490,17:25,17:20,True,87299.64285714286,0.4179856733172693,6.371428571428568
2022-04-12,148.4,149.05,146.6,146.75,53861,17:25,17:20,True,87543.71428571429,0.6152469133787855,6.449999999999998
2022-04-13,151.85,152.25,150.2,151.85,89287,17:25,17:20,True,88435.28571428571,1.0096309327078559,6.332142857142857
2022-04-19,153.0,153.15,151.75,152.8,87131,17:25,17:20,True,93038.21428571429,0.936507656224209,6.200000000000001
2022-04-20,158.35,159.95,157.9,159.45,74533,17:25,17:20,True,91991.57142857143,0.8102155321683198,5.789285714285713
2022-04-21,160.0,161.75,159.4,161.75,47134,17:25,17:20,True,90828.35714285714,0.5189348512146537,5.932142857142856
2022-04-22,162.4,163.25,162.2,162.7,102540,17:25,17:20,True,88439.78571428571,1.1594329313649239,5.596428571428571
2022-04-25,155.1,155.5,154.35,155.0,78351,17:25,17:20,True,73501.71428571429,1.06597513760612,5.517857142857143
2022-04-26,169.0,171.85,168.15,169.5,346366,17:25,17:20,True,75273.21428571429,4.6014509050364145,5.575000000000001
2022-04-27,160.8,161.6,159.8,160.4,111366,17:25,17:20,True,95721.71428571429,1.1634350766806159,6.296428571428572
2022-04-28,165.75,165.8,164.1,164.6,46681,17:25,17:20,True,96025.92857142857,0.48612911840031303,6.496428571428571
2022-04-29,165.0,165.0,163.7,164.0,40367,17:25,17:20,True,96555.57142857143,0.41807012689953527,6.4178571428571445
2022-05-02,160.1,160.9,159.75,160.6,29396,17:25,17:20,True,94376.28571428571,0.3114765513128298,6.18214285714286
2022-05-03,162.25,162.5,160.15,161.05,30115,17:25,17:20,True,84695.07142857143,0.35556968654779203,7.016071428571432
2022-05-04,159.6,160.15,158.5,159.15,28354,17:25,17:20,True,83829.85714285714,0.3382327128588689,6.908928571428575
2022-05-05,163.1,163.1,161.95,162.35,25294,17:25,17:20,True,83248.71428571429,0.3038365242878054,6.980357142857146
2022-05-06,159.3,159.45,158.1,158.975,42044,17:25,17:20,True,81208.21428571429,0.51773087697849,6.819642857142861
2022-05-09,161.45,161.9,160.95,161.25,23463,17:25,17:20,True,77833.71428571429,0.30145034469087945,7.062500000000004
2022-05-10,162.6,163.25,161.75,162.45,54424,17:25,17:20,True,73286.0,0.7426247850885571,6.791071428571432
2022-05-11,165.4,165.75,165.05,165.55,27577,17:25,17:20,True,71849.64285714286,0.3838154081688447,6.908928571428575
2022-05-12,166.8,167.15,166.25,166.95,39887,17:25,17:20,True,70452.71428571429,0.5661527792703921,6.766071428571432
2022-05-13,175.0,176.15,174.3,174.6,52031,17:25,17:20,True,65977.5,0.7886173316660983,6.883928571428576
2022-05-16,169.2,169.4,168.45,168.6,36254,17:25,17:20,True,64097.5,0.5656070829595538,6.951785714285718
2022-05-17,172.8,173.15,171.8,172.75,16445,17:25,17:20,True,41946.642857142855,0.39204567707614946,6.244642857142862
2022-05-18,174.55,176.0,174.55,175.95,8850,17:25,17:20,True,35166.57142857143,0.2516594493146901,5.998214285714291
2022-05-19,170.35,170.55,170.1,170.15,13653,17:25,17:20,True,32464.35714285714,0.42055353013524727,6.012500000000003
2022-05-20,175.85,176.15,174.95,175.1,46162,17:25,17:20,True,30556.214285714286,1.5107237947857228,6.096428571428573
2022-05-23,171.65,172.35,171.55,171.55,11752,17:25,17:20,True,31753.785714285714,0.370097603660306,5.433928571428573
2022-05-24,168.2,169.2,168.2,168.9,23068,17:25,17:20,True,30442.14285714286,0.7577653159389004,5.4803571428571445
2022-05-27,169.75,170.3,168.95,169.5,49024,17:25,17:20,True,30064.571428571428,1.6306236101343774,5.501785714285715
2022-05-30,175.0,175.65,174.5,175.35,35852,17:25,17:20,True,31759.571428571428,1.1288565426845452,5.758928571428569
2022-05-31,175.5,175.5,174.55,175.0,15355,17:25,17:20,True,31317.285714285714,0.49030430478831866,5.451785714285712
2022-06-01,173.55,174.0,173.1,173.5,7669,17:25,17:20,True,30738.14285714286,0.24949457862962257,5.455357142857141
2022-06-02,176.6,176.6,175.7,176.0,26975,17:25,17:20,True,27398.5,0.9845429494315382,5.366071428571426
2022-06-03,181.9,182.35,181.1,181.55,11852,17:25,17:20,True,27355.5,0.43325839410721795,5.433928571428571
2022-06-07,181.1,182.25,181.0,182.25,28914,17:25,17:20,True,25353.0,1.1404567506803929,5.112499999999999
2022-06-08,181.35,181.65,180.7,180.9,11837,17:25,17:20,True,23701.785714285714,0.49941384766066454,5.130357142857142
2022-06-09,178.05,178.05,176.85,177.2,25964,17:25,17:20,True,21957.714285714286,1.1824545880393482,5.051785714285714
2022-06-10,172.15,172.7,171.8,171.95,27847,17:25,17:20,True,22637.64285714286,1.2301192388152475,5.223214285714286
2022-06-13,166.0,166.2,165.3,166.0,53850,17:25,17:20,True,23994.571428571428,2.2442576297019565,5.298214285714287
2022-06-14,166.6,166.95,166.45,166.7,14374,17:25,17:20,True,26865.785714285714,0.5350299504680675,5.142857142857143
2022-06-15,168.3,169.5,168.3,168.85,29921,17:25,17:20,True,24595.214285714286,1.216537479707144,5.017857142857143
2022-06-16,167.8,168.15,166.85,168.15,21532,17:25,17:20,True,25893.0,0.8315761016490943,4.967857142857142
2022-06-17,166.0,166.0,165.0,165.4,29857,17:25,17:20,True,25783.285714285714,1.1579982602239547,5.042857142857143
2022-06-20,165.65,166.15,165.35,165.45,9914,17:25,17:20,True,24414.214285714286,0.4060749153742404,4.807142857142858
2022-06-21,166.95,167.6,166.95,166.95,4516,17:25,17:20,True,22561.5,0.20016399618819672,4.867857142857143
2022-06-22,163.75,163.75,161.2,161.4,58133,17:25,17:20,True,21787.285714285714,2.6682075391283253,4.9142857142857155
2022-06-23,158.0,158.0,156.55,156.6,17916,17:25,17:20,True,25391.85714285714,0.705580529191023,5.082142857142857
2022-06-27,152.5,154.0,152.0,153.375,95503,17:25,17:20,True,24744.785714285714,3.859520187514253,5.296428571428572
2022-06-28,159.7,160.5,159.35,159.75,16538,17:25,17:20,True,30719.85714285714,0.5383488576490776,5.857142857142859
2022-06-29,155.85,155.95,155.0,155.4,30206,17:25,17:20,True,29835.85714285714,1.0124059736367075,5.778571428571431
2022-06-30,153.0,153.35,152.25,152.95,19802,17:25,17:20,True,31147.928571428572,0.6357405101462835,5.800000000000002
2022-07-01,149.7,149.75,147.3,147.35,61126,17:25,17:20,True,30707.785714285714,1.990570097392704,5.832142857142857
2022-07-04,152.65,154.0,152.65,153.8,41191,17:25,17:20,True,33084.857142857145,1.245010665215852,5.9750000000000005
2022-07-05,156.1,157.0,156.1,156.75,5645,17:25,17:20,True,32180.64285714286,0.17541601095600948,5.967857142857143
2022-07-06,156.5,158.15,156.5,157.65,54912,17:25,17:20,True,31557.14285714286,1.7400814848347668,6.0392857142857155
2022-07-07,160.6,160.95,158.8,159.25,20492,17:25,17:20,True,33342.21428571428,0.614596253998042,6.060714285714288
2022-07-08,163.5,163.65,162.75,163.1,21447,17:25,17:20,True,33267.92857142857,0.6446749443372102,6.071428571428574
2022-07-11,163.0,163.0,161.25,161.85,43627,17:25,17:20,True,32667.214285714286,1.3354980200769229,5.985714285714288
2022-07-12,158.45,160.2,158.45,160.1,31224,17:25,17:20,True,35075.28571428572,0.8901994485331551,6.125000000000004
2022-07-13,165.1,165.4,164.6,164.95,15397,17:25,17:20,True,36983.0,0.41632642024714056,6.350000000000004
2022-07-14,163.35,163.85,162.8,163.0,10668,17:25,17:20,True,33930.42857142857,0.3144080534539162,6.207142857142862
2022-07-15,161.7,162.45,161.4,162.3,19704,17:25,17:20,True,33412.71428571428,0.5897156343393661,5.8714285714285745
2022-07-18,164.7,164.7,163.85,163.95,22674,17:25,17:20,True,27998.5,0.8098290979873922,5.664285714285717
2022-07-19,164.9,166.7,164.9,166.35,13837,17:25,17:20,True,28436.785714285714,0.4865880461675647,5.732142857142859
2022-07-20,168.05,170.85,166.225,167.35,428269,17:25,17:20,True,27267.571428571428,15.706165879930635,6.142857142857145
2022-07-21,162.1,164.35,162.1,163.3,30663,17:25,17:20,True,56443.78571428572,0.5432484659199481,6.446428571428574
2022-07-22,165.35,165.35,164.4,164.4,9515,17:25,17:20,True,54267.857142857145,0.1753339914445541,6.335714285714289
2022-07-25,169.05,170.15,168.9,170.1,19401,17:25,17:20,True,52005.28571428572,0.3730582330916912,6.539285714285717
2022-07-26,168.05,168.35,167.9,168.35,14752,17:25,17:20,True,52987.857142857145,0.2784034077888465,6.360714285714287
2022-07-27,165.55,166.15,165.55,166.15,11471,17:25,17:20,True,50119.28571428572,0.22887397209514443,6.378571428571429
2022-07-28,164.05,164.6,163.1,164.4,17627,17:25,17:20,True,49474.92857142857,0.35628146434918695,6.271428571428572
2022-07-29,165.85,166.1,165.05,165.9,16424,17:25,17:20,True,49202.07142857143,0.3338070841965132,6.324999999999998
2022-08-01,170.3,170.35,169.75,170.3,21611,17:25,17:20,True,47259.0,0.45728855879303415,6.353571428571426
2022-08-02,165.95,166.25,164.7,165.55,53072,17:25,17:20,True,46572.357142857145,1.1395601007955363,6.167857142857138
2022-08-03,163.0,163.0,161.8,161.85,28348,17:25,17:20,True,49263.42857142857,0.5754370091983622,6.017857142857139
2022-08-04,164.7,165.95,164.5,165.75,18860,17:25,17:20,True,50526.28571428572,0.3732710555184854,6.042857142857138
2022-08-05,165.05,166.4,165.05,166.2,10389,17:25,17:20,True,50466.0,0.20586137201284033,5.771428571428566
2022-08-08,167.0,167.75,166.8,167.15,16787,17:25,17:20,True,49588.5,0.3385260695524164,5.542857142857138
2022-08-09,166.85,166.9,166.2,166.25,5511,17:25,17:20,True,49799.21428571428,0.11066439659833992,5.199999999999995
2022-08-10,164.5,164.5,163.7,163.8,26605,17:25,17:20,True,19602.214285714286,1.3572446261537507,4.685714285714279
2022-08-11,170.5,170.5,169.85,170.15,10298,17:25,17:20,True,19312.35714285714,0.53323371786384,4.649999999999993
2022-08-12,167.25,167.9,167.2,167.55,7629,17:25,17:20,True,19368.285714285714,0.39389133930283676,4.58928571428571
2022-08-15,167.7,167.8,167.35,167.75,8159,17:25,17:20,True,18527.428571428572,0.44037411713906793,4.557142857142854
2022-08-16,165.9,166.3,165.9,166.1,6851,17:25,17:20,True,18056.5,0.37942015340736024,4.414285714285711
2022-08-17,169.5,169.95,169.45,169.55,11574,17:25,17:20,True,17726.5,0.6529207683411841,4.349999999999996
2022-08-18,162.1,162.45,162.0,162.3,10733,17:25,17:20,True,17294.14285714286,0.6206147415722911,4.614285714285712
2022-08-19,163.9,164.05,163.2,163.2,18709,17:25,17:20,True,16887.64285714286,1.107851472124588,4.464285714285713
2022-08-22,160.1,160.75,159.85,160.2,23650,17:25,17:20,True,16680.35714285714,1.4178353495343112,4.403571428571429
2022-08-23,156.2,156.55,155.8,156.55,12077,17:25,17:20,True,14578.785714285714,0.8283954669946056,4.442857142857144
2022-08-24,157.2,157.2,156.4,156.85,12347,17:25,17:20,True,13416.57142857143,0.9202798245240427,4.3535714285714295
2022-08-25,159.5,160.3,159.2,159.65,10581,17:25,17:20,True,12951.357142857143,0.8169800186411793,4.346428571428573
2022-08-26,168.0,169.3,167.0,167.1,223947,17:25,17:20,True,12965.07142857143,17.273101905669627,4.303571428571431
2022-08-29,163.5,163.55,162.5,163.15,77458,17:25,17:20,True,27762.214285714286,2.790051225843966,4.835714285714289
2022-08-30,163.6,164.75,163.6,164.1,31899,17:25,17:20,True,32901.28571428572,0.9695365791176201,5.075000000000003
2022-08-31,166.6,167.0,165.3,165.3,20369,17:25,17:20,True,33279.42857142857,0.6120597881144937,5.025000000000001
2022-09-01,159.5,159.5,158.05,158.8,30001,17:25,17:20,True,33998.78571428572,0.8824138677221665,5.117857142857143
2022-09-02,158.0,158.6,157.7,158.3,24234,17:25,17:20,True,35596.78571428572,0.6807918050385768,5.20714285714286
2022-09-05,156.0,156.0,155.3,155.7,37362,17:25,17:20,True,36745.0,1.016791400190502,5.346428571428575
2022-09-06,155.1,155.95,155.0,155.35,15212,17:25,17:20,True,38924.357142857145,0.39080928027070816,5.521428571428574
2022-09-07,153.4,153.95,153.3,153.65,38673,17:25,17:20,True,39184.21428571428,0.9869535654846431,5.264285714285718
2022-09-08,157.15,158.45,157.15,158.25,19773,17:25,17:20,True,41179.92857142857,0.4801611048378284,5.278571428571433
2022-09-09,157.0,157.1,156.4,156.85,37042,17:25,17:20,True,41255.92857142857,0.8978588358729395,5.417857142857146
2022-09-12,159.0,159.6,158.85,159.25,96422,17:25,17:20,True,42212.5,2.2842049156055673,5.28214285714286
2022-09-13,163.15,163.15,162.65,162.7,10086,17:25,17:20,True,48237.142857142855,0.2090919860214417,5.389285714285718
2022-09-14,155.45,156.1,155.35,155.4,24705,17:25,17:20,True,48075.642857142855,0.5138776838286094,5.539285714285717
2022-09-15,151.0,152.2,151.0,152.2,17400,17:25,17:20,True,49084.5,0.35449072517800934,5.8107142857142895
2022-09-16,147.5,147.8,146.8,147.15,64779,17:25,17:20,True,34331.142857142855,1.8868873742291465,5.278571428571431
2022-09-19,147.3,147.5,146.9,147.45,16176,17:25,17:20,True,33425.5,0.48394190064471737,4.989285714285718
2022-09-20,150.4,150.75,149.65,150.7,27615,17:25,17:20,True,32302.428571428572,0.8548892829818191,4.8714285714285745
2022-09-21,147.5,147.5,146.75,147.05,24451,17:25,17:20,True,32820.0,0.7450030469226082,4.717857142857146
2022-09-22,148.55,148.55,147.3,147.6,34812,17:25,17:20,True,32423.571428571428,1.0736633401625801,4.7928571428571445
2022-09-23,147.2,147.7,147.05,147.35,23798,17:25,17:20,True,33179.142857142855,0.7172578297897991,4.846428571428573
2022-09-26,148.2,148.55,147.7,147.8,22103,17:25,17:20,True,32210.285714285714,0.6862093741129719,4.625000000000002
2022-09-27,144.95,145.4,143.8,144.1,146168,17:25,17:20,True,32702.5,4.469627704303952,4.485714285714287
2022-09-28,144.2,144.8,143.8,144.8,45557,17:25,17:20,True,40380.71428571428,1.1281870765747442,4.5857142857142845
2022-09-29,149.15,149.45,148.5,148.5,45793,17:25,17:20,True,42222.42857142857,1.084565752122264,4.667857142857143
2022-09-30,146.85,148.35,146.6,148.15,47891,17:25,17:20,True,42847.5,1.117708151000642,4.699999999999998
2022-10-03,148.25,149.0,147.1,147.9,147550,17:25,17:20,True,39381.0,3.7467306569157715,4.739285714285714
2022-10-04,154.35,154.75,153.95,154.2,19964,17:25,17:20,True,49199.857142857145,0.40577353592780463,4.703571428571428
2022-10-05,158.05,158.3,157.4,158.25,16292,17:25,17:20,True,48861.21428571428,0.33343420212058356,4.746428571428571
2022-10-06,158.4,159.5,157.95,159.2,19442,17:25,17:20,True,48782.07142857143,0.3985480614218631,4.5857142857142845
2022-10-07,158.5,158.5,156.7,157.1,13579,17:25,17:20,True,45543.71428571428,0.2981531087871621,4.528571428571429
2022-10-10,151.55,151.55,150.85,151.25,31800,17:25,17:20,True,45358.21428571428,0.7010858011228082,4.735714285714287
2022-10-11,153.85,153.9,152.7,152.85,11316,17:25,17:20,True,45657.142857142855,0.24784730913642053,4.967857142857143
2022-10-12,155.9,156.4,155.7,155.95,17188,17:25,17:20,True,44718.92857142857,0.3843562569381773,4.864285714285716
2022-10-13,155.55,155.55,154.75,154.9,6536,17:25,17:20,True,43460.07142857143,0.15039091711439564,4.746428571428571
2022-10-14,164.5,164.5,163.7,164.1,29285,17:25,17:20,True,42227.07142857143,0.6935124556183491,5.182142857142856
2022-10-17,161.7,162.7,161.5,162.6,9388,17:25,17:20,True,42740.07142857143,0.21965335307615302,5.264285714285713
2022-10-18,167.5,167.8,167.15,167.4,16654,17:25,17:20,True,32970.07142857143,0.5051247776663251,5.328571428571428
2022-10-19,167.95,168.9,167.95,168.45,27659,17:25,17:20,True,30905.571428571428,0.8949519041874096,5.039285714285713
2022-10-20,166.25,166.25,165.2,165.7,12818,17:25,17:20,True,29610.285714285714,0.4328901154039137,5.014285714285713
2022-10-21,165.45,165.6,164.6,165.6,25237,17:25,17:20,True,27105.071428571428,0.9310803724131752,4.878571428571427
2022-10-24,168.9,169.0,168.25,168.55,55099,17:25,17:20,True,18368.428571428572,2.9996577979296775,4.764285714285713
2022-10-25,159.4,161.35,158.55,159.75,140055,17:25,17:20,True,20878.071428571428,6.708234545473207,4.664285714285711
2022-10-26,155.0,156.5,154.8,155.4,85115,17:25,17:20,True,29718.285714285714,2.8640615686349915,5.621428571428571
2022-10-27,158.35,159.35,158.1,158.95,26810,17:25,17:20,True,34409.21428571428,0.7791517637509887,5.835714285714283
2022-10-28,159.9,159.9,158.7,159.6,60712,17:25,17:20,True,35354.28571428572,1.7172458380475188,5.628571428571427
2022-10-31,163.0,163.05,161.5,161.8,18480,17:25,17:20,True,37419.42857142857,0.4938610958402052,5.5249999999999995
2022-11-01,162.7,162.7,161.0,161.7,37958,17:25,17:20,True,37931.142857142855,1.0007080499250522,5.567857142857142
2022-11-02,161.85,163.2,161.85,162.9,15963,17:25,17:20,True,39414.71428571428,0.40500103297173284,5.707142857142857
2022-11-03,161.15,161.15,159.9,160.5,65313,17:25,17:20,True,40088.07142857143,1.6292377675582157,5.225000000000002
2022-11-07,165.0,165.6,164.4,164.75,29726,17:25,17:20,True,42661.5,0.6967875016115233,5.3535714285714295
2022-11-08,171.0,171.4,170.05,170.8,34067,17:25,17:20,True,44114.21428571428,0.7722454213818352,5.76964285714286
2022-11-09,176.2,177.0,176.2,176.7,20396,17:25,17:20,True,45358.0,0.4496670929053309,5.987500000000002
2022-11-10,174.8,174.8,173.95,174.4,25438,17:25,17:20,True,44839.21428571428,0.5673159176677303,6.012500000000001
2022-11-11,179.85,181.3,179.85,181.15,56598,17:25,17:20,True,45740.642857142855,1.237367830110452,6.208928571428572
2022-11-14,185.0,187.7,185.0,187.5,137121,17:25,17:20,True,47980.71428571428,2.857835737573132,6.405357142857142
2022-11-15,183.0,183.05,182.4,182.6,16752,17:25,17:20,True,53839.42857142857,0.3111474331079718,6.423214285714285
2022-11-16,178.8,179.65,178.3,179.05,32823,17:20,17:20,True,45032.07142857143,0.7288805280046443,5.830357142857141
2022-11-17,173.2,175.0,173.0,174.45,163782,17:25,17:20,True,41296.92857142857,3.96596080303447,5.901785714285714
2022-11-18,171.15,171.55,170.6,171.0,36422,17:25,17:20,True,51080.642857142855,0.7130293974933194,6.0874999999999995
2022-11-21,172.8,172.8,171.6,171.6,11919,17:25,17:20,True,49345.642857142855,0.2415410826545693,5.930357142857141
2022-11-22,171.3,172.05,171.3,171.9,13634,17:25,17:20,True,48877.0,0.27894510710559156,5.848214285714284
2022-11-23,174.1,174.3,173.85,174.0,13097,17:25,17:20,True,47139.57142857143,0.2778345157389758,5.6946428571428545
2022-11-24,175.85,177.05,175.85,176.55,10394,17:25,17:20,True,46934.857142857145,0.22145587805590727,6.019642857142854
2022-11-25,176.05,176.3,175.25,175.6,28953,17:25,17:20,True,43012.07142857143,0.6731366111506902,5.869642857142854
2022-11-28,176.45,176.45,175.0,175.0,23229,17:25,17:20,True,42956.857142857145,0.5407518506940518,5.142857142857139
2022-11-29,173.6,174.55,173.6,173.95,23840,17:25,17:20,True,42182.71428571428,0.5651604076144935,4.992857142857141
2022-11-30,174.55,175.45,174.45,174.95,30053,17:25,17:20,True,42428.71428571428,0.708317480412524,4.974999999999999
2022-12-01,175.9,176.3,174.55,175.2,113242,17:25,17:20,True,42758.357142857145,2.6484179366773746,4.842857142857142
2022-12-02,173.6,173.85,173.4,173.45,12512,17:25,17:20,True,46804.357142857145,0.26732553898370265,4.671428571428572
2022-12-05,175.1,175.2,173.85,173.85,30686,17:25,17:20,True,37903.71428571428,0.8095776516436385,4.5392857142857155
2022-12-06,176.75,180.3,176.6,180.0,112399,17:25,17:20,True,38899.0,2.88950872773079,4.228571428571428
2022-12-07,171.55,172.7,171.55,172.05,79861,17:25,17:20,True,44583.0,1.7912881591638068,4.135714285714284
2022-12-08,172.65,173.4,172.65,173.05,15445,17:25,17:20,True,38588.642857142855,0.40024729703965456,4.024999999999998
2022-12-09,169.0,170.75,169.0,169.9,90905,17:25,17:20,True,37090.28571428572,2.450911289825599,4.517857142857141
2022-12-12,172.95,173.0,171.6,171.7,17844,17:25,17:20,True,42732.142857142855,0.4175779356456331,4.710714285714283
2022-12-13,168.45,169.7,168.2,168.85,131521,17:25,17:20,True,43032.857142857145,3.0562925339441622,4.664285714285711
2022-12-14,170.4,171.55,170.0,171.45,73108,17:25,17:20,True,51491.71428571428,1.4198012440281655,4.767857142857141
2022-12-15,168.0,168.0,166.7,167.2,53743,17:25,17:20,True,55971.28571428572,0.9601887702623028,4.942857142857142
2022-12-16,160.75,162.25,160.75,161.95,37957,17:25,17:20,True,57742.0,0.6573551314467805,5.510714285714286
2022-12-19,160.35,161.0,160.15,160.2,27260,17:25,17:20,True,58794.0,0.46365275368234854,5.503571428571427
2022-12-20,158.5,159.1,158.45,158.45,21190,17:25,17:20,True,59038.28571428572,0.3589196356843501,5.453571428571428
2022-12-21,159.9,160.2,159.35,159.6,53094,17:25,17:20,True,58405.21428571428,0.9090626693066789,5.4142857142857155
2022-12-22,160.8,161.1,160.5,160.55,13257,17:25,17:20,True,54108.92857142857,0.24500577538695092,5.271428571428572
2022-12-23,158.65,159.2,158.6,159.1,15048,17:25,17:20,True,54162.142857142855,0.2778324343571551,5.239285714285716
2022-12-27,160.0,161.45,160.0,161.05,12828,17:25,17:20,True,53045.142857142855,0.24183175516271857,5.196428571428576
2022-12-28,161.3,161.45,160.95,161.2,11959,17:25,17:20,True,45932.92857142857,0.2603578820671756,4.957142857142862
2022-12-29,160.0,160.5,159.8,160.15,14764,17:25,17:20,True,41082.78571428572,0.3593719301966934,4.775000000000004
2022-12-30,161.45,161.5,160.75,161.45,33490,17:25,17:20,True,41034.142857142855,0.8161496175658598,4.139285714285718
2023-01-02,160.95,160.95,160.3,160.65,6889,17:25,17:20,True,36933.07142857143,0.18652659347120176,3.8892857142857196
2023-01-03,163.1,164.5,162.7,163.9,77217,17:25,17:20,True,36150.57142857143,2.1359828337034785,4.0071428571428624
2023-01-04,164.5,165.3,164.5,165.05,13428,17:25,17:20,True,32271.714285714286,0.41609193367035263,3.6392857142857196
2023-01-09,177.15,179.9,177.15,179.65,62556,17:25,17:20,True,28008.85714285714,2.233436361967133,3.6464285714285785
2023-01-10,182.4,182.65,180.4,180.7,66640,17:25,17:20,True,28638.35714285714,2.326949121682459,3.9071428571428624
2023-01-11,179.85,180.35,179.85,180.2,20800,17:25,17:20,True,30687.14285714286,0.6778082957031795,3.9964285714285768
2023-01-12,182.3,183.1,181.75,182.1,85768,17:25,17:20,True,30225.714285714286,2.8375838926174497,4.067857142857148
2023-01-13,185.65,186.1,185.4,185.95,19667,17:25,17:20,True,34838.42857142857,0.5645202957325449,4.203571428571432
2023-01-16,186.0,186.6,184.6,184.6,20692,17:25,17:20,True,32450.785714285714,0.6376424959994366,4.210714285714289
2023-01-17,185.5,186.0,185.25,185.45,20322,17:25,17:20,True,32981.857142857145,0.6161569347650007,4.264285714285718
2023-01-18,182.55,183.3,182.2,183.3,18089,17:25,17:20,True,33358.57142857143,0.5422594321442337,4.410714285714287
2023-01-19,182.5,183.75,182.5,183.7,19060,17:25,17:20,True,33734.357142857145,0.5650026149686309,4.5464285714285735
2023-01-20,179.9,182.15,179.9,181.85,43189,17:25,17:20,True,34241.57142857143,1.2613030944007075,4.803571428571432
2023-01-23,185.6,186.25,185.0,185.7,16416,17:25,17:20,True,36271.92857142857,0.45258139411233006,5.0785714285714345
2023-01-24,186.8,187.35,186.55,187.05,14142,17:25,17:20,True,35052.357142857145,0.40345360919277895,5.057142857142862
2023-01-25,185.35,185.35,184.6,185.35,11330,17:25,17:20,True,35570.42857142857,0.3185230106870474,5.017857142857147
2023-01-26,182.5,183.45,182.15,182.15,72568,17:25,17:20,True,30864.214285714286,2.3512019236332415,5.075000000000003
2023-01-27,184.5,184.55,183.9,184.55,21069,17:25,17:20,True,35088.5,0.6004531399176368,4.860714285714287
2023-01-30,188.55,188.55,187.2,188.2,30119,17:25,17:20,True,32125.14285714286,0.937552251018339,4.342857142857143
2023-01-31,185.15,185.2,184.25,184.3,49652,17:25,17:20,True,29516.5,1.68217776497891,4.250000000000002
2023-02-01,184.85,184.95,184.1,184.4,18003,17:25,17:20,True,31577.35714285714,0.5701237098011007,4.282142857142858
2023-02-02,200.0,204.6,200.0,203.6,363179,17:25,17:20,True,26737.0,13.583386318584733,4.342857142857143
2023-02-03,210.0,210.0,208.0,208.7,98512,17:25,17:20,True,51273.57142857143,1.9213017009598374,5.796428571428572
2023-02-06,213.9,214.4,212.9,213.6,84954,17:25,17:20,True,56832.142857142855,1.4948231006095645,5.903571428571429
2023-02-07,205.8,206.8,205.8,206.3,21894,17:25,17:20,True,61448.71428571428,0.35629712117654444,6.3535714285714295
2023-02-08,209.9,210.0,209.1,209.5,19047,17:25,17:20,True,61720.5,0.30860087005127956,6.360714285714287
2023-02-09,206.0,206.3,205.3,206.0,27422,17:25,17:20,True,61719.57142857143,0.444299909498492,6.467857142857143
2023-02-10,202.8,203.0,202.1,202.1,20842,17:25,17:20,True,60593.357142857145,0.3439650975413382,6.325000000000001
2023-02-13,200.3,200.3,198.2,199.2,46922,17:25,17:20,True,60909.5,0.7703560199968806,6.814285714285715
2023-02-14,199.0,199.25,198.65,198.75,15801,17:25,17:20,True,63250.92857142857,0.24981451429849139,6.757142857142859
2023-02-15,197.6,197.95,196.9,197.0,61900,17:25,17:20,True,63570.28571428572,0.9737253703437365,6.700000000000001
2023-02-16,203.0,204.4,203.0,203.8,21037,17:25,17:20,True,62808.28571428572,0.3349398850925037,6.8500000000000005
2023-02-17,200.5,200.6,199.75,199.9,10782,17:25,17:20,True,62806.0,0.17167149635385154,6.639285714285715
2023-02-20,201.8,202.0,200.7,201.1,18852,17:25,17:20,True,61424.78571428572,0.30691193759615415,6.567857142857144
2023-02-21,200.6,202.0,200.6,201.7,10554,17:25,17:20,True,59224.78571428572,0.1782024176653838,6.439285714285717
2023-02-22,195.35,196.0,195.35,196.0,10683,17:25,17:20,True,58692.71428571428,0.18201577708598538,6.528571428571431
2023-02-23,197.65,198.85,197.65,198.3,9086,17:25,17:20,True,33514.42857142857,0.2711071137804187,5.164285714285717
2023-02-24,198.5,199.6,198.5,199.6,13023,17:25,17:20,True,27126.85714285714,0.4800777300303337,4.975000000000002
2023-02-27,198.85,199.65,198.85,199.2,19196,17:25,17:20,True,21988.928571428572,0.8729847813022787,4.4928571428571455
2023-02-28,199.7,199.7,198.35,198.7,33020,17:25,17:20,True,21796.214285714286,1.514941978783996,4.446428571428574
2023-03-01,200.0,200.7,200.0,200.3,24602,17:25,17:20,True,22794.285714285714,1.0793055903735271,4.117857142857143
2023-03-02,200.8,200.8,200.0,200.2,28573,17:25,17:20,True,22592.85714285714,1.2646917483401834,4.192857142857142
2023-03-03,204.8,206.1,204.7,205.8,41101,17:25,17:20,True,23145.071428571428,1.775799229086106,4.032142857142857
2023-03-06,213.0,214.1,213.0,213.8,60735,17:25,17:20,True,22729.285714285714,2.6721033279909494,4.3999999999999995
2023-03-07,215.3,215.4,214.2,214.5,61159,17:25,17:20,True,25938.85714285714,2.357813980129095,4.567857142857144
2023-03-08,210.8,211.9,210.4,211.8,29024,17:25,17:20,True,25885.928571428572,1.1212269214106947,4.6178571428571455
2023-03-09,212.0,213.5,211.8,213.5,36924,17:25,17:20,True,26456.428571428572,1.3956532303787899,4.610714285714287
2023-03-10,205.7,205.7,201.9,202.3,91224,17:25,17:20,True,28323.714285714286,3.2207640240888504,4.760714285714286
2023-03-13,204.9,205.5,203.6,203.8,18163,17:25,17:20,True,33493.142857142855,0.5422901062904134,5.092857142857142
2023-03-14,196.2,197.6,196.2,196.95,12433,17:25,17:20,True,34036.642857142855,0.36528279396364843,5.349999999999999
2023-03-15,202.2,202.2,200.4,200.7,16365,17:25,17:20,True,34161.642857142855,0.4790460478857867,5.589285714285713
2023-03-16,195.25,196.4,195.25,195.9,34936,17:25,17:20,True,34681.57142857143,1.00733613158079,6.085714285714283
2023-03-17,194.65,195.6,194.0,194.95,35545,17:25,17:20,True,36246.78571428572,0.9806386773211417,6.4535714285714265
2023-03-20,187.6,187.6,186.2,186.85,54315,17:25,17:20,True,37414.57142857143,1.4517071270933404,6.910714285714284
2023-03-21,193.8,194.5,192.55,193.85,23457,17:25,17:20,True,38935.642857142855,0.6024557007075779,7.3964285714285705
2023-03-22,195.3,196.9,195.25,196.45,75408,17:25,17:20,True,38853.857142857145,1.9408111715328868,7.399999999999998
2023-03-23,198.1,198.1,196.85,196.85,8119,17:25,17:20,True,42199.21428571428,0.19239694713340974,7.235714285714285
2023-03-24,195.15,195.75,194.5,194.7,22300,17:25,17:20,True,39843.357142857145,0.559691793039528,7.221428571428569
2023-03-27,191.8,192.1,191.5,191.7,25663,17:25,17:20,True,37098.0,0.6917623591568278,8.114285714285712
2023-03-28,193.0,194.4,192.6,193.7,10893,17:25,17:20,True,34562.57142857143,0.3151675222577685,8.099999999999996
2023-03-29,194.8,195.7,194.45,195.2,16816,17:25,17:20,True,33267.5,0.5054783196813707,8.053571428571427
2023-03-30,197.75,198.5,197.45,198.05,58744,17:25,17:20,True,31831.214285714286,1.8454841047758601,7.932142857142856
2023-03-31,200.4,201.2,200.4,200.7,10541,17:25,17:20,True,29511.214285714286,0.3571862512313721,7.839285714285714
2023-04-03,203.4,203.8,202.0,203.3,26609,17:25,17:20,True,28966.785714285714,0.9186038196456533,7.3500000000000005
2023-04-04,202.2,202.9,202.0,202.4,30998,17:25,17:20,True,29979.35714285714,1.033978142102542,7.142857142857145
2023-04-05,198.4,198.4,196.45,196.95,30937,17:25,17:20,True,31024.571428571428,0.9971773525132154,6.771428571428574
2023-04-11,190.5,192.55,190.5,192.55,32178,17:25,17:20,True,30738.928571428572,1.0468159267564396,6.814285714285715
2023-04-12,198.3,200.7,197.65,200.7,244469,17:25,17:20,True,30498.428571428572,8.015790040704672,6.385714285714286
2023-04-13,198.1,198.2,197.05,197.5,17021,17:25,17:20,True,44080.857142857145,0.3861313300882145,6.32857142857143
2023-04-14,201.6,201.7,198.6,199.0,77132,17:25,17:20,True,43621.142857142855,1.7682251070909258,6.357142857142861
2023-04-17,201.0,202.3,201.0,202.2,31967,17:25,17:20,True,43744.28571428572,0.730769733189641,6.43214285714286
2023-04-18,204.2,205.1,204.2,204.6,31329,17:25,17:20,True,45447.71428571428,0.6893415981944716,6.096428571428575
2023-04-19,203.7,204.5,203.3,203.7,20618,17:25,17:20,True,46092.642857142855,0.4473165069727583,5.132142857142861
2023-04-20,203.0,203.1,202.6,203.1,13228,17:25,17:20,True,45732.28571428572,0.28924860836045807,5.017857142857149
2023-04-21,200.1,201.2,200.1,201.1,13192,17:25,17:20,True,45899.07142857143,0.28741322186723356,5.100000000000004
2023-04-24,197.0,198.4,196.75,197.85,14601,17:25,17:20,True,45640.21428571428,0.3199152376585186,5.421428571428576
2023-04-25,198.0,198.05,196.7,197.45,25809,17:25,17:20,True,42487.142857142855,0.6074543559396121,5.225000000000004
2023-04-26,194.25,194.35,193.35,193.95,19258,17:25,17:20,True,43577.71428571428,0.44192313240057174,5.3107142857142895
2023-04-27,191.3,191.65,189.5,189.5,115995,17:25,17:20,True,43052.642857142855,2.694259685401759,5.228571428571432
2023-04-28,190.05,192.0,190.05,191.4,77323,17:25,17:20,True,49123.857142857145,1.5740417079859363,5.4964285714285745
2023-05-02,184.7,184.9,183.65,184.5,55724,17:25,17:20,True,52437.142857142855,1.0626818503786848,5.539285714285719
2023-05-03,188.05,188.05,187.15,187.45,32090,17:25,17:20,True,54119.0,0.5929525674901606,5.6214285714285745
2023-05-04,183.7,183.8,182.9,182.9,9643,17:25,17:20,True,38949.07142857143,0.24757971490242753,5.346428571428575
2023-05-05,182.95,182.95,182.1,182.3,15915,17:25,17:20,True,38422.07142857143,0.41421504380852525,5.264285714285715
2023-05-08,184.95,185.2,184.05,184.25,16409,17:25,17:20,True,34049.42857142857,0.48191704496823945,5.117857142857143
2023-05-09,184.35,184.45,183.4,184.0,32012,17:25,17:20,True,32938.142857142855,0.9718823595744405,5.060714285714285
2023-05-10,184.65,185.3,183.75,183.75,38488,17:25,17:20,True,32986.92857142857,1.1667651905408418,5.04285714285714
2023-05-11,179.5,180.3,179.1,179.75,22961,17:25,17:20,True,34263.357142857145,0.670132815773619,5.274999999999998
2023-05-12,177.9,178.45,177.35,177.35,47580,17:25,17:20,True,34958.57142857143,1.3610395978913816,5.407142857142857
2023-05-15,178.75,179.85,178.75,179.3,10345,17:25,17:20,True,37414.857142857145,0.27649444071110024,5.099999999999999
2023-05-16,180.15,180.6,179.0,179.3,26027,17:25,17:20,True,37110.857142857145,0.7013311468341956,5.099999999999999
2023-05-19,188.45,190.2,188.45,189.8,102730,17:25,17:20,True,37126.42857142857,2.7670315716566942,4.953571428571428
2023-05-22,187.0,187.2,185.5,185.5,44012,17:25,17:20,True,43088.71428571428,1.0214275531213013,5.496428571428568
2023-05-23,186.8,187.4,186.75,187.1,8705,17:25,17:20,True,37947.07142857143,0.22939846666127067,5.103571428571426
2023-05-24,182.2,182.5,181.0,182.05,32428,17:25,17:20,True,33045.78571428572,0.9813051588596773,4.79285714285714
2023-05-25,179.2,179.65,179.0,179.2,21677,17:25,17:20,True,31381.785714285714,0.6907510043360002,4.7535714285714255
2023-05-26,180.0,180.55,179.75,180.5,21188,17:25,17:20,True,30638.0,0.6915595012729291,4.6857142857142815
2023-05-29,182.0,182.5,181.6,182.1,58943,17:25,17:20,True,31462.64285714286,1.8734281245104738,4.682142857142854
2023-05-30,180.0,180.0,179.25,179.25,13187,17:25,17:20,True,34536.07142857143,0.3818326594347525,4.657142857142854
2023-05-31,175.95,175.95,173.6,174.2,109262,17:25,17:20,True,34305.92857142857,3.184930551362426,4.84285714285714
2023-06-01,173.25,174.0,173.2,173.3,36341,17:25,17:20,True,39823.78571428572,0.9125450870172707,5.064285714285712
2023-06-02,173.5,174.45,173.25,173.4,43406,17:25,17:20,True,39670.42857142857,1.0941651392004839,4.821428571428568
2023-06-05,179.65,180.65,179.05,179.25,36299,17:25,17:20,True,41130.78571428572,0.8825262967780476,4.978571428571426
2023-06-07,180.8,182.5,180.8,181.2,56984,17:25,17:20,True,40325.0,1.4131184128952263,4.957142857142854
2023-06-08,184.55,186.2,184.55,185.95,39520,17:25,17:20,True,43656.357142857145,0.9052518942585681,5.192857142857138
2023-06-09,189.55,189.55,188.2,188.2,14581,17:25,17:20,True,44620.142857142855,0.32678066600286226,5.478571428571423
2023-06-12,191.25,191.65,190.5,190.75,23866,17:25,17:20,True,38323.78571428572,0.6227464107519947,4.985714285714282
2023-06-13,193.2,193.8,193.05,193.35,45924,17:25,17:20,True,36884.78571428572,1.2450662003497377,4.903571428571427
2023-06-14,195.25,196.15,195.1,196.1,25153,17:25,17:20,True,39543.28571428572,0.6360877591644599,4.84285714285714
2023-06-15,195.15,196.45,194.85,194.85,51179,17:25,17:20,True,39023.642857142855,1.311486992317844,4.874999999999998
2023-06-16,197.75,198.35,196.9,197.6,25059,17:25,17:20,True,41130.92857142857,0.6092495567291211,4.960714285714283
2023-06-19,197.25,197.25,196.0,196.15,79069,17:25,17:20,True,41407.42857142857,1.9095365910878654,4.899999999999998
2023-06-20,193.9,194.65,193.1,193.65,32988,17:25,17:20,True,42845.0,0.769938149142257,4.935714285714283
2023-06-21,190.1,191.15,189.85,189.85,12579,17:25,17:20,True,44259.357142857145,0.2842110869210869,5.060714285714285
2023-06-22,187.7,188.05,187.05,187.15,23480,17:25,17:20,True,37353.42857142857,0.6285902231196983,4.939285714285715
2023-06-26,187.8,187.8,185.85,186.15,37722,17:25,17:20,True,36434.78571428572,1.0353292673602736,4.882142857142859
2023-06-27,188.55,188.9,187.6,188.75,70424,17:25,17:20,True,36028.78571428572,1.9546592704642913,4.617857142857143
2023-06-28,187.5,188.25,187.25,188.05,19535,17:25,17:20,True,38466.28571428572,0.5078473171311426,4.821428571428574
2023-06-29,188.45,189.05,188.2,188.35,13128,17:25,17:20,True,35791.357142857145,0.36679246186729036,4.728571428571432
2023-06-30,189.0,189.75,188.75,189.7,16416,17:25,17:20,True,33906.21428571428,0.4841590353222229,4.40714285714286
2023-07-03,189.1,190.5,188.75,190.5,108287,17:25,17:20,True,34037.28571428572,3.1814228933816273,4.460714285714289
2023-07-04,186.4,186.45,185.95,186.35,15135,17:25,17:20,True,40067.357142857145,0.377738914649082,4.782142857142858
2023-07-05,183.35,183.5,182.8,183.25,36965,17:25,17:20,True,37868.142857142855,0.9761503261316523,4.775000000000001
2023-07-06,180.1,180.35,178.8,179.75,107953,17:25,17:20,True,38711.857142857145,2.788628806973131,4.689285714285715
2023-07-07,180.0,180.15,178.6,178.6,15790,17:25,17:20,True,42767.142857142855,0.36920867154357484,4.6000000000000005
2023-07-10,184.4,184.5,183.2,183.2,15853,17:25,17:20,True,42105.07142857143,0.3765104644672936,4.910714285714286
2023-07-11,185.0,186.05,185.0,185.85,30604,17:25,17:20,True,37589.642857142855,0.8141604355303038,4.857142857142857
2023-07-12,187.65,187.75,186.75,186.75,13778,17:25,17:20,True,37419.357142857145,0.36820514974106217,4.621428571428571
2023-07-13,187.3,188.6,186.2,186.8,64783,17:25,17:20,True,37505.0,1.7273163578189574,4.574999999999997
2023-07-14,185.7,186.4,185.1,185.5,14247,17:25,17:20,True,40455.21428571428,0.35216721136071105,4.632142857142853
2023-07-17,182.75,182.75,181.4,181.8,22452,17:25,17:20,True,38778.42857142857,0.5789816871677552,4.742857142857139
2023-07-18,186.3,186.75,186.3,186.7,8625,17:25,17:20,True,35351.857142857145,0.24397586709932392,4.6857142857142815
2023-07-19,191.35,192.3,187.0,187.6,105228,17:25,17:20,True,34572.57142857143,3.043684506297313,4.646428571428568
2023-07-20,189.6,189.6,186.15,186.3,33934,17:25,17:20,True,41151.142857142855,0.8246186531878997,5.205357142857141
2023-07-21,196.8,196.8,194.55,195.05,23416,17:25,17:20,True,42402.42857142857,0.5522325203745069,5.673214285714282
2023-07-24,191.4,192.2,191.3,191.8,12762,17:25,17:20,True,36340.21428571428,0.35118119831827393,5.5839285714285705
2023-07-25,194.25,194.6,193.95,194.4,24279,17:25,17:20,True,36170.71428571428,0.6712336341554929,5.433928571428571
2023-07-26,195.15,195.7,194.75,195.7,14020,17:25,17:20,True,35264.57142857143,0.39756615299855785,5.433928571428573
2023-07-27,195.65,195.65,194.65,194.85,8865,17:25,17:20,True,28555.071428571428,0.310452734190324,5.487500000000002
2023-07-28,195.85,195.85,195.0,195.0,8432,17:25,17:20,True,28060.428571428572,0.30049434129404395,5.212500000000001
2023-07-31,197.8,198.1,195.7,197.7,12748,17:25,17:20,True,27530.35714285714,0.46305247454109105,5.276785714285716
2023-08-01,199.3,200.5,199.3,200.4,23631,17:25,17:20,True,26254.928571428572,0.9000595806501636,5.451785714285718
2023-08-02,197.05,197.35,194.7,194.9,33168,17:25,17:20,True,26958.714285714286,1.230325736178601,5.308928571428576
2023-08-03,195.7,195.7,193.85,194.0,17081,17:25,17:20,True,24700.5,0.6915244630675492,5.4446428571428624
2023-08-04,189.9,189.95,188.95,189.25,14440,17:25,17:20,True,24902.928571428572,0.579851480462711,5.823214285714291
2023-08-07,189.25,189.25,188.75,188.75,6864,17:25,17:20,True,24330.64285714286,0.28211338435658734,5.730357142857146
2023-08-08,189.3,189.55,188.55,189.55,14735,17:25,17:20,True,24204.85714285714,0.6087621138614446,5.673214285714288
2023-08-09,189.55,191.2,189.55,191.2,8958,17:25,17:20,True,17741.071428571428,0.5049300452944138,5.200000000000001
2023-08-10,190.0,190.2,189.55,189.75,8218,17:25,17:20,True,15957.07142857143,0.5150067815881002,4.70357142857143
2023-08-11,188.1,188.1,187.25,187.25,5974,17:25,17:20,True,14871.5,0.40170796489930405,4.553571428571429
2023-08-14,183.1,183.55,182.9,183.4,16792,17:25,17:20,True,14386.642857142857,1.1671937759727524,4.728571428571428
2023-08-15,185.15,185.4,184.95,185.05,15047,17:25,17:20,True,13851.857142857143,1.0862803337355487,4.689285714285712
2023-08-16,181.45,182.45,181.35,182.25,9301,17:25,17:20,True,13925.214285714286,0.6679250896369894,4.67142857142857
2023-08-17,181.9,181.9,180.2,181.45,22843,17:25,17:20,True,13956.357142857143,1.636745159655866,4.685714285714283
2023-08-18,180.15,180.3,179.1,179.3,15359,17:25,17:20,True,14985.714285714286,1.0249094375595804,4.660714285714284
2023-08-21,179.65,180.4,179.65,180.4,7133,17:25,17:20,True,15172.214285714286,0.4701357274340783,4.403571428571425
2023-08-22,182.85,182.85,181.1,181.1,11017,17:25,17:20,True,13993.785714285714,0.7872780264709336,4.449999999999995
2023-08-23,185.0,185.45,184.7,184.85,11302,17:25,17:20,True,12411.57142857143,0.9106018577134241,4.38571428571428
2023-08-24,181.6,183.2,181.6,183.15,24481,17:25,17:20,True,11998.785714285714,2.0402897912288744,4.003571428571424
2023-08-25,178.0,178.3,177.6,178.3,22871,17:25,17:20,True,12716.0,1.798600188738597,4.1178571428571376
2023-08-28,179.8,180.9,179.8,180.65,11908,17:25,17:20,True,13859.357142857143,0.8592029108750664,4.089285714285708
2023-08-29,182.6,183.65,182.6,183.55,19768,17:25,17:20,True,13657.42857142857,1.4474174180456476,4.053571428571423
2023-08-30,183.1,184.45,183.1,184.2,10553,17:25,17:20,True,14429.57142857143,0.7313453523023157,3.8785714285714232
2023-08-31,181.95,182.6,181.65,181.8,52449,17:25,17:20,True,14596.357142857143,3.5932938257588733,3.982142857142851
2023-09-01,178.55,180.0,178.15,179.05,60029,17:25,17:20,True,17916.0,3.350580486715785,3.982142857142851
2023-09-04,180.0,180.15,179.5,179.5,14377,17:25,17:20,True,21004.35714285714,0.6844770302760312,4.053571428571424
2023-09-05,179.9,180.1,178.8,179.2,25897,17:25,17:20,True,20956.5,1.2357502445541957,3.9285714285714244
2023-09-06,179.9,181.3,179.8,180.9,32749,17:25,17:20,True,22141.928571428572,1.479049121414769,3.9214285714285677
2023-09-07,183.4,183.4,182.65,183.15,7742,17:25,17:20,True,22849.5,0.3388257948751614,3.9642857142857104
2023-09-08,180.0,180.85,179.7,180.85,26483,17:25,17:20,True,22305.428571428572,1.1872894490770984,4.146428571428566
2023-09-11,178.1,178.25,177.05,177.1,18785,17:25,17:20,True,23687.571428571428,0.7930319094401524,4.271428571428566
2023-09-12,179.8,179.8,178.8,179.05,17604,17:25,17:20,True,24242.428571428572,0.7261648703277017,4.132142857142853
2023-09-13,179.65,179.75,179.45,179.75,6767,17:25,17:20,True,24692.571428571428,0.27405003239840786,3.907142857142852
2023-09-14,179.4,180.45,179.3,180.25,20634,17:25,17:20,True,23427.285714285714,0.8807678470159948,3.9285714285714244
2023-09-15,183.1,184.4,183.05,184.15,41094,17:25,17:20,True,23267.5,1.7661545073600515,3.946428571428567
2023-09-18,183.3,184.25,183.2,183.6,8643,17:25,17:20,True,25352.214285714286,0.34091696695977525,4.09285714285714
2023-09-19,185.9,185.9,185.4,185.9,10596,17:25,17:20,True,24557.571428571428,0.4314758904731157,4.182142857142854
2023-09-20,183.65,183.7,183.15,183.45,6101,17:25,17:20,True,24560.64285714286,0.248405550110659,4.142857142857141
2023-09-21,183.1,183.1,181.55,181.9,45959,17:25,17:20,True,21250.071428571428,2.162769200775796,4.010714285714284
2023-09-22,180.2,180.35,178.2,179.35,23113,17:25,17:20,True,20245.071428571428,1.1416605805292999,4.071428571428569
2023-09-25,178.05,178.1,177.8,178.0,26080,17:25,17:20,True,20869.071428571428,1.2496962353722358,4.078571428571428
2023-09-26,176.4,176.5,175.9,175.9,16227,17:25,17:20,True,20882.14285714286,0.7770754232939968,4.049999999999999
2023-09-27,175.25,175.5,173.15,173.75,39149,17:25,17:20,True,19702.0,1.9870571515582174,4.078571428571428
2023-09-28,176.4,177.1,176.2,176.65,13622,17:25,17:20,True,21945.35714285714,0.6207235503767475,3.9928571428571433
2023-09-29,179.0,179.4,178.8,178.8,23893,17:25,17:20,True,21026.714285714286,1.1363163866374069,3.9178571428571445
2023-10-02,181.75,183.05,181.75,182.4,26138,17:25,17:20,True,21391.571428571428,1.2218831181840646,4.0392857142857155
2023-10-03,179.1,179.55,179.0,179.15,8004,17:25,17:20,True,22001.14285714286,0.36379928315412186,4.2428571428571455
2023-10-04,181.2,181.2,179.1,180.25,74206,17:25,17:20,True,22089.5,3.359333620045723,4.000000000000002
2023-10-05,179.5,180.25,179.5,180.15,7489,17:25,17:20,True,25916.071428571428,0.2889712671398057,4.032142857142858
2023-10-06,180.85,181.6,180.8,181.3,8597,17:25,17:20,True,23515.714285714286,0.3655853228843934,3.8607142857142867
2023-10-09,183.0,183.15,182.4,182.95,34585,17:25,17:20,True,23512.428571428572,1.4709241920686322,3.9178571428571423
2023-10-10,181.1,182.55,181.05,182.3,22634,17:25,17:20,True,25225.928571428572,0.897251410821632,3.8428571428571416
2023-10-11,184.7,185.25,184.5,185.1,7358,17:25,17:20,True,26406.85714285714,0.2786397472517961,4.010714285714286
2023-10-12,186.0,186.4,185.75,186.4,22244,17:25,17:20,True,23649.64285714286,0.9405638864978328,3.8214285714285694
2023-10-13,185.35,186.0,184.7,184.85,38577,17:25,17:20,True,23587.571428571428,1.6354799440383254,3.999999999999996
2023-10-16,183.65,184.0,183.65,184.0,7411,17:25,17:20,True,24480.214285714286,0.30273427811964765,4.028571428571425
2023-10-17,180.0,180.05,178.55,178.85,15932,17:25,17:20,True,23850.5,0.6679943816691474,4.017857142857139
2023-10-18,178.85,179.0,178.35,178.65,9141,17:25,17:20,True,22192.14285714286,0.41190253950883515,3.999999999999996
2023-10-19,175.0,175.1,174.35,174.9,20901,17:25,17:20,True,21872.071428571428,0.9556022193991686,4.039285714285711
2023-10-20,171.5,171.5,170.0,171.05,31704,17:25,17:20,True,21658.35714285714,1.4638229386874748,3.9571428571428533
2023-10-23,170.0,170.35,169.25,169.45,11714,17:25,17:20,True,22055.928571428572,0.5311043677922683,3.9285714285714226
2023-10-24,171.55,172.7,171.25,172.7,36199,17:25,17:20,True,22320.928571428572,1.62175152723421,4.399999999999996
2023-10-25,174.9,175.8,174.9,175.45,17649,17:25,17:20,True,19606.14285714286,0.900177058210619,4.5642857142857105
2023-10-26,173.25,174.4,172.7,172.9,12630,17:25,17:20,True,20331.85714285714,0.6211926392782615,4.696428571428569
2023-10-27,172.0,176.5,171.75,175.0,213353,17:25,17:20,True,20619.928571428572,10.346932059484756,4.846428571428571
2023-10-30,175.6,178.45,175.6,178.45,28931,17:25,17:20,True,33389.07142857143,0.8664811197847029,5.485714285714287
2023-10-31,180.0,180.6,179.9,180.6,18973,17:25,17:20,True,33838.857142857145,0.5606867844236549,5.446428571428571
2023-11-01,180.45,180.6,179.45,179.9,11077,17:25,17:20,True,34668.5,0.3195119488873185,5.482142857142857
2023-11-02,179.6,180.9,179.6,180.9,47083,17:25,17:20,True,33870.857142857145,1.3900740628268717,5.6000000000000005
2023-11-06,187.55,188.0,185.6,185.6,56297,17:25,17:20,True,34478.42857142857,1.6328180352932888,5.807142857142858
2023-11-07,182.4,182.55,181.55,181.65,15045,17:25,17:20,True,37970.28571428572,0.39623088731037803,5.982142857142857
2023-11-08,179.1,179.1,178.45,178.9,19730,17:25,17:20,True,37906.92857142857,0.5204853240172829,6.032142857142858
2023-11-09,180.0,180.75,179.95,180.35,6693,17:25,17:20,True,38663.28571428572,0.1731099640485806,5.885714285714286
2023-11-10,184.55,184.55,183.35,183.35,14494,17:25,17:20,True,37648.42857142857,0.38498286781083635,6.0428571428571445
2023-11-13,184.0,184.05,183.65,184.0,8697,17:25,17:20,True,36419.142857142855,0.23880298430181932,6.017857142857147
2023-11-14,182.95,184.15,182.9,183.9,3586,17:25,17:20,True,36203.642857142855,0.09905080585813188,5.55714285714286
2023-11-15,188.5,188.6,187.85,188.2,9181,17:25,17:20,True,33874.142857142855,0.2710326882282736,5.528571428571431
2023-11-16,190.05,190.2,189.25,189.25,5338,17:25,17:20,True,33269.28571428572,0.16044828992850546,5.446428571428574
2023-11-17,187.45,188.45,187.35,187.7,6408,17:25,17:20,True,32748.428571428572,0.19567351105178438,5.317857142857144
2023-11-20,190.35,190.45,189.55,190.25,7960,17:25,17:20,True,17966.64285714286,0.44304325873742206,4.710714285714287
2023-11-21,190.0,191.05,189.8,190.5,13529,17:25,17:20,True,16468.714285714286,0.8214970376731638,4.489285714285716
2023-11-22,190.15,190.95,190.15,190.35,4664,17:25,17:20,True,16079.857142857143,0.29005232811236775,4.403571428571431
2023-11-23,190.3,191.0,190.3,190.65,32060,17:25,17:20,True,15621.785714285714,2.052262179648385,4.107142857142859
2023-11-24,191.0,191.15,190.8,191.1,4267,17:25,17:20,True,14548.714285714286,0.2932905214991997,3.7464285714285728
2023-11-27,191.0,191.65,190.8,191.4,14508,17:25,17:20,True,10832.285714285714,1.339329517579722,3.364285714285716
2023-11-28,192.95,193.2,192.45,192.5,15111,17:25,17:20,True,10793.92857142857,1.3999536776627073,3.1892857142857145
2023-11-29,192.5,192.8,191.5,192.8,11227,17:25,17:20,True,10464.0,1.0729166666666667,3.1678571428571423
2023-11-30,195.75,196.75,195.75,196.75,10222,17:25,17:20,True,10787.857142857143,0.9475468449976826,3.0821428571428577
2023-12-01,197.35,198.2,197.35,198.05,8487,17:25,17:20,True,10482.714285714286,0.8096185557175758,2.9464285714285694
2023-12-04,198.9,199.75,198.9,199.1,17790,17:25,17:20,True,10467.714285714286,1.6995114228785106,2.9749999999999983
2023-12-05,195.0,196.0,194.7,196.0,36512,17:25,17:20,True,11482.285714285714,3.1798546829899474,2.867857142857141
2023-12-06,199.8,200.2,199.45,199.55,43284,17:25,17:20,True,13434.5,3.221854181398638,2.7464285714285706
2023-12-07,202.5,203.4,202.2,202.4,24180,17:25,17:20,True,16144.92857142857,1.4976839255139829,3.017857142857143
2023-12-08,202.0,202.4,200.1,200.4,123786,17:25,17:20,True,17414.35714285714,7.108272730628669,2.992857142857141
2023-12-11,202.1,202.1,199.85,201.2,42879,17:25,17:20,True,25687.64285714286,1.6692461911925411,3.17142857142857
2023-12-12,205.0,205.5,204.4,204.4,47054,17:25,17:20,True,27784.071428571428,1.6935602876262608,3.3714285714285706
2023-12-13,204.5,204.5,204.0,204.1,9830,17:25,17:20,True,30811.928571428572,0.31903228573349374,3.3428571428571416
2023-12-14,205.0,207.5,204.9,207.1,65764,17:25,17:20,True,29224.071428571428,2.2503366842891257,3.407142857142856
2023-12-15,205.4,206.9,205.4,206.9,12801,17:25,17:20,True,33616.71428571428,0.3807927179081835,3.7749999999999995
2023-12-18,206.0,206.0,204.5,205.0,18195,17:25,17:20,True,33494.78571428572,0.543218880550704,3.8214285714285716
2023-12-19,205.5,205.5,204.1,204.8,22178,17:25,17:20,True,33715.07142857143,0.6578067036573301,3.846428571428573
2023-12-20,206.6,207.1,206.3,206.9,18776,17:25,17:20,True,34497.28571428572,0.5442747048422029,3.778571428571429
2023-12-21,206.6,207.0,205.5,205.5,21953,17:25,17:20,True,35108.28571428572,0.6252939883950878,3.757142857142859
2023-12-22,204.1,204.8,204.1,204.8,6090,17:25,17:20,True,36070.142857142855,0.16883770114578342,3.82857142857143
2023-12-27,205.0,205.1,204.1,204.1,16641,17:25,17:20,True,35234.42857142857,0.47229373867280783,3.664285714285715
2023-12-28,204.8,205.3,204.8,204.9,3001,17:25,17:20,True,33815.07142857143,0.08874740975600483,3.6892857142857145
2024-01-02,202.1,203.2,202.1,203.2,7909,17:25,17:20,True,30937.714285714286,0.25564267375925825,3.3392857142857144
2024-01-03,201.1,201.4,200.1,200.4,19485,17:25,17:20,True,29775.5,0.6543970714177764,3.410714285714288
2024-01-04,199.4,200.3,198.65,198.8,14911,17:25,17:20,True,22325.428571428572,0.6678931135540511,3.442857142857144
2024-01-08,198.2,198.6,197.45,198.6,20379,17:25,17:20,True,20327.714285714286,1.0025229454509677,3.3214285714285734
2024-01-09,201.1,201.1,199.8,199.9,23063,17:25,17:20,True,18422.35714285714,1.2519027734158419,3.523214285714289
2024-01-10,200.0,200.6,199.4,200.3,96350,17:25,17:20,True,19367.571428571428,4.974810618633504,3.7482142857142895
2024-01-11,199.05,199.5,198.7,198.75,16612,17:25,17:20,True,21552.285714285714,0.7707767157610065,3.637500000000005
2024-01-12,195.1,196.05,195.1,195.75,13083,17:25,17:20,True,21824.5,0.5994639052441064,3.8267857142857196
2024-01-15,196.75,196.8,196.35,196.45,16912,17:25,17:20,True,21459.35714285714,0.7880944376578982,3.8267857142857196
2024-01-16,193.4,193.4,192.3,192.35,24072,17:25,17:20,True,21083.214285714286,1.1417613876984058,3.723214285714292
2024-01-17,189.45,189.75,188.2,189.05,33329,17:25,17:20,True,21461.5,1.5529669408009692,3.8553571428571485
2024-01-18,189.15,189.3,188.65,188.7,29709,17:25,17:20,True,22274.071428571428,1.3337929751761337,3.9053571428571496
2024-01-19,193.95,195.0,193.95,193.95,19700,17:25,17:20,True,23961.14285714286,0.8221644567394829,4.251785714285723
2024-01-22,194.0,195.9,194.0,195.45,34124,17:25,17:20,True,24179.64285714286,1.41126981079125,4.237500000000007
2024-01-23,197.3,198.0,196.75,196.75,18168,17:25,17:20,True,26402.714285714286,0.6881110708314622,4.28035714285715
2024-01-24,197.6,198.55,196.75,197.0,37354,17:25,17:20,True,27135.5,1.376573123767758,4.183928571428576
2024-01-25,195.85,197.15,195.6,197.05,34808,17:25,17:20,True,28411.85714285714,1.2251223080906866,4.058928571428576
2024-01-26,201.2,201.9,200.5,201.5,20193,17:25,17:20,True,29833.071428571428,0.6768662773575825,4.287500000000002
2024-01-29,201.0,201.0,199.7,200.0,8395,17:25,17:20,True,29819.785714285714,0.2815244911695734,4.1714285714285735
2024-01-30,199.2,199.2,198.15,198.6,19470,17:25,17:20,True,28772.071428571428,0.676697889073978,4.1178571428571455
2024-01-31,208.6,208.8,204.4,205.0,223602,17:25,17:20,True,23280.64285714286,9.60463168358753,3.932142857142858
2024-02-01,203.7,204.3,202.2,204.1,91151,17:25,17:20,True,38065.642857142855,2.39457403470321,4.632142857142857
2024-02-02,208.0,208.5,207.5,208.5,17082,17:25,17:20,True,43641.92857142857,0.39141258324645206,4.846428571428571
2024-02-05,209.9,209.9,209.1,209.3,9504,17:25,17:20,True,43654.07142857143,0.2177116518341441,5.057142857142856
2024-02-06,211.0,211.0,208.9,210.6,68984,17:25,17:20,True,42613.5,1.6188297135884169,5.153571428571427
2024-02-07,213.5,213.7,212.7,213.3,20308,17:25,17:20,True,45160.28571428572,0.4496871461018214,5.410714285714284
2024-02-08,209.5,209.8,209.3,209.5,4598,17:25,17:20,True,44488.78571428572,0.1033518880359898,5.3142857142857105
2024-02-09,209.9,210.2,209.5,209.7,5432,17:25,17:20,True,43410.07142857143,0.12513225206132217,5.407142857142854
2024-02-12,209.0,209.9,208.6,209.0,33349,17:25,17:20,True,41360.642857142855,0.8062979126118861,5.349999999999996
2024-02-13,209.1,209.3,208.8,209.0,6700,17:25,17:20,True,42445.0,0.1578513370243845,5.282142857142854
2024-02-14,211.2,211.5,210.9,211.2,75070,17:25,17:20,True,40255.42857142857,1.864841654009397,5.232142857142855
2024-02-15,213.6,214.7,213.6,214.4,20094,17:25,17:20,True,43131.28571428572,0.46587992143588175,5.010714285714286
2024-02-16,217.6,218.7,217.2,218.7,10493,17:25,17:20,True,43124.21428571428,0.24332037519524166,5.110714285714287
2024-02-19,216.7,217.7,216.7,217.5,5284,17:25,17:20,True,43274.07142857143,0.1221054508060749,4.996428571428571
2024-02-20,217.0,218.0,217.0,218.0,8101,17:25,17:20,True,42260.78571428572,0.1916907095568164,4.992857142857143
2024-02-21,216.4,217.4,216.4,217.0,6808,17:25,17:20,True,26867.85714285714,0.25338827595374186,4.1678571428571445
2024-02-22,219.3,220.8,219.1,220.8,25042,17:25,17:20,True,20843.35714285714,1.2014379367184476,3.910714285714288
2024-02-23,218.0,219.8,217.7,218.7,77675,17:25,17:20,True,21411.928571428572,3.6276508087948303,3.992857142857145
2024-02-26,221.5,221.7,220.7,221.3,8721,17:25,17:20,True,26281.285714285714,0.3318330805733575,4.07857142857143
2024-02-27,221.7,221.8,221.0,221.1,9837,17:25,17:20,True,21976.785714285714,0.44760867798813686,3.75
2024-02-28,223.8,224.4,223.5,224.2,10663,17:25,17:20,True,21228.85714285714,0.5022879907403669,3.5857142857142867
2024-02-29,227.0,227.7,227.0,227.5,10275,17:25,17:20,True,21662.071428571428,0.47433136918049656,3.528571428571429
2024-03-01,227.3,227.7,226.9,226.9,11754,17:25,17:20,True,22008.0,0.5340785169029444,3.5928571428571456
2024-03-04,226.3,227.0,225.3,225.4,13272,17:25,17:20,True,20465.5,0.6485060223302631,3.6571428571428606
2024-03-05,222.7,223.3,221.7,222.7,39497,17:25,17:20,True,20934.928571428572,1.8866555892578705,3.6642857142857173
2024-03-06,223.3,223.7,223.3,223.3,16277,17:25,17:20,True,18394.0,0.8849081222137654,3.7178571428571456
2024-03-07,223.5,223.8,222.7,223.8,4414,17:25,17:20,True,18121.35714285714,0.24357999046113704,3.4964285714285745
2024-03-08,224.8,224.8,224.2,224.5,7697,17:25,17:20,True,17687.14285714286,0.43517486471205874,3.4178571428571467
2024-03-11,225.4,225.5,224.5,225.0,50859,17:25,17:20,True,17859.5,2.8477280998908143,3.4464285714285734
2024-03-12,228.1,229.1,227.6,229.1,27842,17:25,17:20,True,20913.64285714286,1.331284090016428,3.410714285714288
2024-03-13,234.8,235.0,233.0,234.0,20820,17:25,17:20,True,22416.071428571428,0.9287978969170717,3.8107142857142873
2024-03-14,233.1,233.4,232.1,232.4,12495,17:25,17:20,True,22114.5,0.5650139049040223,3.6500000000000017
2024-03-15,232.8,233.9,232.8,233.6,6669,17:25,17:20,True,17458.785714285714,0.381985328712928,3.357142857142859
2024-03-18,236.5,237.0,236.4,236.9,9509,17:25,17:20,True,17312.214285714286,0.5492653824096116,3.47857142857143
2024-03-19,225.6,226.5,223.9,226.2,140850,17:25,17:20,True,17288.785714285714,8.146899517854266,3.864285714285716
2024-03-20,227.6,228.0,227.1,227.6,11314,17:25,17:20,True,26587.85714285714,0.4255326008113264,4.192857142857144
2024-03-21,231.5,232.0,231.0,231.5,28504,17:25,17:20,True,26662.071428571428,1.0690842261211084,4.214285714285714
2024-03-22,231.4,231.4,230.8,231.0,9933,17:25,17:20,True,27858.5,0.35655186029398567,4.285714285714286
2024-03-25,232.1,232.4,231.4,231.5,76129,17:25,17:20,True,27620.0,2.7562997827661113,4.464285714285714
2024-03-26,226.7,226.9,225.7,226.7,17516,17:25,17:20,True,30236.571428571428,0.5792984843330687,4.6499999999999995
2024-03-27,221.3,222.0,220.1,220.9,30516,17:25,17:20,True,30325.071428571428,1.0062960633704785,4.978571428571428
2024-04-02,219.6,221.0,218.8,220.7,52075,17:25,17:20,True,32189.5,1.6177635564392114,5.535714285714286
2024-04-03,221.9,223.0,221.3,221.4,19294,17:25,17:20,True,35359.357142857145,0.5456547165733054,5.714285714285714
2024-04-04,223.5,224.1,222.9,223.4,14216,17:25,17:20,True,33104.71428571428,0.42942524370719753,5.778571428571429
2024-04-05,224.8,226.0,224.0,225.9,15463,17:25,17:20,True,32131.428571428572,0.4812422194558065,5.614285714285714
2024-04-08,227.9,228.7,227.6,228.1,21115,17:25,17:20,True,31748.785714285714,0.6650648056281118,5.671428571428572
2024-04-09,226.4,226.6,225.5,226.2,35111,17:25,17:20,True,32364.5,1.0848614994824577,5.714285714285714
2024-04-10,225.3,226.6,225.0,226.0,12419,17:25,17:20,True,34396.07142857143,0.3610586757208568,5.607142857142859
2024-04-11,224.2,224.8,224.1,224.5,6079,17:25,17:20,True,34603.92857142857,0.17567369518324716,5.364285714285716
2024-04-12,220.8,221.8,220.8,220.9,14542,17:25,17:20,True,24977.428571428572,0.5822056485283856,5.4928571428571455
2024-04-15,220.0,222.5,220.0,221.1,49941,17:25,17:20,True,25208.0,1.9811567756267852,5.550000000000002
2024-04-16,218.9,219.5,218.0,218.6,20396,17:25,17:20,True,26739.214285714286,0.7627748437954956,5.735714285714287
2024-04-17,216.8,217.8,216.8,217.3,19578,17:25,17:20,True,27486.571428571428,0.71227508497656,5.792857142857143
2024-04-18,220.6,221.0,220.1,220.5,15129,17:25,17:20,True,23447.214285714286,0.645236564806663,5.657142857142857
2024-04-19,216.7,216.7,214.6,215.3,36387,17:25,17:20,True,23276.714285714286,1.5632360973873338,5.471428571428571
2024-04-22,220.9,221.5,220.4,221.0,15516,17:25,17:20,True,23696.071428571428,0.6547920842816018,5.171428571428572
2024-04-23,223.2,223.6,222.4,222.9,16675,17:25,17:20,True,21084.714285714286,0.790857289979877,5.585714285714287
2024-04-24,226.0,226.0,225.1,225.6,8775,17:25,17:20,True,20897.64285714286,0.4199038169034785,5.600000000000002
2024-04-25,223.0,224.6,222.8,224.2,18237,17:25,17:20,True,20509.0,0.8892193671071237,5.45714285714286
2024-04-26,230.0,231.2,228.1,228.1,99850,17:25,17:20,True,20707.14285714286,4.822007588823732,5.607142857142857
2024-04-29,226.7,228.3,226.7,227.5,19429,17:25,17:20,True,26331.071428571428,0.7378735063138335,6.221428571428571
2024-05-02,230.0,231.0,228.9,231.0,98896,17:25,17:20,True,25210.928571428572,3.922743254767632,6.3357142857142845
2024-05-03,231.2,231.2,229.5,230.2,14230,17:25,17:20,True,31387.85714285714,0.4533600345902647,6.349999999999999
2024-05-06,232.1,232.1,231.1,231.1,5956,17:25,17:20,True,31970.071428571428,0.18629923969069287,5.978571428571426
2024-05-07,236.0,236.0,234.6,234.9,21384,17:25,17:20,True,31356.785714285714,0.6819576532762333,5.949999999999997
2024-05-10,240.0,240.0,238.2,238.3,91503,17:25,17:20,True,29317.0,3.1211583722754717,5.857142857142853
2024-05-13,237.8,237.9,236.7,237.0,11885,17:25,17:20,True,34396.07142857143,0.34553364690735033,5.599999999999996
2024-05-14,234.3,234.5,234.0,234.5,12598,17:25,17:20,True,33846.57142857143,0.3722090441741303,5.614285714285709
2024-05-15,237.0,237.6,236.7,236.9,8864,17:25,17:20,True,33665.78571428572,0.26329401830175186,5.592857142857137
2024-05-16,236.3,236.3,235.6,235.8,3484,17:25,17:20,True,31699.85714285714,0.10990585807056363,5.364285714285709
2024-05-17,231.8,232.3,231.8,232.1,7646,17:25,17:20,True,30840.428571428572,0.24792132775623832,4.778571428571425
2024-05-20,232.7,233.4,232.1,233.4,7170,17:25,17:20,True,30195.5,0.23745260055306255,4.749999999999996
2024-05-21,235.0,235.0,233.2,233.6,9958,17:25,17:20,True,30080.85714285714,0.3310410987528851,4.728571428571426
2024-05-22,234.7,234.8,234.0,234.3,19715,17:25,17:20,True,29489.5,0.6685430407433154,4.392857142857143
2024-05-23,231.9,233.4,231.9,233.4,7703,17:25,17:20,True,23765.571428571428,0.32412433351967734,3.7928571428571445
2024-05-24,234.1,234.3,233.0,233.1,32676,17:25,17:20,True,22928.0,1.4251570132588973,3.885714285714286
2024-05-27,232.9,232.9,232.0,232.4,12731,17:25,17:20,True,18198.0,0.6995823716891966,3.800000000000001
2024-05-28,232.8,233.5,232.8,233.5,5467,17:25,17:20,True,18090.928571428572,0.30219565449139857,3.607142857142859
2024-05-29,232.1,232.6,232.0,232.4,11284,17:25,17:20,True,18056.0,0.6249446167478955,3.535714285714288
2024-05-30,228.6,228.6,228.0,228.3,6078,17:25,17:20,True,17334.571428571428,0.35062880123947193,3.528571428571431
2024-05-31,228.8,228.8,228.2,228.4,7052,17:25,17:20,True,11232.785714285714,0.6278050858774379,3.5071428571428607
2024-06-03,231.4,232.2,230.7,231.9,21331,17:25,17:20,True,10887.57142857143,1.959206434597772,3.3500000000000045
2024-06-04,225.3,225.9,225.1,225.2,14478,17:25,17:20,True,11511.357142857143,1.2577144310897932,3.607142857142861
2024-06-05,223.7,224.1,223.7,224.1,9814,17:25,17:20,True,11912.357142857143,0.8238503834553554,3.750000000000002
2024-06-07,227.2,227.8,226.9,227.1,48359,17:25,17:20,True,12364.5,3.911116502891342,3.9928571428571433
2024-06-10,222.8,222.9,222.0,222.3,18207,17:25,17:20,True,15272.57142857143,1.1921371646649455,4.0857142857142845
2024-06-11,226.6,227.3,226.6,227.0,5653,17:25,17:20,True,16060.92857142857,0.35197217737810926,4.199999999999998
2024-06-12,223.8,224.2,223.2,223.2,5183,17:25,17:20,True,15753.42857142857,0.329007744345902,4.471428571428569
2024-06-13,222.3,222.3,221.3,221.3,6286,17:25,17:20,True,14715.42857142857,0.4271707051879466,4.421428571428568
2024-06-14,213.2,213.2,209.4,209.4,69328,17:25,17:20,True,14614.214285714286,4.743874603492685,4.599999999999999
2024-06-17,208.6,209.0,208.0,208.9,36574,17:25,17:20,True,17232.214285714286,2.122420217947283,4.914285714285711
2024-06-18,211.5,211.8,211.3,211.3,28259,17:25,17:20,True,18935.285714285714,1.4923989226463066,5.04285714285714
2024-06-19,210.8,211.4,210.3,211.4,38193,17:25,17:20,True,20563.285714285714,1.8573393634980513,5.057142857142856
2024-06-20,211.8,211.8,211.2,211.5,9019,17:25,17:20,True,22485.35714285714,0.40110548134500235,4.928571428571426
2024-06-24,208.7,212.3,208.7,211.7,150271,17:25,17:20,True,22695.428571428572,6.6212012488355105,5.0642857142857105
2024-06-25,212.3,212.3,211.9,212.0,5437,17:25,17:20,True,32925.357142857145,0.16513108654857847,5.271428571428568
2024-06-26,211.1,211.8,210.9,211.2,13822,17:25,17:20,True,31790.071428571428,0.4347898377975154,5.0642857142857105
2024-06-27,209.4,209.8,209.2,209.5,10728,17:25,17:20,True,31743.214285714286,0.33796199412697875,5.0785714285714265
2024-06-28,213.1,213.3,212.8,213.0,33693,17:25,17:20,True,31808.5,1.0592451703161105,4.942857142857142
2024-07-01,215.3,215.3,214.8,215.0,11138,17:25,17:20,True,30760.928571428572,0.3620826976707465,4.728571428571428
2024-07-02,213.0,213.6,212.9,213.3,7053,17:25,17:20,True,30256.0,0.23311078794288737,4.5785714285714265
2024-07-03,212.1,212.7,212.1,212.5,12363,17:25,17:20,True,30356.0,0.4072670971142443,4.464285714285713
2024-07-04,212.8,213.1,212.5,213.0,5067,17:25,17:20,True,30868.85714285714,0.16414601864107145,4.528571428571429
2024-07-05,212.9,213.2,212.7,213.1,6387,17:25,17:20,True,30781.785714285714,0.20749283551265243,4.014285714285713
2024-07-08,211.1,211.2,209.9,210.2,17110,17:25,17:20,True,26286.0,0.6509168378604581,3.7000000000000006
2024-07-09,211.6,211.8,210.4,211.0,23183,17:25,17:20,True,24895.714285714286,0.9312044528605038,3.657142857142856
2024-07-10,206.3,206.8,205.9,205.9,10090,17:25,17:20,True,24533.14285714286,0.41128036708359533,3.9857142857142844
2024-07-11,207.8,208.1,207.5,207.9,30101,17:25,17:20,True,22525.785714285714,1.336290790554317,3.942857142857144
2024-07-12,209.3,210.0,208.9,210.0,21929,17:25,17:20,True,24031.64285714286,0.9125052386288316,3.8857142857142883
2024-07-15,214.2,214.5,213.8,213.8,10888,17:25,17:20,True,14864.357142857143,0.7324904733759088,4.1214285714285745
2024-07-16,211.5,211.6,210.9,211.6,9085,17:25,17:20,True,15253.714285714286,0.5955926425413951,4.085714285714289
2024-07-17,212.5,213.3,211.9,212.0,24753,17:25,17:20,True,14915.357142857143,1.6595646864449394,3.964285714285716
2024-07-18,205.5,208.4,205.0,208.2,94877,17:25,17:20,True,15917.142857142857,5.960680308741698,4.0428571428571445
2024-07-19,205.5,205.5,204.0,204.9,29899,17:25,17:20,True,20287.428571428572,1.4737698222685407,4.600000000000002
2024-07-22,199.0,199.5,199.0,199.45,11982,17:25,17:20,True,21627.5,0.5540168766616577,5.028571428571431
2024-07-23,202.1,202.8,201.9,202.1,11893,17:25,17:20,True,21979.571428571428,0.5410933529186193,5.146428571428572
2024-07-24,195.1,197.85,195.1,196.5,91938,17:25,17:20,True,21946.0,4.189282785017771,5.096428571428571
2024-07-25,193.0,193.45,192.4,192.55,43746,17:25,17:20,True,28151.071428571428,1.553972825190617,5.557142857142858
2024-07-26,196.95,197.15,196.3,197.15,7388,17:25,17:20,True,30819.571428571428,0.23971780454905742,5.628571428571427
2024-07-29,199.8,200.7,199.8,199.9,18286,17:25,17:20,True,30125.14285714286,0.6070012708890532,5.749999999999998
2024-07-30,198.95,199.4,198.95,199.35,2972,17:25,17:20,True,29775.35714285714,0.09981408403401663,5.357142857142855
2024-07-31,200.8,202.0,200.8,201.0,13499,17:25,17:20,True,29266.928571428572,0.4612373302874771,5.285714285714284
2024-08-01,198.05,198.1,197.25,197.25,12435,17:25,17:20,True,28081.071428571428,0.44282498378419627,5.278571428571427
2024-08-02,192.75,193.6,192.2,193.0,22669,17:25,17:20,True,27402.928571428572,0.8272473484325189,5.060714285714283
2024-08-05,183.8,184.75,181.75,182.55,71334,17:25,17:20,True,28244.428571428572,2.5255954398086096,5.17142857142857
2024-08-06,189.95,190.0,188.9,189.6,27268,17:25,17:20,True,32690.785714285714,0.8341188320868047,5.582142857142857
2024-08-07,187.2,188.0,187.15,187.65,17958,17:25,17:20,True,32870.42857142857,0.546326919984528,5.607142857142857
2024-08-08,186.5,186.6,185.05,185.05,8106,17:25,17:20,True,27376.214285714286,0.2960964549517699,5.157142857142857
2024-08-09,188.0,188.3,187.6,187.8,11438,17:25,17:20,True,25819.571428571428,0.4429972833454135,4.760714285714284
2024-08-12,187.45,187.75,187.4,187.5,3570,17:25,17:20,True,25780.714285714286,0.1384756046878896,4.557142857142856
2024-08-13,187.1,187.25,186.7,187.05,4835,17:25,17:20,True,25186.214285714286,0.1919700970201953,4.467857142857142
2024-08-14,187.8,188.15,187.8,187.85,5341,17:25,17:20,True,18964.571428571428,0.28163040858141497,3.9785714285714255
2024-08-15,188.55,189.15,188.4,188.75,5086,17:25,17:20,True,16221.357142857143,0.31353726788757325,3.77142857142857
2024-08-16,191.75,192.15,191.6,191.7,8145,17:25,17:20,True,16056.92857142857,0.5072576591324618,3.8285714285714283
2024-08-19,190.55,191.3,190.5,191.2,14961,17:25,17:20,True,15332.57142857143,0.9757658765652951,3.800000000000001
2024-08-20,191.8,192.2,191.7,191.8,11617,17:25,17:20,True,16188.92857142857,0.7175891813188026,3.7999999999999994
2024-08-21,190.7,191.5,190.7,191.35,9034,17:25,17:20,True,16054.5,0.5627082749384907,3.703571428571426
2024-08-22,191.0,191.45,191.0,191.45,4107,17:25,17:20,True,15811.57142857143,0.2597464786187331,3.44285714285714
2024-08-23,190.8,191.0,190.6,191.0,3549,17:25,17:20,True,14485.714285714286,0.245,3.164285714285711
2024-08-26,191.55,191.95,191.2,191.2,5850,17:25,17:20,True,9643.92857142857,0.6065992667481391,2.7035714285714243
2024-08-27,191.95,191.95,191.45,191.65,3415,17:25,17:20,True,8114.071428571428,0.42087379068109193,2.3785714285714255
2024-08-28,190.75,191.25,190.75,190.95,5326,17:25,17:20,True,7075.285714285715,0.7527611201970642,2.2928571428571405
2024-08-29,190.15,190.75,190.15,190.75,5460,17:25,17:20,True,6876.714285714285,0.7939838377962898,2.1964285714285694
2024-08-30,194.6,194.75,194.4,194.75,9983,17:25,17:20,True,6449.714285714285,1.547820501461859,2.2928571428571405
2024-09-02,193.55,193.65,192.8,192.8,17975,17:25,17:20,True,6907.785714285715,2.6021363058246902,2.289285714285711
2024-09-03,192.95,193.65,192.95,193.3,7880,17:25,17:20,True,7846.357142857143,1.0042877040300777,2.464285714285712
2024-09-04,186.55,187.2,186.05,186.8,34252,17:25,17:20,True,8027.714285714285,4.266718866782931,2.742857142857141
2024-09-05,183.05,183.05,181.5,182.05,75231,17:25,17:20,True,10111.0,7.440510335278409,2.907142857142856
2024-09-06,181.6,181.9,181.1,181.5,6993,17:25,17:20,True,14902.857142857143,0.46923888036809813,2.9964285714285706
2024-09-09,180.5,180.95,180.45,180.9,22759,17:25,17:20,True,14333.714285714286,1.587795008770531,3.1714285714285717
2024-09-10,180.0,180.55,180.0,180.0,27885,17:25,17:20,True,15129.57142857143,1.8430793054283474,3.2607142857142883
2024-09-11,179.7,180.1,179.4,180.05,22673,17:25,17:20,True,16476.071428571428,1.3761168794572216,3.4250000000000034
2024-09-12,182.65,183.5,182.65,183.5,28899,17:25,17:20,True,17802.214285714286,1.6233373857987168,3.5714285714285756
2024-09-13,183.05,183.35,182.9,183.0,15083,17:25,17:20,True,19612.928571428572,0.7690335456568371,3.7178571428571456
2024-09-16,185.0,185.15,184.45,185.0,32397,17:25,17:20,True,20272.428571428572,1.5980818423333591,3.8357142857142867
2024-09-17,187.3,187.9,187.3,187.45,14879,17:25,17:20,True,22342.571428571428,0.6659484136625788,3.8321428571428577
2024-09-18,196.8,197.1,194.8,194.9,161604,17:25,17:20,True,23024.928571428572,7.0186536952185365,5.075000000000001
2024-09-19,199.95,201.6,199.8,200.5,86276,17:25,17:20,True,34178.07142857143,2.5243086105752854,5.096428571428573
2024-09-20,201.8,201.8,199.4,199.65,82240,17:25,17:20,True,39627.57142857143,2.075322737055369,5.471428571428573
2024-09-23,193.75,194.15,193.25,193.55,26908,17:25,17:20,True,44217.92857142857,0.6085314457128734,5.871428571428573
2024-09-24,196.25,197.8,195.85,197.8,86224,17:25,17:20,True,45577.07142857143,1.8918284413058573,5.635714285714286
2024-09-25,196.55,196.65,196.35,196.65,9292,17:25,17:20,True,49289.357142857145,0.18851939929077705,5.492857142857143
2024-09-26,200.8,201.7,200.8,201.3,22441,17:25,17:20,True,44579.42857142857,0.5033936216576512,5.417857142857143
2024-09-27,202.9,203.3,202.7,203.0,15320,17:25,17:20,True,45682.857142857145,0.3353555569453999,5.496428571428571
2024-09-30,204.0,204.2,203.6,204.0,22337,17:25,17:20,True,45151.5,0.4947122465477337,5.474999999999999
2024-10-01,202.3,202.9,202.0,202.0,21852,17:25,17:20,True,44755.21428571428,0.4882559574063996,5.403571428571427
2024-10-02,200.0,200.3,199.65,200.0,11687,17:25,17:20,True,44696.57142857143,0.26147419424947904,5.432142857142854
2024-10-03,198.75,199.65,198.75,199.65,7024,17:25,17:20,True,43467.142857142855,0.16159332172084004,5.339285714285713
2024-10-04,198.0,198.7,197.9,198.7,31518,17:25,17:20,True,42891.5,0.734830910553373,5.349999999999999
2024-10-07,202.7,202.7,202.3,202.4,11086,17:25,17:20,True,42828.71428571428,0.25884503387246877,5.589285714285713
2024-10-08,197.95,198.15,197.3,197.85,35029,17:25,17:20,True,42557.78571428572,0.8230926353915432,4.492857142857141
2024-10-09,195.8,196.1,195.5,196.1,20426,17:25,17:20,True,33516.71428571428,0.6094272793531587,4.542857142857143
2024-10-10,197.3,197.6,197.0,197.0,13982,17:25,17:20,True,28813.14285714286,0.4852646609682089,4.253571428571429
2024-10-11,194.85,195.1,194.0,194.2,18317,17:25,17:20,True,23937.571428571428,0.7651987610630032,3.8250000000000006
2024-10-14,197.0,197.6,197.0,197.25,9038,17:25,17:20,True,23323.928571428572,0.3874990429816099,3.885714285714286
2024-10-15,197.4,197.4,196.6,196.85,10532,17:25,17:20,True,17810.64285714286,0.5913318280803211,3.635714285714286
2024-10-16,191.75,192.8,191.6,192.4,37924,17:25,17:20,True,17899.214285714286,2.1187522197702213,3.7464285714285728
2024-10-17,195.75,196.05,194.35,194.35,15104,17:25,17:20,True,19005.14285714286,0.7947322529240205,3.721428571428573
2024-10-18,195.0,196.45,194.9,196.35,20255,17:25,17:20,True,18989.714285714286,1.0666300553683197,3.6785714285714306
2024-10-21,199.45,200.0,199.0,200.0,12121,17:25,17:20,True,18841.0,0.6433310333846399,3.9857142857142884
2024-10-22,197.05,197.7,197.05,197.7,6260,17:25,17:20,True,18145.928571428572,0.3449809677889176,4.089285714285718
2024-10-23,196.65,197.8,196.65,197.8,5796,17:25,17:20,True,17758.285714285714,0.32638285548798146,4.1214285714285745
2024-10-24,198.8,199.4,198.45,199.4,7674,17:25,17:20,True,17670.571428571428,0.43428137177227677,4.18214285714286
2024-10-25,198.65,200.0,198.6,199.4,19129,17:25,17:20,True,15967.42857142857,1.1980012883369717,4.171428571428576
2024-10-28,202.9,203.6,202.7,203.4,19041,17:25,17:20,True,16541.928571428572,1.151074973983859,4.221428571428575
2024-10-29,203.5,203.6,202.7,203.2,14300,17:25,17:20,True,15399.92857142857,0.9285757355089773,4.053571428571431
2024-10-30,208.0,210.9,205.5,210.3,179321,17:25,17:20,True,14962.357142857143,11.984809498121477,4.08214285714286
2024-10-31,205.1,205.9,204.5,205.0,26824,17:25,17:20,True,26772.285714285714,1.00193163505971,4.65714285714286
2024-11-04,201.3,202.7,201.3,202.5,15338,17:25,17:20,True,27379.928571428572,0.5601913810690312,4.932142857142862
2024-11-05,205.4,205.7,204.7,205.5,9389,17:25,17:20,True,27829.928571428572,0.3373706107761685,5.132142857142861
2024-11-06,208.0,209.3,207.7,209.3,67860,17:25,17:20,True,27748.285714285714,2.44555648225373,5.142857142857145
2024-11-07,206.9,208.6,206.9,208.2,10228,17:25,17:20,True,29886.571428571428,0.3422272783763372,5.385714285714286
2024-11-08,214.4,215.4,214.0,214.7,17645,17:25,17:20,True,29538.285714285714,0.5973603265495628,6.092857142857142
2024-11-11,213.3,213.5,212.8,213.2,10832,17:25,17:20,True,29351.85714285714,0.3690396811104676,6.107142857142855
2024-11-12,210.0,210.6,209.9,210.6,10162,17:25,17:20,True,29259.785714285714,0.34730261182461547,6.0035714285714255
2024-11-13,205.5,206.0,205.2,205.9,13182,17:25,17:20,True,29538.5,0.4462650439257241,6.239285714285712
2024-11-14,203.0,204.0,203.0,203.1,30055,17:25,17:20,True,30066.071428571428,0.9996317633782741,6.446428571428569
2024-11-15,205.0,205.1,204.4,204.9,39928,17:25,17:20,True,31664.714285714286,1.260961954045287,6.414285714285711
2024-11-18,205.8,206.4,204.8,205.9,12236,17:25,17:20,True,33150.357142857145,0.36910612900098033,6.367857142857141
2024-11-19,205.6,206.4,205.5,206.4,12265,17:25,17:20,True,32664.285714285714,0.3754865514979226,6.353571428571428
2024-11-20,204.3,205.1,204.3,204.4,9038,17:25,17:20,True,32518.928571428572,0.27793043611962265,6.574999999999998
2024-11-21,201.2,201.8,201.1,201.7,6317,17:25,17:20,True,20355.85714285714,0.310328371616453,5.96785714285714
2024-11-22,204.9,206.8,204.9,206.5,138107,17:25,17:20,True,18891.071428571428,7.3107023348142555,5.728571428571423
2024-11-25,209.6,209.9,209.1,209.4,18431,17:25,17:20,True,27660.285714285714,0.6663344041482889,5.749999999999998
2024-11-26,206.6,207.0,205.8,206.2,13674,17:25,17:20,True,28306.14285714286,0.4830753546680932,5.67142857142857
2024-11-27,202.4,202.4,201.5,202.4,17228,17:25,17:20,True,24435.714285714286,0.705033615901783,5.564285714285715
2024-11-28,206.4,206.7,206.3,206.5,5262,17:25,17:20,True,24935.714285714286,0.21102262961902032,4.950000000000001
2024-11-29,208.4,208.7,208.1,208.3,6123,17:25,17:20,True,24051.214285714286,0.2545817407496503,4.685714285714288
2024-12-02,208.1,208.6,207.9,208.6,9822,17:25,17:20,True,23714.85714285714,0.41417074287366573,4.585714285714289
2024-12-03,215.6,216.4,215.6,216.3,22631,17:25,17:20,True,23690.571428571428,0.9552745516600939,4.70714285714286
2024-12-04,214.4,215.8,214.3,215.7,61807,17:25,17:20,True,24365.5,2.5366604420184276,4.43214285714286
2024-12-05,216.3,217.7,215.8,216.3,68857,17:25,17:20,True,26633.5,2.585353032834588,4.303571428571431
2024-12-06,218.0,218.5,217.2,218.3,11050,17:25,17:20,True,28699.85714285714,0.3850193380753513,4.275000000000001
2024-12-09,224.4,225.6,224.4,225.0,24636,17:25,17:20,True,28615.14285714286,0.8609427575809012,4.425000000000003
2024-12-10,222.5,223.0,222.1,223.0,11958,17:25,17:20,True,29498.785714285714,0.40537261824336596,4.246428571428573
2024-12-11,222.5,222.9,219.5,221.3,60647,17:25,17:20,True,29707.35714285714,2.0414808260579993,4.3107142857142895
2024-12-12,220.7,221.9,220.7,221.2,56651,17:25,17:20,True,33588.07142857143,1.686640452711741,4.357142857142861
2024-12-13,218.8,219.6,218.8,219.4,18506,17:25,17:20,True,27769.785714285714,0.6664077350254773,4.178571428571431
2024-12-16,218.0,218.0,217.0,217.4,8318,17:25,17:20,True,27775.14285714286,0.29947640747636634,4.1714285714285735
2024-12-17,215.1,215.8,215.1,215.6,14695,17:25,17:20,True,27392.571428571428,0.5364593111792562,3.964285714285716
2024-12-18,216.0,216.0,215.2,215.4,12250,17:25,17:20,True,27211.64285714286,0.45017495137323044,3.9071428571428606
2024-12-19,208.5,209.2,207.7,209.2,36062,17:25,17:20,True,27710.785714285714,1.3013705339076327,3.971428571428573
2024-12-20,205.6,206.9,205.2,206.2,22287,17:25,17:20,True,29849.285714285714,0.7466510325683793,4.157142857142858
2024-12-23,207.3,207.4,205.8,206.3,18187,17:25,17:20,True,30739.64285714286,0.5916464314345133,3.864285714285716
2024-12-27,207.0,207.6,207.0,207.0,10744,17:25,17:20,True,30422.214285714286,0.353162984755031,3.8500000000000005
2024-12-30,208.0,208.1,207.2,207.7,9333,17:25,17:20,True,26774.85714285714,0.34857328837288715,3.8214285714285734
2025-01-02,208.5,210.1,208.4,210.1,30910,17:25,17:20,True,22523.14285714286,1.372366201113775,3.757142857142859
2025-01-03,209.3,209.5,209.2,209.2,3656,17:25,17:20,True,23941.714285714286,0.15270418635734404,3.614285714285714
2025-01-07,211.6,212.5,211.1,212.2,49689,17:25,17:20,True,22443.14285714286,2.2139947295387707,3.5642857142857145
2025-01-08,213.0,213.8,213.0,213.2,13763,17:25,17:20,True,25138.214285714286,0.5474931450409877,3.885714285714286
2025-01-09,212.6,212.7,211.8,211.8,8394,17:25,17:20,True,21789.35714285714,0.3852339444879709,3.8714285714285706
2025-01-10,216.0,217.4,215.8,215.8,10120,17:25,17:20,True,18342.428571428572,0.5517262864397143,4.064285714285715
2025-01-13,211.3,212.0,210.4,210.6,30027,17:25,17:20,True,17743.428571428572,1.6922884931242148,4.378571428571427
2025-01-14,212.6,213.4,212.1,213.2,12812,17:25,17:20,True,19294.071428571428,0.6640381760496378,4.735714285714285
2025-01-15,210.6,211.2,210.5,211.1,5728,17:25,17:20,True,19159.571428571428,0.29896284587337923,4.799999999999999
2025-01-16,217.4,218.5,217.4,217.6,10626,17:25,17:20,True,18693.714285714286,0.5684263618022865,4.949999999999998
2025-01-17,215.4,216.6,215.4,215.6,20306,17:25,17:20,True,16876.85714285714,1.2031861043863956,4.978571428571428
2025-01-20,217.3,217.5,216.7,217.5,8947,17:25,17:20,True,16735.35714285714,0.5346166158048614,5.057142857142858
2025-01-21,220.9,221.3,219.9,220.5,13150,17:25,17:20,True,16075.357142857143,0.8180222612250339,5.164285714285717
2025-01-22,219.0,220.0,217.9,219.2,165215,17:25,17:20,True,16247.214285714286,10.168820149388246,5.121428571428573
2025-01-23,220.0,223.1,220.0,220.5,90520,17:25,17:20,True,27381.64285714286,3.305864460809249,5.2928571428571445
2025-01-24,223.8,224.8,223.8,224.8,16263,17:25,17:20,True,31639.5,0.5140093870004266,5.400000000000004
2025-01-27,221.8,223.3,221.8,223.2,18575,17:25,17:20,True,32540.0,0.5708358942839582,5.628571428571433
2025-01-28,224.4,225.0,223.7,224.5,15876,17:25,17:20,True,30317.571428571428,0.5236567195827031,5.278571428571433
2025-01-29,224.4,225.4,224.4,225.2,10318,17:25,17:20,True,30468.5,0.3386448299062967,5.300000000000005
2025-01-30,226.0,226.3,225.6,225.9,12349,17:25,17:20,True,30605.928571428572,0.4034839188485891,5.342857142857146
2025-01-31,230.4,232.0,221.5,225.1,237596,17:25,17:20,True,30765.14285714286,7.722896041902709,5.092857142857146
2025-02-03,217.3,217.5,215.5,216.2,107531,17:25,17:20,True,45591.5,2.358575611682002,5.20714285714286
2025-02-04,218.4,219.6,216.8,217.2,54786,17:25,17:20,True,52357.142857142855,1.0463901773533424,5.714285714285716
2025-02-05,216.9,217.0,216.3,216.4,18612,17:25,17:20,True,55861.28571428572,0.3331824493835495,5.528571428571431
2025-02-06,215.2,216.2,215.2,216.0,37325,17:25,17:20,True,56431.71428571428,0.6614188576838759,5.55714285714286
2025-02-07,221.4,221.5,220.7,221.2,8700,17:25,17:20,True,57647.357142857145,0.15091758635942917,5.750000000000002
2025-02-10,218.0,218.6,217.9,218.1,14897,17:25,17:20,True,57629.71428571428,0.2584951215642724,5.799999999999999
2025-02-11,219.4,219.7,218.8,219.1,16574,17:25,17:20,True,57754.5,0.28697330943909133,5.835714285714287
2025-02-12,220.9,221.3,220.7,220.9,32113,17:25,17:20,True,47137.28571428572,0.6812653616639541,5.6642857142857155
2025-02-13,225.4,227.4,225.3,226.8,32175,17:25,17:20,True,42965.357142857145,0.7488591306949951,5.642857142857143
2025-02-14,233.3,233.8,232.9,233.7,51011,17:25,17:20,True,44101.92857142857,1.1566614352789883,5.8500000000000005
2025-02-17,231.3,231.5,230.6,230.6,12979,17:25,17:20,True,46418.78571428572,0.27960662478091536,5.964285714285714
2025-02-18,235.2,235.7,234.9,235.4,10047,17:25,17:20,True,46211.857142857145,0.21741173415604528,6.0
2025-02-19,237.8,238.1,237.3,237.6,17756,17:25,17:20,True,46192.5,0.38439140553120094,5.821428571428574
2025-02-20,230.1,230.9,230.1,230.8,25020,17:25,17:20,True,46578.71428571428,0.5371552303167296,6.128571428571433
2025-02-21,232.0,232.7,231.7,232.0,78178,17:25,17:20,True,31394.714285714286,2.4901644043810833,5.700000000000005
2025-02-24,232.9,234.2,232.9,233.4,17696,17:25,17:20,True,29298.071428571428,0.603998800506128,5.178571428571432
2025-02-25,230.0,231.1,229.5,231.0,20231,17:25,17:20,True,26648.785714285714,0.7591715516386435,5.114285714285718
2025-02-26,234.0,234.5,232.8,233.4,62797,17:25,17:20,True,26764.428571428572,2.346285848487598,4.992857142857147
2025-02-27,233.0,234.3,232.0,232.6,31593,17:25,17:20,True,28583.85714285714,1.1052742057205116,4.700000000000003
2025-02-28,227.9,229.4,227.9,228.0,55970,17:25,17:20,True,30219.071428571428,1.8521416229580658,4.728571428571432
2025-03-03,232.3,233.0,232.3,233.0,24974,17:25,17:20,True,33152.857142857145,0.7532985737062093,4.857142857142859
2025-03-04,229.6,230.0,228.5,228.5,52099,17:25,17:20,True,33752.857142857145,1.5435434037330171,5.142857142857145
2025-03-05,225.8,227.0,224.95,226.3,48338,17:25,17:20,True,35180.42857142857,1.3740025907261748,5.885714285714288
2025-03-06,236.0,237.1,235.7,236.2,54917,17:25,17:20,True,36334.92857142857,1.511410704772464,6.1642857142857155
2025-03-07,239.0,239.1,238.0,238.4,27883,17:25,17:20,True,36613.92857142857,0.76154078756133,6.421428571428572
2025-03-10,238.3,239.9,237.7,238.6,36837,17:25,17:20,True,37678.5,0.9776663083721485,6.492857142857143
2025-03-11,236.6,236.8,234.3,234.4,78793,17:25,17:20,True,39592.07142857143,1.9901206771196975,6.7285714285714295
2025-03-12,230.3,230.9,229.7,230.3,25628,17:25,17:20,True,43951.857142857145,0.5830925395643934,6.964285714285714
2025-03-13,227.2,227.7,226.0,226.0,42037,17:25,17:20,True,43995.28571428572,0.9554887374296596,6.992857142857143
2025-03-14,227.3,227.5,226.8,227.0,9449,17:25,17:20,True,41413.78571428572,0.22816074012621745,7.092857142857143
2025-03-17,230.8,231.1,230.5,230.7,15768,17:25,17:20,True,40824.71428571428,0.38623662837286943,7.278571428571429
2025-03-18,231.7,233.5,231.7,233.3,29304,17:25,17:20,True,40505.92857142857,0.7234496537543886,7.242857142857143
2025-03-19,230.2,230.8,230.1,230.4,25831,17:25,17:20,True,38113.57142857143,0.677737588785397,7.207142857142857
2025-03-20,223.3,223.4,222.1,222.7,30838,17:25,17:20,True,37702.0,0.8179406928014429,7.442857142857144
2025-03-21,219.7,220.9,219.7,220.0,41363,17:25,17:20,True,35906.857142857145,1.1519526711969061,7.421428571428572
2025-03-24,220.6,221.4,219.5,220.4,76011,17:25,17:20,True,37077.5,2.050057312386218,7.278571428571429
2025-03-25,217.3,218.0,216.4,216.6,52248,17:25,17:20,True,38785.5,1.3471013652009127,6.485714285714285
2025-03-26,219.7,219.7,218.9,219.3,8304,17:25,17:20,True,39064.78571428572,0.21256996162053143,5.935714285714285
2025-03-27,212.5,213.7,212.0,212.1,52308,17:25,17:20,True,35735.28571428572,1.4637633071753808,5.614285714285714
2025-03-28,210.0,210.8,209.8,209.8,41709,17:25,17:20,True,37479.92857142857,1.1128356320239976,5.535714285714287
2025-03-31,204.7,205.0,202.9,203.2,51424,17:25,17:20,True,37827.92857142857,1.359418872299567,5.435714285714288
2025-04-01,203.8,204.0,203.3,203.6,39536,17:25,17:20,True,35873.0,1.1021102221726646,5.071428571428574
2025-04-02,193.0,194.15,192.9,193.4,86003,17:25,17:20,True,36866.42857142857,2.332827000949373,5.0428571428571445
2025-04-03,187.05,188.2,186.4,186.6,99140,17:25,17:20,True,40006.857142857145,2.4780751871107807,5.532142857142858
2025-04-04,181.7,182.95,180.25,180.7,74775,17:25,17:20,True,46413.357142857145,1.6110663956034823,6.010714285714288
2025-04-07,157.7,160.4,157.7,158.8,71378,17:25,17:20,True,50628.142857142855,1.4098482774967058,6.721428571428571
2025-04-08,169.5,170.5,168.85,169.6,86563,17:25,17:20,True,53633.42857142857,1.6139747598779013,7.742857142857143
2025-04-09,160.6,163.95,160.5,163.1,108710,17:25,17:20,True,57971.42857142857,1.8752341054706751,7.6678571428571445
2025-04-10,187.25,187.25,182.85,185.15,171212,17:25,17:20,True,63533.71428571428,2.694821197294575,7.882142857142859
2025-04-11,174.15,174.15,172.4,172.5,73779,17:25,17:20,True,72808.64285714286,1.0133274993843941,9.250000000000002
2025-04-14,176.6,176.6,174.75,176.1,36776,17:25,17:20,True,72649.21428571429,0.506213320564867,9.575000000000003
2025-04-15,177.95,178.7,177.4,178.7,55874,17:25,17:20,True,71544.07142857143,0.7809731663899474,9.721428571428573
2025-04-16,176.15,176.65,175.15,175.3,40125,17:25,17:20,True,74941.92857142857,0.5354145638480081,9.60714285714286
2025-04-22,174.85,174.85,173.7,174.15,45788,17:25,17:20,True,74071.71428571429,0.6181576927379258,9.72857142857143
2025-04-23,177.65,179.75,177.15,178.4,48048,17:25,17:20,True,74363.07142857143,0.6461271579691532,9.6
2025-04-24,179.85,179.85,178.55,179.05,20227,17:25,17:20,True,74121.92857142857,0.2728882044739026,9.810714285714285
2025-04-25,185.65,186.9,184.4,184.65,121107,17:25,17:20,True,72742.71428571429,1.664867762898199,9.942857142857141
2025-04-28,186.85,188.45,186.65,187.4,69851,17:25,17:20,True,75250.14285714286,0.9282507294717998,9.75
2025-04-29,190.1,190.6,188.5,189.35,32286,17:25,17:20,True,73158.07142857143,0.4413183585836149,9.232142857142856
2025-05-02,192.8,195.7,192.0,193.35,88547,17:25,17:20,True,70123.14285714286,1.2627357587264854,8.639285714285714
2025-05-05,191.25,191.45,190.25,190.45,28744,17:25,17:20,True,71349.5,0.40286196819879605,8.042857142857141
2025-05-06,191.2,191.9,191.0,191.5,17107,17:25,17:20,True,67219.57142857143,0.254494333070513,7.707142857142854
2025-05-07,189.2,189.45,188.55,189.15,23214,17:25,17:20,True,60676.5,0.3825863390274653,7.5035714285714255
2025-05-08,194.0,195.25,193.75,193.75,23587,17:25,17:20,True,50105.21428571428,0.4707494087441712,6.221428571428567
2025-05-09,196.05,196.7,196.05,196.45,12755,17:25,17:20,True,46520.07142857143,0.274182726042983,5.835714285714281
2025-05-12,201.3,205.5,201.3,205.4,61896,17:25,17:20,True,44804.28571428572,1.3814749864490004,5.521428571428568
2025-05-13,210.2,210.4,208.8,209.3,34491,17:20,17:20,True,45234.42857142857,0.7624944337593679,6.367857142857139
2025-05-14,210.6,211.5,210.3,210.3,26941,17:25,17:20,True,44832.0,0.6009323697359029,6.103571428571423
2025-05-15,207.9,208.7,207.8,208.0,14736,17:25,17:20,True,43485.78571428572,0.3388693513972546,6.146428571428566
2025-05-16,209.2,209.7,209.1,209.5,22842,17:25,17:20,True,41106.357142857145,0.5556804734756007,5.7428571428571376
2025-05-19,205.8,206.9,205.7,206.5,23735,17:25,17:20,True,41293.142857142855,0.5747927708509196,5.63928571428571
2025-05-20,208.3,208.9,207.3,207.8,54904,17:25,17:20,True,34338.0,1.59892830100763,5.178571428571423
2025-05-21,210.3,210.3,209.5,210.2,24222,17:25,17:20,True,33270.357142857145,0.7280354670073101,5.1178571428571376
2025-05-22,208.6,208.9,208.5,208.7,12573,17:25,17:20,True,32694.35714285714,0.3845617745307731,5.071428571428565
2025-05-23,205.8,207.1,205.8,207.0,5945,17:25,17:20,True,27267.64285714286,0.21802397923231878,4.7964285714285655
2025-05-26,206.0,206.5,205.7,206.1,24252,17:25,17:20,True,25639.14285714286,0.9458974558989045,5.321428571428565
2025-05-27,205.5,205.5,204.9,205.4,20879,17:25,17:20,True,26149.5,0.7984473890514159,5.360714285714279
2025-05-30,209.3,209.4,207.5,207.8,51048,17:25,17:20,True,25982.714285714286,1.964690810923746,5.210714285714279
2025-06-02,208.6,209.0,208.2,209.0,27881,17:25,17:20,True,27944.214285714286,0.9977378399310872,5.471428571428565
2025-06-03,210.0,210.4,209.5,210.4,15074,17:25,17:20,True,29024.64285714286,0.5193517823524345,5.6178571428571376
2025-06-04,209.7,210.4,209.2,210.2,20904,17:25,17:20,True,25680.214285714286,0.8140118990996403,4.892857142857137
2025-06-05,212.3,213.9,212.3,213.6,13598,17:25,17:20,True,24709.714285714286,0.5503098839091624,4.9785714285714215
2025-06-09,213.4,214.5,213.2,214.2,35169,17:25,17:20,True,23756.64285714286,1.4803859371664465,4.907142857142852
2025-06-10,211.8,213.0,211.8,212.9,9935,17:25,17:20,True,25216.14285714286,0.39399364352767213,4.914285714285709
2025-06-11,213.6,214.7,213.3,214.5,15988,17:25,17:20,True,24294.214285714286,0.6580990770877252,4.757142857142851
2025-06-12,210.9,211.6,210.4,211.0,19330,17:25,17:20,True,23740.85714285714,0.814208176380682,4.749999999999994
2025-06-13,206.8,208.2,206.7,208.0,34847,17:25,17:20,True,21199.85714285714,1.6437374914925305,4.778571428571425
2025-06-16,206.9,208.4,206.9,208.1,41522,17:25,17:20,True,21958.785714285714,1.8909060154900577,4.849999999999996
2025-06-17,208.3,209.2,208.2,208.6,9376,17:25,17:20,True,24026.571428571428,0.3902346211932028,4.685714285714283
2025-06-18,210.1,210.8,210.1,210.6,12142,17:25,17:20,True,24271.64285714286,0.5002545592593355,4.221428571428571
2025-06-19,207.3,208.9,207.3,208.6,12817,17:25,17:20,True,23406.64285714286,0.547579594315411,4.157142857142858
2025-06-23,207.7,209.2,207.5,207.6,64304,17:25,17:20,True,22830.785714285714,2.8165478317184505,4.071428571428574
2025-06-24,212.4,214.9,212.4,214.8,36336,17:25,17:20,True,23777.64285714286,1.5281582038349348,3.9142857142857173
2025-06-25,212.3,212.3,211.8,212.1,5867,17:25,17:20,True,24381.571428571428,0.24063256206385386,4.15714285714286
2025-06-26,211.8,212.3,211.8,211.9,10226,17:25,17:20,True,23723.928571428572,0.43104159453234375,4.000000000000002
2025-06-27,217.7,217.7,216.6,217.4,21496,17:25,17:20,True,22961.214285714286,0.9361874216458188,3.9357142857142895
2025-06-30,220.9,221.0,219.7,220.0,12828,17:25,17:20,True,23525.35714285714,0.5452839641116729,4.135714285714286
2025-07-01,216.8,216.9,216.5,216.9,53816,17:25,17:20,True,21929.571428571428,2.4540379266092103,4.235714285714287
2025-07-02,217.8,217.8,217.2,217.5,9275,17:25,17:20,True,25063.928571428572,0.3700537197737215,4.278571428571431
2025-07-03,221.2,221.2,219.9,220.3,11406,17:25,17:20,True,24584.428571428572,0.4639522113300521,4.4214285714285735
2025-07-04,217.9,218.0,217.5,217.6,8518,17:25,17:20,True,24018.428571428572,0.3546443504689851,4.25
2025-07-07,215.5,215.6,214.9,214.9,7157,17:25,17:20,True,22137.785714285714,0.32329339945600444,4.092857142857143
2025-07-08,215.7,215.7,214.7,214.9,13564,17:25,17:20,True,19683.14285714286,0.689117591557678,3.9928571428571433
2025-07-09,218.0,218.4,217.2,217.3,6395,17:25,17:20,True,19982.285714285714,0.32003345820583945,3.907142857142856
2025-07-10,221.1,221.5,220.8,221.5,3445,17:25,17:20,True,19571.785714285714,0.17601868579040528,3.9857142857142844
2025-07-11,225.8,225.9,225.1,225.6,18853,17:25,17:20,True,18902.35714285714,0.997388836615237,4.235714285714285
2025-07-14,220.8,221.6,220.8,221.2,14898,17:25,17:20,True,15655.857142857143,0.9515927402797675,4.185714285714283
2025-07-15,222.8,224.1,222.8,224.1,7346,17:25,17:20,True,14124.57142857143,0.520086576583866,3.7714285714285682
2025-07-16,221.0,221.8,220.4,220.8,18361,17:25,17:20,True,14230.214285714286,1.2902827484778363,3.8285714285714283
2025-07-17,224.6,225.7,223.9,225.6,22999,17:25,17:20,True,14811.285714285714,1.5528023997145035,4.078571428571428
2025-07-18,237.0,238.5,234.6,238.5,140197,17:25,17:20,True,14918.642857142857,9.397436572648795,4.107142857142859
2025-07-21,233.2,233.2,231.3,231.5,38683,17:25,17:20,True,24016.428571428572,1.610689111620022,4.642857142857145
2025-07-22,234.0,234.0,233.0,233.3,9146,17:25,17:20,True,22935.5,0.398770464999673,4.735714285714287
2025-07-23,233.6,233.7,232.4,233.7,25865,17:25,17:20,True,22926.285714285714,1.1281810024675358,4.778571428571429
2025-07-24,240.0,240.0,237.5,237.5,60243,17:25,17:20,True,23959.071428571428,2.514412972122101,5.057142857142858
2025-07-25,236.8,236.8,236.0,236.1,9249,17:25,17:20,True,27653.714285714286,0.33445778402281273,5.064285714285715
2025-07-28,240.8,240.8,239.3,239.3,56684,17:25,17:20,True,27803.14285714286,2.0387623187512203,5.1000000000000005
2025-07-29,234.5,234.8,234.1,234.1,5984,17:25,17:20,True,30883.14285714286,0.19376266294141048,5.485714285714287
2025-07-30,232.1,232.7,231.7,231.9,26845,17:25,17:20,True,30853.785714285714,0.870071512409915,5.3500000000000005
2025-07-31,228.8,229.5,228.6,228.7,54448,17:25,17:20,True,32525.214285714286,1.6740243283782033,5.528571428571429
2025-08-01,227.0,227.0,225.6,226.0,24506,17:25,17:20,True,35067.71428571428,0.6988194269046825,5.514285714285715
2025-08-04,223.7,223.9,223.0,223.6,13051,17:25,17:20,True,35754.0,0.36502209542988195,5.82857142857143
2025-08-05,225.3,226.8,225.3,226.8,22088,17:25,17:20,True,36161.5,0.6108153699376409,5.721428571428571
2025-08-06,230.0,230.3,229.6,229.7,13153,17:25,17:20,True,36427.71428571428,0.3610712408919426,5.607142857142857
2025-08-07,229.1,230.2,229.1,230.2,9394,17:25,17:20,True,35724.42857142857,0.2629573201210856,5.421428571428572
2025-08-08,234.2,235.0,234.0,235.0,4883,17:25,17:20,True,26381.35714285714,0.1850928279981264,5.021428571428572
2025-08-11,235.8,236.0,235.5,235.5,7669,17:25,17:20,True,23967.071428571428,0.3199806877889009,4.82857142857143
2025-08-12,233.1,234.9,233.1,234.4,17745,17:25,17:20,True,23861.571428571428,0.743664349731487,4.714285714285716
2025-08-13,236.8,236.8,236.2,236.5,7531,17:25,17:20,True,23281.571428571428,0.32347472863270155,4.442857142857146
2025-08-14,235.1,235.8,235.0,235.1,8039,17:25,17:20,True,19516.428571428572,0.4119093803755078,4.364285714285718
2025-08-15,236.9,237.5,236.9,237.5,16703,17:25,17:20,True,19430.0,0.859650025733402,4.271428571428577
2025-08-18,235.6,236.6,235.0,235.1,15159,17:25,17:20,True,16574.214285714286,0.9146134916975164,3.950000000000005
2025-08-19,235.5,236.7,235.4,236.5,14028,17:25,17:20,True,17229.571428571428,0.81418159808303,3.942857142857148
2025-08-20,239.4,239.4,238.4,238.8,23278,17:25,17:20,True,16314.07142857143,1.4268663774042565,3.86428571428572
2025-08-21,240.1,240.4,239.9,240.2,10170,17:25,17:20,True,14087.642857142857,0.7219092720570713,3.835714285714291
2025-08-22,238.5,239.4,238.5,239.3,10125,17:25,17:20,True,13063.642857142857,0.7750518068138946,3.6000000000000045
2025-08-25,246.0,246.6,245.2,246.4,23224,17:25,17:20,True,12854.642857142857,1.806662406579057,4.035714285714292
2025-08-26,244.4,244.8,244.0,244.6,16857,17:25,17:20,True,12935.785714285714,1.3031291931021916,3.8500000000000045
2025-08-27,245.0,245.7,245.0,245.1,11317,17:25,17:20,True,13200.357142857143,0.8573252888179432,3.82857142857143
2025-08-28,244.8,245.6,244.8,245.6,11461,17:25,17:20,True,13337.714285714286,0.8592926609828199,3.550000000000001
2025-08-29,245.0,245.0,243.4,243.8,22150,17:25,17:20,True,13807.57142857143,1.6041923168447951,3.614285714285716
2025-09-01,243.0,244.6,243.0,244.4,15875,17:25,17:20,True,14841.92857142857,1.0696049319736076,3.614285714285716
2025-09-02,242.8,243.0,242.4,242.6,7310,17:25,17:20,True,14708.357142857143,0.49699636261212043,3.6714285714285717
2025-09-03,237.7,239.4,237.7,239.3,14499,17:25,17:20,True,14692.57142857143,0.9868252177971375,3.9642857142857144
2025-09-04,238.7,239.4,238.1,239.1,8207,17:25,17:20,True,15154.0,0.5415731819981523,4.164285714285713
2025-09-05,239.8,240.3,239.7,240.3,13689,17:25,17:20,True,14547.142857142857,0.941009525680055,4.178571428571426
2025-09-08,240.2,241.0,240.1,240.6,33493,17:25,17:20,True,14442.142857142857,2.319115683268213,4.228571428571428
2025-09-09,241.0,242.2,240.9,241.5,15225,17:25,17:20,True,15832.5,0.9616295594504974,3.892857142857141
2025-09-10,239.0,239.7,238.8,238.8,11439,17:25,17:20,True,15257.285714285714,0.7497401709721819,3.999999999999996
2025-09-11,234.7,235.5,233.0,233.0,18627,17:25,17:20,True,15347.92857142857,1.2136491197043808,4.3142857142857105
2025-09-12,234.0,235.0,233.4,234.0,29236,17:25,17:20,True,15955.214285714286,1.832379025217909,3.9857142857142804
2025-09-15,235.3,236.1,235.3,235.3,7889,17:25,17:20,True,16384.64285714286,0.48148745558776723,3.9857142857142804
2025-09-16,233.7,234.1,233.2,233.7,19485,17:25,17:20,True,15744.07142857143,1.2376087143913581,4.3285714285714265
2025-09-17,233.0,233.9,233.0,233.4,7367,17:25,17:20,True,16327.5,0.45120195988363193,4.335714285714283
2025-09-18,234.0,235.7,234.0,235.3,56181,17:25,17:20,True,16035.07142857143,3.503632662333902,4.285714285714282
2025-09-19,235.0,236.4,234.8,235.8,35501,17:25,17:20,True,18465.85714285714,1.922521100718701,4.292857142857138
2025-09-22,236.3,236.6,235.8,236.6,22494,17:25,17:20,True,19867.714285714286,1.1321886190085853,4.292857142857138
2025-09-23,236.5,236.9,236.1,236.8,7883,17:25,17:20,True,20952.285714285714,0.3762358010718231,4.01428571428571
2025-09-24,235.5,236.2,232.4,233.2,32519,17:25,17:20,True,20479.714285714286,1.587863948994824,3.949999999999995
2025-09-25,236.0,236.4,232.9,233.2,126666,17:25,17:20,True,22216.285714285714,5.70149311316023,4.278571428571423
2025-09-26,231.2,232.6,231.2,231.9,14711,17:25,17:20,True,30286.071428571428,0.4857348380325704,4.499999999999994
2025-09-29,232.6,233.3,232.5,233.1,38035,17:25,17:20,True,28944.5,1.3140665756879546,4.521428571428566
2025-09-30,231.5,231.8,231.3,231.6,7369,17:25,17:20,True,30573.785714285714,0.2410234724892707,4.378571428571424
2025-10-01,232.2,233.0,231.7,232.9,18547,17:25,17:20,True,30283.071428571428,0.6124543887084486,4.007142857142851
2025-10-02,236.7,238.3,235.9,238.0,18795,17:25,17:20,True,30277.35714285714,0.6207609175173339,4.078571428571424
2025-10-03,238.9,239.6,238.8,239.3,19547,17:25,17:20,True,29531.571428571428,0.6619017903357666,4.19285714285714
2025-10-06,239.8,239.8,238.8,239.0,17501,17:25,17:20,True,30364.285714285714,0.5763679134321337,3.7857142857142816
2025-10-07,243.0,243.0,242.0,242.2,26978,17:25,17:20,True,30222.571428571428,0.8926440975997126,3.9571428571428533
2025-10-08,240.4,241.3,240.0,240.6,20238,17:25,17:20,True,31623.35714285714,0.6399700040882982,4.04285714285714
2025-10-09,240.3,241.1,240.3,240.8,8358,17:25,17:20,True,29056.0,0.2876514317180617,3.964285714285712
2025-10-10,240.2,240.9,240.1,240.7,7970,17:25,17:20,True,27117.214285714286,0.293909245840149,3.8499999999999983
2025-10-13,239.7,239.8,238.1,238.8,28463,17:25,17:20,True,26079.785714285714,1.09138166669862,4.107142857142855
2025-10-14,234.2,234.5,232.7,232.8,48033,17:25,17:20,True,27549.785714285714,1.7434981345460296,4.285714285714286
2025-10-15,237.0,237.5,236.1,236.5,28225,17:25,17:20,True,28657.928571428572,0.9848932357288309,4.021428571428572
2025-10-16,234.0,234.1,233.1,233.1,11825,17:25,17:20,True,21626.428571428572,0.5467846880470324,3.8714285714285728
2025-10-17,232.5,233.0,231.6,232.6,47481,17:25,17:20,True,21420.285714285714,2.2166370996785423,3.914285714285715
2025-10-20,236.0,236.1,235.7,235.7,10678,17:25,17:20,True,22095.0,0.4832767594478389,4.085714285714289
2025-10-21,239.0,239.0,237.9,238.2,19317,17:25,17:20,True,22331.35714285714,0.8650168405093415,4.492857142857147
2025-10-22,240.3,240.4,239.0,239.2,9412,17:25,17:20,True,22386.35714285714,0.4204346397199825,4.428571428571432
2025-10-23,241.0,241.7,240.6,240.9,11261,17:25,17:20,True,21716.14285714286,0.5185543341687882,4.335714285714289
2025-10-24,243.8,244.8,243.8,244.8,12586,17:25,17:20,True,21124.285714285714,0.5958071278825996,4.364285714285718
2025-10-27,254.2,255.4,253.0,253.9,127354,17:25,17:20,True,20773.214285714286,6.130683400670506,4.450000000000005
2025-10-28,252.3,252.5,251.6,252.4,27201,17:25,17:20,True,27942.928571428572,0.9734484318802865,4.650000000000004
2025-10-29,243.1,246.8,240.8,246.5,149709,17:25,17:20,True,28440.285714285714,5.2639766528365195,4.778571428571433
2025-10-30,246.1,247.2,246.1,246.8,26812,17:25,17:20,True,38536.78571428572,0.6957508132304013,5.678571428571432
2025-11-03,245.1,245.2,243.6,244.2,21541,17:25,17:20,True,39882.642857142855,0.5401096431136352,5.542857142857146
2025-11-04,246.1,246.1,244.9,245.2,28210,17:25,17:20,True,39388.21428571428,0.7162040857036641,5.607142857142859
2025-11-05,245.5,246.3,245.3,246.2,21093,17:25,17:20,True,37972.28571428572,0.5554840748515835,5.628571428571429
2025-11-06,256.6,257.0,256.1,256.7,27458,17:25,17:20,True,37462.857142857145,0.7329392922513728,6.0857142857142845
2025-11-07,256.6,257.6,256.4,257.0,31895,17:25,17:20,True,38579.5,0.826734405578092,6.135714285714286
2025-11-10,257.8,258.7,257.5,257.7,93987,17:25,17:20,True,37466.21428571428,2.5085801112240174,6.157142857142858
2025-11-11,250.0,252.3,246.5,246.8,228029,17:25,17:20,True,43416.857142857145,5.252084443830244,5.885714285714286
2025-11-12,242.3,242.9,241.5,242.2,118119,17:25,17:20,True,58324.857142857145,2.025191415568956,7.321428571428571
2025-11-13,239.6,240.3,238.6,240.0,107602,17:25,17:20,True,66089.64285714286,1.628121977184668,7.564285714285715
2025-11-14,238.6,238.6,237.9,238.1,33571,17:25,17:20,True,72971.14285714286,0.4600585750139977,7.614285714285714
2025-11-17,239.7,239.7,239.0,239.4,25133,17:25,17:20,True,74470.07142857143,0.3374912836508626,7.442857142857142
2025-11-18,237.0,237.4,235.5,235.5,86867,17:25,17:20,True,67168.57142857143,1.2932685354545066,7.228571428571428
2025-11-19,233.7,234.8,233.7,234.2,18548,17:25,17:20,True,71430.42857142857,0.25966524870353375,7.228571428571428
2025-11-20,239.0,239.6,238.7,239.0,25818,17:25,17:20,True,62061.78571428572,0.41600478785542055,6.557142857142858
2025-11-21,234.0,234.2,233.4,234.0,49471,17:25,17:20,True,61990.78571428572,0.7980379572540158,6.45714285714286
2025-11-24,240.3,241.1,239.7,240.5,41621,17:25,17:20,True,63985.78571428572,0.6504725938015251,6.392857142857145
2025-11-25,241.9,241.9,241.4,241.4,9158,17:25,17:20,True,64943.71428571428,0.14101441687967164,6.335714285714289
2025-11-26,245.0,245.0,244.1,244.1,22005,17:25,17:20,True,64091.21428571428,0.3433387905852931,5.878571428571432
2025-11-27,246.7,247.3,246.0,246.0,58627,17:25,17:20,True,63701.71428571428,0.9203362995389225,5.7428571428571455
2025-11-28,245.3,245.3,244.7,244.7,9369,17:25,17:20,True,65611.14285714286,0.14279586655576798,5.550000000000002
2025-12-01,246.3,246.3,245.0,245.5,13549,17:25,17:20,True,59567.0,0.2274581563617439,5.342857142857143
2025-12-02,248.0,248.0,247.2,247.2,21557,17:25,17:20,True,44247.0,0.48719687210432344,3.885714285714286
2025-12-03,248.2,249.0,248.2,248.8,14080,17:25,17:20,True,37349.71428571428,0.37697744867048133,3.642857142857143
2025-12-04,248.0,248.2,246.9,247.8,52490,17:25,17:20,True,30669.571428571428,1.7114683236525734,3.692857142857142
2025-12-05,250.6,250.8,250.0,250.2,11679,17:25,17:20,True,32020.928571428572,0.36473020992966654,3.7142857142857144
2025-12-08,250.5,251.0,250.3,250.3,10585,17:25,17:20,True,31059.928571428572,0.3407927991739471,3.614285714285716
2025-12-09,248.1,248.2,246.8,247.9,44506,17:25,17:20,True,25611.214285714286,1.7377543877263586,3.4500000000000006
2025-12-10,247.0,247.4,246.8,246.8,7726,17:25,17:20,True,27465.35714285714,0.281299819252825,3.385714285714286
2025-12-11,248.0,248.0,246.2,246.3,17921,17:25,17:20,True,26173.071428571428,0.6847113854752568,3.442857142857144
2025-12-12,252.0,252.0,251.3,251.8,19592,17:25,17:20,True,23919.5,0.8190806664018897,3.4000000000000017
2025-12-15,249.5,249.5,248.4,249.0,77176,17:25,17:20,True,22346.0,3.453682985769265,3.342857142857144
2025-12-16,240.8,242.0,240.5,241.1,135031,17:25,17:20,True,27204.428571428572,4.963566856236642,3.3857142857142883
2025-12-17,238.2,239.0,237.9,237.9,68729,17:25,17:20,True,35277.71428571428,1.948227128417779,3.807142857142858
2025-12-18,237.4,237.6,237.0,237.2,13312,17:25,17:20,True,35999.28571428572,0.3697851147840235,3.9071428571428584
2025-12-19,240.9,241.9,240.7,241.1,16063,17:25,17:20,True,36280.92857142857,0.4427394951696385,4.128571428571429
2025-12-22,242.4,243.0,242.4,243.0,13797,17:25,17:20,True,36460.5,0.3784095116633069,4.057142857142858
2025-12-23,243.3,243.4,242.6,242.9,11750,17:25,17:20,True,35906.21428571428,0.32724140469118956,4.121428571428571
2025-12-29,243.0,243.7,242.3,242.3,16870,17:25,17:20,True,35739.78571428572,0.47202297559542483,3.9571428571428577
2025-12-30,243.9,243.9,243.2,243.5,11889,17:25,17:20,True,33195.5,0.3581509541955988,3.807142857142856
2026-01-02,246.0,246.4,245.3,245.6,116726,17:25,17:20,True,33210.5,3.5147317866337455,3.907142857142856
2026-01-07,245.8,248.2,245.5,248.1,120102,17:25,17:20,True,40792.0,2.944253775250049,4.049999999999999
2026-01-08,246.6,246.7,245.1,245.2,13092,17:25,17:20,True,46191.71428571428,0.2834274545218376,3.992857142857141
2026-01-09,246.2,246.3,245.4,245.9,16000,17:25,17:20,True,46575.0,0.3435319377348363,4.078571428571424
2026-01-12,248.8,249.4,248.6,248.6,23686,17:25,17:20,True,46437.78571428572,0.5100587729512143,4.114285714285712
2026-01-13,248.3,248.5,247.2,247.2,18373,17:25,17:20,True,46730.21428571428,0.3931717472482625,4.021428571428568
2026-01-14,248.0,248.8,248.0,248.3,8639,17:25,17:20,True,42530.0,0.20312720432635786,3.885714285714282
2026-01-15,250.0,251.4,249.8,250.8,142298,17:25,17:20,True,33502.0,4.2474479135574,3.4785714285714255
2026-01-16,254.8,255.0,253.8,253.9,29241,17:25,17:20,True,38756.92857142857,0.7544715507089055,3.607142857142853
2026-01-19,250.0,250.8,248.1,248.3,37933,17:25,17:20,True,39894.71428571428,0.9508277143767704,3.414285714285711
2026-01-20,241.8,242.8,240.7,242.8,159218,17:25,17:20,True,41456.857142857145,3.8405709205439043,3.8142857142857127
2026-01-21,241.9,242.8,241.6,242.5,23658,17:25,17:20,True,51844.07142857143,0.4563299013387672,4.278571428571429
2026-01-22,249.1,249.6,248.5,248.7,27877,17:25,17:20,True,52694.642857142855,0.5290291097631231,4.428571428571429
2026-01-23,249.8,250.05,248.9,249.5,12901,17:25,17:20,True,53480.857142857145,0.24122650026978945,4.6642857142857155
2026-01-26,247.2,247.6,246.6,247.5,32246,17:25,17:20,True,53553.142857142855,0.6021308606671077,4.685714285714285
2026-01-27,252.8,253.7,251.3,253.2,12800,17:25,17:20,True,47518.857142857145,0.2693667476370283,4.8500000000000005
2026-01-28,252.0,253.7,252.0,253.7,21867,17:25,17:20,True,39854.42857142857,0.548671773346572,4.814285714285715
2026-01-29,256.5,256.6,254.5,255.6,35029,17:25,17:20,True,40481.21428571428,0.8653149520853589,4.7428571428571455
2026-01-30,241.0,245.2,241.0,241.6,111864,17:25,17:20,True,41840.42857142857,2.673586380909783,4.821428571428574
2026-02-02,229.9,230.0,228.2,228.3,51879,17:25,17:20,True,48138.857142857145,1.0776948826608739,6.071428571428574
2026-02-03,239.4,239.4,238.2,239.1,41612,17:25,17:20,True,50532.142857142855,0.8234758640186586,6.542857142857146
2026-02-04,235.2,236.6,234.9,236.0,38440,17:25,17:20,True,52887.357142857145,0.726827772773131,7.0071428571428624
2026-02-05,241.3,242.4,241.0,242.4,22537,17:25,17:20,True,45468.92857142857,0.4956571599129704,7.471428571428577
2026-02-06,247.9,248.0,246.9,247.3,15632,17:25,17:20,True,44990.07142857143,0.3474544383602096,7.742857142857149
2026-02-09,251.0,251.0,248.9,249.0,28204,17:25,17:20,True,43397.142857142855,0.6499045361774969,7.650000000000004
2026-02-10,249.3,249.3,248.2,248.9,18881,17:25,17:20,True,34039.0,0.5546872704838568,7.314285714285717
2026-02-11,252.9,253.0,251.5,252.0,7074,17:25,17:20,True,33697.78571428572,0.2099247725051879,7.378571428571432
2026-02-12,256.8,257.3,256.1,256.8,17937,17:25,17:20,True,32211.85714285714,0.5568446401724299,7.385714285714286
2026-02-13,256.9,257.2,254.1,254.4,12454,17:25,17:20,True,32571.571428571428,0.3823579721141574,7.489285714285716
2026-02-16,253.7,254.6,253.5,254.6,8948,17:25,17:20,True,31157.85714285714,0.28718277893675065,7.553571428571429
2026-02-17,254.8,255.4,254.0,255.4,10774,17:25,17:20,True,30882.714285714286,0.3488682989559578,7.567857142857144
2026-02-18,254.8,254.8,254.2,254.6,6288,17:25,17:20,True,30090.35714285714,0.20897060045339633,7.610714285714285
2026-02-19,255.1,255.1,253.8,254.1,15212,17:25,17:20,True,28037.428571428572,0.5425604549021206,7.317857142857142
2026-02-20,256.0,256.6,255.4,255.9,12905,17:25,17:20,True,21133.714285714286,0.6106356802941812,6.310714285714288
2026-02-23,260.7,261.0,258.5,259.55,34500,17:25,17:20,True,18349.85714285714,1.8801236288332335,6.089285714285713
2026-02-24,260.1,261.1,259.7,260.8,11867,17:25,17:20,True,17841.85714285714,0.665121343870353,5.696428571428569
2026-02-25,261.8,263.3,261.5,263.1,11508,17:25,17:20,True,15943.785714285714,0.7217859174868847,5.1678571428571445
2026-02-26,258.3,259.0,257.3,258.2,14609,17:25,17:20,True,15156.0,0.9639086830298231,5.089285714285714
2026-02-27,263.0,265.1,263.0,265.1,13201,17:25,17:20,True,15082.92857142857,0.8752279066683716,5.246428571428573
2026-03-02,253.3,253.7,251.3,252.6,19716,17:25,17:20,True,14011.285714285714,1.4071513779708196,5.382142857142857
2026-03-03,248.6,248.6,246.6,246.7,33857,17:25,17:20,True,14070.92857142857,2.4061667165838383,5.7749999999999995
2026-03-04,243.1,243.1,241.0,242.7,32792,17:25,17:20,True,15984.0,2.0515515515515514,6.1678571428571445
2026-03-05,242.6,243.5,242.0,242.1,12378,17:25,17:20,True,17045.071428571428,0.7261923220369525,6.214285714285714
2026-03-06,240.0,242.9,240.0,242.7,39964,17:25,17:20,True,17039.64285714286,2.345354320806522,6.171428571428572
2026-03-09,229.0,229.0,226.1,227.3,37330,17:25,17:20,True,19255.071428571428,1.9387100244462498,6.621428571428571
2026-03-10,233.9,234.9,233.1,234.7,31931,17:25,17:20,True,21151.928571428572,1.5096022990135989,7.064285714285715
2026-03-11,234.4,234.4,232.7,232.8,12212,17:25,17:20,True,22983.571428571428,0.5313360474873356,7.5857142857142845
2026-03-12,231.3,231.4,230.6,231.0,14633,17:25,17:20,True,22769.285714285714,0.6426639897104496,7.492857142857141
2026-03-13,228.5,228.5,227.6,228.1,5967,17:25,17:20,True,22892.714285714286,0.26065061248432125,7.371428571428573
2026-03-16,222.9,223.4,222.5,222.8,26117,17:25,17:20,True,20854.64285714286,1.252335040158923,7.6642857142857155
2026-03-17,223.2,223.2,221.1,221.3,65019,17:25,17:20,True,21872.5,2.9726368727854613,7.649999999999998
2026-03-18,223.4,225.7,223.4,225.7,14111,17:25,17:20,True,25694.714285714286,0.5491790974241506,7.614285714285714
2026-03-19,219.4,220.0,216.6,217.0,35458,17:25,17:20,True,25659.14285714286,1.3818855991181087,7.435714285714285
2026-03-20,217.0,217.2,216.2,216.6,15590,17:25,17:20,True,27248.928571428572,0.5721325871266235,7.564285714285717
2026-03-23,205.7,207.0,204.8,206.7,51520,17:25,17:20,True,26954.214285714286,1.9113894196242835,7.264285714285715
2026-03-24,215.8,216.3,215.6,215.9,18838,17:25,17:20,True,28215.85714285714,0.6676387644232473,7.442857142857144
2026-03-25,221.0,222.1,221.0,221.8,30281,17:25,17:20,True,27219.14285714286,1.1124891095552498,7.385714285714288
2026-03-26,221.0,221.1,219.8,220.6,28752,17:25,17:20,True,28497.928571428572,1.0089154349564253,7.342857142857146
2026-03-27,219.0,219.7,217.4,218.9,35223,17:25,17:20,True,27697.071428571428,1.2717229000487416,6.885714285714291
2026-03-30,217.5,217.7,216.3,216.5,8943,17:25,17:20,True,27546.571428571428,0.32465020277348494,6.435714285714291
2026-03-31,219.7,220.25,218.9,220.0,15688,17:25,17:20,True,25904.571428571428,0.605607394172016,6.0214285714285785
2026-04-01,231.0,231.8,230.5,231.0,25375,17:25,17:20,True,26152.85714285714,0.9702572786365872,6.250000000000006
2026-04-07,226.4,228.0,226.3,227.1,28030,17:25,17:20,True,26920.14285714286,1.0412277582903933,6.435714285714291
2026-04-08,235.2,235.7,234.0,235.0,50574,17:25,17:20,True,28496.071428571428,1.7747709584027873,6.5071428571428624
2026-04-09,234.4,234.9,233.8,234.6,26095,17:25,17:20,True,30243.0,0.8628442945474986,7.250000000000004
2026-04-10,234.7,235.25,233.4,234.2,23680,17:25,17:20,True,27462.714285714286,0.8622599992717398,7.15714285714286
2026-04-13,236.7,237.1,235.9,236.5,40699,17:25,17:20,True,28146.214285714286,1.4459848698251732,7.292857142857146
2026-04-14,240.6,241.4,240.4,241.2,15058,17:25,17:20,True,28520.571428571428,0.5279697862194707,6.864285714285718
2026-04-15,242.3,242.7,242.0,242.2,14801,17:25,17:20,True,28482.571428571428,0.5196511149675491,6.800000000000005
2026-04-16,239.0,239.4,238.5,239.2,12124,17:25,17:20,True,25859.785714285714,0.46883605819294716,6.278571428571435
2026-04-17,240.5,240.9,239.9,240.2,16613,17:25,17:20,True,25380.214285714286,0.6545650014212421,6.257142857142861
2026-04-20,245.0,245.8,244.0,245.4,43199,17:25,17:20,True,24403.928571428572,1.770165810539872,6.578571428571432
2026-04-21,255.0,255.0,244.5,245.5,193416,17:25,17:20,True,25435.85714285714,7.604068497228322,6.692857142857146
2026-04-22,236.1,238.2,236.1,238.1,66249,17:25,17:20,True,36735.357142857145,1.803412438386529,7.571428571428574
2026-04-23,229.5,230.8,229.1,230.4,26198,17:25,17:20,True,40828.642857142855,0.6416573798856195,7.900000000000001
2026-04-24,231.5,232.3,231.3,232.3,18934,17:25,17:20,True,41579.357142857145,0.4553701957186859,7.785714285714287
2026-04-27,230.6,231.9,230.2,231.9,14652,17:25,17:20,True,41119.28571428572,0.3563291469070822,7.614285714285716
2026-04-28,230.1,230.5,229.6,229.6,10657,17:25,17:20,True,40163.71428571428,0.26533900535664745,7.192857142857144
2026-04-29,229.8,230.8,229.8,230.8,17677,17:25,17:20,True,37312.5,0.47375544388609714,6.471428571428573
2026-05-04,230.0,230.5,229.8,229.8,28058,17:25,17:20,True,36711.21428571428,0.764289619559613,6.450000000000001
2026-05-05,227.8,228.3,226.7,226.9,33339,17:25,17:20,True,37023.92857142857,0.9004717026633354,6.264285714285715
2026-05-06,232.1,232.8,232.0,232.4,19244,17:25,17:20,True,36498.21428571428,0.5272586721463869,6.278571428571429
2026-05-07,244.5,244.6,243.3,243.5,20381,17:25,17:20,True,36797.21428571428,0.5538734492711987,6.792857142857143
2026-05-08,239.0,239.5,238.0,238.9,14535,17:25,17:20,True,37195.78571428572,0.39077007571902345,6.835714285714283
2026-05-11,237.7,237.7,236.4,237.2,11839,17:25,17:20,True,37368.0,0.31682187968315134,6.714285714285713
2026-05-12,234.3,234.3,233.3,233.4,13137,17:25,17:20,True,37027.0,0.35479514948551055,6.299999999999997
2026-05-15,235.0,235.2,234.1,234.1,43556,17:25,17:20,True,34879.71428571428,1.2487487610481738,6.307142857142854
2026-05-18,227.0,227.8,225.8,227.7,130993,17:25,17:20,True,24175.428571428572,5.41843548348973,5.728571428571426
2026-05-19,230.4,231.5,230.4,231.4,16396,17:25,17:20,True,28800.0,0.5693055555555555,5.699999999999995
2026-05-20,230.3,230.3,229.4,230.0,12190,17:25,17:20,True,28099.85714285714,0.43381003462142664,5.724999999999994
2026-05-21,235.0,235.1,233.8,234.9,21120,17:25,17:20,True,27618.14285714286,0.764714706171409,5.874999999999994
2026-05-22,237.0,237.8,236.8,237.2,17857,17:25,17:20,True,28080.14285714286,0.6359298131368888,6.024999999999993
2026-05-25,243.7,244.2,243.3,243.5,31048,17:25,17:20,True,28594.428571428572,1.0858059262293853,6.089285714285708
2026-05-26,245.5,245.8,245.0,245.1,24379,17:25,17:20,True,29549.5,0.8250224200071067,6.346428571428565
2026-05-27,244.1,246.1,244.1,246.1,22534,17:25,17:20,True,29286.714285714286,0.7694273854063519,6.18214285714285
2026-05-28,249.8,249.8,247.5,247.6,19576,17:25,17:20,True,28514.928571428572,0.6865175885313206,6.574999999999993
2026-05-29,245.6,245.6,244.3,245.0,17090,17:25,17:20,True,28538.64285714286,0.5988371656475806,6.303571428571421
2026-06-01,242.5,242.5,241.0,241.7,12821,17:25,17:20,True,28303.571428571428,0.4529817034700316,6.024999999999993
2026-06-02,238.0,240.6,237.8,240.5,37549,17:25,17:20,True,28181.14285714286,1.3324157998256179,6.6035714285714215
2026-06-03,247.7,248.6,246.5,247.9,59787,17:25,17:20,True,30017.571428571428,1.9917334132865037,7.103571428571423
2026-06-04,248.2,248.9,247.8,248.8,13292,17:25,17:20,True,33349.71428571428,0.398564134196909,7.13928571428571
2026-06-05,246.2,246.6,245.4,246.5,6784,17:25,17:20,True,31188.0,0.21751955880466847,6.917857142857138
2026-06-08,242.2,243.0,241.8,242.8,30418,17:25,17:20,True,22315.928571428572,1.3630622585405043,6.582142857142854
2026-06-09,245.4,245.9,245.1,245.8,5403,17:25,17:20,True,23317.5,0.2317143776133805,6.5071428571428545
2026-06-10,240.4,241.1,240.3,241.0,5512,17:25,17:20,True,22832.714285714286,0.2414080048051355,6.3785714285714255
2026-06-11,236.6,236.9,235.6,235.9,12890,17:25,17:20,True,21717.85714285714,0.5935208024995889,6.457142857142854
2026-06-12,240.2,243.4,240.2,242.3,64567,17:25,17:20,True,21363.071428571428,3.022365029105633,6.292857142857138
2026-06-15,245.4,250.4,245.3,249.9,106557,17:25,17:20,True,23757.285714285714,4.485234604722762,6.3142857142857105
2026-06-16,246.5,247.5,246.4,247.5,20719,17:25,17:20,True,29627.14285714286,0.6993249433434592,7.04285714285714
2026-06-17,244.3,244.3,241.6,242.0,30261,17:25,17:20,True,29497.5,1.0258835494533436,6.699999999999998
2026-06-18,244.8,246.0,244.8,245.8,16454,17:25,17:20,True,30260.714285714286,0.5437412958810338,6.457142857142857
2026-06-22,246.1,246.4,243.1,243.3,30779,17:25,17:20,True,30215.285714285714,1.0186565929260025,6.57857142857143
2026-06-23,245.6,247.0,245.0,245.9,43860,17:25,17:20,True,31498.0,1.3924693631341674,6.3142857142857185
2026-06-24,247.7,248.6,247.7,248.0,11378,17:25,17:20,True,31948.785714285714,0.3561324709412162,5.78571428571429
2026-06-25,248.5,250.4,248.5,249.0,14494,17:25,17:20,True,28491.0,0.5087220525780071,5.628571428571432
2026-06-26,251.0,251.8,250.5,251.8,9195,17:25,17:20,True,28576.85714285714,0.32176386486567554,5.628571428571432
2026-06-29,246.5,247.1,246.3,246.6,8934,17:25,17:20,True,28749.071428571428,0.3107578629868791,5.857142857142859
